ts,open,high,low,close,volume,datetime
1770613200000,1.98012,1.98012,1.97,1.97454,2374.91986495,2026-02-09 05:00:00+00:00
1770615000000,1.97829,1.98476,1.97747,1.98254,17489.06209437,2026-02-09 05:30:00+00:00
1770616800000,1.98095,1.98095,1.95313,1.95313,1344.7621,2026-02-09 06:00:00+00:00
1770618600000,1.95297,1.95846,1.95297,1.95846,675.4925735,2026-02-09 06:30:00+00:00
1770620400000,1.95857,1.96199,1.95857,1.96003,3070.76678,2026-02-09 07:00:00+00:00
1770622200000,1.95545,1.95595,1.942,1.94433,1358.81916889,2026-02-09 07:30:00+00:00
1770624000000,1.94727,1.95107,1.93241,1.93284,836.74603592,2026-02-09 08:00:00+00:00
1770625800000,1.93219,1.93219,1.91885,1.92258,58428.93512222,2026-02-09 08:30:00+00:00
1770627600000,1.92383,1.924,1.91402,1.91556,1063.73841437,2026-02-09 09:00:00+00:00
1770629400000,1.91339,1.91411,1.90306,1.90759,54084.85107117,2026-02-09 09:30:00+00:00
1770631200000,1.90901,1.91736,1.89354,1.89424,6806.33024148,2026-02-09 10:00:00+00:00
1770633000000,1.89304,1.89304,1.8744,1.88956,5661.49379945,2026-02-09 10:30:00+00:00
1770634800000,1.89114,1.9037,1.89114,1.9037,5198.93436483,2026-02-09 11:00:00+00:00
1770636600000,1.90349,1.90464,1.894,1.894,2914.70365165,2026-02-09 11:30:00+00:00
1770638400000,1.90202,1.91996,1.90202,1.91387,2643.60906039,2026-02-09 12:00:00+00:00
1770640200000,1.9132,1.92215,1.91,1.91669,8753.58219012,2026-02-09 12:30:00+00:00
1770642000000,1.91528,1.91882,1.91231,1.91241,1502.18495918,2026-02-09 13:00:00+00:00
1770643800000,1.91259,1.91259,1.9,1.9,3799.9823333,2026-02-09 13:30:00+00:00
1770645600000,1.90276,1.91215,1.90144,1.9101,7200.43599498,2026-02-09 14:00:00+00:00
1770647400000,1.90969,1.95312,1.90614,1.94135,26214.6499839,2026-02-09 14:30:00+00:00
1770649200000,1.94382,1.96146,1.93283,1.93284,14907.81856417,2026-02-09 15:00:00+00:00
1770651000000,1.94076,1.96617,1.94076,1.96142,6470.37575571,2026-02-09 15:30:00+00:00
1770652800000,1.96225,1.96819,1.94966,1.9652,8172.84172851,2026-02-09 16:00:00+00:00
1770654600000,1.96418,1.98582,1.95848,1.97218,19242.8817457,2026-02-09 16:30:00+00:00
1770656400000,1.9715,1.9724,1.94839,1.94996,5668.32725516,2026-02-09 17:00:00+00:00
1770658200000,1.95424,1.97564,1.95308,1.96954,23308.66992917,2026-02-09 17:30:00+00:00
1770660000000,1.96858,1.97436,1.94851,1.95569,5636.62919141,2026-02-09 18:00:00+00:00
1770661800000,1.95623,1.95986,1.95206,1.95206,5156.44847245,2026-02-09 18:30:00+00:00
1770663600000,1.95852,1.96444,1.95752,1.95996,12063.0995069,2026-02-09 19:00:00+00:00
1770665400000,1.96115,1.97113,1.96115,1.97113,3656.39936148,2026-02-09 19:30:00+00:00
1770667200000,1.96895,1.97548,1.96136,1.96139,640.35427,2026-02-09 20:00:00+00:00
1770669000000,1.96274,1.97154,1.96096,1.97,4040.73950633,2026-02-09 20:30:00+00:00
1770670800000,1.97483,1.97483,1.96096,1.97178,5107.26162566,2026-02-09 21:00:00+00:00
1770672600000,1.96859,1.97085,1.953,1.96726,12781.03773595,2026-02-09 21:30:00+00:00
1770674400000,1.96423,1.97001,1.96006,1.96504,6406.98806928,2026-02-09 22:00:00+00:00
1770676200000,1.96509,1.96689,1.95768,1.95816,3089.68264281,2026-02-09 22:30:00+00:00
1770678000000,1.95974,1.96502,1.95263,1.95368,2175.82491743,2026-02-09 23:00:00+00:00
1770679800000,1.95406,1.95858,1.94762,1.94955,1960.65597077,2026-02-09 23:30:00+00:00
1770681600000,1.95138,1.95392,1.94822,1.95291,1377.63013722,2026-02-10 00:00:00+00:00
1770683400000,1.95401,1.95445,1.94755,1.95175,3616.70908546,2026-02-10 00:30:00+00:00
1770685200000,1.9508,1.96884,1.9508,1.96884,5822.70165327,2026-02-10 01:00:00+00:00
1770687000000,1.96475,1.969,1.96218,1.96306,2179.97924249,2026-02-10 01:30:00+00:00
1770688800000,1.96246,1.96337,1.95789,1.96337,4529.47974885,2026-02-10 02:00:00+00:00
1770690600000,1.9605,1.96323,1.95697,1.9612,2799.81158331,2026-02-10 02:30:00+00:00
1770692400000,1.9621,1.96653,1.94844,1.94844,6730.95883643,2026-02-10 03:00:00+00:00
1770694200000,1.94801,1.94801,1.93845,1.94497,6016.40290859,2026-02-10 03:30:00+00:00
1770696000000,1.95065,1.96565,1.95065,1.962,2015.39658681,2026-02-10 04:00:00+00:00
1770697800000,1.95959,1.96475,1.95784,1.96405,459.91175,2026-02-10 04:30:00+00:00
1770699600000,1.96236,1.96357,1.95611,1.95611,2635.87455885,2026-02-10 05:00:00+00:00
1770701400000,1.95411,1.96408,1.94817,1.95215,3347.56935526,2026-02-10 05:30:00+00:00
1770703200000,1.9518,1.95498,1.94346,1.94518,1844.6630947,2026-02-10 06:00:00+00:00
1770705000000,1.94346,1.94346,1.91942,1.92276,9687.64492614,2026-02-10 06:30:00+00:00
1770706800000,1.93079,1.93478,1.92625,1.92806,2354.34912138,2026-02-10 07:00:00+00:00
1770708600000,1.93194,1.93384,1.92939,1.93097,2525.37817057,2026-02-10 07:30:00+00:00
1770710400000,1.92769,1.93291,1.92019,1.93291,324.70764328,2026-02-10 08:00:00+00:00
1770712200000,1.93236,1.94141,1.93236,1.94141,1045.41790048,2026-02-10 08:30:00+00:00
1770714000000,1.93963,1.94691,1.93963,1.94356,2115.6916358,2026-02-10 09:00:00+00:00
1770715800000,1.93519,1.93903,1.92349,1.92846,7233.15387425,2026-02-10 09:30:00+00:00
1770717600000,1.92777,1.92796,1.92769,1.92774,40.003,2026-02-10 10:00:00+00:00
1770719400000,1.92947,1.92947,1.92059,1.92124,564.31339,2026-02-10 10:30:00+00:00
1770721200000,1.91725,1.92009,1.91523,1.92009,1585.63425944,2026-02-10 11:00:00+00:00
1770723000000,1.91959,1.92522,1.90845,1.90845,3050.53149502,2026-02-10 11:30:00+00:00
1770724800000,1.91194,1.91577,1.90845,1.91444,9727.46353717,2026-02-10 12:00:00+00:00
1770726600000,1.91739,1.91739,1.90925,1.91186,372.75139446,2026-02-10 12:30:00+00:00
1770728400000,1.91086,1.91412,1.90692,1.91412,5397.66705527,2026-02-10 13:00:00+00:00
1770730200000,1.91312,1.92125,1.91312,1.91726,4220.82172665,2026-02-10 13:30:00+00:00
1770732000000,1.91775,1.93038,1.91327,1.91642,7140.94653773,2026-02-10 14:00:00+00:00
1770733800000,1.91786,1.91933,1.88797,1.90012,9405.06515878,2026-02-10 14:30:00+00:00
1770735600000,1.89411,1.91145,1.89411,1.9077,3307.13831832,2026-02-10 15:00:00+00:00
1770737400000,1.91073,1.91073,1.90262,1.90597,8040.5504476,2026-02-10 15:30:00+00:00
1770739200000,1.90598,1.91752,1.89682,1.91583,13150.73700976,2026-02-10 16:00:00+00:00
1770741000000,1.91414,1.92363,1.91241,1.91992,13619.57778063,2026-02-10 16:30:00+00:00
1770742800000,1.92009,1.92609,1.9144,1.92609,11270.97569545,2026-02-10 17:00:00+00:00
1770744600000,1.923,1.93259,1.9229,1.92665,15715.98047746,2026-02-10 17:30:00+00:00
1770746400000,1.92907,1.9314,1.902,1.90228,4873.98146048,2026-02-10 18:00:00+00:00
1770748200000,1.90201,1.90592,1.89099,1.89999,1392.97773785,2026-02-10 18:30:00+00:00
1770750000000,1.90153,1.90366,1.89513,1.89864,4122.56585526,2026-02-10 19:00:00+00:00
1770751800000,1.90161,1.9095,1.89721,1.89749,7348.37279379,2026-02-10 19:30:00+00:00
1770753600000,1.89794,1.89911,1.89308,1.89308,3703.51375903,2026-02-10 20:00:00+00:00
1770755400000,1.88919,1.90044,1.88707,1.89618,5660.06086768,2026-02-10 20:30:00+00:00
1770757200000,1.89475,1.90072,1.89475,1.89607,7957.74211502,2026-02-10 21:00:00+00:00
1770759000000,1.8923,1.89442,1.8883,1.89095,2018.50263554,2026-02-10 21:30:00+00:00
1770760800000,1.89311,1.89625,1.88928,1.89549,10054.12864319,2026-02-10 22:00:00+00:00
1770762600000,1.89495,1.90222,1.89495,1.89822,619.2803354,2026-02-10 22:30:00+00:00
1770764400000,1.89686,1.89686,1.8929,1.89422,2315.31022883,2026-02-10 23:00:00+00:00
1770766200000,1.89449,1.8994,1.89449,1.89556,3637.6241779,2026-02-10 23:30:00+00:00
1770768000000,1.89687,1.90647,1.89651,1.90343,6334.43514005,2026-02-11 00:00:00+00:00
1770769800000,1.90362,1.91348,1.90226,1.91115,5236.70052466,2026-02-11 00:30:00+00:00
1770771600000,1.90887,1.91208,1.90556,1.90862,920.20048768,2026-02-11 01:00:00+00:00
1770773400000,1.91558,1.91558,1.91,1.91,830.07381391,2026-02-11 01:30:00+00:00
1770775200000,1.91071,1.92157,1.91071,1.92092,5066.7920327,2026-02-11 02:00:00+00:00
1770777000000,1.92157,1.92157,1.90806,1.90883,1865.88212305,2026-02-11 02:30:00+00:00
1770778800000,1.90883,1.90883,1.8885,1.89858,4965.86174058,2026-02-11 03:00:00+00:00
1770780600000,1.8985,1.907,1.89793,1.89818,6265.50104294,2026-02-11 03:30:00+00:00
1770782400000,1.90001,1.90467,1.88983,1.88983,2880.02901714,2026-02-11 04:00:00+00:00
1770784200000,1.88705,1.88782,1.86648,1.87334,30233.6627214,2026-02-11 04:30:00+00:00
1770786000000,1.8728,1.88088,1.87241,1.87241,4866.5665555,2026-02-11 05:00:00+00:00
1770787800000,1.87457,1.87475,1.85971,1.86012,30872.31438715,2026-02-11 05:30:00+00:00
1770789600000,1.86087,1.86191,1.83857,1.85298,14288.76673343,2026-02-11 06:00:00+00:00
1770791400000,1.85449,1.85449,1.83862,1.83911,3581.46322283,2026-02-11 06:30:00+00:00
1770793200000,1.83642,1.84833,1.83624,1.84572,17188.28348403,2026-02-11 07:00:00+00:00
1770795000000,1.84851,1.85274,1.84851,1.85271,5389.75389836,2026-02-11 07:30:00+00:00
1770796800000,1.84801,1.85139,1.84382,1.84618,6827.16398962,2026-02-11 08:00:00+00:00
1770798600000,1.8496,1.85399,1.8496,1.85021,1192.69899079,2026-02-11 08:30:00+00:00
1770800400000,1.84847,1.84847,1.843,1.84326,1621.20071551,2026-02-11 09:00:00+00:00
1770802200000,1.84661,1.848,1.83508,1.8378,466.97672228,2026-02-11 09:30:00+00:00
1770804000000,1.83953,1.84089,1.83617,1.84058,156.24261184,2026-02-11 10:00:00+00:00
1770805800000,1.84218,1.84218,1.83469,1.83469,1684.82669628,2026-02-11 10:30:00+00:00
1770807600000,1.84353,1.86,1.84184,1.86,1529.25537568,2026-02-11 11:00:00+00:00
1770809400000,1.86022,1.86708,1.85649,1.8662,2309.42427117,2026-02-11 11:30:00+00:00
1770811200000,1.86477,1.86716,1.85947,1.86716,2063.56479588,2026-02-11 12:00:00+00:00
1770813000000,1.86306,1.86306,1.85917,1.86108,2166.8517933,2026-02-11 12:30:00+00:00
1770814800000,1.86001,1.86072,1.84867,1.84867,1781.60146671,2026-02-11 13:00:00+00:00
1770816600000,1.85103,1.87459,1.85103,1.86835,11546.14100798,2026-02-11 13:30:00+00:00
1770818400000,1.87872,1.91,1.87689,1.88598,35443.66749012,2026-02-11 14:00:00+00:00
1770820200000,1.88942,1.89241,1.84779,1.85025,15047.14170715,2026-02-11 14:30:00+00:00
1770822000000,1.84442,1.85943,1.82648,1.83688,13942.13958474,2026-02-11 15:00:00+00:00
1770823800000,1.84033,1.85275,1.83363,1.84292,4076.69475858,2026-02-11 15:30:00+00:00
1770825600000,1.84161,1.86282,1.84002,1.84366,20003.16991137,2026-02-11 16:00:00+00:00
1770827400000,1.84498,1.84498,1.82604,1.82608,5761.60028035,2026-02-11 16:30:00+00:00
1770829200000,1.82752,1.86564,1.82443,1.86564,8913.65611698,2026-02-11 17:00:00+00:00
1770831000000,1.86557,1.87,1.85781,1.85971,5376.69502377,2026-02-11 17:30:00+00:00
1770832800000,1.85692,1.87126,1.8469,1.87113,11517.88213866,2026-02-11 18:00:00+00:00
1770834600000,1.86941,1.87145,1.86676,1.86727,13903.46796633,2026-02-11 18:30:00+00:00
1770836400000,1.86743,1.8768,1.86418,1.86454,6998.69637651,2026-02-11 19:00:00+00:00
1770838200000,1.86454,1.87605,1.86112,1.86916,13842.64442292,2026-02-11 19:30:00+00:00
1770840000000,1.86992,1.87908,1.86628,1.86853,3368.97172569,2026-02-11 20:00:00+00:00
1770841800000,1.86579,1.87892,1.86579,1.87314,4229.62814368,2026-02-11 20:30:00+00:00
1770843600000,1.87715,1.88743,1.87382,1.88743,4817.65377219,2026-02-11 21:00:00+00:00
1770845400000,1.8913,1.89809,1.88167,1.88167,3762.51861326,2026-02-11 21:30:00+00:00
1770847200000,1.87825,1.87994,1.86383,1.86678,3964.24915208,2026-02-11 22:00:00+00:00
1770849000000,1.86998,1.8709,1.86273,1.8628,2690.26517113,2026-02-11 22:30:00+00:00
1770850800000,1.86224,1.86224,1.84868,1.85059,9670.47974215,2026-02-11 23:00:00+00:00
1770852600000,1.84967,1.85861,1.84616,1.85843,2550.86144332,2026-02-11 23:30:00+00:00
1770854400000,1.86961,1.87451,1.8668,1.8668,4027.16282349,2026-02-12 00:00:00+00:00
1770856200000,1.86944,1.87834,1.86927,1.87033,4372.80847938,2026-02-12 00:30:00+00:00
1770858000000,1.87401,1.88,1.87381,1.87951,4239.16322754,2026-02-12 01:00:00+00:00
1770859800000,1.87711,1.87943,1.87372,1.87375,5159.67083907,2026-02-12 01:30:00+00:00
1770861600000,1.87215,1.87216,1.86585,1.86769,1775.63541954,2026-02-12 02:00:00+00:00
1770863400000,1.86927,1.87831,1.86804,1.86871,2044.55168783,2026-02-12 02:30:00+00:00
1770865200000,1.87012,1.87039,1.86125,1.86376,8082.88548935,2026-02-12 03:00:00+00:00
1770867000000,1.86229,1.86874,1.86229,1.86711,8258.81522552,2026-02-12 03:30:00+00:00
1770868800000,1.86565,1.86991,1.86565,1.86724,3522.34056976,2026-02-12 04:00:00+00:00
1770870600000,1.86471,1.87401,1.86218,1.8699,4322.11183684,2026-02-12 04:30:00+00:00
1770872400000,1.86776,1.87385,1.86491,1.87051,8958.02874432,2026-02-12 05:00:00+00:00
1770874200000,1.86892,1.87482,1.86892,1.87482,6104.49417266,2026-02-12 05:30:00+00:00
1770876000000,1.87352,1.88266,1.87238,1.88266,376.69732951,2026-02-12 06:00:00+00:00
1770877800000,1.88142,1.8826,1.87757,1.87793,2088.49277261,2026-02-12 06:30:00+00:00
1770879600000,1.87776,1.87996,1.87303,1.87996,1351.57410869,2026-02-12 07:00:00+00:00
1770881400000,1.87741,1.87794,1.87312,1.87794,1662.65107756,2026-02-12 07:30:00+00:00
1770883200000,1.87784,1.8797,1.87501,1.87501,267.91904563,2026-02-12 08:00:00+00:00
1770885000000,1.8737,1.87693,1.87323,1.87693,11729.50902617,2026-02-12 08:30:00+00:00
1770886800000,1.87431,1.88187,1.87339,1.88112,238.62149,2026-02-12 09:00:00+00:00
1770888600000,1.88731,1.89387,1.88578,1.89232,51066.84257186,2026-02-12 09:30:00+00:00
1770890400000,1.89552,1.89552,1.88812,1.88929,52049.33367695,2026-02-12 10:00:00+00:00
1770892200000,1.8915,1.90128,1.8915,1.90128,1367.62869845,2026-02-12 10:30:00+00:00
1770894000000,1.90628,1.90628,1.89192,1.89914,579.06342585,2026-02-12 11:00:00+00:00
1770895800000,1.90843,1.90843,1.9009,1.90315,8866.2423255,2026-02-12 11:30:00+00:00
1770897600000,1.90338,1.90338,1.89507,1.89507,2328.67235489,2026-02-12 12:00:00+00:00
1770899400000,1.89169,1.89572,1.88689,1.88817,12714.31697634,2026-02-12 12:30:00+00:00
1770901200000,1.88907,1.89271,1.88666,1.89104,10778.42152278,2026-02-12 13:00:00+00:00
1770903000000,1.89234,1.9029,1.89231,1.9029,3364.70955658,2026-02-12 13:30:00+00:00
1770904800000,1.89536,1.89536,1.88817,1.8923,7874.41663114,2026-02-12 14:00:00+00:00
1770906600000,1.89127,1.89431,1.87787,1.88798,10391.08567618,2026-02-12 14:30:00+00:00
1770908400000,1.88763,1.89491,1.87155,1.8944,4170.4422087,2026-02-12 15:00:00+00:00
1770910200000,1.89676,1.89676,1.86986,1.86994,3249.3595526,2026-02-12 15:30:00+00:00
1770912000000,1.87246,1.87246,1.84162,1.84322,10750.99014485,2026-02-12 16:00:00+00:00
1770913800000,1.84152,1.85859,1.83932,1.84335,9562.97240603,2026-02-12 16:30:00+00:00
1770915600000,1.84388,1.8633,1.84166,1.8633,5504.91236141,2026-02-12 17:00:00+00:00
1770917400000,1.86312,1.87691,1.85563,1.85563,7987.96764385,2026-02-12 17:30:00+00:00
1770919200000,1.85799,1.85996,1.84187,1.84732,5970.02187503,2026-02-12 18:00:00+00:00
1770921000000,1.84539,1.861,1.84309,1.85838,3809.05070489,2026-02-12 18:30:00+00:00
1770922800000,1.855,1.86946,1.84777,1.86489,2676.20683609,2026-02-12 19:00:00+00:00
1770924600000,1.86455,1.86966,1.85432,1.85432,3171.9937185,2026-02-12 19:30:00+00:00
1770926400000,1.85707,1.85863,1.84617,1.84686,3629.45713993,2026-02-12 20:00:00+00:00
1770928200000,1.8493,1.85246,1.83997,1.84332,2104.61498342,2026-02-12 20:30:00+00:00
1770930000000,1.84371,1.84498,1.83692,1.83692,13113.95034786,2026-02-12 21:00:00+00:00
1770931800000,1.83779,1.84822,1.83709,1.83896,2128.86116872,2026-02-12 21:30:00+00:00
1770933600000,1.8389,1.84869,1.83831,1.84869,4062.7325749,2026-02-12 22:00:00+00:00
1770935400000,1.8472,1.85883,1.8472,1.85644,4195.5336739,2026-02-12 22:30:00+00:00
1770937200000,1.85583,1.86243,1.85583,1.85687,864.06434705,2026-02-12 23:00:00+00:00
1770939000000,1.85544,1.85815,1.85266,1.85423,15340.87526611,2026-02-12 23:30:00+00:00
1770940800000,1.85424,1.85972,1.84914,1.84914,2824.24260914,2026-02-13 00:00:00+00:00
1770942600000,1.84639,1.84639,1.83731,1.84245,1698.03602825,2026-02-13 00:30:00+00:00
1770944400000,1.84192,1.84774,1.838,1.84331,2693.77409278,2026-02-13 01:00:00+00:00
1770946200000,1.84523,1.85361,1.84517,1.84944,2163.66611993,2026-02-13 01:30:00+00:00
1770948000000,1.84877,1.85756,1.84877,1.85756,2444.79065575,2026-02-13 02:00:00+00:00
1770949800000,1.8548,1.86346,1.85177,1.862,6323.69331299,2026-02-13 02:30:00+00:00
1770951600000,1.86071,1.86391,1.858,1.8615,4354.59392857,2026-02-13 03:00:00+00:00
1770953400000,1.865,1.86682,1.85586,1.85586,2728.35692742,2026-02-13 03:30:00+00:00
1770955200000,1.85833,1.86113,1.85271,1.85638,1633.31146982,2026-02-13 04:00:00+00:00
1770957000000,1.85415,1.85415,1.84936,1.85136,3534.2269003,2026-02-13 04:30:00+00:00
1770958800000,1.84978,1.85277,1.84613,1.85139,2260.04725044,2026-02-13 05:00:00+00:00
1770960600000,1.85052,1.85196,1.84683,1.84683,5839.31829,2026-02-13 05:30:00+00:00
1770962400000,1.84546,1.84774,1.84032,1.84069,1183.21431428,2026-02-13 06:00:00+00:00
1770964200000,1.84032,1.84996,1.83806,1.84977,3380.75518829,2026-02-13 06:30:00+00:00
1770966000000,1.84882,1.8542,1.84882,1.85209,1254.58616447,2026-02-13 07:00:00+00:00
1770967800000,1.85115,1.85115,1.8432,1.84376,2487.87576856,2026-02-13 07:30:00+00:00
1770969600000,1.84376,1.85567,1.84376,1.85567,1512.30145333,2026-02-13 08:00:00+00:00
1770971400000,1.85671,1.86164,1.8544,1.86164,272.8182,2026-02-13 08:30:00+00:00
1770973200000,1.85689,1.86364,1.85689,1.86364,1286.92969,2026-02-13 09:00:00+00:00
1770975000000,1.86368,1.86386,1.85791,1.85791,280.90222,2026-02-13 09:30:00+00:00
1770976800000,1.86162,1.86698,1.85759,1.86391,5354.95169567,2026-02-13 10:00:00+00:00
1770978600000,1.86342,1.86595,1.86178,1.86273,437.91250879,2026-02-13 10:30:00+00:00
1770980400000,1.8633,1.8633,1.8595,1.85986,241.09724,2026-02-13 11:00:00+00:00
1770982200000,1.85774,1.86624,1.85449,1.86624,1972.49819037,2026-02-13 11:30:00+00:00
1770984000000,1.86219,1.86219,1.85351,1.85581,932.66307109,2026-02-13 12:00:00+00:00
1770985800000,1.85564,1.86091,1.85463,1.8591,1816.09041333,2026-02-13 12:30:00+00:00
1770987600000,1.85917,1.875,1.85917,1.875,6181.3440927,2026-02-13 13:00:00+00:00
1770989400000,1.8765,1.8817,1.87083,1.8725,4426.59730346,2026-02-13 13:30:00+00:00
1770991200000,1.8725,1.8725,1.86252,1.87211,1289.2757888,2026-02-13 14:00:00+00:00
1770993000000,1.877,1.89509,1.87229,1.88644,9521.41101816,2026-02-13 14:30:00+00:00
1770994800000,1.88723,1.91391,1.88222,1.91391,12062.62037193,2026-02-13 15:00:00+00:00
1770996600000,1.91385,1.93314,1.91202,1.91468,19826.94274501,2026-02-13 15:30:00+00:00
1770998400000,1.91525,1.93301,1.91023,1.92976,24041.95466847,2026-02-13 16:00:00+00:00
1771000200000,1.93333,1.94244,1.92885,1.92885,5012.31269604,2026-02-13 16:30:00+00:00
1771002000000,1.93015,1.93138,1.91527,1.93138,17793.97474098,2026-02-13 17:00:00+00:00
1771003800000,1.93,1.93367,1.92316,1.92456,15112.3136906,2026-02-13 17:30:00+00:00
1771005600000,1.91754,1.92259,1.91513,1.92203,1022.0832,2026-02-13 18:00:00+00:00
1771007400000,1.92202,1.93057,1.92202,1.92433,4231.13862301,2026-02-13 18:30:00+00:00
1771009200000,1.92646,1.93119,1.92241,1.92713,4416.26488217,2026-02-13 19:00:00+00:00
1771011000000,1.91857,1.92605,1.91673,1.92463,20815.38313228,2026-02-13 19:30:00+00:00
1771012800000,1.92312,1.92329,1.9145,1.92039,9976.36681171,2026-02-13 20:00:00+00:00
1771014600000,1.92086,1.92553,1.91826,1.92269,4154.61159728,2026-02-13 20:30:00+00:00
1771016400000,1.92611,1.92807,1.92471,1.92661,1994.24416161,2026-02-13 21:00:00+00:00
1771018200000,1.92499,1.92568,1.91676,1.91922,5839.16364491,2026-02-13 21:30:00+00:00
1771020000000,1.92028,1.92028,1.91089,1.91171,2297.40453624,2026-02-13 22:00:00+00:00
1771021800000,1.90765,1.90946,1.90444,1.90946,7653.36450152,2026-02-13 22:30:00+00:00
1771023600000,1.91063,1.91589,1.91013,1.9114,2794.58568161,2026-02-13 23:00:00+00:00
1771025400000,1.91044,1.91852,1.91033,1.91618,4696.4353421,2026-02-13 23:30:00+00:00
1771027200000,1.91546,1.9184,1.91351,1.91351,2143.54005,2026-02-14 00:00:00+00:00
1771029000000,1.9184,1.92811,1.9184,1.92686,18119.65403212,2026-02-14 00:30:00+00:00
1771030800000,1.92216,1.93141,1.92216,1.9271,1072.18300617,2026-02-14 01:00:00+00:00
1771032600000,1.92916,1.93024,1.92292,1.92292,1576.86104496,2026-02-14 01:30:00+00:00
1771034400000,1.92314,1.92687,1.92081,1.92104,3834.75003308,2026-02-14 02:00:00+00:00
1771036200000,1.9199,1.92535,1.91972,1.92359,2751.58822843,2026-02-14 02:30:00+00:00
1771038000000,1.9225,1.93023,1.9225,1.92745,2636.13262397,2026-02-14 03:00:00+00:00
1771039800000,1.92794,1.93226,1.92794,1.93019,5547.82477041,2026-02-14 03:30:00+00:00
1771041600000,1.92919,1.93474,1.92669,1.93474,4244.27797846,2026-02-14 04:00:00+00:00
1771043400000,1.93439,1.93439,1.92586,1.92586,753.74565287,2026-02-14 04:30:00+00:00
1771045200000,1.92568,1.92856,1.92318,1.92843,1200.52245132,2026-02-14 05:00:00+00:00
1771047000000,1.92755,1.92755,1.92102,1.92102,376.45749717,2026-02-14 05:30:00+00:00
1771048800000,1.92184,1.92357,1.92058,1.92214,854.47471,2026-02-14 06:00:00+00:00
1771050600000,1.92447,1.92773,1.92429,1.92773,305.9154,2026-02-14 06:30:00+00:00
1771052400000,1.9285,1.92909,1.92578,1.92578,541.12213903,2026-02-14 07:00:00+00:00
1771054200000,1.9286,1.93947,1.92793,1.93947,2380.92462306,2026-02-14 07:30:00+00:00
1771056000000,1.93857,1.95423,1.93857,1.95423,3358.51680668,2026-02-14 08:00:00+00:00
1771057800000,1.94927,1.97215,1.94846,1.97142,1626.84952913,2026-02-14 08:30:00+00:00
1771059600000,1.97358,1.98393,1.97166,1.97874,2561.27906461,2026-02-14 09:00:00+00:00
1771061400000,1.98033,1.98757,1.97892,1.97892,1817.07098238,2026-02-14 09:30:00+00:00
1771063200000,1.97788,1.97788,1.96996,1.97441,3631.64686081,2026-02-14 10:00:00+00:00
1771065000000,1.97036,1.97141,1.96585,1.97088,1349.56842808,2026-02-14 10:30:00+00:00
1771066800000,1.97962,2.00336,1.97944,1.99885,3818.01930389,2026-02-14 11:00:00+00:00
1771068600000,1.99567,2.0052,1.99567,2.00495,462.79344,2026-02-14 11:30:00+00:00
1771070400000,2.00429,2.01124,2.00075,2.00239,561.43472294,2026-02-14 12:00:00+00:00
1771072200000,2.00339,2.0034,1.99537,1.99628,5587.37339366,2026-02-14 12:30:00+00:00
1771074000000,1.99602,2.00137,1.98551,1.9857,1613.29877282,2026-02-14 13:00:00+00:00
1771075800000,1.98144,1.99179,1.97993,1.98532,1890.08988056,2026-02-14 13:30:00+00:00
1771077600000,1.98608,1.9931,1.98493,1.99116,10869.69464631,2026-02-14 14:00:00+00:00
1771079400000,1.99338,2.00891,1.99123,2.00672,23474.30141679,2026-02-14 14:30:00+00:00
1771081200000,2.00368,2.00596,1.99933,2.00445,3333.05921858,2026-02-14 15:00:00+00:00
1771083000000,2.00371,2.00374,1.99814,2.00357,4993.93207239,2026-02-14 15:30:00+00:00
1771084800000,2.00244,2.00244,1.98615,1.99203,5097.96775689,2026-02-14 16:00:00+00:00
1771086600000,1.98558,2.00981,1.98523,2.00962,2962.60506364,2026-02-14 16:30:00+00:00
1771088400000,2.00809,2.01723,2.0023,2.01451,6777.84777533,2026-02-14 17:00:00+00:00
1771090200000,2.0145,2.0145,2.00324,2.0066,2392.38346355,2026-02-14 17:30:00+00:00
1771092000000,2.00632,2.01862,2.00632,2.01862,3776.58688168,2026-02-14 18:00:00+00:00
1771093800000,2.01802,2.03034,2.01726,2.02796,3162.59680291,2026-02-14 18:30:00+00:00
1771095600000,2.02593,2.03839,2.02366,2.03839,3236.84688304,2026-02-14 19:00:00+00:00
1771097400000,2.03827,2.04455,2.03609,2.04152,6364.47778867,2026-02-14 19:30:00+00:00
1771099200000,2.04272,2.05632,2.03492,2.03728,7633.56987069,2026-02-14 20:00:00+00:00
1771101000000,2.03126,2.04013,2.03126,2.03622,6272.87943638,2026-02-14 20:30:00+00:00
1771102800000,2.03707,2.04953,2.03659,2.03659,13066.90702948,2026-02-14 21:00:00+00:00
1771104600000,2.03794,2.04417,2.03083,2.04,14803.98927407,2026-02-14 21:30:00+00:00
1771106400000,2.04,2.04804,2.03538,2.04274,5135.1480979,2026-02-14 22:00:00+00:00
1771108200000,2.04072,2.05091,2.04052,2.0467,2338.10230851,2026-02-14 22:30:00+00:00
1771110000000,2.04748,2.06024,2.0447,2.04604,2553.94728537,2026-02-14 23:00:00+00:00
1771111800000,2.0536,2.06045,2.05076,2.06021,4838.60237042,2026-02-14 23:30:00+00:00
1771113600000,2.05698,2.08079,2.05332,2.07268,8491.93407849,2026-02-15 00:00:00+00:00
1771115400000,2.07189,2.08239,2.07,2.07822,1406.00000231,2026-02-15 00:30:00+00:00
1771117200000,2.07273,2.10391,2.07262,2.07774,11001.42270593,2026-02-15 01:00:00+00:00
1771119000000,2.08308,2.08311,2.06311,2.08072,6338.93182763,2026-02-15 01:30:00+00:00
1771120800000,2.08474,2.09172,2.07392,2.08351,3447.08109383,2026-02-15 02:00:00+00:00
1771122600000,2.08082,2.09,2.07077,2.08638,4228.30747472,2026-02-15 02:30:00+00:00
1771124400000,2.08434,2.09118,2.07546,2.07546,4233.79091278,2026-02-15 03:00:00+00:00
1771126200000,2.07527,2.08624,2.05032,2.0808,24576.61752615,2026-02-15 03:30:00+00:00
1771128000000,2.0867,2.11124,2.08515,2.09691,8293.62817797,2026-02-15 04:00:00+00:00
1771129800000,2.11231,2.12671,2.09988,2.10088,12531.52813898,2026-02-15 04:30:00+00:00
1771131600000,2.10687,2.12631,2.10687,2.12631,6590.14640898,2026-02-15 05:00:00+00:00
1771133400000,2.13025,2.16525,2.13007,2.16245,12601.78279544,2026-02-15 05:30:00+00:00
1771135200000,2.15721,2.16166,2.14447,2.15845,21746.17019612,2026-02-15 06:00:00+00:00
1771137000000,2.15831,2.1594,2.14881,2.1539,11358.97110294,2026-02-15 06:30:00+00:00
1771138800000,2.15856,2.18012,2.15856,2.17618,15832.01169799,2026-02-15 07:00:00+00:00
1771140600000,2.17795,2.24686,2.17793,2.24686,20883.57217063,2026-02-15 07:30:00+00:00
1771142400000,2.24954,2.27336,2.23926,2.25056,23933.05048334,2026-02-15 08:00:00+00:00
1771144200000,2.25216,2.25961,2.19836,2.20101,10078.13584032,2026-02-15 08:30:00+00:00
1771146000000,2.20213,2.2071,2.19405,2.19991,4150.80411117,2026-02-15 09:00:00+00:00
1771147800000,2.19899,2.20976,2.16774,2.16774,3403.79868149,2026-02-15 09:30:00+00:00
1771149600000,2.16707,2.17037,2.14948,2.16829,1527.16287623,2026-02-15 10:00:00+00:00
1771151400000,2.16832,2.17468,2.15446,2.16244,3404.22038595,2026-02-15 10:30:00+00:00
1771153200000,2.16338,2.17068,2.16338,2.16381,223.45971,2026-02-15 11:00:00+00:00
1771155000000,2.15189,2.15189,2.12304,2.12869,5991.52700014,2026-02-15 11:30:00+00:00
1771156800000,2.13185,2.13185,2.10929,2.12857,7574.02450916,2026-02-15 12:00:00+00:00
1771158600000,2.127,2.127,2.07425,2.07425,11560.18032486,2026-02-15 12:30:00+00:00
1771160400000,2.07399,2.09848,2.07332,2.07453,27309.68710741,2026-02-15 13:00:00+00:00
1771162200000,2.07821,2.0835,2.06124,2.06704,10851.64579917,2026-02-15 13:30:00+00:00
1771164000000,2.07446,2.07905,2.06444,2.0726,20402.10754565,2026-02-15 14:00:00+00:00
1771165800000,2.07458,2.09492,2.07458,2.08953,11064.12582554,2026-02-15 14:30:00+00:00
1771167600000,2.09501,2.10433,2.07444,2.07444,8789.62945212,2026-02-15 15:00:00+00:00
1771169400000,2.07902,2.08205,2.07502,2.07637,10208.6881446,2026-02-15 15:30:00+00:00
1771171200000,2.07409,2.07586,2.05562,2.07248,23143.9469604,2026-02-15 16:00:00+00:00
1771173000000,2.07157,2.07459,2.0623,2.07459,7811.2516679,2026-02-15 16:30:00+00:00
1771174800000,2.07543,2.07767,2.05701,2.05764,7053.25289946,2026-02-15 17:00:00+00:00
1771176600000,2.05795,2.05935,2.01909,2.03687,29540.24061923,2026-02-15 17:30:00+00:00
1771178400000,2.03547,2.03664,2.01927,2.01927,9462.8628573,2026-02-15 18:00:00+00:00
1771180200000,2.01738,2.01819,1.99667,2.00043,21017.72946786,2026-02-15 18:30:00+00:00
1771182000000,1.99943,2.0025,1.98874,2.00019,4864.34328654,2026-02-15 19:00:00+00:00
1771183800000,1.99726,1.99738,1.97328,1.98208,14507.72673175,2026-02-15 19:30:00+00:00
1771185600000,1.98085,1.98967,1.97,1.98574,7113.28564801,2026-02-15 20:00:00+00:00
1771187400000,1.98408,1.995,1.98408,1.99232,9913.3240438,2026-02-15 20:30:00+00:00
1771189200000,1.99139,2.00572,1.99139,2.00223,5936.64154889,2026-02-15 21:00:00+00:00
1771191000000,2.00525,2.00861,1.99636,2.00595,7835.70149184,2026-02-15 21:30:00+00:00
1771192800000,2.00631,2.01603,2.00133,2.01491,21218.80662842,2026-02-15 22:00:00+00:00
1771194600000,2.01192,2.02827,2.01192,2.023,8462.16652775,2026-02-15 22:30:00+00:00
1771196400000,2.023,2.02357,1.98807,2.00133,11460.81806021,2026-02-15 23:00:00+00:00
1771198200000,2.00441,2.00673,2.00424,2.00481,466.8686612,2026-02-15 23:30:00+00:00
1771200000000,2.00859,2.02362,2.0078,2.0107,2703.49563484,2026-02-16 00:00:00+00:00
1771201800000,2.01889,2.01889,2.00956,2.01349,1335.50908449,2026-02-16 00:30:00+00:00
1771203600000,2.00885,2.01954,2.00168,2.00168,21909.97265515,2026-02-16 01:00:00+00:00
1771205400000,2.00803,2.01045,1.99736,2.0078,6398.37390958,2026-02-16 01:30:00+00:00
1771207200000,2.00706,2.01702,1.998,1.998,4855.42574865,2026-02-16 02:00:00+00:00
1771209000000,1.99449,1.99449,1.98198,1.98198,2309.22148645,2026-02-16 02:30:00+00:00
1771210800000,1.98412,1.98938,1.98226,1.98306,4669.63296545,2026-02-16 03:00:00+00:00
1771212600000,1.98505,1.99103,1.9845,1.99103,2689.78408857,2026-02-16 03:30:00+00:00
1771214400000,1.99833,2.00049,1.99783,2.00036,3641.82456942,2026-02-16 04:00:00+00:00
1771216200000,2.0015,2.00847,1.99562,2.00727,1254.16028948,2026-02-16 04:30:00+00:00
1771218000000,2.00812,2.00851,1.97655,1.97946,3852.9232041,2026-02-16 05:00:00+00:00
1771219800000,1.98342,1.98522,1.975,1.98458,10096.55208497,2026-02-16 05:30:00+00:00
1771221600000,1.98274,1.98806,1.98162,1.98381,4313.02317543,2026-02-16 06:00:00+00:00
1771223400000,1.98796,1.99813,1.98796,1.9951,798.29886769,2026-02-16 06:30:00+00:00
1771225200000,1.99491,2.00096,1.98852,1.9962,1807.39858993,2026-02-16 07:00:00+00:00
1771227000000,1.9961,1.9962,1.98588,1.98748,1248.36179841,2026-02-16 07:30:00+00:00
1771228800000,1.99419,2.0,1.99309,2.0,6402.04512086,2026-02-16 08:00:00+00:00
1771230600000,2.00107,2.0012,1.99631,1.99978,1488.70206177,2026-02-16 08:30:00+00:00
1771232400000,2.00564,2.03839,2.00564,2.0366,8083.22208157,2026-02-16 09:00:00+00:00
1771234200000,2.03776,2.05736,2.03692,2.04649,1800.17175017,2026-02-16 09:30:00+00:00
1771236000000,2.04573,2.04581,2.02476,2.02476,5902.12034025,2026-02-16 10:00:00+00:00
1771237800000,2.02877,2.02877,2.02491,2.02852,847.01292,2026-02-16 10:30:00+00:00
1771239600000,2.03124,2.03124,2.00049,2.01857,11236.5222484,2026-02-16 11:00:00+00:00
1771241400000,2.02183,2.02402,2.01622,2.02309,126.46153575,2026-02-16 11:30:00+00:00
1771243200000,2.02244,2.04289,2.01841,2.04289,5130.05782298,2026-02-16 12:00:00+00:00
1771245000000,2.04085,2.05358,2.03739,2.04917,14622.61175391,2026-02-16 12:30:00+00:00
1771246800000,2.05108,2.06458,2.02459,2.02971,4572.82213293,2026-02-16 13:00:00+00:00
1771248600000,2.03037,2.03847,2.0225,2.02716,6553.08684202,2026-02-16 13:30:00+00:00
1771250400000,2.02662,2.04531,2.02411,2.02411,9354.14456413,2026-02-16 14:00:00+00:00
1771252200000,2.03293,2.05501,2.0326,2.03825,5879.43484026,2026-02-16 14:30:00+00:00
1771254000000,2.03683,2.04558,2.02971,2.03259,9113.62861893,2026-02-16 15:00:00+00:00
1771255800000,2.02718,2.02718,1.99418,2.01062,15243.06013292,2026-02-16 15:30:00+00:00
1771257600000,2.00797,2.03517,2.00482,2.03072,11282.59889958,2026-02-16 16:00:00+00:00
1771259400000,2.02428,2.03415,2.01517,2.02692,10177.20461658,2026-02-16 16:30:00+00:00
1771261200000,2.02644,2.02917,2.02031,2.0286,1504.83645881,2026-02-16 17:00:00+00:00
1771263000000,2.03156,2.03427,2.022,2.02303,4297.64613519,2026-02-16 17:30:00+00:00
1771264800000,2.02673,2.02673,2.01879,2.02236,1388.41059636,2026-02-16 18:00:00+00:00
1771266600000,2.01914,2.01988,2.00704,2.00704,1038.56986533,2026-02-16 18:30:00+00:00
1771268400000,2.00903,2.018,2.00893,2.01594,1142.40899804,2026-02-16 19:00:00+00:00
1771270200000,2.01424,2.01862,2.01268,2.01268,8735.86704884,2026-02-16 19:30:00+00:00
1771272000000,2.01239,2.01548,2.00444,2.01512,3428.97652902,2026-02-16 20:00:00+00:00
1771273800000,2.01539,2.02903,2.01268,2.02507,4090.83325819,2026-02-16 20:30:00+00:00
1771275600000,2.02003,2.02636,2.01985,2.02259,1217.33122599,2026-02-16 21:00:00+00:00
1771277400000,2.02313,2.03417,2.02099,2.03417,738.85788737,2026-02-16 21:30:00+00:00
1771279200000,2.03186,2.03449,2.02567,2.02567,1642.44395,2026-02-16 22:00:00+00:00
1771281000000,2.02461,2.02668,2.02302,2.02521,2035.31540784,2026-02-16 22:30:00+00:00
1771282800000,2.0238,2.03279,2.02303,2.02452,12199.84718916,2026-02-16 23:00:00+00:00
1771284600000,2.02608,2.02991,2.02533,2.02991,1528.44427417,2026-02-16 23:30:00+00:00
1771286400000,2.02884,2.03011,2.02423,2.02595,706.76453902,2026-02-17 00:00:00+00:00
1771288200000,2.02422,2.03445,2.02322,2.02416,2145.99414944,2026-02-17 00:30:00+00:00
1771290000000,2.0274,2.03388,2.02592,2.02592,4633.22370749,2026-02-17 01:00:00+00:00
1771291800000,2.02421,2.03276,2.01952,2.01952,1384.81156,2026-02-17 01:30:00+00:00
1771293600000,2.01805,2.03454,2.01124,2.02882,2073.22774249,2026-02-17 02:00:00+00:00
1771295400000,2.02936,2.03493,2.02936,2.03343,5862.36799851,2026-02-17 02:30:00+00:00
1771297200000,2.02918,2.03342,2.02519,2.02911,1042.74712967,2026-02-17 03:00:00+00:00
1771299000000,2.02869,2.03069,2.0242,2.0242,5202.12769373,2026-02-17 03:30:00+00:00
1771300800000,2.02267,2.02396,2.016,2.02324,4105.23294717,2026-02-17 04:00:00+00:00
1771302600000,2.016,2.03085,2.01454,2.0268,3414.7310904,2026-02-17 04:30:00+00:00
1771304400000,2.02744,2.02947,2.01699,2.01933,689.40688156,2026-02-17 05:00:00+00:00
1771306200000,2.01879,2.0188,2.01558,2.01574,3724.2842482,2026-02-17 05:30:00+00:00
1771308000000,2.01794,2.01837,2.01125,2.01226,1257.78535,2026-02-17 06:00:00+00:00
1771309800000,2.01202,2.01931,2.01202,2.01753,12.7548119,2026-02-17 06:30:00+00:00
1771311600000,2.011,2.01155,2.00598,2.00823,457.65269183,2026-02-17 07:00:00+00:00
1771313400000,2.00738,2.01245,2.00703,2.01245,2518.23607161,2026-02-17 07:30:00+00:00
1771315200000,2.01202,2.01203,2.00993,2.00994,621.80975,2026-02-17 08:00:00+00:00
1771317000000,2.00125,2.00181,1.99623,2.00181,5523.93530084,2026-02-17 08:30:00+00:00
1771318800000,2.0,2.0,1.98983,1.99035,2336.12273436,2026-02-17 09:00:00+00:00
1771320600000,1.98818,1.98906,1.9839,1.98784,1556.21923563,2026-02-17 09:30:00+00:00
1771322400000,1.99269,1.99407,1.98169,1.98497,9039.42393869,2026-02-17 10:00:00+00:00
1771324200000,1.98622,1.98703,1.98412,1.98412,85.33785324,2026-02-17 10:30:00+00:00
1771326000000,1.98916,1.99,1.98441,1.98644,1772.35771633,2026-02-17 11:00:00+00:00
1771327800000,1.98767,1.98768,1.97653,1.98054,13101.5943321,2026-02-17 11:30:00+00:00
1771329600000,1.9817,1.9901,1.9817,1.98733,2061.41215722,2026-02-17 12:00:00+00:00
1771331400000,1.98792,1.994,1.9845,1.9845,1015.58348243,2026-02-17 12:30:00+00:00
1771333200000,1.98868,1.99181,1.98278,1.99061,6637.49621542,2026-02-17 13:00:00+00:00
1771335000000,1.98973,1.99799,1.98561,1.9916,1844.60181069,2026-02-17 13:30:00+00:00
1771336800000,1.99192,1.99775,1.98625,1.98684,17485.70738823,2026-02-17 14:00:00+00:00
1771338600000,1.99403,1.99412,1.95333,1.96375,31942.57075052,2026-02-17 14:30:00+00:00
1771340400000,1.96411,1.98939,1.96411,1.98117,29739.35021394,2026-02-17 15:00:00+00:00
1771342200000,1.97933,1.99337,1.97933,1.99077,4833.1530454,2026-02-17 15:30:00+00:00
1771344000000,2.00213,2.03227,2.00213,2.00958,80253.35347886,2026-02-17 16:00:00+00:00
1771345800000,2.01295,2.03958,2.01295,2.01658,55902.67223123,2026-02-17 16:30:00+00:00
1771347600000,2.01588,2.01945,1.99633,2.01018,8604.42328767,2026-02-17 17:00:00+00:00
1771349400000,2.0104,2.01059,1.99054,1.99955,8108.57969519,2026-02-17 17:30:00+00:00
1771351200000,1.99965,2.024,1.99835,2.024,2543.23188596,2026-02-17 18:00:00+00:00
1771353000000,2.024,2.0301,2.01657,2.02414,8554.60773616,2026-02-17 18:30:00+00:00
1771354800000,2.02449,2.02812,2.01732,2.01732,3912.54292658,2026-02-17 19:00:00+00:00
1771356600000,2.01811,2.02712,2.01598,2.02249,2127.08121827,2026-02-17 19:30:00+00:00
1771358400000,2.02598,2.0269,2.01651,2.01718,2909.60136299,2026-02-17 20:00:00+00:00
1771360200000,2.02123,2.02923,2.01295,2.02923,4742.40158096,2026-02-17 20:30:00+00:00
1771362000000,2.03017,2.03581,2.02306,2.02309,2470.03775828,2026-02-17 21:00:00+00:00
1771363800000,2.02365,2.02644,2.01767,2.0211,3763.85793998,2026-02-17 21:30:00+00:00
1771365600000,2.02034,2.02198,2.01558,2.01612,562.93889695,2026-02-17 22:00:00+00:00
1771367400000,2.01461,2.01613,2.00935,2.01005,4555.52163998,2026-02-17 22:30:00+00:00
1771369200000,2.01005,2.01401,2.00415,2.01037,6779.99575147,2026-02-17 23:00:00+00:00
1771371000000,2.0105,2.01445,2.01026,2.01128,2254.31058269,2026-02-17 23:30:00+00:00
1771372800000,2.01219,2.01592,2.00853,2.00944,1977.72252402,2026-02-18 00:00:00+00:00
1771374600000,2.01315,2.01627,2.00594,2.00623,1552.79587772,2026-02-18 00:30:00+00:00
1771376400000,2.00633,2.00633,1.99802,2.00504,3104.92697427,2026-02-18 01:00:00+00:00
1771378200000,2.00303,2.00593,2.0,2.00113,2838.08231,2026-02-18 01:30:00+00:00
1771380000000,2.00091,2.00689,2.00091,2.00374,1014.93027101,2026-02-18 02:00:00+00:00
1771381800000,2.0057,2.01357,2.0057,2.01357,1646.36247725,2026-02-18 02:30:00+00:00
1771383600000,2.01398,2.0195,2.01398,2.0195,1202.7043103,2026-02-18 03:00:00+00:00
1771385400000,2.01775,2.02435,2.01775,2.01949,8017.50181464,2026-02-18 03:30:00+00:00
1771387200000,2.02107,2.02548,2.01854,2.01926,2632.68413432,2026-02-18 04:00:00+00:00
1771389000000,2.01859,2.01967,2.01659,2.01961,1210.64022404,2026-02-18 04:30:00+00:00
1771390800000,2.02172,2.03,2.02063,2.02322,984.5356176,2026-02-18 05:00:00+00:00
1771392600000,2.02157,2.02157,2.01395,2.0144,1143.77766366,2026-02-18 05:30:00+00:00
1771394400000,2.01921,2.02366,2.01921,2.02143,2572.65143,2026-02-18 06:00:00+00:00
1771396200000,2.02428,2.02429,2.02082,2.02082,48316.51145871,2026-02-18 06:30:00+00:00
1771398000000,2.0219,2.0219,2.02152,2.02152,115.29473381,2026-02-18 07:00:00+00:00
1771399800000,2.02659,2.03152,2.02659,2.03065,1133.27066251,2026-02-18 07:30:00+00:00
1771401600000,2.03227,2.03885,2.03227,2.03885,739.70019,2026-02-18 08:00:00+00:00
1771403400000,2.03434,2.03434,2.03045,2.03249,174.11961182,2026-02-18 08:30:00+00:00
1771405200000,2.0332,2.0332,2.03152,2.03156,646.37525869,2026-02-18 09:00:00+00:00
1771407000000,2.03116,2.03479,2.03116,2.03479,245.30899,2026-02-18 09:30:00+00:00
1771408800000,2.03124,2.03279,2.0256,2.02572,1113.02464335,2026-02-18 10:00:00+00:00
1771410600000,2.02494,2.02494,2.01601,2.01601,1140.97381871,2026-02-18 10:30:00+00:00
1771412400000,2.01754,2.01754,1.99945,2.00862,7056.92958643,2026-02-18 11:00:00+00:00
1771414200000,2.00787,2.00787,1.99972,1.99972,254.98537261,2026-02-18 11:30:00+00:00
1771416000000,2.0017,2.00489,1.99861,1.99861,126.84363,2026-02-18 12:00:00+00:00
1771417800000,1.99929,2.00364,1.99303,2.00102,10403.15950347,2026-02-18 12:30:00+00:00
1771419600000,1.99985,2.00672,1.99574,2.00672,7912.00516551,2026-02-18 13:00:00+00:00
1771421400000,2.00761,2.00887,1.99864,2.00124,3763.23115501,2026-02-18 13:30:00+00:00
1771423200000,2.00805,2.00973,1.99749,2.00214,478.26880779,2026-02-18 14:00:00+00:00
1771425000000,1.99564,2.00621,1.98575,2.00621,12603.24101609,2026-02-18 14:30:00+00:00
1771426800000,2.00411,2.00901,2.00269,2.00544,1669.17933434,2026-02-18 15:00:00+00:00
1771428600000,2.00365,2.03153,2.00335,2.02032,4841.85810512,2026-02-18 15:30:00+00:00
1771430400000,2.0146,2.01539,1.9923,1.99728,1268.4920859,2026-02-18 16:00:00+00:00
1771432200000,2.00002,2.00002,1.99496,1.99714,2070.2855531,2026-02-18 16:30:00+00:00
1771434000000,1.99949,2.00891,1.99357,1.99357,10206.99091928,2026-02-18 17:00:00+00:00
1771435800000,1.99563,1.99759,1.99191,1.99271,2535.96275,2026-02-18 17:30:00+00:00
1771437600000,1.99412,1.99439,1.98,1.98859,10158.60633508,2026-02-18 18:00:00+00:00
1771439400000,1.98571,1.99032,1.97271,1.97797,10522.18230032,2026-02-18 18:30:00+00:00
1771441200000,1.97235,1.9774,1.96,1.96352,11175.62540198,2026-02-18 19:00:00+00:00
1771443000000,1.96621,1.96621,1.9456,1.94998,15340.48531444,2026-02-18 19:30:00+00:00
1771444800000,1.95065,1.95745,1.94892,1.95115,7498.38065698,2026-02-18 20:00:00+00:00
1771446600000,1.95213,1.96112,1.94945,1.95276,6811.74251579,2026-02-18 20:30:00+00:00
1771448400000,1.945,1.95542,1.94371,1.95542,3154.77511107,2026-02-18 21:00:00+00:00
1771450200000,1.95528,1.95652,1.94478,1.94584,1907.26143658,2026-02-18 21:30:00+00:00
1771452000000,1.9439,1.94788,1.94049,1.9461,4350.66235649,2026-02-18 22:00:00+00:00
1771453800000,1.94501,1.94793,1.94481,1.94692,2533.91576,2026-02-18 22:30:00+00:00
1771455600000,1.94421,1.94421,1.93382,1.93429,6365.53754695,2026-02-18 23:00:00+00:00
1771457400000,1.93995,1.94938,1.93713,1.94762,721.67206017,2026-02-18 23:30:00+00:00
1771459200000,1.94788,1.9479,1.94054,1.94316,1967.28993689,2026-02-19 00:00:00+00:00
1771461000000,1.94417,1.949,1.93916,1.94153,4330.6182373,2026-02-19 00:30:00+00:00
1771462800000,1.94435,1.95291,1.93809,1.94371,7819.65211333,2026-02-19 01:00:00+00:00
1771464600000,1.94815,1.95269,1.94555,1.9525,3291.53993,2026-02-19 01:30:00+00:00
1771466400000,1.95209,1.95764,1.95001,1.95764,3971.13551456,2026-02-19 02:00:00+00:00
1771468200000,1.95764,1.95794,1.94407,1.95556,10075.51494443,2026-02-19 02:30:00+00:00
1771470000000,1.9539,1.95578,1.94846,1.95424,5320.15133961,2026-02-19 03:00:00+00:00
1771471800000,1.95335,1.95919,1.95169,1.95847,2168.20634325,2026-02-19 03:30:00+00:00
1771473600000,1.95707,1.95846,1.95452,1.95463,1053.19456556,2026-02-19 04:00:00+00:00
1771475400000,1.94973,1.95168,1.94085,1.94339,8075.52769979,2026-02-19 04:30:00+00:00
1771477200000,1.94337,1.94488,1.92537,1.93067,13777.42780621,2026-02-19 05:00:00+00:00
1771479000000,1.93038,1.93571,1.92947,1.93571,1790.87213629,2026-02-19 05:30:00+00:00
1771480800000,1.93974,1.95,1.93974,1.95,1404.60294,2026-02-19 06:00:00+00:00
1771482600000,1.95168,1.95442,1.94741,1.95313,4168.86636033,2026-02-19 06:30:00+00:00
1771484400000,1.95412,1.9605,1.9482,1.9605,1461.94646,2026-02-19 07:00:00+00:00
1771486200000,1.966,1.966,1.95594,1.95871,2423.20992921,2026-02-19 07:30:00+00:00
1771488000000,1.95801,1.95801,1.94634,1.94791,1024.61493475,2026-02-19 08:00:00+00:00
1771489800000,1.94037,1.94194,1.93663,1.93663,8404.2197673,2026-02-19 08:30:00+00:00
1771491600000,1.93929,1.95166,1.93929,1.94676,3959.0831183,2026-02-19 09:00:00+00:00
1771493400000,1.94689,1.94707,1.93617,1.93618,3718.08474892,2026-02-19 09:30:00+00:00
1771495200000,1.93538,1.93734,1.93068,1.93734,58.8363,2026-02-19 10:00:00+00:00
1771497000000,1.93599,1.93599,1.93547,1.93547,290.4171,2026-02-19 10:30:00+00:00
1771498800000,1.92979,1.93834,1.92979,1.93687,948.32818894,2026-02-19 11:00:00+00:00
1771500600000,1.93316,1.93316,1.92274,1.92988,892.96779289,2026-02-19 11:30:00+00:00
1771502400000,1.92995,1.93479,1.92968,1.93449,2710.30320753,2026-02-19 12:00:00+00:00
1771504200000,1.93238,1.93242,1.92743,1.92901,2668.31627516,2026-02-19 12:30:00+00:00
1771506000000,1.93004,1.93022,1.91345,1.91345,4300.41244547,2026-02-19 13:00:00+00:00
1771507800000,1.91218,1.9183,1.9,1.90357,16850.69295886,2026-02-19 13:30:00+00:00
1771509600000,1.91137,1.91679,1.90767,1.91541,1504.59554035,2026-02-19 14:00:00+00:00
1771511400000,1.90767,1.9254,1.90687,1.92065,5188.2687495,2026-02-19 14:30:00+00:00
1771513200000,1.92023,1.9309,1.90339,1.90488,8179.51730644,2026-02-19 15:00:00+00:00
1771515000000,1.9,1.91968,1.9,1.9102,6569.30568682,2026-02-19 15:30:00+00:00
1771516800000,1.91107,1.91109,1.89053,1.898,13610.94999409,2026-02-19 16:00:00+00:00
1771518600000,1.90336,1.91263,1.90307,1.90979,5349.18033656,2026-02-19 16:30:00+00:00
1771520400000,1.90796,1.934,1.90605,1.92064,19916.36995099,2026-02-19 17:00:00+00:00
1771522200000,1.9203,1.92215,1.9053,1.91092,9008.80450637,2026-02-19 17:30:00+00:00
1771524000000,1.9106,1.93298,1.9106,1.93298,8052.79020744,2026-02-19 18:00:00+00:00
1771525800000,1.93206,1.93556,1.92428,1.93372,1560.04475469,2026-02-19 18:30:00+00:00
1771527600000,1.93351,1.94158,1.93269,1.93419,2745.94415355,2026-02-19 19:00:00+00:00
1771529400000,1.93347,1.93347,1.92657,1.93145,2300.72236146,2026-02-19 19:30:00+00:00
1771531200000,1.93485,1.93485,1.92505,1.92628,2415.4367255,2026-02-19 20:00:00+00:00
1771533000000,1.92756,1.9363,1.92756,1.93406,1635.22494515,2026-02-19 20:30:00+00:00
1771534800000,1.9324,1.93468,1.92981,1.93352,1320.23025,2026-02-19 21:00:00+00:00
1771536600000,1.9327,1.93329,1.92813,1.92813,632.75929706,2026-02-19 21:30:00+00:00
1771538400000,1.9249,1.92778,1.92042,1.92042,2125.08334409,2026-02-19 22:00:00+00:00
1771540200000,1.91904,1.92131,1.91078,1.91766,2025.86321282,2026-02-19 22:30:00+00:00
1771542000000,1.91769,1.92348,1.9166,1.92324,4253.42095647,2026-02-19 23:00:00+00:00
1771543800000,1.92382,1.92948,1.92376,1.92524,4294.33957975,2026-02-19 23:30:00+00:00
1771545600000,1.92606,1.94355,1.92606,1.94306,4134.10746751,2026-02-20 00:00:00+00:00
1771547400000,1.94512,1.94523,1.93815,1.93903,3037.86813273,2026-02-20 00:30:00+00:00
1771549200000,1.93821,1.94495,1.93821,1.93974,332.56833244,2026-02-20 01:00:00+00:00
1771551000000,1.94461,1.95235,1.94458,1.95235,2857.0575219,2026-02-20 01:30:00+00:00
1771552800000,1.95123,1.95212,1.94543,1.94543,946.43503343,2026-02-20 02:00:00+00:00
1771554600000,1.94651,1.9498,1.94321,1.94321,2575.32876384,2026-02-20 02:30:00+00:00
1771556400000,1.94322,1.94469,1.93783,1.94426,2010.32035321,2026-02-20 03:00:00+00:00
1771558200000,1.93706,1.93757,1.93327,1.93374,3546.046176,2026-02-20 03:30:00+00:00
1771560000000,1.93096,1.93115,1.9198,1.91999,2477.49537913,2026-02-20 04:00:00+00:00
1771561800000,1.92417,1.93324,1.92417,1.93035,6503.76951743,2026-02-20 04:30:00+00:00
1771563600000,1.93327,1.93327,1.92767,1.93128,5243.1155342,2026-02-20 05:00:00+00:00
1771565400000,1.93327,1.94937,1.93327,1.94223,1759.46766164,2026-02-20 05:30:00+00:00
1771567200000,1.9414,1.94306,1.93966,1.93966,1109.28046786,2026-02-20 06:00:00+00:00
1771569000000,1.93682,1.94445,1.93678,1.94333,2016.51512084,2026-02-20 06:30:00+00:00
1771570800000,1.94237,1.94547,1.94237,1.94487,1083.61959599,2026-02-20 07:00:00+00:00
1771572600000,1.94374,1.94814,1.94145,1.94145,442.98809399,2026-02-20 07:30:00+00:00
1771574400000,1.94407,1.94685,1.94407,1.94479,630.04056729,2026-02-20 08:00:00+00:00
1771576200000,1.93937,1.9431,1.93898,1.9431,1931.03243475,2026-02-20 08:30:00+00:00
1771578000000,1.94447,1.95463,1.94447,1.95128,3365.57210655,2026-02-20 09:00:00+00:00
1771579800000,1.94732,1.9489,1.94592,1.94878,341.53269102,2026-02-20 09:30:00+00:00
1771581600000,1.94971,1.955,1.94931,1.955,556.67761907,2026-02-20 10:00:00+00:00
1771583400000,1.95457,1.95457,1.94899,1.94899,556.40973013,2026-02-20 10:30:00+00:00
1771585200000,1.947,1.947,1.93593,1.93593,2666.86365,2026-02-20 11:00:00+00:00
1771587000000,1.93612,1.93612,1.92219,1.92513,799.1476695,2026-02-20 11:30:00+00:00
1771588800000,1.9247,1.92716,1.92436,1.92436,1998.37718099,2026-02-20 12:00:00+00:00
1771590600000,1.92624,1.9273,1.92343,1.92409,5639.56002593,2026-02-20 12:30:00+00:00
1771592400000,1.918,1.91934,1.91153,1.91626,2738.33444577,2026-02-20 13:00:00+00:00
1771594200000,1.91812,1.91837,1.88827,1.89981,6623.06809505,2026-02-20 13:30:00+00:00
1771596000000,1.89598,1.91848,1.89598,1.91822,5107.67158002,2026-02-20 14:00:00+00:00
1771597800000,1.91521,1.92941,1.91366,1.92008,3803.73991199,2026-02-20 14:30:00+00:00
1771599600000,1.92068,1.95438,1.91986,1.94473,64353.95950783,2026-02-20 15:00:00+00:00
1771601400000,1.94563,1.95466,1.93136,1.95466,5816.05001713,2026-02-20 15:30:00+00:00
1771603200000,1.95372,1.96639,1.95194,1.9598,8305.50673283,2026-02-20 16:00:00+00:00
1771605000000,1.95754,1.96509,1.95096,1.96428,4136.37274103,2026-02-20 16:30:00+00:00
1771606800000,1.96243,1.96243,1.93107,1.93933,8263.15460639,2026-02-20 17:00:00+00:00
1771608600000,1.93436,1.96035,1.93162,1.95725,5050.36676479,2026-02-20 17:30:00+00:00
1771610400000,1.95282,1.95914,1.95265,1.95492,1321.20099618,2026-02-20 18:00:00+00:00
1771612200000,1.965,1.965,1.95318,1.96054,10038.19610503,2026-02-20 18:30:00+00:00
1771614000000,1.96044,1.96064,1.95081,1.95344,17443.5045973,2026-02-20 19:00:00+00:00
1771615800000,1.95297,1.95807,1.94576,1.94809,4407.54638712,2026-02-20 19:30:00+00:00
1771617600000,1.94898,1.95676,1.94212,1.94212,1104.91104312,2026-02-20 20:00:00+00:00
1771619400000,1.93941,1.94712,1.93627,1.94297,2182.10488929,2026-02-20 20:30:00+00:00
1771621200000,1.94143,1.94524,1.94113,1.94449,1449.58830558,2026-02-20 21:00:00+00:00
1771623000000,1.94366,1.94927,1.94199,1.94721,2796.99576,2026-02-20 21:30:00+00:00
1771624800000,1.94657,1.95361,1.94086,1.95361,4530.5641597,2026-02-20 22:00:00+00:00
1771626600000,1.95209,1.95721,1.9497,1.95715,1659.67956364,2026-02-20 22:30:00+00:00
1771628400000,1.95746,1.95864,1.94907,1.95634,1419.95823306,2026-02-20 23:00:00+00:00
1771630200000,1.95714,1.95729,1.95454,1.95679,585.5792769,2026-02-20 23:30:00+00:00
1771632000000,1.95502,1.95502,1.94848,1.94878,8177.6750093,2026-02-21 00:00:00+00:00
1771633800000,1.95002,1.95002,1.94331,1.94559,2348.94452395,2026-02-21 00:30:00+00:00
1771635600000,1.94657,1.95357,1.94657,1.95088,5727.03439433,2026-02-21 01:00:00+00:00
1771637400000,1.94982,1.95868,1.94963,1.95868,8910.14321916,2026-02-21 01:30:00+00:00
1771639200000,1.95668,1.96158,1.95473,1.95892,1028.08923,2026-02-21 02:00:00+00:00
1771641000000,1.95988,1.9618,1.95749,1.95749,812.03325963,2026-02-21 02:30:00+00:00
1771642800000,1.95706,1.95735,1.95085,1.95735,2960.35052,2026-02-21 03:00:00+00:00
1771644600000,1.95565,1.95565,1.95012,1.95172,2373.69969,2026-02-21 03:30:00+00:00
1771646400000,1.95228,1.95296,1.95203,1.95296,581.55523262,2026-02-21 04:00:00+00:00
1771648200000,1.95296,1.95603,1.95243,1.95337,7304.20534142,2026-02-21 04:30:00+00:00
1771650000000,1.95578,1.95766,1.95578,1.95766,1390.14659139,2026-02-21 05:00:00+00:00
1771651800000,1.95813,1.95994,1.95534,1.95563,268.88178,2026-02-21 05:30:00+00:00
1771653600000,1.9633,1.96352,1.96311,1.96352,134.53253879,2026-02-21 06:00:00+00:00
1771655400000,1.95624,1.95709,1.95624,1.95709,617.62526,2026-02-21 06:30:00+00:00
1771657200000,1.95981,1.96005,1.95795,1.95854,878.24118145,2026-02-21 07:00:00+00:00
1771659000000,1.95933,1.96112,1.9585,1.96023,562.54941654,2026-02-21 07:30:00+00:00
1771660800000,1.95975,1.95975,1.95629,1.95689,1093.71172,2026-02-21 08:00:00+00:00
1771662600000,1.96024,1.96352,1.95967,1.96352,1383.39386316,2026-02-21 08:30:00+00:00
1771664400000,1.9633,1.97428,1.9633,1.97428,310.37774088,2026-02-21 09:00:00+00:00
1771666200000,1.97634,1.97634,1.97477,1.9749,139.69269,2026-02-21 09:30:00+00:00
1771668000000,1.97132,1.9731,1.96825,1.9731,461.33123863,2026-02-21 10:00:00+00:00
1771669800000,1.97326,1.97326,1.972,1.97247,413.55478,2026-02-21 10:30:00+00:00
1771671600000,1.97049,1.97712,1.97013,1.97712,1073.90598602,2026-02-21 11:00:00+00:00
1771673400000,1.97328,1.97774,1.97328,1.97721,1213.11707,2026-02-21 11:30:00+00:00
1771675200000,1.97834,1.97834,1.97046,1.97046,371.63161,2026-02-21 12:00:00+00:00
1771677000000,1.9682,1.96915,1.9682,1.96915,20.65422954,2026-02-21 12:30:00+00:00
1771678800000,1.97253,1.97576,1.97135,1.97576,1100.36306,2026-02-21 13:00:00+00:00
1771680600000,1.97508,1.97835,1.96902,1.97819,1872.09907667,2026-02-21 13:30:00+00:00
1771682400000,1.981,1.99947,1.97989,1.9957,8287.96360022,2026-02-21 14:00:00+00:00
1771684200000,2.002,2.002,1.99097,1.99097,6881.55047248,2026-02-21 14:30:00+00:00
1771686000000,1.99301,1.99301,1.98526,1.98662,3868.55607766,2026-02-21 15:00:00+00:00
1771687800000,1.9863,1.99317,1.98486,1.98488,6309.70942643,2026-02-21 15:30:00+00:00
1771689600000,1.98133,1.98201,1.9702,1.9739,11813.13859967,2026-02-21 16:00:00+00:00
1771691400000,1.97276,1.97785,1.97126,1.97407,8281.22446356,2026-02-21 16:30:00+00:00
1771693200000,1.97401,1.97572,1.96829,1.96829,3394.40386906,2026-02-21 17:00:00+00:00
1771695000000,1.96891,1.97526,1.96773,1.97479,1451.12477729,2026-02-21 17:30:00+00:00
1771696800000,1.9768,1.98176,1.97509,1.97917,2600.0317215,2026-02-21 18:00:00+00:00
1771698600000,1.98,1.98559,1.98,1.98253,1157.33486636,2026-02-21 18:30:00+00:00
1771700400000,1.98061,1.98061,1.97578,1.97792,2979.95930873,2026-02-21 19:00:00+00:00
1771702200000,1.97784,1.98331,1.97603,1.97603,7640.54439244,2026-02-21 19:30:00+00:00
1771704000000,1.97603,1.97712,1.974,1.97621,4959.82273391,2026-02-21 20:00:00+00:00
1771705800000,1.97531,1.97584,1.96378,1.9713,16202.5407124,2026-02-21 20:30:00+00:00
1771707600000,1.96909,1.97256,1.96817,1.97159,1157.1362395,2026-02-21 21:00:00+00:00
1771709400000,1.97225,1.97495,1.96977,1.97361,1416.5770045,2026-02-21 21:30:00+00:00
1771711200000,1.97368,1.97664,1.96992,1.96992,1645.35856701,2026-02-21 22:00:00+00:00
1771713000000,1.96678,1.96829,1.96001,1.96671,1710.31489707,2026-02-21 22:30:00+00:00
1771714800000,1.96705,1.96705,1.96,1.96272,1382.58578785,2026-02-21 23:00:00+00:00
1771716600000,1.96372,1.96372,1.95961,1.96002,927.87821041,2026-02-21 23:30:00+00:00
1771718400000,1.95876,1.96311,1.95587,1.95879,3667.61989661,2026-02-22 00:00:00+00:00
1771720200000,1.95921,1.95921,1.95242,1.95735,3474.08683916,2026-02-22 00:30:00+00:00
1771722000000,1.95631,1.9599,1.95631,1.95952,6992.6595706,2026-02-22 01:00:00+00:00
1771723800000,1.95962,1.96319,1.95895,1.96244,814.19283784,2026-02-22 01:30:00+00:00
1771725600000,1.96179,1.96264,1.9578,1.9578,6357.23571832,2026-02-22 02:00:00+00:00
1771727400000,1.95611,1.9579,1.94976,1.95042,4188.77519825,2026-02-22 02:30:00+00:00
1771729200000,1.95089,1.95476,1.94401,1.94715,2523.93999096,2026-02-22 03:00:00+00:00
1771731000000,1.94698,1.9508,1.94679,1.94861,2892.39151438,2026-02-22 03:30:00+00:00
1771732800000,1.94955,1.9526,1.94955,1.95097,1922.81080712,2026-02-22 04:00:00+00:00
1771734600000,1.95219,1.95219,1.94725,1.94901,1411.22089,2026-02-22 04:30:00+00:00
1771736400000,1.949,1.94923,1.94406,1.94547,2311.74783022,2026-02-22 05:00:00+00:00
1771738200000,1.94698,1.94718,1.94338,1.94568,557.07317825,2026-02-22 05:30:00+00:00
1771740000000,1.94825,1.94825,1.94311,1.94468,1463.25472683,2026-02-22 06:00:00+00:00
1771741800000,1.94966,1.94966,1.94884,1.94933,19.58515872,2026-02-22 06:30:00+00:00
1771743600000,1.94368,1.94368,1.94356,1.94356,37.7924,2026-02-22 07:00:00+00:00
1771745400000,1.94701,1.94833,1.94701,1.94833,2097.68986584,2026-02-22 07:30:00+00:00
1771747200000,1.94609,1.9472,1.94302,1.94302,737.78694,2026-02-22 08:00:00+00:00
1771749000000,1.943,1.94403,1.94266,1.94266,76.92815293,2026-02-22 08:30:00+00:00
1771750800000,1.94357,1.9459,1.94189,1.94548,781.30105,2026-02-22 09:00:00+00:00
1771752600000,1.94534,1.94634,1.94521,1.94616,476.43451,2026-02-22 09:30:00+00:00
1771754400000,1.94499,1.94523,1.94436,1.94523,91.19476364,2026-02-22 10:00:00+00:00
1771756200000,1.94958,1.94977,1.94592,1.94597,66.8695,2026-02-22 10:30:00+00:00
1771758000000,1.94918,1.94937,1.94861,1.94884,3099.75378,2026-02-22 11:00:00+00:00
1771759800000,1.94812,1.94953,1.94812,1.94843,88.30341513,2026-02-22 11:30:00+00:00
1771761600000,1.94967,1.94967,1.93303,1.93562,485.60316489,2026-02-22 12:00:00+00:00
1771763400000,1.93157,1.93185,1.92836,1.93173,10462.2583899,2026-02-22 12:30:00+00:00
1771765200000,1.93188,1.93215,1.92639,1.9264,5756.64255471,2026-02-22 13:00:00+00:00
1771767000000,1.92693,1.92698,1.91625,1.91642,8789.23160623,2026-02-22 13:30:00+00:00
1771768800000,1.91822,1.92045,1.91423,1.91491,510.71102046,2026-02-22 14:00:00+00:00
1771770600000,1.91616,1.91735,1.89954,1.91239,143285.85832335,2026-02-22 14:30:00+00:00
1771772400000,1.91194,1.91239,1.90001,1.90406,3630.36061242,2026-02-22 15:00:00+00:00
1771774200000,1.90511,1.91028,1.90511,1.90864,7299.73970278,2026-02-22 15:30:00+00:00
1771776000000,1.90803,1.90955,1.90001,1.9006,4785.08482228,2026-02-22 16:00:00+00:00
1771777800000,1.90136,1.9075,1.90136,1.9075,4800.29924452,2026-02-22 16:30:00+00:00
1771779600000,1.90742,1.9076,1.9004,1.90369,1349.43043492,2026-02-22 17:00:00+00:00
1771781400000,1.90286,1.90304,1.89515,1.90164,6553.98465132,2026-02-22 17:30:00+00:00
1771783200000,1.90094,1.90628,1.90046,1.90441,5679.60517769,2026-02-22 18:00:00+00:00
1771785000000,1.90463,1.90602,1.90064,1.90494,2574.54708744,2026-02-22 18:30:00+00:00
1771786800000,1.90444,1.90513,1.89802,1.90039,2401.93083596,2026-02-22 19:00:00+00:00
1771788600000,1.89999,1.90311,1.89801,1.89801,589.2562,2026-02-22 19:30:00+00:00
1771790400000,1.8993,1.89931,1.89189,1.89433,5279.18682065,2026-02-22 20:00:00+00:00
1771792200000,1.89799,1.89919,1.89403,1.89517,1841.96602954,2026-02-22 20:30:00+00:00
1771794000000,1.89662,1.90166,1.89662,1.89663,4337.24306671,2026-02-22 21:00:00+00:00
1771795800000,1.89643,1.90659,1.89643,1.90659,1613.05096789,2026-02-22 21:30:00+00:00
1771797600000,1.90769,1.91185,1.89994,1.91174,41360.2412871,2026-02-22 22:00:00+00:00
1771799400000,1.91265,1.91857,1.90811,1.91601,1806.66722698,2026-02-22 22:30:00+00:00
1771801200000,1.91572,1.91622,1.90205,1.90407,9231.66988862,2026-02-22 23:00:00+00:00
1771803000000,1.90453,1.90669,1.89881,1.90669,4381.9227005,2026-02-22 23:30:00+00:00
1771804800000,1.90358,1.90622,1.89188,1.89371,3861.48066587,2026-02-23 00:00:00+00:00
1771806600000,1.89113,1.89113,1.86524,1.86527,37430.78897812,2026-02-23 00:30:00+00:00
1771808400000,1.8612,1.86811,1.82286,1.83103,87409.26385642,2026-02-23 01:00:00+00:00
1771810200000,1.83767,1.84337,1.82375,1.82375,16585.29336878,2026-02-23 01:30:00+00:00
1771812000000,1.82578,1.838,1.82304,1.82948,10369.20907735,2026-02-23 02:00:00+00:00
1771813800000,1.83108,1.8371,1.82989,1.83543,4343.31691871,2026-02-23 02:30:00+00:00
1771815600000,1.83768,1.84991,1.83207,1.83557,24358.0104098,2026-02-23 03:00:00+00:00
1771817400000,1.83826,1.84143,1.83594,1.83594,6359.88662146,2026-02-23 03:30:00+00:00
1771819200000,1.83434,1.8349,1.82822,1.83203,12014.1099111,2026-02-23 04:00:00+00:00
1771821000000,1.83375,1.83417,1.82909,1.83151,11727.43487923,2026-02-23 04:30:00+00:00
1771822800000,1.8326,1.84292,1.83247,1.83714,8023.98122501,2026-02-23 05:00:00+00:00
1771824600000,1.83952,1.8417,1.837,1.83802,7418.19931813,2026-02-23 05:30:00+00:00
1771826400000,1.84479,1.85677,1.84479,1.85216,1781.49178516,2026-02-23 06:00:00+00:00
1771828200000,1.85162,1.8726,1.85162,1.86996,2194.46934,2026-02-23 06:30:00+00:00
1771830000000,1.87303,1.87944,1.87303,1.87626,1055.17385749,2026-02-23 07:00:00+00:00
1771831800000,1.88265,1.88364,1.87692,1.87842,552.81308461,2026-02-23 07:30:00+00:00
1771833600000,1.87382,1.87613,1.86878,1.86878,681.09568902,2026-02-23 08:00:00+00:00
1771835400000,1.86879,1.86879,1.86654,1.86654,63.35524345,2026-02-23 08:30:00+00:00
1771837200000,1.87002,1.87055,1.87002,1.87055,37.43275472,2026-02-23 09:00:00+00:00
1771839000000,1.88678,1.90819,1.88678,1.90819,3346.50483404,2026-02-23 09:30:00+00:00
1771840800000,1.90316,1.91,1.90088,1.90967,1178.91919619,2026-02-23 10:00:00+00:00
1771842600000,1.90817,1.91,1.90532,1.90709,2244.75111459,2026-02-23 10:30:00+00:00
1771844400000,1.90854,1.92464,1.90854,1.91806,13330.47174623,2026-02-23 11:00:00+00:00
1771846200000,1.91924,1.91942,1.9115,1.91455,88.25621101,2026-02-23 11:30:00+00:00
1771848000000,1.91411,1.92587,1.91411,1.92367,11147.9845594,2026-02-23 12:00:00+00:00
1771849800000,1.92376,1.95,1.92135,1.94075,7316.97472197,2026-02-23 12:30:00+00:00
1771851600000,1.93656,1.93656,1.92971,1.92971,740.86934468,2026-02-23 13:00:00+00:00
1771853400000,1.92732,1.92732,1.91014,1.91014,7891.70714236,2026-02-23 13:30:00+00:00
1771855200000,1.91145,1.91364,1.89638,1.89638,17893.38864678,2026-02-23 14:00:00+00:00
1771857000000,1.8991,1.90304,1.87674,1.89318,1921.48445448,2026-02-23 14:30:00+00:00
1771858800000,1.89558,1.89963,1.88375,1.88375,6689.96381089,2026-02-23 15:00:00+00:00
1771860600000,1.88375,1.89089,1.8778,1.88,11462.97518537,2026-02-23 15:30:00+00:00
1771862400000,1.87618,1.87737,1.86761,1.87737,6301.21570054,2026-02-23 16:00:00+00:00
1771864200000,1.88648,1.88665,1.86928,1.87285,3171.17270138,2026-02-23 16:30:00+00:00
1771866000000,1.87222,1.87477,1.85908,1.86056,2495.02261974,2026-02-23 17:00:00+00:00
1771867800000,1.85929,1.86139,1.85,1.86139,2415.32576082,2026-02-23 17:30:00+00:00
1771869600000,1.86482,1.87609,1.86445,1.86872,8943.40282136,2026-02-23 18:00:00+00:00
1771871400000,1.86909,1.88258,1.86909,1.86958,4969.45243397,2026-02-23 18:30:00+00:00
1771873200000,1.87204,1.87221,1.85952,1.86425,1558.09652305,2026-02-23 19:00:00+00:00
1771875000000,1.86167,1.86949,1.85952,1.86143,7504.24050603,2026-02-23 19:30:00+00:00
1771876800000,1.86001,1.86253,1.8526,1.85463,2880.36216068,2026-02-23 20:00:00+00:00
1771878600000,1.86068,1.86068,1.85496,1.85866,2002.24045924,2026-02-23 20:30:00+00:00
1771880400000,1.86,1.8635,1.85212,1.86142,5889.08849342,2026-02-23 21:00:00+00:00
1771882200000,1.8614,1.87015,1.85808,1.8671,3447.98994809,2026-02-23 21:30:00+00:00
1771884000000,1.8674,1.8736,1.86397,1.8709,6208.24133527,2026-02-23 22:00:00+00:00
1771885800000,1.87013,1.87013,1.85925,1.86164,2276.67440921,2026-02-23 22:30:00+00:00
1771887600000,1.86,1.86385,1.85623,1.85828,3723.11434573,2026-02-23 23:00:00+00:00
1771889400000,1.86166,1.86183,1.85208,1.85357,3763.35910423,2026-02-23 23:30:00+00:00
1771891200000,1.85764,1.86121,1.85684,1.85754,2352.60782984,2026-02-24 00:00:00+00:00
1771893000000,1.85736,1.86249,1.85736,1.86101,4237.05988925,2026-02-24 00:30:00+00:00
1771894800000,1.85754,1.86122,1.82225,1.86122,14016.14338783,2026-02-24 01:00:00+00:00
1771896600000,1.8601,1.86526,1.85224,1.85777,4774.65538922,2026-02-24 01:30:00+00:00
1771898400000,1.8521,1.85325,1.84487,1.85122,4376.20052031,2026-02-24 02:00:00+00:00
1771900200000,1.85433,1.85524,1.84607,1.84928,3792.15655019,2026-02-24 02:30:00+00:00
1771902000000,1.84608,1.84608,1.82701,1.82739,2178.51119026,2026-02-24 03:00:00+00:00
1771903800000,1.82616,1.83078,1.82347,1.83078,7845.49985964,2026-02-24 03:30:00+00:00
1771905600000,1.82882,1.83232,1.81345,1.82683,9763.65162409,2026-02-24 04:00:00+00:00
1771907400000,1.82249,1.8293,1.82009,1.8265,4116.11538914,2026-02-24 04:30:00+00:00
1771909200000,1.82725,1.8403,1.82037,1.82395,2370.89321595,2026-02-24 05:00:00+00:00
1771911000000,1.82032,1.82679,1.81881,1.82623,492.22296734,2026-02-24 05:30:00+00:00
1771912800000,1.82654,1.82838,1.82116,1.82831,3850.23809513,2026-02-24 06:00:00+00:00
1771914600000,1.83163,1.83181,1.82335,1.8244,1072.94509445,2026-02-24 06:30:00+00:00
1771916400000,1.82112,1.82702,1.818,1.8206,6801.3681854,2026-02-24 07:00:00+00:00
1771918200000,1.82064,1.82096,1.81546,1.81819,1555.07181684,2026-02-24 07:30:00+00:00
1771920000000,1.81885,1.82495,1.81581,1.82478,256.9747196,2026-02-24 08:00:00+00:00
1771921800000,1.82848,1.82866,1.82772,1.82772,241.69899,2026-02-24 08:30:00+00:00
1771923600000,1.8246,1.82464,1.8178,1.8178,162.56771733,2026-02-24 09:00:00+00:00
1771925400000,1.81449,1.8271,1.8129,1.8271,1915.72694072,2026-02-24 09:30:00+00:00
1771927200000,1.82698,1.82799,1.82493,1.82683,423.82606771,2026-02-24 10:00:00+00:00
1771929000000,1.8257,1.8257,1.81929,1.82262,6958.19881972,2026-02-24 10:30:00+00:00
1771930800000,1.82659,1.82877,1.82506,1.8263,1245.77653576,2026-02-24 11:00:00+00:00
1771932600000,1.82591,1.83112,1.82392,1.82829,2137.88345595,2026-02-24 11:30:00+00:00
1771934400000,1.83023,1.83379,1.82938,1.83274,200.1386301,2026-02-24 12:00:00+00:00
1771936200000,1.83259,1.83785,1.82659,1.83299,8502.0427752,2026-02-24 12:30:00+00:00
1771938000000,1.83161,1.83286,1.82551,1.82819,4588.9131286,2026-02-24 13:00:00+00:00
1771939800000,1.82831,1.83096,1.81735,1.82794,6090.29444131,2026-02-24 13:30:00+00:00
1771941600000,1.82438,1.82547,1.81682,1.81885,3140.02430061,2026-02-24 14:00:00+00:00
1771943400000,1.81446,1.84644,1.80528,1.83612,23010.4903411,2026-02-24 14:30:00+00:00
1771945200000,1.83494,1.85576,1.83247,1.84902,21272.65400567,2026-02-24 15:00:00+00:00
1771947000000,1.85512,1.85516,1.84669,1.85516,11088.59170711,2026-02-24 15:30:00+00:00
1771948800000,1.86392,1.86821,1.85585,1.85585,11323.64240587,2026-02-24 16:00:00+00:00
1771950600000,1.85108,1.86117,1.84364,1.86074,19836.20955044,2026-02-24 16:30:00+00:00
1771952400000,1.86118,1.86871,1.86118,1.8612,31774.75751942,2026-02-24 17:00:00+00:00
1771954200000,1.86231,1.86668,1.8617,1.86232,10712.04378811,2026-02-24 17:30:00+00:00
1771956000000,1.87,1.8746,1.85707,1.86667,7030.62777564,2026-02-24 18:00:00+00:00
1771957800000,1.86444,1.87118,1.86444,1.86699,13091.98459473,2026-02-24 18:30:00+00:00
1771959600000,1.86872,1.87023,1.85345,1.85659,4711.76944264,2026-02-24 19:00:00+00:00
1771961400000,1.85412,1.86075,1.85317,1.86075,1919.83923,2026-02-24 19:30:00+00:00
1771963200000,1.86073,1.86921,1.85951,1.86851,1448.84601038,2026-02-24 20:00:00+00:00
1771965000000,1.86691,1.86928,1.85995,1.85995,5289.68363764,2026-02-24 20:30:00+00:00
1771966800000,1.86238,1.86238,1.85172,1.8519,5618.82285408,2026-02-24 21:00:00+00:00
1771968600000,1.85341,1.85689,1.85284,1.85686,1571.71817812,2026-02-24 21:30:00+00:00
1771970400000,1.85309,1.86195,1.85309,1.86083,4352.00742337,2026-02-24 22:00:00+00:00
1771972200000,1.85446,1.85864,1.85376,1.85392,4837.18301666,2026-02-24 22:30:00+00:00
1771974000000,1.85331,1.85331,1.84218,1.85065,6377.31430119,2026-02-24 23:00:00+00:00
1771975800000,1.85065,1.85836,1.84742,1.84742,1330.42523224,2026-02-24 23:30:00+00:00
1771977600000,1.84929,1.85156,1.84181,1.84181,3936.69124059,2026-02-25 00:00:00+00:00
1771979400000,1.84541,1.85268,1.84541,1.84981,434.11703304,2026-02-25 00:30:00+00:00
1771981200000,1.85176,1.9163,1.85176,1.89979,106551.84554638,2026-02-25 01:00:00+00:00
1771983000000,1.9047,1.90597,1.89663,1.90098,16496.23895504,2026-02-25 01:30:00+00:00
1771984800000,1.90725,1.91334,1.89922,1.9044,11564.73157094,2026-02-25 02:00:00+00:00
1771986600000,1.90621,1.9064,1.89,1.89,9267.57498583,2026-02-25 02:30:00+00:00
1771988400000,1.89,1.89,1.87612,1.87955,2026.54460873,2026-02-25 03:00:00+00:00
1771990200000,1.87503,1.87934,1.87503,1.87742,9016.3683872,2026-02-25 03:30:00+00:00
1771992000000,1.87544,1.87721,1.8687,1.87701,8537.2565412,2026-02-25 04:00:00+00:00
1771993800000,1.8767,1.88362,1.87379,1.87505,4305.80274338,2026-02-25 04:30:00+00:00
1771995600000,1.87527,1.87527,1.86631,1.86631,1866.54193365,2026-02-25 05:00:00+00:00
1771997400000,1.86741,1.86758,1.85346,1.86,8036.23637414,2026-02-25 05:30:00+00:00
1771999200000,1.86073,1.86856,1.86073,1.8677,2066.38080027,2026-02-25 06:00:00+00:00
1772001000000,1.86725,1.87141,1.86014,1.86014,431.03571371,2026-02-25 06:30:00+00:00
1772002800000,1.8683,1.8705,1.8683,1.8705,54.49849127,2026-02-25 07:00:00+00:00
1772004600000,1.86919,1.86919,1.86795,1.86799,311.6495,2026-02-25 07:30:00+00:00
1772006400000,1.86958,1.87275,1.86892,1.87272,1179.90165729,2026-02-25 08:00:00+00:00
1772008200000,1.87503,1.88098,1.87503,1.87985,1084.63387582,2026-02-25 08:30:00+00:00
1772010000000,1.88564,1.8893,1.88456,1.88912,1232.39372963,2026-02-25 09:00:00+00:00
1772011800000,1.88828,1.89175,1.88737,1.89175,830.09462737,2026-02-25 09:30:00+00:00
1772013600000,1.89171,1.89411,1.88809,1.88812,132.92779,2026-02-25 10:00:00+00:00
1772015400000,1.88697,1.88833,1.88641,1.88701,420.96625,2026-02-25 10:30:00+00:00
1772017200000,1.8837,1.89411,1.88305,1.89151,541.88992044,2026-02-25 11:00:00+00:00
1772019000000,1.89506,1.90015,1.89494,1.90007,8951.31487667,2026-02-25 11:30:00+00:00
1772020800000,1.89985,1.90973,1.89606,1.90915,3022.41905151,2026-02-25 12:00:00+00:00
1772022600000,1.91,1.92356,1.91,1.91774,4475.85565633,2026-02-25 12:30:00+00:00
1772024400000,1.92383,1.926,1.91834,1.926,2991.31656504,2026-02-25 13:00:00+00:00
1772026200000,1.92854,1.95147,1.92559,1.93845,4899.98877454,2026-02-25 13:30:00+00:00
1772028000000,1.9442,1.95222,1.9442,1.94789,2493.90429704,2026-02-25 14:00:00+00:00
1772029800000,1.9432,1.9672,1.9402,1.9672,15366.37424753,2026-02-25 14:30:00+00:00
1772031600000,1.97099,1.97479,1.95278,1.96121,21018.6194986,2026-02-25 15:00:00+00:00
1772033400000,1.96652,1.9769,1.96447,1.97417,12819.37053098,2026-02-25 15:30:00+00:00
1772035200000,1.97427,1.98394,1.97137,1.98,23316.48936926,2026-02-25 16:00:00+00:00
1772037000000,1.97829,1.98499,1.96934,1.98499,12215.74897995,2026-02-25 16:30:00+00:00
1772038800000,1.98832,2.01691,1.98188,2.01691,18401.68324814,2026-02-25 17:00:00+00:00
1772040600000,2.01,2.01206,2.00446,2.00608,4805.98829346,2026-02-25 17:30:00+00:00
1772042400000,2.00471,2.01881,1.99298,2.0182,6630.90331219,2026-02-25 18:00:00+00:00
1772044200000,2.0112,2.01942,2.00886,2.01475,2697.8820743,2026-02-25 18:30:00+00:00
1772046000000,2.0144,2.01479,1.99941,2.0032,6796.92593641,2026-02-25 19:00:00+00:00
1772047800000,1.99953,2.00662,1.98981,2.00662,17427.58869582,2026-02-25 19:30:00+00:00
1772049600000,2.00765,2.01126,1.99703,1.99737,4258.02252472,2026-02-25 20:00:00+00:00
1772051400000,2.00341,2.00983,2.00341,2.0047,5796.37856018,2026-02-25 20:30:00+00:00
1772053200000,2.00605,2.0112,2.00542,2.00703,4603.37581038,2026-02-25 21:00:00+00:00
1772055000000,2.00474,2.03823,2.00474,2.01892,19219.6557505,2026-02-25 21:30:00+00:00
1772056800000,2.02648,2.03255,2.01963,2.01964,6092.60660218,2026-02-25 22:00:00+00:00
1772058600000,2.01841,2.01855,1.97287,1.99019,41127.58077005,2026-02-25 22:30:00+00:00
1772060400000,1.98505,1.99348,1.96975,1.96975,5439.93114233,2026-02-25 23:00:00+00:00
1772062200000,1.96522,1.96522,1.94312,1.9618,13198.74862793,2026-02-25 23:30:00+00:00
1772064000000,1.96048,1.98094,1.95274,1.97468,15528.37701265,2026-02-26 00:00:00+00:00
1772065800000,1.97163,1.97604,1.95087,1.96425,16505.5015818,2026-02-26 00:30:00+00:00
1772067600000,1.97023,1.97086,1.95758,1.95771,4985.2115095,2026-02-26 01:00:00+00:00
1772069400000,1.95556,1.9581,1.94688,1.94688,6760.9206804,2026-02-26 01:30:00+00:00
1772071200000,1.94592,1.9481,1.93934,1.94706,2229.17071365,2026-02-26 02:00:00+00:00
1772073000000,1.94797,1.96531,1.94797,1.96531,2114.7963471,2026-02-26 02:30:00+00:00
1772074800000,1.9703,1.97035,1.96332,1.96637,4514.98693176,2026-02-26 03:00:00+00:00
1772076600000,1.96764,1.97463,1.96764,1.97326,1546.7536895,2026-02-26 03:30:00+00:00
1772078400000,1.97292,1.98894,1.97292,1.98894,365.02248174,2026-02-26 04:00:00+00:00
1772080200000,1.99036,2.00535,1.99036,1.99605,14706.03510859,2026-02-26 04:30:00+00:00
1772082000000,1.99673,1.99689,1.96991,1.97944,7805.6765131,2026-02-26 05:00:00+00:00
1772083800000,1.98235,1.98412,1.98081,1.98257,5322.02119901,2026-02-26 05:30:00+00:00
1772085600000,1.97962,1.99027,1.97962,1.98097,3610.57927754,2026-02-26 06:00:00+00:00
1772087400000,1.98133,1.98133,1.97577,1.97673,1541.94222882,2026-02-26 06:30:00+00:00
1772089200000,1.97569,1.9764,1.97104,1.9725,641.35320399,2026-02-26 07:00:00+00:00
1772091000000,1.96549,1.96549,1.95634,1.95634,3079.01925531,2026-02-26 07:30:00+00:00
1772092800000,1.96362,1.974,1.9635,1.974,1830.43360814,2026-02-26 08:00:00+00:00
1772094600000,1.96931,1.97359,1.96739,1.96752,596.66144476,2026-02-26 08:30:00+00:00
1772096400000,1.96629,1.98098,1.96629,1.97819,2696.30285898,2026-02-26 09:00:00+00:00
1772098200000,1.98716,1.98716,1.98506,1.98506,1685.56550891,2026-02-26 09:30:00+00:00
1772100000000,1.98792,1.9928,1.9863,1.99053,1088.70567909,2026-02-26 10:00:00+00:00
1772101800000,1.9864,1.98909,1.97626,1.97644,253.56277,2026-02-26 10:30:00+00:00
1772103600000,1.97596,1.97598,1.96847,1.9701,3164.68736697,2026-02-26 11:00:00+00:00
1772105400000,1.97063,1.97347,1.96463,1.96586,954.16644,2026-02-26 11:30:00+00:00
1772107200000,1.96833,1.9739,1.96819,1.96877,2087.93805102,2026-02-26 12:00:00+00:00
1772109000000,1.97169,1.97437,1.9702,1.97437,2578.83498854,2026-02-26 12:30:00+00:00
1772110800000,1.97114,1.97672,1.96671,1.97672,1539.47324758,2026-02-26 13:00:00+00:00
1772112600000,1.97572,1.9771,1.97134,1.97362,2713.68957867,2026-02-26 13:30:00+00:00
1772114400000,1.97143,1.97544,1.96379,1.97356,13540.67613152,2026-02-26 14:00:00+00:00
1772116200000,1.97216,1.97216,1.94883,1.96156,5230.73785548,2026-02-26 14:30:00+00:00
1772118000000,1.96437,1.96437,1.94,1.9407,5258.33183389,2026-02-26 15:00:00+00:00
1772119800000,1.941,1.95798,1.93398,1.94792,22297.22332887,2026-02-26 15:30:00+00:00
1772121600000,1.94166,1.9445,1.93631,1.94202,1508.23445999,2026-02-26 16:00:00+00:00
1772123400000,1.94095,1.94095,1.8975,1.90102,26114.54592074,2026-02-26 16:30:00+00:00
1772125200000,1.90218,1.91274,1.90143,1.9106,10242.18873751,2026-02-26 17:00:00+00:00
1772127000000,1.908,1.908,1.89918,1.90322,7799.57351243,2026-02-26 17:30:00+00:00
1772128800000,1.90112,1.90587,1.89534,1.89626,11181.62141538,2026-02-26 18:00:00+00:00
1772130600000,1.90025,1.91337,1.89972,1.90802,4100.83927878,2026-02-26 18:30:00+00:00
1772132400000,1.90929,1.92888,1.90929,1.91903,37848.15058923,2026-02-26 19:00:00+00:00
1772415000000,1.8686,1.87452,1.86585,1.86913,4545.16234913,2026-03-02 01:30:00+00:00
1772416800000,1.87211,1.87541,1.85165,1.86131,2196.62928595,2026-03-02 02:00:00+00:00
1772418600000,1.8603,1.86651,1.85818,1.86374,3431.05522948,2026-03-02 02:30:00+00:00
1772420400000,1.86114,1.87382,1.86102,1.873,9049.10353302,2026-03-02 03:00:00+00:00
1772422200000,1.873,1.87865,1.87299,1.87815,5059.39640011,2026-03-02 03:30:00+00:00
1772424000000,1.87566,1.87566,1.87022,1.87338,2609.7473579,2026-03-02 04:00:00+00:00
1772425800000,1.87402,1.87568,1.8642,1.8642,3547.21200926,2026-03-02 04:30:00+00:00
1772427600000,1.86671,1.86822,1.85459,1.8615,3442.06708631,2026-03-02 05:00:00+00:00
1772429400000,1.86539,1.86982,1.86539,1.86883,268.77036226,2026-03-02 05:30:00+00:00
1772431200000,1.86111,1.86199,1.84535,1.8462,3063.11714637,2026-03-02 06:00:00+00:00
1772433000000,1.85189,1.85213,1.84486,1.84567,2914.07629234,2026-03-02 06:30:00+00:00
1772434800000,1.84469,1.84554,1.83092,1.83927,5832.79366595,2026-03-02 07:00:00+00:00
1772436600000,1.84572,1.84593,1.84402,1.84402,379.18648,2026-03-02 07:30:00+00:00
1772438400000,1.84056,1.84528,1.83248,1.84064,3548.56809571,2026-03-02 08:00:00+00:00
1772440200000,1.83804,1.85085,1.83794,1.85085,3055.23864741,2026-03-02 08:30:00+00:00
1772442000000,1.8525,1.85699,1.85179,1.85193,2539.90699129,2026-03-02 09:00:00+00:00
1772443800000,1.85302,1.85302,1.84987,1.84987,28.07436635,2026-03-02 09:30:00+00:00
1772445600000,1.84875,1.84894,1.84361,1.84606,403.7123502,2026-03-02 10:00:00+00:00
1772447400000,1.84665,1.84665,1.84339,1.84582,3760.17273692,2026-03-02 10:30:00+00:00
1772449200000,1.84467,1.84467,1.84036,1.84173,2652.71334218,2026-03-02 11:00:00+00:00
1772451000000,1.84809,1.85019,1.84509,1.84509,620.23558799,2026-03-02 11:30:00+00:00
1772452800000,1.84614,1.84884,1.84614,1.84774,2109.97914105,2026-03-02 12:00:00+00:00
1772454600000,1.84244,1.84412,1.84042,1.84387,2099.00647294,2026-03-02 12:30:00+00:00
1772456400000,1.84229,1.84293,1.83543,1.83543,2580.20396402,2026-03-02 13:00:00+00:00
1772458200000,1.83899,1.83954,1.83204,1.833,3323.44036474,2026-03-02 13:30:00+00:00
1772460000000,1.83303,1.83526,1.82815,1.83259,2584.64658238,2026-03-02 14:00:00+00:00
1772461800000,1.83246,1.88261,1.83246,1.87839,58033.37528428,2026-03-02 14:30:00+00:00
1772463600000,1.88153,1.93201,1.87845,1.91278,25317.67869167,2026-03-02 15:00:00+00:00
1772465400000,1.91927,1.93695,1.90368,1.91977,8884.4203099,2026-03-02 15:30:00+00:00
1772467200000,1.92176,1.94759,1.92096,1.93283,46745.17572595,2026-03-02 16:00:00+00:00
1772469000000,1.93331,1.94604,1.91983,1.9319,4331.41084118,2026-03-02 16:30:00+00:00
1772470800000,1.9314,1.93253,1.91387,1.92092,14161.19329919,2026-03-02 17:00:00+00:00
1772472600000,1.92132,1.92354,1.89463,1.91254,29985.07881842,2026-03-02 17:30:00+00:00
1772474400000,1.90732,1.9209,1.89682,1.91843,32960.15894802,2026-03-02 18:00:00+00:00
1772476200000,1.91861,1.92417,1.91652,1.9184,8433.91316958,2026-03-02 18:30:00+00:00
1772478000000,1.91628,1.91703,1.90653,1.91701,2787.30578219,2026-03-02 19:00:00+00:00
1772479800000,1.91353,1.91939,1.91046,1.91493,4365.99257868,2026-03-02 19:30:00+00:00
1772481600000,1.9139,1.91915,1.8991,1.91057,8934.53159328,2026-03-02 20:00:00+00:00
1772483400000,1.90973,1.91806,1.90942,1.91113,1234.55630466,2026-03-02 20:30:00+00:00
1772485200000,1.90354,1.90426,1.89964,1.90366,1271.96080468,2026-03-02 21:00:00+00:00
1772487000000,1.90552,1.91328,1.90503,1.91328,4366.8383351,2026-03-02 21:30:00+00:00
1772488800000,1.91137,1.92301,1.91137,1.91806,19140.56340182,2026-03-02 22:00:00+00:00
1772490600000,1.91745,1.92048,1.91266,1.91424,8889.5556349,2026-03-02 22:30:00+00:00
1772492400000,1.91281,1.91445,1.90421,1.90421,3354.63020736,2026-03-02 23:00:00+00:00
1772494200000,1.9,1.90748,1.89873,1.90045,4859.22799293,2026-03-02 23:30:00+00:00
1772496000000,1.90105,1.90736,1.89295,1.89295,2977.10446202,2026-03-03 00:00:00+00:00
1772497800000,1.89531,1.90575,1.89295,1.89845,6560.46312058,2026-03-03 00:30:00+00:00
1772499600000,1.89861,1.90634,1.89498,1.89499,4053.97129303,2026-03-03 01:00:00+00:00
1772501400000,1.89032,1.89857,1.88642,1.89297,14337.67774676,2026-03-03 01:30:00+00:00
1772503200000,1.89031,1.89063,1.88288,1.88586,2254.25107395,2026-03-03 02:00:00+00:00
1772505000000,1.88682,1.88794,1.88272,1.88286,1710.28120298,2026-03-03 02:30:00+00:00
1772506800000,1.88309,1.88309,1.87001,1.87392,1816.03566264,2026-03-03 03:00:00+00:00
1772508600000,1.87549,1.88001,1.87549,1.87658,2179.1050559,2026-03-03 03:30:00+00:00
1772510400000,1.87653,1.87791,1.873,1.873,1335.02825419,2026-03-03 04:00:00+00:00
1772512200000,1.87356,1.87356,1.86867,1.86867,4321.90379685,2026-03-03 04:30:00+00:00
1772514000000,1.86863,1.88085,1.86525,1.8776,6155.07730955,2026-03-03 05:00:00+00:00
1772515800000,1.87612,1.87617,1.86274,1.86437,4150.49457122,2026-03-03 05:30:00+00:00
1772517600000,1.86612,1.8694,1.86434,1.86497,134.37831,2026-03-03 06:00:00+00:00
1772519400000,1.86336,1.86483,1.85872,1.8642,5261.59652373,2026-03-03 06:30:00+00:00
1772521200000,1.8613,1.86803,1.86127,1.86773,1432.31256951,2026-03-03 07:00:00+00:00
1772523000000,1.86069,1.864,1.85704,1.86353,2624.14059768,2026-03-03 07:30:00+00:00
1772524800000,1.86626,1.87226,1.85808,1.85808,3685.88927962,2026-03-03 08:00:00+00:00
1772526600000,1.85779,1.85794,1.84651,1.8473,6722.96511321,2026-03-03 08:30:00+00:00
1772528400000,1.84727,1.85584,1.84444,1.84444,3701.68716323,2026-03-03 09:00:00+00:00
1772530200000,1.84306,1.84718,1.83787,1.84564,2482.74751295,2026-03-03 09:30:00+00:00
1772532000000,1.84625,1.84625,1.83879,1.84186,4897.27209889,2026-03-03 10:00:00+00:00
1772533800000,1.84218,1.85033,1.84118,1.85033,6354.97096599,2026-03-03 10:30:00+00:00
1772535600000,1.85181,1.85579,1.84782,1.85011,1139.65535,2026-03-03 11:00:00+00:00
1772537400000,1.85,1.85494,1.84838,1.85446,1190.65689935,2026-03-03 11:30:00+00:00
1772539200000,1.8535,1.86773,1.85346,1.86199,5503.7799251,2026-03-03 12:00:00+00:00
1772541000000,1.86001,1.86096,1.85631,1.85908,6083.71575197,2026-03-03 12:30:00+00:00
1772542800000,1.85908,1.85908,1.84734,1.84862,3523.88143278,2026-03-03 13:00:00+00:00
1772544600000,1.84823,1.84824,1.84142,1.84796,4166.20225337,2026-03-03 13:30:00+00:00
1772546400000,1.84684,1.85719,1.84684,1.85549,5984.95218036,2026-03-03 14:00:00+00:00
1772548200000,1.86229,1.8641,1.835,1.85001,29177.89470185,2026-03-03 14:30:00+00:00
1772550000000,1.84959,1.85536,1.84273,1.84554,9842.21097973,2026-03-03 15:00:00+00:00
1772551800000,1.84654,1.87183,1.84654,1.87183,15705.81431214,2026-03-03 15:30:00+00:00
1772553600000,1.87049,1.89614,1.86902,1.89336,18904.49534819,2026-03-03 16:00:00+00:00
1772555400000,1.88638,1.88701,1.85828,1.86871,58295.55960432,2026-03-03 16:30:00+00:00
1772557200000,1.87143,1.87143,1.85546,1.86057,22054.57231085,2026-03-03 17:00:00+00:00
1772559000000,1.8547,1.87579,1.8547,1.87154,3878.69861573,2026-03-03 17:30:00+00:00
1772560800000,1.87598,1.87602,1.86172,1.87602,5280.15816411,2026-03-03 18:00:00+00:00
1772562600000,1.873,1.87754,1.86853,1.86967,6166.08086269,2026-03-03 18:30:00+00:00
1772564400000,1.86509,1.86794,1.86135,1.86777,1001.87204342,2026-03-03 19:00:00+00:00
1772566200000,1.86551,1.86759,1.85959,1.86113,2254.89518762,2026-03-03 19:30:00+00:00
1772568000000,1.86386,1.86403,1.85555,1.85601,14659.27870956,2026-03-03 20:00:00+00:00
1772569800000,1.8583,1.86058,1.85073,1.85073,1251.27505201,2026-03-03 20:30:00+00:00
1772571600000,1.85073,1.85281,1.84661,1.84744,9590.72561488,2026-03-03 21:00:00+00:00
1772573400000,1.84783,1.85674,1.84783,1.85641,1586.12096,2026-03-03 21:30:00+00:00
1772575200000,1.85695,1.86525,1.85695,1.86198,5133.55028616,2026-03-03 22:00:00+00:00
1772577000000,1.85933,1.86813,1.85933,1.86415,3892.4048027,2026-03-03 22:30:00+00:00
1772578800000,1.86461,1.86951,1.86237,1.86498,3118.86452065,2026-03-03 23:00:00+00:00
1772580600000,1.86335,1.86521,1.8608,1.86264,2745.38807994,2026-03-03 23:30:00+00:00
1772582400000,1.8608,1.86577,1.86,1.8645,3487.44051973,2026-03-04 00:00:00+00:00
1772584200000,1.86345,1.86622,1.85375,1.86365,6246.94199133,2026-03-04 00:30:00+00:00
1772586000000,1.86026,1.86859,1.86026,1.86859,4032.82343751,2026-03-04 01:00:00+00:00
1772587800000,1.86955,1.87477,1.86526,1.86974,2226.43720006,2026-03-04 01:30:00+00:00
1772589600000,1.86342,1.87195,1.86044,1.86079,3667.82718446,2026-03-04 02:00:00+00:00
1772591400000,1.85818,1.8651,1.85818,1.86382,999.35313938,2026-03-04 02:30:00+00:00
1772593200000,1.86336,1.86502,1.8595,1.8595,1152.02552046,2026-03-04 03:00:00+00:00
1772595000000,1.85677,1.85677,1.84397,1.85305,4840.81100443,2026-03-04 03:30:00+00:00
1772596800000,1.85215,1.85346,1.84388,1.8455,3211.19624344,2026-03-04 04:00:00+00:00
1772598600000,1.84551,1.85371,1.84422,1.85256,3306.71220187,2026-03-04 04:30:00+00:00
1772600400000,1.85226,1.86014,1.84948,1.85438,8933.63146367,2026-03-04 05:00:00+00:00
1772602200000,1.85584,1.86487,1.8516,1.86001,4164.3216388,2026-03-04 05:30:00+00:00
1772604000000,1.85527,1.85543,1.84895,1.85068,8854.24382273,2026-03-04 06:00:00+00:00
1772605800000,1.85114,1.86151,1.85114,1.86054,6389.25535441,2026-03-04 06:30:00+00:00
1772607600000,1.86076,1.86076,1.86053,1.86053,990.52766886,2026-03-04 07:00:00+00:00
1772609400000,1.8666,1.87892,1.86649,1.87892,3813.36025152,2026-03-04 07:30:00+00:00
1772611200000,1.87789,1.885,1.87243,1.87245,3731.90744622,2026-03-04 08:00:00+00:00
1772613000000,1.87776,1.923,1.87767,1.92102,24384.12154808,2026-03-04 08:30:00+00:00
1772614800000,1.92285,1.94044,1.91991,1.93415,4014.1726837,2026-03-04 09:00:00+00:00
1772616600000,1.9362,1.94768,1.93212,1.93212,16851.62576725,2026-03-04 09:30:00+00:00
1772618400000,1.93812,1.93812,1.92493,1.92511,430.27449011,2026-03-04 10:00:00+00:00
1772620200000,1.92596,1.92614,1.91977,1.92015,2073.14086599,2026-03-04 10:30:00+00:00
1772622000000,1.92288,1.93021,1.92288,1.9239,5011.28920907,2026-03-04 11:00:00+00:00
1772623800000,1.92219,1.92266,1.90716,1.91424,1219.92258298,2026-03-04 11:30:00+00:00
1772625600000,1.91367,1.91367,1.8954,1.89596,1846.49016251,2026-03-04 12:00:00+00:00
1772627400000,1.89379,1.90644,1.89043,1.90644,15732.39869326,2026-03-04 12:30:00+00:00
1772629200000,1.90675,1.91371,1.90594,1.91273,7996.54894292,2026-03-04 13:00:00+00:00
1772631000000,1.91469,1.91664,1.91368,1.91664,1642.07926117,2026-03-04 13:30:00+00:00
1772632800000,1.922,1.93341,1.92083,1.92935,12972.46071166,2026-03-04 14:00:00+00:00
1772634600000,1.93312,1.95,1.92742,1.93515,12204.29207605,2026-03-04 14:30:00+00:00
1772636400000,1.9363,1.9741,1.9363,1.9741,29134.38659022,2026-03-04 15:00:00+00:00
1772638200000,1.97169,2.0006,1.96921,1.99803,10386.38078199,2026-03-04 15:30:00+00:00
1772640000000,1.99979,2.01251,1.96936,1.98253,38184.66869302,2026-03-04 16:00:00+00:00
1772641800000,1.98058,1.98959,1.97979,1.98269,3973.14193573,2026-03-04 16:30:00+00:00
1772643600000,1.9813,1.98851,1.96539,1.96711,9084.61252781,2026-03-04 17:00:00+00:00
1772645400000,1.97116,1.97912,1.96998,1.97333,7158.90005379,2026-03-04 17:30:00+00:00
1772647200000,1.97365,1.97778,1.97096,1.97697,2515.80121381,2026-03-04 18:00:00+00:00
1772649000000,1.9767,1.993,1.97048,1.98825,8493.42532119,2026-03-04 18:30:00+00:00
1772650800000,1.98923,2.00694,1.988,1.99336,17768.37816812,2026-03-04 19:00:00+00:00
1772652600000,1.99385,2.00723,1.99,1.99,14010.02275216,2026-03-04 19:30:00+00:00
1772654400000,1.98829,1.99642,1.98,1.99642,13126.591915,2026-03-04 20:00:00+00:00
1772656200000,1.99502,2.00001,1.98767,1.99571,11494.54114661,2026-03-04 20:30:00+00:00
1772658000000,1.99385,1.99403,1.9762,1.97772,2313.07177717,2026-03-04 21:00:00+00:00
1772659800000,1.97382,1.9796,1.97191,1.97512,3140.42068374,2026-03-04 21:30:00+00:00
1772661600000,1.97845,1.98446,1.97655,1.97693,7546.38193422,2026-03-04 22:00:00+00:00
1772663400000,1.97524,1.97524,1.95019,1.95019,25601.23272177,2026-03-04 22:30:00+00:00
1772665200000,1.95573,1.95573,1.94514,1.94853,6875.57392087,2026-03-04 23:00:00+00:00
1772667000000,1.94173,1.95359,1.93564,1.95177,6162.16813106,2026-03-04 23:30:00+00:00
1772668800000,1.95763,1.95763,1.94457,1.9491,2485.52024227,2026-03-05 00:00:00+00:00
1772670600000,1.94785,1.95327,1.94316,1.94943,6916.11039715,2026-03-05 00:30:00+00:00
1772672400000,1.94816,1.9569,1.94505,1.94734,1733.93160959,2026-03-05 01:00:00+00:00
1772674200000,1.94445,1.94553,1.93369,1.93369,6207.7698158,2026-03-05 01:30:00+00:00
1772676000000,1.9428,1.94705,1.9428,1.94578,3320.1177569,2026-03-05 02:00:00+00:00
1772677800000,1.94036,1.94036,1.93607,1.93739,6272.31448135,2026-03-05 02:30:00+00:00
1772679600000,1.93907,1.94264,1.93772,1.93971,3205.06119624,2026-03-05 03:00:00+00:00
1772681400000,1.93687,1.94263,1.93677,1.93907,6678.73479285,2026-03-05 03:30:00+00:00
1772683200000,1.94021,1.95092,1.94003,1.94991,10030.18398818,2026-03-05 04:00:00+00:00
1772685000000,1.94669,1.95666,1.94655,1.9519,2668.23898241,2026-03-05 04:30:00+00:00
1772686800000,1.95184,1.95339,1.93626,1.93626,2239.96788489,2026-03-05 05:00:00+00:00
1772688600000,1.93791,1.93811,1.93493,1.93522,1678.49386,2026-03-05 05:30:00+00:00
1772690400000,1.9328,1.9404,1.92775,1.93877,1305.67039691,2026-03-05 06:00:00+00:00
1772692200000,1.93716,1.94721,1.93573,1.94721,2022.89563126,2026-03-05 06:30:00+00:00
1772694000000,1.94643,1.95078,1.94415,1.94866,291.93117,2026-03-05 07:00:00+00:00
1772695800000,1.93712,1.93713,1.92534,1.92895,6983.26301228,2026-03-05 07:30:00+00:00
1772697600000,1.93155,1.93174,1.92907,1.92991,942.40345362,2026-03-05 08:00:00+00:00
1772699400000,1.93182,1.93856,1.93182,1.93856,855.51885,2026-03-05 08:30:00+00:00
1772701200000,1.94406,1.9486,1.94406,1.94639,5453.46026,2026-03-05 09:00:00+00:00
1772703000000,1.95165,1.95236,1.94839,1.95236,3070.87588294,2026-03-05 09:30:00+00:00
1772704800000,1.95216,1.96853,1.95067,1.96853,574.30544853,2026-03-05 10:00:00+00:00
1772706600000,1.97149,1.98246,1.97043,1.97874,1233.27194143,2026-03-05 10:30:00+00:00
1772708400000,1.97842,1.97843,1.96954,1.97187,2746.91338401,2026-03-05 11:00:00+00:00
1772710200000,1.96105,1.96124,1.96105,1.96124,32.14134442,2026-03-05 11:30:00+00:00
1772712000000,1.96053,1.96543,1.95658,1.96333,1990.07155643,2026-03-05 12:00:00+00:00
1772713800000,1.96161,1.96731,1.95786,1.96705,1507.01372206,2026-03-05 12:30:00+00:00
1772715600000,1.96551,1.96551,1.94334,1.9455,2970.98453046,2026-03-05 13:00:00+00:00
1772717400000,1.94807,1.95358,1.93871,1.95021,14994.59009509,2026-03-05 13:30:00+00:00
1772719200000,1.95249,1.95373,1.94501,1.94794,4717.92219149,2026-03-05 14:00:00+00:00
1772721000000,1.95214,1.96642,1.94211,1.9618,43817.72452304,2026-03-05 14:30:00+00:00
1772722800000,1.96725,1.96725,1.92602,1.93235,26224.68965421,2026-03-05 15:00:00+00:00
1772724600000,1.93423,1.94171,1.93219,1.93587,5483.04240996,2026-03-05 15:30:00+00:00
1772726400000,1.93786,1.93786,1.91752,1.9299,8252.07936864,2026-03-05 16:00:00+00:00
1772728200000,1.93188,1.93801,1.93188,1.93331,7996.68083053,2026-03-05 16:30:00+00:00
1772730000000,1.93465,1.94473,1.92305,1.92623,4069.35493828,2026-03-05 17:00:00+00:00
1772731800000,1.92436,1.92436,1.92,1.92,3772.61701357,2026-03-05 17:30:00+00:00
1772733600000,1.92025,1.92586,1.91979,1.92116,1803.20760382,2026-03-05 18:00:00+00:00
1772735400000,1.92505,1.93177,1.92505,1.9309,1719.85002673,2026-03-05 18:30:00+00:00
1772737200000,1.93601,1.94668,1.93546,1.93963,9996.57304218,2026-03-05 19:00:00+00:00
1772739000000,1.93921,1.94041,1.93257,1.93257,2369.67460437,2026-03-05 19:30:00+00:00
1772740800000,1.934,1.93759,1.93234,1.93634,1796.26356973,2026-03-05 20:00:00+00:00
1772742600000,1.93682,1.94159,1.93352,1.93352,5193.04587237,2026-03-05 20:30:00+00:00
1772744400000,1.93585,1.94144,1.93577,1.94056,13376.0754946,2026-03-05 21:00:00+00:00
1772746200000,1.93899,1.93904,1.92311,1.92574,12645.79632661,2026-03-05 21:30:00+00:00
1772748000000,1.92745,1.92828,1.92001,1.92227,14889.54225816,2026-03-05 22:00:00+00:00
1772749800000,1.92961,1.92961,1.92383,1.92383,39113.4041373,2026-03-05 22:30:00+00:00
1772751600000,1.92558,1.92601,1.9216,1.92581,2036.902612,2026-03-05 23:00:00+00:00
1772753400000,1.92611,1.92611,1.92,1.92001,2573.1141971,2026-03-05 23:30:00+00:00
1772755200000,1.92148,1.92659,1.92,1.92105,9094.41406822,2026-03-06 00:00:00+00:00
1772757000000,1.92072,1.92181,1.91848,1.91972,2602.89922335,2026-03-06 00:30:00+00:00
1772758800000,1.92018,1.92285,1.91219,1.91353,1948.06029186,2026-03-06 01:00:00+00:00
1772760600000,1.9243,1.93287,1.92411,1.93034,5241.15764713,2026-03-06 01:30:00+00:00
1772762400000,1.93007,1.93176,1.92549,1.92918,5092.72448606,2026-03-06 02:00:00+00:00
1772764200000,1.92898,1.92915,1.92636,1.92781,7743.91659468,2026-03-06 02:30:00+00:00
1772766000000,1.92755,1.92933,1.91959,1.92488,3899.25272827,2026-03-06 03:00:00+00:00
1772767800000,1.92203,1.92317,1.91957,1.92214,1240.21205048,2026-03-06 03:30:00+00:00
1772769600000,1.92037,1.92063,1.91555,1.91712,1166.35094113,2026-03-06 04:00:00+00:00
1772771400000,1.91544,1.9159,1.90147,1.91501,6816.02484134,2026-03-06 04:30:00+00:00
1772773200000,1.91416,1.91851,1.90958,1.91013,4195.87062567,2026-03-06 05:00:00+00:00
1772775000000,1.9084,1.91331,1.90578,1.91331,1915.80634374,2026-03-06 05:30:00+00:00
1772776800000,1.91244,1.91449,1.91102,1.91437,1416.18397821,2026-03-06 06:00:00+00:00
1772778600000,1.9145,1.91884,1.91302,1.9156,2239.73404967,2026-03-06 06:30:00+00:00
1772780400000,1.91515,1.9182,1.91042,1.91295,1351.60699,2026-03-06 07:00:00+00:00
1772782200000,1.92306,1.92445,1.92211,1.92383,389.77743,2026-03-06 07:30:00+00:00
1772784000000,1.92366,1.92366,1.91925,1.91925,1625.43331362,2026-03-06 08:00:00+00:00
1772785800000,1.91771,1.91938,1.91699,1.91938,720.94493,2026-03-06 08:30:00+00:00
1772787600000,1.92221,1.92235,1.90964,1.90971,1522.11783021,2026-03-06 09:00:00+00:00
1772789400000,1.90725,1.91279,1.90646,1.91279,210.76408,2026-03-06 09:30:00+00:00
1772791200000,1.9126,1.91982,1.9126,1.91982,138.88731,2026-03-06 10:00:00+00:00
1772793000000,1.92361,1.92498,1.91824,1.91824,267.79317724,2026-03-06 10:30:00+00:00
1772794800000,1.91753,1.91753,1.91639,1.91639,7.55188,2026-03-06 11:00:00+00:00
1772796600000,1.91411,1.91499,1.90802,1.90802,4346.15070147,2026-03-06 11:30:00+00:00
1772798400000,1.90785,1.90836,1.89816,1.90774,1557.14238571,2026-03-06 12:00:00+00:00
1772800200000,1.90004,1.90306,1.89323,1.9015,8523.06456974,2026-03-06 12:30:00+00:00
1772802000000,1.89963,1.90425,1.89857,1.90425,1019.73119263,2026-03-06 13:00:00+00:00
1772803800000,1.9011,1.90378,1.8766,1.8766,27580.95143443,2026-03-06 13:30:00+00:00
1772805600000,1.87152,1.87714,1.86312,1.87126,13151.28137881,2026-03-06 14:00:00+00:00
1772807400000,1.87,1.87,1.84805,1.84874,22575.79804829,2026-03-06 14:30:00+00:00
1772809200000,1.85634,1.86341,1.85084,1.86116,4439.2665939,2026-03-06 15:00:00+00:00
1772811000000,1.86202,1.86202,1.84716,1.85147,5452.46841246,2026-03-06 15:30:00+00:00
1772812800000,1.85091,1.85466,1.84877,1.85264,2026.56952568,2026-03-06 16:00:00+00:00
1772814600000,1.85334,1.8568,1.84683,1.84855,9268.04860703,2026-03-06 16:30:00+00:00
1772816400000,1.84865,1.85004,1.84132,1.84559,53008.03104309,2026-03-06 17:00:00+00:00
1772818200000,1.84547,1.84547,1.83449,1.83891,12457.91753407,2026-03-06 17:30:00+00:00
1772820000000,1.83918,1.84921,1.83918,1.84569,26134.24152052,2026-03-06 18:00:00+00:00
1772821800000,1.84929,1.85283,1.84799,1.84813,18591.81764804,2026-03-06 18:30:00+00:00
1772823600000,1.84931,1.85632,1.84844,1.8518,22077.96867221,2026-03-06 19:00:00+00:00
1772825400000,1.85261,1.85536,1.84997,1.85519,21064.64321739,2026-03-06 19:30:00+00:00
1772827200000,1.85495,1.85519,1.8455,1.84643,77650.95992871,2026-03-06 20:00:00+00:00
1772829000000,1.84704,1.84968,1.84336,1.84343,6365.72062077,2026-03-06 20:30:00+00:00
1772830800000,1.84646,1.8511,1.84585,1.8511,6307.10551248,2026-03-06 21:00:00+00:00
1772832600000,1.8507,1.85621,1.84971,1.85416,11713.91322202,2026-03-06 21:30:00+00:00
1772834400000,1.85434,1.85764,1.85281,1.85611,2876.19945478,2026-03-06 22:00:00+00:00
1772836200000,1.85727,1.86418,1.85705,1.86248,2022.75015906,2026-03-06 22:30:00+00:00
1772838000000,1.86226,1.86226,1.85481,1.85682,7602.83611902,2026-03-06 23:00:00+00:00
1772839800000,1.85712,1.85712,1.8532,1.85376,2710.77919285,2026-03-06 23:30:00+00:00
1772841600000,1.85447,1.86139,1.85447,1.86,2323.94926213,2026-03-07 00:00:00+00:00
1772843400000,1.86003,1.86201,1.85883,1.85986,4989.21514204,2026-03-07 00:30:00+00:00
1772845200000,1.86051,1.86207,1.85797,1.8584,8057.47335491,2026-03-07 01:00:00+00:00
1772847000000,1.85805,1.86205,1.85681,1.86083,3195.86135509,2026-03-07 01:30:00+00:00
1772848800000,1.86073,1.86121,1.85554,1.85554,1359.70823926,2026-03-07 02:00:00+00:00
1772850600000,1.85509,1.85981,1.85427,1.85974,1652.48969471,2026-03-07 02:30:00+00:00
1772852400000,1.8609,1.87001,1.8609,1.86124,2374.60990622,2026-03-07 03:00:00+00:00
1772854200000,1.86136,1.86165,1.85803,1.8587,4058.10262661,2026-03-07 03:30:00+00:00
1772856000000,1.8579,1.8579,1.85191,1.85566,9719.61161401,2026-03-07 04:00:00+00:00
1772857800000,1.85418,1.8553,1.85415,1.855,2485.65018032,2026-03-07 04:30:00+00:00
1772859600000,1.85475,1.85868,1.85313,1.85794,2593.19078,2026-03-07 05:00:00+00:00
1772861400000,1.85728,1.85997,1.85614,1.85938,3871.96721006,2026-03-07 05:30:00+00:00
1772863200000,1.85963,1.86064,1.85701,1.85701,5581.09929617,2026-03-07 06:00:00+00:00
1772865000000,1.85662,1.85662,1.85339,1.85339,162.40524683,2026-03-07 06:30:00+00:00
1772866800000,1.85451,1.85613,1.8529,1.85559,765.1198346,2026-03-07 07:00:00+00:00
1772868600000,1.85529,1.85896,1.85363,1.85896,1005.41422,2026-03-07 07:30:00+00:00
1772870400000,1.85973,1.86035,1.85911,1.8593,136.18851259,2026-03-07 08:00:00+00:00
1772872200000,1.85817,1.85884,1.85817,1.85884,318.64799,2026-03-07 08:30:00+00:00
1772874000000,1.85507,1.85921,1.85416,1.85877,212.33325351,2026-03-07 09:00:00+00:00
1772875800000,1.85847,1.85922,1.8578,1.85922,648.09525215,2026-03-07 09:30:00+00:00
1772877600000,1.85739,1.85883,1.85719,1.85883,27.50611092,2026-03-07 10:00:00+00:00
1772879400000,1.8596,1.8596,1.85857,1.85857,525.35186,2026-03-07 10:30:00+00:00
1772881200000,1.86137,1.86818,1.86137,1.86818,363.46749,2026-03-07 11:00:00+00:00
1772883000000,1.86503,1.86503,1.86334,1.86334,76.31111,2026-03-07 11:30:00+00:00
1772884800000,1.86234,1.86234,1.85772,1.85921,1384.43239131,2026-03-07 12:00:00+00:00
1772886600000,1.85761,1.85761,1.85444,1.85503,1006.17879624,2026-03-07 12:30:00+00:00
1772888400000,1.85534,1.85714,1.85431,1.85714,1823.3488,2026-03-07 13:00:00+00:00
1772890200000,1.85677,1.85953,1.8547,1.85486,1884.69151375,2026-03-07 13:30:00+00:00
1772892000000,1.85387,1.85387,1.8459,1.84942,12043.86562614,2026-03-07 14:00:00+00:00
1772893800000,1.85075,1.85868,1.85066,1.85557,2599.79914316,2026-03-07 14:30:00+00:00
1772895600000,1.85455,1.85455,1.84977,1.85,10813.80708842,2026-03-07 15:00:00+00:00
1772897400000,1.84924,1.85,1.84316,1.84646,5553.94771651,2026-03-07 15:30:00+00:00
1772899200000,1.8457,1.84806,1.84501,1.84806,168.38572317,2026-03-07 16:00:00+00:00
1772901000000,1.8483,1.85144,1.8483,1.85029,971.08817815,2026-03-07 16:30:00+00:00
1772902800000,1.85222,1.85698,1.85222,1.85519,7475.61326525,2026-03-07 17:00:00+00:00
1772904600000,1.85583,1.85591,1.85183,1.85183,2685.13732811,2026-03-07 17:30:00+00:00
1772906400000,1.85,1.85,1.8392,1.84571,15098.06706764,2026-03-07 18:00:00+00:00
1772908200000,1.84594,1.84737,1.84346,1.84726,1346.89274864,2026-03-07 18:30:00+00:00
1772910000000,1.846,1.84606,1.8369,1.83879,8103.68310172,2026-03-07 19:00:00+00:00
1772911800000,1.83861,1.84319,1.83488,1.83711,5503.25955899,2026-03-07 19:30:00+00:00
1772913600000,1.83831,1.8434,1.83831,1.84316,4973.23362843,2026-03-07 20:00:00+00:00
1772915400000,1.84478,1.84545,1.84275,1.84362,2345.96457214,2026-03-07 20:30:00+00:00
1772917200000,1.84219,1.8476,1.84209,1.8476,2608.31216993,2026-03-07 21:00:00+00:00
1772919000000,1.84752,1.84752,1.84375,1.8445,1825.34310526,2026-03-07 21:30:00+00:00
1772920800000,1.84522,1.84522,1.83952,1.84107,7017.45388651,2026-03-07 22:00:00+00:00
1772922600000,1.84187,1.84503,1.84032,1.84032,851.48663,2026-03-07 22:30:00+00:00
1772924400000,1.84076,1.84408,1.84011,1.84382,2152.63629451,2026-03-07 23:00:00+00:00
1772926200000,1.84472,1.8458,1.84446,1.8458,93.88728232,2026-03-07 23:30:00+00:00
1772928000000,1.84589,1.84923,1.84436,1.8455,2434.77531376,2026-03-08 00:00:00+00:00
1772929800000,1.84501,1.84501,1.84265,1.84265,31.88274,2026-03-08 00:30:00+00:00
1772931600000,1.8435,1.84351,1.84071,1.84229,1028.51582978,2026-03-08 01:00:00+00:00
1772933400000,1.83842,1.84707,1.83842,1.84602,3250.69302836,2026-03-08 01:30:00+00:00
1772935200000,1.84586,1.84586,1.84331,1.84331,3188.3782014,2026-03-08 02:00:00+00:00
1772937000000,1.83999,1.84352,1.831,1.8335,8250.80597327,2026-03-08 02:30:00+00:00
1772938800000,1.83341,1.83761,1.83,1.83567,3795.93268881,2026-03-08 03:00:00+00:00
1772940600000,1.83603,1.8388,1.83492,1.83553,2269.64548921,2026-03-08 03:30:00+00:00
1772942400000,1.83404,1.83443,1.83169,1.83169,7902.55425213,2026-03-08 04:00:00+00:00
1772944200000,1.83142,1.83173,1.82616,1.82732,531.13506288,2026-03-08 04:30:00+00:00
1772946000000,1.82936,1.84606,1.82923,1.84501,6613.44600826,2026-03-08 05:00:00+00:00
1772947800000,1.84513,1.84513,1.84152,1.84199,1607.85980878,2026-03-08 05:30:00+00:00
1772949600000,1.84188,1.84188,1.83751,1.83751,284.28380047,2026-03-08 06:00:00+00:00
1772951400000,1.83785,1.83986,1.83765,1.83986,2298.62074,2026-03-08 06:30:00+00:00
1772953200000,1.84007,1.85,1.84007,1.84955,2700.07104527,2026-03-08 07:00:00+00:00
1772955000000,1.84982,1.85345,1.84976,1.84978,278.92705951,2026-03-08 07:30:00+00:00
1772956800000,1.84752,1.84752,1.845,1.84557,2790.74242361,2026-03-08 08:00:00+00:00
1772958600000,1.84613,1.85303,1.845,1.85014,884.00413215,2026-03-08 08:30:00+00:00
1772960400000,1.84699,1.85547,1.8465,1.85547,173.07506808,2026-03-08 09:00:00+00:00
1772962200000,1.8553,1.85533,1.85442,1.85452,368.26713,2026-03-08 09:30:00+00:00
1772964000000,1.85296,1.86457,1.85296,1.86453,909.80590401,2026-03-08 10:00:00+00:00
1772965800000,1.86211,1.86222,1.85837,1.85838,1700.97219653,2026-03-08 10:30:00+00:00
1772967600000,1.8536,1.8536,1.84908,1.84908,1095.80734237,2026-03-08 11:00:00+00:00
1772969400000,1.85251,1.85265,1.84578,1.84578,3158.0123038,2026-03-08 11:30:00+00:00
1772971200000,1.84566,1.84824,1.83,1.84447,5288.15661508,2026-03-08 12:00:00+00:00
1772973000000,1.84214,1.84406,1.83784,1.83957,585.6548967,2026-03-08 12:30:00+00:00
1772974800000,1.83873,1.83873,1.82461,1.8341,4741.31659156,2026-03-08 13:00:00+00:00
1772976600000,1.83203,1.83676,1.83063,1.83676,506.57114295,2026-03-08 13:30:00+00:00
1772978400000,1.83634,1.83964,1.83281,1.83281,2485.34324723,2026-03-08 14:00:00+00:00
1772980200000,1.83405,1.83468,1.83082,1.83214,15677.80950109,2026-03-08 14:30:00+00:00
1772982000000,1.83576,1.8366,1.831,1.831,3432.75614268,2026-03-08 15:00:00+00:00
1772983800000,1.83043,1.83269,1.82783,1.83186,4844.25247016,2026-03-08 15:30:00+00:00
1772985600000,1.83133,1.83184,1.82665,1.82742,6724.79016667,2026-03-08 16:00:00+00:00
1772987400000,1.82693,1.82823,1.82111,1.82181,8458.19574255,2026-03-08 16:30:00+00:00
1772989200000,1.82346,1.83158,1.82346,1.82814,1945.06004388,2026-03-08 17:00:00+00:00
1772991000000,1.82973,1.82973,1.82537,1.82756,2737.35728511,2026-03-08 17:30:00+00:00
1772992800000,1.83062,1.83062,1.8258,1.82942,1198.97483082,2026-03-08 18:00:00+00:00
1772994600000,1.83243,1.83243,1.82799,1.83228,1035.30255753,2026-03-08 18:30:00+00:00
1772996400000,1.83155,1.84722,1.82834,1.84609,25625.01683934,2026-03-08 19:00:00+00:00
1772998200000,1.84722,1.85044,1.84258,1.84439,7550.16314693,2026-03-08 19:30:00+00:00
1773000000000,1.84614,1.84663,1.84072,1.84295,2680.21794742,2026-03-08 20:00:00+00:00
1773001800000,1.84455,1.85083,1.84164,1.84164,2262.77777824,2026-03-08 20:30:00+00:00
1773003600000,1.84285,1.84304,1.8325,1.83939,9312.06815268,2026-03-08 21:00:00+00:00
1773005400000,1.83889,1.83919,1.83562,1.8382,662.81212,2026-03-08 21:30:00+00:00
1773007200000,1.83485,1.83485,1.80149,1.82505,26287.02943396,2026-03-08 22:00:00+00:00
1773009000000,1.82397,1.83442,1.82048,1.83202,21801.79270405,2026-03-08 22:30:00+00:00
1773010800000,1.83409,1.83797,1.83409,1.83779,19921.09765793,2026-03-08 23:00:00+00:00
1773012600000,1.8363,1.83632,1.82592,1.82592,3732.94444701,2026-03-08 23:30:00+00:00
1773014400000,1.83558,1.84141,1.83,1.83458,3025.6883942,2026-03-09 00:00:00+00:00
1773016200000,1.839,1.85239,1.83671,1.83804,3242.53589198,2026-03-09 00:30:00+00:00
1773018000000,1.83644,1.84022,1.8289,1.83909,11321.26369755,2026-03-09 01:00:00+00:00
1773019800000,1.83608,1.84024,1.82664,1.82664,5531.65765636,2026-03-09 01:30:00+00:00
1773021600000,1.82579,1.83072,1.82283,1.82301,1868.28261946,2026-03-09 02:00:00+00:00
1773023400000,1.82115,1.83284,1.82106,1.82995,3104.39325519,2026-03-09 02:30:00+00:00
1773025200000,1.82811,1.85337,1.82811,1.84098,11149.56627714,2026-03-09 03:00:00+00:00
1773027000000,1.84152,1.84246,1.82955,1.83359,3240.20227,2026-03-09 03:30:00+00:00
1773028800000,1.83519,1.84043,1.83315,1.84043,6453.5471034,2026-03-09 04:00:00+00:00
1773030600000,1.83662,1.83673,1.82426,1.82447,7064.33659541,2026-03-09 04:30:00+00:00
1773032400000,1.82411,1.82746,1.82228,1.8251,2789.53867245,2026-03-09 05:00:00+00:00
1773034200000,1.82254,1.8409,1.82254,1.8409,2262.63437438,2026-03-09 05:30:00+00:00
1773036000000,1.83757,1.84007,1.83565,1.83712,4420.67896551,2026-03-09 06:00:00+00:00
1773037800000,1.83379,1.83379,1.82513,1.82519,193.97667,2026-03-09 06:30:00+00:00
1773039600000,1.82468,1.82502,1.80915,1.81556,22353.28151394,2026-03-09 07:00:00+00:00
1773041400000,1.81736,1.81736,1.81646,1.81716,197.21163805,2026-03-09 07:30:00+00:00
1773043200000,1.81866,1.82738,1.81866,1.82738,656.58009294,2026-03-09 08:00:00+00:00
1773045000000,1.82904,1.83035,1.8282,1.829,499.15419,2026-03-09 08:30:00+00:00
1773046800000,1.82624,1.83254,1.82624,1.83254,1417.39567287,2026-03-09 09:00:00+00:00
1773048600000,1.83769,1.84892,1.83769,1.84167,1509.87196054,2026-03-09 09:30:00+00:00
1773050400000,1.83799,1.83856,1.83464,1.83468,5546.00276602,2026-03-09 10:00:00+00:00
1773052200000,1.83248,1.83278,1.82416,1.82416,371.84379593,2026-03-09 10:30:00+00:00
1773054000000,1.82511,1.82701,1.82108,1.82108,203.65571284,2026-03-09 11:00:00+00:00
1773055800000,1.82539,1.83093,1.82538,1.83093,2755.84624807,2026-03-09 11:30:00+00:00
1773057600000,1.8298,1.83457,1.8298,1.83373,2027.19557,2026-03-09 12:00:00+00:00
1773059400000,1.84202,1.84202,1.83709,1.83833,5748.4681769,2026-03-09 12:30:00+00:00
1773061200000,1.83997,1.85237,1.83962,1.85237,13583.81819888,2026-03-09 13:00:00+00:00
1773063000000,1.85455,1.86579,1.85102,1.85611,17962.83527765,2026-03-09 13:30:00+00:00
1773064800000,1.85695,1.86245,1.8486,1.85366,4619.10809676,2026-03-09 14:00:00+00:00
1773066600000,1.8548,1.86031,1.85346,1.85427,5079.93190174,2026-03-09 14:30:00+00:00
1773068400000,1.85621,1.85968,1.85276,1.85562,10245.82607,2026-03-09 15:00:00+00:00
1773070200000,1.85573,1.85582,1.84626,1.84802,13185.50731757,2026-03-09 15:30:00+00:00
1773072000000,1.84822,1.85612,1.84753,1.85451,8774.04471477,2026-03-09 16:00:00+00:00
1773073800000,1.85215,1.86206,1.84729,1.85319,5749.14522491,2026-03-09 16:30:00+00:00
1773075600000,1.85721,1.86118,1.85496,1.8553,11239.62103562,2026-03-09 17:00:00+00:00
1773077400000,1.8571,1.85793,1.84886,1.85338,2419.78888,2026-03-09 17:30:00+00:00
1773079200000,1.85196,1.8551,1.84433,1.85452,5312.55549293,2026-03-09 18:00:00+00:00
1773081000000,1.85669,1.85965,1.8496,1.85012,6346.65293396,2026-03-09 18:30:00+00:00
1773082800000,1.84674,1.87,1.84255,1.87,32900.261172,2026-03-09 19:00:00+00:00
1773084600000,1.87709,1.87826,1.85896,1.86429,21721.28203702,2026-03-09 19:30:00+00:00
1773086400000,1.86687,1.87283,1.86452,1.86828,6615.61508,2026-03-09 20:00:00+00:00
1773088200000,1.864,1.86792,1.86,1.86788,3530.09756712,2026-03-09 20:30:00+00:00
1773090000000,1.86957,1.87148,1.86716,1.86869,2210.58109412,2026-03-09 21:00:00+00:00
1773091800000,1.86864,1.87165,1.86694,1.8684,636.46303136,2026-03-09 21:30:00+00:00
1773093600000,1.87055,1.87056,1.86,1.8652,8501.74000602,2026-03-09 22:00:00+00:00
1773095400000,1.86435,1.86435,1.85116,1.85116,6222.98112948,2026-03-09 22:30:00+00:00
1773097200000,1.85572,1.85896,1.85422,1.85439,1195.21221684,2026-03-09 23:00:00+00:00
1773099000000,1.85432,1.85513,1.85136,1.85136,6554.89614528,2026-03-09 23:30:00+00:00
1773100800000,1.85471,1.86381,1.85253,1.86374,686.19739258,2026-03-10 00:00:00+00:00
1773102600000,1.86382,1.86765,1.86258,1.86378,5634.98006998,2026-03-10 00:30:00+00:00
1773104400000,1.8645,1.86623,1.86111,1.865,1581.11379599,2026-03-10 01:00:00+00:00
1773106200000,1.8646,1.87017,1.86049,1.86865,4614.82830145,2026-03-10 01:30:00+00:00
1773108000000,1.86792,1.86851,1.86465,1.86811,3004.85744,2026-03-10 02:00:00+00:00
1773109800000,1.87254,1.89249,1.87254,1.88924,6008.75466219,2026-03-10 02:30:00+00:00
1773111600000,1.88975,1.89256,1.88823,1.88823,2198.74051,2026-03-10 03:00:00+00:00
1773113400000,1.887,1.88997,1.87317,1.87317,7627.08225666,2026-03-10 03:30:00+00:00
1773115200000,1.87154,1.87348,1.87095,1.87196,589.48541253,2026-03-10 04:00:00+00:00
1773117000000,1.8736,1.88035,1.8736,1.88011,757.68827558,2026-03-10 04:30:00+00:00
1773118800000,1.88015,1.89071,1.87969,1.89071,2352.8549253,2026-03-10 05:00:00+00:00
1773120600000,1.88145,1.88527,1.88121,1.88362,1090.61475827,2026-03-10 05:30:00+00:00
1773122400000,1.88169,1.88169,1.87439,1.87995,383.31007872,2026-03-10 06:00:00+00:00
1773124200000,1.87799,1.87971,1.87492,1.87595,1005.52544,2026-03-10 06:30:00+00:00
1773126000000,1.87389,1.88163,1.87117,1.88163,9987.71839459,2026-03-10 07:00:00+00:00
1773127800000,1.88175,1.8845,1.87952,1.88249,2187.39283,2026-03-10 07:30:00+00:00
1773129600000,1.8907,1.89671,1.89004,1.89427,4822.10739293,2026-03-10 08:00:00+00:00
1773131400000,1.9,1.91654,1.9,1.90576,4559.1418617,2026-03-10 08:30:00+00:00
1773133200000,1.91024,1.92571,1.91024,1.92571,740.74676512,2026-03-10 09:00:00+00:00
1773135000000,1.924,1.9281,1.92381,1.9281,1081.39646316,2026-03-10 09:30:00+00:00
1773136800000,1.92523,1.92622,1.91799,1.91799,13004.64934683,2026-03-10 10:00:00+00:00
1773138600000,1.91512,1.91512,1.90896,1.9095,10697.20132388,2026-03-10 10:30:00+00:00
1773140400000,1.90963,1.90963,1.89665,1.89665,7423.04232775,2026-03-10 11:00:00+00:00
1773142200000,1.88971,1.89092,1.88753,1.8899,6252.00304825,2026-03-10 11:30:00+00:00
1773144000000,1.88853,1.88948,1.87689,1.87689,21953.37390408,2026-03-10 12:00:00+00:00
1773145800000,1.87699,1.88415,1.87392,1.88345,17044.02081367,2026-03-10 12:30:00+00:00
1773147600000,1.88325,1.90239,1.88325,1.89944,5285.29061122,2026-03-10 13:00:00+00:00
1773149400000,1.8962,1.89869,1.87934,1.89584,14821.82757385,2026-03-10 13:30:00+00:00
1773151200000,1.89299,1.89939,1.87928,1.89939,5025.23736824,2026-03-10 14:00:00+00:00
1773153000000,1.90209,1.94678,1.89902,1.9442,21731.94087936,2026-03-10 14:30:00+00:00
1773154800000,1.94903,1.95355,1.92777,1.93135,34096.75031613,2026-03-10 15:00:00+00:00
1773156600000,1.93898,1.94284,1.93276,1.94284,18009.52352877,2026-03-10 15:30:00+00:00
1773158400000,1.94406,1.95046,1.9359,1.9446,5123.41284641,2026-03-10 16:00:00+00:00
1773160200000,1.94575,1.94591,1.93638,1.93937,11636.22213603,2026-03-10 16:30:00+00:00
1773162000000,1.93988,1.943,1.9296,1.9296,6165.6871,2026-03-10 17:00:00+00:00
1773163800000,1.92875,1.93102,1.91484,1.92145,2404.29364432,2026-03-10 17:30:00+00:00
1773165600000,1.91949,1.91968,1.89221,1.90227,32466.31433657,2026-03-10 18:00:00+00:00
1773167400000,1.89829,1.89895,1.89288,1.89455,14400.19652571,2026-03-10 18:30:00+00:00
1773169200000,1.89256,1.89567,1.88355,1.88355,3326.36969399,2026-03-10 19:00:00+00:00
1773171000000,1.88245,1.88471,1.87597,1.87878,639.92532696,2026-03-10 19:30:00+00:00
1773172800000,1.88292,1.89344,1.88292,1.89246,8285.87465712,2026-03-10 20:00:00+00:00
1773174600000,1.89449,1.89621,1.88956,1.89083,2380.36406655,2026-03-10 20:30:00+00:00
1773176400000,1.89119,1.89499,1.88715,1.88715,4166.4729,2026-03-10 21:00:00+00:00
1773178200000,1.88937,1.89048,1.87755,1.88082,2565.5405222,2026-03-10 21:30:00+00:00
1773180000000,1.88485,1.88581,1.87307,1.88449,3855.83832959,2026-03-10 22:00:00+00:00
1773181800000,1.88203,1.88405,1.88184,1.88195,9240.8762971,2026-03-10 22:30:00+00:00
1773183600000,1.88215,1.88555,1.88215,1.88384,6468.88276054,2026-03-10 23:00:00+00:00
1773185400000,1.88368,1.88807,1.88367,1.88481,2839.48758335,2026-03-10 23:30:00+00:00
1773187200000,1.88573,1.88721,1.88167,1.88666,3355.17248411,2026-03-11 00:00:00+00:00
1773189000000,1.8853,1.8932,1.88079,1.89062,1151.65658882,2026-03-11 00:30:00+00:00
1773190800000,1.88643,1.88924,1.88413,1.88478,1418.93375677,2026-03-11 01:00:00+00:00
1773192600000,1.88402,1.88994,1.88265,1.88994,1590.2255288,2026-03-11 01:30:00+00:00
1773194400000,1.88989,1.8899,1.88155,1.88211,1833.5504483,2026-03-11 02:00:00+00:00
1773196200000,1.88065,1.88065,1.87277,1.87676,4009.98892114,2026-03-11 02:30:00+00:00
1773198000000,1.87926,1.87926,1.8718,1.8718,1738.76759701,2026-03-11 03:00:00+00:00
1773199800000,1.87283,1.87346,1.87182,1.87214,1090.64616258,2026-03-11 03:30:00+00:00
1773201600000,1.87072,1.88063,1.87,1.88063,1353.69123631,2026-03-11 04:00:00+00:00
1773203400000,1.87858,1.88442,1.87858,1.88442,2158.00108294,2026-03-11 04:30:00+00:00
1773205200000,1.88402,1.88665,1.87892,1.8808,6440.15264536,2026-03-11 05:00:00+00:00
1773207000000,1.87944,1.87959,1.86794,1.86949,17994.46918625,2026-03-11 05:30:00+00:00
1773208800000,1.8702,1.87299,1.8702,1.87283,1435.65338,2026-03-11 06:00:00+00:00
1773210600000,1.87552,1.8796,1.87278,1.87845,13974.99534994,2026-03-11 06:30:00+00:00
1773212400000,1.8767,1.8767,1.8757,1.8757,47.29662079,2026-03-11 07:00:00+00:00
1773214200000,1.87524,1.87531,1.86918,1.87177,898.61769963,2026-03-11 07:30:00+00:00
1773216000000,1.87155,1.87155,1.86642,1.86654,100.04044486,2026-03-11 08:00:00+00:00
1773217800000,1.86708,1.87167,1.86708,1.86831,1334.76786428,2026-03-11 08:30:00+00:00
1773219600000,1.86734,1.87162,1.86653,1.87162,7774.83196019,2026-03-11 09:00:00+00:00
1773221400000,1.86929,1.87451,1.86672,1.86672,2438.75861523,2026-03-11 09:30:00+00:00
1773223200000,1.86764,1.8697,1.86764,1.8697,1371.58029297,2026-03-11 10:00:00+00:00
1773225000000,1.87361,1.8747,1.87234,1.87234,53217.35257926,2026-03-11 10:30:00+00:00
1773226800000,1.87488,1.87609,1.87028,1.87045,1489.77829372,2026-03-11 11:00:00+00:00
1773228600000,1.86705,1.86705,1.86516,1.86519,655.55091,2026-03-11 11:30:00+00:00
1773230400000,1.86669,1.87617,1.86303,1.87617,4868.78717389,2026-03-11 12:00:00+00:00
1773232200000,1.87817,1.88193,1.8727,1.87948,17190.92864953,2026-03-11 12:30:00+00:00
1773234000000,1.88283,1.89933,1.88231,1.89701,3978.27903765,2026-03-11 13:00:00+00:00
1773235800000,1.89946,1.91792,1.88586,1.8933,20981.46503402,2026-03-11 13:30:00+00:00
1773237600000,1.90031,1.90482,1.88776,1.89716,9995.3269351,2026-03-11 14:00:00+00:00
1773239400000,1.89982,1.90483,1.8973,1.90111,4019.38502389,2026-03-11 14:30:00+00:00
1773241200000,1.89423,1.89436,1.88269,1.88939,3794.24922491,2026-03-11 15:00:00+00:00
1773243000000,1.87383,1.88405,1.87,1.88277,6224.42477219,2026-03-11 15:30:00+00:00
1773244800000,1.88235,1.88697,1.8802,1.88539,5679.43420304,2026-03-11 16:00:00+00:00
1773246600000,1.88505,1.89535,1.88505,1.887,19616.58033154,2026-03-11 16:30:00+00:00
1773248400000,1.88861,1.90349,1.8882,1.90209,4412.8936107,2026-03-11 17:00:00+00:00
1773250200000,1.89683,1.90222,1.88879,1.90036,13880.49971699,2026-03-11 17:30:00+00:00
1773252000000,1.90138,1.90877,1.9012,1.90518,4165.2113212,2026-03-11 18:00:00+00:00
1773253800000,1.90502,1.91331,1.90268,1.91046,8058.4082361,2026-03-11 18:30:00+00:00
1773255600000,1.91125,1.91142,1.89579,1.89579,3100.78723206,2026-03-11 19:00:00+00:00
1773257400000,1.89402,1.89878,1.88804,1.88804,1944.04367406,2026-03-11 19:30:00+00:00
1773259200000,1.89068,1.89394,1.88955,1.8897,394.93413082,2026-03-11 20:00:00+00:00
1773261000000,1.89067,1.89591,1.89067,1.89257,1798.54931,2026-03-11 20:30:00+00:00
1773262800000,1.89643,1.89643,1.89107,1.89263,5741.2067849,2026-03-11 21:00:00+00:00
1773264600000,1.89275,1.89727,1.89214,1.89456,4081.96539298,2026-03-11 21:30:00+00:00
1773266400000,1.89631,1.89998,1.89283,1.89283,7572.20555479,2026-03-11 22:00:00+00:00
1773268200000,1.89158,1.89373,1.88914,1.89373,7269.20060588,2026-03-11 22:30:00+00:00
1773270000000,1.89558,1.89558,1.89041,1.89169,3371.67602781,2026-03-11 23:00:00+00:00
1773271800000,1.88922,1.89103,1.88232,1.886,3932.03898132,2026-03-11 23:30:00+00:00
1773273600000,1.88588,1.88705,1.88155,1.88705,472.40721592,2026-03-12 00:00:00+00:00
1773275400000,1.88255,1.88479,1.88218,1.88479,1636.4079156,2026-03-12 00:30:00+00:00
1773277200000,1.88315,1.88324,1.87062,1.87809,15890.23939731,2026-03-12 01:00:00+00:00
1773279000000,1.87741,1.87804,1.87426,1.87454,3231.2418,2026-03-12 01:30:00+00:00
1773280800000,1.87472,1.87679,1.87162,1.8721,4723.4716946,2026-03-12 02:00:00+00:00
1773282600000,1.8721,1.8721,1.86718,1.86735,2208.46662114,2026-03-12 02:30:00+00:00
1773284400000,1.86824,1.87124,1.86824,1.86908,883.2893575,2026-03-12 03:00:00+00:00
1773286200000,1.86904,1.86992,1.865,1.86963,1752.75500521,2026-03-12 03:30:00+00:00
1773288000000,1.86972,1.87438,1.86836,1.86842,829.23179397,2026-03-12 04:00:00+00:00
1773289800000,1.86726,1.86907,1.86437,1.86583,1050.91610135,2026-03-12 04:30:00+00:00
1773291600000,1.86538,1.86771,1.86111,1.86111,2800.90863525,2026-03-12 05:00:00+00:00
1773293400000,1.86091,1.86392,1.86,1.86296,12878.39378298,2026-03-12 05:30:00+00:00
1773295200000,1.86407,1.86424,1.86319,1.86319,224.05380326,2026-03-12 06:00:00+00:00
1773297000000,1.86529,1.86749,1.86529,1.8671,1073.58103,2026-03-12 06:30:00+00:00
1773298800000,1.86651,1.86764,1.86628,1.86764,1440.10728,2026-03-12 07:00:00+00:00
1773300600000,1.87419,1.87424,1.87241,1.87242,210.23423778,2026-03-12 07:30:00+00:00
1773302400000,1.873,1.87802,1.873,1.87802,461.0608,2026-03-12 08:00:00+00:00
1773304200000,1.87509,1.87807,1.87229,1.87807,5361.63127436,2026-03-12 08:30:00+00:00
1773306000000,1.87575,1.87593,1.87207,1.87225,277.00347,2026-03-12 09:00:00+00:00
1773307800000,1.87367,1.88489,1.87308,1.88073,1590.06013,2026-03-12 09:30:00+00:00
1773309600000,1.88051,1.88541,1.87648,1.88331,343.719998,2026-03-12 10:00:00+00:00
1773311400000,1.88428,1.89248,1.88421,1.89169,273.24848417,2026-03-12 10:30:00+00:00
1773313200000,1.88989,1.89268,1.88819,1.88883,3993.67623107,2026-03-12 11:00:00+00:00
1773315000000,1.89316,1.89481,1.88993,1.88996,316.73946753,2026-03-12 11:30:00+00:00
1773316800000,1.89028,1.89477,1.88728,1.89477,1248.37775395,2026-03-12 12:00:00+00:00
1773318600000,1.89402,1.89421,1.89014,1.89014,4424.48977314,2026-03-12 12:30:00+00:00
1773320400000,1.89005,1.89033,1.88575,1.88575,3891.08515,2026-03-12 13:00:00+00:00
1773322200000,1.88466,1.89492,1.87826,1.87899,3368.89847623,2026-03-12 13:30:00+00:00
1773324000000,1.88261,1.88976,1.87826,1.87826,594.73377117,2026-03-12 14:00:00+00:00
1773325800000,1.87803,1.87846,1.86385,1.86605,10788.59009113,2026-03-12 14:30:00+00:00
1773327600000,1.86498,1.88305,1.86498,1.88131,2793.28445933,2026-03-12 15:00:00+00:00
1773329400000,1.87712,1.88537,1.87712,1.8805,1166.71687514,2026-03-12 15:30:00+00:00
1773331200000,1.87968,1.88575,1.87283,1.8795,2768.41355466,2026-03-12 16:00:00+00:00
1773333000000,1.88241,1.88773,1.88241,1.88572,989.14545317,2026-03-12 16:30:00+00:00
1773334800000,1.88486,1.88648,1.88018,1.88018,5438.33356284,2026-03-12 17:00:00+00:00
1773336600000,1.88159,1.88638,1.87991,1.88173,24059.26682133,2026-03-12 17:30:00+00:00
1773338400000,1.88152,1.88507,1.87584,1.87592,1350.9213988,2026-03-12 18:00:00+00:00
1773340200000,1.87567,1.87684,1.86957,1.87133,785.07267,2026-03-12 18:30:00+00:00
1773342000000,1.87075,1.87923,1.86925,1.87923,456.7140445,2026-03-12 19:00:00+00:00
1773343800000,1.87969,1.88292,1.87865,1.88163,23893.8854726,2026-03-12 19:30:00+00:00
1773345600000,1.88092,1.88229,1.87379,1.87556,3673.91446352,2026-03-12 20:00:00+00:00
1773347400000,1.87283,1.8751,1.87234,1.87234,2976.99537602,2026-03-12 20:30:00+00:00
1773349200000,1.87349,1.87859,1.87349,1.87428,1373.95487016,2026-03-12 21:00:00+00:00
1773351000000,1.87362,1.87779,1.87211,1.87719,9421.25513618,2026-03-12 21:30:00+00:00
1773352800000,1.87873,1.87967,1.8747,1.87719,4012.94473479,2026-03-12 22:00:00+00:00
1773354600000,1.87684,1.88156,1.87312,1.88156,3095.64922527,2026-03-12 22:30:00+00:00
1773356400000,1.88242,1.89707,1.88226,1.88961,14280.25062995,2026-03-12 23:00:00+00:00
1773358200000,1.89317,1.89317,1.88802,1.88802,1703.19216544,2026-03-12 23:30:00+00:00
1773360000000,1.88987,1.92393,1.88758,1.91401,4331.2946573,2026-03-13 00:00:00+00:00
1773361800000,1.918,1.93918,1.91228,1.91228,30169.4596553,2026-03-13 00:30:00+00:00
1773363600000,1.92281,1.93081,1.92165,1.92286,5055.25571228,2026-03-13 01:00:00+00:00
1773365400000,1.9223,1.92903,1.91561,1.92879,3644.03334516,2026-03-13 01:30:00+00:00
1773367200000,1.92385,1.92596,1.92009,1.92097,4576.56363667,2026-03-13 02:00:00+00:00
1773369000000,1.91931,1.91932,1.91027,1.91229,3179.13140684,2026-03-13 02:30:00+00:00
1773370800000,1.91343,1.91881,1.9125,1.91409,1457.56007026,2026-03-13 03:00:00+00:00
1773372600000,1.91369,1.92911,1.91369,1.92904,5086.01381999,2026-03-13 03:30:00+00:00
1773374400000,1.9272,1.92778,1.92157,1.92157,691.28056737,2026-03-13 04:00:00+00:00
1773376200000,1.92206,1.92971,1.92206,1.92401,1002.39522704,2026-03-13 04:30:00+00:00
1773378000000,1.92676,1.93,1.92275,1.93,751.67880549,2026-03-13 05:00:00+00:00
1773379800000,1.93195,1.945,1.93194,1.94485,6325.05278143,2026-03-13 05:30:00+00:00
1773381600000,1.94471,1.94507,1.93854,1.93854,2341.98049541,2026-03-13 06:00:00+00:00
1773383400000,1.93054,1.93275,1.92949,1.93178,1026.37232802,2026-03-13 06:30:00+00:00
1773385200000,1.93077,1.93684,1.93077,1.93662,1721.54063,2026-03-13 07:00:00+00:00
1773387000000,1.93316,1.93358,1.93246,1.93259,3242.74805614,2026-03-13 07:30:00+00:00
1773388800000,1.93442,1.94022,1.93328,1.94022,329.1075141,2026-03-13 08:00:00+00:00
1773390600000,1.94809,1.96059,1.94809,1.95521,11099.28033037,2026-03-13 08:30:00+00:00
1773392400000,1.95074,1.96396,1.95074,1.96171,973.89569143,2026-03-13 09:00:00+00:00
1773394200000,1.95722,1.95722,1.95246,1.95246,177.34037795,2026-03-13 09:30:00+00:00
1773396000000,1.95427,1.96,1.95427,1.95666,82823.67143329,2026-03-13 10:00:00+00:00
1773397800000,1.95692,1.96766,1.95692,1.9626,2140.68845334,2026-03-13 10:30:00+00:00
1773399600000,1.96243,1.96257,1.94665,1.9493,19793.33415012,2026-03-13 11:00:00+00:00
1773401400000,1.9488,1.95206,1.93945,1.94289,19044.77284793,2026-03-13 11:30:00+00:00
1773403200000,1.94147,1.95013,1.94147,1.9466,3052.91371682,2026-03-13 12:00:00+00:00
1773405000000,1.94865,1.97195,1.94865,1.96583,68274.32112696,2026-03-13 12:30:00+00:00
1773406800000,1.965,1.98,1.96262,1.97239,14228.90022209,2026-03-13 13:00:00+00:00
1773408600000,1.97417,1.98286,1.9704,1.97983,64240.25160364,2026-03-13 13:30:00+00:00
1773410400000,1.98027,1.98784,1.97331,1.98088,16612.65869828,2026-03-13 14:00:00+00:00
1773412200000,1.98184,1.98515,1.94774,1.95129,31568.94426835,2026-03-13 14:30:00+00:00
1773414000000,1.95496,1.9621,1.94769,1.95298,16200.8351862,2026-03-13 15:00:00+00:00
1773415800000,1.94907,1.94926,1.93604,1.93604,10476.16403238,2026-03-13 15:30:00+00:00
1773417600000,1.93808,1.94059,1.925,1.93048,3336.24985283,2026-03-13 16:00:00+00:00
1773419400000,1.93245,1.94165,1.93245,1.93501,30497.16021891,2026-03-13 16:30:00+00:00
1773421200000,1.93558,1.93955,1.9252,1.9252,4505.00564119,2026-03-13 17:00:00+00:00
1773423000000,1.9248,1.92547,1.91252,1.91439,3908.2191229,2026-03-13 17:30:00+00:00
1773424800000,1.91526,1.91745,1.90902,1.91654,10954.20369197,2026-03-13 18:00:00+00:00
1773426600000,1.91836,1.92047,1.91592,1.91771,5953.03449462,2026-03-13 18:30:00+00:00
1773428400000,1.91712,1.92425,1.91712,1.92268,5896.97844176,2026-03-13 19:00:00+00:00
1773430200000,1.92353,1.9245,1.92299,1.9245,423.8196,2026-03-13 19:30:00+00:00
1773432000000,1.92408,1.9282,1.92056,1.92728,3770.18541717,2026-03-13 20:00:00+00:00
1773433800000,1.92773,1.92865,1.92575,1.92633,5157.77509916,2026-03-13 20:30:00+00:00
1773435600000,1.92471,1.92895,1.92108,1.92108,5700.4047508,2026-03-13 21:00:00+00:00
1773437400000,1.9207,1.92574,1.92005,1.92169,4336.15358953,2026-03-13 21:30:00+00:00
1773439200000,1.92575,1.92575,1.91,1.91294,4182.30214919,2026-03-13 22:00:00+00:00
1773441000000,1.91019,1.91591,1.90552,1.91423,5623.33358827,2026-03-13 22:30:00+00:00
1773442800000,1.91401,1.91906,1.91274,1.91906,457.0732591,2026-03-13 23:00:00+00:00
1773444600000,1.92029,1.92168,1.91817,1.9203,3505.24562798,2026-03-13 23:30:00+00:00
1773446400000,1.9188,1.91942,1.91577,1.91942,339.41255546,2026-03-14 00:00:00+00:00
1773448200000,1.92224,1.92291,1.91266,1.91431,2059.68387624,2026-03-14 00:30:00+00:00
1773450000000,1.91484,1.92077,1.91484,1.92025,683.77199,2026-03-14 01:00:00+00:00
1773451800000,1.91846,1.92617,1.91709,1.92535,14199.23556768,2026-03-14 01:30:00+00:00
1773453600000,1.92347,1.92629,1.92257,1.9229,780.57296594,2026-03-14 02:00:00+00:00
1773455400000,1.92206,1.92516,1.9215,1.92323,9674.21199635,2026-03-14 02:30:00+00:00
1773457200000,1.91991,1.92564,1.91904,1.92564,1165.17278972,2026-03-14 03:00:00+00:00
1773459000000,1.92407,1.92772,1.92279,1.92279,784.23643177,2026-03-14 03:30:00+00:00
1773460800000,1.92187,1.92269,1.92128,1.92231,727.42663,2026-03-14 04:00:00+00:00
1773462600000,1.92525,1.92727,1.91598,1.91598,2185.21566541,2026-03-14 04:30:00+00:00
1773464400000,1.92022,1.92189,1.91652,1.92077,15978.19335225,2026-03-14 05:00:00+00:00
1773466200000,1.91828,1.91845,1.91577,1.91675,1569.78353,2026-03-14 05:30:00+00:00
1773468000000,1.91394,1.91394,1.91128,1.91128,399.53706716,2026-03-14 06:00:00+00:00
1773469800000,1.9048,1.91122,1.90313,1.91104,2695.27667956,2026-03-14 06:30:00+00:00
1773471600000,1.91355,1.91628,1.91355,1.91561,254.76812236,2026-03-14 07:00:00+00:00
1773473400000,1.91679,1.91698,1.91322,1.91371,2251.30248797,2026-03-14 07:30:00+00:00
1773475200000,1.91469,1.91715,1.91464,1.91715,484.00698585,2026-03-14 08:00:00+00:00
1773477000000,1.91798,1.91798,1.91289,1.91321,367.31022,2026-03-14 08:30:00+00:00
1773478800000,1.91444,1.91823,1.91444,1.91823,211.73489,2026-03-14 09:00:00+00:00
1773480600000,1.91602,1.91621,1.91225,1.91402,3276.48759,2026-03-14 09:30:00+00:00
1773482400000,1.90928,1.90928,1.90853,1.90853,557.75538,2026-03-14 10:00:00+00:00
1773484200000,1.90875,1.90875,1.90695,1.90777,308.21055533,2026-03-14 10:30:00+00:00
1773486000000,1.90778,1.91124,1.90759,1.90975,395.4831008,2026-03-14 11:00:00+00:00
1773487800000,1.91216,1.91216,1.91216,1.91216,5.81068,2026-03-14 11:30:00+00:00
1773489600000,1.91246,1.91304,1.90959,1.90959,859.35966701,2026-03-14 12:00:00+00:00
1773491400000,1.90738,1.90787,1.90674,1.90728,320.07079,2026-03-14 12:30:00+00:00
1773493200000,1.90822,1.91528,1.90749,1.91528,399.83841753,2026-03-14 13:00:00+00:00
1773495000000,1.91472,1.91526,1.91076,1.91153,2409.81258319,2026-03-14 13:30:00+00:00
1773496800000,1.91133,1.91341,1.91,1.91341,5158.6202325,2026-03-14 14:00:00+00:00
1773498600000,1.9116,1.91281,1.90595,1.90948,3344.19171462,2026-03-14 14:30:00+00:00
1773500400000,1.90834,1.91161,1.90817,1.91161,1715.39708046,2026-03-14 15:00:00+00:00
1773502200000,1.91095,1.91095,1.90905,1.9097,449.75611085,2026-03-14 15:30:00+00:00
1773504000000,1.90929,1.91024,1.90605,1.91024,2374.0244881,2026-03-14 16:00:00+00:00
1773505800000,1.91074,1.91368,1.91038,1.91312,1757.99650359,2026-03-14 16:30:00+00:00
1773507600000,1.91349,1.91492,1.91239,1.91239,563.08359373,2026-03-14 17:00:00+00:00
1773509400000,1.91057,1.91113,1.9084,1.90847,1920.73225518,2026-03-14 17:30:00+00:00
1773511200000,1.90841,1.91086,1.9084,1.90991,4580.58166882,2026-03-14 18:00:00+00:00
1773513000000,1.90945,1.91229,1.90926,1.91229,3977.23840719,2026-03-14 18:30:00+00:00
1773514800000,1.91066,1.91164,1.90981,1.91057,922.42657433,2026-03-14 19:00:00+00:00
1773516600000,1.91054,1.91151,1.90966,1.91033,3491.78567604,2026-03-14 19:30:00+00:00
1773518400000,1.91056,1.91215,1.90831,1.91215,2451.7337013,2026-03-14 20:00:00+00:00
1773520200000,1.91153,1.914,1.91113,1.914,2967.61149,2026-03-14 20:30:00+00:00
1773522000000,1.91349,1.91391,1.91175,1.91391,1459.16134682,2026-03-14 21:00:00+00:00
1773523800000,1.91342,1.91768,1.91234,1.91748,4552.83228803,2026-03-14 21:30:00+00:00
1773525600000,1.91848,1.91848,1.91383,1.91781,2129.42453,2026-03-14 22:00:00+00:00
1773527400000,1.91744,1.92083,1.91683,1.91819,3681.7518093,2026-03-14 22:30:00+00:00
1773529200000,1.9201,1.92983,1.9201,1.92778,2346.96950214,2026-03-14 23:00:00+00:00
1773531000000,1.92752,1.93413,1.92752,1.93141,14056.74139741,2026-03-14 23:30:00+00:00
1773532800000,1.9323,1.93435,1.92948,1.93311,5385.21120994,2026-03-15 00:00:00+00:00
1773534600000,1.92692,1.92793,1.92539,1.92793,1940.67180188,2026-03-15 00:30:00+00:00
1773536400000,1.931,1.931,1.92525,1.92794,3499.03289377,2026-03-15 01:00:00+00:00
1773538200000,1.9279,1.92855,1.92622,1.92851,1567.38890949,2026-03-15 01:30:00+00:00
1773540000000,1.93051,1.94457,1.93051,1.94457,4581.4031241,2026-03-15 02:00:00+00:00
1773541800000,1.94203,1.94777,1.94001,1.94325,6412.05736459,2026-03-15 02:30:00+00:00
1773543600000,1.9479,1.94792,1.94178,1.94188,10418.25518118,2026-03-15 03:00:00+00:00
1773545400000,1.94163,1.94188,1.9386,1.93939,2262.88343753,2026-03-15 03:30:00+00:00
1773547200000,1.93886,1.94509,1.93717,1.94058,13767.92459748,2026-03-15 04:00:00+00:00
1773549000000,1.93956,1.94153,1.93806,1.94153,4259.766446,2026-03-15 04:30:00+00:00
1773550800000,1.94321,1.94563,1.94007,1.94464,1148.28932853,2026-03-15 05:00:00+00:00
1773552600000,1.94352,1.94657,1.93945,1.93945,652.02228888,2026-03-15 05:30:00+00:00
1773554400000,1.93805,1.93956,1.93739,1.93739,785.83757196,2026-03-15 06:00:00+00:00
1773556200000,1.92967,1.93313,1.92708,1.93313,2569.5483636,2026-03-15 06:30:00+00:00
1773558000000,1.93451,1.93451,1.93281,1.93281,16.06235,2026-03-15 07:00:00+00:00
1773559800000,1.93043,1.93043,1.92877,1.93033,837.1859863,2026-03-15 07:30:00+00:00
1773561600000,1.9318,1.93384,1.93111,1.93384,645.145,2026-03-15 08:00:00+00:00
1773563400000,1.93246,1.93607,1.93246,1.93607,45.68661,2026-03-15 08:30:00+00:00
1773565200000,1.93993,1.94139,1.93903,1.94139,6235.50587217,2026-03-15 09:00:00+00:00
1773567000000,1.94139,1.94139,1.94139,1.94139,0.0,2026-03-15 09:30:00+00:00
1773568800000,1.93893,1.94105,1.9386,1.94105,440.31638,2026-03-15 10:00:00+00:00
1773570600000,1.94133,1.94151,1.93993,1.94022,544.58507024,2026-03-15 10:30:00+00:00
1773572400000,1.9404,1.94165,1.9404,1.94165,306.67087,2026-03-15 11:00:00+00:00
1773574200000,1.9403,1.94589,1.93976,1.94589,669.41834837,2026-03-15 11:30:00+00:00
1773576000000,1.94606,1.94607,1.94082,1.94211,1520.79032542,2026-03-15 12:00:00+00:00
1773577800000,1.94877,1.95371,1.94785,1.95371,987.57068641,2026-03-15 12:30:00+00:00
1773579600000,1.95155,1.95971,1.94466,1.9509,6894.43978818,2026-03-15 13:00:00+00:00
1773581400000,1.95296,1.95296,1.94271,1.95004,3345.50426676,2026-03-15 13:30:00+00:00
1773583200000,1.95097,1.95231,1.94425,1.9443,5409.41107648,2026-03-15 14:00:00+00:00
1773585000000,1.94366,1.94392,1.9385,1.94225,1162.26456062,2026-03-15 14:30:00+00:00
1773586800000,1.94219,1.94926,1.94219,1.9446,5561.73723129,2026-03-15 15:00:00+00:00
1773588600000,1.94498,1.94498,1.94148,1.94148,3759.94675725,2026-03-15 15:30:00+00:00
1773590400000,1.93977,1.94396,1.93383,1.93831,4484.57468459,2026-03-15 16:00:00+00:00
1773592200000,1.93694,1.94126,1.93611,1.93611,3014.81961799,2026-03-15 16:30:00+00:00
1773594000000,1.93893,1.9435,1.93873,1.9393,1198.71919512,2026-03-15 17:00:00+00:00
1773595800000,1.93748,1.95113,1.93748,1.94785,4368.0388519,2026-03-15 17:30:00+00:00
1773597600000,1.94632,1.94722,1.94359,1.94504,1657.35718475,2026-03-15 18:00:00+00:00
1773599400000,1.94534,1.94554,1.93333,1.93382,2867.80808946,2026-03-15 18:30:00+00:00
1773601200000,1.93439,1.94064,1.93439,1.94064,1059.52015935,2026-03-15 19:00:00+00:00
1773603000000,1.93952,1.93952,1.93454,1.93754,6199.91277,2026-03-15 19:30:00+00:00
1773604800000,1.93729,1.93735,1.93509,1.93722,1749.58448538,2026-03-15 20:00:00+00:00
1773606600000,1.93996,1.94775,1.93996,1.94457,3091.60633172,2026-03-15 20:30:00+00:00
1773608400000,1.94525,1.94802,1.94218,1.94802,2202.8628026,2026-03-15 21:00:00+00:00
1773610200000,1.94822,1.96,1.94822,1.9579,9298.28066298,2026-03-15 21:30:00+00:00
1773612000000,1.96691,1.96919,1.9545,1.96014,3693.41204279,2026-03-15 22:00:00+00:00
1773613800000,1.95926,2.00597,1.95926,1.99579,28388.64915162,2026-03-15 22:30:00+00:00
1773615600000,1.99435,1.99435,1.97271,1.97819,23510.46225013,2026-03-15 23:00:00+00:00
1773617400000,1.97845,1.98638,1.97385,1.98413,6960.80021812,2026-03-15 23:30:00+00:00
1773619200000,1.99033,1.99748,1.9839,1.98417,6359.37959349,2026-03-16 00:00:00+00:00
1773621000000,1.98323,1.98756,1.98033,1.98191,4656.02696298,2026-03-16 00:30:00+00:00
1773622800000,1.98028,1.98506,1.97358,1.98257,5719.4673657,2026-03-16 01:00:00+00:00
1773624600000,1.97969,1.98619,1.97744,1.98313,7260.12005361,2026-03-16 01:30:00+00:00
1773626400000,1.98317,1.98335,1.96886,1.96886,5166.16815734,2026-03-16 02:00:00+00:00
1773628200000,1.96984,1.98141,1.96888,1.98137,1085.6279804,2026-03-16 02:30:00+00:00
1773630000000,1.97629,1.9926,1.97539,1.9926,19081.94535405,2026-03-16 03:00:00+00:00
1773631800000,1.99464,2.02731,1.99464,2.01446,18603.23389414,2026-03-16 03:30:00+00:00
1773633600000,2.01608,2.02508,2.01381,2.01381,10028.17685221,2026-03-16 04:00:00+00:00
1773635400000,2.01385,2.03373,2.01385,2.02769,37081.11862619,2026-03-16 04:30:00+00:00
1773637200000,2.02923,2.03431,2.02598,2.02678,1910.48872366,2026-03-16 05:00:00+00:00
1773639000000,2.02701,2.03392,2.02701,2.0305,9388.81438676,2026-03-16 05:30:00+00:00
1773640800000,2.03033,2.03033,2.02295,2.02628,7092.54610222,2026-03-16 06:00:00+00:00
1773642600000,2.02548,2.02985,2.02548,2.02639,2357.34799249,2026-03-16 06:30:00+00:00
1773644400000,2.02644,2.04047,2.02631,2.03541,6982.19204144,2026-03-16 07:00:00+00:00
1773646200000,2.03431,2.03734,2.03265,2.0347,5758.15550705,2026-03-16 07:30:00+00:00
1773648000000,2.03398,2.04027,2.02884,2.03384,4307.30220223,2026-03-16 08:00:00+00:00
1773649800000,2.02033,2.02033,2.00947,2.01196,4941.08544777,2026-03-16 08:30:00+00:00
1773651600000,2.01156,2.01536,2.01074,2.01536,415.27898052,2026-03-16 09:00:00+00:00
1773653400000,2.00993,2.01478,2.00993,2.01478,2272.29785843,2026-03-16 09:30:00+00:00
1773655200000,2.02039,2.0217,2.01578,2.01582,2191.51158146,2026-03-16 10:00:00+00:00
1773657000000,2.01446,2.01859,2.01062,2.01859,27845.42337508,2026-03-16 10:30:00+00:00
1773658800000,2.0197,2.02082,2.00961,2.00961,2959.68080622,2026-03-16 11:00:00+00:00
1773660600000,2.01266,2.01336,2.01247,2.01285,1386.97291,2026-03-16 11:30:00+00:00
1773662400000,2.01193,2.02411,2.01193,2.02153,3309.71170751,2026-03-16 12:00:00+00:00
1773664200000,2.02433,2.02648,2.02085,2.02089,7596.08619035,2026-03-16 12:30:00+00:00
1773666000000,2.02256,2.02403,2.0176,2.02341,5462.20002524,2026-03-16 13:00:00+00:00
1773667800000,2.02259,2.03856,2.01949,2.01949,10122.60689486,2026-03-16 13:30:00+00:00
1773669600000,2.02569,2.03516,2.02569,2.03444,7142.14847013,2026-03-16 14:00:00+00:00
1773671400000,2.01382,2.06168,2.01293,2.06168,22538.07232983,2026-03-16 14:30:00+00:00
1773673200000,2.065,2.06985,2.04995,2.06357,49014.12849722,2026-03-16 15:00:00+00:00
1773675000000,2.06675,2.07,2.04385,2.04385,8203.66294791,2026-03-16 15:30:00+00:00
1773676800000,2.04328,2.05231,2.0427,2.04894,10663.58564151,2026-03-16 16:00:00+00:00
1773678600000,2.05897,2.06593,2.05494,2.06381,22454.05852808,2026-03-16 16:30:00+00:00
1773680400000,2.06225,2.06735,2.06089,2.06507,8958.27239153,2026-03-16 17:00:00+00:00
1773682200000,2.06411,2.07723,2.06411,2.07627,13564.7617729,2026-03-16 17:30:00+00:00
1773684000000,2.07596,2.11165,2.0746,2.10978,45172.0124936,2026-03-16 18:00:00+00:00
1773685800000,2.10688,2.10851,2.09658,2.1,9852.39565054,2026-03-16 18:30:00+00:00
1773687600000,2.09795,2.11054,2.0928,2.10144,14942.25532945,2026-03-16 19:00:00+00:00
1773689400000,2.09978,2.101,2.08063,2.09,6438.15557357,2026-03-16 19:30:00+00:00
1773691200000,2.09486,2.09505,2.08625,2.09012,6860.64206062,2026-03-16 20:00:00+00:00
1773693000000,2.09244,2.09452,2.08457,2.09234,24464.96170857,2026-03-16 20:30:00+00:00
1773694800000,2.09151,2.09719,2.08922,2.08922,10922.70392038,2026-03-16 21:00:00+00:00
1773696600000,2.0921,2.10315,2.0921,2.09487,7713.99169457,2026-03-16 21:30:00+00:00
1773698400000,2.0962,2.11144,2.09609,2.1062,1572.29045048,2026-03-16 22:00:00+00:00
1773700200000,2.1067,2.12409,2.1067,2.12318,13062.20618492,2026-03-16 22:30:00+00:00
1773702000000,2.12152,2.12453,2.10513,2.11721,6223.98917823,2026-03-16 23:00:00+00:00
1773703800000,2.11807,2.12154,2.11092,2.11266,4703.60705201,2026-03-16 23:30:00+00:00
1773705600000,2.10494,2.12873,2.10318,2.1051,6559.64447441,2026-03-17 00:00:00+00:00
1773707400000,2.10883,2.11481,2.1036,2.11481,5785.37381044,2026-03-17 00:30:00+00:00
1773709200000,2.11962,2.15214,2.11801,2.15214,27520.70317674,2026-03-17 01:00:00+00:00
1773711000000,2.15216,2.1592,2.1392,2.14924,10699.16400715,2026-03-17 01:30:00+00:00
1773712800000,2.15194,2.16,2.1396,2.147,16213.88805572,2026-03-17 02:00:00+00:00
1773714600000,2.15393,2.19827,2.1512,2.184,15404.38566652,2026-03-17 02:30:00+00:00
1773716400000,2.18203,2.18223,2.14258,2.14343,7786.11319104,2026-03-17 03:00:00+00:00
1773718200000,2.14206,2.14206,2.10086,2.11421,7280.81099348,2026-03-17 03:30:00+00:00
1773720000000,2.11405,2.12413,2.10482,2.10482,15989.65231843,2026-03-17 04:00:00+00:00
1773721800000,2.10708,2.10708,2.08484,2.09508,24048.66584272,2026-03-17 04:30:00+00:00
1773723600000,2.09418,2.09429,2.08714,2.09346,3915.74728,2026-03-17 05:00:00+00:00
1773725400000,2.08241,2.08315,2.07,2.07,4437.77754045,2026-03-17 05:30:00+00:00
1773727200000,2.07347,2.08659,2.063,2.08549,32930.53678586,2026-03-17 06:00:00+00:00
1773729000000,2.08369,2.08369,2.07571,2.07746,4061.92894475,2026-03-17 06:30:00+00:00
1773730800000,2.07865,2.11171,2.07865,2.10605,2203.15669211,2026-03-17 07:00:00+00:00
1773732600000,2.10444,2.10445,2.09632,2.09695,1578.00901618,2026-03-17 07:30:00+00:00
1773734400000,2.09454,2.09804,2.09164,2.0956,607.5199,2026-03-17 08:00:00+00:00
1773736200000,2.09403,2.09403,2.08484,2.08484,568.80342658,2026-03-17 08:30:00+00:00
1773738000000,2.08003,2.08326,2.07635,2.07977,33278.08560524,2026-03-17 09:00:00+00:00
1773739800000,2.08178,2.08313,2.07082,2.07082,2148.98851,2026-03-17 09:30:00+00:00
1773741600000,2.0715,2.0715,2.0585,2.07009,4749.36490787,2026-03-17 10:00:00+00:00
1773743400000,2.0669,2.07077,2.06535,2.06894,4363.35098462,2026-03-17 10:30:00+00:00
1773745200000,2.0675,2.07874,2.0675,2.07817,10164.2562224,2026-03-17 11:00:00+00:00
1773747000000,2.07855,2.08006,2.0677,2.06999,7758.20936202,2026-03-17 11:30:00+00:00
1773748800000,2.0705,2.0727,2.0637,2.07113,12580.67017143,2026-03-17 12:00:00+00:00
1773750600000,2.06606,2.06809,2.06091,2.063,2022.76313322,2026-03-17 12:30:00+00:00
1773752400000,2.06358,2.06863,2.06358,2.06493,3078.1007322,2026-03-17 13:00:00+00:00
1773754200000,2.0725,2.07616,2.05117,2.05643,47905.83864463,2026-03-17 13:30:00+00:00
1773756000000,2.05527,2.06297,2.04776,2.06297,20459.20784741,2026-03-17 14:00:00+00:00
1773757800000,2.06392,2.07109,2.06051,2.07109,1934.93775083,2026-03-17 14:30:00+00:00
1773759600000,2.07305,2.08552,2.06966,2.07177,10398.80284994,2026-03-17 15:00:00+00:00
1773761400000,2.07652,2.07661,2.06702,2.07575,9557.7949349,2026-03-17 15:30:00+00:00
1773763200000,2.07762,2.11153,2.07517,2.08862,35812.97026826,2026-03-17 16:00:00+00:00
1773765000000,2.08947,2.08947,2.06062,2.07948,66327.73044335,2026-03-17 16:30:00+00:00
1773766800000,2.08451,2.09527,2.08126,2.09274,9409.93253396,2026-03-17 17:00:00+00:00
1773768600000,2.09157,2.09768,2.09006,2.09721,2251.09648636,2026-03-17 17:30:00+00:00
1773770400000,2.09717,2.09858,2.09191,2.09191,3214.7997289,2026-03-17 18:00:00+00:00
1773772200000,2.0977,2.10757,2.09764,2.10393,7468.63042931,2026-03-17 18:30:00+00:00
1773774000000,2.10591,2.10833,2.09723,2.1,8957.48762637,2026-03-17 19:00:00+00:00
1773775800000,2.10101,2.10977,2.09835,2.09848,3140.22928,2026-03-17 19:30:00+00:00
1773777600000,2.1018,2.10356,2.09388,2.10223,7077.85355842,2026-03-17 20:00:00+00:00
1773779400000,2.10352,2.10373,2.09901,2.09965,6443.68838169,2026-03-17 20:30:00+00:00
1773781200000,2.10016,2.10389,2.09293,2.09487,2139.25258,2026-03-17 21:00:00+00:00
1773783000000,2.09497,2.10205,2.09232,2.09744,1767.01123569,2026-03-17 21:30:00+00:00
1773784800000,2.0956,2.10351,2.09369,2.09374,2859.65251947,2026-03-17 22:00:00+00:00
1773786600000,2.09078,2.0933,2.08463,2.0933,4050.48334233,2026-03-17 22:30:00+00:00
1773788400000,2.09396,2.09693,2.08811,2.08843,4624.8356001,2026-03-17 23:00:00+00:00
1773790200000,2.08748,2.08749,2.07952,2.08,3607.29821646,2026-03-17 23:30:00+00:00
1773792000000,2.08093,2.0826,2.07425,2.07425,3935.95309038,2026-03-18 00:00:00+00:00
1773793800000,2.07173,2.07724,2.06723,2.0765,2727.51372474,2026-03-18 00:30:00+00:00
1773795600000,2.07677,2.08469,2.07677,2.08136,1256.36441092,2026-03-18 01:00:00+00:00
1773797400000,2.08073,2.08317,2.07654,2.07669,3014.87340045,2026-03-18 01:30:00+00:00
1773799200000,2.07953,2.09042,2.07872,2.08742,1139.71856492,2026-03-18 02:00:00+00:00
1773801000000,2.08632,2.09631,2.08621,2.09378,5050.39905815,2026-03-18 02:30:00+00:00
1773802800000,2.09586,2.10449,2.09258,2.10422,1318.55853812,2026-03-18 03:00:00+00:00
1773804600000,2.10563,2.10914,2.10246,2.10914,1482.55618607,2026-03-18 03:30:00+00:00
1773806400000,2.11,2.11118,2.0976,2.09771,9929.89127969,2026-03-18 04:00:00+00:00
1773808200000,2.09269,2.09299,2.0897,2.09209,3925.60237715,2026-03-18 04:30:00+00:00
1773810000000,2.09281,2.1057,2.09281,2.09755,1130.57716503,2026-03-18 05:00:00+00:00
1773811800000,2.09651,2.0967,2.08979,2.08979,1539.04998299,2026-03-18 05:30:00+00:00
1773813600000,2.09165,2.0937,2.09065,2.0937,1384.4417193,2026-03-18 06:00:00+00:00
1773815400000,2.09684,2.09689,2.09167,2.09247,5064.91042036,2026-03-18 06:30:00+00:00
1773817200000,2.08919,2.08919,2.0834,2.08492,4799.04559764,2026-03-18 07:00:00+00:00
1773819000000,2.08069,2.08525,2.07875,2.08525,1797.88170641,2026-03-18 07:30:00+00:00
1773820800000,2.09127,2.09199,2.08734,2.08884,1932.50011955,2026-03-18 08:00:00+00:00
1773822600000,2.08899,2.08982,2.0866,2.08766,1061.42094262,2026-03-18 08:30:00+00:00
1773824400000,2.08836,2.08902,2.0868,2.08902,892.2934,2026-03-18 09:00:00+00:00
1773826200000,2.09026,2.09143,2.08576,2.08576,404.51638,2026-03-18 09:30:00+00:00
1773828000000,2.08799,2.08799,2.07924,2.07924,82.73931,2026-03-18 10:00:00+00:00
1773829800000,2.08161,2.08161,2.06851,2.06979,1873.74866853,2026-03-18 10:30:00+00:00
1773831600000,2.06802,2.07133,2.06,2.06,2230.20788049,2026-03-18 11:00:00+00:00
1773833400000,2.06,2.06099,2.03509,2.03919,27763.80857097,2026-03-18 11:30:00+00:00
1773835200000,2.03857,2.04041,2.02643,2.02936,8321.22149046,2026-03-18 12:00:00+00:00
1773837000000,2.02849,2.02849,2.00001,2.00862,56881.74764653,2026-03-18 12:30:00+00:00
1773838800000,2.00672,2.01538,2.0,2.01197,21983.23667389,2026-03-18 13:00:00+00:00
1773840600000,2.01297,2.02145,2.00887,2.00887,10923.94557318,2026-03-18 13:30:00+00:00
1773842400000,2.01224,2.01341,1.99335,1.99371,1688.92645372,2026-03-18 14:00:00+00:00
1773844200000,1.9953,1.9953,1.98127,1.98145,106383.6113571,2026-03-18 14:30:00+00:00
1773846000000,1.98042,1.98932,1.97503,1.98342,28838.63907342,2026-03-18 15:00:00+00:00
1773847800000,1.98389,1.9858,1.97388,1.97937,4030.2955205,2026-03-18 15:30:00+00:00
1773849600000,1.97472,1.97746,1.97046,1.97356,23817.97587047,2026-03-18 16:00:00+00:00
1773851400000,1.97346,1.97984,1.97245,1.97717,7801.99928126,2026-03-18 16:30:00+00:00
1773853200000,1.97731,1.98549,1.97462,1.98527,125685.6670084,2026-03-18 17:00:00+00:00
1773855000000,1.98568,1.99981,1.98568,1.99742,4172.34901774,2026-03-18 17:30:00+00:00
1773856800000,2.00289,2.0102,1.99784,1.99847,22048.50554242,2026-03-18 18:00:00+00:00
1773858600000,2.00432,2.00701,1.99,1.99061,10837.87457513,2026-03-18 18:30:00+00:00
1773860400000,1.99412,2.002,1.99393,1.995,2733.11738,2026-03-18 19:00:00+00:00
1773862200000,1.99766,1.99828,1.99246,1.99567,13810.94766573,2026-03-18 19:30:00+00:00
1773864000000,1.99048,1.99564,1.98253,1.99547,5330.22824868,2026-03-18 20:00:00+00:00
1773865800000,1.99904,2.00735,1.99902,2.00536,6902.53702783,2026-03-18 20:30:00+00:00
1773867600000,2.0039,2.02204,2.0039,2.01911,20871.6239923,2026-03-18 21:00:00+00:00
1773869400000,2.01868,2.01868,2.00873,2.01345,14785.7049283,2026-03-18 21:30:00+00:00
1773871200000,2.01776,2.01776,2.00521,2.00912,3950.72270888,2026-03-18 22:00:00+00:00
1773873000000,2.01004,2.0111,2.0071,2.0086,1430.16413749,2026-03-18 22:30:00+00:00
1773874800000,2.00922,2.01097,2.00302,2.00918,6204.8306417,2026-03-18 23:00:00+00:00
1773876600000,2.01057,2.01323,2.00876,2.01004,5511.45732695,2026-03-18 23:30:00+00:00
1773878400000,2.00932,2.00976,2.00383,2.00482,717.25691156,2026-03-19 00:00:00+00:00
1773880200000,2.00852,2.00996,2.00319,2.00493,6375.12374292,2026-03-19 00:30:00+00:00
1773882000000,2.0078,2.00784,1.99942,2.00238,3379.89605,2026-03-19 01:00:00+00:00
1773883800000,2.00574,2.01357,2.00362,2.0075,6798.62923934,2026-03-19 01:30:00+00:00
1773885600000,2.0075,2.00866,2.001,2.00603,21922.84076949,2026-03-19 02:00:00+00:00
1773887400000,2.00653,2.00818,2.00167,2.00231,3711.73598011,2026-03-19 02:30:00+00:00
1773889200000,2.00279,2.03061,2.00196,2.03061,15796.38120844,2026-03-19 03:00:00+00:00
1773891000000,2.02319,2.02749,2.0201,2.02535,3910.52825859,2026-03-19 03:30:00+00:00
1773892800000,2.02465,2.02522,2.01206,2.01251,3034.41272914,2026-03-19 04:00:00+00:00
1773894600000,2.01637,2.01703,2.01435,2.01703,6807.23892582,2026-03-19 04:30:00+00:00
1773896400000,2.01531,2.01532,2.01143,2.01532,1142.96627591,2026-03-19 05:00:00+00:00
1773898200000,2.00703,2.015,2.00528,2.01275,2297.01979652,2026-03-19 05:30:00+00:00
1773900000000,2.01878,2.03424,2.0138,2.02076,18627.76516261,2026-03-19 06:00:00+00:00
1773901800000,2.01532,2.02188,2.01532,2.01648,567.0983504,2026-03-19 06:30:00+00:00
1773903600000,2.01701,2.01753,1.99465,2.001,7136.56469583,2026-03-19 07:00:00+00:00
1773905400000,2.01314,2.01314,2.0074,2.0074,39.9352453,2026-03-19 07:30:00+00:00
1773907200000,2.0088,2.01202,2.00781,2.01052,930.42901766,2026-03-19 08:00:00+00:00
1773909000000,1.99971,2.00808,1.99971,2.00531,1246.59562099,2026-03-19 08:30:00+00:00
1773910800000,2.00371,2.0167,2.00371,2.01227,2106.57829825,2026-03-19 09:00:00+00:00
1773912600000,2.01286,2.0204,2.01022,2.0204,467.45146248,2026-03-19 09:30:00+00:00
1773914400000,2.01919,2.01963,2.0172,2.01739,358.10248106,2026-03-19 10:00:00+00:00
1773916200000,2.01704,2.01704,2.00976,2.01023,676.84194817,2026-03-19 10:30:00+00:00
1773918000000,2.01029,2.01325,2.01029,2.01285,653.84754839,2026-03-19 11:00:00+00:00
1773919800000,2.01285,2.01301,2.00256,2.00454,8165.32750413,2026-03-19 11:30:00+00:00
1773921600000,2.00409,2.00409,1.99182,1.99196,2830.29688492,2026-03-19 12:00:00+00:00
1773923400000,1.99274,1.99355,1.97177,1.97508,23944.95779457,2026-03-19 12:30:00+00:00
1773925200000,1.97369,1.98581,1.96901,1.98039,19174.04183389,2026-03-19 13:00:00+00:00
1773927000000,1.97793,1.99525,1.97277,1.99258,16308.37392871,2026-03-19 13:30:00+00:00
1773928800000,1.99408,1.99698,1.98331,1.98438,4731.75692381,2026-03-19 14:00:00+00:00
1773930600000,1.98412,1.98545,1.97768,1.98391,1887.53233682,2026-03-19 14:30:00+00:00
1773932400000,1.98294,1.98821,1.96358,1.96358,3025.98989935,2026-03-19 15:00:00+00:00
1773934200000,1.96149,1.9687,1.95746,1.96663,15457.99948414,2026-03-19 15:30:00+00:00
1773936000000,1.96495,1.96914,1.95935,1.96914,4029.06130248,2026-03-19 16:00:00+00:00
1773937800000,1.96672,1.97132,1.95857,1.95968,22966.12363237,2026-03-19 16:30:00+00:00
1773939600000,1.96033,1.96858,1.95449,1.96832,1497.10343916,2026-03-19 17:00:00+00:00
1773941400000,1.96934,1.97691,1.96739,1.97635,9043.40671029,2026-03-19 17:30:00+00:00
1773943200000,1.97554,1.97554,1.97106,1.97201,8514.2869003,2026-03-19 18:00:00+00:00
1773945000000,1.9677,1.97094,1.9677,1.96974,627.27318,2026-03-19 18:30:00+00:00
1773946800000,1.98025,1.9957,1.97987,1.98802,3799.02522668,2026-03-19 19:00:00+00:00
1773948600000,1.98774,1.99429,1.9826,1.98547,9625.7507382,2026-03-19 19:30:00+00:00
1773950400000,1.98598,1.99446,1.98398,1.99409,6829.60696318,2026-03-19 20:00:00+00:00
1773952200000,1.99276,1.99743,1.99276,1.99314,7954.64184848,2026-03-19 20:30:00+00:00
1773954000000,1.99315,1.99979,1.99314,1.99818,13043.96674202,2026-03-19 21:00:00+00:00
1773955800000,1.99992,1.99992,1.99694,1.9997,1823.22617638,2026-03-19 21:30:00+00:00
1773957600000,1.99998,1.99998,1.99274,1.99918,3717.03780988,2026-03-19 22:00:00+00:00
1773959400000,1.99861,1.99861,1.98593,1.99032,3975.08493407,2026-03-19 22:30:00+00:00
1773961200000,1.99497,1.99671,1.98856,1.9917,1612.33709502,2026-03-19 23:00:00+00:00
1773963000000,1.99171,1.99171,1.98441,1.98779,3654.83249928,2026-03-19 23:30:00+00:00
1773964800000,1.99044,1.99712,1.98874,1.98984,1078.86977159,2026-03-20 00:00:00+00:00
1773966600000,1.98941,1.99331,1.98821,1.99171,964.55719,2026-03-20 00:30:00+00:00
1773968400000,1.9963,1.99892,1.99515,1.99892,1725.95843993,2026-03-20 01:00:00+00:00
1773970200000,2.0,2.00596,1.99987,2.00283,9395.63364837,2026-03-20 01:30:00+00:00
1773972000000,2.0,2.00041,1.99057,1.99104,11793.30200843,2026-03-20 02:00:00+00:00
1773973800000,1.98851,1.99637,1.98655,1.9962,6290.85516707,2026-03-20 02:30:00+00:00
1773975600000,1.99495,1.99791,1.992,1.99791,6914.07578,2026-03-20 03:00:00+00:00
1773977400000,2.00143,2.00162,1.99472,1.99608,6001.26366069,2026-03-20 03:30:00+00:00
1773979200000,1.99625,2.00111,1.99625,2.00054,589.96917,2026-03-20 04:00:00+00:00
1773981000000,1.99247,1.99822,1.98947,1.99697,3039.32402462,2026-03-20 04:30:00+00:00
1773982800000,1.99712,2.00154,1.99398,2.00035,1151.22488,2026-03-20 05:00:00+00:00
1773984600000,1.99451,1.99938,1.99317,1.99938,792.09805144,2026-03-20 05:30:00+00:00
1773986400000,2.00025,2.00458,2.00002,2.00278,748.40635145,2026-03-20 06:00:00+00:00
1773988200000,2.00815,2.00833,1.99385,1.99385,4450.19898937,2026-03-20 06:30:00+00:00
1773990000000,1.99251,1.99251,1.98536,1.99173,987.57770251,2026-03-20 07:00:00+00:00
1773991800000,1.99372,1.99794,1.99372,1.99774,292.42716904,2026-03-20 07:30:00+00:00
1773993600000,1.99851,2.0092,1.99851,2.00593,1401.14574503,2026-03-20 08:00:00+00:00
1773995400000,2.00599,2.00599,2.00277,2.00398,958.61216,2026-03-20 08:30:00+00:00
1773997200000,2.00301,2.00301,1.9848,1.9848,763.54156836,2026-03-20 09:00:00+00:00
1773999000000,1.98785,1.99099,1.98732,1.98795,456.59717995,2026-03-20 09:30:00+00:00
1774000800000,1.98827,1.98827,1.98384,1.98817,500.12799922,2026-03-20 10:00:00+00:00
1774002600000,1.98469,1.99261,1.98469,1.99261,156.25033142,2026-03-20 10:30:00+00:00
1774004400000,1.99435,1.99552,1.98921,1.98921,700.05204569,2026-03-20 11:00:00+00:00
1774006200000,1.98409,1.98431,1.98186,1.98431,1919.74092976,2026-03-20 11:30:00+00:00
1774008000000,1.98981,1.99233,1.98714,1.98823,851.965456,2026-03-20 12:00:00+00:00
1774009800000,1.98763,1.98763,1.97859,1.98047,2257.45569154,2026-03-20 12:30:00+00:00
1774011600000,1.97898,1.98347,1.97578,1.98211,15152.5563417,2026-03-20 13:00:00+00:00
1774013400000,1.98065,1.98385,1.97319,1.97394,5694.20303314,2026-03-20 13:30:00+00:00
1774015200000,1.97278,1.97797,1.96964,1.97684,5308.39073022,2026-03-20 14:00:00+00:00
1774017000000,1.97912,1.98274,1.97332,1.97362,5614.6830751,2026-03-20 14:30:00+00:00
1774018800000,1.97744,1.97791,1.96358,1.97473,9026.62425258,2026-03-20 15:00:00+00:00
1774020600000,1.97482,1.97816,1.97355,1.97355,5192.30710413,2026-03-20 15:30:00+00:00
1774022400000,1.9736,1.9783,1.97082,1.97677,7010.61022211,2026-03-20 16:00:00+00:00
1774024200000,1.97764,1.97782,1.96868,1.9729,2527.85695337,2026-03-20 16:30:00+00:00
1774026000000,1.97247,1.97301,1.96696,1.96696,10839.06350495,2026-03-20 17:00:00+00:00
1774027800000,1.96697,1.97226,1.96204,1.97226,3860.63585904,2026-03-20 17:30:00+00:00
1774029600000,1.97239,1.97348,1.96531,1.96543,5658.09188265,2026-03-20 18:00:00+00:00
1774031400000,1.96374,1.96824,1.96251,1.96351,2049.81859504,2026-03-20 18:30:00+00:00
1774033200000,1.96568,1.96568,1.96139,1.96139,6366.62123026,2026-03-20 19:00:00+00:00
1774035000000,1.96463,1.97267,1.95588,1.97079,2606.82456661,2026-03-20 19:30:00+00:00
1774036800000,1.97129,1.97203,1.96363,1.96363,19606.73457819,2026-03-20 20:00:00+00:00
1774038600000,1.96418,1.97219,1.96246,1.97219,1516.43834542,2026-03-20 20:30:00+00:00
1774040400000,1.97271,1.98629,1.97022,1.98362,1352.01592,2026-03-20 21:00:00+00:00
1774042200000,1.98284,1.98545,1.97935,1.98084,3543.97446108,2026-03-20 21:30:00+00:00
1774044000000,1.98185,1.99058,1.98185,1.98667,3226.08301818,2026-03-20 22:00:00+00:00
1774045800000,1.98777,1.98993,1.98614,1.98825,1452.31095259,2026-03-20 22:30:00+00:00
1774047600000,1.98502,1.98502,1.97964,1.98202,3492.96110322,2026-03-20 23:00:00+00:00
1774049400000,1.98426,1.98575,1.98374,1.98575,1282.45979782,2026-03-20 23:30:00+00:00
1774051200000,1.98453,1.9892,1.98437,1.98813,867.84581761,2026-03-21 00:00:00+00:00
1774053000000,1.98496,1.98841,1.98177,1.98841,1963.9900884,2026-03-21 00:30:00+00:00
1774054800000,1.98792,1.99188,1.98629,1.98722,558.64165781,2026-03-21 01:00:00+00:00
1774056600000,1.98508,1.98597,1.9823,1.98263,1494.02080525,2026-03-21 01:30:00+00:00
1774058400000,1.98294,1.98478,1.9814,1.98478,2789.1395628,2026-03-21 02:00:00+00:00
1774060200000,1.9847,1.98964,1.98447,1.98768,5442.75639239,2026-03-21 02:30:00+00:00
1774062000000,1.98503,1.98715,1.98479,1.98653,1729.14383253,2026-03-21 03:00:00+00:00
1774063800000,1.98506,1.98697,1.98495,1.98667,4393.96304287,2026-03-21 03:30:00+00:00
1774065600000,1.98602,1.98885,1.98602,1.98855,1527.70534585,2026-03-21 04:00:00+00:00
1774067400000,1.988,1.988,1.98439,1.98515,3658.66310353,2026-03-21 04:30:00+00:00
1774069200000,1.98438,1.98757,1.98438,1.98757,3986.35349114,2026-03-21 05:00:00+00:00
1774071000000,1.9872,1.99165,1.9872,1.99107,318.13398382,2026-03-21 05:30:00+00:00
1774072800000,1.99415,1.99415,1.99002,1.99134,1699.42708859,2026-03-21 06:00:00+00:00
1774074600000,1.99143,1.99185,1.98848,1.98848,1653.602337,2026-03-21 06:30:00+00:00
1774076400000,1.99018,1.99026,1.98846,1.98846,1651.44429588,2026-03-21 07:00:00+00:00
1774078200000,1.98796,1.98796,1.98369,1.9838,439.47874501,2026-03-21 07:30:00+00:00
1774080000000,1.98299,1.98507,1.98002,1.98002,6328.40553697,2026-03-21 08:00:00+00:00
1774081800000,1.98,1.98,1.98,1.98,49.72570601,2026-03-21 08:30:00+00:00
1774083600000,1.98002,1.98175,1.97979,1.97979,2300.15829009,2026-03-21 09:00:00+00:00
1774085400000,1.97596,1.97751,1.97365,1.97751,1215.140109,2026-03-21 09:30:00+00:00
1774087200000,1.97791,1.97791,1.9757,1.97589,1307.5863,2026-03-21 10:00:00+00:00
1774089000000,1.97722,1.97801,1.97722,1.97801,19.62545,2026-03-21 10:30:00+00:00
1774090800000,1.97756,1.97849,1.97756,1.97776,455.63932,2026-03-21 11:00:00+00:00
1774092600000,1.97771,1.98176,1.97771,1.98164,806.87849,2026-03-21 11:30:00+00:00
1774094400000,1.9811,1.98689,1.97975,1.98482,306.39898991,2026-03-21 12:00:00+00:00
1774096200000,1.98492,1.98574,1.98322,1.98455,2893.44931681,2026-03-21 12:30:00+00:00
1774098000000,1.98332,1.98467,1.97767,1.97767,2887.71611505,2026-03-21 13:00:00+00:00
1774099800000,1.97663,1.97859,1.97193,1.97775,6713.00215223,2026-03-21 13:30:00+00:00
1774101600000,1.97786,1.98301,1.97664,1.97958,11474.58683705,2026-03-21 14:00:00+00:00
1774103400000,1.9794,1.97982,1.97149,1.97431,10121.16297368,2026-03-21 14:30:00+00:00
1774105200000,1.97274,1.9768,1.97274,1.9756,2776.32046116,2026-03-21 15:00:00+00:00
1774107000000,1.97607,1.97621,1.97517,1.97565,2183.58469,2026-03-21 15:30:00+00:00
1774108800000,1.97527,1.97563,1.96978,1.96978,166.27768066,2026-03-21 16:00:00+00:00
1774110600000,1.97309,1.97383,1.97,1.97369,4438.52723503,2026-03-21 16:30:00+00:00
1774112400000,1.97499,1.97585,1.97002,1.97585,2021.199624,2026-03-21 17:00:00+00:00
1774114200000,1.97584,1.97813,1.97584,1.97789,269.200336,2026-03-21 17:30:00+00:00
1774116000000,1.9777,1.97903,1.97571,1.97876,15088.16156282,2026-03-21 18:00:00+00:00
1774117800000,1.97767,1.98001,1.97367,1.97384,3113.08728385,2026-03-21 18:30:00+00:00
1774119600000,1.97401,1.97462,1.97319,1.97373,381.51336,2026-03-21 19:00:00+00:00
1774121400000,1.97318,1.97401,1.97113,1.9736,768.22602256,2026-03-21 19:30:00+00:00
1774123200000,1.9737,1.97773,1.9737,1.97773,1302.0328728,2026-03-21 20:00:00+00:00
1774125000000,1.97961,1.9803,1.97882,1.97882,328.94429756,2026-03-21 20:30:00+00:00
1774126800000,1.97948,1.97967,1.97831,1.97831,2039.75853542,2026-03-21 21:00:00+00:00
1774128600000,1.9781,1.9788,1.9761,1.97655,2336.82426613,2026-03-21 21:30:00+00:00
1774130400000,1.97623,1.97917,1.97454,1.97767,1818.521348,2026-03-21 22:00:00+00:00
1774132200000,1.97852,1.97957,1.97718,1.97744,1733.37616713,2026-03-21 22:30:00+00:00
1774134000000,1.97666,1.97666,1.97268,1.97354,2452.72851395,2026-03-21 23:00:00+00:00
1774135800000,1.9729,1.97359,1.92647,1.93724,41507.64589843,2026-03-21 23:30:00+00:00
1774137600000,1.9355,1.94139,1.9167,1.94139,32945.58904402,2026-03-22 00:00:00+00:00
1774139400000,1.9423,1.94668,1.93691,1.9371,18267.32307519,2026-03-22 00:30:00+00:00
1774141200000,1.94368,1.94401,1.93512,1.93512,6765.50682671,2026-03-22 01:00:00+00:00
1774143000000,1.93674,1.93772,1.93109,1.93578,6896.34453036,2026-03-22 01:30:00+00:00
1774144800000,1.93822,1.94031,1.93688,1.94031,456.39774,2026-03-22 02:00:00+00:00
1774146600000,1.94513,1.94513,1.94231,1.94427,1164.34061612,2026-03-22 02:30:00+00:00
1774148400000,1.94579,1.95427,1.94261,1.95233,437.78825383,2026-03-22 03:00:00+00:00
1774150200000,1.95237,1.96344,1.94787,1.9484,12312.65555692,2026-03-22 03:30:00+00:00
1774152000000,1.94735,1.94928,1.93819,1.93819,1982.77861155,2026-03-22 04:00:00+00:00
1774153800000,1.93904,1.94864,1.93753,1.94664,2668.79510575,2026-03-22 04:30:00+00:00
1774155600000,1.94705,1.94705,1.94211,1.94211,1142.49398816,2026-03-22 05:00:00+00:00
1774157400000,1.9407,1.94157,1.9406,1.9406,2860.3939264,2026-03-22 05:30:00+00:00
1774159200000,1.9406,1.9406,1.93445,1.94007,13824.29010738,2026-03-22 06:00:00+00:00
1774161000000,1.93885,1.94014,1.93835,1.93937,2954.58537018,2026-03-22 06:30:00+00:00
1774162800000,1.93902,1.94085,1.93815,1.94034,388.10463136,2026-03-22 07:00:00+00:00
1774164600000,1.9341,1.93567,1.92809,1.92968,2712.85794,2026-03-22 07:30:00+00:00
1774166400000,1.92922,1.92922,1.91533,1.9167,1400.7170996,2026-03-22 08:00:00+00:00
1774168200000,1.92077,1.923,1.92077,1.92081,701.38187243,2026-03-22 08:30:00+00:00
1774170000000,1.92443,1.92609,1.91865,1.91865,12583.91432273,2026-03-22 09:00:00+00:00
1774171800000,1.91703,1.91999,1.91685,1.91749,1097.14692,2026-03-22 09:30:00+00:00
1774173600000,1.91805,1.91805,1.90851,1.91147,12505.30040296,2026-03-22 10:00:00+00:00
1774175400000,1.90542,1.9087,1.90523,1.90864,1890.98225467,2026-03-22 10:30:00+00:00
1774177200000,1.90793,1.90925,1.90194,1.90798,1525.96236627,2026-03-22 11:00:00+00:00
1774179000000,1.90935,1.91369,1.9092,1.91369,499.60888865,2026-03-22 11:30:00+00:00
1774180800000,1.9113,1.92728,1.9113,1.92728,1957.00134217,2026-03-22 12:00:00+00:00
1774182600000,1.92308,1.9236,1.92135,1.92355,1226.00128,2026-03-22 12:30:00+00:00
1774184400000,1.92583,1.93132,1.92461,1.92461,2265.04019598,2026-03-22 13:00:00+00:00
1774186200000,1.92476,1.92476,1.92,1.92026,5378.37921915,2026-03-22 13:30:00+00:00
1774188000000,1.91925,1.92544,1.91925,1.92369,2194.07291036,2026-03-22 14:00:00+00:00
1774189800000,1.92391,1.92482,1.91961,1.91969,1188.56180226,2026-03-22 14:30:00+00:00
1774191600000,1.92058,1.92488,1.91886,1.91886,8409.60270476,2026-03-22 15:00:00+00:00
1774193400000,1.91734,1.91735,1.9123,1.91407,692.56273326,2026-03-22 15:30:00+00:00
1774195200000,1.91328,1.91582,1.91187,1.91219,6391.70266194,2026-03-22 16:00:00+00:00
1774197000000,1.91335,1.91697,1.91335,1.91697,680.85811308,2026-03-22 16:30:00+00:00
1774198800000,1.91442,1.91763,1.91442,1.91617,915.71090137,2026-03-22 17:00:00+00:00
1774200600000,1.91415,1.91584,1.91238,1.91584,3311.12990365,2026-03-22 17:30:00+00:00
1774202400000,1.9138,1.9138,1.90901,1.91088,6944.03669787,2026-03-22 18:00:00+00:00
1774204200000,1.91083,1.91211,1.89999,1.90787,20377.32649521,2026-03-22 18:30:00+00:00
1774206000000,1.90425,1.90481,1.89644,1.89993,14058.80067921,2026-03-22 19:00:00+00:00
1774207800000,1.90034,1.90533,1.90034,1.90246,564.19497199,2026-03-22 19:30:00+00:00
1774209600000,1.90257,1.908,1.90257,1.90665,1602.15212196,2026-03-22 20:00:00+00:00
1774211400000,1.90716,1.9076,1.90409,1.90498,2862.65035155,2026-03-22 20:30:00+00:00
1774213200000,1.90502,1.90597,1.88553,1.89684,31119.44835893,2026-03-22 21:00:00+00:00
1774215000000,1.89744,1.9002,1.89374,1.89435,2711.55509851,2026-03-22 21:30:00+00:00
1774216800000,1.89128,1.90523,1.89128,1.90523,1993.6757849,2026-03-22 22:00:00+00:00
1774218600000,1.90802,1.91121,1.90344,1.90969,1487.45203324,2026-03-22 22:30:00+00:00
1774220400000,1.91078,1.91347,1.90542,1.90592,6346.71820713,2026-03-22 23:00:00+00:00
1774222200000,1.90574,1.90684,1.89977,1.89977,3212.40183811,2026-03-22 23:30:00+00:00
1774629000000,1.85043,1.85494,1.84726,1.84797,4263.85949996,2026-03-27 16:30:00+00:00
1774630800000,1.84896,1.85638,1.84789,1.84856,15451.09883821,2026-03-27 17:00:00+00:00
1774632600000,1.84956,1.84999,1.83885,1.84145,13688.00298362,2026-03-27 17:30:00+00:00
1774634400000,1.84,1.84238,1.83289,1.83438,9271.09904193,2026-03-27 18:00:00+00:00
1774636200000,1.83542,1.83999,1.83445,1.83967,2451.63732992,2026-03-27 18:30:00+00:00
1774638000000,1.83672,1.84297,1.8341,1.84287,3862.80542836,2026-03-27 19:00:00+00:00
1774639800000,1.84595,1.8465,1.84022,1.84149,1736.31578293,2026-03-27 19:30:00+00:00
1774641600000,1.84124,1.84539,1.84029,1.84029,6220.46194117,2026-03-27 20:00:00+00:00
1774643400000,1.84171,1.84454,1.83802,1.844,2085.85670016,2026-03-27 20:30:00+00:00
1774645200000,1.84343,1.84967,1.84343,1.84819,2923.45156859,2026-03-27 21:00:00+00:00
1774647000000,1.85236,1.85236,1.84801,1.84801,846.60076212,2026-03-27 21:30:00+00:00
1774648800000,1.84687,1.84687,1.8401,1.84084,1124.60528209,2026-03-27 22:00:00+00:00
1774650600000,1.84201,1.84336,1.83932,1.843,3055.87359,2026-03-27 22:30:00+00:00
1774652400000,1.84232,1.84232,1.83566,1.83806,4270.99462454,2026-03-27 23:00:00+00:00
1774654200000,1.83763,1.84354,1.83594,1.8432,2024.44901815,2026-03-27 23:30:00+00:00
1774656000000,1.84265,1.8469,1.84265,1.84567,2090.95541,2026-03-28 00:00:00+00:00
1774657800000,1.84665,1.84665,1.84388,1.84448,1426.93561807,2026-03-28 00:30:00+00:00
1774659600000,1.84463,1.84638,1.83921,1.84183,3710.30685304,2026-03-28 01:00:00+00:00
1774661400000,1.84241,1.84244,1.8355,1.83935,3583.29724086,2026-03-28 01:30:00+00:00
1774663200000,1.84185,1.84586,1.83892,1.84019,473.28050535,2026-03-28 02:00:00+00:00
1774665000000,1.839,1.84184,1.83888,1.8402,5879.87792057,2026-03-28 02:30:00+00:00
1774666800000,1.84191,1.84542,1.84191,1.84439,3787.40118751,2026-03-28 03:00:00+00:00
1774668600000,1.84499,1.84703,1.84483,1.84483,21810.10833337,2026-03-28 03:30:00+00:00
1774670400000,1.84457,1.84954,1.84359,1.84954,3360.99686043,2026-03-28 04:00:00+00:00
1774672200000,1.8494,1.8494,1.84627,1.84878,1427.78824907,2026-03-28 04:30:00+00:00
1774674000000,1.84927,1.86187,1.84693,1.86187,570.22912673,2026-03-28 05:00:00+00:00
1774675800000,1.863,1.86496,1.85741,1.85918,20737.64857588,2026-03-28 05:30:00+00:00
1774677600000,1.85767,1.85952,1.85542,1.85951,1988.63882932,2026-03-28 06:00:00+00:00
1774679400000,1.8574,1.85821,1.85696,1.85719,6760.70934106,2026-03-28 06:30:00+00:00
1774681200000,1.8578,1.86032,1.85678,1.86032,798.06137,2026-03-28 07:00:00+00:00
1774683000000,1.86211,1.86426,1.86208,1.86384,390.48198197,2026-03-28 07:30:00+00:00
1774684800000,1.86414,1.86639,1.86363,1.86363,1006.92316,2026-03-28 08:00:00+00:00
1774686600000,1.8623,1.8623,1.8623,1.8623,2.60665,2026-03-28 08:30:00+00:00
1774688400000,1.85848,1.86095,1.85848,1.86095,1170.1105086,2026-03-28 09:00:00+00:00
1774690200000,1.86016,1.8602,1.8576,1.85936,1062.36877911,2026-03-28 09:30:00+00:00
1774692000000,1.85929,1.86721,1.85929,1.86228,3459.97536157,2026-03-28 10:00:00+00:00
1774693800000,1.85918,1.85918,1.85598,1.85741,719.29405164,2026-03-28 10:30:00+00:00
1774695600000,1.86085,1.86161,1.85984,1.86085,571.34411,2026-03-28 11:00:00+00:00
1774697400000,1.861,1.86494,1.86096,1.86494,2069.29731,2026-03-28 11:30:00+00:00
1774699200000,1.86312,1.86408,1.85833,1.86353,6959.64382556,2026-03-28 12:00:00+00:00
1774701000000,1.85965,1.86156,1.85858,1.86156,574.35602424,2026-03-28 12:30:00+00:00
1774702800000,1.86066,1.86405,1.86046,1.86282,1625.82136,2026-03-28 13:00:00+00:00
1774704600000,1.86552,1.88372,1.86536,1.87941,41837.53742107,2026-03-28 13:30:00+00:00
1774706400000,1.87789,1.87789,1.87126,1.87585,6270.5898964,2026-03-28 14:00:00+00:00
1774708200000,1.87578,1.87855,1.87349,1.87349,2962.89125047,2026-03-28 14:30:00+00:00
1774710000000,1.87425,1.88558,1.87252,1.8806,7271.49586042,2026-03-28 15:00:00+00:00
1774711800000,1.88212,1.88342,1.87985,1.88025,6641.95779756,2026-03-28 15:30:00+00:00
1774713600000,1.88072,1.88314,1.87896,1.87911,1108.90271103,2026-03-28 16:00:00+00:00
1774715400000,1.87883,1.87973,1.87609,1.87639,1141.48079053,2026-03-28 16:30:00+00:00
1774717200000,1.87701,1.87988,1.87619,1.87619,238.97795,2026-03-28 17:00:00+00:00
1774719000000,1.87496,1.87496,1.86901,1.8705,10490.2351272,2026-03-28 17:30:00+00:00
1774720800000,1.8709,1.87327,1.86922,1.87078,5062.96683256,2026-03-28 18:00:00+00:00
1774722600000,1.87085,1.87225,1.86993,1.87174,2814.17381048,2026-03-28 18:30:00+00:00
1774724400000,1.87056,1.87199,1.86681,1.8691,3578.16342022,2026-03-28 19:00:00+00:00
1774726200000,1.86886,1.8692,1.86841,1.8685,15854.29540653,2026-03-28 19:30:00+00:00
1774728000000,1.86977,1.87308,1.86959,1.87049,4502.530139,2026-03-28 20:00:00+00:00
1774729800000,1.87049,1.87049,1.86904,1.87001,2966.39986073,2026-03-28 20:30:00+00:00
1774731600000,1.87136,1.87193,1.86885,1.87132,5236.58304029,2026-03-28 21:00:00+00:00
1774733400000,1.87129,1.87147,1.86428,1.86548,2819.64628403,2026-03-28 21:30:00+00:00
1774735200000,1.8633,1.86806,1.86317,1.86806,1622.09080942,2026-03-28 22:00:00+00:00
1774737000000,1.86663,1.86664,1.86074,1.86435,12004.21568512,2026-03-28 22:30:00+00:00
1774738800000,1.86494,1.86494,1.85196,1.85196,1811.11910161,2026-03-28 23:00:00+00:00
1774740600000,1.8553,1.85643,1.85196,1.85435,2229.3070156,2026-03-28 23:30:00+00:00
1774742400000,1.85542,1.85549,1.85,1.85181,3675.86236986,2026-03-29 00:00:00+00:00
1774744200000,1.85166,1.85361,1.84897,1.85003,6159.51092157,2026-03-29 00:30:00+00:00
1774746000000,1.85298,1.85702,1.85298,1.8564,56941.13177991,2026-03-29 01:00:00+00:00
1774747800000,1.85652,1.85714,1.85245,1.85714,4207.95683343,2026-03-29 01:30:00+00:00
1774749600000,1.85519,1.85774,1.85512,1.85723,800.91657,2026-03-29 02:00:00+00:00
1774751400000,1.85694,1.85828,1.85514,1.85638,3396.91539858,2026-03-29 02:30:00+00:00
1774753200000,1.85731,1.86264,1.85614,1.86111,2321.32411176,2026-03-29 03:00:00+00:00
1774755000000,1.86086,1.86271,1.85951,1.86017,835.09121695,2026-03-29 03:30:00+00:00
1774756800000,1.8595,1.8595,1.85698,1.85698,1896.58305329,2026-03-29 04:00:00+00:00
1774758600000,1.85668,1.85858,1.85668,1.85759,682.50071459,2026-03-29 04:30:00+00:00
1774760400000,1.85454,1.85454,1.85136,1.85279,551.60388,2026-03-29 05:00:00+00:00
1774762200000,1.85032,1.85397,1.84705,1.85397,5560.07275918,2026-03-29 05:30:00+00:00
1774764000000,1.85441,1.8591,1.85441,1.85763,2339.55285097,2026-03-29 06:00:00+00:00
1774765800000,1.85852,1.86534,1.85561,1.85561,22762.93985815,2026-03-29 06:30:00+00:00
1774767600000,1.85293,1.85661,1.85293,1.85356,8260.12372697,2026-03-29 07:00:00+00:00
1774769400000,1.85355,1.85356,1.85276,1.85356,50291.51365526,2026-03-29 07:30:00+00:00
1774771200000,1.85287,1.85356,1.851,1.85356,36004.067442,2026-03-29 08:00:00+00:00
1774773000000,1.85356,1.85879,1.85356,1.85879,469.60833742,2026-03-29 08:30:00+00:00
1774774800000,1.85604,1.85621,1.85604,1.85612,150.77307,2026-03-29 09:00:00+00:00
1774776600000,1.85742,1.85742,1.85425,1.85536,9556.04663115,2026-03-29 09:30:00+00:00
1774778400000,1.85536,1.85536,1.85225,1.85241,243.1797874,2026-03-29 10:00:00+00:00
1774780200000,1.85174,1.85398,1.85107,1.85398,104.00126382,2026-03-29 10:30:00+00:00
1774782000000,1.85483,1.85931,1.85483,1.85931,263.40444,2026-03-29 11:00:00+00:00
1774783800000,1.86125,1.86125,1.86116,1.86116,133.7108,2026-03-29 11:30:00+00:00
1774785600000,1.86002,1.86002,1.85754,1.85754,125.32179,2026-03-29 12:00:00+00:00
1774787400000,1.85659,1.85659,1.8531,1.85512,5111.58011061,2026-03-29 12:30:00+00:00
1774789200000,1.85539,1.85556,1.84524,1.8475,7284.04807272,2026-03-29 13:00:00+00:00
1774791000000,1.84708,1.84739,1.84479,1.84653,45820.7897298,2026-03-29 13:30:00+00:00
1774792800000,1.84418,1.85104,1.84232,1.8428,6936.57529263,2026-03-29 14:00:00+00:00
1774794600000,1.8428,1.84519,1.84162,1.84375,948.41961547,2026-03-29 14:30:00+00:00
1774796400000,1.84571,1.84618,1.84,1.84,3559.00266188,2026-03-29 15:00:00+00:00
1774798200000,1.83763,1.84348,1.83736,1.84348,576.47058218,2026-03-29 15:30:00+00:00
1774800000000,1.84174,1.84731,1.84172,1.84698,549.50048,2026-03-29 16:00:00+00:00
1774801800000,1.84633,1.84658,1.84157,1.84281,1288.66555461,2026-03-29 16:30:00+00:00
1774803600000,1.84281,1.84507,1.83475,1.8366,5964.50824217,2026-03-29 17:00:00+00:00
1774805400000,1.83662,1.84047,1.83635,1.83904,8922.34740588,2026-03-29 17:30:00+00:00
1774807200000,1.83903,1.84161,1.83772,1.83839,771.20413196,2026-03-29 18:00:00+00:00
1774809000000,1.83852,1.84218,1.83852,1.84083,3525.21486311,2026-03-29 18:30:00+00:00
1774810800000,1.84012,1.84031,1.83331,1.83331,7476.31079048,2026-03-29 19:00:00+00:00
1774812600000,1.83336,1.83528,1.83112,1.83202,2196.71859848,2026-03-29 19:30:00+00:00
1774814400000,1.83209,1.84277,1.83209,1.84277,4401.39306061,2026-03-29 20:00:00+00:00
1774816200000,1.84267,1.84298,1.83874,1.83964,1992.80291036,2026-03-29 20:30:00+00:00
1774818000000,1.84087,1.84272,1.83952,1.84269,2055.34861993,2026-03-29 21:00:00+00:00
1774819800000,1.84296,1.84561,1.84296,1.84561,1497.65027634,2026-03-29 21:30:00+00:00
1774821600000,1.8403,1.8403,1.82486,1.83534,30598.58062084,2026-03-29 22:00:00+00:00
1774823400000,1.83555,1.8407,1.80401,1.83354,84397.18790064,2026-03-29 22:30:00+00:00
1774825200000,1.83495,1.84794,1.83365,1.84616,9980.40895726,2026-03-29 23:00:00+00:00
1774827000000,1.84365,1.84941,1.84116,1.84604,10203.906078,2026-03-29 23:30:00+00:00
1774828800000,1.84776,1.8751,1.84289,1.86081,48022.2211276,2026-03-30 00:00:00+00:00
1774830600000,1.85626,1.85864,1.84614,1.84965,5768.8430014,2026-03-30 00:30:00+00:00
1774832400000,1.85785,1.8585,1.85604,1.85747,1444.37315092,2026-03-30 01:00:00+00:00
1774834200000,1.85945,1.86443,1.85801,1.8621,10624.16285305,2026-03-30 01:30:00+00:00
1774836000000,1.86471,1.86694,1.86332,1.86591,1022.11602295,2026-03-30 02:00:00+00:00
1774837800000,1.86432,1.88046,1.86196,1.87284,37645.44555614,2026-03-30 02:30:00+00:00
1774839600000,1.8734,1.87851,1.86956,1.87851,5784.08124614,2026-03-30 03:00:00+00:00
1774841400000,1.87992,1.88156,1.8776,1.88156,11024.59494723,2026-03-30 03:30:00+00:00
1774843200000,1.87867,1.88929,1.87854,1.88112,52574.79697779,2026-03-30 04:00:00+00:00
1774845000000,1.882,1.882,1.87715,1.8772,482.34147514,2026-03-30 04:30:00+00:00
1774846800000,1.87908,1.88203,1.87184,1.88203,18699.10707873,2026-03-30 05:00:00+00:00
1774848600000,1.88282,1.88446,1.87915,1.8794,8389.22756866,2026-03-30 05:30:00+00:00
1774850400000,1.87761,1.88361,1.87761,1.87863,945.41005,2026-03-30 06:00:00+00:00
1774852200000,1.87766,1.87827,1.87673,1.87677,1341.89432916,2026-03-30 06:30:00+00:00
1774854000000,1.87701,1.87933,1.87701,1.87916,99.566022,2026-03-30 07:00:00+00:00
1774855800000,1.88211,1.88928,1.88124,1.88653,1744.5652729,2026-03-30 07:30:00+00:00
1774857600000,1.88902,1.89621,1.88902,1.89616,33666.60136983,2026-03-30 08:00:00+00:00
1774859400000,1.89578,1.90064,1.89406,1.89543,4495.74447973,2026-03-30 08:30:00+00:00
1774861200000,1.89376,1.89376,1.88707,1.88724,3841.86863928,2026-03-30 09:00:00+00:00
1774863000000,1.88724,1.88724,1.88724,1.88724,0.0,2026-03-30 09:30:00+00:00
1774864800000,1.87589,1.87656,1.87428,1.87466,343.08547,2026-03-30 10:00:00+00:00
1774866600000,1.87335,1.87552,1.87322,1.87552,30.91497129,2026-03-30 10:30:00+00:00
1774868400000,1.87563,1.89398,1.87563,1.8825,13664.47463852,2026-03-30 11:00:00+00:00
1774870200000,1.88031,1.88066,1.87886,1.88066,4415.65927,2026-03-30 11:30:00+00:00
1774872000000,1.87944,1.88451,1.87944,1.88044,3329.53622654,2026-03-30 12:00:00+00:00
1774873800000,1.8807,1.88543,1.8807,1.88244,3797.96684658,2026-03-30 12:30:00+00:00
1774875600000,1.88116,1.88824,1.88116,1.88617,2184.29717294,2026-03-30 13:00:00+00:00
1774877400000,1.88638,1.88681,1.87435,1.87435,2301.28223835,2026-03-30 13:30:00+00:00
1774879200000,1.87535,1.87952,1.87008,1.87008,4066.92466424,2026-03-30 14:00:00+00:00
1774881000000,1.8685,1.87621,1.86094,1.87621,12649.18385404,2026-03-30 14:30:00+00:00
1774882800000,1.8759,1.87614,1.86516,1.86837,3223.97767,2026-03-30 15:00:00+00:00
1774884600000,1.86919,1.87903,1.86913,1.87745,4755.8067845,2026-03-30 15:30:00+00:00
1774886400000,1.86988,1.87107,1.86761,1.86762,3183.41539368,2026-03-30 16:00:00+00:00
1774888200000,1.86813,1.86972,1.86501,1.86706,1155.8652007,2026-03-30 16:30:00+00:00
1774890000000,1.86932,1.87183,1.85649,1.85692,6787.3975988,2026-03-30 17:00:00+00:00
1774891800000,1.86037,1.86038,1.85641,1.85746,5288.05573557,2026-03-30 17:30:00+00:00
1774893600000,1.85672,1.85678,1.84966,1.84966,4449.1444216,2026-03-30 18:00:00+00:00
1774895400000,1.84953,1.85272,1.84376,1.84533,7278.51617258,2026-03-30 18:30:00+00:00
1774897200000,1.84575,1.84575,1.83882,1.8394,27390.24737306,2026-03-30 19:00:00+00:00
1774899000000,1.83759,1.84436,1.83523,1.84436,3690.99902881,2026-03-30 19:30:00+00:00
1774900800000,1.84422,1.8458,1.84211,1.84465,2181.41751727,2026-03-30 20:00:00+00:00
1774902600000,1.84462,1.84948,1.84248,1.84948,1722.52173402,2026-03-30 20:30:00+00:00
1774904400000,1.8488,1.85873,1.84633,1.85673,14518.67051708,2026-03-30 21:00:00+00:00
1774906200000,1.85639,1.85784,1.85516,1.85517,8356.16289645,2026-03-30 21:30:00+00:00
1774908000000,1.85472,1.85626,1.84893,1.85544,3605.29713793,2026-03-30 22:00:00+00:00
1774909800000,1.85297,1.85387,1.85097,1.85098,1818.63675715,2026-03-30 22:30:00+00:00
1774911600000,1.85,1.85,1.84026,1.84574,5677.60840586,2026-03-30 23:00:00+00:00
1774913400000,1.8448,1.84682,1.84383,1.84425,3999.16777,2026-03-30 23:30:00+00:00
1774915200000,1.84457,1.84682,1.83988,1.84682,2566.30493817,2026-03-31 00:00:00+00:00
1774917000000,1.84477,1.85081,1.84168,1.84558,4492.08064274,2026-03-31 00:30:00+00:00
1774918800000,1.84745,1.86238,1.84515,1.86238,5115.51504998,2026-03-31 01:00:00+00:00
1774920600000,1.86294,1.87637,1.85991,1.86259,3815.74699308,2026-03-31 01:30:00+00:00
1774922400000,1.86481,1.86652,1.86124,1.86368,2384.62448252,2026-03-31 02:00:00+00:00
1774924200000,1.86292,1.86315,1.86117,1.86276,1753.99902304,2026-03-31 02:30:00+00:00
1774926000000,1.85807,1.86134,1.85381,1.85382,4261.11445058,2026-03-31 03:00:00+00:00
1774927800000,1.85266,1.85306,1.84752,1.8479,2021.62125352,2026-03-31 03:30:00+00:00
1774929600000,1.84685,1.84716,1.84007,1.84007,10960.94625686,2026-03-31 04:00:00+00:00
1774931400000,1.84074,1.84777,1.84074,1.84753,334.76094,2026-03-31 04:30:00+00:00
1774933200000,1.84384,1.85098,1.84165,1.85098,2769.19667,2026-03-31 05:00:00+00:00
1774935000000,1.85216,1.85216,1.84302,1.84427,20825.68405006,2026-03-31 05:30:00+00:00
1774936800000,1.84149,1.84376,1.83441,1.84376,17621.59008844,2026-03-31 06:00:00+00:00
1774938600000,1.84592,1.85109,1.84088,1.84276,31331.60020327,2026-03-31 06:30:00+00:00
1774940400000,1.84623,1.84666,1.83456,1.83456,3521.93501856,2026-03-31 07:00:00+00:00
1774942200000,1.83524,1.84293,1.83331,1.83862,29828.40528019,2026-03-31 07:30:00+00:00
1774944000000,1.83803,1.84056,1.83803,1.84056,4.6418,2026-03-31 08:00:00+00:00
1774945800000,1.84099,1.84116,1.82924,1.83263,7548.56502422,2026-03-31 08:30:00+00:00
1774947600000,1.83385,1.83424,1.8229,1.826,8053.73601962,2026-03-31 09:00:00+00:00
1774949400000,1.82618,1.83032,1.81904,1.82168,17138.55177165,2026-03-31 09:30:00+00:00
1774951200000,1.82133,1.83025,1.82133,1.83025,703.88399442,2026-03-31 10:00:00+00:00
1774953000000,1.82866,1.83125,1.82704,1.82876,1539.37076309,2026-03-31 10:30:00+00:00
1774954800000,1.82655,1.83456,1.82436,1.83343,31618.03120604,2026-03-31 11:00:00+00:00
1774956600000,1.83316,1.83505,1.83159,1.83209,1371.61026941,2026-03-31 11:30:00+00:00
1774958400000,1.83301,1.838,1.83244,1.83616,4053.16166289,2026-03-31 12:00:00+00:00
1774960200000,1.84043,1.84047,1.8323,1.83414,24978.40042757,2026-03-31 12:30:00+00:00
1774962000000,1.83458,1.84159,1.83321,1.84061,4753.14751108,2026-03-31 13:00:00+00:00
1774963800000,1.8424,1.8489,1.83975,1.8461,24905.85113129,2026-03-31 13:30:00+00:00
1774965600000,1.84887,1.86378,1.84833,1.85882,7960.21861622,2026-03-31 14:00:00+00:00
1774967400000,1.85938,1.85956,1.83398,1.83464,8363.0169838,2026-03-31 14:30:00+00:00
1774969200000,1.83435,1.85361,1.83435,1.85179,4598.80794074,2026-03-31 15:00:00+00:00
1774971000000,1.84688,1.84862,1.83966,1.84359,5312.38602816,2026-03-31 15:30:00+00:00
1774972800000,1.83562,1.84279,1.83562,1.83941,1939.99969227,2026-03-31 16:00:00+00:00
1774974600000,1.83807,1.86231,1.83549,1.85097,7775.05843882,2026-03-31 16:30:00+00:00
1774976400000,1.85627,1.87526,1.8557,1.86724,13154.19134984,2026-03-31 17:00:00+00:00
1774978200000,1.86568,1.86642,1.85166,1.85287,1632.93141,2026-03-31 17:30:00+00:00
1774980000000,1.85749,1.86835,1.85749,1.86654,647.04956177,2026-03-31 18:00:00+00:00
1774981800000,1.86769,1.86835,1.86471,1.86546,1026.61742,2026-03-31 18:30:00+00:00
1774983600000,1.8694,1.87193,1.86922,1.87046,6698.53504679,2026-03-31 19:00:00+00:00
1774985400000,1.87133,1.87319,1.86448,1.86448,8508.59521794,2026-03-31 19:30:00+00:00
1774987200000,1.87135,1.87886,1.86859,1.86859,10110.40377436,2026-03-31 20:00:00+00:00
1774989000000,1.86814,1.87177,1.86682,1.8709,9516.29121542,2026-03-31 20:30:00+00:00
1774990800000,1.87007,1.87007,1.86225,1.86432,4538.65576877,2026-03-31 21:00:00+00:00
1774992600000,1.86376,1.86671,1.86376,1.86568,1594.04955692,2026-03-31 21:30:00+00:00
1774994400000,1.86615,1.86615,1.85814,1.86036,5063.55893324,2026-03-31 22:00:00+00:00
1774996200000,1.85936,1.86212,1.85604,1.85932,3030.15336664,2026-03-31 22:30:00+00:00
1774998000000,1.8582,1.86412,1.85738,1.86412,3321.66194011,2026-03-31 23:00:00+00:00
1774999800000,1.86419,1.86555,1.8623,1.86555,1958.83787,2026-03-31 23:30:00+00:00
1775001600000,1.86523,1.86529,1.86241,1.86378,3266.59684903,2026-04-01 00:00:00+00:00
1775003400000,1.86256,1.86999,1.86162,1.86995,4868.95715316,2026-04-01 00:30:00+00:00
1775005200000,1.86838,1.871,1.86615,1.86615,7598.21598944,2026-04-01 01:00:00+00:00
1775007000000,1.86206,1.86206,1.85729,1.85729,3494.60120578,2026-04-01 01:30:00+00:00
1775008800000,1.85939,1.85939,1.85292,1.85317,3636.93407298,2026-04-01 02:00:00+00:00
1775010600000,1.85461,1.85684,1.85439,1.85574,1304.02394064,2026-04-01 02:30:00+00:00
1775012400000,1.8568,1.86976,1.8568,1.86425,5103.20318119,2026-04-01 03:00:00+00:00
1775014200000,1.86624,1.87937,1.86594,1.87457,21045.90577455,2026-04-01 03:30:00+00:00
1775016000000,1.87742,1.87745,1.86687,1.86687,2330.89806296,2026-04-01 04:00:00+00:00
1775017800000,1.86688,1.86864,1.8632,1.8632,2239.22535304,2026-04-01 04:30:00+00:00
1775019600000,1.86042,1.87537,1.85971,1.87355,25487.15950005,2026-04-01 05:00:00+00:00
1775021400000,1.87147,1.87377,1.86569,1.87377,7514.88834186,2026-04-01 05:30:00+00:00
1775023200000,1.87386,1.8855,1.87369,1.88412,1392.76077368,2026-04-01 06:00:00+00:00
1775025000000,1.88551,1.89438,1.88551,1.89099,1012.89421235,2026-04-01 06:30:00+00:00
1775026800000,1.89395,1.9,1.89153,1.89153,3891.17267217,2026-04-01 07:00:00+00:00
1775028600000,1.89113,1.89124,1.89,1.89,1927.9766873,2026-04-01 07:30:00+00:00
1775030400000,1.88554,1.88554,1.88139,1.88542,833.50602431,2026-04-01 08:00:00+00:00
1775032200000,1.8842,1.88581,1.88053,1.88053,3265.51295409,2026-04-01 08:30:00+00:00
1775034000000,1.879,1.879,1.87653,1.87773,332.83807,2026-04-01 09:00:00+00:00
1775035800000,1.87945,1.87953,1.87653,1.87801,2386.44034,2026-04-01 09:30:00+00:00
1775037600000,1.87832,1.8785,1.87512,1.87659,1051.30919477,2026-04-01 10:00:00+00:00
1775039400000,1.87678,1.88304,1.87629,1.87978,2283.81548278,2026-04-01 10:30:00+00:00
1775041200000,1.87973,1.88109,1.87902,1.8796,1888.00732152,2026-04-01 11:00:00+00:00
1775043000000,1.88072,1.88138,1.88072,1.88138,848.09842,2026-04-01 11:30:00+00:00
1775044800000,1.88322,1.88322,1.87849,1.88104,4751.50411489,2026-04-01 12:00:00+00:00
1775046600000,1.8832,1.88843,1.87594,1.88174,7623.10905331,2026-04-01 12:30:00+00:00
1775048400000,1.88166,1.88544,1.8796,1.88544,3735.56540852,2026-04-01 13:00:00+00:00
1775050200000,1.88467,1.88467,1.87066,1.87439,7646.64142882,2026-04-01 13:30:00+00:00
1775052000000,1.87423,1.88402,1.87405,1.88181,5787.95708193,2026-04-01 14:00:00+00:00
1775053800000,1.88405,1.88496,1.87655,1.88496,2647.94889367,2026-04-01 14:30:00+00:00
1775055600000,1.88392,1.88525,1.87741,1.88189,8427.23119829,2026-04-01 15:00:00+00:00
1775057400000,1.88441,1.88522,1.88043,1.8841,2536.20347459,2026-04-01 15:30:00+00:00
1775059200000,1.88409,1.8851,1.8788,1.88269,3016.47574494,2026-04-01 16:00:00+00:00
1775061000000,1.88577,1.89062,1.88576,1.88817,3153.24214178,2026-04-01 16:30:00+00:00
1775062800000,1.88779,1.89821,1.88492,1.88492,12560.57264946,2026-04-01 17:00:00+00:00
1775064600000,1.88186,1.88313,1.87676,1.87798,4762.59357327,2026-04-01 17:30:00+00:00
1775066400000,1.87228,1.87726,1.87204,1.8764,3978.24213541,2026-04-01 18:00:00+00:00
1775068200000,1.87407,1.88225,1.8709,1.87113,68485.52657042,2026-04-01 18:30:00+00:00
1775070000000,1.87336,1.87622,1.87288,1.87495,1727.88626543,2026-04-01 19:00:00+00:00
1775071800000,1.87805,1.87805,1.87474,1.87606,5273.1872449,2026-04-01 19:30:00+00:00
1775073600000,1.87611,1.87682,1.86819,1.86819,2054.55528371,2026-04-01 20:00:00+00:00
1775075400000,1.86793,1.87285,1.86517,1.87096,1762.06066417,2026-04-01 20:30:00+00:00
1775077200000,1.87262,1.88193,1.87158,1.87996,2856.91416446,2026-04-01 21:00:00+00:00
1775079000000,1.88071,1.88133,1.87768,1.88049,6333.41344553,2026-04-01 21:30:00+00:00
1775080800000,1.88308,1.88308,1.87053,1.87382,3712.14165198,2026-04-01 22:00:00+00:00
1775082600000,1.8722,1.87363,1.86981,1.87217,2676.65771016,2026-04-01 22:30:00+00:00
1775084400000,1.87138,1.87601,1.87138,1.873,7494.64258672,2026-04-01 23:00:00+00:00
1775086200000,1.87346,1.87395,1.87085,1.87162,2952.59619768,2026-04-01 23:30:00+00:00
1775088000000,1.87339,1.87395,1.87222,1.873,1841.85258721,2026-04-02 00:00:00+00:00
1775089800000,1.87292,1.88231,1.87292,1.88163,8382.62949501,2026-04-02 00:30:00+00:00
1775091600000,1.86918,1.88052,1.849,1.85357,20751.86429871,2026-04-02 01:00:00+00:00
1775093400000,1.849,1.849,1.84003,1.84821,13045.82061072,2026-04-02 01:30:00+00:00
1775095200000,1.84711,1.84711,1.8323,1.83722,8190.73932401,2026-04-02 02:00:00+00:00
1775097000000,1.83717,1.84258,1.83251,1.83509,14133.76400874,2026-04-02 02:30:00+00:00
1775098800000,1.83352,1.83352,1.82417,1.83002,7527.78132049,2026-04-02 03:00:00+00:00
1775100600000,1.8283,1.82973,1.81926,1.82751,16305.51001967,2026-04-02 03:30:00+00:00
1775102400000,1.8279,1.83734,1.82683,1.82726,17627.35671097,2026-04-02 04:00:00+00:00
1775104200000,1.82727,1.82727,1.8185,1.8213,14986.61076239,2026-04-02 04:30:00+00:00
1775106000000,1.82223,1.82697,1.82102,1.82669,3765.0720767,2026-04-02 05:00:00+00:00
1775107800000,1.82793,1.83244,1.82733,1.83244,3537.00866311,2026-04-02 05:30:00+00:00
1775109600000,1.82822,1.83571,1.82762,1.83462,789.42515824,2026-04-02 06:00:00+00:00
1775111400000,1.83314,1.83331,1.83178,1.83226,920.86251173,2026-04-02 06:30:00+00:00
1775113200000,1.83109,1.83132,1.82909,1.83132,707.16436,2026-04-02 07:00:00+00:00
1775115000000,1.83444,1.83444,1.83359,1.83359,628.03577,2026-04-02 07:30:00+00:00
1775116800000,1.83313,1.83313,1.82732,1.82733,6370.29804775,2026-04-02 08:00:00+00:00
1775118600000,1.82701,1.83016,1.82701,1.82949,192.99264,2026-04-02 08:30:00+00:00
1775120400000,1.827,1.82701,1.82389,1.82415,1659.83794266,2026-04-02 09:00:00+00:00
1775122200000,1.8246,1.82845,1.8246,1.82845,1319.0736275,2026-04-02 09:30:00+00:00
1775124000000,1.82731,1.82731,1.82384,1.82674,2179.91448914,2026-04-02 10:00:00+00:00
1775125800000,1.82564,1.8275,1.8248,1.82553,982.83010957,2026-04-02 10:30:00+00:00
1775127600000,1.82481,1.82505,1.81467,1.81648,5671.30724488,2026-04-02 11:00:00+00:00
1775129400000,1.81661,1.81661,1.8103,1.8103,6209.68491,2026-04-02 11:30:00+00:00
1775131200000,1.8107,1.8114,1.80282,1.80559,5628.56710946,2026-04-02 12:00:00+00:00
1775133000000,1.805,1.80701,1.79904,1.79927,13566.46910595,2026-04-02 12:30:00+00:00
1775134800000,1.79926,1.80251,1.79,1.79516,12865.38514391,2026-04-02 13:00:00+00:00
1775136600000,1.79568,1.79772,1.78373,1.79679,32354.52782931,2026-04-02 13:30:00+00:00
1775138400000,1.79588,1.80069,1.78802,1.79375,20586.10821708,2026-04-02 14:00:00+00:00
1775140200000,1.79382,1.81467,1.79382,1.81243,21483.31780995,2026-04-02 14:30:00+00:00
1775142000000,1.81106,1.81187,1.79928,1.80196,11219.6571309,2026-04-02 15:00:00+00:00
1775143800000,1.80119,1.81445,1.80026,1.81039,6736.8192674,2026-04-02 15:30:00+00:00
1775145600000,1.81201,1.81201,1.80531,1.8081,3184.28040679,2026-04-02 16:00:00+00:00
1775147400000,1.81159,1.82226,1.81159,1.8175,4670.45689595,2026-04-02 16:30:00+00:00
1775149200000,1.8174,1.8244,1.81452,1.82388,1846.69218726,2026-04-02 17:00:00+00:00
1775151000000,1.82198,1.8222,1.80973,1.80977,5428.41521345,2026-04-02 17:30:00+00:00
1775152800000,1.81136,1.81235,1.80854,1.80953,10970.32158473,2026-04-02 18:00:00+00:00
1775154600000,1.80996,1.82254,1.8089,1.82123,10467.96905746,2026-04-02 18:30:00+00:00
1775156400000,1.82122,1.82178,1.81647,1.81995,3591.37776,2026-04-02 19:00:00+00:00
1775158200000,1.81918,1.8213,1.81443,1.8213,3756.03624192,2026-04-02 19:30:00+00:00
1775160000000,1.82285,1.83109,1.81837,1.83109,6641.69828775,2026-04-02 20:00:00+00:00
1775161800000,1.83328,1.8415,1.83328,1.83615,7334.13832053,2026-04-02 20:30:00+00:00
1775163600000,1.83751,1.83788,1.82899,1.83222,4187.73867647,2026-04-02 21:00:00+00:00
1775165400000,1.83305,1.83386,1.83134,1.83213,2923.43924808,2026-04-02 21:30:00+00:00
1775167200000,1.83426,1.83668,1.83426,1.83623,5859.44618922,2026-04-02 22:00:00+00:00
1775169000000,1.83372,1.83692,1.83284,1.83692,1821.89644,2026-04-02 22:30:00+00:00
1775170800000,1.83685,1.83833,1.83393,1.83393,2860.06973877,2026-04-02 23:00:00+00:00
1775172600000,1.83381,1.83964,1.83381,1.838,4442.37624291,2026-04-02 23:30:00+00:00
1775174400000,1.8388,1.84159,1.8388,1.84049,1283.95135117,2026-04-03 00:00:00+00:00
1775176200000,1.83669,1.84285,1.83125,1.83381,9254.7158811,2026-04-03 00:30:00+00:00
1775178000000,1.83478,1.8408,1.8332,1.84075,11333.8528639,2026-04-03 01:00:00+00:00
1775179800000,1.84092,1.84092,1.83002,1.83027,5288.31476,2026-04-03 01:30:00+00:00
1775181600000,1.83085,1.833,1.82339,1.8234,14583.46539922,2026-04-03 02:00:00+00:00
1775183400000,1.8226,1.82297,1.81849,1.82297,9487.30587762,2026-04-03 02:30:00+00:00
1775185200000,1.82337,1.83812,1.82228,1.83703,11716.29130066,2026-04-03 03:00:00+00:00
1775187000000,1.83704,1.84194,1.83647,1.84158,856.62195184,2026-04-03 03:30:00+00:00
1775188800000,1.84287,1.84287,1.83374,1.83374,10410.4672115,2026-04-03 04:00:00+00:00
1775190600000,1.83651,1.8412,1.83487,1.84014,2297.52844807,2026-04-03 04:30:00+00:00
1775192400000,1.84093,1.8412,1.83752,1.83752,1251.74544324,2026-04-03 05:00:00+00:00
1775194200000,1.8412,1.84646,1.83817,1.83817,18773.38277912,2026-04-03 05:30:00+00:00
1775196000000,1.83839,1.84003,1.83487,1.83571,1938.07532893,2026-04-03 06:00:00+00:00
1775197800000,1.83541,1.83983,1.83539,1.8392,727.97397723,2026-04-03 06:30:00+00:00
1775199600000,1.83894,1.84022,1.8377,1.8377,460.85091,2026-04-03 07:00:00+00:00
1775201400000,1.8377,1.83968,1.8377,1.83846,200.23515,2026-04-03 07:30:00+00:00
1775203200000,1.83903,1.84118,1.8377,1.8377,487.72353571,2026-04-03 08:00:00+00:00
1775205000000,1.83853,1.83947,1.83622,1.83648,963.76076894,2026-04-03 08:30:00+00:00
1775206800000,1.83492,1.83492,1.82878,1.82878,347.60627659,2026-04-03 09:00:00+00:00
1775208600000,1.82806,1.83016,1.82806,1.82819,217.66344111,2026-04-03 09:30:00+00:00
1775210400000,1.82799,1.82917,1.82623,1.82843,9332.44923615,2026-04-03 10:00:00+00:00
1775212200000,1.83025,1.83521,1.83025,1.8341,12440.85275789,2026-04-03 10:30:00+00:00
1775214000000,1.83495,1.83563,1.83421,1.83442,880.16466996,2026-04-03 11:00:00+00:00
1775215800000,1.83836,1.84531,1.8382,1.84287,11441.62518013,2026-04-03 11:30:00+00:00
1775217600000,1.84094,1.85,1.83871,1.85,8197.49003238,2026-04-03 12:00:00+00:00
1775219400000,1.8515,1.8614,1.84187,1.84198,16641.49034385,2026-04-03 12:30:00+00:00
1775221200000,1.8416,1.8416,1.83717,1.84014,4920.23021618,2026-04-03 13:00:00+00:00
1775223000000,1.84022,1.84066,1.83447,1.838,5229.13840002,2026-04-03 13:30:00+00:00
1775224800000,1.8372,1.84479,1.8359,1.84303,7861.62087803,2026-04-03 14:00:00+00:00
1775226600000,1.84179,1.84244,1.83723,1.84244,1788.61096,2026-04-03 14:30:00+00:00
1775228400000,1.84076,1.84627,1.84076,1.84494,4489.52792226,2026-04-03 15:00:00+00:00
1775230200000,1.84271,1.84296,1.83962,1.84192,5345.94276463,2026-04-03 15:30:00+00:00
1775232000000,1.84042,1.84631,1.84042,1.84591,2551.76610315,2026-04-03 16:00:00+00:00
1775233800000,1.84617,1.84905,1.84388,1.84853,1771.36491059,2026-04-03 16:30:00+00:00
1775235600000,1.84894,1.84974,1.8457,1.84573,3733.88775257,2026-04-03 17:00:00+00:00
1775237400000,1.84547,1.84604,1.8409,1.84515,6664.57494426,2026-04-03 17:30:00+00:00
1775239200000,1.84328,1.84515,1.84328,1.84353,2068.1781621,2026-04-03 18:00:00+00:00
1775241000000,1.84304,1.84426,1.83919,1.83964,1911.31082425,2026-04-03 18:30:00+00:00
1775242800000,1.83892,1.84053,1.83394,1.83695,1243.3328,2026-04-03 19:00:00+00:00
1775244600000,1.83528,1.84078,1.83528,1.83935,1226.93262889,2026-04-03 19:30:00+00:00
1775246400000,1.83933,1.84118,1.83917,1.83935,993.8132424,2026-04-03 20:00:00+00:00
1775248200000,1.83846,1.83945,1.83632,1.83791,2521.84482219,2026-04-03 20:30:00+00:00
1775250000000,1.8374,1.84011,1.83546,1.83926,1983.3571447,2026-04-03 21:00:00+00:00
1775251800000,1.83923,1.84127,1.83551,1.84127,2573.02243709,2026-04-03 21:30:00+00:00
1775253600000,1.83833,1.84171,1.83755,1.8408,512.54073154,2026-04-03 22:00:00+00:00
1775255400000,1.84267,1.8453,1.83741,1.83868,11448.9803019,2026-04-03 22:30:00+00:00
1775257200000,1.83695,1.83761,1.83359,1.8343,3180.26152415,2026-04-03 23:00:00+00:00
1775259000000,1.835,1.84041,1.83236,1.83897,9026.74310259,2026-04-03 23:30:00+00:00
1775260800000,1.83908,1.84023,1.83782,1.84023,1604.28162738,2026-04-04 00:00:00+00:00
1775262600000,1.84075,1.84123,1.83832,1.83846,515.45938869,2026-04-04 00:30:00+00:00
1775264400000,1.8372,1.83913,1.83702,1.83736,1608.20559126,2026-04-04 01:00:00+00:00
1775266200000,1.83719,1.83821,1.83702,1.83702,478.88114872,2026-04-04 01:30:00+00:00
1775268000000,1.83702,1.83702,1.8344,1.83508,363.09626069,2026-04-04 02:00:00+00:00
1775269800000,1.83545,1.83609,1.83476,1.83539,1323.41429098,2026-04-04 02:30:00+00:00
1775271600000,1.8365,1.83742,1.83518,1.83627,2183.73284811,2026-04-04 03:00:00+00:00
1775273400000,1.83616,1.83901,1.83592,1.83865,4750.48236949,2026-04-04 03:30:00+00:00
1775275200000,1.83754,1.8398,1.83754,1.83963,1871.1804418,2026-04-04 04:00:00+00:00
1775277000000,1.84102,1.84102,1.83803,1.83803,1489.63990657,2026-04-04 04:30:00+00:00
1775278800000,1.83776,1.83776,1.8376,1.8376,293.65301,2026-04-04 05:00:00+00:00
1775280600000,1.83987,1.8402,1.83821,1.83901,346.49155446,2026-04-04 05:30:00+00:00
1775282400000,1.83825,1.84174,1.83807,1.84174,2456.16333,2026-04-04 06:00:00+00:00
1775284200000,1.84118,1.84373,1.8409,1.84346,1019.11652,2026-04-04 06:30:00+00:00
1775286000000,1.84128,1.8415,1.84034,1.84052,133.84682467,2026-04-04 07:00:00+00:00
1775287800000,1.83844,1.83844,1.83695,1.83726,1351.75823827,2026-04-04 07:30:00+00:00
1775289600000,1.83774,1.83774,1.83534,1.83639,180.770154,2026-04-04 08:00:00+00:00
1775291400000,1.83505,1.83538,1.83504,1.83505,154.02514,2026-04-04 08:30:00+00:00
1775293200000,1.83504,1.83524,1.83504,1.83505,1837.04585,2026-04-04 09:00:00+00:00
1775295000000,1.83504,1.83504,1.83336,1.83341,71.65606982,2026-04-04 09:30:00+00:00
1775296800000,1.83187,1.8324,1.8285,1.8285,15150.56879501,2026-04-04 10:00:00+00:00
1775298600000,1.82601,1.83482,1.82601,1.83439,2493.00872919,2026-04-04 10:30:00+00:00
1775300400000,1.83587,1.83693,1.83478,1.83478,4452.21180788,2026-04-04 11:00:00+00:00
1775302200000,1.83255,1.83255,1.83111,1.83167,1587.87974188,2026-04-04 11:30:00+00:00
1775304000000,1.83172,1.83201,1.83098,1.83099,123.5436932,2026-04-04 12:00:00+00:00
1775305800000,1.83099,1.83099,1.82852,1.83039,1527.21974376,2026-04-04 12:30:00+00:00
1775307600000,1.8287,1.82957,1.82743,1.82748,2915.70360658,2026-04-04 13:00:00+00:00
1775309400000,1.82797,1.83076,1.82797,1.82881,1999.62082234,2026-04-04 13:30:00+00:00
1775311200000,1.82837,1.82996,1.82823,1.82946,1043.96237907,2026-04-04 14:00:00+00:00
1775313000000,1.82827,1.83196,1.82663,1.83124,3303.44303657,2026-04-04 14:30:00+00:00
1775314800000,1.83264,1.83612,1.83264,1.83612,136.1127,2026-04-04 15:00:00+00:00
1775316600000,1.83487,1.83562,1.83307,1.83307,302.62126835,2026-04-04 15:30:00+00:00
1775318400000,1.83414,1.8354,1.83085,1.83509,4606.00236499,2026-04-04 16:00:00+00:00
1775320200000,1.83438,1.8357,1.82865,1.8335,29519.10420931,2026-04-04 16:30:00+00:00
1775322000000,1.83351,1.83682,1.8335,1.83682,1366.93311487,2026-04-04 17:00:00+00:00
1775323800000,1.83621,1.83669,1.83509,1.83586,2884.97720699,2026-04-04 17:30:00+00:00
1775325600000,1.83485,1.83699,1.83434,1.83699,983.03294933,2026-04-04 18:00:00+00:00
1775327400000,1.83653,1.83653,1.83404,1.83415,2612.34146676,2026-04-04 18:30:00+00:00
1775329200000,1.83667,1.84562,1.83619,1.84016,5184.44328063,2026-04-04 19:00:00+00:00
1775331000000,1.83909,1.84164,1.83853,1.84164,2450.27741407,2026-04-04 19:30:00+00:00
1775332800000,1.8406,1.84151,1.83811,1.84151,1295.55400894,2026-04-04 20:00:00+00:00
1775334600000,1.84038,1.8418,1.83898,1.83898,3393.89882016,2026-04-04 20:30:00+00:00
1775336400000,1.84032,1.84032,1.83714,1.83938,2753.20308,2026-04-04 21:00:00+00:00
1775338200000,1.8395,1.84191,1.83846,1.83846,1684.82218,2026-04-04 21:30:00+00:00
1775340000000,1.83825,1.84124,1.83824,1.83969,734.00064487,2026-04-04 22:00:00+00:00
1775341800000,1.83984,1.84124,1.83791,1.83958,3085.20855685,2026-04-04 22:30:00+00:00
1775343600000,1.83852,1.83869,1.83593,1.83617,837.26307934,2026-04-04 23:00:00+00:00
1775345400000,1.83516,1.83671,1.83487,1.83665,764.30860537,2026-04-04 23:30:00+00:00
1775347200000,1.83674,1.83686,1.83528,1.83528,263.80418,2026-04-05 00:00:00+00:00
1775349000000,1.83528,1.83589,1.83259,1.83259,1149.62963256,2026-04-05 00:30:00+00:00
1775350800000,1.83286,1.83439,1.83264,1.83308,619.86401272,2026-04-05 01:00:00+00:00
1775352600000,1.83281,1.83401,1.83161,1.83399,1679.23331626,2026-04-05 01:30:00+00:00
1775354400000,1.8326,1.83923,1.8326,1.83923,557.38422055,2026-04-05 02:00:00+00:00
1775356200000,1.84304,1.84322,1.83727,1.83943,1917.70067025,2026-04-05 02:30:00+00:00
1775358000000,1.83896,1.84026,1.83896,1.83919,96.94196656,2026-04-05 03:00:00+00:00
1775359800000,1.83648,1.83658,1.83523,1.83523,141.94341329,2026-04-05 03:30:00+00:00
1775361600000,1.83401,1.8357,1.83097,1.8357,7990.71639149,2026-04-05 04:00:00+00:00
1775363400000,1.83511,1.83512,1.82926,1.83067,1885.11381,2026-04-05 04:30:00+00:00
1775365200000,1.83106,1.83281,1.82501,1.8252,4901.43306085,2026-04-05 05:00:00+00:00
1775367000000,1.82501,1.82501,1.818,1.818,2951.74984548,2026-04-05 05:30:00+00:00
1775368800000,1.81652,1.81864,1.81055,1.81514,5298.17134694,2026-04-05 06:00:00+00:00
1775370600000,1.81791,1.81974,1.81791,1.81974,388.4383944,2026-04-05 06:30:00+00:00
1775372400000,1.8197,1.8197,1.81332,1.81597,8785.11661915,2026-04-05 07:00:00+00:00
1775374200000,1.81582,1.81593,1.81152,1.81181,3045.48254,2026-04-05 07:30:00+00:00
1775376000000,1.81308,1.81386,1.81201,1.81201,576.79352,2026-04-05 08:00:00+00:00
1775377800000,1.81398,1.81496,1.81398,1.81496,103.42663,2026-04-05 08:30:00+00:00
1775379600000,1.81599,1.81838,1.81533,1.81838,573.92223,2026-04-05 09:00:00+00:00
1775381400000,1.81758,1.81817,1.81724,1.81817,860.81730282,2026-04-05 09:30:00+00:00
1775383200000,1.81672,1.81731,1.81585,1.81595,543.73375963,2026-04-05 10:00:00+00:00
1775385000000,1.81595,1.8205,1.81585,1.81585,1338.69374262,2026-04-05 10:30:00+00:00
1775386800000,1.81478,1.81713,1.81403,1.81713,559.79316358,2026-04-05 11:00:00+00:00
1775388600000,1.81728,1.81728,1.81572,1.81572,132.8269275,2026-04-05 11:30:00+00:00
1775390400000,1.8154,1.8154,1.80517,1.80518,2575.10273521,2026-04-05 12:00:00+00:00
1775392200000,1.80345,1.80562,1.78795,1.79239,18027.70481196,2026-04-05 12:30:00+00:00
1775394000000,1.79174,1.79807,1.79,1.79723,4032.80286495,2026-04-05 13:00:00+00:00
1775395800000,1.79481,1.80446,1.79481,1.80019,13157.14584518,2026-04-05 13:30:00+00:00
1775397600000,1.8007,1.8025,1.7972,1.7993,6127.87546443,2026-04-05 14:00:00+00:00
1775399400000,1.79874,1.80113,1.7987,1.7987,867.14747268,2026-04-05 14:30:00+00:00
1775401200000,1.79759,1.8144,1.79433,1.81084,8028.9201586,2026-04-05 15:00:00+00:00
1775403000000,1.81177,1.82059,1.81173,1.81316,5704.92872786,2026-04-05 15:30:00+00:00
1775404800000,1.81268,1.816,1.81268,1.81561,1549.19782759,2026-04-05 16:00:00+00:00
1775406600000,1.81554,1.81818,1.81201,1.81201,1086.56500692,2026-04-05 16:30:00+00:00
1775408400000,1.81379,1.81816,1.81225,1.81406,3727.01261,2026-04-05 17:00:00+00:00
1775410200000,1.81458,1.81973,1.81331,1.81973,8611.29010882,2026-04-05 17:30:00+00:00
1775412000000,1.81638,1.81798,1.8141,1.8141,1886.90785383,2026-04-05 18:00:00+00:00
1775413800000,1.81495,1.82063,1.81495,1.81954,1657.43211,2026-04-05 18:30:00+00:00
1775415600000,1.81974,1.82339,1.81672,1.82241,1577.89788449,2026-04-05 19:00:00+00:00
1775417400000,1.82263,1.82264,1.81567,1.81593,1773.03954,2026-04-05 19:30:00+00:00
1775419200000,1.81667,1.81796,1.81616,1.81779,3678.16241162,2026-04-05 20:00:00+00:00
1775421000000,1.81713,1.82215,1.81677,1.82097,732.01548947,2026-04-05 20:30:00+00:00
1775422800000,1.82147,1.82147,1.81358,1.8146,4829.92408067,2026-04-05 21:00:00+00:00
1775424600000,1.81356,1.81789,1.81352,1.81352,262.87782552,2026-04-05 21:30:00+00:00
1775426400000,1.8215,1.82161,1.81224,1.81266,1741.22347815,2026-04-05 22:00:00+00:00
1775428200000,1.81487,1.83212,1.81464,1.83212,1254.55847997,2026-04-05 22:30:00+00:00
1775430000000,1.83183,1.85688,1.83183,1.85,17629.39770814,2026-04-05 23:00:00+00:00
1775431800000,1.85,1.855,1.84783,1.85173,109745.57448,2026-04-05 23:30:00+00:00
1775433600000,1.85165,1.86744,1.85165,1.86489,1663.79631399,2026-04-06 00:00:00+00:00
1775435400000,1.86751,1.86776,1.85864,1.85936,8348.78697682,2026-04-06 00:30:00+00:00
1775437200000,1.85619,1.85689,1.85292,1.85573,3774.64475577,2026-04-06 01:00:00+00:00
1775439000000,1.85519,1.85896,1.85452,1.85675,5699.22743749,2026-04-06 01:30:00+00:00
1775440800000,1.85597,1.8791,1.85597,1.87102,108518.21469286,2026-04-06 02:00:00+00:00
1775442600000,1.87495,1.87903,1.86954,1.87038,6826.6002399,2026-04-06 02:30:00+00:00
1775444400000,1.8696,1.87205,1.86665,1.86995,26697.55571229,2026-04-06 03:00:00+00:00
1775446200000,1.86867,1.87118,1.86333,1.86458,6379.55895732,2026-04-06 03:30:00+00:00
1775448000000,1.86934,1.86948,1.86449,1.86495,2284.49041316,2026-04-06 04:00:00+00:00
1775449800000,1.87014,1.87125,1.86981,1.86981,1249.91572165,2026-04-06 04:30:00+00:00
1775451600000,1.86704,1.86763,1.86478,1.86478,64.75731,2026-04-06 05:00:00+00:00
1775453400000,1.86631,1.86851,1.86584,1.86851,1133.67323026,2026-04-06 05:30:00+00:00
1775455200000,1.86977,1.87711,1.86803,1.86803,977.85707703,2026-04-06 06:00:00+00:00
1775457000000,1.87005,1.87467,1.87005,1.87175,4455.71384212,2026-04-06 06:30:00+00:00
1775458800000,1.87099,1.87432,1.86609,1.87219,7477.94521536,2026-04-06 07:00:00+00:00
1775460600000,1.86893,1.87087,1.86606,1.86977,4478.8991718,2026-04-06 07:30:00+00:00
1775462400000,1.87473,1.87473,1.87229,1.87229,1227.55383642,2026-04-06 08:00:00+00:00
1775464200000,1.87209,1.87209,1.86552,1.86655,1013.87567276,2026-04-06 08:30:00+00:00
1775466000000,1.86463,1.88978,1.86463,1.8883,73576.21358709,2026-04-06 09:00:00+00:00
1775467800000,1.88616,1.88723,1.88398,1.88398,2270.5906147,2026-04-06 09:30:00+00:00
1775469600000,1.88609,1.88925,1.88607,1.88625,256.69781,2026-04-06 10:00:00+00:00
1775471400000,1.88809,1.88852,1.88618,1.88618,1808.98474293,2026-04-06 10:30:00+00:00
1775473200000,1.88407,1.88419,1.8783,1.88047,2601.17125233,2026-04-06 11:00:00+00:00
1775475000000,1.88,1.88247,1.88,1.88086,619.56718205,2026-04-06 11:30:00+00:00
1775476800000,1.88141,1.88141,1.87623,1.87623,1455.62719705,2026-04-06 12:00:00+00:00
1775478600000,1.87598,1.87598,1.86788,1.86788,4660.36368102,2026-04-06 12:30:00+00:00
1775480400000,1.87142,1.87322,1.87005,1.87322,3251.45214419,2026-04-06 13:00:00+00:00
1775482200000,1.87258,1.8753,1.86957,1.8753,292.41217298,2026-04-06 13:30:00+00:00
1775484000000,1.87659,1.8827,1.87415,1.8827,13840.12798443,2026-04-06 14:00:00+00:00
1775485800000,1.87843,1.87939,1.8691,1.877,6900.12131149,2026-04-06 14:30:00+00:00
1775487600000,1.87656,1.87765,1.87351,1.87566,10338.28109628,2026-04-06 15:00:00+00:00
1775489400000,1.87552,1.88259,1.87446,1.87993,3286.30919219,2026-04-06 15:30:00+00:00
1775491200000,1.88106,1.88234,1.8799,1.88049,1012.60329079,2026-04-06 16:00:00+00:00
1775493000000,1.87853,1.88225,1.87195,1.87195,276.81375195,2026-04-06 16:30:00+00:00
1775494800000,1.86693,1.86967,1.86187,1.86966,3609.84224786,2026-04-06 17:00:00+00:00
1775496600000,1.86966,1.86967,1.86278,1.86583,15443.55159077,2026-04-06 17:30:00+00:00
1775498400000,1.86464,1.8678,1.86312,1.86556,5002.96189121,2026-04-06 18:00:00+00:00
1775500200000,1.86842,1.8692,1.86793,1.86808,2550.8142986,2026-04-06 18:30:00+00:00
1775502000000,1.86791,1.86791,1.86339,1.86489,2915.98877975,2026-04-06 19:00:00+00:00
1775503800000,1.86539,1.86608,1.86451,1.86451,510.42761,2026-04-06 19:30:00+00:00
1775505600000,1.86895,1.86992,1.86771,1.86891,1576.94312023,2026-04-06 20:00:00+00:00
1775507400000,1.87032,1.87107,1.86748,1.86768,4720.00060303,2026-04-06 20:30:00+00:00
1775509200000,1.86652,1.86678,1.86299,1.86564,1399.06960409,2026-04-06 21:00:00+00:00
1775511000000,1.86462,1.86462,1.85912,1.86011,7185.65414,2026-04-06 21:30:00+00:00
1775512800000,1.85692,1.85889,1.85636,1.85701,2092.18382475,2026-04-06 22:00:00+00:00
1775514600000,1.85216,1.85216,1.83664,1.83668,7713.59999281,2026-04-06 22:30:00+00:00
1775516400000,1.83541,1.83648,1.82717,1.83355,7042.5806256,2026-04-06 23:00:00+00:00
1775518200000,1.83301,1.84022,1.83301,1.83912,1387.61227511,2026-04-06 23:30:00+00:00
1775520000000,1.83918,1.84647,1.83815,1.84374,7024.20054507,2026-04-07 00:00:00+00:00
1775521800000,1.84462,1.84468,1.84074,1.84321,3378.34605127,2026-04-07 00:30:00+00:00
1775523600000,1.83964,1.84209,1.83699,1.84144,5950.13664492,2026-04-07 01:00:00+00:00
1775525400000,1.83972,1.84088,1.83203,1.83419,12747.48423061,2026-04-07 01:30:00+00:00
1775527200000,1.83259,1.8378,1.83199,1.83749,558.94245396,2026-04-07 02:00:00+00:00
1775529000000,1.83725,1.83779,1.83239,1.83581,2467.06008,2026-04-07 02:30:00+00:00
1775530800000,1.83456,1.8364,1.83264,1.83443,13749.81534265,2026-04-07 03:00:00+00:00
1775532600000,1.83483,1.83483,1.83337,1.83367,1196.57584575,2026-04-07 03:30:00+00:00
1775534400000,1.83389,1.83486,1.83112,1.83169,1894.51655151,2026-04-07 04:00:00+00:00
1775536200000,1.83533,1.83856,1.83533,1.83774,2514.79635398,2026-04-07 04:30:00+00:00
1775538000000,1.83773,1.83773,1.83208,1.83209,1717.63672715,2026-04-07 05:00:00+00:00
1775539800000,1.829,1.829,1.826,1.82657,794.60429224,2026-04-07 05:30:00+00:00
1775541600000,1.82652,1.82652,1.82215,1.82413,5691.78419724,2026-04-07 06:00:00+00:00
1775543400000,1.82392,1.82763,1.82,1.82757,6326.56520916,2026-04-07 06:30:00+00:00
1775545200000,1.82684,1.83349,1.82684,1.83186,1022.93688,2026-04-07 07:00:00+00:00
1775547000000,1.83094,1.83094,1.83094,1.83094,16.21665,2026-04-07 07:30:00+00:00
1775548800000,1.82891,1.83184,1.8267,1.82899,2970.53786635,2026-04-07 08:00:00+00:00
1775550600000,1.83705,1.84087,1.83705,1.83968,1918.02748779,2026-04-07 08:30:00+00:00
1775552400000,1.83577,1.84172,1.83577,1.84172,51.4023,2026-04-07 09:00:00+00:00
1775554200000,1.83977,1.83977,1.83977,1.83977,5.64243262,2026-04-07 09:30:00+00:00
1775556000000,1.83939,1.83955,1.83057,1.83057,1269.3606434,2026-04-07 10:00:00+00:00
1775557800000,1.82975,1.82976,1.82185,1.82185,649.54647,2026-04-07 10:30:00+00:00
1775559600000,1.81998,1.82394,1.8188,1.8188,1773.21448827,2026-04-07 11:00:00+00:00
1775561400000,1.81877,1.81991,1.81655,1.81915,1082.06355257,2026-04-07 11:30:00+00:00
1775563200000,1.81888,1.82082,1.80994,1.82082,11194.7170329,2026-04-07 12:00:00+00:00
1775565000000,1.82214,1.82489,1.81697,1.82143,6936.18672129,2026-04-07 12:30:00+00:00
1775566800000,1.82287,1.82948,1.82127,1.82158,8187.58463182,2026-04-07 13:00:00+00:00
1775568600000,1.82337,1.82389,1.81742,1.82077,1335.17184961,2026-04-07 13:30:00+00:00
1775570400000,1.816,1.816,1.80831,1.81365,9657.60135395,2026-04-07 14:00:00+00:00
1775572200000,1.81006,1.81088,1.80517,1.80596,5620.93874228,2026-04-07 14:30:00+00:00
1775574000000,1.80517,1.81143,1.80429,1.81143,1298.88111652,2026-04-07 15:00:00+00:00
1775575800000,1.81048,1.81116,1.80428,1.80614,17823.35702798,2026-04-07 15:30:00+00:00
1775577600000,1.80536,1.80976,1.80344,1.80976,14232.96391874,2026-04-07 16:00:00+00:00
1775579400000,1.80929,1.81268,1.80897,1.81004,8432.15397666,2026-04-07 16:30:00+00:00
1775581200000,1.81059,1.81144,1.80743,1.80972,9528.013959,2026-04-07 17:00:00+00:00
1775583000000,1.81606,1.82548,1.81485,1.82003,15296.00248137,2026-04-07 17:30:00+00:00
1775584800000,1.82003,1.8215,1.81746,1.81937,4072.183047,2026-04-07 18:00:00+00:00
1775586600000,1.81983,1.81983,1.80885,1.80997,6059.56381707,2026-04-07 18:30:00+00:00
1775588400000,1.80959,1.81957,1.80955,1.81776,3289.09824122,2026-04-07 19:00:00+00:00
1775590200000,1.81774,1.82708,1.81286,1.82708,17923.83792542,2026-04-07 19:30:00+00:00
1775592000000,1.82765,1.8331,1.8275,1.8331,3391.57002128,2026-04-07 20:00:00+00:00
1775593800000,1.83242,1.83425,1.82836,1.83028,2689.69730867,2026-04-07 20:30:00+00:00
1775595600000,1.83238,1.85779,1.83203,1.84399,13682.28552865,2026-04-07 21:00:00+00:00
1775597400000,1.8466,1.86316,1.8466,1.85722,9660.73030648,2026-04-07 21:30:00+00:00
1775599200000,1.86112,1.86525,1.85666,1.86525,2106.13528394,2026-04-07 22:00:00+00:00
1775601000000,1.8639,1.9,1.86373,1.8999,32989.16710803,2026-04-07 22:30:00+00:00
1775602800000,1.90371,1.93197,1.89419,1.93197,137470.3889489,2026-04-07 23:00:00+00:00
1775604600000,1.93,1.93,1.90742,1.90742,39034.86648869,2026-04-07 23:30:00+00:00
1775606400000,1.91,1.91313,1.89576,1.89601,14389.46022095,2026-04-08 00:00:00+00:00
1775608200000,1.89735,1.89735,1.88389,1.89175,12904.78214533,2026-04-08 00:30:00+00:00
1775610000000,1.89257,1.89698,1.88897,1.89028,11521.81991756,2026-04-08 01:00:00+00:00
1775611800000,1.8909,1.8991,1.8909,1.89676,6359.3948058,2026-04-08 01:30:00+00:00
1775613600000,1.89731,1.90301,1.89478,1.89917,6373.03258555,2026-04-08 02:00:00+00:00
1775615400000,1.89947,1.90198,1.89716,1.90198,3389.2656579,2026-04-08 02:30:00+00:00
1775617200000,1.90238,1.9054,1.89447,1.8948,7720.77180925,2026-04-08 03:00:00+00:00
1775619000000,1.89729,1.89922,1.89312,1.89599,20866.69528141,2026-04-08 03:30:00+00:00
1775620800000,1.89703,1.90327,1.89598,1.90177,21676.39461257,2026-04-08 04:00:00+00:00
1775622600000,1.90243,1.90617,1.90215,1.90579,3358.28463769,2026-04-08 04:30:00+00:00
1775624400000,1.90723,1.91695,1.90723,1.91461,1774.24231229,2026-04-08 05:00:00+00:00
1775626200000,1.91217,1.91269,1.91204,1.91247,412.36755,2026-04-08 05:30:00+00:00
1775628000000,1.916,1.91668,1.916,1.91668,427.26969364,2026-04-08 06:00:00+00:00
1775629800000,1.91027,1.91027,1.91027,1.91027,5.22181,2026-04-08 06:30:00+00:00
1775631600000,1.91134,1.91134,1.90998,1.91005,45.41390386,2026-04-08 07:00:00+00:00
1775633400000,1.90863,1.90863,1.90831,1.90831,222.14035873,2026-04-08 07:30:00+00:00
1775635200000,1.91214,1.91311,1.91208,1.91311,25.774592,2026-04-08 08:00:00+00:00
1775637000000,1.91263,1.91443,1.91196,1.91305,2469.31068,2026-04-08 08:30:00+00:00
1775638800000,1.9164,1.92,1.91411,1.91412,15664.17150998,2026-04-08 09:00:00+00:00
1775640600000,1.91129,1.91331,1.91078,1.91331,405.27936,2026-04-08 09:30:00+00:00
1775642400000,1.9155,1.91722,1.9155,1.91722,202.2688,2026-04-08 10:00:00+00:00
1775644200000,1.91505,1.91956,1.91505,1.91886,980.80826,2026-04-08 10:30:00+00:00
1775646000000,1.917,1.92,1.91122,1.91289,515.02304439,2026-04-08 11:00:00+00:00
1775647800000,1.91062,1.9108,1.8989,1.90986,3335.51862262,2026-04-08 11:30:00+00:00
1775649600000,1.9117,1.9143,1.90848,1.90969,16754.87274907,2026-04-08 12:00:00+00:00
1775651400000,1.9121,1.91562,1.91148,1.91184,4133.11496888,2026-04-08 12:30:00+00:00
1775653200000,1.91271,1.9216,1.91262,1.91773,490.18019725,2026-04-08 13:00:00+00:00
1775655000000,1.91574,1.91593,1.90387,1.90387,11280.20059377,2026-04-08 13:30:00+00:00
1775656800000,1.90481,1.90481,1.89372,1.89431,5775.79749913,2026-04-08 14:00:00+00:00
1775658600000,1.89131,1.89131,1.86323,1.86673,23606.38341094,2026-04-08 14:30:00+00:00
1775660400000,1.86737,1.87589,1.86737,1.87481,6641.20297278,2026-04-08 15:00:00+00:00
1775662200000,1.87377,1.87805,1.8734,1.87655,3398.07584657,2026-04-08 15:30:00+00:00
1775664000000,1.87639,1.88208,1.876,1.8797,5719.73523167,2026-04-08 16:00:00+00:00
1775665800000,1.87594,1.88229,1.87566,1.88109,557.5408835,2026-04-08 16:30:00+00:00
1775667600000,1.87913,1.88247,1.87913,1.88164,524.397,2026-04-08 17:00:00+00:00
1775669400000,1.876,1.8859,1.876,1.88454,1097.57342184,2026-04-08 17:30:00+00:00
1775671200000,1.88544,1.88544,1.87607,1.8769,3769.85238999,2026-04-08 18:00:00+00:00
1775673000000,1.87663,1.87926,1.86781,1.86817,1407.05308885,2026-04-08 18:30:00+00:00
1775674800000,1.86745,1.87199,1.86322,1.86437,5822.24013517,2026-04-08 19:00:00+00:00
1775676600000,1.86476,1.8692,1.86383,1.86708,23178.70367688,2026-04-08 19:30:00+00:00
1775678400000,1.87231,1.87343,1.86786,1.86786,1983.63701506,2026-04-08 20:00:00+00:00
1775680200000,1.86928,1.86938,1.86294,1.86761,3800.27072298,2026-04-08 20:30:00+00:00
1775682000000,1.86885,1.8804,1.86833,1.8804,588.04884586,2026-04-08 21:00:00+00:00
1775683800000,1.878,1.87838,1.87294,1.87514,2495.40497241,2026-04-08 21:30:00+00:00
1775685600000,1.87275,1.87291,1.8652,1.8652,2713.64562159,2026-04-08 22:00:00+00:00
1775687400000,1.86582,1.86811,1.86209,1.86235,1669.27285351,2026-04-08 22:30:00+00:00
1775689200000,1.86,1.86383,1.85633,1.8577,1244.40659523,2026-04-08 23:00:00+00:00
1775691000000,1.85723,1.86068,1.85634,1.86068,4457.21736837,2026-04-08 23:30:00+00:00
1775692800000,1.85946,1.86063,1.85474,1.85474,1591.60998559,2026-04-09 00:00:00+00:00
1775694600000,1.85089,1.85726,1.85048,1.85726,1765.31496243,2026-04-09 00:30:00+00:00
1775696400000,1.85693,1.85748,1.84094,1.84094,14969.91342678,2026-04-09 01:00:00+00:00
1775698200000,1.84522,1.85023,1.84045,1.84848,5926.37818161,2026-04-09 01:30:00+00:00
1775700000000,1.85227,1.85245,1.84875,1.85029,4649.25244592,2026-04-09 02:00:00+00:00
1775701800000,1.8508,1.85093,1.8463,1.8488,1677.33336,2026-04-09 02:30:00+00:00
1775703600000,1.84841,1.85191,1.84461,1.84462,24740.41452951,2026-04-09 03:00:00+00:00
1775705400000,1.84435,1.84693,1.84354,1.84683,7823.61346031,2026-04-09 03:30:00+00:00
1775707200000,1.84176,1.8452,1.84,1.84127,8988.96409584,2026-04-09 04:00:00+00:00
1775709000000,1.84193,1.84512,1.84193,1.84461,1095.09864204,2026-04-09 04:30:00+00:00
1775710800000,1.84539,1.8482,1.84423,1.8448,1702.04114015,2026-04-09 05:00:00+00:00
1775712600000,1.84742,1.84974,1.84589,1.84656,205.30893541,2026-04-09 05:30:00+00:00
1775714400000,1.8481,1.84936,1.84181,1.84181,1763.25092971,2026-04-09 06:00:00+00:00
1775716200000,1.84,1.84703,1.83894,1.847,701.7065528,2026-04-09 06:30:00+00:00
1775718000000,1.84705,1.84799,1.84576,1.84594,167.76172,2026-04-09 07:00:00+00:00
1775719800000,1.84908,1.84916,1.84626,1.84633,1711.44354893,2026-04-09 07:30:00+00:00
1775721600000,1.84521,1.84622,1.84493,1.84622,485.9833,2026-04-09 08:00:00+00:00
1775723400000,1.84751,1.85137,1.84751,1.85137,1432.02340522,2026-04-09 08:30:00+00:00
1775725200000,1.84936,1.85272,1.84936,1.85047,610.93183603,2026-04-09 09:00:00+00:00
1775727000000,1.85075,1.85286,1.8507,1.85286,106.83456951,2026-04-09 09:30:00+00:00
1775728800000,1.85479,1.85545,1.85039,1.8521,424.04433,2026-04-09 10:00:00+00:00
1775730600000,1.8512,1.85232,1.85076,1.85076,361.44800341,2026-04-09 10:30:00+00:00
1775732400000,1.8478,1.85082,1.84067,1.84067,3641.01512277,2026-04-09 11:00:00+00:00
1775734200000,1.83957,1.84117,1.83531,1.84117,1634.24625982,2026-04-09 11:30:00+00:00
1775736000000,1.84019,1.84178,1.83716,1.83853,541.30951,2026-04-09 12:00:00+00:00
1775737800000,1.83954,1.8424,1.83954,1.8424,2844.78497666,2026-04-09 12:30:00+00:00
1775739600000,1.84295,1.84357,1.84003,1.84182,862.18654409,2026-04-09 13:00:00+00:00
1775741400000,1.84188,1.84409,1.83664,1.83805,4880.74369576,2026-04-09 13:30:00+00:00
1775743200000,1.83998,1.84006,1.82997,1.82997,3447.02433655,2026-04-09 14:00:00+00:00
1775745000000,1.83122,1.84401,1.82696,1.84221,20690.09645508,2026-04-09 14:30:00+00:00
1775746800000,1.84307,1.85661,1.84166,1.85016,20496.22855403,2026-04-09 15:00:00+00:00
1775748600000,1.84887,1.87242,1.84887,1.87242,8937.3348047,2026-04-09 15:30:00+00:00
1775750400000,1.87143,1.8765,1.86949,1.86949,6294.82910144,2026-04-09 16:00:00+00:00
1775752200000,1.8707,1.8707,1.86332,1.87046,11844.62467131,2026-04-09 16:30:00+00:00
1775754000000,1.87649,1.87782,1.87072,1.87073,3923.01249954,2026-04-09 17:00:00+00:00
1775755800000,1.87133,1.88048,1.86975,1.87898,1466.9160358,2026-04-09 17:30:00+00:00
1775757600000,1.87587,1.87676,1.86816,1.87676,2185.20953105,2026-04-09 18:00:00+00:00
1775759400000,1.87439,1.87512,1.8723,1.87449,1571.91191398,2026-04-09 18:30:00+00:00
1775761200000,1.87393,1.88026,1.86695,1.86695,20829.56571599,2026-04-09 19:00:00+00:00
1775763000000,1.86728,1.87617,1.86715,1.87247,16222.63653262,2026-04-09 19:30:00+00:00
1775764800000,1.8743,1.87913,1.8723,1.87913,5126.96241603,2026-04-09 20:00:00+00:00
1775766600000,1.87769,1.87837,1.87585,1.87669,4706.74123,2026-04-09 20:30:00+00:00
1775768400000,1.87518,1.87614,1.86963,1.86969,2822.62901686,2026-04-09 21:00:00+00:00
1775770200000,1.86833,1.87504,1.868,1.86883,4346.75082578,2026-04-09 21:30:00+00:00
1775772000000,1.87451,1.89227,1.8698,1.88306,6883.1716764,2026-04-09 22:00:00+00:00
1775773800000,1.87967,1.88184,1.86907,1.86969,4029.30000678,2026-04-09 22:30:00+00:00
1775775600000,1.86743,1.86743,1.86083,1.86097,9507.59040418,2026-04-09 23:00:00+00:00
1775777400000,1.86,1.86,1.85642,1.85745,3606.55973906,2026-04-09 23:30:00+00:00
1775779200000,1.85844,1.85949,1.85639,1.85696,3706.66580298,2026-04-10 00:00:00+00:00
1775781000000,1.86172,1.86265,1.85909,1.85937,1507.96219846,2026-04-10 00:30:00+00:00
1775782800000,1.86073,1.86364,1.85705,1.85753,2037.75893723,2026-04-10 01:00:00+00:00
1775784600000,1.85653,1.86629,1.85653,1.85832,631.69404,2026-04-10 01:30:00+00:00
1775786400000,1.85939,1.86217,1.85939,1.86158,745.97616,2026-04-10 02:00:00+00:00
1775788200000,1.86243,1.86286,1.85608,1.85746,1460.6335658,2026-04-10 02:30:00+00:00
1775790000000,1.85803,1.86082,1.85498,1.85572,3437.06399,2026-04-10 03:00:00+00:00
1775791800000,1.8556,1.86094,1.85524,1.85527,155.28943798,2026-04-10 03:30:00+00:00
1775793600000,1.85589,1.85935,1.85525,1.85935,1354.42789942,2026-04-10 04:00:00+00:00
1775795400000,1.85885,1.86265,1.85845,1.86211,10685.25982797,2026-04-10 04:30:00+00:00
1775797200000,1.86243,1.86511,1.85883,1.86511,2726.37316951,2026-04-10 05:00:00+00:00
1775799000000,1.8645,1.8645,1.85761,1.85761,2057.0992614,2026-04-10 05:30:00+00:00
1775800800000,1.85946,1.86283,1.85946,1.86097,584.52796,2026-04-10 06:00:00+00:00
1775802600000,1.86139,1.86154,1.85523,1.85529,454.27599,2026-04-10 06:30:00+00:00
1775804400000,1.85708,1.85708,1.85401,1.85452,144.7029416,2026-04-10 07:00:00+00:00
1775806200000,1.85493,1.85499,1.84836,1.85125,1430.12342259,2026-04-10 07:30:00+00:00
1775808000000,1.85102,1.85427,1.84936,1.85427,903.08384763,2026-04-10 08:00:00+00:00
1775809800000,1.86144,1.86313,1.85917,1.85917,1467.23567391,2026-04-10 08:30:00+00:00
1775811600000,1.85533,1.85719,1.8547,1.85719,312.69102932,2026-04-10 09:00:00+00:00
1775813400000,1.85411,1.85566,1.85013,1.85495,4355.12307408,2026-04-10 09:30:00+00:00
1775815200000,1.85205,1.8524,1.85132,1.85223,614.75179045,2026-04-10 10:00:00+00:00
1775817000000,1.85275,1.85568,1.85124,1.85212,5812.40384334,2026-04-10 10:30:00+00:00
1775818800000,1.85216,1.85216,1.85216,1.85216,6.98387,2026-04-10 11:00:00+00:00
1775820600000,1.85832,1.86016,1.85761,1.85761,4692.24350174,2026-04-10 11:30:00+00:00
1775822400000,1.85603,1.85827,1.85406,1.8575,11474.55754558,2026-04-10 12:00:00+00:00
1775824200000,1.8592,1.86316,1.85731,1.85731,22760.51493467,2026-04-10 12:30:00+00:00
1775826000000,1.8572,1.85864,1.85589,1.85674,12335.61801626,2026-04-10 13:00:00+00:00
1775827800000,1.85865,1.85965,1.84959,1.85965,5785.17250933,2026-04-10 13:30:00+00:00
1775829600000,1.85904,1.86873,1.85757,1.86707,10334.80846097,2026-04-10 14:00:00+00:00
1775831400000,1.87111,1.87757,1.86796,1.87757,2227.45208455,2026-04-10 14:30:00+00:00
1775833200000,1.87954,1.88126,1.87517,1.87535,5150.34818101,2026-04-10 15:00:00+00:00
1775835000000,1.87494,1.87558,1.86278,1.86278,8952.48005216,2026-04-10 15:30:00+00:00
1775836800000,1.86545,1.87257,1.86545,1.87151,11440.74852002,2026-04-10 16:00:00+00:00
1775838600000,1.8715,1.87154,1.86902,1.871,5223.57956787,2026-04-10 16:30:00+00:00
1775840400000,1.87133,1.87318,1.871,1.87299,2118.98483104,2026-04-10 17:00:00+00:00
1775842200000,1.8725,1.87583,1.86893,1.8758,3008.85802663,2026-04-10 17:30:00+00:00
1775844000000,1.87569,1.87832,1.87339,1.87832,1334.70265703,2026-04-10 18:00:00+00:00
1775845800000,1.87849,1.88229,1.87652,1.88156,2140.21234826,2026-04-10 18:30:00+00:00
1775847600000,1.88267,1.88607,1.88136,1.885,9030.17281993,2026-04-10 19:00:00+00:00
1775849400000,1.88533,1.88786,1.88213,1.88786,1680.02244737,2026-04-10 19:30:00+00:00
1775851200000,1.88775,1.89,1.88501,1.88918,33553.91886041,2026-04-10 20:00:00+00:00
1775853000000,1.88932,1.8898,1.88487,1.88864,4363.54619228,2026-04-10 20:30:00+00:00
1775854800000,1.8901,1.89033,1.88261,1.88437,3896.14801661,2026-04-10 21:00:00+00:00
1775856600000,1.88313,1.88538,1.88139,1.88531,3557.68507492,2026-04-10 21:30:00+00:00
1775858400000,1.88505,1.88505,1.88121,1.88206,1161.65225756,2026-04-10 22:00:00+00:00
1775860200000,1.8814,1.88177,1.87608,1.87967,3136.5339519,2026-04-10 22:30:00+00:00
1775862000000,1.87863,1.87962,1.87713,1.87962,2419.2184111,2026-04-10 23:00:00+00:00
1775863800000,1.87915,1.87977,1.87914,1.87974,2939.73142187,2026-04-10 23:30:00+00:00
1775865600000,1.87964,1.87964,1.87726,1.87882,2510.28550677,2026-04-11 00:00:00+00:00
1775867400000,1.87669,1.878,1.87639,1.87639,696.6644,2026-04-11 00:30:00+00:00
1775869200000,1.8749,1.8749,1.87143,1.87206,3675.17835983,2026-04-11 01:00:00+00:00
1775871000000,1.87527,1.87628,1.87432,1.8757,559.91051,2026-04-11 01:30:00+00:00
1775872800000,1.87625,1.87921,1.87571,1.87921,1259.52018589,2026-04-11 02:00:00+00:00
1775874600000,1.87977,1.87977,1.87655,1.87835,2408.19697969,2026-04-11 02:30:00+00:00
1775876400000,1.87953,1.87977,1.87912,1.87977,392.01165,2026-04-11 03:00:00+00:00
1775878200000,1.87977,1.87977,1.87273,1.87273,2472.74996695,2026-04-11 03:30:00+00:00
1775880000000,1.87199,1.87491,1.8665,1.86917,8210.55582628,2026-04-11 04:00:00+00:00
1775881800000,1.87074,1.87222,1.87013,1.87222,2185.33595949,2026-04-11 04:30:00+00:00
1775883600000,1.87243,1.87243,1.86779,1.87028,275.70483905,2026-04-11 05:00:00+00:00
1775885400000,1.87077,1.87105,1.8683,1.8683,350.52667118,2026-04-11 05:30:00+00:00
1775887200000,1.86479,1.86479,1.86373,1.8645,155.58490816,2026-04-11 06:00:00+00:00
1775889000000,1.86581,1.86592,1.8657,1.86571,78.80528074,2026-04-11 06:30:00+00:00
1775890800000,1.8654,1.8676,1.8654,1.8676,618.27340126,2026-04-11 07:00:00+00:00
1775892600000,1.8678,1.8678,1.86496,1.86496,110.45304871,2026-04-11 07:30:00+00:00
1775894400000,1.86632,1.86828,1.86554,1.86828,524.30630461,2026-04-11 08:00:00+00:00
1775896200000,1.86711,1.86793,1.86501,1.86524,491.18806737,2026-04-11 08:30:00+00:00
1775898000000,1.86719,1.86719,1.86719,1.86719,2.59991,2026-04-11 09:00:00+00:00
1775899800000,1.86744,1.86744,1.86165,1.86708,361.89102,2026-04-11 09:30:00+00:00
1775901600000,1.86758,1.86814,1.8672,1.868,1401.85456467,2026-04-11 10:00:00+00:00
1775903400000,1.86788,1.86789,1.86721,1.86724,71.21796,2026-04-11 10:30:00+00:00
1775905200000,1.86787,1.8697,1.86487,1.86599,994.14025082,2026-04-11 11:00:00+00:00
1775907000000,1.86331,1.86331,1.86319,1.86319,18.99548,2026-04-11 11:30:00+00:00
1775908800000,1.86395,1.86418,1.86067,1.86068,201.96094,2026-04-11 12:00:00+00:00
1775910600000,1.86078,1.86255,1.85821,1.86253,6094.35432934,2026-04-11 12:30:00+00:00
1775912400000,1.8624,1.8624,1.8578,1.85847,11051.06910915,2026-04-11 13:00:00+00:00
1775914200000,1.85732,1.86263,1.85611,1.86227,5839.97204422,2026-04-11 13:30:00+00:00
1775916000000,1.86295,1.86786,1.86193,1.86475,6114.75175905,2026-04-11 14:00:00+00:00
1775917800000,1.86474,1.86474,1.86146,1.86147,226.73897961,2026-04-11 14:30:00+00:00
1775919600000,1.86147,1.86147,1.85897,1.85916,1867.60186487,2026-04-11 15:00:00+00:00
1775921400000,1.86275,1.86486,1.86275,1.86486,1269.2165,2026-04-11 15:30:00+00:00
1775923200000,1.86518,1.87022,1.86468,1.86873,12199.4534431,2026-04-11 16:00:00+00:00
1775925000000,1.86877,1.87977,1.8684,1.87533,3732.23891474,2026-04-11 16:30:00+00:00
1775926800000,1.87705,1.87705,1.87298,1.87298,1601.26327365,2026-04-11 17:00:00+00:00
1775928600000,1.87623,1.87688,1.87445,1.87445,687.01793445,2026-04-11 17:30:00+00:00
1775930400000,1.87461,1.87773,1.8735,1.87736,2796.02233426,2026-04-11 18:00:00+00:00
1775932200000,1.88129,1.89331,1.88094,1.88831,2334.60489604,2026-04-11 18:30:00+00:00
1775934000000,1.88854,1.89833,1.8884,1.89757,9887.41694411,2026-04-11 19:00:00+00:00
1775935800000,1.89831,1.90397,1.89714,1.89822,17477.95335519,2026-04-11 19:30:00+00:00
1775937600000,1.89822,1.90143,1.89143,1.89143,2119.15443863,2026-04-11 20:00:00+00:00
1775939400000,1.88952,1.88952,1.88224,1.88703,4132.45512454,2026-04-11 20:30:00+00:00
1775941200000,1.88701,1.8878,1.88591,1.88593,658.65761221,2026-04-11 21:00:00+00:00
1775943000000,1.88609,1.89135,1.88609,1.88864,3154.14356611,2026-04-11 21:30:00+00:00
1775944800000,1.89245,1.89501,1.88893,1.89297,3238.36398323,2026-04-11 22:00:00+00:00
1775946600000,1.88849,1.88849,1.88436,1.88724,6581.49951,2026-04-11 22:30:00+00:00
1775948400000,1.8868,1.8868,1.87262,1.87934,5757.12470534,2026-04-11 23:00:00+00:00
1775950200000,1.8787,1.88048,1.87453,1.87815,8505.08195127,2026-04-11 23:30:00+00:00
1775952000000,1.87633,1.87716,1.87283,1.87488,469.99368904,2026-04-12 00:00:00+00:00
1775953800000,1.87306,1.87575,1.87306,1.87551,1170.37170164,2026-04-12 00:30:00+00:00
1775955600000,1.87651,1.87897,1.87591,1.87745,532.06100333,2026-04-12 01:00:00+00:00
1775957400000,1.877,1.877,1.83869,1.84261,28339.92758099,2026-04-12 01:30:00+00:00
1775959200000,1.84338,1.85304,1.83861,1.84993,8644.50150151,2026-04-12 02:00:00+00:00
1775961000000,1.85246,1.85339,1.84892,1.84967,10580.49633617,2026-04-12 02:30:00+00:00
1775962800000,1.85012,1.85204,1.84709,1.84709,650.34818912,2026-04-12 03:00:00+00:00
1775964600000,1.84488,1.84734,1.84488,1.84614,895.98177797,2026-04-12 03:30:00+00:00
1775966400000,1.84461,1.84479,1.84045,1.84045,1087.94966887,2026-04-12 04:00:00+00:00
1775968200000,1.84086,1.84409,1.84045,1.84084,1380.93209857,2026-04-12 04:30:00+00:00
1775970000000,1.84045,1.84458,1.8402,1.84458,2867.88402607,2026-04-12 05:00:00+00:00
1775971800000,1.84314,1.84536,1.84314,1.84407,1090.41241692,2026-04-12 05:30:00+00:00
1775973600000,1.84373,1.84513,1.84373,1.84496,661.80031148,2026-04-12 06:00:00+00:00
1775975400000,1.84391,1.84391,1.84301,1.84319,38.51288648,2026-04-12 06:30:00+00:00
1775977200000,1.84245,1.84245,1.8408,1.84228,80.63832819,2026-04-12 07:00:00+00:00
1775979000000,1.84228,1.84228,1.84228,1.84228,0.0,2026-04-12 07:30:00+00:00
1775980800000,1.84338,1.84448,1.84338,1.84365,19.55862,2026-04-12 08:00:00+00:00
1775982600000,1.845,1.84605,1.84233,1.84233,14445.82217604,2026-04-12 08:30:00+00:00
1775984400000,1.84101,1.84485,1.84001,1.84485,1749.77560614,2026-04-12 09:00:00+00:00
1775986200000,1.84542,1.84544,1.84328,1.84359,600.97362573,2026-04-12 09:30:00+00:00
1775988000000,1.84485,1.84727,1.84483,1.84727,206.13186976,2026-04-12 10:00:00+00:00
1775989800000,1.84698,1.84759,1.84447,1.84447,1018.30795199,2026-04-12 10:30:00+00:00
1775991600000,1.84558,1.84847,1.8431,1.84701,5900.02008922,2026-04-12 11:00:00+00:00
1775993400000,1.84775,1.84779,1.84775,1.84779,144.82690881,2026-04-12 11:30:00+00:00
1775995200000,1.84773,1.8479,1.84458,1.84496,933.91998582,2026-04-12 12:00:00+00:00
1775997000000,1.84128,1.84966,1.84128,1.84579,2519.04397855,2026-04-12 12:30:00+00:00
1775998800000,1.84458,1.84588,1.84057,1.8454,6717.39032789,2026-04-12 13:00:00+00:00
1776000600000,1.84428,1.84628,1.8351,1.83512,6568.9615418,2026-04-12 13:30:00+00:00
1776002400000,1.83658,1.84057,1.83393,1.84057,9593.17438303,2026-04-12 14:00:00+00:00
1776004200000,1.84023,1.84099,1.83499,1.83601,12024.81782761,2026-04-12 14:30:00+00:00
1776006000000,1.83553,1.83751,1.83526,1.83607,4323.88071118,2026-04-12 15:00:00+00:00
1776007800000,1.8325,1.83799,1.83111,1.83799,7788.91194139,2026-04-12 15:30:00+00:00
1776009600000,1.83733,1.841,1.83733,1.84003,3607.57400878,2026-04-12 16:00:00+00:00
1776011400000,1.84092,1.84221,1.83913,1.84146,5492.53895241,2026-04-12 16:30:00+00:00
1776013200000,1.8433,1.84513,1.84229,1.84446,7687.11350451,2026-04-12 17:00:00+00:00
1776015000000,1.84542,1.8501,1.84357,1.84935,9598.27187148,2026-04-12 17:30:00+00:00
1776016800000,1.84868,1.85003,1.84647,1.84662,1328.48841411,2026-04-12 18:00:00+00:00
1776018600000,1.84723,1.84839,1.84643,1.84713,1982.45681,2026-04-12 18:30:00+00:00
1776020400000,1.84701,1.84769,1.84551,1.84701,1798.17321457,2026-04-12 19:00:00+00:00
1776022200000,1.84717,1.8485,1.8456,1.84706,4309.3441478,2026-04-12 19:30:00+00:00
1776024000000,1.84705,1.84872,1.84426,1.84782,9630.23074326,2026-04-12 20:00:00+00:00
1776025800000,1.8493,1.85551,1.8493,1.85404,5704.66726006,2026-04-12 20:30:00+00:00
1776027600000,1.85586,1.85799,1.85424,1.85527,5886.19680328,2026-04-12 21:00:00+00:00
1776029400000,1.8546,1.85663,1.85283,1.85488,4741.2150899,2026-04-12 21:30:00+00:00
1776031200000,1.85357,1.85357,1.84189,1.84189,3742.56180206,2026-04-12 22:00:00+00:00
1776033000000,1.84,1.8459,1.83865,1.8436,2648.60188945,2026-04-12 22:30:00+00:00
1776034800000,1.8445,1.84454,1.83703,1.84136,2888.69425464,2026-04-12 23:00:00+00:00
1776036600000,1.8414,1.84142,1.83789,1.84019,2606.65828017,2026-04-12 23:30:00+00:00
1776038400000,1.84011,1.84775,1.83964,1.84672,4285.39178606,2026-04-13 00:00:00+00:00
1776040200000,1.84735,1.84998,1.84486,1.84998,2294.89086913,2026-04-13 00:30:00+00:00
1776042000000,1.84835,1.84835,1.8425,1.8443,2690.96357164,2026-04-13 01:00:00+00:00
1776043800000,1.843,1.85034,1.8409,1.84996,3321.57002688,2026-04-13 01:30:00+00:00
1776045600000,1.84983,1.84983,1.84079,1.8421,2948.45652041,2026-04-13 02:00:00+00:00
1776047400000,1.84391,1.84444,1.83759,1.83964,6506.02347201,2026-04-13 02:30:00+00:00
1776049200000,1.84006,1.84381,1.83947,1.842,1769.44596291,2026-04-13 03:00:00+00:00
1776051000000,1.84201,1.84201,1.83965,1.84,673.48400749,2026-04-13 03:30:00+00:00
1776052800000,1.84025,1.84089,1.83755,1.84033,2934.38453566,2026-04-13 04:00:00+00:00
1776054600000,1.84138,1.84138,1.83216,1.83614,2713.70471437,2026-04-13 04:30:00+00:00
1776056400000,1.83615,1.83862,1.83406,1.83862,1210.47956564,2026-04-13 05:00:00+00:00
1776058200000,1.83781,1.8478,1.83578,1.84687,253.97329003,2026-04-13 05:30:00+00:00
1776060000000,1.84707,1.85304,1.84649,1.85304,7879.3574911,2026-04-13 06:00:00+00:00
1776061800000,1.85361,1.85361,1.84824,1.85162,11190.46321103,2026-04-13 06:30:00+00:00
1776063600000,1.85152,1.85152,1.84221,1.84223,7889.54025,2026-04-13 07:00:00+00:00
1776065400000,1.84175,1.84227,1.83764,1.83776,3078.8743543,2026-04-13 07:30:00+00:00
1776067200000,1.83714,1.84026,1.83479,1.8374,2861.42624795,2026-04-13 08:00:00+00:00
1776069000000,1.83439,1.83439,1.83394,1.83411,78.99317038,2026-04-13 08:30:00+00:00
1776070800000,1.83929,1.84161,1.8388,1.83977,1329.40225353,2026-04-13 09:00:00+00:00
1776072600000,1.8394,1.84017,1.83725,1.83884,2026.03856819,2026-04-13 09:30:00+00:00
1776074400000,1.83762,1.83791,1.83681,1.83723,988.13431502,2026-04-13 10:00:00+00:00
1776076200000,1.83598,1.83599,1.83418,1.83562,177.372704,2026-04-13 10:30:00+00:00
1776078000000,1.83606,1.83708,1.83606,1.83703,2785.08001834,2026-04-13 11:00:00+00:00
1776079800000,1.83694,1.83942,1.83681,1.839,1127.18094524,2026-04-13 11:30:00+00:00
1776081600000,1.83618,1.83944,1.83459,1.83459,784.31938866,2026-04-13 12:00:00+00:00
1776083400000,1.83525,1.84511,1.83525,1.84511,16097.65758668,2026-04-13 12:30:00+00:00
1776085200000,1.84675,1.84754,1.84382,1.84382,2950.18550198,2026-04-13 13:00:00+00:00
1776087000000,1.84442,1.8549,1.83935,1.85358,7233.75517184,2026-04-13 13:30:00+00:00
1776088800000,1.85526,1.85537,1.84501,1.84732,10297.30797065,2026-04-13 14:00:00+00:00
1776090600000,1.85237,1.85826,1.84848,1.85578,14407.69662274,2026-04-13 14:30:00+00:00
1776092400000,1.85904,1.85904,1.84806,1.84993,5905.70873749,2026-04-13 15:00:00+00:00
1776094200000,1.84521,1.84607,1.84134,1.84418,1502.15033706,2026-04-13 15:30:00+00:00
1776096000000,1.84532,1.85344,1.84192,1.85202,11754.98037452,2026-04-13 16:00:00+00:00
1776097800000,1.85415,1.85415,1.84864,1.84864,5021.75001597,2026-04-13 16:30:00+00:00
1776099600000,1.84913,1.85262,1.84802,1.85262,2266.15944104,2026-04-13 17:00:00+00:00
1776101400000,1.85669,1.85669,1.84892,1.84982,2738.58294003,2026-04-13 17:30:00+00:00
1776103200000,1.84806,1.84826,1.8465,1.8465,1866.23054926,2026-04-13 18:00:00+00:00
1776105000000,1.84652,1.8509,1.84652,1.8509,3806.67358638,2026-04-13 18:30:00+00:00
1776106800000,1.85041,1.85812,1.84944,1.85796,651.07973638,2026-04-13 19:00:00+00:00
1776108600000,1.85855,1.87111,1.85855,1.86845,13619.13880643,2026-04-13 19:30:00+00:00
1776110400000,1.86874,1.87186,1.86361,1.86522,13136.95231412,2026-04-13 20:00:00+00:00
1776112200000,1.86218,1.8647,1.86086,1.86086,1536.22567613,2026-04-13 20:30:00+00:00
1776114000000,1.86068,1.86651,1.85667,1.86645,5796.08647276,2026-04-13 21:00:00+00:00
1776115800000,1.86688,1.86804,1.86603,1.86723,2327.29433122,2026-04-13 21:30:00+00:00
1776117600000,1.86587,1.89462,1.86587,1.89299,4398.26974472,2026-04-13 22:00:00+00:00
1776119400000,1.8919,1.89965,1.88754,1.89591,19760.40532029,2026-04-13 22:30:00+00:00
1776121200000,1.89376,1.90798,1.89114,1.90259,14645.52285368,2026-04-13 23:00:00+00:00
1776123000000,1.90388,1.90447,1.89684,1.89701,4798.1125549,2026-04-13 23:30:00+00:00
1776124800000,1.89827,1.89834,1.88183,1.88263,15204.43227592,2026-04-14 00:00:00+00:00
1776126600000,1.88055,1.88639,1.87743,1.87747,8772.41472921,2026-04-14 00:30:00+00:00
1776128400000,1.87836,1.88504,1.8759,1.88243,5198.91113119,2026-04-14 01:00:00+00:00
1776130200000,1.88135,1.88754,1.88091,1.88601,4452.36927226,2026-04-14 01:30:00+00:00
1776132000000,1.88537,1.88826,1.88477,1.88826,2932.82475846,2026-04-14 02:00:00+00:00
1776133800000,1.88524,1.88977,1.88506,1.8874,3957.70888272,2026-04-14 02:30:00+00:00
1776135600000,1.88601,1.88704,1.88276,1.88511,8212.37683464,2026-04-14 03:00:00+00:00
1776137400000,1.88602,1.88607,1.88472,1.88501,171.6692302,2026-04-14 03:30:00+00:00
1776139200000,1.8864,1.8864,1.88201,1.88201,582.21073662,2026-04-14 04:00:00+00:00
1776141000000,1.87999,1.882,1.87693,1.88101,11197.55201787,2026-04-14 04:30:00+00:00
1776142800000,1.8811,1.88268,1.8811,1.88268,224.57767075,2026-04-14 05:00:00+00:00
1776144600000,1.882,1.88276,1.87816,1.8782,264.23593139,2026-04-14 05:30:00+00:00
1776146400000,1.88089,1.88089,1.88089,1.88089,183.28919,2026-04-14 06:00:00+00:00
1776148200000,1.89062,1.89299,1.88573,1.89014,5028.98259002,2026-04-14 06:30:00+00:00
1776150000000,1.8942,1.8942,1.88832,1.89313,2038.5111822,2026-04-14 07:00:00+00:00
1776151800000,1.89043,1.89069,1.8856,1.88608,3063.51628735,2026-04-14 07:30:00+00:00
1776153600000,1.88497,1.88543,1.88343,1.88403,242.30099625,2026-04-14 08:00:00+00:00
1776155400000,1.88726,1.89137,1.88708,1.89137,329.04366341,2026-04-14 08:30:00+00:00
1776157200000,1.89374,1.89596,1.89119,1.8912,286.30318411,2026-04-14 09:00:00+00:00
1776159000000,1.89332,1.89373,1.88967,1.88967,2367.70493031,2026-04-14 09:30:00+00:00
1776160800000,1.89127,1.89131,1.88749,1.88773,1138.40608335,2026-04-14 10:00:00+00:00
1776162600000,1.88731,1.88856,1.88586,1.88684,911.69890086,2026-04-14 10:30:00+00:00
1776164400000,1.8855,1.8873,1.8836,1.88461,17367.2772514,2026-04-14 11:00:00+00:00
1776166200000,1.88461,1.88702,1.88378,1.88503,11186.22976284,2026-04-14 11:30:00+00:00
1776168000000,1.88482,1.88766,1.88189,1.88267,2329.90298847,2026-04-14 12:00:00+00:00
1776169800000,1.88104,1.88104,1.87797,1.87903,650.94475,2026-04-14 12:30:00+00:00
1776171600000,1.87972,1.8925,1.87972,1.89169,5703.65729799,2026-04-14 13:00:00+00:00
1776173400000,1.89407,1.91733,1.89109,1.91733,39480.10441929,2026-04-14 13:30:00+00:00
1776175200000,1.91652,1.917,1.90616,1.91118,2088.68714558,2026-04-14 14:00:00+00:00
1776177000000,1.9109,1.9138,1.88672,1.88672,17343.48611667,2026-04-14 14:30:00+00:00
1776178800000,1.88624,1.8934,1.8847,1.89123,1664.90044709,2026-04-14 15:00:00+00:00
1776180600000,1.88795,1.89559,1.88795,1.89217,10484.13724428,2026-04-14 15:30:00+00:00
1776182400000,1.89693,1.89978,1.89121,1.89265,3076.74252834,2026-04-14 16:00:00+00:00
1776184200000,1.89321,1.89366,1.8824,1.8824,7505.89684114,2026-04-14 16:30:00+00:00
1776186000000,1.88382,1.89151,1.88013,1.88902,33504.62683673,2026-04-14 17:00:00+00:00
1776187800000,1.88645,1.88735,1.87963,1.88557,7269.39419952,2026-04-14 17:30:00+00:00
1776189600000,1.88576,1.88576,1.8781,1.87849,2641.12098,2026-04-14 18:00:00+00:00
1776191400000,1.8801,1.88051,1.866,1.86732,9621.03975065,2026-04-14 18:30:00+00:00
1776193200000,1.86749,1.87181,1.86659,1.869,8820.9496499,2026-04-14 19:00:00+00:00
1776195000000,1.87384,1.8754,1.87255,1.87486,3008.56879,2026-04-14 19:30:00+00:00
1776196800000,1.87583,1.87601,1.86925,1.86928,320.22275977,2026-04-14 20:00:00+00:00
1776198600000,1.87236,1.87253,1.86959,1.87014,1904.90919411,2026-04-14 20:30:00+00:00
1776200400000,1.87054,1.87395,1.87054,1.8736,3478.82867159,2026-04-14 21:00:00+00:00
1776202200000,1.87378,1.87569,1.87156,1.87569,6565.92525168,2026-04-14 21:30:00+00:00
1776204000000,1.87052,1.87995,1.87052,1.87695,1889.34161414,2026-04-14 22:00:00+00:00
1776205800000,1.87553,1.8786,1.86833,1.87337,12207.00217106,2026-04-14 22:30:00+00:00
1776207600000,1.87283,1.87541,1.87148,1.87353,822.37881466,2026-04-14 23:00:00+00:00
1776209400000,1.87638,1.88192,1.87454,1.87454,5136.99510424,2026-04-14 23:30:00+00:00
1776211200000,1.87729,1.88167,1.87132,1.87691,10433.72389562,2026-04-15 00:00:00+00:00
1776213000000,1.8779,1.88224,1.87587,1.8777,6208.41053142,2026-04-15 00:30:00+00:00
1776214800000,1.87702,1.88017,1.87324,1.87638,9843.98093591,2026-04-15 01:00:00+00:00
1776216600000,1.87702,1.87891,1.87492,1.87891,1079.70775599,2026-04-15 01:30:00+00:00
1776218400000,1.87969,1.87976,1.8746,1.8746,4309.34133579,2026-04-15 02:00:00+00:00
1776220200000,1.87424,1.87424,1.8692,1.872,2292.64768738,2026-04-15 02:30:00+00:00
1776222000000,1.87098,1.87297,1.86949,1.87071,3584.17174896,2026-04-15 03:00:00+00:00
1776223800000,1.87131,1.87199,1.87006,1.87188,1054.10593259,2026-04-15 03:30:00+00:00
1776225600000,1.8744,1.87457,1.87277,1.87287,1204.0315327,2026-04-15 04:00:00+00:00
1776227400000,1.8733,1.87359,1.8732,1.8732,850.38690089,2026-04-15 04:30:00+00:00
1776229200000,1.8732,1.87509,1.87,1.8712,5935.54069102,2026-04-15 05:00:00+00:00
1776231000000,1.87,1.8723,1.86925,1.8723,5865.00960351,2026-04-15 05:30:00+00:00
1776232800000,1.86995,1.87014,1.86819,1.86819,935.8912376,2026-04-15 06:00:00+00:00
1776234600000,1.86986,1.87018,1.86818,1.86818,786.66617263,2026-04-15 06:30:00+00:00
1776236400000,1.86565,1.86565,1.86133,1.86385,743.49461745,2026-04-15 07:00:00+00:00
1776238200000,1.86268,1.86589,1.86079,1.86138,5093.58567759,2026-04-15 07:30:00+00:00
1776240000000,1.86232,1.86696,1.86183,1.86696,910.14202105,2026-04-15 08:00:00+00:00
1776241800000,1.86665,1.86678,1.86665,1.86678,14.16749,2026-04-15 08:30:00+00:00
1776243600000,1.86571,1.86609,1.86206,1.86206,1887.50012595,2026-04-15 09:00:00+00:00
1776245400000,1.86376,1.86502,1.86376,1.86385,276.20332,2026-04-15 09:30:00+00:00
1776247200000,1.86374,1.86637,1.86374,1.8656,230.46078,2026-04-15 10:00:00+00:00
1776249000000,1.86459,1.87231,1.86425,1.87112,1623.57742581,2026-04-15 10:30:00+00:00
1776250800000,1.87132,1.87638,1.87096,1.87621,3772.50429006,2026-04-15 11:00:00+00:00
1776252600000,1.87739,1.88218,1.87673,1.88073,2434.01388957,2026-04-15 11:30:00+00:00
1776254400000,1.8808,1.8808,1.87695,1.87697,1984.00294099,2026-04-15 12:00:00+00:00
1776256200000,1.87757,1.88549,1.8764,1.88205,2194.95863922,2026-04-15 12:30:00+00:00
1776258000000,1.88247,1.88496,1.88018,1.88199,7064.52434764,2026-04-15 13:00:00+00:00
1776259800000,1.88368,1.8838,1.87679,1.88299,9272.78301322,2026-04-15 13:30:00+00:00
1776261600000,1.88176,1.89143,1.87917,1.89061,1525.55481843,2026-04-15 14:00:00+00:00
1776263400000,1.8958,1.8958,1.88663,1.89372,7352.06298,2026-04-15 14:30:00+00:00
1776265200000,1.89406,1.90321,1.89406,1.89523,5477.64555214,2026-04-15 15:00:00+00:00
1776267000000,1.89471,1.89621,1.88752,1.89043,11609.75706301,2026-04-15 15:30:00+00:00
1776268800000,1.88771,1.89928,1.88552,1.89671,2253.13694348,2026-04-15 16:00:00+00:00
1776270600000,1.89724,1.89902,1.89146,1.89208,5199.27008362,2026-04-15 16:30:00+00:00
1776272400000,1.89532,1.89913,1.8953,1.89536,3529.74159654,2026-04-15 17:00:00+00:00
1776274200000,1.9007,1.90089,1.89101,1.89625,7698.59616955,2026-04-15 17:30:00+00:00
1776276000000,1.89821,1.90518,1.89821,1.9,7262.46990473,2026-04-15 18:00:00+00:00
1776277800000,1.90047,1.90498,1.90005,1.90487,5151.98587962,2026-04-15 18:30:00+00:00
1776279600000,1.90382,1.90978,1.90358,1.90947,6989.49255557,2026-04-15 19:00:00+00:00
1776281400000,1.91,1.93263,1.91,1.92237,37410.76187526,2026-04-15 19:30:00+00:00
1776283200000,1.92495,1.92514,1.9061,1.90882,7905.15548151,2026-04-15 20:00:00+00:00
1776285000000,1.91073,1.9114,1.90744,1.90901,5870.95499856,2026-04-15 20:30:00+00:00
1776286800000,1.91033,1.91033,1.90107,1.90472,1022.20908145,2026-04-15 21:00:00+00:00
1776288600000,1.90469,1.91002,1.90375,1.90977,4079.73004715,2026-04-15 21:30:00+00:00
1776290400000,1.91572,1.92648,1.91572,1.91941,1030.58684112,2026-04-15 22:00:00+00:00
1776292200000,1.91954,1.9255,1.9162,1.91716,2731.30836891,2026-04-15 22:30:00+00:00
1776294000000,1.9147,1.91507,1.90639,1.90639,5074.34667264,2026-04-15 23:00:00+00:00
1776295800000,1.90813,1.91323,1.90654,1.91323,1241.06529427,2026-04-15 23:30:00+00:00
1776297600000,1.91414,1.91418,1.90729,1.90854,4673.85024963,2026-04-16 00:00:00+00:00
1776299400000,1.91113,1.92059,1.91056,1.91997,3555.26897488,2026-04-16 00:30:00+00:00
1776301200000,1.91623,1.92376,1.91071,1.92055,23986.59231527,2026-04-16 01:00:00+00:00
1776303000000,1.92339,1.9255,1.92183,1.92262,6253.49310954,2026-04-16 01:30:00+00:00
1776304800000,1.9255,1.92615,1.91863,1.92408,4357.92647176,2026-04-16 02:00:00+00:00
1776306600000,1.92654,1.93622,1.92654,1.93231,3326.7217679,2026-04-16 02:30:00+00:00
1776308400000,1.93451,1.94228,1.93419,1.94004,26338.75780987,2026-04-16 03:00:00+00:00
1776310200000,1.93761,1.93784,1.92938,1.92944,3645.44728343,2026-04-16 03:30:00+00:00
1776312000000,1.93126,1.93513,1.92901,1.93109,1773.41267034,2026-04-16 04:00:00+00:00
1776313800000,1.93245,1.93511,1.925,1.9278,9335.68957186,2026-04-16 04:30:00+00:00
1776315600000,1.92744,1.93095,1.9264,1.92694,2984.74925934,2026-04-16 05:00:00+00:00
1776317400000,1.92973,1.93159,1.92973,1.93106,1648.818205,2026-04-16 05:30:00+00:00
1776319200000,1.93162,1.93493,1.9311,1.93405,512.0523655,2026-04-16 06:00:00+00:00
1776321000000,1.9339,1.93522,1.92981,1.93472,1164.75698418,2026-04-16 06:30:00+00:00
1776322800000,1.9365,1.93793,1.93384,1.93387,3859.20018554,2026-04-16 07:00:00+00:00
1776324600000,1.9352,1.9352,1.93093,1.93122,870.942,2026-04-16 07:30:00+00:00
1776326400000,1.93034,1.93196,1.9272,1.93094,1197.9678188,2026-04-16 08:00:00+00:00
1776328200000,1.93097,1.93412,1.92918,1.9328,1688.90844,2026-04-16 08:30:00+00:00
1776330000000,1.93311,1.95309,1.93197,1.94923,6458.94313832,2026-04-16 09:00:00+00:00
1776331800000,1.94728,1.95095,1.93707,1.94782,10260.79559632,2026-04-16 09:30:00+00:00
1776333600000,1.94741,1.94776,1.9396,1.94118,949.27520143,2026-04-16 10:00:00+00:00
1776335400000,1.94148,1.94284,1.93579,1.93698,394.35594212,2026-04-16 10:30:00+00:00
1776337200000,1.93279,1.93279,1.92781,1.93163,2854.15423328,2026-04-16 11:00:00+00:00
1776339000000,1.93114,1.93519,1.93114,1.93519,2328.87453302,2026-04-16 11:30:00+00:00
1776340800000,1.93773,1.95533,1.93773,1.9468,6624.51647032,2026-04-16 12:00:00+00:00
1776342600000,1.94695,1.94715,1.93687,1.94126,4842.04697898,2026-04-16 12:30:00+00:00
1776344400000,1.94068,1.963,1.94019,1.96199,11767.13812016,2026-04-16 13:00:00+00:00
1776346200000,1.96185,1.96553,1.92089,1.93055,16091.9540065,2026-04-16 13:30:00+00:00
1776348000000,1.92879,1.93232,1.90952,1.9211,20926.17506118,2026-04-16 14:00:00+00:00
1776349800000,1.92059,1.93458,1.92059,1.93271,1189.04911797,2026-04-16 14:30:00+00:00
1776351600000,1.93373,1.95457,1.93337,1.9441,7739.43388058,2026-04-16 15:00:00+00:00
1776353400000,1.94608,1.964,1.94608,1.95868,11660.98849819,2026-04-16 15:30:00+00:00
1776355200000,1.96102,1.97667,1.96083,1.96767,21988.54218745,2026-04-16 16:00:00+00:00
1776357000000,1.9679,1.96807,1.94294,1.94571,9669.89638354,2026-04-16 16:30:00+00:00
1776358800000,1.94498,1.95104,1.94105,1.94689,9171.52928551,2026-04-16 17:00:00+00:00
1776360600000,1.95261,1.95987,1.94842,1.95586,7988.8567613,2026-04-16 17:30:00+00:00
1776362400000,1.95884,1.96596,1.95337,1.96282,22875.74909094,2026-04-16 18:00:00+00:00
1776364200000,1.96777,1.98461,1.96772,1.98332,22742.9600614,2026-04-16 18:30:00+00:00
1776366000000,1.98533,1.99072,1.97769,1.99072,16799.23989703,2026-04-16 19:00:00+00:00
1776367800000,1.99341,2.0085,1.99341,2.00525,11322.02523882,2026-04-16 19:30:00+00:00
1776369600000,2.00938,2.01,1.99246,1.99615,4641.635845,2026-04-16 20:00:00+00:00
1776371400000,1.99057,1.99189,1.98243,1.99073,13248.90701256,2026-04-16 20:30:00+00:00
1776373200000,1.99428,1.99966,1.9857,1.98757,13709.25510989,2026-04-16 21:00:00+00:00
1776375000000,1.98586,1.98996,1.98262,1.98262,7781.0763848,2026-04-16 21:30:00+00:00
1776376800000,1.98568,1.9927,1.98544,1.9927,7739.67754879,2026-04-16 22:00:00+00:00
1776378600000,1.99113,1.99219,1.98559,1.99055,3140.00961305,2026-04-16 22:30:00+00:00
1776380400000,1.98899,1.99001,1.98523,1.98839,5990.76147662,2026-04-16 23:00:00+00:00
1776382200000,1.98859,1.99919,1.98858,1.99107,8193.18265542,2026-04-16 23:30:00+00:00
1776384000000,1.99234,1.99446,1.98212,1.98264,7865.52594807,2026-04-17 00:00:00+00:00
1776385800000,1.98224,1.98229,1.976,1.976,7947.54197431,2026-04-17 00:30:00+00:00
1776387600000,1.97476,1.97701,1.96382,1.96633,3868.35233687,2026-04-17 01:00:00+00:00
1776389400000,1.96684,1.97088,1.95805,1.96162,17189.98674458,2026-04-17 01:30:00+00:00
1776391200000,1.96011,1.96064,1.95151,1.95249,1920.78409676,2026-04-17 02:00:00+00:00
1776393000000,1.95329,1.96043,1.95271,1.9603,1076.58201722,2026-04-17 02:30:00+00:00
1776394800000,1.96027,1.96158,1.95723,1.96116,1533.78657545,2026-04-17 03:00:00+00:00
1776396600000,1.96428,1.97239,1.95948,1.96125,11343.81799762,2026-04-17 03:30:00+00:00
1776398400000,1.96062,1.96532,1.95894,1.95894,3852.59290439,2026-04-17 04:00:00+00:00
1776400200000,1.95942,1.96336,1.95533,1.96161,8842.51501378,2026-04-17 04:30:00+00:00
1776402000000,1.96193,1.96688,1.95391,1.96383,21249.09192043,2026-04-17 05:00:00+00:00
1776403800000,1.95596,1.95627,1.9538,1.9538,3971.48403865,2026-04-17 05:30:00+00:00
1776405600000,1.9525,1.95634,1.9525,1.95634,666.39831,2026-04-17 06:00:00+00:00
1776407400000,1.95853,1.96284,1.95853,1.96131,480.7453591,2026-04-17 06:30:00+00:00
1776409200000,1.96625,1.96641,1.96323,1.96392,1175.64118,2026-04-17 07:00:00+00:00
1776411000000,1.96406,1.97072,1.96406,1.97035,880.95469,2026-04-17 07:30:00+00:00
1776412800000,1.96704,1.96891,1.96704,1.96891,135.99074803,2026-04-17 08:00:00+00:00
1776414600000,1.97475,1.97974,1.97232,1.97921,2350.44753309,2026-04-17 08:30:00+00:00
1776416400000,1.97651,1.99541,1.97651,1.99541,1709.0676971,2026-04-17 09:00:00+00:00
1776418200000,1.98572,1.98766,1.98271,1.98766,3550.06805214,2026-04-17 09:30:00+00:00
1776420000000,1.98658,1.98682,1.9685,1.9685,3452.11096681,2026-04-17 10:00:00+00:00
1776421800000,1.9653,1.96922,1.96215,1.96889,2956.15281315,2026-04-17 10:30:00+00:00
1776423600000,1.96835,1.97538,1.96835,1.97538,1258.30419,2026-04-17 11:00:00+00:00
1776425400000,1.97619,1.98254,1.97619,1.98061,2680.44734707,2026-04-17 11:30:00+00:00
1776427200000,1.98045,1.98314,1.97669,1.98198,1528.35266228,2026-04-17 12:00:00+00:00
1776429000000,1.97983,1.99637,1.97934,1.99531,15359.68285891,2026-04-17 12:30:00+00:00
1776430800000,1.99342,2.02147,1.99269,2.01375,15483.57461331,2026-04-17 13:00:00+00:00
1776432600000,2.01259,2.03652,2.0056,2.03439,33000.7519657,2026-04-17 13:30:00+00:00
1776434400000,2.03794,2.04129,2.03002,2.0369,26067.58710366,2026-04-17 14:00:00+00:00
1776436200000,2.03545,2.06,2.03545,2.0482,20463.12576204,2026-04-17 14:30:00+00:00
1776438000000,2.04939,2.05406,2.038,2.04454,14798.36938049,2026-04-17 15:00:00+00:00
1776439800000,2.04042,2.04112,2.02035,2.033,14810.8670483,2026-04-17 15:30:00+00:00
1776441600000,2.033,2.04845,2.033,2.04839,24511.25866353,2026-04-17 16:00:00+00:00
1776443400000,2.04798,2.05186,2.04199,2.04684,22836.95080383,2026-04-17 16:30:00+00:00
1776445200000,2.04848,2.04848,2.02444,2.02655,21148.61089029,2026-04-17 17:00:00+00:00
1776447000000,2.03393,2.04346,2.02885,2.02898,58386.15596279,2026-04-17 17:30:00+00:00
1776448800000,2.02665,2.02671,2.00002,2.02389,103932.63353021,2026-04-17 18:00:00+00:00
1776450600000,2.0217,2.0273,2.02069,2.02199,4700.04911738,2026-04-17 18:30:00+00:00
1776452400000,2.02458,2.03486,2.02318,2.03486,2922.71703399,2026-04-17 19:00:00+00:00
1776454200000,2.03804,2.04191,2.03804,2.03823,10071.10132911,2026-04-17 19:30:00+00:00
1776456000000,2.03843,2.03964,2.03128,2.0324,9222.54745135,2026-04-17 20:00:00+00:00
1776457800000,2.02958,2.02959,2.0209,2.02959,5624.60473276,2026-04-17 20:30:00+00:00
1776459600000,2.03112,2.03711,2.02924,2.03711,1542.14645708,2026-04-17 21:00:00+00:00
1776461400000,2.03259,2.03259,2.02703,2.02703,7469.99327811,2026-04-17 21:30:00+00:00
1776463200000,2.02893,2.03426,2.02761,2.0335,3632.98640609,2026-04-17 22:00:00+00:00
1776465000000,2.03001,2.03956,2.03001,2.03788,2128.07466064,2026-04-17 22:30:00+00:00
1776466800000,2.03347,2.03347,2.02202,2.02577,6174.24532244,2026-04-17 23:00:00+00:00
1776468600000,2.02566,2.02587,2.02305,2.02418,1175.03573001,2026-04-17 23:30:00+00:00
1776470400000,2.02571,2.0297,2.02184,2.02856,4763.71814662,2026-04-18 00:00:00+00:00
1776472200000,2.02553,2.02554,2.02,2.02341,2505.42634581,2026-04-18 00:30:00+00:00
1776474000000,2.02341,2.03216,2.02201,2.02652,1729.88141949,2026-04-18 01:00:00+00:00
1776475800000,2.02668,2.02782,2.0207,2.02759,3257.87707115,2026-04-18 01:30:00+00:00
1776477600000,2.0226,2.02406,2.01849,2.02325,1645.20765255,2026-04-18 02:00:00+00:00
1776479400000,2.0222,2.02631,2.02129,2.02291,3404.49166358,2026-04-18 02:30:00+00:00
1776481200000,2.02128,2.02128,2.01733,2.01813,4462.64432475,2026-04-18 03:00:00+00:00
1776483000000,2.01646,2.01905,2.01156,2.01259,735.98261,2026-04-18 03:30:00+00:00
1776484800000,2.01212,2.01301,2.00586,2.00812,18020.13916429,2026-04-18 04:00:00+00:00
1776486600000,2.00859,2.01529,2.00859,2.01483,799.80096325,2026-04-18 04:30:00+00:00
1776488400000,2.01634,2.02186,2.01593,2.02186,1404.70841661,2026-04-18 05:00:00+00:00
1776490200000,2.02221,2.02613,2.01406,2.01406,3483.96870059,2026-04-18 05:30:00+00:00
1776492000000,2.014,2.014,2.01024,2.01024,52.32224245,2026-04-18 06:00:00+00:00
1776493800000,2.00969,2.01972,2.00969,2.01692,663.48179938,2026-04-18 06:30:00+00:00
1776495600000,2.01536,2.01588,2.0151,2.01588,173.50730558,2026-04-18 07:00:00+00:00
1776497400000,2.02194,2.02212,2.02105,2.02125,172.70073,2026-04-18 07:30:00+00:00
1776499200000,2.0215,2.02164,1.99666,1.99666,9349.12715458,2026-04-18 08:00:00+00:00
1776501000000,1.99596,1.99617,1.98439,1.99617,16599.48520803,2026-04-18 08:30:00+00:00
1776502800000,1.99271,1.99305,1.98335,1.98965,3840.71948729,2026-04-18 09:00:00+00:00
1776504600000,1.99029,1.99351,1.98379,1.98829,14413.59956338,2026-04-18 09:30:00+00:00
1776506400000,1.98313,1.98313,1.97359,1.97364,11478.55849031,2026-04-18 10:00:00+00:00
1776508200000,1.97616,1.97705,1.97123,1.972,2302.74952374,2026-04-18 10:30:00+00:00
1776510000000,1.97,1.97,1.96185,1.96618,2546.34180573,2026-04-18 11:00:00+00:00
1776511800000,1.96899,1.96899,1.955,1.96261,2712.61692328,2026-04-18 11:30:00+00:00
1776513600000,1.96435,1.97096,1.96435,1.96652,11946.28379462,2026-04-18 12:00:00+00:00
1776515400000,1.96363,1.97115,1.96363,1.96934,5757.73570221,2026-04-18 12:30:00+00:00
1776517200000,1.96805,1.97144,1.96468,1.96963,9273.87285842,2026-04-18 13:00:00+00:00
1776519000000,1.96751,1.9704,1.96082,1.9704,12574.28915693,2026-04-18 13:30:00+00:00
1776520800000,1.97036,1.97111,1.96707,1.97111,537.539005,2026-04-18 14:00:00+00:00
1776522600000,1.9706,1.9706,1.96626,1.96784,4648.99130478,2026-04-18 14:30:00+00:00
1776524400000,1.96755,1.97367,1.96334,1.97193,5547.50653463,2026-04-18 15:00:00+00:00
1776526200000,1.97399,1.97466,1.96694,1.96903,1768.66163,2026-04-18 15:30:00+00:00
1776528000000,1.968,1.9727,1.9636,1.97008,7149.56838865,2026-04-18 16:00:00+00:00
1776529800000,1.96986,1.96986,1.96371,1.9639,975.00082017,2026-04-18 16:30:00+00:00
1776531600000,1.96323,1.96372,1.9598,1.96261,6708.32423118,2026-04-18 17:00:00+00:00
1776533400000,1.96558,1.96558,1.96295,1.96414,368.01183762,2026-04-18 17:30:00+00:00
1776535200000,1.96317,1.96645,1.95804,1.95939,3435.24328,2026-04-18 18:00:00+00:00
1776537000000,1.95546,1.96213,1.95069,1.95228,8794.35715487,2026-04-18 18:30:00+00:00
1776538800000,1.95645,1.96187,1.956,1.95813,2265.91577363,2026-04-18 19:00:00+00:00
1776540600000,1.95797,1.95827,1.95418,1.95802,5464.72776459,2026-04-18 19:30:00+00:00
1776542400000,1.95748,1.9576,1.95383,1.95383,1198.16956,2026-04-18 20:00:00+00:00
1776544200000,1.95709,1.96072,1.95519,1.96072,1422.41897135,2026-04-18 20:30:00+00:00
1776546000000,1.95863,1.96456,1.95863,1.96397,16822.57141409,2026-04-18 21:00:00+00:00
1776547800000,1.96375,1.97034,1.96296,1.96972,10829.52882873,2026-04-18 21:30:00+00:00
1776549600000,1.96714,1.96715,1.96091,1.9666,2176.17257406,2026-04-18 22:00:00+00:00
1776551400000,1.96669,1.9688,1.9661,1.96737,1567.83507395,2026-04-18 22:30:00+00:00
1776553200000,1.9674,1.97207,1.96738,1.97063,3520.54093361,2026-04-18 23:00:00+00:00
1776555000000,1.9699,1.97112,1.96404,1.96415,9607.51953287,2026-04-18 23:30:00+00:00
1776556800000,1.96644,1.96993,1.96431,1.96432,1238.58324382,2026-04-19 00:00:00+00:00
1776558600000,1.96354,1.96787,1.96168,1.96619,3447.14365883,2026-04-19 00:30:00+00:00
1776560400000,1.96914,1.9722,1.9685,1.9685,801.68995555,2026-04-19 01:00:00+00:00
1776562200000,1.96544,1.96613,1.9621,1.9636,3680.05681851,2026-04-19 01:30:00+00:00
1776564000000,1.96426,1.96445,1.95455,1.95456,3227.28475405,2026-04-19 02:00:00+00:00
1776565800000,1.9541,1.96766,1.9541,1.96124,350.50324,2026-04-19 02:30:00+00:00
1776567600000,1.95897,1.96666,1.95897,1.96275,760.36904875,2026-04-19 03:00:00+00:00
1776569400000,1.96166,1.96592,1.96055,1.96392,1061.32223,2026-04-19 03:30:00+00:00
1776571200000,1.96028,1.96625,1.96028,1.96525,704.69025571,2026-04-19 04:00:00+00:00
1776573000000,1.96247,1.96247,1.95686,1.96083,1960.2192385,2026-04-19 04:30:00+00:00
1776574800000,1.96094,1.96678,1.96094,1.96608,296.90089,2026-04-19 05:00:00+00:00
1776576600000,1.97672,1.97672,1.96298,1.96304,120.12075279,2026-04-19 05:30:00+00:00
1776578400000,1.96009,1.96203,1.94681,1.94702,5178.51831566,2026-04-19 06:00:00+00:00
1776580200000,1.95887,1.96043,1.95887,1.95964,717.90076,2026-04-19 06:30:00+00:00
1776582000000,1.9593,1.95946,1.94269,1.94374,2420.82758542,2026-04-19 07:00:00+00:00
1776583800000,1.95059,1.95059,1.94679,1.9468,2099.76422803,2026-04-19 07:30:00+00:00
1776585600000,1.94787,1.95074,1.94169,1.95074,1604.51830822,2026-04-19 08:00:00+00:00
1776587400000,1.95161,1.95792,1.95142,1.95181,2520.31050984,2026-04-19 08:30:00+00:00
1776589200000,1.95203,1.95203,1.93827,1.9437,2475.22104463,2026-04-19 09:00:00+00:00
1776591000000,1.9469,1.94818,1.9469,1.94799,495.59608,2026-04-19 09:30:00+00:00
1776592800000,1.94893,1.95596,1.94544,1.94545,12876.06493908,2026-04-19 10:00:00+00:00
1776594600000,1.94945,1.95788,1.94945,1.95313,29417.31688019,2026-04-19 10:30:00+00:00
1776596400000,1.95233,1.96,1.95233,1.95754,2180.49372032,2026-04-19 11:00:00+00:00
1776598200000,1.9585,1.96583,1.95791,1.96166,3786.19829412,2026-04-19 11:30:00+00:00
1776600000000,1.96298,1.96586,1.96178,1.96178,728.01333418,2026-04-19 12:00:00+00:00
1776601800000,1.96228,1.96444,1.95882,1.9629,585.4554,2026-04-19 12:30:00+00:00
1776603600000,1.96782,1.98203,1.96649,1.977,1944.08868042,2026-04-19 13:00:00+00:00
1776605400000,1.97701,1.98398,1.97191,1.97542,13774.63469181,2026-04-19 13:30:00+00:00
1776607200000,1.97505,1.97757,1.96646,1.97473,6303.1079022,2026-04-19 14:00:00+00:00
1776609000000,1.97177,1.97819,1.97177,1.97468,2320.73326301,2026-04-19 14:30:00+00:00
1776610800000,1.97269,1.97331,1.96703,1.96762,3947.16249924,2026-04-19 15:00:00+00:00
1776612600000,1.96805,1.96806,1.95241,1.9622,6141.03099159,2026-04-19 15:30:00+00:00
1776614400000,1.96271,1.96271,1.95417,1.95417,1119.68659851,2026-04-19 16:00:00+00:00
1776616200000,1.95181,1.95848,1.94928,1.9523,2918.39361794,2026-04-19 16:30:00+00:00
1776618000000,1.95,1.95181,1.9439,1.94655,10023.92000281,2026-04-19 17:00:00+00:00
1776619800000,1.94896,1.9493,1.93433,1.93961,6097.28280903,2026-04-19 17:30:00+00:00
1776621600000,1.93785,1.94429,1.93768,1.94263,2222.70639832,2026-04-19 18:00:00+00:00
1776623400000,1.9424,1.94261,1.93729,1.94148,19345.97540019,2026-04-19 18:30:00+00:00
1776625200000,1.94502,1.94963,1.94441,1.94677,1318.62397255,2026-04-19 19:00:00+00:00
1776627000000,1.94584,1.94954,1.94248,1.94494,1198.12306817,2026-04-19 19:30:00+00:00
1776628800000,1.94446,1.9445,1.93711,1.94018,2273.53878501,2026-04-19 20:00:00+00:00
1776630600000,1.94018,1.94442,1.93459,1.93557,4270.66538448,2026-04-19 20:30:00+00:00
1776632400000,1.93409,1.93997,1.93409,1.93997,1154.43492639,2026-04-19 21:00:00+00:00
1776634200000,1.94082,1.94367,1.93415,1.93493,2025.84019865,2026-04-19 21:30:00+00:00
1776636000000,1.93457,1.93457,1.91228,1.92206,17604.65940371,2026-04-19 22:00:00+00:00
1776637800000,1.91891,1.92465,1.91891,1.92238,3131.39082881,2026-04-19 22:30:00+00:00
1776639600000,1.92082,1.92095,1.91269,1.91515,2451.1469316,2026-04-19 23:00:00+00:00
1776641400000,1.91433,1.91759,1.9127,1.9127,9962.35849671,2026-04-19 23:30:00+00:00
1776643200000,1.91545,1.92791,1.91479,1.92791,8825.2484722,2026-04-20 00:00:00+00:00
1776645000000,1.92753,1.9304,1.9269,1.9295,3547.52719923,2026-04-20 00:30:00+00:00
1776646800000,1.92852,1.93166,1.92788,1.92877,9714.77316925,2026-04-20 01:00:00+00:00
1776648600000,1.93106,1.93583,1.93106,1.93301,3777.4514629,2026-04-20 01:30:00+00:00
1776650400000,1.93301,1.93301,1.92836,1.92836,3085.13692285,2026-04-20 02:00:00+00:00
1776652200000,1.92856,1.93242,1.92658,1.92974,3729.35061654,2026-04-20 02:30:00+00:00
1776654000000,1.93062,1.9376,1.93048,1.93546,3751.49537966,2026-04-20 03:00:00+00:00
1776655800000,1.93536,1.93578,1.93144,1.93226,1281.66207,2026-04-20 03:30:00+00:00
1776657600000,1.93392,1.93411,1.92788,1.92907,486.50791,2026-04-20 04:00:00+00:00
1776659400000,1.92953,1.93279,1.92917,1.93279,4083.78119007,2026-04-20 04:30:00+00:00
1776661200000,1.9324,1.93242,1.91982,1.92072,2184.0105371,2026-04-20 05:00:00+00:00
1776663000000,1.92345,1.92387,1.91689,1.91856,1899.98074126,2026-04-20 05:30:00+00:00
1776664800000,1.91932,1.92722,1.91932,1.92678,1220.0165393,2026-04-20 06:00:00+00:00
1776666600000,1.92647,1.94,1.92618,1.93742,1042.76093593,2026-04-20 06:30:00+00:00
1776668400000,1.94022,1.96011,1.93922,1.95415,10768.55005803,2026-04-20 07:00:00+00:00
1776670200000,1.94733,1.94733,1.93727,1.93727,1584.43288572,2026-04-20 07:30:00+00:00
1776672000000,1.93854,1.94318,1.93659,1.93761,361.28954361,2026-04-20 08:00:00+00:00
1776673800000,1.93624,1.93908,1.93523,1.93569,1604.49256461,2026-04-20 08:30:00+00:00
1776675600000,1.93637,1.94121,1.93637,1.94121,225.4765,2026-04-20 09:00:00+00:00
1776677400000,1.94078,1.94383,1.93995,1.94383,511.64388596,2026-04-20 09:30:00+00:00
1776679200000,1.95119,1.9512,1.95119,1.9512,27.63424,2026-04-20 10:00:00+00:00
1776681000000,1.94867,1.94867,1.94343,1.94343,2450.95126691,2026-04-20 10:30:00+00:00
1776682800000,1.93673,1.94145,1.93642,1.94067,3031.41308131,2026-04-20 11:00:00+00:00
1776684600000,1.94072,1.94215,1.93815,1.93915,1040.5321489,2026-04-20 11:30:00+00:00
1776686400000,1.93827,1.9499,1.9376,1.94627,3827.78079254,2026-04-20 12:00:00+00:00
1776688200000,1.94583,1.94967,1.9457,1.94878,2969.35575702,2026-04-20 12:30:00+00:00
1776690000000,1.94664,1.95473,1.94664,1.94916,4125.0993082,2026-04-20 13:00:00+00:00
1776691800000,1.95158,1.95611,1.94336,1.95463,7950.12921092,2026-04-20 13:30:00+00:00
1776693600000,1.94928,1.95724,1.9449,1.95481,10392.18731386,2026-04-20 14:00:00+00:00
1776695400000,1.95509,1.95819,1.9357,1.9357,21379.64076956,2026-04-20 14:30:00+00:00
1776697200000,1.93721,1.95898,1.92849,1.95898,13507.34696505,2026-04-20 15:00:00+00:00
1776699000000,1.95601,1.958,1.95233,1.95795,2928.28220283,2026-04-20 15:30:00+00:00
1776700800000,1.95727,1.95727,1.94643,1.94643,2609.36642901,2026-04-20 16:00:00+00:00
1776702600000,1.94818,1.94962,1.9445,1.9445,1813.14105281,2026-04-20 16:30:00+00:00
1776704400000,1.94457,1.95642,1.94457,1.95256,3866.61896466,2026-04-20 17:00:00+00:00
1776706200000,1.94751,1.94966,1.94449,1.94831,1765.07548326,2026-04-20 17:30:00+00:00
1776708000000,1.95068,1.96179,1.95006,1.95664,10123.80750598,2026-04-20 18:00:00+00:00
1776709800000,1.95329,1.95822,1.95042,1.95647,3045.31879086,2026-04-20 18:30:00+00:00
1776711600000,1.95577,1.95771,1.95133,1.95179,1437.03520809,2026-04-20 19:00:00+00:00
1776713400000,1.95488,1.95586,1.95197,1.95465,1626.13706268,2026-04-20 19:30:00+00:00
1776715200000,1.95453,1.95685,1.94761,1.95439,3261.48129171,2026-04-20 20:00:00+00:00
1776717000000,1.9532,1.95894,1.9532,1.95717,318.70572586,2026-04-20 20:30:00+00:00
1776718800000,1.95673,1.95673,1.94809,1.95067,11235.32866876,2026-04-20 21:00:00+00:00
1776720600000,1.95167,1.9557,1.94928,1.95515,6711.16197946,2026-04-20 21:30:00+00:00
1776722400000,1.95412,1.9552,1.95048,1.95164,2384.76524494,2026-04-20 22:00:00+00:00
1776724200000,1.9527,1.9527,1.94716,1.94716,1091.24994818,2026-04-20 22:30:00+00:00
1776726000000,1.94217,1.94578,1.94217,1.94493,1558.5188385,2026-04-20 23:00:00+00:00
1776727800000,1.94517,1.94729,1.94424,1.94729,3333.06914359,2026-04-20 23:30:00+00:00
1776729600000,1.9504,1.9504,1.94836,1.95001,2245.12974857,2026-04-21 00:00:00+00:00
1776731400000,1.94852,1.9517,1.94852,1.94865,7471.0773422,2026-04-21 00:30:00+00:00
1776733200000,1.9536,1.95561,1.95324,1.95388,5207.43925634,2026-04-21 01:00:00+00:00
1776735000000,1.95435,1.95487,1.94857,1.9489,2325.62911534,2026-04-21 01:30:00+00:00
1776736800000,1.948,1.948,1.94528,1.94781,904.22415316,2026-04-21 02:00:00+00:00
1776738600000,1.94664,1.9475,1.94368,1.94368,3039.08958458,2026-04-21 02:30:00+00:00
1776740400000,1.94272,1.94333,1.9377,1.94135,6545.11638157,2026-04-21 03:00:00+00:00
1776742200000,1.94682,1.94683,1.94484,1.94607,396.40371899,2026-04-21 03:30:00+00:00
1776744000000,1.94611,1.94941,1.94611,1.94819,1613.37075134,2026-04-21 04:00:00+00:00
1776745800000,1.94793,1.94912,1.94756,1.94912,1081.71297584,2026-04-21 04:30:00+00:00
1776747600000,1.95214,1.95578,1.95214,1.95412,436.48516,2026-04-21 05:00:00+00:00
1776749400000,1.95589,1.95591,1.95574,1.95591,49.4315,2026-04-21 05:30:00+00:00
1776751200000,1.95603,1.95603,1.95435,1.95435,193.65174825,2026-04-21 06:00:00+00:00
1776753000000,1.95497,1.96885,1.95497,1.96421,4450.45375864,2026-04-21 06:30:00+00:00
1776754800000,1.96127,1.96127,1.96127,1.96127,1033.494778,2026-04-21 07:00:00+00:00
1776756600000,1.96744,1.9697,1.96558,1.96907,22917.77937385,2026-04-21 07:30:00+00:00
1776758400000,1.96551,1.97,1.96522,1.97,6191.16063,2026-04-21 08:00:00+00:00
1776760200000,1.97048,1.9796,1.96895,1.97412,6375.09138194,2026-04-21 08:30:00+00:00
1776762000000,1.97207,1.97275,1.97191,1.97191,303.53419461,2026-04-21 09:00:00+00:00
1776763800000,1.96895,1.96994,1.96895,1.9696,76.05433,2026-04-21 09:30:00+00:00
1776765600000,1.97056,1.97056,1.96743,1.96744,198.61329401,2026-04-21 10:00:00+00:00
1776767400000,1.96782,1.97626,1.96782,1.97626,73.09084,2026-04-21 10:30:00+00:00
1776769200000,1.97586,1.97586,1.96748,1.97263,862.15804159,2026-04-21 11:00:00+00:00
1776771000000,1.96963,1.9714,1.96631,1.96879,3139.7955615,2026-04-21 11:30:00+00:00
1776772800000,1.96882,1.96882,1.96139,1.96562,7199.53960206,2026-04-21 12:00:00+00:00
1776774600000,1.96295,1.96557,1.95,1.95568,7795.63463576,2026-04-21 12:30:00+00:00
1776776400000,1.95705,1.959,1.95636,1.95737,5760.93727145,2026-04-21 13:00:00+00:00
1776778200000,1.95625,1.95787,1.9539,1.9563,1186.9236909,2026-04-21 13:30:00+00:00
1776780000000,1.95708,1.96478,1.95581,1.96195,206.19225573,2026-04-21 14:00:00+00:00
1776781800000,1.96551,1.96917,1.95492,1.95492,10843.58748685,2026-04-21 14:30:00+00:00
1776783600000,1.95557,1.95593,1.94663,1.94796,12461.36467522,2026-04-21 15:00:00+00:00
1776785400000,1.95071,1.95753,1.95068,1.95719,2773.2794046,2026-04-21 15:30:00+00:00
1776787200000,1.95741,1.96074,1.95424,1.95763,14970.67646686,2026-04-21 16:00:00+00:00
1776789000000,1.95715,1.96229,1.9542,1.9542,686.21599202,2026-04-21 16:30:00+00:00
1776790800000,1.95272,1.95286,1.93629,1.9412,15662.66664052,2026-04-21 17:00:00+00:00
1776792600000,1.94196,1.95371,1.94069,1.95354,6176.99388235,2026-04-21 17:30:00+00:00
1776794400000,1.94789,1.95109,1.94449,1.94449,1631.10039984,2026-04-21 18:00:00+00:00
1776796200000,1.94449,1.95149,1.94358,1.9509,3936.21057231,2026-04-21 18:30:00+00:00
1776798000000,1.95239,1.95652,1.94923,1.95599,2396.94273,2026-04-21 19:00:00+00:00
1776799800000,1.94579,1.94579,1.93213,1.9373,13995.06399439,2026-04-21 19:30:00+00:00
1776801600000,1.93448,1.95173,1.9331,1.95173,7910.84762286,2026-04-21 20:00:00+00:00
1776803400000,1.95154,1.95155,1.94591,1.94846,411.75860407,2026-04-21 20:30:00+00:00
1776805200000,1.94865,1.94886,1.94585,1.94606,935.54323,2026-04-21 21:00:00+00:00
1776807000000,1.94771,1.94891,1.94485,1.94542,2617.33355562,2026-04-21 21:30:00+00:00
1776808800000,1.94433,1.94663,1.94051,1.94059,3243.62722,2026-04-21 22:00:00+00:00
1776810600000,1.9408,1.9464,1.93996,1.94597,3402.29604018,2026-04-21 22:30:00+00:00
1776812400000,1.94622,1.94885,1.94622,1.94817,372.84678,2026-04-21 23:00:00+00:00
1776814200000,1.94746,1.96099,1.94718,1.96082,6514.18494243,2026-04-21 23:30:00+00:00
1776816000000,1.95971,1.96139,1.95791,1.95813,6528.8850019,2026-04-22 00:00:00+00:00
1776817800000,1.95881,1.95885,1.95622,1.95729,4281.0181023,2026-04-22 00:30:00+00:00
1776819600000,1.9577,1.95828,1.95269,1.95286,2766.00760875,2026-04-22 01:00:00+00:00
1776821400000,1.95383,1.95647,1.95168,1.95445,1812.33138016,2026-04-22 01:30:00+00:00
1776823200000,1.9549,1.97272,1.9525,1.97235,2959.13239011,2026-04-22 02:00:00+00:00
1776825000000,1.97395,1.98,1.97395,1.98,12323.39606944,2026-04-22 02:30:00+00:00
1776826800000,1.97843,1.98219,1.97289,1.97529,4913.74891655,2026-04-22 03:00:00+00:00
1776828600000,1.97413,1.97449,1.97322,1.97421,2458.24888355,2026-04-22 03:30:00+00:00
1776830400000,1.97439,1.97589,1.97128,1.97506,2386.18528018,2026-04-22 04:00:00+00:00
1776832200000,1.97453,1.9782,1.97392,1.97392,3006.20553474,2026-04-22 04:30:00+00:00
1776834000000,1.97158,1.99095,1.97158,1.99095,5875.75661987,2026-04-22 05:00:00+00:00
1776835800000,1.99214,1.99369,1.98846,1.98847,1946.5265131,2026-04-22 05:30:00+00:00
1776837600000,1.9874,1.98787,1.9858,1.98679,1166.89398211,2026-04-22 06:00:00+00:00
1776839400000,1.98769,1.98971,1.98708,1.98951,327.44541416,2026-04-22 06:30:00+00:00
1776841200000,1.99003,1.99018,1.98608,1.98609,472.75503924,2026-04-22 07:00:00+00:00
1776843000000,1.98387,1.98796,1.98369,1.98796,268.15249574,2026-04-22 07:30:00+00:00
1776844800000,1.9853,1.98735,1.98469,1.98469,1254.16164,2026-04-22 08:00:00+00:00
1776846600000,1.98004,1.98385,1.98004,1.98385,720.46989,2026-04-22 08:30:00+00:00
1776848400000,1.98317,1.98547,1.98317,1.98387,733.56824,2026-04-22 09:00:00+00:00
1776850200000,1.98334,1.98375,1.98334,1.98375,515.15201284,2026-04-22 09:30:00+00:00
1776852000000,1.98058,1.98058,1.97987,1.98034,352.18493,2026-04-22 10:00:00+00:00
1776853800000,1.98397,1.98398,1.98201,1.98201,1462.82646245,2026-04-22 10:30:00+00:00
1776855600000,1.98259,1.98382,1.982,1.98327,1538.502846,2026-04-22 11:00:00+00:00
1776857400000,1.98299,1.98863,1.98299,1.98863,1177.03336289,2026-04-22 11:30:00+00:00
1776859200000,1.98815,1.99028,1.98761,1.98924,5061.3300773,2026-04-22 12:00:00+00:00
1776861000000,1.98472,1.98575,1.97894,1.98485,2167.91102923,2026-04-22 12:30:00+00:00
1776862800000,1.98127,1.98946,1.98127,1.98934,19909.6323677,2026-04-22 13:00:00+00:00
1776864600000,1.98825,1.9944,1.98474,1.99274,3410.50128653,2026-04-22 13:30:00+00:00
1776866400000,1.99233,1.99754,1.98972,1.99198,5635.11553217,2026-04-22 14:00:00+00:00
1776868200000,1.99216,1.99376,1.98491,1.99376,8038.60597582,2026-04-22 14:30:00+00:00
1776870000000,1.99119,1.99173,1.98852,1.9891,3983.62225201,2026-04-22 15:00:00+00:00
1776871800000,1.98771,1.99606,1.98771,1.99145,906.75202028,2026-04-22 15:30:00+00:00
1776873600000,1.99166,1.99387,1.9785,1.9812,5900.26430889,2026-04-22 16:00:00+00:00
1776875400000,1.97744,1.98116,1.97699,1.97775,7318.88354784,2026-04-22 16:30:00+00:00
1776877200000,1.98005,1.98429,1.97825,1.97873,7472.46601525,2026-04-22 17:00:00+00:00
1776879000000,1.97826,1.98218,1.97665,1.98062,12803.78956257,2026-04-22 17:30:00+00:00
1776880800000,1.98234,1.98597,1.98168,1.98498,5538.65427063,2026-04-22 18:00:00+00:00
1776882600000,1.98349,1.98413,1.98038,1.98039,5276.5533058,2026-04-22 18:30:00+00:00
1776884400000,1.97803,1.97829,1.97287,1.97766,7786.47793618,2026-04-22 19:00:00+00:00
1776886200000,1.97625,1.97643,1.96667,1.97037,10126.57257533,2026-04-22 19:30:00+00:00
1776888000000,1.97181,1.97339,1.96268,1.96548,15124.41315885,2026-04-22 20:00:00+00:00
1776889800000,1.96641,1.96772,1.96447,1.96639,2189.09693208,2026-04-22 20:30:00+00:00
1776891600000,1.96675,1.9703,1.96675,1.9703,1972.74387873,2026-04-22 21:00:00+00:00
1776893400000,1.97045,1.97224,1.9702,1.97224,141.60959777,2026-04-22 21:30:00+00:00
1776895200000,1.97224,1.97225,1.96632,1.96632,18887.86684519,2026-04-22 22:00:00+00:00
1776897000000,1.9661,1.96897,1.96544,1.96779,4515.71052939,2026-04-22 22:30:00+00:00
1776898800000,1.96592,1.96668,1.95731,1.95731,6116.55520708,2026-04-22 23:00:00+00:00
1776900600000,1.95971,1.96062,1.95519,1.95634,3728.76626944,2026-04-22 23:30:00+00:00
1776902400000,1.95776,1.95829,1.94211,1.95436,13721.55904558,2026-04-23 00:00:00+00:00
1776904200000,1.95502,1.9552,1.95177,1.95519,751.52504168,2026-04-23 00:30:00+00:00
1776906000000,1.95518,1.95518,1.948,1.94925,2951.55912634,2026-04-23 01:00:00+00:00
1776907800000,1.94688,1.95242,1.94676,1.95147,650.73073153,2026-04-23 01:30:00+00:00
1776909600000,1.9503,1.95083,1.94258,1.94258,2415.3624732,2026-04-23 02:00:00+00:00
1776911400000,1.94212,1.94335,1.93746,1.94179,8021.43435745,2026-04-23 02:30:00+00:00
1776913200000,1.94458,1.94523,1.93755,1.93772,2332.77941288,2026-04-23 03:00:00+00:00
1776915000000,1.93651,1.93821,1.9334,1.93821,8547.65498295,2026-04-23 03:30:00+00:00
1776916800000,1.93858,1.94182,1.93858,1.94026,1607.82899,2026-04-23 04:00:00+00:00
1776918600000,1.94145,1.94169,1.93783,1.93783,3175.996,2026-04-23 04:30:00+00:00
1776920400000,1.94157,1.94222,1.94086,1.94113,1853.9194547,2026-04-23 05:00:00+00:00
1776922200000,1.939,1.94348,1.93663,1.94255,725.70572705,2026-04-23 05:30:00+00:00
1776924000000,1.94336,1.95018,1.94273,1.9491,449.64263048,2026-04-23 06:00:00+00:00
1776925800000,1.94918,1.95081,1.94814,1.94871,749.12455565,2026-04-23 06:30:00+00:00
1776927600000,1.94732,1.94732,1.94528,1.94528,1184.539669,2026-04-23 07:00:00+00:00
1776929400000,1.94637,1.94729,1.94457,1.9446,1033.68867,2026-04-23 07:30:00+00:00
1776931200000,1.94225,1.94225,1.94026,1.94172,230.04970061,2026-04-23 08:00:00+00:00
1776933000000,1.93721,1.93738,1.93586,1.93586,1444.95192,2026-04-23 08:30:00+00:00
1776934800000,1.93933,1.93941,1.93277,1.93574,5437.22601369,2026-04-23 09:00:00+00:00
1776936600000,1.93624,1.93671,1.93361,1.93453,182.94291945,2026-04-23 09:30:00+00:00
1776938400000,1.93461,1.93461,1.92891,1.93142,8910.35489271,2026-04-23 10:00:00+00:00
1776940200000,1.93182,1.93182,1.9301,1.9301,1004.36770552,2026-04-23 10:30:00+00:00
1776942000000,1.93234,1.93433,1.932,1.93368,4672.83864597,2026-04-23 11:00:00+00:00
1776943800000,1.93503,1.93856,1.93503,1.93856,252.68748241,2026-04-23 11:30:00+00:00
1776945600000,1.93857,1.94141,1.93787,1.94064,3526.16513369,2026-04-23 12:00:00+00:00
1776947400000,1.94253,1.94563,1.93776,1.94121,11975.61122997,2026-04-23 12:30:00+00:00
1776949200000,1.94246,1.94362,1.93939,1.93953,2544.3170445,2026-04-23 13:00:00+00:00
1776951000000,1.93948,1.94141,1.93781,1.93944,6314.71919657,2026-04-23 13:30:00+00:00
1776952800000,1.9384,1.94234,1.9384,1.94171,5544.59979503,2026-04-23 14:00:00+00:00
1776954600000,1.94466,1.95696,1.94466,1.95696,10060.38027937,2026-04-23 14:30:00+00:00
1776956400000,1.95798,1.96523,1.95476,1.96421,2932.16303003,2026-04-23 15:00:00+00:00
1776958200000,1.96342,1.96389,1.95502,1.95825,25538.56316889,2026-04-23 15:30:00+00:00
1776960000000,1.95777,1.95903,1.94788,1.94788,73222.40463172,2026-04-23 16:00:00+00:00
1776961800000,1.94788,1.95068,1.9431,1.94689,3843.52496733,2026-04-23 16:30:00+00:00
1776963600000,1.94574,1.95492,1.93739,1.95311,12601.60414039,2026-04-23 17:00:00+00:00
1776965400000,1.94781,1.95343,1.93692,1.95254,6669.40452611,2026-04-23 17:30:00+00:00
1776967200000,1.95254,1.96237,1.95174,1.95376,6123.02514547,2026-04-23 18:00:00+00:00
1776969000000,1.95284,1.95973,1.95028,1.95049,2160.69327947,2026-04-23 18:30:00+00:00
1776970800000,1.94936,1.95101,1.94523,1.95053,1157.56369537,2026-04-23 19:00:00+00:00
1776972600000,1.94935,1.95192,1.94189,1.94897,30339.4843603,2026-04-23 19:30:00+00:00
1776974400000,1.94896,1.95593,1.94826,1.95326,5323.81873891,2026-04-23 20:00:00+00:00
1776976200000,1.95158,1.95723,1.95158,1.954,986.01035,2026-04-23 20:30:00+00:00
1776978000000,1.95361,1.95388,1.9501,1.95352,2087.23763,2026-04-23 21:00:00+00:00
1776979800000,1.95388,1.9605,1.95212,1.95212,4269.71146563,2026-04-23 21:30:00+00:00
1776981600000,1.95606,1.96031,1.95485,1.96024,657.21512422,2026-04-23 22:00:00+00:00
1776983400000,1.9591,1.96121,1.95683,1.95919,8363.71569,2026-04-23 22:30:00+00:00
1776985200000,1.95679,1.9583,1.955,1.95595,1296.53689988,2026-04-23 23:00:00+00:00
1776987000000,1.95622,1.96317,1.95515,1.9612,3502.75962307,2026-04-23 23:30:00+00:00
1776988800000,1.96064,1.96365,1.95946,1.96217,8505.53336497,2026-04-24 00:00:00+00:00
1776990600000,1.96283,1.96666,1.96167,1.96666,3699.04768264,2026-04-24 00:30:00+00:00
1776992400000,1.96444,1.96483,1.9543,1.95641,3060.47725162,2026-04-24 01:00:00+00:00
1776994200000,1.95641,1.96794,1.9505,1.96775,5554.40279644,2026-04-24 01:30:00+00:00
1776996000000,1.96886,1.96905,1.95761,1.95904,4757.51138696,2026-04-24 02:00:00+00:00
1776997800000,1.95942,1.96205,1.95798,1.95798,737.48298966,2026-04-24 02:30:00+00:00
1776999600000,1.96049,1.96086,1.95206,1.95352,647.87981771,2026-04-24 03:00:00+00:00
1777001400000,1.95185,1.95218,1.94161,1.94919,2632.42697383,2026-04-24 03:30:00+00:00
1777003200000,1.9499,1.9502,1.94716,1.9502,632.91525,2026-04-24 04:00:00+00:00
1777005000000,1.94771,1.95056,1.94354,1.9487,634.6102,2026-04-24 04:30:00+00:00
1777006800000,1.94934,1.94934,1.94021,1.94585,3837.69644526,2026-04-24 05:00:00+00:00
1777008600000,1.94801,1.95044,1.94801,1.95044,3166.68212418,2026-04-24 05:30:00+00:00
1777010400000,1.95394,1.95394,1.94763,1.95306,804.99132787,2026-04-24 06:00:00+00:00
1777012200000,1.95476,1.95476,1.95303,1.95458,187.18346,2026-04-24 06:30:00+00:00
1777014000000,1.95432,1.95432,1.95348,1.95348,582.60366071,2026-04-24 07:00:00+00:00
1777015800000,1.9534,1.95615,1.9534,1.95615,59.57293,2026-04-24 07:30:00+00:00
1777017600000,1.96051,1.96051,1.96051,1.96051,14.16324924,2026-04-24 08:00:00+00:00
1777019400000,1.96058,1.96058,1.95463,1.95794,1985.42614457,2026-04-24 08:30:00+00:00
1777021200000,1.95128,1.95128,1.94892,1.94926,2963.89605309,2026-04-24 09:00:00+00:00
1777023000000,1.95227,1.95227,1.94868,1.94868,428.98943744,2026-04-24 09:30:00+00:00
1777024800000,1.94675,1.94851,1.94656,1.94683,685.96485,2026-04-24 10:00:00+00:00
1777026600000,1.95183,1.95516,1.95145,1.95516,667.19174757,2026-04-24 10:30:00+00:00
1777028400000,1.95987,1.96731,1.95987,1.96682,1676.96491534,2026-04-24 11:00:00+00:00
1777030200000,1.96725,1.96794,1.96327,1.96578,5761.26637249,2026-04-24 11:30:00+00:00
1777032000000,1.96468,1.97,1.96256,1.96256,2576.55568276,2026-04-24 12:00:00+00:00
1777033800000,1.96332,1.96429,1.96001,1.96155,1373.92765881,2026-04-24 12:30:00+00:00
1777035600000,1.96656,1.97236,1.9665,1.969,13215.84319223,2026-04-24 13:00:00+00:00
1777037400000,1.96887,1.96978,1.9638,1.96505,3142.36963761,2026-04-24 13:30:00+00:00
1777039200000,1.96313,1.96611,1.9556,1.95562,7773.47550972,2026-04-24 14:00:00+00:00
1777041000000,1.96078,1.96862,1.96078,1.96082,4482.49616883,2026-04-24 14:30:00+00:00
1777042800000,1.96083,1.96543,1.95381,1.96471,6133.7293452,2026-04-24 15:00:00+00:00
1777044600000,1.96716,1.97974,1.96612,1.97974,1966.79380632,2026-04-24 15:30:00+00:00
1777046400000,1.98122,1.98122,1.97093,1.97314,18235.3407372,2026-04-24 16:00:00+00:00
1777048200000,1.97308,1.97434,1.96586,1.96737,1786.24577399,2026-04-24 16:30:00+00:00
1777050000000,1.9692,1.97138,1.96718,1.96908,3278.37297093,2026-04-24 17:00:00+00:00
1777051800000,1.96879,1.96986,1.96509,1.96912,5831.48612967,2026-04-24 17:30:00+00:00
1777053600000,1.97082,1.97082,1.96041,1.96397,1820.02074573,2026-04-24 18:00:00+00:00
1777055400000,1.96554,1.96698,1.96451,1.9659,2179.95304,2026-04-24 18:30:00+00:00
1777057200000,1.96844,1.9701,1.96378,1.96378,3896.4580339,2026-04-24 19:00:00+00:00
1777059000000,1.96372,1.96788,1.96372,1.9657,2423.22212,2026-04-24 19:30:00+00:00
1777060800000,1.96627,1.96629,1.96192,1.96234,1696.1622253,2026-04-24 20:00:00+00:00
1777062600000,1.96221,1.9717,1.96189,1.9717,8459.86357323,2026-04-24 20:30:00+00:00
1777064400000,1.96901,1.97184,1.96439,1.96579,3367.16670546,2026-04-24 21:00:00+00:00
1777066200000,1.96562,1.96725,1.9653,1.96627,913.07253426,2026-04-24 21:30:00+00:00
1777068000000,1.96794,1.96794,1.96465,1.96465,1539.08695052,2026-04-24 22:00:00+00:00
1777069800000,1.96015,1.96097,1.95652,1.95685,6618.5045953,2026-04-24 22:30:00+00:00
1777071600000,1.9581,1.95936,1.95807,1.95914,2642.22553041,2026-04-24 23:00:00+00:00
1777073400000,1.95897,1.96016,1.9573,1.96016,5328.34065078,2026-04-24 23:30:00+00:00
1777075200000,1.96091,1.96123,1.95946,1.96019,4655.33687,2026-04-25 00:00:00+00:00
1777077000000,1.95859,1.9604,1.95807,1.9602,1255.29567214,2026-04-25 00:30:00+00:00
1777078800000,1.96135,1.96505,1.95991,1.96188,7105.08427787,2026-04-25 01:00:00+00:00
1777080600000,1.96398,1.96398,1.96303,1.96303,435.54935799,2026-04-25 01:30:00+00:00
1777082400000,1.96334,1.96453,1.9612,1.96159,2326.60246905,2026-04-25 02:00:00+00:00
1777084200000,1.96555,1.96555,1.96045,1.96045,14110.32057746,2026-04-25 02:30:00+00:00
1777086000000,1.95934,1.96116,1.95867,1.96116,4024.92167992,2026-04-25 03:00:00+00:00
1777087800000,1.95995,1.96362,1.95995,1.96362,469.82738,2026-04-25 03:30:00+00:00
1777089600000,1.96388,1.96402,1.96254,1.96292,220.56344184,2026-04-25 04:00:00+00:00
1777091400000,1.96253,1.96253,1.96007,1.96007,3473.83644846,2026-04-25 04:30:00+00:00
1777093200000,1.95968,1.95968,1.95628,1.95628,1359.88358996,2026-04-25 05:00:00+00:00
1777095000000,1.95844,1.95997,1.95844,1.95849,1223.26583,2026-04-25 05:30:00+00:00
1777096800000,1.95954,1.95965,1.95851,1.95851,567.81466,2026-04-25 06:00:00+00:00
1777098600000,1.95834,1.96136,1.95727,1.95995,2702.59744192,2026-04-25 06:30:00+00:00
1777100400000,1.95995,1.95995,1.95734,1.95977,1820.54999816,2026-04-25 07:00:00+00:00
1777102200000,1.95977,1.95977,1.95977,1.95977,0.0,2026-04-25 07:30:00+00:00
1777104000000,1.95959,1.9615,1.95925,1.96124,4940.71138726,2026-04-25 08:00:00+00:00
1777105800000,1.9619,1.96262,1.96176,1.96262,1519.13569263,2026-04-25 08:30:00+00:00
1777107600000,1.96111,1.9616,1.9608,1.9608,431.20048505,2026-04-25 09:00:00+00:00
1777109400000,1.96166,1.9636,1.96145,1.9636,419.13962,2026-04-25 09:30:00+00:00
1777111200000,1.96274,1.96292,1.96274,1.96292,14.57387,2026-04-25 10:00:00+00:00
1777113000000,1.96376,1.96383,1.962,1.962,637.97572809,2026-04-25 10:30:00+00:00
1777114800000,1.9609,1.96112,1.95613,1.95672,4830.8063522,2026-04-25 11:00:00+00:00
1777116600000,1.95631,1.95724,1.9556,1.95666,2927.30196764,2026-04-25 11:30:00+00:00
1777118400000,1.95612,1.9571,1.95394,1.9555,15929.9955684,2026-04-25 12:00:00+00:00
1777120200000,1.95446,1.95636,1.95409,1.9558,953.68303085,2026-04-25 12:30:00+00:00
1777122000000,1.95485,1.95818,1.95457,1.95801,5543.87175326,2026-04-25 13:00:00+00:00
1777123800000,1.95712,1.95924,1.95686,1.95831,11520.4171997,2026-04-25 13:30:00+00:00
1777125600000,1.95804,1.95804,1.95403,1.95605,5262.0538642,2026-04-25 14:00:00+00:00
1777127400000,1.95762,1.95817,1.95486,1.95486,6499.95995232,2026-04-25 14:30:00+00:00
1777129200000,1.95401,1.95714,1.95399,1.9571,2135.0415017,2026-04-25 15:00:00+00:00
1777131000000,1.95712,1.95723,1.95,1.95,3654.64907842,2026-04-25 15:30:00+00:00
1777132800000,1.9523,1.95301,1.9493,1.9493,5087.98018656,2026-04-25 16:00:00+00:00
1777134600000,1.95056,1.95056,1.94439,1.94878,8013.17964851,2026-04-25 16:30:00+00:00
1777136400000,1.94861,1.9492,1.94379,1.94379,1664.95917565,2026-04-25 17:00:00+00:00
1777138200000,1.94345,1.94361,1.94178,1.94272,1660.82458915,2026-04-25 17:30:00+00:00
1777140000000,1.94306,1.94481,1.94251,1.94481,1726.49616382,2026-04-25 18:00:00+00:00
1777141800000,1.94537,1.94647,1.94479,1.94612,3564.33803273,2026-04-25 18:30:00+00:00
1777143600000,1.9448,1.94494,1.93973,1.94149,4181.08458139,2026-04-25 19:00:00+00:00
1777145400000,1.94133,1.94358,1.94122,1.94358,1411.91675095,2026-04-25 19:30:00+00:00
1777147200000,1.94361,1.94376,1.94181,1.94366,4181.53144334,2026-04-25 20:00:00+00:00
1777149000000,1.94339,1.94518,1.94308,1.94487,1078.23033,2026-04-25 20:30:00+00:00
1777150800000,1.94527,1.94674,1.94448,1.94448,1977.84549,2026-04-25 21:00:00+00:00
1777152600000,1.94534,1.94656,1.94468,1.94494,2275.87621115,2026-04-25 21:30:00+00:00
1777154400000,1.94576,1.94699,1.94576,1.94699,1605.39931,2026-04-25 22:00:00+00:00
1777156200000,1.94933,1.9516,1.94876,1.94915,8154.68405861,2026-04-25 22:30:00+00:00
1777158000000,1.94721,1.94736,1.94582,1.94701,1819.51575244,2026-04-25 23:00:00+00:00
1777159800000,1.94709,1.94875,1.94606,1.94606,4528.70426331,2026-04-25 23:30:00+00:00
1777161600000,1.94711,1.94711,1.944,1.94413,4763.01313117,2026-04-26 00:00:00+00:00
1777163400000,1.94418,1.94557,1.94233,1.94233,2109.85263388,2026-04-26 00:30:00+00:00
1777165200000,1.94273,1.94449,1.94273,1.94449,1379.10215405,2026-04-26 01:00:00+00:00
1777167000000,1.94249,1.94317,1.94022,1.94229,3725.59556017,2026-04-26 01:30:00+00:00
1777168800000,1.94106,1.94449,1.94095,1.94445,695.78073536,2026-04-26 02:00:00+00:00
1777170600000,1.94413,1.94496,1.94331,1.94377,1542.05191213,2026-04-26 02:30:00+00:00
1777172400000,1.94373,1.94597,1.94301,1.94588,3975.37206791,2026-04-26 03:00:00+00:00
1777174200000,1.94128,1.94131,1.93971,1.93971,1851.2039,2026-04-26 03:30:00+00:00
1777176000000,1.94034,1.94219,1.94012,1.94068,613.05531,2026-04-26 04:00:00+00:00
1777177800000,1.94076,1.94502,1.93995,1.94502,4857.36321,2026-04-26 04:30:00+00:00
1777179600000,1.94418,1.95416,1.94418,1.95247,862.73762951,2026-04-26 05:00:00+00:00
1777181400000,1.95044,1.95063,1.9487,1.9487,514.90925,2026-04-26 05:30:00+00:00
1777183200000,1.95094,1.95215,1.95055,1.95128,732.41464,2026-04-26 06:00:00+00:00
1777185000000,1.95162,1.95188,1.95089,1.95166,1448.34701871,2026-04-26 06:30:00+00:00
1777186800000,1.95252,1.95432,1.95252,1.95432,902.3184,2026-04-26 07:00:00+00:00
1777188600000,1.95068,1.9538,1.95059,1.9538,515.68988,2026-04-26 07:30:00+00:00
1777190400000,1.9538,1.9538,1.9538,1.9538,0.0,2026-04-26 08:00:00+00:00
1777192200000,1.95281,1.95326,1.95175,1.95175,920.02983184,2026-04-26 08:30:00+00:00
1777194000000,1.95031,1.95117,1.95031,1.95117,761.62607403,2026-04-26 09:00:00+00:00
1777195800000,1.95338,1.95346,1.95338,1.9534,225.69752306,2026-04-26 09:30:00+00:00
1777197600000,1.95332,1.95332,1.95217,1.95217,392.63148,2026-04-26 10:00:00+00:00
1777199400000,1.95233,1.95233,1.95217,1.95226,28.98353,2026-04-26 10:30:00+00:00
1777201200000,1.95238,1.95785,1.95238,1.95785,1159.69009585,2026-04-26 11:00:00+00:00
1777203000000,1.95698,1.95792,1.95625,1.95792,585.54069,2026-04-26 11:30:00+00:00
1777204800000,1.95788,1.95805,1.95426,1.95426,1693.62421583,2026-04-26 12:00:00+00:00
1777206600000,1.9523,1.9523,1.94772,1.94772,405.47818993,2026-04-26 12:30:00+00:00
1777208400000,1.94822,1.94982,1.94781,1.94895,779.916142,2026-04-26 13:00:00+00:00
1777210200000,1.94894,1.95004,1.94853,1.94853,1918.06494,2026-04-26 13:30:00+00:00
1777212000000,1.94787,1.95447,1.94787,1.95422,1651.9819121,2026-04-26 14:00:00+00:00
1777213800000,1.95323,1.9542,1.95229,1.95301,2425.51727161,2026-04-26 14:30:00+00:00
1777215600000,1.95271,1.95281,1.95059,1.95155,1339.09491331,2026-04-26 15:00:00+00:00
1777217400000,1.95332,1.95341,1.94845,1.94845,21209.50779926,2026-04-26 15:30:00+00:00
1777219200000,1.95156,1.95176,1.94894,1.95002,1822.44576,2026-04-26 16:00:00+00:00
1777221000000,1.94918,1.94944,1.94741,1.94944,739.89560633,2026-04-26 16:30:00+00:00
1777222800000,1.94666,1.95137,1.94641,1.95065,10384.09063,2026-04-26 17:00:00+00:00
1777224600000,1.94875,1.95076,1.94875,1.9498,229.61480491,2026-04-26 17:30:00+00:00
1777226400000,1.94935,1.95503,1.94935,1.95425,4149.01370066,2026-04-26 18:00:00+00:00
1777228200000,1.95379,1.95514,1.95234,1.95484,2308.77016984,2026-04-26 18:30:00+00:00
1777230000000,1.95431,1.963,1.95411,1.95871,1191.92202466,2026-04-26 19:00:00+00:00
1777231800000,1.95691,1.95856,1.9569,1.95765,1507.02465,2026-04-26 19:30:00+00:00
1777233600000,1.957,1.95796,1.95678,1.95744,1447.52355333,2026-04-26 20:00:00+00:00
1777235400000,1.9591,1.95929,1.95279,1.95279,834.80078439,2026-04-26 20:30:00+00:00
1777237200000,1.95358,1.95727,1.95339,1.95727,1484.64683867,2026-04-26 21:00:00+00:00
1777239000000,1.95418,1.95538,1.94261,1.95424,3996.87060087,2026-04-26 21:30:00+00:00
1777240800000,1.95438,1.96324,1.95437,1.958,5721.08645648,2026-04-26 22:00:00+00:00
1777242600000,1.95553,1.95629,1.94943,1.95339,3814.18415438,2026-04-26 22:30:00+00:00
1777244400000,1.95286,1.95511,1.95211,1.95511,1466.29729488,2026-04-26 23:00:00+00:00
1777246200000,1.95069,1.96288,1.95069,1.95761,2732.24066666,2026-04-26 23:30:00+00:00
1777248000000,1.95968,1.95968,1.95074,1.95083,1391.43005024,2026-04-27 00:00:00+00:00
1777249800000,1.95058,1.96843,1.95056,1.96681,2413.2800576,2026-04-27 00:30:00+00:00
1777251600000,1.968,1.97359,1.96322,1.96322,26236.96060052,2026-04-27 01:00:00+00:00
1777253400000,1.96435,1.97581,1.96435,1.97319,4887.53597198,2026-04-27 01:30:00+00:00
1777255200000,1.9755,1.9755,1.9684,1.9694,1939.32115546,2026-04-27 02:00:00+00:00
1777257000000,1.97,1.97489,1.96654,1.972,11001.79416219,2026-04-27 02:30:00+00:00
1777258800000,1.97228,1.97259,1.97082,1.97226,5998.25695966,2026-04-27 03:00:00+00:00
1777260600000,1.97301,1.97609,1.97218,1.97314,3466.12389,2026-04-27 03:30:00+00:00
1777262400000,1.97051,1.97051,1.96866,1.96943,441.64196064,2026-04-27 04:00:00+00:00
1777264200000,1.96956,1.96956,1.96679,1.96759,1482.46713715,2026-04-27 04:30:00+00:00
1777266000000,1.96796,1.968,1.94075,1.94078,13352.20854613,2026-04-27 05:00:00+00:00
1777267800000,1.94076,1.94299,1.93236,1.94006,22209.05477845,2026-04-27 05:30:00+00:00
1777269600000,1.94077,1.94131,1.93407,1.9401,1149.87183118,2026-04-27 06:00:00+00:00
1777271400000,1.933,1.93786,1.933,1.93786,268.94569246,2026-04-27 06:30:00+00:00
1777273200000,1.93743,1.93745,1.93151,1.93151,1701.16270175,2026-04-27 07:00:00+00:00
1777275000000,1.93091,1.93307,1.93029,1.93188,5194.2211732,2026-04-27 07:30:00+00:00
1777276800000,1.92943,1.92984,1.92793,1.92793,1211.09218374,2026-04-27 08:00:00+00:00
1777278600000,1.92824,1.93031,1.92824,1.93031,1198.84087277,2026-04-27 08:30:00+00:00
1777280400000,1.93138,1.93138,1.92788,1.92788,180.34726418,2026-04-27 09:00:00+00:00
1777282200000,1.92727,1.9295,1.92655,1.92913,2045.40391743,2026-04-27 09:30:00+00:00
1777284000000,1.92749,1.92867,1.92724,1.92774,2863.43688612,2026-04-27 10:00:00+00:00
1777285800000,1.92794,1.92824,1.92681,1.92682,54.96361789,2026-04-27 10:30:00+00:00
1777287600000,1.92675,1.92675,1.92403,1.92557,5695.23325772,2026-04-27 11:00:00+00:00
1777289400000,1.92529,1.92608,1.92415,1.92415,1072.84730955,2026-04-27 11:30:00+00:00
1777291200000,1.92403,1.92432,1.92145,1.92145,912.45360478,2026-04-27 12:00:00+00:00
1777293000000,1.92226,1.92247,1.91992,1.91992,1737.82837616,2026-04-27 12:30:00+00:00
1777294800000,1.91909,1.91909,1.91479,1.91519,1854.79717209,2026-04-27 13:00:00+00:00
1777296600000,1.91583,1.91901,1.9,1.90956,23842.90872401,2026-04-27 13:30:00+00:00
1777298400000,1.90956,1.91305,1.90591,1.90939,3633.333237,2026-04-27 14:00:00+00:00
1777300200000,1.91065,1.91982,1.91065,1.91234,6264.27703051,2026-04-27 14:30:00+00:00
1777302000000,1.90894,1.90894,1.88696,1.8911,34374.15038948,2026-04-27 15:00:00+00:00
1777303800000,1.89638,1.89854,1.889,1.89008,26827.03590787,2026-04-27 15:30:00+00:00
1777305600000,1.89018,1.89382,1.88961,1.88974,3808.32399484,2026-04-27 16:00:00+00:00
1777307400000,1.89051,1.89071,1.88835,1.89054,3283.14851362,2026-04-27 16:30:00+00:00
1777309200000,1.89306,1.90281,1.89289,1.90053,20529.80309872,2026-04-27 17:00:00+00:00
1777311000000,1.8988,1.90036,1.89698,1.89841,2983.24454778,2026-04-27 17:30:00+00:00
1777312800000,1.89814,1.90169,1.89753,1.89894,9137.74780522,2026-04-27 18:00:00+00:00
1777314600000,1.89944,1.90594,1.89944,1.90325,8591.11029339,2026-04-27 18:30:00+00:00
1777316400000,1.90222,1.90222,1.8929,1.89299,10851.01497244,2026-04-27 19:00:00+00:00
1777318200000,1.89301,1.89954,1.89301,1.89954,8471.92223267,2026-04-27 19:30:00+00:00
1777320000000,1.89923,1.90096,1.89642,1.89853,4135.68478666,2026-04-27 20:00:00+00:00
1777321800000,1.89935,1.90039,1.89634,1.89755,1755.55264,2026-04-27 20:30:00+00:00
1777323600000,1.89648,1.89912,1.89648,1.899,5632.61934767,2026-04-27 21:00:00+00:00
1777325400000,1.8989,1.89893,1.89508,1.89508,2517.00157556,2026-04-27 21:30:00+00:00
1777327200000,1.895,1.89868,1.89269,1.89868,2717.35173329,2026-04-27 22:00:00+00:00
1777329000000,1.90096,1.90449,1.90084,1.90449,1453.7440034,2026-04-27 22:30:00+00:00
1777330800000,1.90498,1.90564,1.90252,1.90499,15025.12878582,2026-04-27 23:00:00+00:00
1777332600000,1.905,1.91001,1.905,1.90837,10536.27124493,2026-04-27 23:30:00+00:00
1777334400000,1.90672,1.90672,1.90188,1.90189,3834.64567955,2026-04-28 00:00:00+00:00
1777336200000,1.90251,1.90729,1.90251,1.90583,919.84512,2026-04-28 00:30:00+00:00
1777338000000,1.90524,1.90697,1.90433,1.9054,1078.75106737,2026-04-28 01:00:00+00:00
1777339800000,1.9054,1.90614,1.90384,1.90512,4684.45142687,2026-04-28 01:30:00+00:00
1777341600000,1.9058,1.90847,1.90482,1.90515,4082.8774,2026-04-28 02:00:00+00:00
1777343400000,1.90428,1.90434,1.89863,1.90023,2313.51459809,2026-04-28 02:30:00+00:00
1777345200000,1.90055,1.90075,1.8939,1.89482,3277.64431529,2026-04-28 03:00:00+00:00
1777347000000,1.89463,1.89913,1.89433,1.89906,619.35875098,2026-04-28 03:30:00+00:00
1777348800000,1.89744,1.90035,1.8971,1.89803,1046.35377848,2026-04-28 04:00:00+00:00
1777350600000,1.89854,1.9001,1.89702,1.9001,971.88570326,2026-04-28 04:30:00+00:00
1777352400000,1.901,1.90323,1.89996,1.90285,1221.68328789,2026-04-28 05:00:00+00:00
1777354200000,1.90313,1.9032,1.89941,1.89965,1414.1124615,2026-04-28 05:30:00+00:00
1777356000000,1.90173,1.9035,1.89896,1.90029,1386.44059947,2026-04-28 06:00:00+00:00
1777357800000,1.90002,1.90002,1.89183,1.895,3042.96768746,2026-04-28 06:30:00+00:00
1777359600000,1.89426,1.89426,1.8876,1.89283,1238.6223429,2026-04-28 07:00:00+00:00
1777361400000,1.89426,1.89936,1.89426,1.89936,1632.77332459,2026-04-28 07:30:00+00:00
1777363200000,1.8989,1.89922,1.89783,1.89784,820.74303,2026-04-28 08:00:00+00:00
1777365000000,1.90185,1.90185,1.90011,1.90061,382.90584796,2026-04-28 08:30:00+00:00
1777366800000,1.89883,1.89892,1.89788,1.89802,1072.44263,2026-04-28 09:00:00+00:00
1777368600000,1.89802,1.89802,1.89802,1.89802,0.0,2026-04-28 09:30:00+00:00
1777370400000,1.8962,1.8962,1.894,1.894,74.46701911,2026-04-28 10:00:00+00:00
1777372200000,1.8956,1.89701,1.89545,1.89545,853.2644185,2026-04-28 10:30:00+00:00
1777374000000,1.89747,1.89747,1.89436,1.89436,1150.77802481,2026-04-28 11:00:00+00:00
1777375800000,1.89501,1.89567,1.88623,1.88752,7494.75401205,2026-04-28 11:30:00+00:00
1777377600000,1.88854,1.88976,1.88555,1.88735,8278.29915581,2026-04-28 12:00:00+00:00
1777379400000,1.88737,1.89215,1.88675,1.89022,3171.94208781,2026-04-28 12:30:00+00:00
1777381200000,1.88983,1.88983,1.882,1.88738,6993.12722531,2026-04-28 13:00:00+00:00
1777383000000,1.88549,1.88966,1.87712,1.88399,7738.44726305,2026-04-28 13:30:00+00:00
1777384800000,1.87906,1.88239,1.87317,1.87397,8593.16606437,2026-04-28 14:00:00+00:00
1777386600000,1.87708,1.87776,1.87,1.87508,16580.98109728,2026-04-28 14:30:00+00:00
1777388400000,1.87722,1.87872,1.875,1.875,7297.15906696,2026-04-28 15:00:00+00:00
1777390200000,1.875,1.88129,1.87355,1.8809,6988.31756353,2026-04-28 15:30:00+00:00
1777392000000,1.88,1.88256,1.87819,1.87946,19461.75566838,2026-04-28 16:00:00+00:00
1777393800000,1.88014,1.88448,1.87451,1.88268,8597.41316975,2026-04-28 16:30:00+00:00
1777395600000,1.88388,1.88547,1.88075,1.88267,14866.1832493,2026-04-28 17:00:00+00:00
1777397400000,1.88197,1.88789,1.88172,1.8843,13433.31583133,2026-04-28 17:30:00+00:00
1777399200000,1.88611,1.89098,1.88611,1.88979,1422.91926713,2026-04-28 18:00:00+00:00
1777401000000,1.8891,1.8912,1.88684,1.89018,5482.77327307,2026-04-28 18:30:00+00:00
1777402800000,1.88856,1.88966,1.8862,1.88684,4112.55579668,2026-04-28 19:00:00+00:00
1777404600000,1.88728,1.89577,1.88728,1.89516,4310.88013997,2026-04-28 19:30:00+00:00
1777406400000,1.89244,1.89308,1.89048,1.89308,2805.04682982,2026-04-28 20:00:00+00:00
1777408200000,1.8927,1.89304,1.89224,1.89249,922.39416,2026-04-28 20:30:00+00:00
1777410000000,1.89155,1.89192,1.88877,1.88891,3266.40541801,2026-04-28 21:00:00+00:00
1777411800000,1.88785,1.8889,1.88636,1.8889,676.63476863,2026-04-28 21:30:00+00:00
1777413600000,1.88945,1.89253,1.88906,1.89077,904.29069,2026-04-28 22:00:00+00:00
1777415400000,1.88988,1.88988,1.88606,1.88793,3309.59261474,2026-04-28 22:30:00+00:00
1777417200000,1.88653,1.8896,1.88631,1.88766,1782.76302711,2026-04-28 23:00:00+00:00
1777419000000,1.88797,1.8906,1.88728,1.88884,4131.25918493,2026-04-28 23:30:00+00:00
1777420800000,1.88879,1.88895,1.88642,1.88642,1794.14679621,2026-04-29 00:00:00+00:00
1777422600000,1.88748,1.89312,1.88738,1.89312,1812.89732753,2026-04-29 00:30:00+00:00
1777424400000,1.89298,1.89312,1.88674,1.88721,4603.38942825,2026-04-29 01:00:00+00:00
1777426200000,1.88511,1.89256,1.88511,1.89115,13372.6998765,2026-04-29 01:30:00+00:00
1777428000000,1.89084,1.892,1.88976,1.892,2811.44671015,2026-04-29 02:00:00+00:00
1777429800000,1.88935,1.88978,1.8874,1.88881,7395.46545114,2026-04-29 02:30:00+00:00
1777431600000,1.88917,1.89769,1.88739,1.89679,2075.55731426,2026-04-29 03:00:00+00:00
1777433400000,1.89809,1.90191,1.89809,1.90128,4465.75624846,2026-04-29 03:30:00+00:00
1777435200000,1.90085,1.90187,1.89944,1.90187,1696.29189418,2026-04-29 04:00:00+00:00
1777437000000,1.90306,1.91191,1.90306,1.90885,901.15455,2026-04-29 04:30:00+00:00
1777438800000,1.90979,1.90979,1.9074,1.90867,782.97121,2026-04-29 05:00:00+00:00
1777440600000,1.90794,1.91169,1.90794,1.91063,2146.46235201,2026-04-29 05:30:00+00:00
1777442400000,1.91095,1.9113,1.90956,1.90967,891.4564,2026-04-29 06:00:00+00:00
1777444200000,1.91022,1.91022,1.90615,1.90634,207.13114,2026-04-29 06:30:00+00:00
1777446000000,1.90546,1.90546,1.90374,1.90374,45.61927,2026-04-29 07:00:00+00:00
1777447800000,1.90712,1.9078,1.90405,1.90406,2100.80846832,2026-04-29 07:30:00+00:00
1777449600000,1.90405,1.90405,1.90169,1.90243,163.16666777,2026-04-29 08:00:00+00:00
1777451400000,1.90195,1.90196,1.90195,1.90196,397.75342,2026-04-29 08:30:00+00:00
1777453200000,1.90434,1.9105,1.90434,1.9105,2878.25611056,2026-04-29 09:00:00+00:00
1777455000000,1.90983,1.92248,1.9093,1.9213,6699.14817131,2026-04-29 09:30:00+00:00
1777456800000,1.92118,1.92137,1.91929,1.91929,709.48662484,2026-04-29 10:00:00+00:00
1777458600000,1.92041,1.9206,1.91553,1.91619,520.7631069,2026-04-29 10:30:00+00:00
1777460400000,1.91204,1.91223,1.90763,1.90818,1096.82635853,2026-04-29 11:00:00+00:00
1777462200000,1.90737,1.90955,1.90583,1.9082,714.14625,2026-04-29 11:30:00+00:00
1777464000000,1.90708,1.90708,1.88662,1.89026,5801.74262797,2026-04-29 12:00:00+00:00
1777465800000,1.88931,1.89296,1.88797,1.89148,2416.23788858,2026-04-29 12:30:00+00:00
1777467600000,1.89149,1.89278,1.88368,1.88394,8321.43316032,2026-04-29 13:00:00+00:00
1777469400000,1.88443,1.88541,1.87817,1.88468,11385.70099149,2026-04-29 13:30:00+00:00
1777471200000,1.88486,1.88486,1.87722,1.88305,4592.67261429,2026-04-29 14:00:00+00:00
1777473000000,1.88255,1.8862,1.87696,1.87696,4445.94759323,2026-04-29 14:30:00+00:00
1777474800000,1.87695,1.87695,1.86428,1.87219,37158.77881084,2026-04-29 15:00:00+00:00
1777476600000,1.87239,1.87359,1.85843,1.86125,14140.65477998,2026-04-29 15:30:00+00:00
1777478400000,1.86263,1.86794,1.86191,1.86244,3295.6142685,2026-04-29 16:00:00+00:00
1777480200000,1.8631,1.86843,1.85937,1.86396,7109.88321828,2026-04-29 16:30:00+00:00
1777482000000,1.86644,1.87246,1.86484,1.8658,12336.05241583,2026-04-29 17:00:00+00:00
1777483800000,1.86604,1.8679,1.86476,1.86476,1285.07110279,2026-04-29 17:30:00+00:00
1777485600000,1.87038,1.87056,1.84361,1.84661,24396.62850468,2026-04-29 18:00:00+00:00
1777487400000,1.84555,1.85633,1.84555,1.85519,12682.36623223,2026-04-29 18:30:00+00:00
1777489200000,1.85392,1.85772,1.85332,1.85567,2398.5545048,2026-04-29 19:00:00+00:00
1777491000000,1.85338,1.85338,1.85034,1.85215,8515.05593031,2026-04-29 19:30:00+00:00
1777492800000,1.85213,1.86316,1.85213,1.86299,9839.44783865,2026-04-29 20:00:00+00:00
1777494600000,1.86306,1.86737,1.86229,1.86524,6103.97567,2026-04-29 20:30:00+00:00
1777496400000,1.86474,1.87228,1.86474,1.87094,10363.37562951,2026-04-29 21:00:00+00:00
1777498200000,1.87171,1.8785,1.87145,1.87436,3796.78745966,2026-04-29 21:30:00+00:00
1777500000000,1.87229,1.87452,1.87087,1.87443,8514.33917062,2026-04-29 22:00:00+00:00
1777501800000,1.87389,1.87604,1.87327,1.87604,5093.14363576,2026-04-29 22:30:00+00:00
1777503600000,1.87509,1.87527,1.86797,1.87093,8378.31654387,2026-04-29 23:00:00+00:00
1777505400000,1.87168,1.87493,1.87151,1.873,3464.72975404,2026-04-29 23:30:00+00:00
1777507200000,1.8737,1.87609,1.8734,1.87609,12510.26643455,2026-04-30 00:00:00+00:00
1777509000000,1.88,1.89588,1.88,1.89286,9137.56088506,2026-04-30 00:30:00+00:00
1777510800000,1.89252,1.89322,1.88359,1.88545,3893.99804049,2026-04-30 01:00:00+00:00
1777512600000,1.88707,1.89009,1.8866,1.8893,2306.78706009,2026-04-30 01:30:00+00:00
1777514400000,1.88814,1.89027,1.88574,1.88585,3297.52182827,2026-04-30 02:00:00+00:00
1777516200000,1.88408,1.88426,1.87149,1.8793,11970.66759769,2026-04-30 02:30:00+00:00
1777518000000,1.87856,1.87856,1.87525,1.87824,4178.17532022,2026-04-30 03:00:00+00:00
1777519800000,1.87804,1.88041,1.87766,1.88001,4339.43307061,2026-04-30 03:30:00+00:00
1777521600000,1.87707,1.87708,1.86902,1.87177,4173.85819732,2026-04-30 04:00:00+00:00
1777523400000,1.86962,1.86969,1.8636,1.86393,5101.95452461,2026-04-30 04:30:00+00:00
1777525200000,1.86542,1.86879,1.86009,1.86213,3856.36688383,2026-04-30 05:00:00+00:00
1777527000000,1.86581,1.86987,1.86581,1.86702,11999.61795,2026-04-30 05:30:00+00:00
1777528800000,1.86773,1.86791,1.86243,1.86538,1815.78808305,2026-04-30 06:00:00+00:00
1777530600000,1.86775,1.87568,1.86757,1.87219,3452.01422855,2026-04-30 06:30:00+00:00
1777532400000,1.87199,1.87217,1.87065,1.87138,141.94755078,2026-04-30 07:00:00+00:00
1777534200000,1.87473,1.87854,1.87473,1.87854,2027.4361671,2026-04-30 07:30:00+00:00
1777536000000,1.87911,1.88099,1.87756,1.87756,1102.70415,2026-04-30 08:00:00+00:00
1777537800000,1.87801,1.87814,1.87783,1.87795,2144.2538089,2026-04-30 08:30:00+00:00
1777539600000,1.87828,1.87828,1.87672,1.87672,43.56031757,2026-04-30 09:00:00+00:00
1777541400000,1.88491,1.88491,1.87893,1.87921,188.98553759,2026-04-30 09:30:00+00:00
1777543200000,1.87672,1.87804,1.87411,1.87411,890.75695896,2026-04-30 10:00:00+00:00
1777545000000,1.87246,1.8725,1.87096,1.87096,1422.32209136,2026-04-30 10:30:00+00:00
1777546800000,1.87321,1.87811,1.87321,1.87396,2344.81412301,2026-04-30 11:00:00+00:00
1777548600000,1.87426,1.87444,1.8668,1.87097,3406.6279267,2026-04-30 11:30:00+00:00
1777550400000,1.87125,1.87903,1.87125,1.87815,4132.02085207,2026-04-30 12:00:00+00:00
1777552200000,1.87986,1.88114,1.87221,1.87221,6534.02105001,2026-04-30 12:30:00+00:00
1777554000000,1.87295,1.87364,1.86818,1.86988,2810.68943,2026-04-30 13:00:00+00:00
1777555800000,1.8664,1.87779,1.8664,1.87162,8116.02311013,2026-04-30 13:30:00+00:00
1777557600000,1.87123,1.87419,1.85952,1.86094,7125.67905573,2026-04-30 14:00:00+00:00
1777559400000,1.86539,1.87012,1.86483,1.86483,2397.0070898,2026-04-30 14:30:00+00:00
1777561200000,1.86343,1.86606,1.86001,1.86606,3454.36353157,2026-04-30 15:00:00+00:00
1777563000000,1.86693,1.86739,1.85955,1.86482,5513.86899766,2026-04-30 15:30:00+00:00
1777564800000,1.86401,1.86401,1.85925,1.85933,8253.88398062,2026-04-30 16:00:00+00:00
1777566600000,1.85994,1.86152,1.85867,1.85913,1735.84683741,2026-04-30 16:30:00+00:00
1777568400000,1.85944,1.85953,1.85647,1.85666,3956.84911298,2026-04-30 17:00:00+00:00
1777570200000,1.85932,1.86305,1.85818,1.86305,6217.23011692,2026-04-30 17:30:00+00:00
1777572000000,1.86456,1.86533,1.85924,1.86071,2811.7599654,2026-04-30 18:00:00+00:00
1777573800000,1.86075,1.86409,1.85949,1.86155,19900.5344913,2026-04-30 18:30:00+00:00
1777575600000,1.86023,1.86688,1.86023,1.86668,1083.25015078,2026-04-30 19:00:00+00:00
1777577400000,1.86648,1.86724,1.86128,1.86132,6402.42637461,2026-04-30 19:30:00+00:00
1777579200000,1.8623,1.86402,1.85885,1.86182,4416.73650298,2026-04-30 20:00:00+00:00
1777581000000,1.8614,1.86228,1.86139,1.86139,844.5860244,2026-04-30 20:30:00+00:00
1777582800000,1.86163,1.8651,1.86053,1.86056,7797.56795452,2026-04-30 21:00:00+00:00
1777584600000,1.85951,1.86103,1.85686,1.85779,3111.24166006,2026-04-30 21:30:00+00:00
1777586400000,1.856,1.85905,1.85555,1.85786,3096.70517668,2026-04-30 22:00:00+00:00
1777588200000,1.85875,1.85893,1.85283,1.85374,5616.4808004,2026-04-30 22:30:00+00:00
1777590000000,1.85426,1.85561,1.85378,1.85561,3174.03213,2026-04-30 23:00:00+00:00
1777591800000,1.85666,1.85836,1.85617,1.85816,2052.21035413,2026-04-30 23:30:00+00:00
1777593600000,1.8589,1.86448,1.85825,1.861,17359.6310669,2026-05-01 00:00:00+00:00
1777595400000,1.85974,1.86009,1.85342,1.8591,8894.06470494,2026-05-01 00:30:00+00:00
1777597200000,1.86001,1.86707,1.85668,1.85668,14719.71590606,2026-05-01 01:00:00+00:00
1777599000000,1.8565,1.86278,1.85542,1.86237,7781.15879435,2026-05-01 01:30:00+00:00
1777600800000,1.86153,1.8632,1.85802,1.85993,4994.78552403,2026-05-01 02:00:00+00:00
1777602600000,1.86111,1.86135,1.85868,1.85963,868.68137012,2026-05-01 02:30:00+00:00
1777604400000,1.86006,1.87201,1.85857,1.87061,4924.5798769,2026-05-01 03:00:00+00:00
1777606200000,1.87095,1.87107,1.86676,1.868,2454.5571013,2026-05-01 03:30:00+00:00
1777608000000,1.86989,1.87122,1.86742,1.86742,3480.64659,2026-05-01 04:00:00+00:00
1777609800000,1.86755,1.86831,1.86713,1.86713,740.12480106,2026-05-01 04:30:00+00:00
1777611600000,1.86848,1.87217,1.86741,1.86995,358.95251162,2026-05-01 05:00:00+00:00
1777613400000,1.86864,1.86985,1.86864,1.86985,38.04113,2026-05-01 05:30:00+00:00
1777615200000,1.87005,1.87244,1.87005,1.87114,6356.9299322,2026-05-01 06:00:00+00:00
1777617000000,1.86922,1.87054,1.86296,1.86513,813.68710667,2026-05-01 06:30:00+00:00
1777618800000,1.86513,1.86513,1.86513,1.86513,0.0,2026-05-01 07:00:00+00:00
1777620600000,1.8646,1.86645,1.8646,1.86623,567.30173,2026-05-01 07:30:00+00:00
1777622400000,1.86707,1.8725,1.86707,1.8725,5585.51716,2026-05-01 08:00:00+00:00
1777624200000,1.87224,1.87224,1.87038,1.87077,1410.52963,2026-05-01 08:30:00+00:00
1777626000000,1.86964,1.86981,1.86822,1.86822,958.83166429,2026-05-01 09:00:00+00:00
1777627800000,1.86751,1.86754,1.86583,1.86628,1142.26128,2026-05-01 09:30:00+00:00
1777629600000,1.86617,1.86633,1.86173,1.86173,361.57843528,2026-05-01 10:00:00+00:00
1777631400000,1.86571,1.86621,1.86379,1.86621,622.94999608,2026-05-01 10:30:00+00:00
1777633200000,1.86772,1.86905,1.8663,1.8663,3295.49808905,2026-05-01 11:00:00+00:00
1777635000000,1.86713,1.86781,1.86395,1.86781,9239.54436392,2026-05-01 11:30:00+00:00
1777636800000,1.86873,1.87524,1.86808,1.87524,10291.95255087,2026-05-01 12:00:00+00:00
1777638600000,1.87674,1.87897,1.87577,1.8764,9076.15265722,2026-05-01 12:30:00+00:00
1777640400000,1.87548,1.8848,1.87528,1.88249,544.79431116,2026-05-01 13:00:00+00:00
1777642200000,1.88257,1.89683,1.8809,1.89515,7545.39364466,2026-05-01 13:30:00+00:00
1777644000000,1.89368,1.89963,1.88584,1.88698,10825.38601191,2026-05-01 14:00:00+00:00
1777645800000,1.8875,1.89406,1.88639,1.89297,7584.20535461,2026-05-01 14:30:00+00:00
1777647600000,1.89099,1.89731,1.89015,1.89574,3441.79857938,2026-05-01 15:00:00+00:00
1777649400000,1.89522,1.89946,1.8897,1.89368,10163.06598482,2026-05-01 15:30:00+00:00
1777651200000,1.89717,1.8972,1.89076,1.8915,9742.88206545,2026-05-01 16:00:00+00:00
1777653000000,1.89234,1.89364,1.88893,1.88893,4130.62022897,2026-05-01 16:30:00+00:00
1777654800000,1.88922,1.89065,1.88701,1.88937,9946.20573853,2026-05-01 17:00:00+00:00
1777656600000,1.88901,1.89321,1.88901,1.89321,3488.45123005,2026-05-01 17:30:00+00:00
1777658400000,1.89275,1.89484,1.89274,1.89468,1623.035843,2026-05-01 18:00:00+00:00
1777660200000,1.89467,1.89467,1.89157,1.89323,4001.84068945,2026-05-01 18:30:00+00:00
1777662000000,1.89295,1.89597,1.89213,1.89567,3965.50593,2026-05-01 19:00:00+00:00
1777663800000,1.8935,1.89418,1.89151,1.89406,9361.99220938,2026-05-01 19:30:00+00:00
1777665600000,1.89443,1.89502,1.88429,1.88899,5442.54480371,2026-05-01 20:00:00+00:00
1777667400000,1.88859,1.88924,1.87769,1.88067,6031.45021416,2026-05-01 20:30:00+00:00
1777669200000,1.88284,1.8852,1.88192,1.8852,3435.78635504,2026-05-01 21:00:00+00:00
1777671000000,1.88471,1.88763,1.88471,1.88763,1799.63330366,2026-05-01 21:30:00+00:00
1777672800000,1.88872,1.88904,1.88768,1.88885,3586.78917141,2026-05-01 22:00:00+00:00
1777674600000,1.88553,1.88554,1.88169,1.88169,3609.28837456,2026-05-01 22:30:00+00:00
1777676400000,1.87904,1.88289,1.87816,1.87946,3742.07262875,2026-05-01 23:00:00+00:00
1777678200000,1.87991,1.88297,1.87974,1.88169,798.3096,2026-05-01 23:30:00+00:00
1777680000000,1.8853,1.88648,1.88329,1.88631,746.68859501,2026-05-02 00:00:00+00:00
1777681800000,1.88645,1.88986,1.88399,1.88422,9864.32581557,2026-05-02 00:30:00+00:00
1777683600000,1.88339,1.88768,1.88291,1.88524,3981.54798425,2026-05-02 01:00:00+00:00
1777685400000,1.88777,1.88834,1.88244,1.88244,1957.66518,2026-05-02 01:30:00+00:00
1777687200000,1.8818,1.88449,1.8781,1.8827,5856.89010622,2026-05-02 02:00:00+00:00
1777689000000,1.8836,1.88602,1.8836,1.88579,1761.32979,2026-05-02 02:30:00+00:00
1777690800000,1.88498,1.88548,1.8821,1.88548,754.38336,2026-05-02 03:00:00+00:00
1777692600000,1.88643,1.88643,1.88238,1.88365,999.57151,2026-05-02 03:30:00+00:00
1777694400000,1.88459,1.88459,1.8807,1.8807,3103.59404477,2026-05-02 04:00:00+00:00
1777696200000,1.88188,1.88251,1.88091,1.88251,2058.83998257,2026-05-02 04:30:00+00:00
1777698000000,1.88198,1.88216,1.88003,1.88076,382.20080881,2026-05-02 05:00:00+00:00
1777699800000,1.88091,1.88091,1.88079,1.88079,86.15928,2026-05-02 05:30:00+00:00
1777701600000,1.88372,1.88397,1.88355,1.88355,208.94739,2026-05-02 06:00:00+00:00
1777703400000,1.88359,1.88581,1.88355,1.88581,23.82648,2026-05-02 06:30:00+00:00
1777705200000,1.88712,1.88712,1.88296,1.88512,2964.95716605,2026-05-02 07:00:00+00:00
1777707000000,1.88558,1.88667,1.88355,1.88355,346.18413115,2026-05-02 07:30:00+00:00
1777708800000,1.88337,1.88411,1.88307,1.88307,543.15476,2026-05-02 08:00:00+00:00
1777710600000,1.88335,1.88336,1.88236,1.88236,335.55438152,2026-05-02 08:30:00+00:00
1777712400000,1.8826,1.88432,1.8826,1.88432,1085.46596,2026-05-02 09:00:00+00:00
1777714200000,1.88428,1.88628,1.88241,1.88612,1025.59407953,2026-05-02 09:30:00+00:00
1777716000000,1.88552,1.88552,1.88552,1.88552,2.67679,2026-05-02 10:00:00+00:00
1777717800000,1.88662,1.88722,1.88554,1.88722,1475.7845965,2026-05-02 10:30:00+00:00
1777719600000,1.88663,1.88817,1.88577,1.88814,1014.67750802,2026-05-02 11:00:00+00:00
1777721400000,1.89041,1.89072,1.88317,1.88317,6547.75849739,2026-05-02 11:30:00+00:00
1777723200000,1.88435,1.88629,1.88336,1.88629,303.7003,2026-05-02 12:00:00+00:00
1777725000000,1.88452,1.88452,1.88452,1.88452,4.87284,2026-05-02 12:30:00+00:00
1777726800000,1.88721,1.89009,1.88721,1.88998,236.01209,2026-05-02 13:00:00+00:00
1777728600000,1.89063,1.8925,1.8892,1.8925,1694.17168,2026-05-02 13:30:00+00:00
1777730400000,1.89257,1.89312,1.89154,1.89198,293.85770631,2026-05-02 14:00:00+00:00
1777732200000,1.8926,1.89329,1.88979,1.89225,3910.34416944,2026-05-02 14:30:00+00:00
1777734000000,1.89192,1.89532,1.89192,1.89532,9475.88339876,2026-05-02 15:00:00+00:00
1777735800000,1.89351,1.89367,1.8935,1.89351,376.40499206,2026-05-02 15:30:00+00:00
1777737600000,1.89367,1.89488,1.89305,1.89315,1139.28366,2026-05-02 16:00:00+00:00
1777739400000,1.89255,1.89475,1.88992,1.89475,11233.9695238,2026-05-02 16:30:00+00:00
1777741200000,1.89542,1.89643,1.89067,1.89316,9564.03637104,2026-05-02 17:00:00+00:00
1777743000000,1.89426,1.89475,1.89214,1.89214,3045.23638035,2026-05-02 17:30:00+00:00
1777744800000,1.89157,1.89297,1.89054,1.89226,696.04395453,2026-05-02 18:00:00+00:00
1777746600000,1.8944,1.89615,1.8942,1.8951,13809.00247321,2026-05-02 18:30:00+00:00
1777748400000,1.89516,1.89703,1.89516,1.89588,1761.25584494,2026-05-02 19:00:00+00:00
1777750200000,1.89603,1.89687,1.89525,1.89588,1816.68474499,2026-05-02 19:30:00+00:00
1777752000000,1.89677,1.89677,1.89364,1.89527,4514.63227,2026-05-02 20:00:00+00:00
1777753800000,1.89547,1.89674,1.89415,1.89541,7584.6111804,2026-05-02 20:30:00+00:00
1777755600000,1.89438,1.89514,1.89414,1.89514,448.47325019,2026-05-02 21:00:00+00:00
1777757400000,1.89531,1.90117,1.88981,1.89799,11139.76024962,2026-05-02 21:30:00+00:00
1777759200000,1.8951,1.89702,1.89393,1.89393,1950.6952303,2026-05-02 22:00:00+00:00
1777761000000,1.89515,1.90199,1.89515,1.8984,5132.6020338,2026-05-02 22:30:00+00:00
1777762800000,1.89731,1.89757,1.89227,1.89678,4767.16333207,2026-05-02 23:00:00+00:00
1777764600000,1.89826,1.89849,1.89432,1.89451,1496.2486674,2026-05-02 23:30:00+00:00
1777766400000,1.89504,1.89504,1.89034,1.89237,15304.01413607,2026-05-03 00:00:00+00:00
1777768200000,1.89227,1.89308,1.88735,1.88984,1710.86389792,2026-05-03 00:30:00+00:00
1777770000000,1.88641,1.88656,1.88512,1.8865,2535.74065325,2026-05-03 01:00:00+00:00
1777771800000,1.88561,1.88561,1.88208,1.88223,5815.29761404,2026-05-03 01:30:00+00:00
1777773600000,1.88231,1.88265,1.88,1.88044,2025.75974063,2026-05-03 02:00:00+00:00
1777775400000,1.88158,1.88158,1.8803,1.88107,686.60143108,2026-05-03 02:30:00+00:00
1777777200000,1.88114,1.8815,1.88,1.88,11022.6905416,2026-05-03 03:00:00+00:00
1777779000000,1.8817,1.88206,1.88119,1.88206,425.00887,2026-05-03 03:30:00+00:00
1777780800000,1.88022,1.88251,1.88022,1.88251,307.89123,2026-05-03 04:00:00+00:00
1777782600000,1.88248,1.88353,1.88248,1.88251,197.3023229,2026-05-03 04:30:00+00:00
1777784400000,1.88252,1.88349,1.88252,1.8832,192.9269408,2026-05-03 05:00:00+00:00
1777786200000,1.88261,1.88281,1.8825,1.88266,419.79297,2026-05-03 05:30:00+00:00
1777788000000,1.88251,1.88251,1.88229,1.88229,956.36701309,2026-05-03 06:00:00+00:00
1777789800000,1.88087,1.88252,1.88087,1.88252,45.49494503,2026-05-03 06:30:00+00:00
1777791600000,1.88252,1.88252,1.88252,1.88252,0.0,2026-05-03 07:00:00+00:00
1777793400000,1.88645,1.88645,1.88607,1.88607,19.0,2026-05-03 07:30:00+00:00
1777795200000,1.88484,1.88484,1.88484,1.88484,52.01461,2026-05-03 08:00:00+00:00
1777797000000,1.88641,1.88771,1.88641,1.88771,161.2051,2026-05-03 08:30:00+00:00
1777798800000,1.88707,1.88759,1.88627,1.88739,190.60822,2026-05-03 09:00:00+00:00
1777800600000,1.88777,1.89017,1.88777,1.89017,1404.40238,2026-05-03 09:30:00+00:00
1777802400000,1.88871,1.8889,1.88799,1.88799,799.82010582,2026-05-03 10:00:00+00:00
1777804200000,1.88913,1.89012,1.88804,1.8886,627.34275924,2026-05-03 10:30:00+00:00
1777806000000,1.88736,1.89056,1.88736,1.88999,748.4102528,2026-05-03 11:00:00+00:00
1777807800000,1.89111,1.89915,1.89111,1.89915,1374.40647895,2026-05-03 11:30:00+00:00
1777809600000,1.89755,1.90059,1.89755,1.89956,707.28641145,2026-05-03 12:00:00+00:00
1777811400000,1.89875,1.8996,1.89875,1.8996,4313.9526945,2026-05-03 12:30:00+00:00
1777813200000,1.89921,1.90202,1.89629,1.8963,4593.85785363,2026-05-03 13:00:00+00:00
1777815000000,1.89639,1.89805,1.89536,1.89805,1639.40976114,2026-05-03 13:30:00+00:00
1777816800000,1.8969,1.89691,1.89517,1.89559,1189.66576195,2026-05-03 14:00:00+00:00
1777818600000,1.89512,1.89998,1.89442,1.89989,5290.95045278,2026-05-03 14:30:00+00:00
1777820400000,1.90105,1.90105,1.89762,1.89762,3036.48506273,2026-05-03 15:00:00+00:00
1777822200000,1.89888,1.90093,1.89651,1.89761,5073.37826147,2026-05-03 15:30:00+00:00
1777824000000,1.89812,1.89812,1.89573,1.89698,1577.03788,2026-05-03 16:00:00+00:00
1777825800000,1.89748,1.89964,1.89686,1.89686,1518.26759809,2026-05-03 16:30:00+00:00
1777827600000,1.89686,1.89919,1.894,1.89859,7194.42756002,2026-05-03 17:00:00+00:00
1777829400000,1.89845,1.89845,1.89681,1.89681,342.92793,2026-05-03 17:30:00+00:00
1777831200000,1.89728,1.89728,1.89553,1.89658,550.93072,2026-05-03 18:00:00+00:00
1777833000000,1.8963,1.89705,1.89512,1.89578,1811.6096976,2026-05-03 18:30:00+00:00
1777834800000,1.89548,1.89666,1.89537,1.89643,1994.41014697,2026-05-03 19:00:00+00:00
1777836600000,1.89678,1.89821,1.89664,1.89692,5529.57442342,2026-05-03 19:30:00+00:00
1777838400000,1.8966,1.89713,1.89213,1.89636,8217.87146251,2026-05-03 20:00:00+00:00
1777840200000,1.89733,1.90092,1.89381,1.89415,6452.69617297,2026-05-03 20:30:00+00:00
1777842000000,1.89437,1.89696,1.89332,1.89481,4756.57228679,2026-05-03 21:00:00+00:00
1777843800000,1.89421,1.89421,1.88835,1.88927,3462.82412121,2026-05-03 21:30:00+00:00
1777845600000,1.89254,1.90582,1.89254,1.9,2594.36974102,2026-05-03 22:00:00+00:00
1777847400000,1.89787,1.90274,1.89732,1.89948,2854.5524863,2026-05-03 22:30:00+00:00
1777849200000,1.89948,1.90305,1.89709,1.89709,1191.14166409,2026-05-03 23:00:00+00:00
1777851000000,1.88792,1.88797,1.88254,1.88566,4827.31774996,2026-05-03 23:30:00+00:00
1777852800000,1.88411,1.88529,1.88082,1.88088,4324.98311943,2026-05-04 00:00:00+00:00
1777854600000,1.88341,1.88456,1.88021,1.88456,1738.34748998,2026-05-04 00:30:00+00:00
1777856400000,1.8865,1.88686,1.88169,1.88374,4497.24898233,2026-05-04 01:00:00+00:00
1777858200000,1.88593,1.91527,1.88593,1.9089,15761.08937275,2026-05-04 01:30:00+00:00
1777860000000,1.91232,1.91629,1.90583,1.91087,2239.87575361,2026-05-04 02:00:00+00:00
1777861800000,1.91242,1.92095,1.91242,1.91978,2529.51612293,2026-05-04 02:30:00+00:00
1777863600000,1.91601,1.92093,1.91601,1.91655,957.26763771,2026-05-04 03:00:00+00:00
1777865400000,1.91684,1.91964,1.91384,1.91848,9519.32498193,2026-05-04 03:30:00+00:00
1777867200000,1.91999,1.92977,1.91999,1.92609,6686.51684222,2026-05-04 04:00:00+00:00
1777869000000,1.92719,1.9278,1.92329,1.92329,2058.71551759,2026-05-04 04:30:00+00:00
1777870800000,1.92388,1.92388,1.91764,1.91764,586.57567856,2026-05-04 05:00:00+00:00
1777872600000,1.91754,1.92204,1.91754,1.91914,8162.72590334,2026-05-04 05:30:00+00:00
1777874400000,1.91799,1.91827,1.90941,1.90941,2344.52640606,2026-05-04 06:00:00+00:00
1777876200000,1.91041,1.91712,1.91037,1.91712,2743.30822934,2026-05-04 06:30:00+00:00
1777878000000,1.91789,1.92135,1.91788,1.91968,408.89233,2026-05-04 07:00:00+00:00
1777879800000,1.91847,1.91916,1.91738,1.91803,4096.17647418,2026-05-04 07:30:00+00:00
1777881600000,1.91779,1.91849,1.91739,1.91849,95.02732538,2026-05-04 08:00:00+00:00
1777883400000,1.91879,1.91925,1.91615,1.91904,16434.6601913,2026-05-04 08:30:00+00:00
1777885200000,1.92475,1.92495,1.9232,1.9232,460.06991676,2026-05-04 09:00:00+00:00
1777887000000,1.92595,1.93048,1.92595,1.92839,195.03677409,2026-05-04 09:30:00+00:00
1777888800000,1.92639,1.92639,1.88814,1.88949,1386.27748166,2026-05-04 10:00:00+00:00
1777890600000,1.89299,1.90053,1.89299,1.89795,328.83283495,2026-05-04 10:30:00+00:00
1777892400000,1.89827,1.90086,1.8979,1.8979,4231.63228419,2026-05-04 11:00:00+00:00
1777894200000,1.89763,1.89763,1.89643,1.8971,2280.73952,2026-05-04 11:30:00+00:00
1777896000000,1.89711,1.90024,1.8971,1.9,959.29463819,2026-05-04 12:00:00+00:00
1777897800000,1.89889,1.90062,1.89743,1.90035,2990.22084685,2026-05-04 12:30:00+00:00
1777899600000,1.89187,1.89954,1.89187,1.89954,782.12720729,2026-05-04 13:00:00+00:00
1777901400000,1.90198,1.90435,1.89599,1.89599,1822.64510968,2026-05-04 13:30:00+00:00
1777903200000,1.89612,1.90547,1.89171,1.90302,4804.52089541,2026-05-04 14:00:00+00:00
1777905000000,1.90226,1.92248,1.90207,1.91713,3339.39512016,2026-05-04 14:30:00+00:00
1777906800000,1.9168,1.91708,1.90075,1.90566,3213.84732713,2026-05-04 15:00:00+00:00
1777908600000,1.90255,1.90361,1.90033,1.90361,2015.27590601,2026-05-04 15:30:00+00:00
1777910400000,1.90403,1.91152,1.8996,1.91152,3877.75635214,2026-05-04 16:00:00+00:00
1777912200000,1.91103,1.91244,1.9077,1.9077,8435.03025505,2026-05-04 16:30:00+00:00
1777914000000,1.91238,1.91706,1.91229,1.91706,2905.13921555,2026-05-04 17:00:00+00:00
1777915800000,1.91544,1.92012,1.91183,1.92012,1473.23915485,2026-05-04 17:30:00+00:00
1777917600000,1.91751,1.91831,1.9122,1.9122,1126.21489218,2026-05-04 18:00:00+00:00
1777919400000,1.91324,1.91324,1.90912,1.90912,900.83475,2026-05-04 18:30:00+00:00
1777921200000,1.9102,1.9102,1.90322,1.90322,3066.33049359,2026-05-04 19:00:00+00:00
1777923000000,1.90368,1.90512,1.90272,1.90272,1913.50748539,2026-05-04 19:30:00+00:00
1777924800000,1.90357,1.90375,1.89914,1.90076,5200.6114977,2026-05-04 20:00:00+00:00
1777926600000,1.90076,1.90076,1.89691,1.8979,2967.56171686,2026-05-04 20:30:00+00:00
1777928400000,1.89852,1.90363,1.89848,1.90312,3152.87612501,2026-05-04 21:00:00+00:00
1777930200000,1.9036,1.90622,1.90356,1.90604,57036.59438789,2026-05-04 21:30:00+00:00
1777932000000,1.90817,1.90871,1.90457,1.9061,1003.84162791,2026-05-04 22:00:00+00:00
1777933800000,1.90417,1.90473,1.90111,1.90162,8742.1767125,2026-05-04 22:30:00+00:00
1777935600000,1.901,1.901,1.89586,1.89742,5313.09411617,2026-05-04 23:00:00+00:00
1777937400000,1.8987,1.8987,1.89535,1.89676,1031.01417331,2026-05-04 23:30:00+00:00
1777939200000,1.89642,1.89826,1.89504,1.89504,3257.65001,2026-05-05 00:00:00+00:00
1777941000000,1.89909,1.90166,1.8977,1.90075,9348.11165475,2026-05-05 00:30:00+00:00
1777942800000,1.90081,1.90471,1.90062,1.90335,540.401815,2026-05-05 01:00:00+00:00
1777944600000,1.90235,1.90433,1.90126,1.90342,1546.91405,2026-05-05 01:30:00+00:00
1777946400000,1.90383,1.90734,1.90316,1.90696,3031.97927331,2026-05-05 02:00:00+00:00
1777948200000,1.90787,1.91039,1.90731,1.90731,1667.73425253,2026-05-05 02:30:00+00:00
1777950000000,1.90724,1.91269,1.90634,1.91177,646.22754776,2026-05-05 03:00:00+00:00
1777951800000,1.91211,1.91961,1.91079,1.91536,723.3734104,2026-05-05 03:30:00+00:00
1777953600000,1.9145,1.91503,1.9101,1.9101,2742.53724124,2026-05-05 04:00:00+00:00
1777955400000,1.90914,1.91009,1.90753,1.91009,1276.49365583,2026-05-05 04:30:00+00:00
1777957200000,1.90885,1.91236,1.90717,1.91236,3003.7863856,2026-05-05 05:00:00+00:00
1777959000000,1.91058,1.91087,1.90756,1.90903,2363.6973901,2026-05-05 05:30:00+00:00
1777960800000,1.909,1.91087,1.90791,1.90858,2873.26426537,2026-05-05 06:00:00+00:00
1777962600000,1.90789,1.91448,1.90789,1.91448,1692.95082679,2026-05-05 06:30:00+00:00
1777964400000,1.91681,1.91681,1.91026,1.91299,5770.03397924,2026-05-05 07:00:00+00:00
1777966200000,1.91299,1.91299,1.91299,1.91299,0.0,2026-05-05 07:30:00+00:00
1777968000000,1.91685,1.91689,1.91685,1.91689,510.20009,2026-05-05 08:00:00+00:00
1777969800000,1.91754,1.91754,1.91613,1.91683,141.86355798,2026-05-05 08:30:00+00:00
1777971600000,1.91683,1.91683,1.91683,1.91683,0.0,2026-05-05 09:00:00+00:00
1777973400000,1.91084,1.91085,1.91063,1.91063,123.90972721,2026-05-05 09:30:00+00:00
1777975200000,1.91063,1.91063,1.91063,1.91063,0.0,2026-05-05 10:00:00+00:00
1777977000000,1.91445,1.91448,1.9132,1.9132,234.46715914,2026-05-05 10:30:00+00:00
1777978800000,1.9138,1.9138,1.91161,1.91161,2990.96141357,2026-05-05 11:00:00+00:00
1777980600000,1.91266,1.91536,1.91263,1.91534,1160.74554,2026-05-05 11:30:00+00:00
1777982400000,1.91538,1.9184,1.91538,1.91839,604.92177301,2026-05-05 12:00:00+00:00
1777984200000,1.9184,1.92564,1.9184,1.92532,1603.83845274,2026-05-05 12:30:00+00:00
1777986000000,1.92455,1.93261,1.92455,1.92528,4381.96080002,2026-05-05 13:00:00+00:00
1777987800000,1.92528,1.92716,1.92203,1.92203,222.91616608,2026-05-05 13:30:00+00:00
1777989600000,1.92215,1.92409,1.91244,1.91675,10028.08953607,2026-05-05 14:00:00+00:00
1777991400000,1.91949,1.92109,1.91328,1.92085,505.65467566,2026-05-05 14:30:00+00:00
1777993200000,1.92132,1.92562,1.92132,1.92515,1579.36287782,2026-05-05 15:00:00+00:00
1777995000000,1.92557,1.92674,1.92166,1.92177,1967.37121056,2026-05-05 15:30:00+00:00
1777996800000,1.92195,1.92593,1.92063,1.92169,2867.63133233,2026-05-05 16:00:00+00:00
1777998600000,1.9199,1.92001,1.91291,1.91865,3530.78397,2026-05-05 16:30:00+00:00
1778000400000,1.91807,1.91984,1.91382,1.91969,2595.93406675,2026-05-05 17:00:00+00:00
1778002200000,1.918,1.91832,1.9162,1.91832,175.20089586,2026-05-05 17:30:00+00:00
1778004000000,1.91804,1.92321,1.91769,1.92047,934.90704874,2026-05-05 18:00:00+00:00
1778005800000,1.92079,1.9218,1.91474,1.91474,26235.78193,2026-05-05 18:30:00+00:00
1778007600000,1.91978,1.92165,1.91838,1.92165,1510.14708292,2026-05-05 19:00:00+00:00
1778009400000,1.92134,1.92427,1.92134,1.92295,12038.72939847,2026-05-05 19:30:00+00:00
1778011200000,1.92453,1.92716,1.92413,1.92492,1786.02419842,2026-05-05 20:00:00+00:00
1778013000000,1.92638,1.93054,1.92638,1.92866,1087.80710591,2026-05-05 20:30:00+00:00
1778014800000,1.92867,1.93499,1.92791,1.92942,8299.79619842,2026-05-05 21:00:00+00:00
1778016600000,1.92742,1.92941,1.92488,1.92941,2190.8567958,2026-05-05 21:30:00+00:00
1778018400000,1.93057,1.93474,1.92902,1.93233,5300.91971805,2026-05-05 22:00:00+00:00
1778020200000,1.92653,1.92806,1.91842,1.92704,18955.94264376,2026-05-05 22:30:00+00:00
1778022000000,1.92514,1.92907,1.92078,1.92078,14807.0156382,2026-05-05 23:00:00+00:00
1778023800000,1.92088,1.92323,1.9181,1.92323,2976.87529472,2026-05-05 23:30:00+00:00
1778025600000,1.92333,1.92452,1.91857,1.91876,4363.02259344,2026-05-06 00:00:00+00:00
1778027400000,1.91831,1.91955,1.91536,1.91904,2480.44657393,2026-05-06 00:30:00+00:00
1778029200000,1.918,1.92779,1.918,1.92632,2934.34601205,2026-05-06 01:00:00+00:00
1778031000000,1.92726,1.92856,1.92556,1.92852,1044.55691722,2026-05-06 01:30:00+00:00
1778032800000,1.92597,1.92728,1.92192,1.92192,14274.68187646,2026-05-06 02:00:00+00:00
1778034600000,1.92193,1.92691,1.91859,1.92691,1704.18805549,2026-05-06 02:30:00+00:00
1778036400000,1.93019,1.93091,1.92744,1.93062,2252.0826942,2026-05-06 03:00:00+00:00
1778038200000,1.93062,1.9355,1.93061,1.93455,26647.55707564,2026-05-06 03:30:00+00:00
1778040000000,1.9346,1.935,1.9316,1.9316,2829.85009843,2026-05-06 04:00:00+00:00
1778041800000,1.93061,1.93623,1.92803,1.92823,4116.16013053,2026-05-06 04:30:00+00:00
1778043600000,1.92806,1.92806,1.92448,1.92732,4394.76501119,2026-05-06 05:00:00+00:00
1778045400000,1.92746,1.93372,1.92377,1.93161,9444.8404291,2026-05-06 05:30:00+00:00
1778047200000,1.9375,1.93868,1.93283,1.93727,2471.10235185,2026-05-06 06:00:00+00:00
1778049000000,1.93635,1.93967,1.93635,1.93763,1096.81452726,2026-05-06 06:30:00+00:00
1778050800000,1.93871,1.94845,1.93622,1.94761,47998.84853752,2026-05-06 07:00:00+00:00
1778052600000,1.94619,1.95143,1.94455,1.94681,1716.71797444,2026-05-06 07:30:00+00:00
1778054400000,1.94538,1.94954,1.94538,1.9463,1112.85758,2026-05-06 08:00:00+00:00
1778056200000,1.9475,1.95958,1.9475,1.95943,2812.94825871,2026-05-06 08:30:00+00:00
1778058000000,1.9599,1.96141,1.95608,1.95676,2985.06261641,2026-05-06 09:00:00+00:00
1778059800000,1.95812,1.97091,1.95771,1.97091,6072.66317247,2026-05-06 09:30:00+00:00
1778061600000,1.97052,1.97419,1.96815,1.97419,2077.87168819,2026-05-06 10:00:00+00:00
1778063400000,1.97258,1.97451,1.96615,1.97451,22885.57663928,2026-05-06 10:30:00+00:00
1778065200000,1.97241,1.97999,1.97241,1.9784,6243.38262405,2026-05-06 11:00:00+00:00
1778067000000,1.97788,1.97827,1.97292,1.97363,3192.89638712,2026-05-06 11:30:00+00:00
1778068800000,1.97364,1.97364,1.96841,1.9717,4505.19372577,2026-05-06 12:00:00+00:00
1778070600000,1.97057,1.97315,1.96801,1.96801,5834.07751418,2026-05-06 12:30:00+00:00
1778072400000,1.968,1.968,1.93995,1.94154,23729.64594614,2026-05-06 13:00:00+00:00
1778074200000,1.9414,1.94576,1.93295,1.93806,7528.30585482,2026-05-06 13:30:00+00:00
1778076000000,1.9365,1.93869,1.92757,1.93869,4996.85939974,2026-05-06 14:00:00+00:00
1778077800000,1.94054,1.94707,1.93959,1.93959,16269.823686,2026-05-06 14:30:00+00:00
1778079600000,1.94051,1.94815,1.93978,1.94736,346.0494057,2026-05-06 15:00:00+00:00
1778081400000,1.94708,1.95165,1.94303,1.95055,5723.26533659,2026-05-06 15:30:00+00:00
1778083200000,1.94951,1.95443,1.94531,1.94531,10702.49753935,2026-05-06 16:00:00+00:00
1778085000000,1.94393,1.95255,1.94063,1.95008,6651.99452758,2026-05-06 16:30:00+00:00
1778086800000,1.94976,1.95072,1.94581,1.94819,15653.0989135,2026-05-06 17:00:00+00:00
1778088600000,1.94752,1.95035,1.94444,1.94536,2116.79354,2026-05-06 17:30:00+00:00
1778090400000,1.94636,1.94665,1.93648,1.94481,7166.01852118,2026-05-06 18:00:00+00:00
1778092200000,1.94132,1.94454,1.94089,1.9426,6450.45190274,2026-05-06 18:30:00+00:00
1778094000000,1.94172,1.94635,1.94143,1.94335,5132.89618,2026-05-06 19:00:00+00:00
1778095800000,1.94363,1.94835,1.94277,1.94835,4126.32061,2026-05-06 19:30:00+00:00
1778097600000,1.94847,1.94929,1.94606,1.94627,7123.93693195,2026-05-06 20:00:00+00:00
1778099400000,1.94573,1.94573,1.93922,1.94278,1096.00734197,2026-05-06 20:30:00+00:00
1778101200000,1.94278,1.94454,1.94148,1.94437,656.46056,2026-05-06 21:00:00+00:00
1778103000000,1.94468,1.94911,1.94468,1.94693,5398.08066494,2026-05-06 21:30:00+00:00
1778104800000,1.94661,1.94661,1.94033,1.94033,2183.58463858,2026-05-06 22:00:00+00:00
1778106600000,1.94235,1.94244,1.93939,1.93939,1812.82028004,2026-05-06 22:30:00+00:00
1778108400000,1.93803,1.94184,1.9312,1.94184,4063.37095145,2026-05-06 23:00:00+00:00
1778110200000,1.94177,1.94455,1.94177,1.94454,849.60907138,2026-05-06 23:30:00+00:00
1778112000000,1.94423,1.94455,1.93772,1.93772,6964.36758041,2026-05-07 00:00:00+00:00
1778113800000,1.93775,1.93817,1.93329,1.93387,14493.85203736,2026-05-07 00:30:00+00:00
1778115600000,1.93417,1.9353,1.92899,1.93346,2091.24837226,2026-05-07 01:00:00+00:00
1778117400000,1.93195,1.9345,1.92994,1.92994,2860.00861448,2026-05-07 01:30:00+00:00
1778119200000,1.93015,1.93015,1.92317,1.92656,10251.34505463,2026-05-07 02:00:00+00:00
1778121000000,1.92615,1.92954,1.92615,1.92721,3626.61374521,2026-05-07 02:30:00+00:00
1778122800000,1.92597,1.92611,1.91713,1.91858,2423.03649208,2026-05-07 03:00:00+00:00
1778124600000,1.91848,1.92116,1.9166,1.91848,1259.32835829,2026-05-07 03:30:00+00:00
1778126400000,1.91804,1.92347,1.91729,1.92246,11016.38661183,2026-05-07 04:00:00+00:00
1778128200000,1.92219,1.92283,1.92044,1.92234,2352.77582718,2026-05-07 04:30:00+00:00
1778130000000,1.92089,1.9292,1.92089,1.9253,1539.16842,2026-05-07 05:00:00+00:00
1778131800000,1.92974,1.92974,1.92532,1.92532,1349.16334616,2026-05-07 05:30:00+00:00
1778133600000,1.92219,1.92326,1.91777,1.92326,5204.76122102,2026-05-07 06:00:00+00:00
1778135400000,1.92952,1.93239,1.92936,1.93239,3041.82346,2026-05-07 06:30:00+00:00
1778137200000,1.93296,1.93679,1.93296,1.93678,10.97031813,2026-05-07 07:00:00+00:00
1778139000000,1.93681,1.93837,1.93554,1.93556,28564.98467357,2026-05-07 07:30:00+00:00
1778140800000,1.93567,1.93627,1.93148,1.93148,1245.21347328,2026-05-07 08:00:00+00:00
1778142600000,1.93264,1.93268,1.9309,1.93156,889.12867879,2026-05-07 08:30:00+00:00
1778144400000,1.92976,1.92987,1.92909,1.9291,336.5237,2026-05-07 09:00:00+00:00
1778146200000,1.92647,1.92723,1.92335,1.92463,2394.57845,2026-05-07 09:30:00+00:00
1778148000000,1.92431,1.92686,1.91773,1.91773,2578.92824876,2026-05-07 10:00:00+00:00
1778149800000,1.92009,1.92186,1.92009,1.92186,179.63937,2026-05-07 10:30:00+00:00
1778151600000,1.92393,1.92632,1.92346,1.92632,863.36656961,2026-05-07 11:00:00+00:00
1778153400000,1.92542,1.92627,1.92251,1.92389,4163.21861,2026-05-07 11:30:00+00:00
1778155200000,1.92328,1.92766,1.9227,1.92449,3477.16741442,2026-05-07 12:00:00+00:00
1778157000000,1.92802,1.93005,1.92663,1.93005,3747.50244941,2026-05-07 12:30:00+00:00
1778158800000,1.92895,1.92895,1.92401,1.92426,114.17201695,2026-05-07 13:00:00+00:00
1778160600000,1.92297,1.92327,1.90744,1.91216,11246.74222123,2026-05-07 13:30:00+00:00
1778162400000,1.91221,1.9149,1.90782,1.90782,21836.96276265,2026-05-07 14:00:00+00:00
1778164200000,1.90622,1.90622,1.89976,1.90139,9971.07260548,2026-05-07 14:30:00+00:00
1778166000000,1.90086,1.90238,1.89027,1.89283,6191.71741798,2026-05-07 15:00:00+00:00
1778167800000,1.89486,1.90236,1.89486,1.8976,14407.36231804,2026-05-07 15:30:00+00:00
1778169600000,1.89807,1.89987,1.89369,1.89962,7668.24577129,2026-05-07 16:00:00+00:00
1778171400000,1.89863,1.89869,1.89487,1.89537,4467.81188827,2026-05-07 16:30:00+00:00
1778173200000,1.89495,1.89883,1.89,1.89392,5512.42689108,2026-05-07 17:00:00+00:00
1778175000000,1.89324,1.89842,1.89175,1.89824,4785.62402378,2026-05-07 17:30:00+00:00
1778176800000,1.90189,1.90581,1.90044,1.90581,3183.5405712,2026-05-07 18:00:00+00:00
1778178600000,1.90512,1.90531,1.89714,1.90142,7273.90365123,2026-05-07 18:30:00+00:00
1778180400000,1.90063,1.90072,1.89218,1.8922,8317.50482837,2026-05-07 19:00:00+00:00
1778182200000,1.89236,1.89729,1.89189,1.89482,5821.15061917,2026-05-07 19:30:00+00:00
1778184000000,1.89391,1.90062,1.89384,1.89968,6306.55213335,2026-05-07 20:00:00+00:00
1778185800000,1.8991,1.8991,1.88885,1.88885,61818.71986928,2026-05-07 20:30:00+00:00
1778187600000,1.89162,1.89538,1.88697,1.89492,1257.60284,2026-05-07 21:00:00+00:00
1778189400000,1.89496,1.89596,1.89026,1.8927,7176.76513128,2026-05-07 21:30:00+00:00
1778191200000,1.89301,1.89562,1.88928,1.89505,3115.81752529,2026-05-07 22:00:00+00:00
1778193000000,1.89512,1.89537,1.89132,1.89444,3229.28591443,2026-05-07 22:30:00+00:00
1778194800000,1.8955,1.89664,1.89462,1.89498,3227.00541211,2026-05-07 23:00:00+00:00
1778196600000,1.89533,1.89748,1.89481,1.89741,3269.57237,2026-05-07 23:30:00+00:00
1778198400000,1.89678,1.89912,1.89573,1.89781,1586.23063215,2026-05-08 00:00:00+00:00
1778200200000,1.89737,1.89738,1.89265,1.89265,4326.23573034,2026-05-08 00:30:00+00:00
1778202000000,1.8949,1.8949,1.88838,1.8907,1994.78733294,2026-05-08 01:00:00+00:00
1778203800000,1.89231,1.89423,1.89171,1.8933,4522.92929,2026-05-08 01:30:00+00:00
1778205600000,1.89051,1.89101,1.88621,1.88921,2625.64068766,2026-05-08 02:00:00+00:00
1778207400000,1.89037,1.89313,1.89037,1.89086,1579.12140333,2026-05-08 02:30:00+00:00
1778209200000,1.88844,1.8929,1.88622,1.89253,3893.82911829,2026-05-08 03:00:00+00:00
1778211000000,1.89353,1.89512,1.89353,1.89382,229.9647202,2026-05-08 03:30:00+00:00
1778212800000,1.89356,1.89548,1.89355,1.89481,4652.40038959,2026-05-08 04:00:00+00:00
1778214600000,1.89418,1.89439,1.89178,1.89439,2243.61658519,2026-05-08 04:30:00+00:00
1778216400000,1.89426,1.89452,1.89301,1.89392,667.75620114,2026-05-08 05:00:00+00:00
1778218200000,1.89442,1.89571,1.89073,1.89073,3871.74911821,2026-05-08 05:30:00+00:00
1778220000000,1.89002,1.8902,1.88246,1.88313,2106.3709718,2026-05-08 06:00:00+00:00
1778221800000,1.88313,1.88691,1.88277,1.88685,2231.68709291,2026-05-08 06:30:00+00:00
1778223600000,1.88506,1.88949,1.88442,1.88521,3633.75003124,2026-05-08 07:00:00+00:00
1778225400000,1.88889,1.89074,1.88889,1.89056,1340.98569645,2026-05-08 07:30:00+00:00
1778227200000,1.89,1.89409,1.89,1.89397,6436.66793239,2026-05-08 08:00:00+00:00
1778229000000,1.89788,1.89926,1.89627,1.89926,10681.31500859,2026-05-08 08:30:00+00:00
1778230800000,1.89555,1.89894,1.89555,1.89894,528.49881592,2026-05-08 09:00:00+00:00
1778232600000,1.89873,1.89891,1.89278,1.89395,6248.07554465,2026-05-08 09:30:00+00:00
1778234400000,1.89487,1.89556,1.89146,1.89258,1240.65759539,2026-05-08 10:00:00+00:00
1778236200000,1.89614,1.8996,1.89614,1.8996,1130.54065941,2026-05-08 10:30:00+00:00
1778238000000,1.9,1.90254,1.89931,1.90068,3149.67654301,2026-05-08 11:00:00+00:00
1778239800000,1.89985,1.90024,1.89813,1.90004,1053.12094,2026-05-08 11:30:00+00:00
1778241600000,1.89995,1.90184,1.89993,1.90043,1354.0930991,2026-05-08 12:00:00+00:00
1778243400000,1.90441,1.90715,1.90001,1.90037,11972.65244173,2026-05-08 12:30:00+00:00
1778245200000,1.90159,1.90181,1.89706,1.89706,6161.91949415,2026-05-08 13:00:00+00:00
1778247000000,1.89767,1.90174,1.89689,1.90174,4638.38594149,2026-05-08 13:30:00+00:00
1778248800000,1.90456,1.91346,1.90328,1.91044,2822.04525461,2026-05-08 14:00:00+00:00
1778250600000,1.90758,1.91231,1.9067,1.90695,2510.72682546,2026-05-08 14:30:00+00:00
1778252400000,1.90809,1.90828,1.9,1.90002,1680.93016793,2026-05-08 15:00:00+00:00
1778254200000,1.90007,1.90949,1.89972,1.90927,1670.43386,2026-05-08 15:30:00+00:00
1778256000000,1.91211,1.91211,1.90744,1.91177,2302.93389765,2026-05-08 16:00:00+00:00
1778257800000,1.90933,1.91056,1.9081,1.9103,4762.77194891,2026-05-08 16:30:00+00:00
1778259600000,1.90969,1.9185,1.90934,1.9182,20511.5177992,2026-05-08 17:00:00+00:00
1778261400000,1.91831,1.93083,1.91831,1.93083,28371.03292439,2026-05-08 17:30:00+00:00
1778263200000,1.93248,1.946,1.93069,1.946,19245.945152,2026-05-08 18:00:00+00:00
1778265000000,1.94336,1.94927,1.94258,1.94258,2980.2831294,2026-05-08 18:30:00+00:00
1778266800000,1.94178,1.95,1.94044,1.94838,14703.0468816,2026-05-08 19:00:00+00:00
1778268600000,1.94721,1.94795,1.93928,1.94016,8521.74337036,2026-05-08 19:30:00+00:00
1778270400000,1.94184,1.94184,1.93127,1.93561,25775.74080459,2026-05-08 20:00:00+00:00
1778272200000,1.93388,1.93713,1.92822,1.92994,17483.76216284,2026-05-08 20:30:00+00:00
1778274000000,1.9326,1.93776,1.9326,1.93646,3269.35914608,2026-05-08 21:00:00+00:00
1778275800000,1.93732,1.94376,1.93732,1.94352,8612.651093,2026-05-08 21:30:00+00:00
1778277600000,1.94551,1.9475,1.94203,1.94203,10460.30093263,2026-05-08 22:00:00+00:00
1778279400000,1.94062,1.94206,1.93977,1.94094,2214.66131875,2026-05-08 22:30:00+00:00
1778281200000,1.94052,1.94143,1.93944,1.94047,2870.36069588,2026-05-08 23:00:00+00:00
1778283000000,1.93945,1.9424,1.93921,1.94144,599.48071499,2026-05-08 23:30:00+00:00
1778284800000,1.9424,1.94432,1.94154,1.94346,1988.7482047,2026-05-09 00:00:00+00:00
1778286600000,1.94541,1.94951,1.94509,1.94931,39971.07512349,2026-05-09 00:30:00+00:00
1778288400000,1.94976,1.95685,1.94966,1.95195,5852.72740015,2026-05-09 01:00:00+00:00
1778290200000,1.95649,1.96414,1.95649,1.9624,6094.13222676,2026-05-09 01:30:00+00:00
1778292000000,1.96073,1.96283,1.95651,1.95651,1478.53362202,2026-05-09 02:00:00+00:00
1778293800000,1.95782,1.95831,1.9549,1.958,4336.48714165,2026-05-09 02:30:00+00:00
1778295600000,1.958,1.96067,1.958,1.96033,3681.62517965,2026-05-09 03:00:00+00:00
1778297400000,1.95867,1.95867,1.95,1.95505,27916.45643005,2026-05-09 03:30:00+00:00
1778299200000,1.95728,1.96151,1.95728,1.95834,5359.2679266,2026-05-09 04:00:00+00:00
1778301000000,1.95833,1.95952,1.94697,1.95882,71912.80495085,2026-05-09 04:30:00+00:00
1778302800000,1.95148,1.9583,1.95148,1.95676,6577.27857774,2026-05-09 05:00:00+00:00
1778304600000,1.95604,1.95604,1.95237,1.95237,144.06697,2026-05-09 05:30:00+00:00
1778306400000,1.95162,1.95162,1.94757,1.94936,6210.44608334,2026-05-09 06:00:00+00:00
1778308200000,1.95143,1.95143,1.95142,1.95142,232.33870795,2026-05-09 06:30:00+00:00
1778310000000,1.95353,1.95353,1.95044,1.95132,6607.34196193,2026-05-09 07:00:00+00:00
1778311800000,1.94968,1.95165,1.94906,1.95165,3266.49032408,2026-05-09 07:30:00+00:00
1778313600000,1.9485,1.95054,1.94806,1.94828,5476.4258998,2026-05-09 08:00:00+00:00
1778315400000,1.94829,1.9493,1.94822,1.94923,5098.27767602,2026-05-09 08:30:00+00:00
1778317200000,1.94922,1.94962,1.94327,1.94327,3196.81052282,2026-05-09 09:00:00+00:00
1778319000000,1.94517,1.94517,1.93902,1.93902,9807.49309634,2026-05-09 09:30:00+00:00
1778320800000,1.94228,1.94286,1.94044,1.94116,1741.166,2026-05-09 10:00:00+00:00
1778322600000,1.94307,1.94643,1.94307,1.94389,2164.09652,2026-05-09 10:30:00+00:00
1778324400000,1.94463,1.94612,1.94463,1.94526,1102.38520121,2026-05-09 11:00:00+00:00
1778326200000,1.94663,1.94663,1.94506,1.94622,180.04284246,2026-05-09 11:30:00+00:00
1778328000000,1.94637,1.94637,1.9415,1.9449,2522.79732,2026-05-09 12:00:00+00:00
1778329800000,1.94382,1.94513,1.94382,1.94513,108.45383,2026-05-09 12:30:00+00:00
1778331600000,1.94382,1.94382,1.93933,1.94058,3804.61052145,2026-05-09 13:00:00+00:00
1778333400000,1.94094,1.94223,1.93901,1.94223,1434.08494368,2026-05-09 13:30:00+00:00
1778335200000,1.94299,1.94453,1.94023,1.94023,1880.93435217,2026-05-09 14:00:00+00:00
1778337000000,1.93975,1.94048,1.93699,1.93731,4098.78336756,2026-05-09 14:30:00+00:00
1778338800000,1.93727,1.93783,1.93278,1.93594,719.91841019,2026-05-09 15:00:00+00:00
1778340600000,1.93756,1.93757,1.93509,1.93509,418.92409,2026-05-09 15:30:00+00:00
1778342400000,1.93503,1.94311,1.93301,1.93994,5175.37795964,2026-05-09 16:00:00+00:00
1778344200000,1.93982,1.94123,1.93814,1.93985,4703.6022832,2026-05-09 16:30:00+00:00
1778346000000,1.93981,1.94713,1.93981,1.94708,9752.13691788,2026-05-09 17:00:00+00:00
1778347800000,1.94773,1.94888,1.94571,1.94571,11383.61271328,2026-05-09 17:30:00+00:00
1778349600000,1.94665,1.95051,1.94602,1.95051,1417.04924805,2026-05-09 18:00:00+00:00
1778351400000,1.94825,1.94835,1.94581,1.94601,1114.10150146,2026-05-09 18:30:00+00:00
1778353200000,1.94723,1.94723,1.94598,1.94598,1139.25792,2026-05-09 19:00:00+00:00
1778355000000,1.94789,1.94933,1.94753,1.94925,4536.7989428,2026-05-09 19:30:00+00:00
1778356800000,1.94954,1.94954,1.94614,1.9462,3622.47178318,2026-05-09 20:00:00+00:00
1778358600000,1.94624,1.94624,1.94502,1.94577,1901.43688571,2026-05-09 20:30:00+00:00
1778360400000,1.94557,1.94788,1.94542,1.94748,5371.01390852,2026-05-09 21:00:00+00:00
1778362200000,1.9474,1.9474,1.94534,1.94641,15068.80107904,2026-05-09 21:30:00+00:00
1778364000000,1.9461,1.94832,1.9461,1.94832,589.44151168,2026-05-09 22:00:00+00:00
1778365800000,1.94775,1.94945,1.94659,1.94851,839.94820111,2026-05-09 22:30:00+00:00
1778367600000,1.94993,1.95019,1.94339,1.94485,8634.34230353,2026-05-09 23:00:00+00:00
1778369400000,1.9443,1.94513,1.94256,1.94444,651.76776474,2026-05-09 23:30:00+00:00
1778371200000,1.94485,1.94532,1.94396,1.94488,1535.19761003,2026-05-10 00:00:00+00:00
1778373000000,1.94522,1.94522,1.93794,1.93794,5092.27024539,2026-05-10 00:30:00+00:00
1778374800000,1.93845,1.93863,1.93324,1.93324,929.57861168,2026-05-10 01:00:00+00:00
1778376600000,1.93443,1.9367,1.93298,1.93639,2258.73699,2026-05-10 01:30:00+00:00
1778378400000,1.93637,1.94498,1.93624,1.94498,1387.97032422,2026-05-10 02:00:00+00:00
1778380200000,1.94458,1.94458,1.93939,1.94078,3145.05486207,2026-05-10 02:30:00+00:00
1778382000000,1.94118,1.94202,1.93791,1.93944,10206.19299372,2026-05-10 03:00:00+00:00
1778383800000,1.939,1.94197,1.939,1.94128,662.51791847,2026-05-10 03:30:00+00:00
1778385600000,1.93905,1.93915,1.93901,1.93915,903.75426,2026-05-10 04:00:00+00:00
1778387400000,1.94205,1.94262,1.94205,1.94211,1006.99546,2026-05-10 04:30:00+00:00
1778389200000,1.94134,1.94355,1.93966,1.94355,1955.32501,2026-05-10 05:00:00+00:00
1778391000000,1.94318,1.94318,1.94234,1.94234,1256.46264214,2026-05-10 05:30:00+00:00
1778392800000,1.94233,1.94233,1.93938,1.93938,1338.66652017,2026-05-10 06:00:00+00:00
1778394600000,1.94075,1.9417,1.94059,1.94126,1689.28074677,2026-05-10 06:30:00+00:00
1778396400000,1.94425,1.94425,1.94254,1.94254,67.63209,2026-05-10 07:00:00+00:00
1778398200000,1.94432,1.94502,1.94432,1.94452,1499.40961,2026-05-10 07:30:00+00:00
1778400000000,1.94454,1.94781,1.94454,1.94781,35.92399508,2026-05-10 08:00:00+00:00
1778401800000,1.95094,1.95258,1.95063,1.95258,108.33563,2026-05-10 08:30:00+00:00
1778403600000,1.95498,1.955,1.95269,1.95269,654.56863,2026-05-10 09:00:00+00:00
1778405400000,1.95017,1.95086,1.95017,1.95086,1776.12756015,2026-05-10 09:30:00+00:00
1778407200000,1.955,1.95803,1.95168,1.95357,4165.58365977,2026-05-10 10:00:00+00:00
1778409000000,1.953,1.95448,1.95207,1.95445,3886.04843171,2026-05-10 10:30:00+00:00
1778410800000,1.95049,1.95112,1.94327,1.94415,372.31115,2026-05-10 11:00:00+00:00
1778412600000,1.94724,1.94898,1.94724,1.94898,1659.81253927,2026-05-10 11:30:00+00:00
1778414400000,1.94914,1.94914,1.94727,1.94757,188.81931,2026-05-10 12:00:00+00:00
1778416200000,1.94865,1.94872,1.94727,1.94786,590.47670702,2026-05-10 12:30:00+00:00
1778418000000,1.95016,1.96,1.9494,1.96,23214.85176137,2026-05-10 13:00:00+00:00
1778419800000,1.95925,1.96248,1.95905,1.95905,6720.37686367,2026-05-10 13:30:00+00:00
1778421600000,1.95903,1.96064,1.95818,1.95818,313.5709,2026-05-10 14:00:00+00:00
1778423400000,1.95916,1.96619,1.95916,1.96376,5426.62355372,2026-05-10 14:30:00+00:00
1778425200000,1.96452,1.96627,1.9633,1.96627,2549.91272719,2026-05-10 15:00:00+00:00
1778427000000,1.9657,1.97737,1.9657,1.97542,6393.01272222,2026-05-10 15:30:00+00:00
1778428800000,1.97637,2.01339,1.975,2.00971,53000.09326078,2026-05-10 16:00:00+00:00
1778430600000,2.01144,2.0233,2.01135,2.01549,35914.40365309,2026-05-10 16:30:00+00:00
1778432400000,2.01761,2.04989,2.01761,2.04958,10335.77277639,2026-05-10 17:00:00+00:00
1778434200000,2.04911,2.06417,2.039,2.0573,14491.89530044,2026-05-10 17:30:00+00:00
1778436000000,2.05906,2.06024,2.04523,2.05165,23842.4057686,2026-05-10 18:00:00+00:00
1778437800000,2.05226,2.0527,2.03175,2.03272,28295.0360974,2026-05-10 18:30:00+00:00
1778439600000,2.02957,2.03612,2.01851,2.0341,67784.38375759,2026-05-10 19:00:00+00:00
1778441400000,2.0362,2.03938,2.02843,2.03077,25368.11084387,2026-05-10 19:30:00+00:00
1778443200000,2.03494,2.03866,2.01594,2.01702,26461.96022136,2026-05-10 20:00:00+00:00
1778445000000,2.01605,2.0162,1.96881,1.98437,47001.57543855,2026-05-10 20:30:00+00:00
1778446800000,1.98557,1.9958,1.97659,1.9958,70765.41979126,2026-05-10 21:00:00+00:00
1778448600000,1.9968,2.00479,1.99088,1.99088,11521.07716155,2026-05-10 21:30:00+00:00
1778450400000,1.99208,2.0122,1.99207,2.0122,28731.5478756,2026-05-10 22:00:00+00:00
1778452200000,2.00635,2.01891,2.00635,2.01746,3121.55877573,2026-05-10 22:30:00+00:00
1778454000000,2.02114,2.02114,2.01325,2.01728,10626.24988156,2026-05-10 23:00:00+00:00
1778455800000,2.0214,2.0214,2.01464,2.01686,29592.22576864,2026-05-10 23:30:00+00:00
1778457600000,2.01779,2.02443,2.0003,2.00449,22737.06043111,2026-05-11 00:00:00+00:00
1778459400000,1.99983,2.0082,1.98995,1.99134,20670.71153225,2026-05-11 00:30:00+00:00
1778461200000,1.99085,2.00922,1.98762,2.00867,9736.73594458,2026-05-11 01:00:00+00:00
1778463000000,2.00408,2.00408,1.99677,1.99983,8046.1157678,2026-05-11 01:30:00+00:00
1778464800000,1.9998,1.9998,1.98713,1.9887,5359.23080444,2026-05-11 02:00:00+00:00
1778466600000,1.98525,1.99159,1.98525,1.99032,34959.89717261,2026-05-11 02:30:00+00:00
1778468400000,1.98718,1.98718,1.97328,1.97665,5483.74220009,2026-05-11 03:00:00+00:00
1778470200000,1.97606,1.98327,1.97118,1.98327,6850.91870752,2026-05-11 03:30:00+00:00
1778472000000,1.98154,1.98426,1.97938,1.98426,3488.67433598,2026-05-11 04:00:00+00:00
1778473800000,1.98805,1.99449,1.98362,1.984,8932.53892778,2026-05-11 04:30:00+00:00
1778475600000,1.98368,1.98985,1.98368,1.98956,318.73348,2026-05-11 05:00:00+00:00
1778477400000,1.99032,1.99312,1.99032,1.9929,4601.57474998,2026-05-11 05:30:00+00:00
1778479200000,1.99282,1.99535,1.99144,1.99506,2919.28993693,2026-05-11 06:00:00+00:00
1778481000000,1.99382,1.99391,1.98737,1.98935,901.12179756,2026-05-11 06:30:00+00:00
1778482800000,1.98333,1.98333,1.97402,1.97402,898.94528306,2026-05-11 07:00:00+00:00
1778484600000,1.974,1.98144,1.97333,1.98144,15607.93328485,2026-05-11 07:30:00+00:00
1778486400000,1.98248,1.98387,1.9785,1.97909,3909.15967508,2026-05-11 08:00:00+00:00
1778488200000,1.97333,1.97333,1.97333,1.97333,4.31866229,2026-05-11 08:30:00+00:00
1778490000000,1.98375,1.98375,1.98375,1.98375,25.2047,2026-05-11 09:00:00+00:00
1778491800000,1.98527,1.98545,1.98406,1.98424,98.07491,2026-05-11 09:30:00+00:00
1778493600000,1.98375,1.98789,1.98375,1.98479,20461.34834666,2026-05-11 10:00:00+00:00
1778495400000,1.9833,1.9833,1.9833,1.9833,4.94324,2026-05-11 10:30:00+00:00
1778497200000,1.98228,1.9867,1.98,1.9867,2535.08968758,2026-05-11 11:00:00+00:00
1778499000000,1.98826,1.99096,1.98826,1.99096,5523.59643233,2026-05-11 11:30:00+00:00
1778500800000,1.9949,1.99899,1.99208,1.99899,4164.67581118,2026-05-11 12:00:00+00:00
1778502600000,1.99871,2.0012,1.99309,1.99473,11990.12182603,2026-05-11 12:30:00+00:00
1778504400000,1.99965,2.00193,1.99906,2.00193,534.23793585,2026-05-11 13:00:00+00:00
1778506200000,1.99598,1.99831,1.98454,1.99417,21344.90696556,2026-05-11 13:30:00+00:00
1778508000000,1.99755,2.00885,1.99385,1.99385,16985.71273149,2026-05-11 14:00:00+00:00
1778509800000,1.99749,2.0114,1.99538,2.0114,20155.50907999,2026-05-11 14:30:00+00:00
1778511600000,2.00746,2.03202,2.00682,2.0319,52588.55024886,2026-05-11 15:00:00+00:00
1778513400000,2.03229,2.03285,2.02498,2.02984,4973.8579414,2026-05-11 15:30:00+00:00
1778515200000,2.02933,2.03087,2.02275,2.02275,8142.54721172,2026-05-11 16:00:00+00:00
1778517000000,2.02347,2.02464,2.01083,2.01281,20121.78908506,2026-05-11 16:30:00+00:00
1778518800000,2.01491,2.01563,2.00391,2.0111,18927.41181317,2026-05-11 17:00:00+00:00
1778520600000,2.00891,2.02403,2.00891,2.0227,16910.09731557,2026-05-11 17:30:00+00:00
1778522400000,2.02281,2.02312,2.01244,2.01963,22067.12369366,2026-05-11 18:00:00+00:00
1778524200000,2.02018,2.02019,2.01363,2.01368,1740.28028,2026-05-11 18:30:00+00:00
1778526000000,2.01095,2.02012,2.00695,2.01622,9152.55391507,2026-05-11 19:00:00+00:00
1778527800000,2.01556,2.02608,2.01553,2.02203,5806.6120885,2026-05-11 19:30:00+00:00
1778529600000,2.02422,2.02869,2.0163,2.01701,8264.62325598,2026-05-11 20:00:00+00:00
1778531400000,2.01703,2.02038,2.01581,2.01581,3815.6562221,2026-05-11 20:30:00+00:00
1778533200000,2.01606,2.01716,2.01183,2.01268,1633.53715171,2026-05-11 21:00:00+00:00
1778535000000,2.0117,2.01515,2.01139,2.01139,5051.61075271,2026-05-11 21:30:00+00:00
1778536800000,2.01079,2.0143,2.00239,2.01016,17525.32292676,2026-05-11 22:00:00+00:00
1778538600000,2.01149,2.01579,2.01149,2.01566,5279.05376,2026-05-11 22:30:00+00:00
1778540400000,2.01691,2.01731,2.01445,2.01521,3116.86255736,2026-05-11 23:00:00+00:00
1778542200000,2.01501,2.02433,2.01501,2.0206,8250.9952039,2026-05-11 23:30:00+00:00
1778544000000,2.02076,2.02651,2.02076,2.02651,8069.28765622,2026-05-12 00:00:00+00:00
1778545800000,2.02709,2.03215,2.02575,2.02808,3962.4119653,2026-05-12 00:30:00+00:00
1778547600000,2.02612,2.02828,2.01653,2.0185,7019.31033665,2026-05-12 01:00:00+00:00
1778549400000,2.01307,2.01307,1.99786,2.0094,3775.77593765,2026-05-12 01:30:00+00:00
1778551200000,2.009,2.01394,2.0055,2.00734,5045.8052082,2026-05-12 02:00:00+00:00
1778553000000,2.00631,2.00631,2.00091,2.00518,8257.77076043,2026-05-12 02:30:00+00:00
1778554800000,2.00671,2.00691,1.99938,1.99938,1613.06691121,2026-05-12 03:00:00+00:00
1778556600000,2.00169,2.00381,1.99872,1.99872,6447.47688129,2026-05-12 03:30:00+00:00
1778558400000,1.99927,2.00473,1.99669,2.00473,1021.58221896,2026-05-12 04:00:00+00:00
1778560200000,2.0042,2.00713,2.00344,2.00344,558.0278341,2026-05-12 04:30:00+00:00
1778562000000,2.004,2.00419,2.00108,2.00351,2777.81104835,2026-05-12 05:00:00+00:00
1778563800000,2.00546,2.0109,2.00365,2.00627,12693.96530392,2026-05-12 05:30:00+00:00
1778565600000,2.00196,2.00543,2.00196,2.00527,756.35202724,2026-05-12 06:00:00+00:00
1778567400000,2.00183,2.00183,1.99532,1.99788,15576.01511994,2026-05-12 06:30:00+00:00
1778569200000,1.99532,1.99964,1.9947,1.99945,435.80918463,2026-05-12 07:00:00+00:00
1778571000000,2.00416,2.00667,2.00075,2.00469,924.57108305,2026-05-12 07:30:00+00:00
1778572800000,2.00547,2.00637,2.00304,2.00304,1611.668593,2026-05-12 08:00:00+00:00
1778574600000,2.01548,2.01548,2.01079,2.01352,12921.65887487,2026-05-12 08:30:00+00:00
1778576400000,2.00008,2.00008,1.995,1.995,563.64599856,2026-05-12 09:00:00+00:00
1778578200000,1.99843,1.99843,1.99666,1.9969,119.42606,2026-05-12 09:30:00+00:00
1778580000000,1.995,1.99936,1.99058,1.99479,13498.72336556,2026-05-12 10:00:00+00:00
1778581800000,1.98581,1.98716,1.98472,1.98716,1012.41210763,2026-05-12 10:30:00+00:00
1778583600000,1.98786,1.98794,1.98076,1.98106,2820.87384698,2026-05-12 11:00:00+00:00
1778585400000,1.98345,1.98594,1.98345,1.98594,597.85777,2026-05-12 11:30:00+00:00
1778587200000,1.98562,1.99027,1.98536,1.99013,4537.4907624,2026-05-12 12:00:00+00:00
1778589000000,1.99155,1.99463,1.98535,1.98736,4811.12429927,2026-05-12 12:30:00+00:00
1778590800000,1.98693,1.99,1.98693,1.98757,3729.86889572,2026-05-12 13:00:00+00:00
1778592600000,1.98413,1.98731,1.968,1.968,18544.3712723,2026-05-12 13:30:00+00:00
1778594400000,1.968,1.97579,1.96477,1.96489,8697.08679362,2026-05-12 14:00:00+00:00
1778596200000,1.96618,1.96942,1.95554,1.9572,9554.35191919,2026-05-12 14:30:00+00:00
1778598000000,1.95605,1.96207,1.9489,1.9489,7554.52825831,2026-05-12 15:00:00+00:00
1778599800000,1.9517,1.95657,1.95088,1.95341,4818.69144154,2026-05-12 15:30:00+00:00
1778601600000,1.95175,1.95938,1.95175,1.95909,3855.47801908,2026-05-12 16:00:00+00:00
1778603400000,1.9591,1.9591,1.94799,1.95296,9857.80526863,2026-05-12 16:30:00+00:00
1778605200000,1.95221,1.96485,1.95221,1.96342,3889.79459776,2026-05-12 17:00:00+00:00
1778607000000,1.96249,1.9684,1.9624,1.96674,4425.12506221,2026-05-12 17:30:00+00:00
1778608800000,1.96765,1.96766,1.96504,1.96568,2103.64329468,2026-05-12 18:00:00+00:00
1778610600000,1.96657,1.96933,1.9665,1.96933,8878.20084709,2026-05-12 18:30:00+00:00
1778612400000,1.96894,1.97397,1.96894,1.97029,10364.87943092,2026-05-12 19:00:00+00:00
1778614200000,1.97334,1.97672,1.97315,1.9734,14537.76792187,2026-05-12 19:30:00+00:00
1778616000000,1.97459,1.9766,1.97312,1.9766,4936.29158295,2026-05-12 20:00:00+00:00
1778617800000,1.9761,1.9761,1.97175,1.97267,8489.10695624,2026-05-12 20:30:00+00:00
1778619600000,1.97326,1.97434,1.97051,1.974,16994.88946846,2026-05-12 21:00:00+00:00
1778621400000,1.97405,1.97435,1.9707,1.97435,1688.01132674,2026-05-12 21:30:00+00:00
1778623200000,1.97556,1.97844,1.9737,1.9737,13984.8168058,2026-05-12 22:00:00+00:00
1778625000000,1.97411,1.97497,1.97204,1.97204,6366.44821634,2026-05-12 22:30:00+00:00
1778626800000,1.97252,1.97271,1.96918,1.97078,1100.10381589,2026-05-12 23:00:00+00:00
1778628600000,1.97053,1.97053,1.96641,1.96726,2042.0653676,2026-05-12 23:30:00+00:00
1778630400000,1.97016,1.97189,1.96665,1.96982,3834.22610482,2026-05-13 00:00:00+00:00
1778632200000,1.96903,1.97268,1.96842,1.97084,5916.26872679,2026-05-13 00:30:00+00:00
1778634000000,1.97116,1.98576,1.97116,1.98298,4424.49558582,2026-05-13 01:00:00+00:00
1778635800000,1.98716,1.98852,1.98315,1.98382,11351.48317053,2026-05-13 01:30:00+00:00
1778637600000,1.98348,1.98752,1.98154,1.9861,4357.02656866,2026-05-13 02:00:00+00:00
1778639400000,1.98439,1.98439,1.98165,1.98217,645.77045062,2026-05-13 02:30:00+00:00
1778641200000,1.98223,1.98378,1.9818,1.98302,3076.48903417,2026-05-13 03:00:00+00:00
1778643000000,1.98471,1.98934,1.98394,1.98934,6968.68721673,2026-05-13 03:30:00+00:00
1778644800000,1.98766,1.99022,1.98619,1.98749,2445.36243618,2026-05-13 04:00:00+00:00
1778646600000,1.99005,2.00321,1.98922,2.00248,4088.94191793,2026-05-13 04:30:00+00:00
1778648400000,2.00036,2.00547,1.99659,1.99688,11966.78500821,2026-05-13 05:00:00+00:00
1778650200000,1.99612,1.99613,1.99237,1.99238,599.15028,2026-05-13 05:30:00+00:00
1778652000000,1.99065,2.0,1.99002,1.99384,13691.05793608,2026-05-13 06:00:00+00:00
1778653800000,1.9939,1.99423,1.9925,1.99281,1115.80838851,2026-05-13 06:30:00+00:00
1778655600000,1.99611,2.0,1.99611,2.0,7913.61872803,2026-05-13 07:00:00+00:00
1778657400000,1.99943,2.00358,1.99943,2.00358,214.41336,2026-05-13 07:30:00+00:00
1778659200000,2.0035,2.00399,2.00172,2.00175,1027.92288,2026-05-13 08:00:00+00:00
1778661000000,2.0018,2.00406,2.0018,2.00406,127.55712,2026-05-13 08:30:00+00:00
1778662800000,2.00522,2.00563,2.00459,2.00563,1412.81265,2026-05-13 09:00:00+00:00
1778664600000,2.00765,2.00778,2.00707,2.00707,116.58269616,2026-05-13 09:30:00+00:00
1778666400000,2.00769,2.00769,1.99491,1.99491,615.6918,2026-05-13 10:00:00+00:00
1778668200000,1.99568,1.99785,1.99468,1.99504,1740.102,2026-05-13 10:30:00+00:00
1778670000000,1.99499,1.99499,1.98669,1.98757,14857.18652434,2026-05-13 11:00:00+00:00
1778671800000,1.98844,1.98844,1.98314,1.98389,1731.30428814,2026-05-13 11:30:00+00:00
1778673600000,1.98273,1.98451,1.96963,1.97211,2834.51124604,2026-05-13 12:00:00+00:00
1778675400000,1.96703,1.96872,1.95305,1.96126,8186.81429541,2026-05-13 12:30:00+00:00
1778677200000,1.96917,1.97112,1.96651,1.9667,4268.36266454,2026-05-13 13:00:00+00:00
1778679000000,1.96501,1.96501,1.95297,1.95731,9181.09701776,2026-05-13 13:30:00+00:00
1778680800000,1.95472,1.95877,1.95,1.95838,7672.74674717,2026-05-13 14:00:00+00:00
1778682600000,1.95858,1.95945,1.9537,1.95775,12285.9236037,2026-05-13 14:30:00+00:00
1778684400000,1.95973,1.9598,1.94335,1.94578,21352.32462714,2026-05-13 15:00:00+00:00
1778686200000,1.94552,1.94954,1.93511,1.93511,15576.70160315,2026-05-13 15:30:00+00:00
1778688000000,1.93663,1.94417,1.93533,1.94334,23152.71692053,2026-05-13 16:00:00+00:00
1778689800000,1.94472,1.95137,1.94454,1.95004,5698.23292118,2026-05-13 16:30:00+00:00
1778691600000,1.9503,1.95957,1.9503,1.95909,15718.83872161,2026-05-13 17:00:00+00:00
1778693400000,1.95681,1.96063,1.95575,1.95891,2839.98184673,2026-05-13 17:30:00+00:00
1778695200000,1.96008,1.96531,1.95908,1.96368,5779.07350489,2026-05-13 18:00:00+00:00
1778697000000,1.96368,1.96369,1.95616,1.95664,5502.80031092,2026-05-13 18:30:00+00:00
1778698800000,1.95451,1.95515,1.94508,1.94688,7973.1215837,2026-05-13 19:00:00+00:00
1778700600000,1.94759,1.94795,1.94208,1.94432,4688.39753125,2026-05-13 19:30:00+00:00
1778702400000,1.94496,1.95154,1.94431,1.95142,8102.07589891,2026-05-13 20:00:00+00:00
1778704200000,1.95458,1.95477,1.95201,1.95298,5055.70509,2026-05-13 20:30:00+00:00
1778706000000,1.952,1.952,1.94665,1.94699,5150.33205772,2026-05-13 21:00:00+00:00
1778707800000,1.94707,1.9477,1.94391,1.9477,3543.59067744,2026-05-13 21:30:00+00:00
1778709600000,1.94501,1.94734,1.93993,1.94734,8417.75823675,2026-05-13 22:00:00+00:00
1778711400000,1.95044,1.95171,1.94792,1.95171,3722.64614351,2026-05-13 22:30:00+00:00
1778713200000,1.95157,1.95328,1.94864,1.95098,8321.58771045,2026-05-13 23:00:00+00:00
1778715000000,1.95207,1.95654,1.95207,1.95648,3840.68803772,2026-05-13 23:30:00+00:00
1778716800000,1.95867,1.96238,1.95586,1.96117,40755.5997675,2026-05-14 00:00:00+00:00
1778718600000,1.96238,1.9647,1.95982,1.96217,19554.58744612,2026-05-14 00:30:00+00:00
1778720400000,1.96416,1.965,1.9634,1.96401,630.29493,2026-05-14 01:00:00+00:00
1778722200000,1.96601,1.96607,1.95553,1.96306,18029.05897398,2026-05-14 01:30:00+00:00
1778724000000,1.96416,1.96622,1.96359,1.96416,10562.86615735,2026-05-14 02:00:00+00:00
1778725800000,1.96436,1.96455,1.95394,1.95471,7801.32015267,2026-05-14 02:30:00+00:00
1778727600000,1.95724,1.95791,1.95015,1.95791,3683.07124,2026-05-14 03:00:00+00:00
1778729400000,1.95895,1.9604,1.94969,1.94969,18881.02262643,2026-05-14 03:30:00+00:00
1778731200000,1.94989,1.95739,1.94816,1.95693,6127.19647738,2026-05-14 04:00:00+00:00
1778733000000,1.95794,1.96254,1.95647,1.96056,2086.54763698,2026-05-14 04:30:00+00:00
1778734800000,1.96165,1.96521,1.96139,1.96425,4902.24728577,2026-05-14 05:00:00+00:00
1778736600000,1.96359,1.97093,1.96359,1.96841,1823.23413604,2026-05-14 05:30:00+00:00
1778738400000,1.96647,1.96648,1.9648,1.96494,207.00619,2026-05-14 06:00:00+00:00
1778740200000,1.96,1.96621,1.95795,1.96621,14298.71696962,2026-05-14 06:30:00+00:00
1778742000000,1.96614,1.96614,1.96426,1.965,8623.40863891,2026-05-14 07:00:00+00:00
1778743800000,1.96602,1.9686,1.96385,1.96516,11565.15813878,2026-05-14 07:30:00+00:00
1778745600000,1.96268,1.96558,1.9601,1.96492,2232.58400923,2026-05-14 08:00:00+00:00
1778747400000,1.96445,1.97044,1.96445,1.96672,889.32032,2026-05-14 08:30:00+00:00
1778749200000,1.96826,1.96826,1.9638,1.96381,1037.34390949,2026-05-14 09:00:00+00:00
1778751000000,1.96251,1.96282,1.95816,1.95908,47.24713227,2026-05-14 09:30:00+00:00
1778752800000,1.96082,1.96501,1.9598,1.96375,638.94515262,2026-05-14 10:00:00+00:00
1778754600000,1.96297,1.97237,1.96253,1.97237,1609.82729093,2026-05-14 10:30:00+00:00
1778756400000,1.97049,1.97341,1.97049,1.97205,5519.8996114,2026-05-14 11:00:00+00:00
1778758200000,1.96784,1.96855,1.96556,1.96708,674.73921744,2026-05-14 11:30:00+00:00
1778760000000,1.96757,1.98044,1.96594,1.98044,907.46616578,2026-05-14 12:00:00+00:00
1778761800000,1.9813,1.99121,1.98045,1.98871,15871.03363248,2026-05-14 12:30:00+00:00
1778763600000,1.9883,2.00348,1.9883,1.99056,17952.75603036,2026-05-14 13:00:00+00:00
1778765400000,1.9899,1.99092,1.9819,1.9819,10396.88503635,2026-05-14 13:30:00+00:00
1778767200000,1.98488,1.99817,1.97554,1.99817,2048.56760403,2026-05-14 14:00:00+00:00
1778769000000,1.99829,2.02467,1.99638,2.02125,90279.36569435,2026-05-14 14:30:00+00:00
1778770800000,2.02125,2.0242,2.01258,2.018,30328.6774806,2026-05-14 15:00:00+00:00
1778772600000,2.01926,2.02405,2.01325,2.0213,14616.65025387,2026-05-14 15:30:00+00:00
1778774400000,2.0213,2.02657,2.0201,2.02516,6506.44762177,2026-05-14 16:00:00+00:00
1778776200000,2.02456,2.03282,2.01054,2.03147,16217.28552876,2026-05-14 16:30:00+00:00
1778778000000,2.0321,2.0497,2.02249,2.02364,69190.7584361,2026-05-14 17:00:00+00:00
1778779800000,2.02351,2.05819,2.02214,2.0508,30085.00867187,2026-05-14 17:30:00+00:00
1778781600000,2.04565,2.10631,2.04565,2.10531,32504.11967,2026-05-14 18:00:00+00:00
1778783400000,2.10535,2.11849,2.09474,2.11033,77160.02789706,2026-05-14 18:30:00+00:00
1778785200000,2.10493,2.12724,2.09163,2.09257,23234.37880252,2026-05-14 19:00:00+00:00
1778787000000,2.08999,2.09568,2.07676,2.07681,45974.81655444,2026-05-14 19:30:00+00:00
1778788800000,2.08295,2.08295,2.06331,2.06525,15544.76977149,2026-05-14 20:00:00+00:00
1778790600000,2.07268,2.07384,2.0562,2.06876,4707.62178975,2026-05-14 20:30:00+00:00
1778792400000,2.07246,2.07246,2.05487,2.05963,1563.20044986,2026-05-14 21:00:00+00:00
1778794200000,2.0633,2.06372,2.0519,2.05667,1700.50162411,2026-05-14 21:30:00+00:00
1778796000000,2.05348,2.06302,2.04934,2.06282,4146.98342541,2026-05-14 22:00:00+00:00
1778797800000,2.06289,2.06593,2.05765,2.05766,5134.13731626,2026-05-14 22:30:00+00:00
1778799600000,2.05909,2.05909,2.04762,2.05179,4405.70029091,2026-05-14 23:00:00+00:00
1778801400000,2.0531,2.0531,2.03764,2.03952,8869.00750626,2026-05-14 23:30:00+00:00
1778803200000,2.04217,2.05742,2.04197,2.05698,15040.35152339,2026-05-15 00:00:00+00:00
1778805000000,2.05499,2.05929,2.05185,2.05462,1873.28841169,2026-05-15 00:30:00+00:00
1778806800000,2.05489,2.05899,2.05074,2.05263,25564.01240751,2026-05-15 01:00:00+00:00
1778808600000,2.04767,2.05363,2.04018,2.04018,5193.11717892,2026-05-15 01:30:00+00:00
1778810400000,2.04084,2.04617,2.03222,2.03222,8777.18442867,2026-05-15 02:00:00+00:00
1778812200000,2.03222,2.05066,2.02984,2.05066,14994.85143542,2026-05-15 02:30:00+00:00
1778814000000,2.04902,2.05422,2.04459,2.04705,26739.84739286,2026-05-15 03:00:00+00:00
1778815800000,2.04655,2.04806,2.04025,2.04806,7538.38617817,2026-05-15 03:30:00+00:00
1778817600000,2.04657,2.04803,2.03952,2.03952,1390.19773088,2026-05-15 04:00:00+00:00
1778819400000,2.03618,2.0372,2.02591,2.02591,4358.45111716,2026-05-15 04:30:00+00:00
1778821200000,2.02623,2.02743,2.01529,2.01529,6531.9093047,2026-05-15 05:00:00+00:00
1778823000000,2.01375,2.01375,1.99898,2.00971,11581.53238955,2026-05-15 05:30:00+00:00
1778824800000,2.01224,2.01541,2.01132,2.01541,6661.85517,2026-05-15 06:00:00+00:00
1778826600000,2.01619,2.02361,2.01619,2.01953,12879.93192375,2026-05-15 06:30:00+00:00
1778828400000,2.01944,2.02338,2.0171,2.02338,285.29714427,2026-05-15 07:00:00+00:00
1778830200000,2.02133,2.02157,2.02133,2.02155,408.32422,2026-05-15 07:30:00+00:00
1778832000000,2.02066,2.02066,2.00937,2.0158,11135.60464669,2026-05-15 08:00:00+00:00
1778833800000,2.01583,2.02318,2.01583,2.02244,883.01958638,2026-05-15 08:30:00+00:00
1778835600000,2.02506,2.02506,2.01638,2.01808,17551.37442274,2026-05-15 09:00:00+00:00
1778837400000,2.01838,2.01941,2.01144,2.0151,3531.42072928,2026-05-15 09:30:00+00:00
1778839200000,2.01483,2.01791,2.01338,2.01537,636.58209447,2026-05-15 10:00:00+00:00
1778841000000,2.01823,2.02949,2.01546,2.02801,2830.14966632,2026-05-15 10:30:00+00:00
1778842800000,2.028,2.028,2.02265,2.02492,1333.04306762,2026-05-15 11:00:00+00:00
1778844600000,2.02285,2.02285,2.0185,2.01935,2359.4418902,2026-05-15 11:30:00+00:00
1778846400000,2.02052,2.021,2.01618,2.01618,3230.94004,2026-05-15 12:00:00+00:00
1778848200000,2.01389,2.01539,2.00744,2.00788,1748.32112326,2026-05-15 12:30:00+00:00
1778850000000,2.00778,2.00795,2.00273,2.00273,24410.83487943,2026-05-15 13:00:00+00:00
1778851800000,2.00273,2.00284,1.97,1.97181,18258.99948114,2026-05-15 13:30:00+00:00
1778853600000,1.97,1.97875,1.96704,1.97577,114007.00479593,2026-05-15 14:00:00+00:00
1778855400000,1.97881,1.98141,1.976,1.97698,5185.75450888,2026-05-15 14:30:00+00:00
1778857200000,1.98141,1.98158,1.97505,1.97742,4956.7903585,2026-05-15 15:00:00+00:00
1778859000000,1.9754,1.97782,1.96925,1.97468,5891.23122071,2026-05-15 15:30:00+00:00
1778860800000,1.97468,1.98674,1.97434,1.98674,15568.21053029,2026-05-15 16:00:00+00:00
1778862600000,1.98877,1.99272,1.98106,1.98742,31432.71349844,2026-05-15 16:30:00+00:00
1778864400000,1.98733,1.99249,1.98628,1.99207,8086.08919721,2026-05-15 17:00:00+00:00
1778866200000,1.99176,1.99322,1.98754,1.99167,6244.08517595,2026-05-15 17:30:00+00:00
1778868000000,1.98964,1.99179,1.98337,1.98668,8007.58820889,2026-05-15 18:00:00+00:00
1778869800000,1.98581,1.98601,1.98117,1.98231,5973.28019119,2026-05-15 18:30:00+00:00
1778871600000,1.98,1.98,1.972,1.972,6314.4571516,2026-05-15 19:00:00+00:00
1778873400000,1.97378,1.97573,1.97273,1.97573,1233.17488425,2026-05-15 19:30:00+00:00
1778875200000,1.9749,1.9749,1.9701,1.97486,4347.8804561,2026-05-15 20:00:00+00:00
1778877000000,1.97655,1.97655,1.97119,1.97356,2695.58026596,2026-05-15 20:30:00+00:00
1778878800000,1.97358,1.97624,1.97269,1.97476,7879.07518722,2026-05-15 21:00:00+00:00
1778880600000,1.9743,1.97461,1.96975,1.96975,106448.48599012,2026-05-15 21:30:00+00:00
1778882400000,1.96865,1.97189,1.96865,1.97009,848.27699619,2026-05-15 22:00:00+00:00
1778884200000,1.97062,1.97367,1.96912,1.97367,3154.91414425,2026-05-15 22:30:00+00:00
1778886000000,1.97282,1.97465,1.97071,1.9726,2190.66467895,2026-05-15 23:00:00+00:00
1778887800000,1.97266,1.97494,1.9726,1.97418,1249.69487772,2026-05-15 23:30:00+00:00
1778889600000,1.97463,1.97789,1.97398,1.97517,5242.19520839,2026-05-16 00:00:00+00:00
1778891400000,1.9752,1.97799,1.97164,1.97175,5448.94765741,2026-05-16 00:30:00+00:00
1778893200000,1.9723,1.97415,1.97,1.97135,6530.90750033,2026-05-16 01:00:00+00:00
1778895000000,1.97194,1.97983,1.97032,1.9787,5360.98355055,2026-05-16 01:30:00+00:00
1778896800000,1.97869,1.97992,1.97794,1.97909,5894.34675386,2026-05-16 02:00:00+00:00
1778898600000,1.97685,1.97716,1.97408,1.97549,5665.52541788,2026-05-16 02:30:00+00:00
1778900400000,1.97898,1.97898,1.97569,1.97666,1962.16081777,2026-05-16 03:00:00+00:00
1778902200000,1.97639,1.97639,1.97347,1.97418,1081.4944324,2026-05-16 03:30:00+00:00
1778904000000,1.97311,1.97584,1.9695,1.9695,4879.20820066,2026-05-16 04:00:00+00:00
1778905800000,1.96704,1.96718,1.95149,1.9602,26745.95170865,2026-05-16 04:30:00+00:00
1778907600000,1.95837,1.96411,1.95752,1.95757,6398.62272441,2026-05-16 05:00:00+00:00
1778909400000,1.96133,1.96631,1.95784,1.9612,7259.683292,2026-05-16 05:30:00+00:00
1778911200000,1.96189,1.96193,1.95158,1.95169,906.4021,2026-05-16 06:00:00+00:00
1778913000000,1.95502,1.9568,1.94594,1.95359,11935.13377102,2026-05-16 06:30:00+00:00
1778914800000,1.95339,1.95339,1.93388,1.94738,9422.31437287,2026-05-16 07:00:00+00:00
1778916600000,1.94725,1.94907,1.94434,1.94907,262.23419,2026-05-16 07:30:00+00:00
1778918400000,1.95023,1.95023,1.94767,1.94869,1487.57972,2026-05-16 08:00:00+00:00
1778920200000,1.95041,1.9506,1.94785,1.94785,376.9758,2026-05-16 08:30:00+00:00
1778922000000,1.94812,1.94819,1.93,1.9365,6040.08822207,2026-05-16 09:00:00+00:00
1778923800000,1.93631,1.93882,1.93,1.9312,663.75904083,2026-05-16 09:30:00+00:00
1778925600000,1.93,1.93,1.92129,1.92809,13497.9426479,2026-05-16 10:00:00+00:00
1778927400000,1.92955,1.93691,1.92955,1.93691,15702.81035365,2026-05-16 10:30:00+00:00
1778929200000,1.93788,1.94042,1.93716,1.94042,1970.02267,2026-05-16 11:00:00+00:00
1778931000000,1.94064,1.94405,1.94064,1.94296,623.72009987,2026-05-16 11:30:00+00:00
1778932800000,1.94251,1.94251,1.93864,1.93864,3237.867212,2026-05-16 12:00:00+00:00
1778934600000,1.93902,1.94352,1.93902,1.93966,10265.90394044,2026-05-16 12:30:00+00:00
1778936400000,1.9399,1.94346,1.93792,1.94346,4715.01820523,2026-05-16 13:00:00+00:00
1778938200000,1.94469,1.94673,1.94009,1.94069,7183.84664289,2026-05-16 13:30:00+00:00
1778940000000,1.94204,1.94204,1.93523,1.93927,1994.22127861,2026-05-16 14:00:00+00:00
1778941800000,1.93801,1.9406,1.93586,1.93829,24872.75867147,2026-05-16 14:30:00+00:00
1778943600000,1.93985,1.94359,1.93935,1.94359,11938.08750605,2026-05-16 15:00:00+00:00
1778945400000,1.94389,1.94617,1.94389,1.94536,2019.49212885,2026-05-16 15:30:00+00:00
1778947200000,1.94721,1.95317,1.94474,1.94962,10609.36029326,2026-05-16 16:00:00+00:00
1778949000000,1.94956,1.95059,1.94636,1.94925,4327.06859235,2026-05-16 16:30:00+00:00
1778950800000,1.94949,1.95176,1.94772,1.95136,3890.02044959,2026-05-16 17:00:00+00:00
1778952600000,1.95009,1.9526,1.94995,1.9526,1152.83188,2026-05-16 17:30:00+00:00
1778954400000,1.94956,1.95071,1.94651,1.94781,1176.54897,2026-05-16 18:00:00+00:00
1778956200000,1.94757,1.94939,1.94405,1.94405,5389.47379537,2026-05-16 18:30:00+00:00
1778958000000,1.9443,1.94659,1.9442,1.94604,2554.98371611,2026-05-16 19:00:00+00:00
1778959800000,1.94403,1.94568,1.94359,1.94361,933.85974151,2026-05-16 19:30:00+00:00
1778961600000,1.94447,1.94712,1.94447,1.94582,822.73884,2026-05-16 20:00:00+00:00
1778963400000,1.94387,1.94387,1.94188,1.94304,2409.39873374,2026-05-16 20:30:00+00:00
1778965200000,1.94425,1.94425,1.94093,1.94306,7525.577724,2026-05-16 21:00:00+00:00
1778967000000,1.94338,1.94407,1.94148,1.94407,418.53381706,2026-05-16 21:30:00+00:00
1778968800000,1.94286,1.94351,1.94,1.94293,2755.50617889,2026-05-16 22:00:00+00:00
1778970600000,1.94309,1.94386,1.942,1.94314,1796.70657728,2026-05-16 22:30:00+00:00
1778972400000,1.94159,1.94223,1.94081,1.94103,664.69787,2026-05-16 23:00:00+00:00
1778974200000,1.94206,1.94397,1.94204,1.94354,2589.94999988,2026-05-16 23:30:00+00:00
1778976000000,1.94306,1.94533,1.94216,1.94378,2218.07472,2026-05-17 00:00:00+00:00
1778977800000,1.94525,1.94761,1.94006,1.94006,2526.40225365,2026-05-17 00:30:00+00:00
1778979600000,1.93996,1.94242,1.9354,1.94194,1829.52061044,2026-05-17 01:00:00+00:00
1778981400000,1.94292,1.94292,1.93,1.93209,5923.2601956,2026-05-17 01:30:00+00:00
1778983200000,1.93117,1.93541,1.93098,1.93111,3863.70242907,2026-05-17 02:00:00+00:00
1778985000000,1.93087,1.93782,1.92789,1.93438,15187.746598,2026-05-17 02:30:00+00:00
1778986800000,1.93439,1.93813,1.93439,1.93566,1734.14913005,2026-05-17 03:00:00+00:00
1778988600000,1.9399,1.94057,1.9389,1.94057,520.81745922,2026-05-17 03:30:00+00:00
1778990400000,1.94074,1.94511,1.94055,1.94511,983.45459053,2026-05-17 04:00:00+00:00
1778992200000,1.94502,1.94702,1.94483,1.94541,2563.21793162,2026-05-17 04:30:00+00:00
1778994000000,1.94595,1.95147,1.94595,1.95146,11052.99191141,2026-05-17 05:00:00+00:00
1778995800000,1.94769,1.94882,1.94645,1.94675,1000.82259,2026-05-17 05:30:00+00:00
1778997600000,1.94999,1.94999,1.94803,1.94812,65.25084,2026-05-17 06:00:00+00:00
1778999400000,1.94806,1.94825,1.94806,1.94825,55.22018,2026-05-17 06:30:00+00:00
1779001200000,1.94825,1.94825,1.94825,1.94825,0.0,2026-05-17 07:00:00+00:00
1779003000000,1.95131,1.95327,1.95124,1.95189,68.79047,2026-05-17 07:30:00+00:00
1779004800000,1.95222,1.95241,1.95099,1.95106,78.22213,2026-05-17 08:00:00+00:00
1779006600000,1.94741,1.94741,1.94537,1.94537,8.95838,2026-05-17 08:30:00+00:00
1779008400000,1.94526,1.94971,1.94526,1.94918,4911.69373041,2026-05-17 09:00:00+00:00
1779010200000,1.94922,1.94936,1.94922,1.94936,26.35346577,2026-05-17 09:30:00+00:00
1779012000000,1.95596,1.96401,1.95596,1.95854,5175.14754594,2026-05-17 10:00:00+00:00
1779013800000,1.95778,1.95939,1.9558,1.95744,7385.96446856,2026-05-17 10:30:00+00:00
1779015600000,1.95649,1.95854,1.95463,1.95582,2708.94042684,2026-05-17 11:00:00+00:00
1779017400000,1.95693,1.9586,1.95592,1.95592,2294.79585921,2026-05-17 11:30:00+00:00
1779019200000,1.95641,1.95928,1.95641,1.95853,2345.04854386,2026-05-17 12:00:00+00:00
1779021000000,1.95846,1.96088,1.95756,1.95769,1356.40970866,2026-05-17 12:30:00+00:00
1779022800000,1.95763,1.95788,1.95081,1.95197,970.89391,2026-05-17 13:00:00+00:00
1779024600000,1.95306,1.95444,1.95,1.95,771.44550249,2026-05-17 13:30:00+00:00
1779026400000,1.95062,1.95062,1.94215,1.94674,2210.8434345,2026-05-17 14:00:00+00:00
1779028200000,1.94374,1.9438,1.94226,1.94252,548.09467,2026-05-17 14:30:00+00:00
1779030000000,1.94479,1.94528,1.94001,1.94326,2498.16813409,2026-05-17 15:00:00+00:00
1779031800000,1.94439,1.94441,1.94236,1.94367,1362.2938821,2026-05-17 15:30:00+00:00
1779033600000,1.94428,1.94625,1.94402,1.94547,1270.75373351,2026-05-17 16:00:00+00:00
1779035400000,1.94592,1.94752,1.94143,1.94177,7302.9935445,2026-05-17 16:30:00+00:00
1779037200000,1.94,1.94287,1.93921,1.93975,5174.87823071,2026-05-17 17:00:00+00:00
1779039000000,1.94028,1.94113,1.93905,1.94024,433.18701,2026-05-17 17:30:00+00:00
1779040800000,1.93996,1.94303,1.93382,1.93836,1622.61376816,2026-05-17 18:00:00+00:00
1779042600000,1.93959,1.94308,1.93922,1.94308,2696.57935684,2026-05-17 18:30:00+00:00
1779044400000,1.94738,1.94877,1.94644,1.94877,1516.64286128,2026-05-17 19:00:00+00:00
1779046200000,1.94835,1.95604,1.94811,1.95498,14340.14594945,2026-05-17 19:30:00+00:00
1779048000000,1.95736,1.95736,1.94854,1.94854,12828.13498804,2026-05-17 20:00:00+00:00
1779049800000,1.9526,1.95343,1.95125,1.95293,492.16727545,2026-05-17 20:30:00+00:00
1779051600000,1.95069,1.95848,1.94999,1.95848,1684.3728022,2026-05-17 21:00:00+00:00
1779053400000,1.95876,1.96216,1.95822,1.96094,10522.32380132,2026-05-17 21:30:00+00:00
1779055200000,1.94763,1.95195,1.94054,1.9413,14756.75050459,2026-05-17 22:00:00+00:00
1779057000000,1.94097,1.94507,1.94,1.94223,1534.01244757,2026-05-17 22:30:00+00:00
1779058800000,1.94247,1.94247,1.92982,1.93436,13747.10920621,2026-05-17 23:00:00+00:00
1779060600000,1.9335,1.9338,1.88832,1.93053,91746.6076482,2026-05-17 23:30:00+00:00
1779062400000,1.92629,1.92645,1.9119,1.91862,16727.44024476,2026-05-18 00:00:00+00:00
1779064200000,1.91674,1.92215,1.91267,1.92109,9724.34946249,2026-05-18 00:30:00+00:00
1779066000000,1.921,1.9219,1.90655,1.90831,4447.83357189,2026-05-18 01:00:00+00:00
1779067800000,1.90682,1.9167,1.90682,1.9167,6107.82813794,2026-05-18 01:30:00+00:00
1779069600000,1.91725,1.92857,1.91725,1.92448,2424.84345975,2026-05-18 02:00:00+00:00
1779071400000,1.92453,1.92455,1.91343,1.91507,4533.63757381,2026-05-18 02:30:00+00:00
1779073200000,1.91866,1.92554,1.916,1.916,4280.95293002,2026-05-18 03:00:00+00:00
1779075000000,1.9166,1.91807,1.91169,1.9152,3249.25677004,2026-05-18 03:30:00+00:00
1779076800000,1.91695,1.91829,1.9102,1.9106,1297.70159681,2026-05-18 04:00:00+00:00
1779078600000,1.91066,1.92085,1.91019,1.91976,5359.99404303,2026-05-18 04:30:00+00:00
1779080400000,1.91922,1.91941,1.91346,1.91602,7750.97040895,2026-05-18 05:00:00+00:00
1779082200000,1.91621,1.91715,1.9092,1.91042,1152.276206,2026-05-18 05:30:00+00:00
1779084000000,1.91068,1.91069,1.895,1.90003,27344.6289603,2026-05-18 06:00:00+00:00
1779085800000,1.89721,1.90459,1.89721,1.90459,671.94554339,2026-05-18 06:30:00+00:00
1779087600000,1.90846,1.90846,1.90806,1.90806,51.20462668,2026-05-18 07:00:00+00:00
1779089400000,1.90678,1.90855,1.9014,1.90648,1757.74483928,2026-05-18 07:30:00+00:00
1779091200000,1.90815,1.90815,1.90422,1.90457,788.821218,2026-05-18 08:00:00+00:00
1779093000000,1.90429,1.90429,1.89991,1.90278,1638.374614,2026-05-18 08:30:00+00:00
1779094800000,1.90616,1.90626,1.90169,1.90169,170.41275466,2026-05-18 09:00:00+00:00
1779096600000,1.90272,1.90272,1.90263,1.90266,546.36770216,2026-05-18 09:30:00+00:00
1779098400000,1.8952,1.89951,1.89518,1.89685,128.79286,2026-05-18 10:00:00+00:00
1779100200000,1.89591,1.89773,1.895,1.89501,5347.12319346,2026-05-18 10:30:00+00:00
1779102000000,1.89548,1.89996,1.89158,1.89996,7135.78133675,2026-05-18 11:00:00+00:00
1779103800000,1.90012,1.91308,1.90012,1.91139,4378.60161701,2026-05-18 11:30:00+00:00
1779105600000,1.91216,1.91916,1.91216,1.91647,835.00256324,2026-05-18 12:00:00+00:00
1779107400000,1.92404,1.925,1.92019,1.92156,628.84398277,2026-05-18 12:30:00+00:00
1779109200000,1.9209,1.9209,1.90787,1.91424,19826.57098156,2026-05-18 13:00:00+00:00
1779111000000,1.90418,1.90706,1.89305,1.90706,1003.91113089,2026-05-18 13:30:00+00:00
1779112800000,1.90221,1.90513,1.89182,1.90098,14012.07096441,2026-05-18 14:00:00+00:00
1779114600000,1.88977,1.89557,1.88687,1.8907,6477.89437282,2026-05-18 14:30:00+00:00
1779116400000,1.89243,1.89426,1.88392,1.88409,12981.00434167,2026-05-18 15:00:00+00:00
1779118200000,1.88484,1.8938,1.88386,1.892,7574.84411932,2026-05-18 15:30:00+00:00
1779120000000,1.89101,1.89694,1.88591,1.88591,6107.17859326,2026-05-18 16:00:00+00:00
1779121800000,1.88424,1.89692,1.88424,1.89416,4395.85517456,2026-05-18 16:30:00+00:00
1779123600000,1.89929,1.89977,1.89491,1.89833,7837.87397209,2026-05-18 17:00:00+00:00
1779125400000,1.89951,1.89962,1.89714,1.89762,2018.3513093,2026-05-18 17:30:00+00:00
1779127200000,1.89597,1.89597,1.87698,1.88163,18189.05045707,2026-05-18 18:00:00+00:00
1779129000000,1.88292,1.88635,1.87992,1.87992,12186.25108217,2026-05-18 18:30:00+00:00
1779130800000,1.8815,1.90267,1.8815,1.89573,7881.1117671,2026-05-18 19:00:00+00:00
1779132600000,1.89977,1.90952,1.89962,1.90746,2327.62013748,2026-05-18 19:30:00+00:00
1779134400000,1.90749,1.91117,1.90507,1.91115,2480.84088332,2026-05-18 20:00:00+00:00
1779136200000,1.91117,1.91117,1.90138,1.90138,1834.55509772,2026-05-18 20:30:00+00:00
1779138000000,1.90303,1.9094,1.90066,1.90939,9561.34323355,2026-05-18 21:00:00+00:00
1779139800000,1.91056,1.91696,1.91056,1.9167,4266.33131762,2026-05-18 21:30:00+00:00
1779141600000,1.91736,1.91736,1.91429,1.91731,1174.36757711,2026-05-18 22:00:00+00:00
1779143400000,1.9138,1.91467,1.90788,1.91212,1787.92566,2026-05-18 22:30:00+00:00
1779145200000,1.9144,1.91478,1.91084,1.91084,771.25116485,2026-05-18 23:00:00+00:00
1779147000000,1.91081,1.91338,1.91,1.91039,2258.59661637,2026-05-18 23:30:00+00:00
1779148800000,1.90997,1.91808,1.90997,1.91791,2030.09446537,2026-05-19 00:00:00+00:00
1779150600000,1.91814,1.91814,1.91464,1.91644,2320.93752326,2026-05-19 00:30:00+00:00
1779152400000,1.9155,1.9155,1.90392,1.90536,6694.28171461,2026-05-19 01:00:00+00:00
1779154200000,1.90432,1.90988,1.90429,1.90429,6071.91149317,2026-05-19 01:30:00+00:00
1779156000000,1.90155,1.90823,1.89946,1.90823,1376.00084492,2026-05-19 02:00:00+00:00
1779157800000,1.90326,1.90326,1.89483,1.89631,22683.42447501,2026-05-19 02:30:00+00:00
1779159600000,1.89569,1.89868,1.89533,1.89868,1832.74197753,2026-05-19 03:00:00+00:00
1779161400000,1.89957,1.90276,1.89859,1.90094,1598.99711458,2026-05-19 03:30:00+00:00
1779163200000,1.90135,1.90484,1.89619,1.89619,741.93889979,2026-05-19 04:00:00+00:00
1779165000000,1.89804,1.90619,1.89804,1.90618,614.71479,2026-05-19 04:30:00+00:00
1779166800000,1.90496,1.90528,1.89714,1.89823,6676.38096136,2026-05-19 05:00:00+00:00
1779168600000,1.90161,1.9081,1.90075,1.90167,6459.79631082,2026-05-19 05:30:00+00:00
1779170400000,1.90011,1.90392,1.89972,1.90392,12697.58215586,2026-05-19 06:00:00+00:00
1779172200000,1.90272,1.90467,1.90201,1.90467,426.67015339,2026-05-19 06:30:00+00:00
1779174000000,1.90358,1.9093,1.90358,1.90582,3408.80555631,2026-05-19 07:00:00+00:00
1779175800000,1.90749,1.90982,1.90705,1.90982,732.80048,2026-05-19 07:30:00+00:00
1779177600000,1.90899,1.90899,1.90201,1.90201,650.96650585,2026-05-19 08:00:00+00:00
1779179400000,1.90088,1.90441,1.9006,1.90258,3292.81843436,2026-05-19 08:30:00+00:00
1779181200000,1.90108,1.90167,1.89,1.89022,2122.60496053,2026-05-19 09:00:00+00:00
1779183000000,1.88858,1.89259,1.88841,1.89209,174.21327,2026-05-19 09:30:00+00:00
1779184800000,1.89196,1.89211,1.89196,1.89211,51.83092,2026-05-19 10:00:00+00:00
1779186600000,1.89484,1.89484,1.885,1.89253,1704.91751832,2026-05-19 10:30:00+00:00
1779188400000,1.89215,1.89219,1.88646,1.88697,1138.53342644,2026-05-19 11:00:00+00:00
1779190200000,1.887,1.8886,1.88225,1.88716,4435.24036511,2026-05-19 11:30:00+00:00
1779192000000,1.88645,1.89112,1.88603,1.89001,994.59763519,2026-05-19 12:00:00+00:00
1779193800000,1.89437,1.89585,1.89409,1.89585,4535.7957961,2026-05-19 12:30:00+00:00
1779195600000,1.89675,1.89786,1.88839,1.88839,2395.48794638,2026-05-19 13:00:00+00:00
1779197400000,1.89048,1.89981,1.89048,1.895,2375.92033884,2026-05-19 13:30:00+00:00
1779199200000,1.88956,1.89585,1.87796,1.88229,3687.80663995,2026-05-19 14:00:00+00:00
1779201000000,1.88252,1.88431,1.87316,1.88102,12791.05488254,2026-05-19 14:30:00+00:00
1779202800000,1.88405,1.88652,1.88114,1.88303,2532.35342156,2026-05-19 15:00:00+00:00
1779204600000,1.88667,1.888,1.879,1.879,9683.00081623,2026-05-19 15:30:00+00:00
1779206400000,1.88104,1.88145,1.87586,1.87808,1555.91902012,2026-05-19 16:00:00+00:00
1779208200000,1.8789,1.888,1.8789,1.888,4000.91049284,2026-05-19 16:30:00+00:00
1779210000000,1.888,1.88872,1.88082,1.88256,6033.02671875,2026-05-19 17:00:00+00:00
1779211800000,1.87882,1.87882,1.87127,1.8749,1834.3479402,2026-05-19 17:30:00+00:00
1779213600000,1.87486,1.87931,1.8748,1.87589,3242.01107699,2026-05-19 18:00:00+00:00
1779215400000,1.87183,1.87535,1.87183,1.87253,1465.60963503,2026-05-19 18:30:00+00:00
1779217200000,1.87349,1.87615,1.86555,1.86555,14785.17296714,2026-05-19 19:00:00+00:00
1779219000000,1.86629,1.86897,1.86378,1.86378,12481.76634145,2026-05-19 19:30:00+00:00
1779220800000,1.86448,1.86853,1.864,1.86576,4705.1263579,2026-05-19 20:00:00+00:00
1779222600000,1.86519,1.86843,1.86501,1.86741,1095.15838171,2026-05-19 20:30:00+00:00
1779224400000,1.8674,1.87239,1.86511,1.87046,3122.1373455,2026-05-19 21:00:00+00:00
1779226200000,1.87036,1.87152,1.868,1.868,5009.75616928,2026-05-19 21:30:00+00:00
1779228000000,1.868,1.868,1.86177,1.86216,4321.6801265,2026-05-19 22:00:00+00:00
1779229800000,1.86,1.86662,1.86,1.86662,3102.93240714,2026-05-19 22:30:00+00:00
1779231600000,1.86518,1.87281,1.86514,1.87281,4419.10217966,2026-05-19 23:00:00+00:00
1779233400000,1.8735,1.87476,1.87041,1.87041,6498.51974379,2026-05-19 23:30:00+00:00
1779235200000,1.87273,1.87344,1.86,1.86357,9758.1120274,2026-05-20 00:00:00+00:00
1779237000000,1.86526,1.86959,1.86,1.86363,6687.33804948,2026-05-20 00:30:00+00:00
1779238800000,1.862,1.86587,1.85475,1.85659,3300.35047977,2026-05-20 01:00:00+00:00
1779240600000,1.85535,1.86379,1.85403,1.86379,4486.98747425,2026-05-20 01:30:00+00:00
1779242400000,1.86406,1.86416,1.85836,1.86199,3507.78204032,2026-05-20 02:00:00+00:00
1779244200000,1.86188,1.86263,1.85802,1.85802,2059.1780835,2026-05-20 02:30:00+00:00
1779246000000,1.85802,1.86571,1.85623,1.86529,2767.82757895,2026-05-20 03:00:00+00:00
1779247800000,1.86478,1.8669,1.86364,1.86476,2210.30860284,2026-05-20 03:30:00+00:00
1779249600000,1.86658,1.86666,1.86476,1.86483,3161.50868,2026-05-20 04:00:00+00:00
1779251400000,1.86579,1.86978,1.86461,1.86978,3071.26322103,2026-05-20 04:30:00+00:00
1779253200000,1.87185,1.88233,1.87185,1.87798,1880.43897271,2026-05-20 05:00:00+00:00
1779255000000,1.88216,1.8824,1.88105,1.88156,597.85561705,2026-05-20 05:30:00+00:00
1779256800000,1.88118,1.8825,1.88067,1.88093,2425.87590381,2026-05-20 06:00:00+00:00
1779258600000,1.88035,1.88411,1.88035,1.8832,1723.92769451,2026-05-20 06:30:00+00:00
1779260400000,1.88302,1.88814,1.88255,1.88814,1689.72333449,2026-05-20 07:00:00+00:00
1779262200000,1.88528,1.8853,1.88255,1.88255,158.88448,2026-05-20 07:30:00+00:00
1779264000000,1.88177,1.88183,1.88177,1.88183,26.18401,2026-05-20 08:00:00+00:00
1779265800000,1.88348,1.88622,1.88311,1.88539,1291.31527689,2026-05-20 08:30:00+00:00
1779267600000,1.88486,1.88552,1.88479,1.88552,182.378041,2026-05-20 09:00:00+00:00
1779269400000,1.88818,1.88821,1.8851,1.8851,265.58933,2026-05-20 09:30:00+00:00
1779271200000,1.88602,1.88822,1.88602,1.88695,693.50376,2026-05-20 10:00:00+00:00
1779273000000,1.88979,1.89208,1.88581,1.88581,5266.00882407,2026-05-20 10:30:00+00:00
1779274800000,1.88535,1.88715,1.88283,1.88283,792.61067936,2026-05-20 11:00:00+00:00
1779276600000,1.88179,1.88211,1.87587,1.87587,13247.11271,2026-05-20 11:30:00+00:00
1779278400000,1.87586,1.88322,1.87586,1.88322,2486.2745996,2026-05-20 12:00:00+00:00
1779280200000,1.8838,1.89055,1.88295,1.88991,7664.37128174,2026-05-20 12:30:00+00:00
1779282000000,1.88905,1.89012,1.88541,1.88594,822.74715055,2026-05-20 13:00:00+00:00
1779283800000,1.88034,1.88112,1.86959,1.87855,10016.43181578,2026-05-20 13:30:00+00:00
1779285600000,1.87987,1.88589,1.87586,1.88417,3742.9629051,2026-05-20 14:00:00+00:00
1779287400000,1.8847,1.8894,1.88248,1.8894,3233.57098856,2026-05-20 14:30:00+00:00
1779289200000,1.88611,1.89601,1.88204,1.88904,4814.23169596,2026-05-20 15:00:00+00:00
1779291000000,1.88986,1.89159,1.88449,1.88886,1935.62250978,2026-05-20 15:30:00+00:00
1779292800000,1.8896,1.8913,1.87622,1.87622,1288.38421905,2026-05-20 16:00:00+00:00
1779294600000,1.87994,1.89079,1.87994,1.88967,11696.61416233,2026-05-20 16:30:00+00:00
1779296400000,1.88856,1.89395,1.88594,1.89395,9990.07933776,2026-05-20 17:00:00+00:00
1779298200000,1.89488,1.8958,1.89035,1.8914,4608.47434349,2026-05-20 17:30:00+00:00
1779300000000,1.8908,1.8908,1.88468,1.88584,8831.50000187,2026-05-20 18:00:00+00:00
1779301800000,1.88453,1.88547,1.87818,1.8783,12692.54261704,2026-05-20 18:30:00+00:00
1779303600000,1.87868,1.8839,1.87651,1.88344,4521.46433032,2026-05-20 19:00:00+00:00
1779305400000,1.88553,1.88561,1.8803,1.88428,4925.01792417,2026-05-20 19:30:00+00:00
1779307200000,1.88514,1.88629,1.87771,1.88071,5085.92377343,2026-05-20 20:00:00+00:00
1779309000000,1.88315,1.88333,1.87952,1.88322,2353.27432,2026-05-20 20:30:00+00:00
1779310800000,1.88142,1.88359,1.88033,1.88033,671.02474,2026-05-20 21:00:00+00:00
1779312600000,1.87902,1.88183,1.87823,1.87834,5189.61845369,2026-05-20 21:30:00+00:00
1779314400000,1.87613,1.87661,1.87,1.87649,5164.96757395,2026-05-20 22:00:00+00:00
1779316200000,1.87839,1.87915,1.8755,1.8771,1057.11106,2026-05-20 22:30:00+00:00
1779318000000,1.87471,1.87585,1.87343,1.87564,3041.07198079,2026-05-20 23:00:00+00:00
1779319800000,1.8741,1.87893,1.87409,1.87893,2541.88469249,2026-05-20 23:30:00+00:00
1779321600000,1.87838,1.88411,1.8782,1.88411,483.60076126,2026-05-21 00:00:00+00:00
1779323400000,1.88516,1.892,1.88516,1.89107,9174.11984415,2026-05-21 00:30:00+00:00
1779325200000,1.89199,1.89608,1.89147,1.89243,1565.34256379,2026-05-21 01:00:00+00:00
1779327000000,1.89276,1.89735,1.89225,1.89565,6596.80587473,2026-05-21 01:30:00+00:00
1779328800000,1.89591,1.90563,1.89591,1.90432,3064.58434752,2026-05-21 02:00:00+00:00
1779330600000,1.9036,1.90494,1.90178,1.90178,4562.09837,2026-05-21 02:30:00+00:00
1779332400000,1.90084,1.90336,1.89969,1.90317,3099.91056661,2026-05-21 03:00:00+00:00
1779334200000,1.90254,1.90471,1.90081,1.90471,1811.48139261,2026-05-21 03:30:00+00:00
1779336000000,1.90491,1.90592,1.90168,1.90456,2975.49704747,2026-05-21 04:00:00+00:00
1779337800000,1.90353,1.90353,1.90067,1.90142,1165.95865601,2026-05-21 04:30:00+00:00
1779339600000,1.90144,1.90264,1.89848,1.89848,3288.58425429,2026-05-21 05:00:00+00:00
1779341400000,1.89614,1.89628,1.88888,1.89135,525.29773592,2026-05-21 05:30:00+00:00
1779343200000,1.88932,1.89102,1.88902,1.89102,374.76169016,2026-05-21 06:00:00+00:00
1779345000000,1.89006,1.89018,1.88458,1.88702,4023.19971397,2026-05-21 06:30:00+00:00
1779346800000,1.8829,1.88881,1.88272,1.88832,693.75354047,2026-05-21 07:00:00+00:00
1779348600000,1.88822,1.89562,1.88822,1.89562,1078.96719269,2026-05-21 07:30:00+00:00
1779350400000,1.89716,1.90586,1.89716,1.90113,4410.72419694,2026-05-21 08:00:00+00:00
1779352200000,1.89898,1.89976,1.89886,1.89922,151.49359,2026-05-21 08:30:00+00:00
1779354000000,1.89994,1.90029,1.89808,1.89916,785.98403788,2026-05-21 09:00:00+00:00
1779355800000,1.89516,1.89522,1.89223,1.89237,1264.31573323,2026-05-21 09:30:00+00:00
1779357600000,1.89236,1.89236,1.87675,1.8831,3461.65045985,2026-05-21 10:00:00+00:00
1779359400000,1.8843,1.8843,1.88282,1.88296,534.60244663,2026-05-21 10:30:00+00:00
1779361200000,1.87936,1.8837,1.87788,1.88219,2708.71866211,2026-05-21 11:00:00+00:00
1779363000000,1.88158,1.88357,1.87524,1.8754,4697.1397508,2026-05-21 11:30:00+00:00
1779364800000,1.87624,1.87689,1.87278,1.87345,934.82564126,2026-05-21 12:00:00+00:00
1779366600000,1.87441,1.87876,1.87441,1.87764,3175.62546123,2026-05-21 12:30:00+00:00
1779368400000,1.8811,1.88318,1.88038,1.88318,1686.89661968,2026-05-21 13:00:00+00:00
1779370200000,1.88287,1.88296,1.86914,1.87527,7345.21338146,2026-05-21 13:30:00+00:00
1779372000000,1.87556,1.87879,1.86331,1.86749,11340.32063977,2026-05-21 14:00:00+00:00
1779373800000,1.87264,1.87496,1.86745,1.8684,2549.7377394,2026-05-21 14:30:00+00:00
1779375600000,1.86916,1.87997,1.86738,1.8781,10775.95666707,2026-05-21 15:00:00+00:00
1779377400000,1.87981,1.87999,1.87204,1.87307,16683.43432726,2026-05-21 15:30:00+00:00
1779379200000,1.87739,1.87851,1.87419,1.87507,712.96929271,2026-05-21 16:00:00+00:00
1779381000000,1.87745,1.87885,1.87123,1.87498,3658.23915939,2026-05-21 16:30:00+00:00
1779382800000,1.87659,1.90013,1.87659,1.89941,21788.29943536,2026-05-21 17:00:00+00:00
1779384600000,1.90009,1.90653,1.89481,1.90096,25167.25466183,2026-05-21 17:30:00+00:00
1779386400000,1.90117,1.90146,1.89574,1.89804,4607.28422004,2026-05-21 18:00:00+00:00
1779388200000,1.89788,1.89952,1.88427,1.88427,1936.77556002,2026-05-21 18:30:00+00:00
1779390000000,1.89016,1.89726,1.89001,1.89385,2036.547176,2026-05-21 19:00:00+00:00
1779391800000,1.89711,1.9,1.89572,1.89951,1515.77266112,2026-05-21 19:30:00+00:00
1779393600000,1.8995,1.90018,1.89603,1.89603,4620.21645198,2026-05-21 20:00:00+00:00
1779395400000,1.89715,1.90006,1.88423,1.88423,58863.27953746,2026-05-21 20:30:00+00:00
1779397200000,1.89544,1.89723,1.89532,1.89723,2851.00776758,2026-05-21 21:00:00+00:00
1779399000000,1.89644,1.89644,1.89437,1.89494,5736.9407379,2026-05-21 21:30:00+00:00
1779400800000,1.89212,1.89409,1.8889,1.89115,23024.29656209,2026-05-21 22:00:00+00:00
1779402600000,1.8919,1.8919,1.88676,1.88852,2680.80098415,2026-05-21 22:30:00+00:00
1779404400000,1.88827,1.89023,1.88567,1.88734,801.38414272,2026-05-21 23:00:00+00:00
1779406200000,1.88734,1.89106,1.88734,1.891,3210.93221604,2026-05-21 23:30:00+00:00
1779408000000,1.89151,1.89189,1.88502,1.88656,10837.18773514,2026-05-22 00:00:00+00:00
1779409800000,1.88553,1.88553,1.88269,1.8854,1117.84826858,2026-05-22 00:30:00+00:00
1779411600000,1.88438,1.88823,1.88438,1.88532,899.05248577,2026-05-22 01:00:00+00:00
1779413400000,1.88071,1.8886,1.88067,1.88755,628.83551681,2026-05-22 01:30:00+00:00
1779415200000,1.89129,1.892,1.88939,1.88992,3856.59041245,2026-05-22 02:00:00+00:00
1779417000000,1.88728,1.89225,1.88683,1.89225,10015.07466662,2026-05-22 02:30:00+00:00
1779418800000,1.89293,1.89293,1.88938,1.8903,517.96259,2026-05-22 03:00:00+00:00
1779420600000,1.89046,1.89246,1.89007,1.89047,1658.45032523,2026-05-22 03:30:00+00:00
1779422400000,1.89339,1.895,1.89057,1.89057,3458.23351531,2026-05-22 04:00:00+00:00
1779424200000,1.88907,1.88909,1.88589,1.88801,2759.76646166,2026-05-22 04:30:00+00:00
1779426000000,1.88819,1.88819,1.88566,1.886,820.76686416,2026-05-22 05:00:00+00:00
1779427800000,1.88876,1.88968,1.88675,1.88675,608.67836792,2026-05-22 05:30:00+00:00
1779429600000,1.88535,1.88535,1.88307,1.88307,264.77835382,2026-05-22 06:00:00+00:00
1779431400000,1.88196,1.88196,1.875,1.875,2696.43025306,2026-05-22 06:30:00+00:00
1779433200000,1.87408,1.88127,1.87021,1.88127,3488.83275742,2026-05-22 07:00:00+00:00
1779435000000,1.88148,1.88457,1.88134,1.88419,166.16858451,2026-05-22 07:30:00+00:00
1779436800000,1.88233,1.88447,1.88035,1.88216,727.91858516,2026-05-22 08:00:00+00:00
1779438600000,1.87732,1.87925,1.87342,1.87618,3990.31515713,2026-05-22 08:30:00+00:00
1779440400000,1.87639,1.88029,1.8762,1.87813,773.1623,2026-05-22 09:00:00+00:00
1779442200000,1.87612,1.87653,1.87528,1.87653,1573.79379479,2026-05-22 09:30:00+00:00
1779444000000,1.87365,1.87371,1.87123,1.87296,627.51724038,2026-05-22 10:00:00+00:00
1779445800000,1.87459,1.87528,1.87422,1.87422,236.16493893,2026-05-22 10:30:00+00:00
1779447600000,1.8766,1.8766,1.86799,1.87049,2263.36554366,2026-05-22 11:00:00+00:00
1779449400000,1.8705,1.87679,1.8704,1.87581,2109.82439966,2026-05-22 11:30:00+00:00
1779451200000,1.87655,1.88254,1.87655,1.87798,19503.43670098,2026-05-22 12:00:00+00:00
1779453000000,1.879,1.88377,1.87802,1.8827,3498.64663091,2026-05-22 12:30:00+00:00
1779454800000,1.88276,1.88782,1.88257,1.88376,309.35584868,2026-05-22 13:00:00+00:00
1779456600000,1.88241,1.88244,1.87261,1.87666,3733.27932028,2026-05-22 13:30:00+00:00
1779458400000,1.87624,1.87624,1.86482,1.86805,3204.47289796,2026-05-22 14:00:00+00:00
1779460200000,1.86709,1.87118,1.86513,1.86711,4361.02800309,2026-05-22 14:30:00+00:00
1779462000000,1.86903,1.86991,1.86162,1.86829,3406.02162602,2026-05-22 15:00:00+00:00
1779463800000,1.8725,1.8725,1.86804,1.86986,2450.03902566,2026-05-22 15:30:00+00:00
1779465600000,1.87218,1.87218,1.865,1.86746,1742.00030503,2026-05-22 16:00:00+00:00
1779467400000,1.86823,1.86959,1.86613,1.8689,9761.5906281,2026-05-22 16:30:00+00:00
1779469200000,1.86903,1.87154,1.86487,1.87093,12386.57361,2026-05-22 17:00:00+00:00
1779471000000,1.87291,1.8758,1.86681,1.86681,11081.65656084,2026-05-22 17:30:00+00:00
1779472800000,1.86718,1.86982,1.86331,1.86734,4336.81706056,2026-05-22 18:00:00+00:00
1779474600000,1.86332,1.86344,1.84115,1.86298,25276.79672197,2026-05-22 18:30:00+00:00
1779476400000,1.8654,1.8656,1.85323,1.85341,4067.75951466,2026-05-22 19:00:00+00:00
1779478200000,1.849,1.85355,1.84381,1.85143,8971.7518897,2026-05-22 19:30:00+00:00
1779480000000,1.8508,1.85111,1.84652,1.85064,4331.68199227,2026-05-22 20:00:00+00:00
1779481800000,1.84706,1.85369,1.84439,1.85261,2434.35520364,2026-05-22 20:30:00+00:00
1779483600000,1.85282,1.85403,1.852,1.85221,789.35397543,2026-05-22 21:00:00+00:00
1779485400000,1.85381,1.8563,1.85328,1.85528,3145.36682276,2026-05-22 21:30:00+00:00
1779487200000,1.85525,1.85533,1.853,1.85301,582.37145,2026-05-22 22:00:00+00:00
1779489000000,1.85301,1.85421,1.84942,1.85041,2383.03853037,2026-05-22 22:30:00+00:00
1779490800000,1.85278,1.85438,1.84537,1.84555,2916.74175287,2026-05-22 23:00:00+00:00
1779492600000,1.84728,1.85138,1.83789,1.84323,14663.50660801,2026-05-22 23:30:00+00:00
1779494400000,1.843,1.84443,1.8401,1.84036,629.00871249,2026-05-23 00:00:00+00:00
1779496200000,1.83695,1.84394,1.83409,1.84394,4199.81790717,2026-05-23 00:30:00+00:00
1779498000000,1.84562,1.84757,1.84336,1.84609,1028.18373534,2026-05-23 01:00:00+00:00
1779499800000,1.84674,1.84913,1.84579,1.84849,2211.63852832,2026-05-23 01:30:00+00:00
1779501600000,1.84865,1.84959,1.847,1.84809,3758.62274716,2026-05-23 02:00:00+00:00
1779503400000,1.84729,1.85251,1.84729,1.8516,4005.4208,2026-05-23 02:30:00+00:00
1779505200000,1.85158,1.85301,1.85158,1.85266,224.37397,2026-05-23 03:00:00+00:00
1779507000000,1.85345,1.85363,1.8529,1.8531,562.71603,2026-05-23 03:30:00+00:00
1779508800000,1.8529,1.8529,1.84849,1.84849,2967.07187559,2026-05-23 04:00:00+00:00
1779510600000,1.84968,1.84968,1.84461,1.84461,3863.8729775,2026-05-23 04:30:00+00:00
1779512400000,1.8451,1.8451,1.83974,1.83978,1206.79741089,2026-05-23 05:00:00+00:00
1779514200000,1.83909,1.84026,1.83719,1.83927,3409.62228755,2026-05-23 05:30:00+00:00
1779516000000,1.838,1.84364,1.83633,1.84364,6592.51025778,2026-05-23 06:00:00+00:00
1779517800000,1.84246,1.84246,1.84109,1.84109,416.50240783,2026-05-23 06:30:00+00:00
1779519600000,1.84182,1.84182,1.83717,1.83949,22703.69955778,2026-05-23 07:00:00+00:00
1779521400000,1.83868,1.8403,1.8,1.81478,48915.55939218,2026-05-23 07:30:00+00:00
1779523200000,1.81391,1.82088,1.81096,1.81096,6550.05750715,2026-05-23 08:00:00+00:00
1779525000000,1.80915,1.81267,1.80915,1.81147,7351.38598683,2026-05-23 08:30:00+00:00
1779526800000,1.81355,1.81683,1.81225,1.81683,2309.91050784,2026-05-23 09:00:00+00:00
1779528600000,1.81631,1.82187,1.81631,1.82165,3530.37037336,2026-05-23 09:30:00+00:00
1779530400000,1.82171,1.82385,1.82171,1.82295,607.33460015,2026-05-23 10:00:00+00:00
1779532200000,1.82375,1.82916,1.82375,1.82869,335.46329074,2026-05-23 10:30:00+00:00
1779534000000,1.82857,1.83263,1.82857,1.83237,1673.937967,2026-05-23 11:00:00+00:00
1779535800000,1.83263,1.83264,1.8303,1.83149,2132.82786209,2026-05-23 11:30:00+00:00
1779537600000,1.8319,1.83296,1.83077,1.83161,1732.96578276,2026-05-23 12:00:00+00:00
1779539400000,1.83187,1.8334,1.83187,1.83254,1557.31030479,2026-05-23 12:30:00+00:00
1779541200000,1.83823,1.84863,1.83823,1.8464,6373.02252729,2026-05-23 13:00:00+00:00
1779543000000,1.84674,1.84751,1.84078,1.84488,2881.90804682,2026-05-23 13:30:00+00:00
1779544800000,1.84287,1.84487,1.84104,1.84316,2786.65630267,2026-05-23 14:00:00+00:00
1779546600000,1.84454,1.85188,1.84284,1.85016,5109.41642859,2026-05-23 14:30:00+00:00
1779548400000,1.85231,1.85423,1.84845,1.84845,4756.19190025,2026-05-23 15:00:00+00:00
1779550200000,1.84807,1.84842,1.84579,1.8462,5509.22003891,2026-05-23 15:30:00+00:00
1779552000000,1.8444,1.84968,1.8444,1.84569,4648.26906878,2026-05-23 16:00:00+00:00
1779553800000,1.84744,1.84995,1.84744,1.84899,993.2082666,2026-05-23 16:30:00+00:00
1779555600000,1.85011,1.85104,1.84742,1.84829,5495.69814816,2026-05-23 17:00:00+00:00
1779557400000,1.84938,1.85033,1.84781,1.85033,2605.89509101,2026-05-23 17:30:00+00:00
1779559200000,1.85003,1.86348,1.84983,1.86103,1327.21059868,2026-05-23 18:00:00+00:00
1779561000000,1.86518,1.86518,1.85909,1.85909,3141.07356981,2026-05-23 18:30:00+00:00
1779562800000,1.85636,1.86015,1.8561,1.86015,8019.48666476,2026-05-23 19:00:00+00:00
1779564600000,1.86114,1.86125,1.85897,1.86125,1936.15558466,2026-05-23 19:30:00+00:00
1779566400000,1.86118,1.86386,1.86004,1.86004,1152.70721498,2026-05-23 20:00:00+00:00
1779568200000,1.86711,1.895,1.86682,1.895,13238.69985687,2026-05-23 20:30:00+00:00
1779570000000,1.895,1.9,1.87843,1.87843,13374.90548369,2026-05-23 21:00:00+00:00
1779571800000,1.8719,1.87989,1.8718,1.87882,4888.67407044,2026-05-23 21:30:00+00:00
1779573600000,1.88349,1.88407,1.87527,1.87527,2161.80259969,2026-05-23 22:00:00+00:00
1779575400000,1.8756,1.87821,1.87135,1.87807,1498.70430241,2026-05-23 22:30:00+00:00
1779577200000,1.87715,1.87873,1.87497,1.87776,1165.77338084,2026-05-23 23:00:00+00:00
1779579000000,1.8791,1.88124,1.87791,1.87791,3918.54709493,2026-05-23 23:30:00+00:00
1779580800000,1.87776,1.87963,1.87688,1.87963,6170.17569578,2026-05-24 00:00:00+00:00
1779582600000,1.88252,1.88465,1.88179,1.88368,4637.92386836,2026-05-24 00:30:00+00:00
1779584400000,1.88278,1.88437,1.88144,1.88251,2909.87139088,2026-05-24 01:00:00+00:00
1779586200000,1.88239,1.88277,1.87828,1.87828,5471.66895144,2026-05-24 01:30:00+00:00
1779588000000,1.88063,1.88087,1.87731,1.87786,3433.68257218,2026-05-24 02:00:00+00:00
1779589800000,1.87938,1.88167,1.87877,1.88135,450.65498495,2026-05-24 02:30:00+00:00
1779591600000,1.88048,1.88371,1.88048,1.88138,346.25636049,2026-05-24 03:00:00+00:00
1779593400000,1.88178,1.88179,1.87963,1.88057,1606.01403403,2026-05-24 03:30:00+00:00
1779595200000,1.88087,1.88089,1.87854,1.87916,1066.47125243,2026-05-24 04:00:00+00:00
1779597000000,1.87894,1.88044,1.87884,1.88044,1345.97423964,2026-05-24 04:30:00+00:00
1779598800000,1.87964,1.87976,1.8782,1.87874,303.0546,2026-05-24 05:00:00+00:00
1779600600000,1.87494,1.87494,1.87494,1.87494,16.1367,2026-05-24 05:30:00+00:00
1779602400000,1.87993,1.88023,1.87907,1.87907,5408.82253243,2026-05-24 06:00:00+00:00
1779604200000,1.87907,1.87907,1.87603,1.87621,181.11445715,2026-05-24 06:30:00+00:00
1779606000000,1.88325,1.88325,1.87879,1.88017,10345.95397133,2026-05-24 07:00:00+00:00
1779607800000,1.87769,1.87769,1.87769,1.87769,68.54102,2026-05-24 07:30:00+00:00
1779609600000,1.87764,1.87764,1.87641,1.87764,43.72980133,2026-05-24 08:00:00+00:00
1779611400000,1.8797,1.87977,1.8797,1.87977,120.70305,2026-05-24 08:30:00+00:00
1779613200000,1.88104,1.88118,1.88104,1.88118,265.79182169,2026-05-24 09:00:00+00:00
1779615000000,1.88663,1.88663,1.88439,1.88482,2631.38358856,2026-05-24 09:30:00+00:00
1779616800000,1.88386,1.89244,1.88386,1.89244,1297.83068425,2026-05-24 10:00:00+00:00
1779618600000,1.89092,1.89092,1.88458,1.88458,2303.87507947,2026-05-24 10:30:00+00:00
1779620400000,1.88568,1.88819,1.88255,1.88784,8721.68721043,2026-05-24 11:00:00+00:00
1779622200000,1.88692,1.89802,1.88691,1.88962,16584.50001658,2026-05-24 11:30:00+00:00
1779624000000,1.88627,1.88627,1.87998,1.88124,2519.57096547,2026-05-24 12:00:00+00:00
1779625800000,1.88305,1.88394,1.8826,1.88283,4828.54263021,2026-05-24 12:30:00+00:00
1779627600000,1.88272,1.88304,1.88241,1.88286,502.37034448,2026-05-24 13:00:00+00:00
1779629400000,1.88166,1.88168,1.87619,1.87637,847.28596,2026-05-24 13:30:00+00:00
1779631200000,1.87713,1.87716,1.8513,1.86393,4826.60565803,2026-05-24 14:00:00+00:00
1779633000000,1.86465,1.86624,1.86406,1.86608,830.96701961,2026-05-24 14:30:00+00:00
1779634800000,1.86565,1.8659,1.86418,1.86447,532.63381914,2026-05-24 15:00:00+00:00
1779636600000,1.86504,1.86552,1.86299,1.86299,2925.8769218,2026-05-24 15:30:00+00:00
1779638400000,1.86298,1.86722,1.86298,1.86466,2613.68788792,2026-05-24 16:00:00+00:00
1779640200000,1.86444,1.86578,1.86229,1.8656,1842.856208,2026-05-24 16:30:00+00:00
1779642000000,1.86726,1.86925,1.86697,1.86874,2447.5558542,2026-05-24 17:00:00+00:00
1779643800000,1.86875,1.87097,1.86836,1.8704,2068.77307616,2026-05-24 17:30:00+00:00
1779645600000,1.86883,1.86901,1.86621,1.86621,1064.20615,2026-05-24 18:00:00+00:00
1779647400000,1.86625,1.86626,1.8625,1.86406,1126.89904843,2026-05-24 18:30:00+00:00
1779649200000,1.86363,1.86538,1.8615,1.8615,4098.82127853,2026-05-24 19:00:00+00:00
1779651000000,1.86168,1.86565,1.86144,1.86368,2325.79166697,2026-05-24 19:30:00+00:00
1779652800000,1.86482,1.86498,1.85873,1.86005,789.07913006,2026-05-24 20:00:00+00:00
1779654600000,1.86055,1.86056,1.8544,1.85719,3059.61807357,2026-05-24 20:30:00+00:00
1779656400000,1.85709,1.86007,1.85315,1.85315,8733.26176826,2026-05-24 21:00:00+00:00
1779658200000,1.85084,1.85193,1.84054,1.84348,3422.29891976,2026-05-24 21:30:00+00:00
1779660000000,1.84922,1.86413,1.84922,1.86413,2244.66521774,2026-05-24 22:00:00+00:00
1779661800000,1.86245,1.86262,1.85742,1.85989,6307.02400758,2026-05-24 22:30:00+00:00
1779663600000,1.86033,1.86166,1.86018,1.86129,2107.93233342,2026-05-24 23:00:00+00:00
1779665400000,1.86166,1.86648,1.86166,1.863,14865.35129148,2026-05-24 23:30:00+00:00
1779667200000,1.86404,1.86812,1.86404,1.86712,1870.00437908,2026-05-25 00:00:00+00:00
1779669000000,1.86909,1.8691,1.8641,1.86514,386.04838,2026-05-25 00:30:00+00:00
1779670800000,1.86384,1.86775,1.86384,1.86767,3735.20146185,2026-05-25 01:00:00+00:00
1779672600000,1.8678,1.86933,1.86115,1.86115,4030.63142,2026-05-25 01:30:00+00:00
1779674400000,1.85864,1.86966,1.85834,1.85957,1603.31754,2026-05-25 02:00:00+00:00
1779676200000,1.85972,1.85978,1.85791,1.85791,662.89790787,2026-05-25 02:30:00+00:00
1779678000000,1.8589,1.85921,1.85659,1.85659,12267.94289109,2026-05-25 03:00:00+00:00
1779679800000,1.85544,1.85895,1.8544,1.85895,11742.78467,2026-05-25 03:30:00+00:00
1779681600000,1.859,1.8591,1.85769,1.8591,31.89589,2026-05-25 04:00:00+00:00
1779683400000,1.86241,1.86272,1.86241,1.86255,919.21913,2026-05-25 04:30:00+00:00
1779685200000,1.86937,1.8735,1.86937,1.87323,713.06454214,2026-05-25 05:00:00+00:00
1779687000000,1.87375,1.87641,1.87357,1.87641,574.51913242,2026-05-25 05:30:00+00:00
1779688800000,1.87455,1.87781,1.86967,1.86967,3208.52477669,2026-05-25 06:00:00+00:00
1779690600000,1.87566,1.87566,1.87544,1.87544,31.0078,2026-05-25 06:30:00+00:00
1779692400000,1.87593,1.87859,1.86908,1.86918,1892.64017079,2026-05-25 07:00:00+00:00
1779694200000,1.86932,1.87657,1.86839,1.87657,11351.26803716,2026-05-25 07:30:00+00:00
1779696000000,1.87604,1.87616,1.87604,1.87616,106.97787,2026-05-25 08:00:00+00:00
1779697800000,1.88,1.88354,1.87512,1.87594,5428.47882071,2026-05-25 08:30:00+00:00
1779699600000,1.87586,1.87906,1.87529,1.87906,863.40466,2026-05-25 09:00:00+00:00
1779701400000,1.87908,1.87908,1.87906,1.87906,392.52816432,2026-05-25 09:30:00+00:00
1779703200000,1.87835,1.87835,1.87721,1.87721,1437.36788151,2026-05-25 10:00:00+00:00
1779705000000,1.87827,1.87859,1.8782,1.87859,17.86866893,2026-05-25 10:30:00+00:00
1779706800000,1.87843,1.87843,1.87463,1.87543,1366.78447362,2026-05-25 11:00:00+00:00
1779708600000,1.87729,1.8788,1.87365,1.87367,2588.11871661,2026-05-25 11:30:00+00:00
1779710400000,1.87386,1.87477,1.87213,1.87472,2139.93670892,2026-05-25 12:00:00+00:00
1779712200000,1.87314,1.87412,1.87244,1.8726,382.91486,2026-05-25 12:30:00+00:00
1779714000000,1.87354,1.87372,1.86511,1.87099,30952.35657812,2026-05-25 13:00:00+00:00
1779715800000,1.87137,1.87437,1.87079,1.87437,3934.26324556,2026-05-25 13:30:00+00:00
1779717600000,1.87432,1.87805,1.87432,1.87794,1035.40517723,2026-05-25 14:00:00+00:00
1779719400000,1.87597,1.8789,1.87306,1.87746,13163.3945504,2026-05-25 14:30:00+00:00
1779721200000,1.87748,1.87764,1.87315,1.87442,3738.22692795,2026-05-25 15:00:00+00:00
1779723000000,1.87338,1.8754,1.87174,1.87404,2648.90269542,2026-05-25 15:30:00+00:00
1779724800000,1.87279,1.87387,1.87091,1.87387,5521.57277,2026-05-25 16:00:00+00:00
1779726600000,1.87276,1.88003,1.87247,1.87913,815.561082,2026-05-25 16:30:00+00:00
1779728400000,1.87921,1.8801,1.87734,1.87823,4614.02283268,2026-05-25 17:00:00+00:00
1779730200000,1.87862,1.87892,1.87645,1.8775,9552.55314539,2026-05-25 17:30:00+00:00
1779732000000,1.8775,1.87939,1.8768,1.87752,1628.33773472,2026-05-25 18:00:00+00:00
1779733800000,1.87745,1.87745,1.87401,1.87401,2006.16155841,2026-05-25 18:30:00+00:00
1779735600000,1.874,1.87401,1.87141,1.87217,38576.55966406,2026-05-25 19:00:00+00:00
1779737400000,1.87204,1.8724,1.8696,1.8724,4664.60255102,2026-05-25 19:30:00+00:00
1779739200000,1.87127,1.87463,1.87127,1.87286,3483.85968075,2026-05-25 20:00:00+00:00
1779741000000,1.86566,1.86903,1.8648,1.86772,2998.23004883,2026-05-25 20:30:00+00:00
1779742800000,1.86988,1.87114,1.86908,1.87023,3811.60373579,2026-05-25 21:00:00+00:00
1779744600000,1.87015,1.87015,1.86748,1.86913,8937.59849,2026-05-25 21:30:00+00:00
1779746400000,1.86953,1.86953,1.86287,1.86333,2040.91693545,2026-05-25 22:00:00+00:00
1779748200000,1.86269,1.86436,1.85925,1.86418,1226.88597523,2026-05-25 22:30:00+00:00
1779750000000,1.86052,1.86394,1.86002,1.86362,1972.45861194,2026-05-25 23:00:00+00:00
1779751800000,1.86415,1.86433,1.86213,1.86369,3131.73045209,2026-05-25 23:30:00+00:00
1779753600000,1.86315,1.86394,1.85894,1.85934,8485.44125275,2026-05-26 00:00:00+00:00
1779755400000,1.86021,1.86046,1.84485,1.85128,12747.29655874,2026-05-26 00:30:00+00:00
1779757200000,1.85017,1.85515,1.8455,1.85196,7756.75796325,2026-05-26 01:00:00+00:00
1779759000000,1.84987,1.85105,1.84569,1.84898,4042.20978644,2026-05-26 01:30:00+00:00
1779760800000,1.84975,1.84977,1.84666,1.84785,2529.57189489,2026-05-26 02:00:00+00:00
1779762600000,1.84598,1.84848,1.845,1.84523,1679.26833002,2026-05-26 02:30:00+00:00
1779764400000,1.84414,1.84571,1.84255,1.84571,6068.50059997,2026-05-26 03:00:00+00:00
1779766200000,1.84837,1.85008,1.84744,1.84998,2302.25049979,2026-05-26 03:30:00+00:00
1779768000000,1.85085,1.85408,1.84962,1.85408,3048.01870564,2026-05-26 04:00:00+00:00
1779769800000,1.8554,1.85775,1.8554,1.857,237.56297436,2026-05-26 04:30:00+00:00
1779771600000,1.857,1.85896,1.857,1.85803,824.83219284,2026-05-26 05:00:00+00:00
1779773400000,1.86075,1.86138,1.85972,1.85972,153.16392472,2026-05-26 05:30:00+00:00
1779775200000,1.85877,1.86005,1.85712,1.85712,375.03448965,2026-05-26 06:00:00+00:00
1779777000000,1.8599,1.86072,1.8599,1.86072,1141.05896268,2026-05-26 06:30:00+00:00
1779778800000,1.85825,1.85825,1.85825,1.85825,47.27566258,2026-05-26 07:00:00+00:00
1779780600000,1.85035,1.85042,1.84814,1.84814,427.95062,2026-05-26 07:30:00+00:00
1779782400000,1.8493,1.8509,1.84878,1.84878,54.50013,2026-05-26 08:00:00+00:00
1779784200000,1.85161,1.85163,1.84883,1.84883,143.46404,2026-05-26 08:30:00+00:00
1779786000000,1.8485,1.84916,1.8485,1.84859,1013.32511,2026-05-26 09:00:00+00:00
1779787800000,1.85053,1.85062,1.84949,1.84949,361.4343,2026-05-26 09:30:00+00:00
1779789600000,1.84915,1.86801,1.84915,1.86801,604.96936159,2026-05-26 10:00:00+00:00
1779791400000,1.86954,1.87472,1.86954,1.87031,1012.3197171,2026-05-26 10:30:00+00:00
1779793200000,1.87137,1.87192,1.86557,1.86557,1197.60987371,2026-05-26 11:00:00+00:00
1779795000000,1.86748,1.86748,1.86558,1.86559,730.41076741,2026-05-26 11:30:00+00:00
1779796800000,1.86558,1.86611,1.86036,1.86308,1429.06445922,2026-05-26 12:00:00+00:00
1779798600000,1.86533,1.87063,1.86533,1.87063,227.91935645,2026-05-26 12:30:00+00:00
1779800400000,1.87083,1.87084,1.86421,1.86439,3958.30065381,2026-05-26 13:00:00+00:00
1779802200000,1.86388,1.875,1.86167,1.86889,1627.74697285,2026-05-26 13:30:00+00:00
1779804000000,1.86923,1.88162,1.86922,1.87863,4596.43276289,2026-05-26 14:00:00+00:00
1779805800000,1.87685,1.87754,1.86036,1.86465,2400.86436833,2026-05-26 14:30:00+00:00
1779807600000,1.86465,1.86566,1.85912,1.85912,1312.27261947,2026-05-26 15:00:00+00:00
1779809400000,1.85339,1.8583,1.84956,1.85587,4897.94170405,2026-05-26 15:30:00+00:00
1779811200000,1.85552,1.85552,1.84615,1.85064,6848.07147663,2026-05-26 16:00:00+00:00
1779813000000,1.8524,1.85407,1.84943,1.85038,3003.85049662,2026-05-26 16:30:00+00:00
1779814800000,1.84991,1.85112,1.83663,1.83714,6191.11127976,2026-05-26 17:00:00+00:00
1779816600000,1.83497,1.84488,1.83247,1.84191,7478.87669752,2026-05-26 17:30:00+00:00
1779818400000,1.83837,1.84716,1.83819,1.84475,1815.7401829,2026-05-26 18:00:00+00:00
1779820200000,1.84313,1.8451,1.83535,1.8375,4661.02633103,2026-05-26 18:30:00+00:00
1779822000000,1.83706,1.83731,1.83333,1.83625,1380.45071931,2026-05-26 19:00:00+00:00
1779823800000,1.83616,1.84151,1.83616,1.84001,7549.05686107,2026-05-26 19:30:00+00:00
1779825600000,1.8385,1.83931,1.83679,1.83838,540.50215527,2026-05-26 20:00:00+00:00
1779827400000,1.84017,1.84079,1.83829,1.83943,2106.37022083,2026-05-26 20:30:00+00:00
1779829200000,1.83968,1.84007,1.83339,1.84007,4963.33452809,2026-05-26 21:00:00+00:00
1779831000000,1.84034,1.84146,1.83651,1.83768,4891.25081988,2026-05-26 21:30:00+00:00
1779832800000,1.83858,1.83896,1.83456,1.83624,1609.72223386,2026-05-26 22:00:00+00:00
1779834600000,1.83662,1.83774,1.8333,1.83471,2891.42818734,2026-05-26 22:30:00+00:00
1779836400000,1.83688,1.83688,1.83443,1.83548,1175.27696459,2026-05-26 23:00:00+00:00
1779838200000,1.83516,1.83633,1.83285,1.83285,2228.12226364,2026-05-26 23:30:00+00:00
1779840000000,1.83408,1.83742,1.83398,1.83487,1595.96626485,2026-05-27 00:00:00+00:00
1779841800000,1.8362,1.83785,1.8327,1.83698,1979.8956866,2026-05-27 00:30:00+00:00
1779843600000,1.83757,1.83867,1.83471,1.83484,226.41902,2026-05-27 01:00:00+00:00
1779845400000,1.83695,1.8387,1.83624,1.83624,4631.02651353,2026-05-27 01:30:00+00:00
1779847200000,1.83568,1.83568,1.83,1.83,3005.56016781,2026-05-27 02:00:00+00:00
1779849000000,1.83201,1.83548,1.83192,1.83548,1671.31020553,2026-05-27 02:30:00+00:00
1779850800000,1.83574,1.83955,1.83482,1.83955,8358.38733738,2026-05-27 03:00:00+00:00
1779852600000,1.83703,1.83703,1.83103,1.83171,2693.01371425,2026-05-27 03:30:00+00:00
1779854400000,1.83123,1.83124,1.82723,1.82778,3094.72362452,2026-05-27 04:00:00+00:00
1779856200000,1.82778,1.8349,1.82456,1.83399,8486.63631981,2026-05-27 04:30:00+00:00
1779858000000,1.837,1.8374,1.83581,1.8374,2046.20933975,2026-05-27 05:00:00+00:00
1779859800000,1.8362,1.83745,1.83605,1.83745,55132.61713217,2026-05-27 05:30:00+00:00
1779861600000,1.83754,1.83852,1.83741,1.83784,723.7648544,2026-05-27 06:00:00+00:00
1779863400000,1.83916,1.8449,1.83916,1.84391,217.99480824,2026-05-27 06:30:00+00:00
1779865200000,1.84285,1.84404,1.84185,1.84204,2576.78257578,2026-05-27 07:00:00+00:00
1779867000000,1.84222,1.84222,1.83882,1.83882,130.15353,2026-05-27 07:30:00+00:00
1779868800000,1.83942,1.84675,1.83745,1.84675,1602.57427658,2026-05-27 08:00:00+00:00
1779870600000,1.84675,1.84675,1.84271,1.84289,2455.99435382,2026-05-27 08:30:00+00:00
1779872400000,1.84153,1.84486,1.83446,1.83518,16864.71337365,2026-05-27 09:00:00+00:00
1779874200000,1.8375,1.83946,1.83539,1.8354,349.14817269,2026-05-27 09:30:00+00:00
1779876000000,1.83596,1.84225,1.83596,1.84109,10747.14829945,2026-05-27 10:00:00+00:00
1779877800000,1.83819,1.83985,1.83662,1.83953,1769.63202416,2026-05-27 10:30:00+00:00
1779879600000,1.8408,1.84387,1.8408,1.84387,893.76028,2026-05-27 11:00:00+00:00
1779881400000,1.83978,1.84105,1.8376,1.8384,2580.3102361,2026-05-27 11:30:00+00:00
1779883200000,1.83646,1.85047,1.83046,1.84332,1187.34313588,2026-05-27 12:00:00+00:00
1779885000000,1.84239,1.84613,1.8393,1.8393,4905.24857069,2026-05-27 12:30:00+00:00
1779886800000,1.84072,1.84078,1.83005,1.8325,14399.15127659,2026-05-27 13:00:00+00:00
1779888600000,1.82871,1.83122,1.82292,1.82844,2750.52985251,2026-05-27 13:30:00+00:00
1779890400000,1.83232,1.83447,1.82108,1.82108,8729.95228951,2026-05-27 14:00:00+00:00
1779892200000,1.82509,1.83899,1.82508,1.83827,6873.11008759,2026-05-27 14:30:00+00:00
1779894000000,1.84089,1.85195,1.84089,1.84992,11365.74931338,2026-05-27 15:00:00+00:00
1779895800000,1.85121,1.85216,1.84301,1.84449,12870.87282801,2026-05-27 15:30:00+00:00
1779897600000,1.84902,1.84908,1.83815,1.83967,3722.28025417,2026-05-27 16:00:00+00:00
1779899400000,1.8384,1.83921,1.83422,1.83921,3267.46340715,2026-05-27 16:30:00+00:00
1779901200000,1.83965,1.83983,1.82531,1.82976,1482.82237831,2026-05-27 17:00:00+00:00
1779903000000,1.82817,1.82817,1.82024,1.82393,6686.70927386,2026-05-27 17:30:00+00:00
1779904800000,1.82226,1.82662,1.82208,1.82632,4477.3569308,2026-05-27 18:00:00+00:00
1779906600000,1.82573,1.83267,1.825,1.83191,1764.49740933,2026-05-27 18:30:00+00:00
1779908400000,1.83594,1.84134,1.83483,1.83962,1588.24535411,2026-05-27 19:00:00+00:00
1779910200000,1.83887,1.84037,1.83573,1.83753,14182.95624566,2026-05-27 19:30:00+00:00
1779912000000,1.83706,1.84224,1.83706,1.83787,4160.94041766,2026-05-27 20:00:00+00:00
1779913800000,1.83821,1.8397,1.83487,1.83751,973.86601234,2026-05-27 20:30:00+00:00
1779915600000,1.83789,1.84192,1.83789,1.83975,4416.80425433,2026-05-27 21:00:00+00:00
1779917400000,1.8376,1.8376,1.81512,1.82047,4886.79025439,2026-05-27 21:30:00+00:00
1779919200000,1.81948,1.82099,1.81236,1.81848,4159.57438416,2026-05-27 22:00:00+00:00
1779921000000,1.8163,1.81831,1.81246,1.81385,36480.17775397,2026-05-27 22:30:00+00:00
1779922800000,1.81329,1.81329,1.8037,1.8037,12176.79319319,2026-05-27 23:00:00+00:00
1779924600000,1.80428,1.81042,1.8041,1.80992,2829.30978946,2026-05-27 23:30:00+00:00
1779926400000,1.80985,1.81323,1.8077,1.81043,10093.03675109,2026-05-28 00:00:00+00:00
1779928200000,1.81193,1.81308,1.80856,1.81224,3958.77821132,2026-05-28 00:30:00+00:00
1779930000000,1.81193,1.81214,1.79789,1.80914,33030.76936306,2026-05-28 01:00:00+00:00
1779931800000,1.80322,1.80607,1.7975,1.80422,13603.0932183,2026-05-28 01:30:00+00:00
1779933600000,1.80468,1.80709,1.80158,1.80497,4453.83486271,2026-05-28 02:00:00+00:00
1779935400000,1.80311,1.804,1.80024,1.80236,7044.3178,2026-05-28 02:30:00+00:00
1779937200000,1.80111,1.80301,1.77952,1.78509,34989.45676178,2026-05-28 03:00:00+00:00
1779939000000,1.78509,1.78607,1.76725,1.77282,9394.02180213,2026-05-28 03:30:00+00:00
1779940800000,1.77309,1.77649,1.75908,1.76578,6144.705545,2026-05-28 04:00:00+00:00
1779942600000,1.76577,1.77859,1.76477,1.77776,14684.36438752,2026-05-28 04:30:00+00:00
1779944400000,1.77843,1.77935,1.7714,1.77248,8624.66461659,2026-05-28 05:00:00+00:00
1779946200000,1.77412,1.77956,1.77391,1.77731,3620.68169584,2026-05-28 05:30:00+00:00
1779948000000,1.77678,1.77894,1.77443,1.77467,3406.48406881,2026-05-28 06:00:00+00:00
1779949800000,1.77516,1.78422,1.77352,1.78157,3741.95221,2026-05-28 06:30:00+00:00
1779951600000,1.78215,1.78924,1.78114,1.78824,792.74193192,2026-05-28 07:00:00+00:00
1779953400000,1.78739,1.7898,1.78556,1.7898,1619.86891076,2026-05-28 07:30:00+00:00
1779955200000,1.78803,1.78959,1.78217,1.78217,1063.99505736,2026-05-28 08:00:00+00:00
1779957000000,1.78203,1.78595,1.78203,1.78499,800.15640001,2026-05-28 08:30:00+00:00
1779958800000,1.78535,1.78774,1.7845,1.78774,407.68124,2026-05-28 09:00:00+00:00
1779960600000,1.78777,1.79083,1.78777,1.79083,1985.05436903,2026-05-28 09:30:00+00:00
1779962400000,1.7922,1.79438,1.78972,1.78982,7703.04351224,2026-05-28 10:00:00+00:00
1779964200000,1.78816,1.79197,1.78501,1.78531,1946.18142552,2026-05-28 10:30:00+00:00
1779966000000,1.78374,1.78642,1.78374,1.78463,1334.15035882,2026-05-28 11:00:00+00:00
1779967800000,1.78178,1.78297,1.78005,1.78237,6262.61499334,2026-05-28 11:30:00+00:00
1779969600000,1.78261,1.78389,1.77712,1.77712,3516.81011355,2026-05-28 12:00:00+00:00
1779971400000,1.78057,1.7911,1.77784,1.79093,9733.3699158,2026-05-28 12:30:00+00:00
1779973200000,1.79561,1.79561,1.78964,1.79485,3058.07994553,2026-05-28 13:00:00+00:00
1779975000000,1.79289,1.79389,1.78402,1.79389,19274.09505285,2026-05-28 13:30:00+00:00
1779976800000,1.79302,1.80916,1.77953,1.79536,28008.5432807,2026-05-28 14:00:00+00:00
1779978600000,1.79619,1.79758,1.7896,1.79659,2647.05148566,2026-05-28 14:30:00+00:00
1779980400000,1.79532,1.79717,1.78649,1.79398,9444.932248,2026-05-28 15:00:00+00:00
1779982200000,1.795,1.81203,1.795,1.80831,9572.84719153,2026-05-28 15:30:00+00:00
1779984000000,1.80835,1.81764,1.80288,1.81764,4652.68358719,2026-05-28 16:00:00+00:00
1779985800000,1.81352,1.82928,1.8129,1.82304,16263.0020185,2026-05-28 16:30:00+00:00
1779987600000,1.81897,1.82504,1.81419,1.82198,10659.50794342,2026-05-28 17:00:00+00:00
1779989400000,1.822,1.82899,1.822,1.82431,4833.36413,2026-05-28 17:30:00+00:00
1779991200000,1.83118,1.8396,1.83118,1.83555,11086.95504257,2026-05-28 18:00:00+00:00
1779993000000,1.83663,1.84057,1.83517,1.83517,10493.5206465,2026-05-28 18:30:00+00:00
1779994800000,1.83517,1.83517,1.82313,1.82413,8985.90494665,2026-05-28 19:00:00+00:00
1779996600000,1.8203,1.82048,1.81154,1.81154,3853.0607052,2026-05-28 19:30:00+00:00
1779998400000,1.8116,1.81963,1.80626,1.81963,10325.91365163,2026-05-28 20:00:00+00:00
1780000200000,1.81829,1.82433,1.81755,1.81781,11537.35739293,2026-05-28 20:30:00+00:00
1780002000000,1.81612,1.82038,1.81301,1.81916,6049.31395228,2026-05-28 21:00:00+00:00
1780003800000,1.81734,1.81975,1.81734,1.81949,1412.94493062,2026-05-28 21:30:00+00:00
1780005600000,1.81965,1.82067,1.8118,1.8118,12235.90047089,2026-05-28 22:00:00+00:00
1780007400000,1.81119,1.81119,1.80601,1.81065,3820.6280419,2026-05-28 22:30:00+00:00
1780009200000,1.81009,1.81248,1.80991,1.81188,2252.05909229,2026-05-28 23:00:00+00:00
1780011000000,1.8126,1.8126,1.80882,1.81068,2729.07417555,2026-05-28 23:30:00+00:00
1780012800000,1.81435,1.81672,1.8139,1.81457,8623.85420391,2026-05-29 00:00:00+00:00
1780014600000,1.81381,1.8141,1.80987,1.81025,1148.59346817,2026-05-29 00:30:00+00:00
1780016400000,1.81227,1.81317,1.80169,1.8029,11964.24260209,2026-05-29 01:00:00+00:00
1780018200000,1.80313,1.80497,1.80076,1.80402,2016.0595965,2026-05-29 01:30:00+00:00
1780020000000,1.80279,1.80449,1.80029,1.80029,3013.13381459,2026-05-29 02:00:00+00:00
1780021800000,1.8001,1.80499,1.7967,1.7967,3179.73306571,2026-05-29 02:30:00+00:00
1780023600000,1.79736,1.80706,1.79736,1.80572,4383.12382069,2026-05-29 03:00:00+00:00
1780025400000,1.80617,1.80868,1.80617,1.8076,3604.90665795,2026-05-29 03:30:00+00:00
1780027200000,1.80784,1.80788,1.79735,1.80053,6602.02939114,2026-05-29 04:00:00+00:00
1780029000000,1.80054,1.80502,1.80054,1.80426,1127.76555513,2026-05-29 04:30:00+00:00
1780030800000,1.80474,1.8083,1.8042,1.80563,2262.12469223,2026-05-29 05:00:00+00:00
1780032600000,1.80415,1.80924,1.80397,1.80895,101.89365,2026-05-29 05:30:00+00:00
1780034400000,1.81038,1.81886,1.81038,1.8188,1674.7677171,2026-05-29 06:00:00+00:00
1780036200000,1.8131,1.81503,1.8131,1.81503,820.68929393,2026-05-29 06:30:00+00:00
1780038000000,1.81341,1.81813,1.81341,1.81813,267.40262,2026-05-29 07:00:00+00:00
1780039800000,1.8146,1.8146,1.80722,1.81129,564.96108437,2026-05-29 07:30:00+00:00
1780041600000,1.81553,1.82213,1.81553,1.82213,1224.06488661,2026-05-29 08:00:00+00:00
1780043400000,1.82289,1.82342,1.82202,1.82202,1964.59140512,2026-05-29 08:30:00+00:00
1780045200000,1.82284,1.82632,1.82252,1.82632,26.5051746,2026-05-29 09:00:00+00:00
1780047000000,1.83021,1.83144,1.82739,1.82739,971.55743,2026-05-29 09:30:00+00:00
1780048800000,1.82759,1.82759,1.82109,1.8215,3002.87261265,2026-05-29 10:00:00+00:00
1780050600000,1.8191,1.8219,1.81776,1.8205,3469.10167104,2026-05-29 10:30:00+00:00
1780052400000,1.81895,1.81895,1.81528,1.8154,2892.66004,2026-05-29 11:00:00+00:00
1780054200000,1.8155,1.8155,1.80521,1.8076,2487.00707741,2026-05-29 11:30:00+00:00
1780056000000,1.80881,1.80881,1.80364,1.80437,1594.11907749,2026-05-29 12:00:00+00:00
1780057800000,1.80617,1.80617,1.80049,1.80134,3215.1636655,2026-05-29 12:30:00+00:00
1780059600000,1.80032,1.80032,1.79482,1.79844,6956.20328437,2026-05-29 13:00:00+00:00
1780061400000,1.79735,1.80074,1.79076,1.79801,2716.08646256,2026-05-29 13:30:00+00:00
1780063200000,1.80184,1.80315,1.78817,1.79818,7829.9604261,2026-05-29 14:00:00+00:00
1780065000000,1.79755,1.80162,1.78554,1.79777,8513.77030544,2026-05-29 14:30:00+00:00
1780066800000,1.8016,1.82052,1.79996,1.82052,11445.82141492,2026-05-29 15:00:00+00:00
1780068600000,1.82406,1.83314,1.81726,1.81979,12296.65025651,2026-05-29 15:30:00+00:00
1780070400000,1.82275,1.82653,1.81445,1.81589,10758.61044396,2026-05-29 16:00:00+00:00
1780072200000,1.81831,1.83391,1.81819,1.82891,22706.50673792,2026-05-29 16:30:00+00:00
1780074000000,1.82952,1.8367,1.82579,1.83262,11770.24413001,2026-05-29 17:00:00+00:00
1780075800000,1.83239,1.83546,1.82434,1.82434,3263.12200701,2026-05-29 17:30:00+00:00
1780077600000,1.82511,1.83245,1.82332,1.82495,26525.60373161,2026-05-29 18:00:00+00:00
1780079400000,1.82648,1.82648,1.81651,1.81651,2933.20243,2026-05-29 18:30:00+00:00
1780081200000,1.81303,1.81836,1.80821,1.81008,6349.45854968,2026-05-29 19:00:00+00:00
1780083000000,1.81023,1.82309,1.81023,1.82009,2332.7898837,2026-05-29 19:30:00+00:00
1780084800000,1.82036,1.82449,1.81924,1.82183,2099.20896456,2026-05-29 20:00:00+00:00
1780086600000,1.82414,1.82652,1.8196,1.8196,1695.61684239,2026-05-29 20:30:00+00:00
1780088400000,1.82375,1.82761,1.82306,1.82316,1442.48198883,2026-05-29 21:00:00+00:00
1780090200000,1.82023,1.82171,1.81594,1.81599,2217.78102542,2026-05-29 21:30:00+00:00
1780092000000,1.81831,1.81977,1.81198,1.81957,1480.28979658,2026-05-29 22:00:00+00:00
1780093800000,1.82103,1.82201,1.81874,1.82089,3729.35796219,2026-05-29 22:30:00+00:00
1780095600000,1.82066,1.82885,1.82003,1.82708,6089.13412461,2026-05-29 23:00:00+00:00
1780097400000,1.82663,1.83464,1.82418,1.83433,3808.810374,2026-05-29 23:30:00+00:00
1780099200000,1.83324,1.84508,1.83245,1.83715,3564.38599417,2026-05-30 00:00:00+00:00
1780101000000,1.8355,1.86132,1.83444,1.85921,10904.46112615,2026-05-30 00:30:00+00:00
1780102800000,1.86025,1.8827,1.85547,1.87943,34592.3243551,2026-05-30 01:00:00+00:00
1780104600000,1.87627,1.88378,1.87118,1.87123,16679.68186556,2026-05-30 01:30:00+00:00
1780106400000,1.87149,1.88094,1.87041,1.87041,1709.08918786,2026-05-30 02:00:00+00:00
1780108200000,1.86887,1.87694,1.86887,1.8768,2748.64192716,2026-05-30 02:30:00+00:00
1780110000000,1.87376,1.8781,1.86829,1.87166,10672.6761888,2026-05-30 03:00:00+00:00
1780111800000,1.87123,1.8724,1.86172,1.86272,31502.32540612,2026-05-30 03:30:00+00:00
1780113600000,1.8626,1.8626,1.84687,1.84705,4567.79702999,2026-05-30 04:00:00+00:00
1780115400000,1.84572,1.85215,1.84405,1.85215,4025.22753075,2026-05-30 04:30:00+00:00
1780117200000,1.85181,1.86004,1.85086,1.85402,3346.72100929,2026-05-30 05:00:00+00:00
1780119000000,1.854,1.85912,1.854,1.85912,678.26771044,2026-05-30 05:30:00+00:00
1780120800000,1.85955,1.85965,1.85338,1.85448,1005.32817873,2026-05-30 06:00:00+00:00
1780122600000,1.85523,1.85763,1.85333,1.8537,1079.81231336,2026-05-30 06:30:00+00:00
1780124400000,1.85474,1.85509,1.85145,1.85284,275.26923511,2026-05-30 07:00:00+00:00
1780126200000,1.85221,1.85368,1.84772,1.85044,2587.964914,2026-05-30 07:30:00+00:00
1780128000000,1.85058,1.85058,1.84867,1.8495,98.800886,2026-05-30 08:00:00+00:00
1780129800000,1.84831,1.84963,1.84809,1.84832,268.81115,2026-05-30 08:30:00+00:00
1780131600000,1.8473,1.85346,1.84675,1.85346,805.022664,2026-05-30 09:00:00+00:00
1780133400000,1.85338,1.85338,1.85246,1.85246,110.966586,2026-05-30 09:30:00+00:00
1780135200000,1.85274,1.85274,1.84904,1.84904,3547.94564963,2026-05-30 10:00:00+00:00
1780137000000,1.85023,1.8504,1.84865,1.85005,3962.76156091,2026-05-30 10:30:00+00:00
1780138800000,1.84969,1.84969,1.846,1.84674,155.55977839,2026-05-30 11:00:00+00:00
1780140600000,1.84587,1.85224,1.84587,1.84877,694.94642582,2026-05-30 11:30:00+00:00
1780142400000,1.84869,1.84966,1.84633,1.84966,676.5236421,2026-05-30 12:00:00+00:00
1780144200000,1.85023,1.85058,1.84547,1.84705,3462.0710721,2026-05-30 12:30:00+00:00
1780146000000,1.84819,1.84946,1.84663,1.84946,4533.95357232,2026-05-30 13:00:00+00:00
1780147800000,1.84638,1.84797,1.84486,1.84797,5214.51279438,2026-05-30 13:30:00+00:00
1780149600000,1.84932,1.85346,1.84799,1.85346,822.01614347,2026-05-30 14:00:00+00:00
1780151400000,1.85234,1.8572,1.85023,1.8515,2128.3218638,2026-05-30 14:30:00+00:00
1780153200000,1.8522,1.85375,1.8509,1.85162,4401.86571244,2026-05-30 15:00:00+00:00
1780155000000,1.85191,1.85434,1.8479,1.85168,1251.97651437,2026-05-30 15:30:00+00:00
1780156800000,1.85167,1.85849,1.84984,1.85731,5101.63549046,2026-05-30 16:00:00+00:00
1780158600000,1.85608,1.85958,1.85511,1.85911,8148.80381636,2026-05-30 16:30:00+00:00
1780160400000,1.85939,1.86334,1.85705,1.86152,3494.91579898,2026-05-30 17:00:00+00:00
1780162200000,1.85715,1.86588,1.85697,1.86574,103.65167054,2026-05-30 17:30:00+00:00
1780164000000,1.86492,1.86504,1.86151,1.86151,661.08344304,2026-05-30 18:00:00+00:00
1780165800000,1.861,1.86581,1.861,1.86581,573.34263463,2026-05-30 18:30:00+00:00
1780167600000,1.86512,1.86512,1.8582,1.8582,4902.5400448,2026-05-30 19:00:00+00:00
1780169400000,1.85823,1.86003,1.85599,1.85894,2808.73843793,2026-05-30 19:30:00+00:00
1780171200000,1.86014,1.86105,1.8599,1.86105,3812.62404889,2026-05-30 20:00:00+00:00
1780173000000,1.85909,1.85934,1.85686,1.85828,6587.27735997,2026-05-30 20:30:00+00:00
1780174800000,1.85981,1.86267,1.85886,1.86267,1264.24265,2026-05-30 21:00:00+00:00
1780176600000,1.8622,1.86334,1.8622,1.8631,690.66290211,2026-05-30 21:30:00+00:00
1780178400000,1.861,1.861,1.85092,1.85224,7382.5294143,2026-05-30 22:00:00+00:00
1780180200000,1.85215,1.85235,1.84547,1.85127,3400.13639708,2026-05-30 22:30:00+00:00
1780182000000,1.85224,1.85224,1.84864,1.8497,385.32126913,2026-05-30 23:00:00+00:00
1780183800000,1.85046,1.85046,1.84598,1.84849,3259.99219846,2026-05-30 23:30:00+00:00
1780185600000,1.84799,1.84834,1.84574,1.84798,1182.19510438,2026-05-31 00:00:00+00:00
1780187400000,1.84536,1.84724,1.84477,1.84724,2798.64645679,2026-05-31 00:30:00+00:00
1780189200000,1.84984,1.85223,1.84956,1.85,2323.55421902,2026-05-31 01:00:00+00:00
1780191000000,1.84984,1.85262,1.84873,1.84957,901.02309,2026-05-31 01:30:00+00:00
1780192800000,1.84961,1.85302,1.8495,1.8495,1400.77740541,2026-05-31 02:00:00+00:00
1780194600000,1.8465,1.85201,1.84339,1.8514,6571.20907388,2026-05-31 02:30:00+00:00
1780196400000,1.85189,1.8534,1.8502,1.8534,1895.68668319,2026-05-31 03:00:00+00:00
1780198200000,1.85321,1.8549,1.85141,1.8549,956.09573,2026-05-31 03:30:00+00:00
1780200000000,1.85475,1.85568,1.85314,1.85568,1144.29779291,2026-05-31 04:00:00+00:00
1780201800000,1.85389,1.85634,1.85389,1.85634,1242.41438825,2026-05-31 04:30:00+00:00
1780203600000,1.855,1.855,1.8541,1.85411,472.10028719,2026-05-31 05:00:00+00:00
1780205400000,1.85494,1.85494,1.85159,1.85275,1591.49390064,2026-05-31 05:30:00+00:00
1780207200000,1.84978,1.85042,1.84978,1.84978,627.75142532,2026-05-31 06:00:00+00:00
1780209000000,1.84981,1.85014,1.8482,1.8482,768.04905812,2026-05-31 06:30:00+00:00
1780210800000,1.84653,1.84653,1.84131,1.84133,1144.50079893,2026-05-31 07:00:00+00:00
1780212600000,1.84,1.84214,1.84,1.84117,498.14137932,2026-05-31 07:30:00+00:00
1780214400000,1.84136,1.84431,1.84136,1.84431,974.15306,2026-05-31 08:00:00+00:00
1780216200000,1.8438,1.84457,1.84339,1.84406,444.09529,2026-05-31 08:30:00+00:00
1780218000000,1.84515,1.84515,1.84515,1.84515,37.7512,2026-05-31 09:00:00+00:00
1780219800000,1.84919,1.84919,1.84558,1.84558,241.69822087,2026-05-31 09:30:00+00:00
1780221600000,1.84516,1.84516,1.84062,1.84209,285.36387215,2026-05-31 10:00:00+00:00
1780223400000,1.84333,1.84333,1.8408,1.8408,9.33565,2026-05-31 10:30:00+00:00
1780225200000,1.84412,1.84492,1.84328,1.84492,94.21716,2026-05-31 11:00:00+00:00
1780227000000,1.84949,1.85039,1.84893,1.85021,253.231671,2026-05-31 11:30:00+00:00
1780228800000,1.85008,1.85023,1.84671,1.85,515.10694634,2026-05-31 12:00:00+00:00
1780230600000,1.85151,1.85183,1.85,1.85,811.64682081,2026-05-31 12:30:00+00:00
1780232400000,1.85174,1.85765,1.85027,1.85568,1692.65596358,2026-05-31 13:00:00+00:00
1780234200000,1.8565,1.85729,1.85211,1.85211,998.04685414,2026-05-31 13:30:00+00:00
1780236000000,1.8521,1.8521,1.82959,1.83593,14428.64481365,2026-05-31 14:00:00+00:00
1780237800000,1.83509,1.83705,1.82991,1.83476,1349.79543647,2026-05-31 14:30:00+00:00
1780239600000,1.83462,1.84111,1.83401,1.8403,21705.465331,2026-05-31 15:00:00+00:00
1780241400000,1.83954,1.83997,1.8348,1.83507,558.74196121,2026-05-31 15:30:00+00:00
1780243200000,1.83364,1.83785,1.8256,1.83179,20972.75187485,2026-05-31 16:00:00+00:00
1780245000000,1.83185,1.83185,1.82574,1.83033,2491.87376151,2026-05-31 16:30:00+00:00
1780246800000,1.83205,1.83335,1.83078,1.83265,7129.52073825,2026-05-31 17:00:00+00:00
1780248600000,1.83504,1.83635,1.83482,1.83519,1268.32315,2026-05-31 17:30:00+00:00
1780250400000,1.8332,1.83344,1.83053,1.83181,3100.68109606,2026-05-31 18:00:00+00:00
1780252200000,1.83091,1.83205,1.82934,1.82979,791.08023404,2026-05-31 18:30:00+00:00
1780254000000,1.82946,1.82946,1.82472,1.82472,7630.10819967,2026-05-31 19:00:00+00:00
1780255800000,1.8251,1.82722,1.82221,1.82722,5756.4240789,2026-05-31 19:30:00+00:00
1780257600000,1.83277,1.83453,1.832,1.8334,2624.31204463,2026-05-31 20:00:00+00:00
1780259400000,1.83295,1.83492,1.83166,1.83492,1069.23962661,2026-05-31 20:30:00+00:00
1780261200000,1.83511,1.83511,1.8324,1.83365,746.0885791,2026-05-31 21:00:00+00:00
1780263000000,1.83359,1.84042,1.83359,1.83948,1522.98237315,2026-05-31 21:30:00+00:00
1780264800000,1.84151,1.84706,1.83862,1.84207,1160.06321818,2026-05-31 22:00:00+00:00
1780266600000,1.84581,1.84595,1.84263,1.84339,1637.32979052,2026-05-31 22:30:00+00:00
1780268400000,1.8446,1.84966,1.83924,1.83938,5649.89274535,2026-05-31 23:00:00+00:00
1780270200000,1.83903,1.83904,1.83017,1.83719,7394.01445734,2026-05-31 23:30:00+00:00
1780272000000,1.83815,1.84407,1.83537,1.84051,4070.13338243,2026-06-01 00:00:00+00:00
1780273800000,1.84686,1.84785,1.83914,1.84501,2197.89088204,2026-06-01 00:30:00+00:00
1780275600000,1.84477,1.84488,1.83261,1.83261,5397.95427242,2026-06-01 01:00:00+00:00
1780277400000,1.83274,1.83468,1.82447,1.82466,2194.09070768,2026-06-01 01:30:00+00:00
1780279200000,1.82319,1.8312,1.82221,1.82751,963.40430169,2026-06-01 02:00:00+00:00
1780281000000,1.82751,1.84057,1.82632,1.83595,940.96059994,2026-06-01 02:30:00+00:00
1780282800000,1.83709,1.84192,1.83686,1.83922,2771.7725,2026-06-01 03:00:00+00:00
1780284600000,1.84173,1.84173,1.83781,1.838,1487.28977653,2026-06-01 03:30:00+00:00
1780286400000,1.83886,1.83909,1.82241,1.82358,5464.24196402,2026-06-01 04:00:00+00:00
1780288200000,1.82346,1.82596,1.81951,1.81984,1332.08531363,2026-06-01 04:30:00+00:00
1780290000000,1.82293,1.82297,1.81715,1.81746,1188.36815,2026-06-01 05:00:00+00:00
1780291800000,1.81861,1.82113,1.81591,1.81937,3735.90236129,2026-06-01 05:30:00+00:00
1780293600000,1.81661,1.81697,1.80974,1.81236,2287.04432322,2026-06-01 06:00:00+00:00
1780295400000,1.81112,1.81365,1.80699,1.81365,4366.66900098,2026-06-01 06:30:00+00:00
1780297200000,1.81087,1.81174,1.80699,1.80808,1811.49916699,2026-06-01 07:00:00+00:00
1780299000000,1.80698,1.80708,1.79812,1.79812,4095.19772532,2026-06-01 07:30:00+00:00
1780300800000,1.80103,1.80347,1.79624,1.79624,2091.49412684,2026-06-01 08:00:00+00:00
1780302600000,1.79549,1.7991,1.79347,1.79866,2229.19003651,2026-06-01 08:30:00+00:00
1780304400000,1.80088,1.80875,1.80088,1.80723,2604.35415003,2026-06-01 09:00:00+00:00
1780306200000,1.8039,1.80687,1.80137,1.80139,312.13011261,2026-06-01 09:30:00+00:00
1780308000000,1.80279,1.80284,1.79852,1.79853,961.13908163,2026-06-01 10:00:00+00:00
1780309800000,1.79853,1.80543,1.79836,1.80403,1223.45617097,2026-06-01 10:30:00+00:00
1780311600000,1.8055,1.8064,1.80393,1.80563,1577.0101281,2026-06-01 11:00:00+00:00
1780313400000,1.80393,1.80729,1.79922,1.80006,4956.7008095,2026-06-01 11:30:00+00:00
1780315200000,1.80216,1.80651,1.79307,1.8065,5471.768799,2026-06-01 12:00:00+00:00
1780317000000,1.80412,1.80483,1.79922,1.79922,4776.54918106,2026-06-01 12:30:00+00:00
1780318800000,1.7983,1.79849,1.79098,1.79388,13556.40190244,2026-06-01 13:00:00+00:00
1780320600000,1.79407,1.79745,1.78,1.78531,39449.66194508,2026-06-01 13:30:00+00:00
1780322400000,1.78801,1.78801,1.77545,1.77583,11021.50165711,2026-06-01 14:00:00+00:00
1780324200000,1.77529,1.77961,1.77337,1.77603,13571.11488151,2026-06-01 14:30:00+00:00
1780326000000,1.77649,1.77952,1.76986,1.76988,21370.81551104,2026-06-01 15:00:00+00:00
1780327800000,1.76953,1.78277,1.76953,1.77189,7147.20506792,2026-06-01 15:30:00+00:00
1780329600000,1.77496,1.77727,1.7705,1.77727,5169.89291208,2026-06-01 16:00:00+00:00
1780331400000,1.77727,1.78569,1.77727,1.78569,12485.55767683,2026-06-01 16:30:00+00:00
1780333200000,1.78781,1.79667,1.78781,1.79617,19007.434676,2026-06-01 17:00:00+00:00
1780335000000,1.80015,1.8022,1.79775,1.79787,8363.18859135,2026-06-01 17:30:00+00:00
1780336800000,1.7982,1.7982,1.79046,1.79615,9428.42672623,2026-06-01 18:00:00+00:00
1780338600000,1.79692,1.80138,1.79233,1.79249,3055.96637991,2026-06-01 18:30:00+00:00
1780340400000,1.79111,1.79623,1.79039,1.79623,11337.87439936,2026-06-01 19:00:00+00:00
1780342200000,1.79755,1.79911,1.79631,1.7978,4486.51713732,2026-06-01 19:30:00+00:00
1780344000000,1.79571,1.79693,1.79248,1.79329,11572.20600598,2026-06-01 20:00:00+00:00
1780345800000,1.79407,1.79721,1.79299,1.79653,6777.892617,2026-06-01 20:30:00+00:00
1780347600000,1.79703,1.79703,1.78776,1.78898,2138.73881927,2026-06-01 21:00:00+00:00
1780349400000,1.78945,1.78985,1.78755,1.78755,4122.47165868,2026-06-01 21:30:00+00:00
1780351200000,1.78704,1.79281,1.78098,1.79281,2420.69932497,2026-06-01 22:00:00+00:00
1780353000000,1.79172,1.79898,1.78679,1.79898,4407.31029203,2026-06-01 22:30:00+00:00
1780354800000,1.79712,1.79901,1.79036,1.7908,5110.14335307,2026-06-01 23:00:00+00:00
1780356600000,1.79116,1.79673,1.78883,1.79255,8192.55839577,2026-06-01 23:30:00+00:00
1780358400000,1.79423,1.79444,1.78168,1.78378,2169.52768914,2026-06-02 00:00:00+00:00
1780360200000,1.78385,1.78716,1.78327,1.78327,8970.76688953,2026-06-02 00:30:00+00:00
1780362000000,1.78252,1.78463,1.77731,1.77731,8985.84549724,2026-06-02 01:00:00+00:00
1780363800000,1.7785,1.7785,1.77028,1.77028,6464.49238139,2026-06-02 01:30:00+00:00
1780365600000,1.7727,1.77613,1.75637,1.77612,26888.72956815,2026-06-02 02:00:00+00:00
1780367400000,1.77645,1.77682,1.76815,1.77682,11354.93605948,2026-06-02 02:30:00+00:00
1780369200000,1.77558,1.78263,1.77457,1.77882,2326.70289226,2026-06-02 03:00:00+00:00
1780371000000,1.77878,1.78311,1.77878,1.78282,3399.03988461,2026-06-02 03:30:00+00:00
1780372800000,1.78191,1.78361,1.77358,1.77996,3436.44139041,2026-06-02 04:00:00+00:00
1780374600000,1.78076,1.7808,1.7719,1.77245,1564.33017169,2026-06-02 04:30:00+00:00
1780376400000,1.7705,1.7705,1.75955,1.76013,3554.7618067,2026-06-02 05:00:00+00:00
1780378200000,1.75665,1.75979,1.75269,1.75508,16599.64410834,2026-06-02 05:30:00+00:00
1780380000000,1.75278,1.75738,1.7516,1.75725,2123.37042969,2026-06-02 06:00:00+00:00
1780381800000,1.7582,1.75827,1.74827,1.74976,13836.509927,2026-06-02 06:30:00+00:00
1780383600000,1.75001,1.75689,1.7442,1.74915,7366.71405137,2026-06-02 07:00:00+00:00
1780385400000,1.75492,1.75698,1.75352,1.75509,287.43276946,2026-06-02 07:30:00+00:00
1780387200000,1.75231,1.75232,1.74859,1.75224,848.457387,2026-06-02 08:00:00+00:00
1780389000000,1.75295,1.75295,1.74889,1.74897,168.5290305,2026-06-02 08:30:00+00:00
1780390800000,1.74805,1.74841,1.74,1.74082,4363.11452649,2026-06-02 09:00:00+00:00
1780392600000,1.74351,1.74574,1.743,1.743,2670.67519179,2026-06-02 09:30:00+00:00
1780394400000,1.74301,1.75014,1.74087,1.7492,21459.74113912,2026-06-02 10:00:00+00:00
1780396200000,1.7511,1.75443,1.7475,1.75433,1273.03948303,2026-06-02 10:30:00+00:00
1780398000000,1.75365,1.75365,1.745,1.748,2147.40436089,2026-06-02 11:00:00+00:00
1780399800000,1.745,1.74828,1.74396,1.74823,14926.2037784,2026-06-02 11:30:00+00:00
1780401600000,1.74363,1.74646,1.74122,1.74646,3736.46518939,2026-06-02 12:00:00+00:00
1780403400000,1.74563,1.74978,1.74308,1.7484,4072.00784185,2026-06-02 12:30:00+00:00
1780405200000,1.74761,1.7525,1.74703,1.75,9027.10024648,2026-06-02 13:00:00+00:00
1780407000000,1.74858,1.74969,1.74094,1.74118,9235.70385261,2026-06-02 13:30:00+00:00
1780408800000,1.74,1.74332,1.69762,1.70587,31968.70625228,2026-06-02 14:00:00+00:00
1780410600000,1.70484,1.71916,1.70285,1.70539,32074.64637229,2026-06-02 14:30:00+00:00
1780412400000,1.708,1.70816,1.693,1.6955,13494.25983371,2026-06-02 15:00:00+00:00
1780414200000,1.69153,1.69466,1.6818,1.68669,29440.03889891,2026-06-02 15:30:00+00:00
1780416000000,1.6875,1.71592,1.68572,1.70718,26022.51777857,2026-06-02 16:00:00+00:00
1780417800000,1.71048,1.71412,1.70409,1.70409,12080.96792121,2026-06-02 16:30:00+00:00
1780419600000,1.70512,1.7161,1.70512,1.7151,14364.49468968,2026-06-02 17:00:00+00:00
1780421400000,1.71518,1.71911,1.70765,1.70947,8874.25263653,2026-06-02 17:30:00+00:00
1780423200000,1.71243,1.714,1.69368,1.69368,13561.35685601,2026-06-02 18:00:00+00:00
1780425000000,1.69434,1.69441,1.684,1.68989,9284.84650736,2026-06-02 18:30:00+00:00
1780426800000,1.6962,1.69637,1.68,1.68011,14447.1348737,2026-06-02 19:00:00+00:00
1780428600000,1.68148,1.699,1.66709,1.6894,14164.50867683,2026-06-02 19:30:00+00:00
1780430400000,1.68772,1.69576,1.67845,1.68036,14464.14117864,2026-06-02 20:00:00+00:00
1780432200000,1.68307,1.69346,1.68297,1.69169,6467.94653975,2026-06-02 20:30:00+00:00
1780434000000,1.69408,1.7023,1.6906,1.70195,12688.86285153,2026-06-02 21:00:00+00:00
1780435800000,1.70278,1.70497,1.69472,1.69685,14509.38515063,2026-06-02 21:30:00+00:00
1780437600000,1.69484,1.69583,1.68012,1.69152,9280.25164364,2026-06-02 22:00:00+00:00
1780439400000,1.68907,1.6893,1.65609,1.6612,33549.56534507,2026-06-02 22:30:00+00:00
1780441200000,1.66051,1.67345,1.65989,1.6617,14962.4999334,2026-06-02 23:00:00+00:00
1780443000000,1.66052,1.67816,1.65834,1.67606,16629.79907084,2026-06-02 23:30:00+00:00
1780444800000,1.67772,1.69549,1.67772,1.6892,13749.11519193,2026-06-03 00:00:00+00:00
1780446600000,1.68997,1.6954,1.68997,1.69438,5313.5109521,2026-06-03 00:30:00+00:00
1780448400000,1.69317,1.70347,1.69059,1.70346,15862.04420947,2026-06-03 01:00:00+00:00
1780450200000,1.70286,1.70286,1.68496,1.69227,12021.92880147,2026-06-03 01:30:00+00:00
1780452000000,1.69228,1.69229,1.68663,1.68666,5487.70568922,2026-06-03 02:00:00+00:00
1780453800000,1.686,1.69089,1.68458,1.68866,9494.79758793,2026-06-03 02:30:00+00:00
1780455600000,1.68879,1.69073,1.67413,1.67413,14705.3271344,2026-06-03 03:00:00+00:00
1780457400000,1.67412,1.67412,1.64796,1.65757,22820.13416238,2026-06-03 03:30:00+00:00
1780459200000,1.66083,1.6807,1.66083,1.67976,5316.19280798,2026-06-03 04:00:00+00:00
1780461000000,1.679,1.68605,1.6738,1.68605,3255.84569759,2026-06-03 04:30:00+00:00
1780462800000,1.69019,1.70495,1.69019,1.70077,4858.79442223,2026-06-03 05:00:00+00:00
1780464600000,1.7007,1.70687,1.696,1.70687,1867.99115308,2026-06-03 05:30:00+00:00
1780466400000,1.70626,1.71589,1.70417,1.71589,1807.37506799,2026-06-03 06:00:00+00:00
1780468200000,1.72318,1.72322,1.71828,1.71828,913.26167,2026-06-03 06:30:00+00:00
1780470000000,1.71394,1.7274,1.71394,1.72428,2187.87549554,2026-06-03 07:00:00+00:00
1780471800000,1.72483,1.72483,1.72117,1.72118,798.16023,2026-06-03 07:30:00+00:00
1780473600000,1.71527,1.71662,1.71527,1.71593,664.4655989,2026-06-03 08:00:00+00:00
1780475400000,1.72137,1.72137,1.71912,1.72081,1312.52056537,2026-06-03 08:30:00+00:00
1780477200000,1.72152,1.72192,1.71428,1.71436,1163.41063089,2026-06-03 09:00:00+00:00
1780479000000,1.7144,1.72208,1.71053,1.71525,8006.66283041,2026-06-03 09:30:00+00:00
1780480800000,1.71993,1.71993,1.71735,1.71785,1992.15185955,2026-06-03 10:00:00+00:00
1780482600000,1.72071,1.72071,1.7173,1.71932,1446.18075,2026-06-03 10:30:00+00:00
1780484400000,1.7192,1.72191,1.7192,1.72191,1050.24994,2026-06-03 11:00:00+00:00
1780486200000,1.7208,1.7208,1.70847,1.71054,6918.22685856,2026-06-03 11:30:00+00:00
1780488000000,1.71094,1.71235,1.70627,1.71088,1322.86024622,2026-06-03 12:00:00+00:00
1780489800000,1.71293,1.71293,1.70783,1.71176,1355.95619,2026-06-03 12:30:00+00:00
1780491600000,1.70976,1.7126,1.70454,1.70471,4718.87892912,2026-06-03 13:00:00+00:00
1780493400000,1.70866,1.71033,1.70025,1.7059,4639.69796034,2026-06-03 13:30:00+00:00
1780495200000,1.70504,1.70901,1.6938,1.69534,6515.51896519,2026-06-03 14:00:00+00:00
1780497000000,1.69678,1.70739,1.69592,1.70589,7362.87976451,2026-06-03 14:30:00+00:00
1780498800000,1.70696,1.70836,1.69476,1.70431,8640.31669376,2026-06-03 15:00:00+00:00
1780500600000,1.7027,1.70289,1.69514,1.70044,2256.10311231,2026-06-03 15:30:00+00:00
1780502400000,1.70093,1.70143,1.68036,1.68036,12203.26562398,2026-06-03 16:00:00+00:00
1780504200000,1.68386,1.69725,1.68224,1.69596,5206.37129849,2026-06-03 16:30:00+00:00
1780506000000,1.69872,1.69926,1.68494,1.69404,14647.35819463,2026-06-03 17:00:00+00:00
1780507800000,1.70195,1.70573,1.6953,1.6953,3931.5986,2026-06-03 17:30:00+00:00
1780509600000,1.69782,1.69957,1.68523,1.69023,3980.12460667,2026-06-03 18:00:00+00:00
1780511400000,1.69017,1.69345,1.68833,1.69345,8167.27469472,2026-06-03 18:30:00+00:00
1780513200000,1.6915,1.69154,1.67408,1.67566,44325.97615455,2026-06-03 19:00:00+00:00
1780515000000,1.67495,1.68356,1.67105,1.67331,5258.72050192,2026-06-03 19:30:00+00:00
1780516800000,1.66864,1.67621,1.66578,1.67428,4714.32122952,2026-06-03 20:00:00+00:00
1780518600000,1.67164,1.67164,1.64896,1.65854,10948.44369703,2026-06-03 20:30:00+00:00
1780520400000,1.65737,1.67735,1.65737,1.67647,12841.30311437,2026-06-03 21:00:00+00:00
1780522200000,1.67757,1.69399,1.67757,1.69399,5357.53189905,2026-06-03 21:30:00+00:00
1780524000000,1.69424,1.69425,1.67875,1.68475,19578.82202672,2026-06-03 22:00:00+00:00
1780525800000,1.68347,1.68347,1.67293,1.67293,3284.11911884,2026-06-03 22:30:00+00:00
1780527600000,1.67446,1.67447,1.66404,1.66856,7793.21674226,2026-06-03 23:00:00+00:00
1780529400000,1.67155,1.6742,1.66715,1.6677,6677.06315,2026-06-03 23:30:00+00:00
1780531200000,1.67194,1.67528,1.65,1.65,12015.01625247,2026-06-04 00:00:00+00:00
1780533000000,1.65118,1.6632,1.6492,1.65522,12524.77097059,2026-06-04 00:30:00+00:00
1780534800000,1.65497,1.66179,1.6242,1.62432,49182.54912056,2026-06-04 01:00:00+00:00
1780536600000,1.62759,1.6387,1.6088,1.61336,17427.05292088,2026-06-04 01:30:00+00:00
1780538400000,1.61511,1.64033,1.58788,1.6382,96485.16624444,2026-06-04 02:00:00+00:00
1780540200000,1.63524,1.64856,1.6346,1.64129,22830.50189645,2026-06-04 02:30:00+00:00
1780542000000,1.64212,1.67317,1.64212,1.66699,10030.30742626,2026-06-04 03:00:00+00:00
1780543800000,1.66723,1.6824,1.66723,1.678,12675.93482283,2026-06-04 03:30:00+00:00
1780545600000,1.68,1.68269,1.67655,1.67968,14947.85068282,2026-06-04 04:00:00+00:00
1780547400000,1.6722,1.676,1.66885,1.66902,10020.05951021,2026-06-04 04:30:00+00:00
1780549200000,1.66945,1.66945,1.64657,1.64872,2656.37477966,2026-06-04 05:00:00+00:00
1780551000000,1.65879,1.66101,1.65041,1.65041,2188.63928649,2026-06-04 05:30:00+00:00
1780552800000,1.65154,1.6666,1.65154,1.66341,4094.65629016,2026-06-04 06:00:00+00:00
1780554600000,1.65845,1.66444,1.65302,1.65413,6988.31749444,2026-06-04 06:30:00+00:00
1780556400000,1.6468,1.64823,1.63091,1.63287,3462.62920154,2026-06-04 07:00:00+00:00
1780558200000,1.63635,1.64159,1.62645,1.62645,10778.19127569,2026-06-04 07:30:00+00:00
1780560000000,1.62645,1.62951,1.6159,1.61815,6970.4173007,2026-06-04 08:00:00+00:00
1780561800000,1.62652,1.62847,1.61956,1.62681,1182.96239098,2026-06-04 08:30:00+00:00
1780563600000,1.62505,1.62505,1.59577,1.59581,7688.03818094,2026-06-04 09:00:00+00:00
1780565400000,1.59643,1.61252,1.59347,1.61252,12829.2687952,2026-06-04 09:30:00+00:00
1780567200000,1.60842,1.60844,1.60153,1.60375,13089.51813296,2026-06-04 10:00:00+00:00
1780569000000,1.60589,1.60979,1.59085,1.5968,19724.29565058,2026-06-04 10:30:00+00:00
1780570800000,1.5961,1.60365,1.58767,1.60365,9707.78657545,2026-06-04 11:00:00+00:00
1780572600000,1.60358,1.60988,1.59107,1.6049,36587.28845399,2026-06-04 11:30:00+00:00
1780574400000,1.60831,1.62391,1.59832,1.62391,21494.82416138,2026-06-04 12:00:00+00:00
1780576200000,1.62501,1.6406,1.62481,1.63594,8946.83250998,2026-06-04 12:30:00+00:00
1780578000000,1.63735,1.63949,1.61645,1.62356,10613.24961844,2026-06-04 13:00:00+00:00
1780579800000,1.62079,1.64209,1.62079,1.63194,14371.87465999,2026-06-04 13:30:00+00:00
1780581600000,1.63652,1.64094,1.62629,1.63237,8150.08640544,2026-06-04 14:00:00+00:00
1780583400000,1.631,1.63184,1.62405,1.62701,3949.39443091,2026-06-04 14:30:00+00:00
1780585200000,1.62928,1.64183,1.62907,1.63301,16596.0807736,2026-06-04 15:00:00+00:00
1780587000000,1.6307,1.63312,1.61925,1.62135,7688.9431934,2026-06-04 15:30:00+00:00
1780588800000,1.62298,1.62307,1.61328,1.61513,10895.42491915,2026-06-04 16:00:00+00:00
1780590600000,1.61313,1.62881,1.61313,1.62515,4341.92799352,2026-06-04 16:30:00+00:00
1780592400000,1.62371,1.63149,1.61939,1.6227,23298.03066796,2026-06-04 17:00:00+00:00
1780594200000,1.6237,1.62784,1.61236,1.62474,10437.63946658,2026-06-04 17:30:00+00:00
1780596000000,1.62623,1.63624,1.61687,1.63624,15307.7186207,2026-06-04 18:00:00+00:00
1780597800000,1.63889,1.64304,1.63728,1.63887,18972.03376354,2026-06-04 18:30:00+00:00
1780599600000,1.63518,1.64483,1.63139,1.64363,11290.69322035,2026-06-04 19:00:00+00:00
1780601400000,1.63885,1.63992,1.62944,1.63363,4351.97021361,2026-06-04 19:30:00+00:00
1780603200000,1.63354,1.63354,1.62196,1.62891,7486.45952357,2026-06-04 20:00:00+00:00
1780605000000,1.63334,1.63699,1.6289,1.63219,5582.63797333,2026-06-04 20:30:00+00:00
1780606800000,1.63497,1.63785,1.62348,1.62348,4763.713861,2026-06-04 21:00:00+00:00
1780608600000,1.62348,1.62348,1.6095,1.61285,7819.11379249,2026-06-04 21:30:00+00:00
1780610400000,1.61051,1.61698,1.60661,1.61256,5908.34976071,2026-06-04 22:00:00+00:00
1780612200000,1.61057,1.62628,1.60814,1.62628,3894.57284036,2026-06-04 22:30:00+00:00
1780614000000,1.62448,1.62907,1.61285,1.61709,9219.20131014,2026-06-04 23:00:00+00:00
1780615800000,1.61633,1.62503,1.61633,1.62503,3876.16954355,2026-06-04 23:30:00+00:00
1780617600000,1.62627,1.63154,1.61594,1.63154,16603.69630035,2026-06-05 00:00:00+00:00
1780619400000,1.63196,1.63196,1.61486,1.61529,8498.15114139,2026-06-05 00:30:00+00:00
1780621200000,1.61385,1.61385,1.60202,1.60581,5017.20945975,2026-06-05 01:00:00+00:00
1780623000000,1.61332,1.61353,1.60284,1.6087,9363.660603,2026-06-05 01:30:00+00:00
1780624800000,1.6084,1.6084,1.59,1.59,21483.92010507,2026-06-05 02:00:00+00:00
1780626600000,1.58908,1.59315,1.57786,1.57889,19010.21160478,2026-06-05 02:30:00+00:00
1780628400000,1.57651,1.59044,1.57566,1.58566,11740.06228293,2026-06-05 03:00:00+00:00
1780630200000,1.59166,1.59206,1.577,1.57701,13714.06918855,2026-06-05 03:30:00+00:00
1780632000000,1.57763,1.5966,1.57293,1.59307,20823.52186079,2026-06-05 04:00:00+00:00
1780633800000,1.58541,1.59527,1.57605,1.59481,7690.4379089,2026-06-05 04:30:00+00:00
1780635600000,1.59602,1.59622,1.57702,1.58592,116976.85996895,2026-06-05 05:00:00+00:00
1780637400000,1.58618,1.58618,1.55867,1.55867,18269.53147944,2026-06-05 05:30:00+00:00
1780639200000,1.55802,1.56215,1.51891,1.53695,69548.34197027,2026-06-05 06:00:00+00:00
1780641000000,1.53348,1.55301,1.53269,1.55301,20336.31225021,2026-06-05 06:30:00+00:00
1780642800000,1.55392,1.55802,1.53761,1.55672,12144.39021465,2026-06-05 07:00:00+00:00
1780644600000,1.56864,1.57858,1.56864,1.57376,1859.25785884,2026-06-05 07:30:00+00:00
1780646400000,1.57538,1.57553,1.5637,1.56612,1080.86440863,2026-06-05 08:00:00+00:00
1780648200000,1.56683,1.56683,1.55264,1.55321,3880.03216335,2026-06-05 08:30:00+00:00
1780650000000,1.55431,1.57965,1.55431,1.57629,25466.62364815,2026-06-05 09:00:00+00:00
1780651800000,1.5756,1.57862,1.56912,1.57854,9180.25971074,2026-06-05 09:30:00+00:00
1780653600000,1.5888,1.5888,1.56896,1.57179,2170.70455495,2026-06-05 10:00:00+00:00
1780655400000,1.57514,1.57809,1.57152,1.5768,6080.21079045,2026-06-05 10:30:00+00:00
1780657200000,1.57406,1.57406,1.56063,1.56813,43087.62184256,2026-06-05 11:00:00+00:00
1780659000000,1.56824,1.56824,1.55235,1.55393,7002.92090777,2026-06-05 11:30:00+00:00
1780660800000,1.55296,1.56179,1.54202,1.55778,3366.96065511,2026-06-05 12:00:00+00:00
1780662600000,1.5577,1.56043,1.54051,1.55485,13717.02984447,2026-06-05 12:30:00+00:00
1780664400000,1.55569,1.57781,1.55569,1.57321,8698.84882917,2026-06-05 13:00:00+00:00
1780666200000,1.57164,1.57932,1.53242,1.53344,34719.19258406,2026-06-05 13:30:00+00:00
1780668000000,1.53575,1.55239,1.52873,1.54184,11885.14118707,2026-06-05 14:00:00+00:00
1780669800000,1.54196,1.55345,1.53355,1.54073,10855.66178818,2026-06-05 14:30:00+00:00
1780671600000,1.53958,1.54412,1.5251,1.53898,16327.01668037,2026-06-05 15:00:00+00:00
1780673400000,1.53963,1.53963,1.52452,1.53587,24095.77105913,2026-06-05 15:30:00+00:00
1780675200000,1.53168,1.55588,1.51464,1.54343,53184.28435543,2026-06-05 16:00:00+00:00
1780677000000,1.53989,1.564,1.53241,1.56353,22015.06387958,2026-06-05 16:30:00+00:00
1780678800000,1.56123,1.56228,1.5344,1.53649,9671.17395144,2026-06-05 17:00:00+00:00
1780680600000,1.53425,1.54941,1.53425,1.54696,20856.54439281,2026-06-05 17:30:00+00:00
1780682400000,1.54539,1.55183,1.52967,1.52982,11086.92596338,2026-06-05 18:00:00+00:00
1780684200000,1.5297,1.53358,1.50731,1.51254,23899.73504812,2026-06-05 18:30:00+00:00
1780686000000,1.51128,1.51559,1.49225,1.51487,76781.93977289,2026-06-05 19:00:00+00:00
1780687800000,1.51623,1.53636,1.50772,1.53612,24731.87056939,2026-06-05 19:30:00+00:00
1780689600000,1.53117,1.54769,1.51614,1.54614,35476.78745023,2026-06-05 20:00:00+00:00
1780691400000,1.5448,1.559,1.54386,1.55564,12201.26522251,2026-06-05 20:30:00+00:00
1780693200000,1.55602,1.56105,1.5505,1.55461,15137.16890252,2026-06-05 21:00:00+00:00
1780695000000,1.55491,1.56038,1.5502,1.55078,4902.08528576,2026-06-05 21:30:00+00:00
1780696800000,1.54609,1.54609,1.53192,1.53614,9941.44391615,2026-06-05 22:00:00+00:00
1780698600000,1.53614,1.54735,1.53614,1.5446,6328.21505578,2026-06-05 22:30:00+00:00
1780700400000,1.54965,1.55409,1.52438,1.52893,13986.74820188,2026-06-05 23:00:00+00:00
1780702200000,1.52156,1.52982,1.51611,1.52804,11294.59698078,2026-06-05 23:30:00+00:00
1780704000000,1.53171,1.54441,1.53171,1.5344,10689.50778261,2026-06-06 00:00:00+00:00
1780705800000,1.53989,1.55092,1.53978,1.54941,7623.29309701,2026-06-06 00:30:00+00:00
1780707600000,1.54955,1.55354,1.53647,1.54713,8073.14727313,2026-06-06 01:00:00+00:00
1780709400000,1.54665,1.54936,1.53612,1.53678,6866.18015608,2026-06-06 01:30:00+00:00
1780711200000,1.535,1.53645,1.52385,1.5283,7191.61197796,2026-06-06 02:00:00+00:00
1780713000000,1.52885,1.53853,1.52801,1.52924,4781.90096315,2026-06-06 02:30:00+00:00
1780714800000,1.52506,1.52506,1.51811,1.52031,5905.76266331,2026-06-06 03:00:00+00:00
1780716600000,1.51814,1.52287,1.51202,1.51639,21592.89895308,2026-06-06 03:30:00+00:00
1780718400000,1.51417,1.5206,1.48,1.48231,28471.09718226,2026-06-06 04:00:00+00:00
1780720200000,1.48147,1.48702,1.46917,1.47581,13130.63325435,2026-06-06 04:30:00+00:00
1780722000000,1.4752,1.51989,1.4655,1.50658,23004.73808619,2026-06-06 05:00:00+00:00
1780723800000,1.50535,1.52028,1.50099,1.51846,24541.34420115,2026-06-06 05:30:00+00:00
1780725600000,1.52403,1.53419,1.5239,1.53219,7580.60664894,2026-06-06 06:00:00+00:00
1780727400000,1.53136,1.53151,1.50964,1.50964,9557.89267191,2026-06-06 06:30:00+00:00
1780729200000,1.50956,1.52688,1.50939,1.51745,6180.47852828,2026-06-06 07:00:00+00:00
1780731000000,1.51966,1.53102,1.51965,1.52562,1954.93394066,2026-06-06 07:30:00+00:00
1780732800000,1.52314,1.53873,1.52314,1.53828,5931.77294535,2026-06-06 08:00:00+00:00
1780734600000,1.53407,1.5379,1.53115,1.53648,4147.44047042,2026-06-06 08:30:00+00:00
1780736400000,1.53246,1.53246,1.52908,1.53129,1315.80568091,2026-06-06 09:00:00+00:00
1780738200000,1.5361,1.53732,1.5194,1.52182,1272.76759283,2026-06-06 09:30:00+00:00
1780740000000,1.51088,1.51181,1.50553,1.51058,3303.92550193,2026-06-06 10:00:00+00:00
1780741800000,1.50757,1.50757,1.49619,1.50618,9228.95021441,2026-06-06 10:30:00+00:00
1780743600000,1.50685,1.51257,1.50619,1.51031,7001.28952969,2026-06-06 11:00:00+00:00
1780745400000,1.51089,1.51728,1.50967,1.51523,8957.09156146,2026-06-06 11:30:00+00:00
1780747200000,1.51638,1.52023,1.51132,1.51185,3195.85500448,2026-06-06 12:00:00+00:00
1780749000000,1.50721,1.53134,1.50721,1.53004,14062.1418545,2026-06-06 12:30:00+00:00
1780750800000,1.52573,1.53131,1.52502,1.52502,3272.32206567,2026-06-06 13:00:00+00:00
1780752600000,1.5242,1.53456,1.5242,1.53096,8713.16086241,2026-06-06 13:30:00+00:00
1780754400000,1.53458,1.54419,1.53434,1.53779,12635.01351681,2026-06-06 14:00:00+00:00
1780756200000,1.53735,1.547,1.53594,1.54206,15495.19918766,2026-06-06 14:30:00+00:00
1780758000000,1.53688,1.53688,1.51618,1.52526,38795.1306017,2026-06-06 15:00:00+00:00
1780759800000,1.52807,1.53415,1.52495,1.5276,4030.48545716,2026-06-06 15:30:00+00:00
1780761600000,1.5273,1.53423,1.52162,1.52178,16280.59355786,2026-06-06 16:00:00+00:00
1780763400000,1.52151,1.53439,1.5176,1.52675,11134.49852332,2026-06-06 16:30:00+00:00
1780765200000,1.5286,1.52967,1.51582,1.51773,20698.77201974,2026-06-06 17:00:00+00:00
1780767000000,1.52218,1.52218,1.50685,1.51006,5863.99611598,2026-06-06 17:30:00+00:00
1780768800000,1.50926,1.51407,1.50591,1.51407,15861.33911019,2026-06-06 18:00:00+00:00
1780770600000,1.50985,1.51356,1.50774,1.5123,2246.52895693,2026-06-06 18:30:00+00:00
1780772400000,1.51056,1.51983,1.51056,1.51246,9821.37151325,2026-06-06 19:00:00+00:00
1780774200000,1.51148,1.51148,1.5083,1.50831,5879.98362872,2026-06-06 19:30:00+00:00
1780776000000,1.5083,1.5083,1.50348,1.50563,6082.34174903,2026-06-06 20:00:00+00:00
1780777800000,1.50494,1.51437,1.50494,1.51356,5696.03490415,2026-06-06 20:30:00+00:00
1780779600000,1.51544,1.52322,1.51396,1.52157,17594.42567481,2026-06-06 21:00:00+00:00
1780781400000,1.52271,1.52506,1.5176,1.51898,8009.22048841,2026-06-06 21:30:00+00:00
1780783200000,1.51671,1.51671,1.50938,1.50938,3106.65116931,2026-06-06 22:00:00+00:00
1780785000000,1.51054,1.51795,1.51054,1.51711,10842.14333426,2026-06-06 22:30:00+00:00
1780786800000,1.51864,1.52087,1.51628,1.51844,7013.4446486,2026-06-06 23:00:00+00:00
1780788600000,1.51952,1.5262,1.51952,1.52528,2576.85741,2026-06-06 23:30:00+00:00
1780790400000,1.5255,1.52597,1.52199,1.52501,4241.86489612,2026-06-07 00:00:00+00:00
1780792200000,1.52501,1.52953,1.51967,1.5198,12759.9533594,2026-06-07 00:30:00+00:00
1780794000000,1.51836,1.55434,1.51836,1.55434,5468.80615157,2026-06-07 01:00:00+00:00
1780795800000,1.55633,1.56165,1.55341,1.55564,13570.17410943,2026-06-07 01:30:00+00:00
1780797600000,1.55665,1.55852,1.54532,1.54532,110588.60117407,2026-06-07 02:00:00+00:00
1780799400000,1.54655,1.56303,1.54655,1.56262,12215.02319086,2026-06-07 02:30:00+00:00
1780801200000,1.55926,1.56723,1.55926,1.56501,11030.08851521,2026-06-07 03:00:00+00:00
1780803000000,1.56,1.56076,1.55599,1.55997,8938.55030313,2026-06-07 03:30:00+00:00
1780804800000,1.5603,1.5603,1.54904,1.55123,14408.13248901,2026-06-07 04:00:00+00:00
1780806600000,1.55104,1.56501,1.55104,1.56405,5761.70227877,2026-06-07 04:30:00+00:00
1780808400000,1.56353,1.5704,1.56213,1.56708,6505.2818485,2026-06-07 05:00:00+00:00
1780810200000,1.56278,1.56807,1.56211,1.56329,2910.2816895,2026-06-07 05:30:00+00:00
1780812000000,1.56,1.56484,1.55867,1.5643,1157.26950253,2026-06-07 06:00:00+00:00
1780813800000,1.5692,1.57423,1.5692,1.5714,2776.29108134,2026-06-07 06:30:00+00:00
1780815600000,1.5692,1.57542,1.56697,1.57542,1749.82296675,2026-06-07 07:00:00+00:00
1780817400000,1.57797,1.58125,1.57797,1.5808,326.34190642,2026-06-07 07:30:00+00:00
1780819200000,1.57722,1.58794,1.57722,1.58794,74.71284,2026-06-07 08:00:00+00:00
1780821000000,1.58915,1.60916,1.58715,1.60916,9266.81819301,2026-06-07 08:30:00+00:00
1780822800000,1.6158,1.62951,1.6158,1.61916,8216.85801914,2026-06-07 09:00:00+00:00
1780824600000,1.60926,1.60926,1.59865,1.59865,817.75188999,2026-06-07 09:30:00+00:00
1780826400000,1.59791,1.59791,1.5911,1.5911,653.90416543,2026-06-07 10:00:00+00:00
1780828200000,1.58831,1.58831,1.58009,1.58305,1771.59866486,2026-06-07 10:30:00+00:00
1780830000000,1.58597,1.58828,1.58597,1.58828,766.54527,2026-06-07 11:00:00+00:00
1780831800000,1.58718,1.59058,1.58508,1.58682,5124.88441496,2026-06-07 11:30:00+00:00
1780833600000,1.59062,1.59062,1.56537,1.56591,733.15752275,2026-06-07 12:00:00+00:00
1780835400000,1.56337,1.56824,1.56113,1.56584,1875.47561272,2026-06-07 12:30:00+00:00
1780837200000,1.5673,1.5673,1.56386,1.56623,3082.04334074,2026-06-07 13:00:00+00:00
1780839000000,1.56856,1.56856,1.56382,1.56382,4606.29925997,2026-06-07 13:30:00+00:00
1780840800000,1.56825,1.58014,1.567,1.57973,16554.74960356,2026-06-07 14:00:00+00:00
1780842600000,1.58177,1.58579,1.57568,1.57976,3909.82371888,2026-06-07 14:30:00+00:00
1780844400000,1.57952,1.58145,1.57481,1.58143,12482.87823173,2026-06-07 15:00:00+00:00
1780846200000,1.58311,1.58518,1.58062,1.5816,4343.65376258,2026-06-07 15:30:00+00:00
1780848000000,1.58335,1.58529,1.57858,1.58372,7476.53315995,2026-06-07 16:00:00+00:00
1780849800000,1.58309,1.58951,1.58293,1.58573,4363.1212469,2026-06-07 16:30:00+00:00
1780851600000,1.58885,1.59756,1.58885,1.59593,6602.6144012,2026-06-07 17:00:00+00:00
1780853400000,1.59631,1.59893,1.5937,1.5965,11139.79106834,2026-06-07 17:30:00+00:00
1780855200000,1.6003,1.60414,1.5985,1.6003,4395.02821102,2026-06-07 18:00:00+00:00
1780857000000,1.60235,1.60235,1.59168,1.59369,14179.03689022,2026-06-07 18:30:00+00:00
1780858800000,1.59252,1.59252,1.56442,1.57152,13995.12425097,2026-06-07 19:00:00+00:00
1780860600000,1.57045,1.57201,1.56521,1.56863,4420.53930313,2026-06-07 19:30:00+00:00
1780862400000,1.57153,1.58555,1.57153,1.58181,8972.53017471,2026-06-07 20:00:00+00:00
1780864200000,1.58078,1.58078,1.57555,1.58061,8790.90343323,2026-06-07 20:30:00+00:00
1780866000000,1.57643,1.57937,1.57334,1.57455,2194.52104,2026-06-07 21:00:00+00:00
1780867800000,1.57432,1.57688,1.57076,1.57688,2407.5112044,2026-06-07 21:30:00+00:00
1780869600000,1.57738,1.62446,1.57524,1.60895,96485.13638214,2026-06-07 22:00:00+00:00
1780871400000,1.60975,1.62112,1.60272,1.60944,14353.91672039,2026-06-07 22:30:00+00:00
1780873200000,1.60967,1.61734,1.60556,1.61468,6780.42480123,2026-06-07 23:00:00+00:00
1780875000000,1.61696,1.61844,1.60995,1.61077,15580.52436178,2026-06-07 23:30:00+00:00
1780876800000,1.61195,1.61433,1.60306,1.61372,12938.75814928,2026-06-08 00:00:00+00:00
1780878600000,1.62158,1.62834,1.61448,1.62211,8824.90800467,2026-06-08 00:30:00+00:00
1780880400000,1.62224,1.62224,1.59452,1.59452,15939.72091501,2026-06-08 01:00:00+00:00
1780882200000,1.59377,1.61244,1.59349,1.61244,6991.46359716,2026-06-08 01:30:00+00:00
1780884000000,1.6143,1.62079,1.6101,1.61714,6241.55074875,2026-06-08 02:00:00+00:00
1780885800000,1.61328,1.61619,1.6102,1.61279,3638.99856298,2026-06-08 02:30:00+00:00
1780887600000,1.61026,1.61991,1.60406,1.60406,1190.1367942,2026-06-08 03:00:00+00:00
1780889400000,1.60487,1.60881,1.60461,1.60666,1155.095384,2026-06-08 03:30:00+00:00
1780891200000,1.60536,1.60537,1.59366,1.59626,11426.36244479,2026-06-08 04:00:00+00:00
1780893000000,1.59141,1.59504,1.59141,1.59276,1017.30684901,2026-06-08 04:30:00+00:00
1780894800000,1.58631,1.58844,1.58631,1.58844,25.57857,2026-06-08 05:00:00+00:00
1780896600000,1.58172,1.58395,1.58,1.58392,9233.51504851,2026-06-08 05:30:00+00:00
1780898400000,1.58694,1.59131,1.58694,1.59051,502.77785029,2026-06-08 06:00:00+00:00
1780900200000,1.58987,1.58987,1.58987,1.58987,12.157,2026-06-08 06:30:00+00:00
1780902000000,1.58953,1.59762,1.58953,1.59762,309.13278258,2026-06-08 07:00:00+00:00
1780903800000,1.59942,1.6025,1.5993,1.60143,3840.76064504,2026-06-08 07:30:00+00:00
1780905600000,1.59898,1.59898,1.58792,1.58988,337.68963506,2026-06-08 08:00:00+00:00
1780907400000,1.59267,1.59267,1.58644,1.58708,644.84794363,2026-06-08 08:30:00+00:00
1780909200000,1.59262,1.59985,1.59262,1.59793,270.24593,2026-06-08 09:00:00+00:00
1780911000000,1.59414,1.60231,1.59414,1.60231,4322.69859091,2026-06-08 09:30:00+00:00
1780912800000,1.60561,1.60621,1.59888,1.59888,729.16722773,2026-06-08 10:00:00+00:00
1780914600000,1.59717,1.59745,1.5963,1.5963,9329.46573253,2026-06-08 10:30:00+00:00
1780916400000,1.59616,1.61035,1.59521,1.61035,1168.67263852,2026-06-08 11:00:00+00:00
1780918200000,1.61677,1.62123,1.61389,1.61394,2141.66576367,2026-06-08 11:30:00+00:00
1780920000000,1.61584,1.61584,1.60128,1.60128,1490.42478986,2026-06-08 12:00:00+00:00
1780921800000,1.61231,1.62722,1.60861,1.62722,24119.69268325,2026-06-08 12:30:00+00:00
1780923600000,1.62535,1.62875,1.61846,1.61846,7299.48082595,2026-06-08 13:00:00+00:00
1780925400000,1.61884,1.62601,1.60758,1.61877,9482.06956978,2026-06-08 13:30:00+00:00
1780927200000,1.62001,1.62694,1.61537,1.62694,2924.70433753,2026-06-08 14:00:00+00:00
1780929000000,1.62865,1.63886,1.62489,1.6367,11059.87179558,2026-06-08 14:30:00+00:00
1780930800000,1.63726,1.65262,1.63552,1.64201,15116.40762894,2026-06-08 15:00:00+00:00
1780932600000,1.63474,1.6429,1.63194,1.63345,2957.51069342,2026-06-08 15:30:00+00:00
1780934400000,1.63513,1.64172,1.63479,1.63495,1151.91934176,2026-06-08 16:00:00+00:00
1780936200000,1.63444,1.63444,1.62438,1.62551,9435.87606165,2026-06-08 16:30:00+00:00
1780938000000,1.62625,1.62899,1.6177,1.62899,2523.72967302,2026-06-08 17:00:00+00:00
1780939800000,1.62933,1.63505,1.61978,1.63476,1111.28054687,2026-06-08 17:30:00+00:00
1780941600000,1.63711,1.64424,1.63711,1.64397,17981.02979911,2026-06-08 18:00:00+00:00
1780943400000,1.64515,1.64515,1.6337,1.64,6224.25702926,2026-06-08 18:30:00+00:00
1780945200000,1.64,1.65191,1.63955,1.65151,14959.31651751,2026-06-08 19:00:00+00:00
1780947000000,1.65147,1.65244,1.64156,1.64156,18469.43690534,2026-06-08 19:30:00+00:00
1780948800000,1.64342,1.64586,1.63221,1.6346,13043.66376638,2026-06-08 20:00:00+00:00
1780950600000,1.63981,1.64417,1.63981,1.63991,5436.07128765,2026-06-08 20:30:00+00:00
1780952400000,1.64444,1.65467,1.64426,1.65235,10913.78017405,2026-06-08 21:00:00+00:00
1780954200000,1.65365,1.65409,1.65,1.65,3258.66269294,2026-06-08 21:30:00+00:00
1780956000000,1.64604,1.64748,1.63778,1.64267,5114.47981019,2026-06-08 22:00:00+00:00
1780957800000,1.64158,1.64279,1.63793,1.64263,6180.91217069,2026-06-08 22:30:00+00:00
1780959600000,1.64381,1.64869,1.63267,1.6332,17810.1869243,2026-06-08 23:00:00+00:00
1780961400000,1.63277,1.63588,1.62806,1.63074,3540.3185433,2026-06-08 23:30:00+00:00
1780963200000,1.63192,1.6324,1.61862,1.61954,2966.95463454,2026-06-09 00:00:00+00:00
1780965000000,1.61951,1.61951,1.60798,1.60798,9395.43414687,2026-06-09 00:30:00+00:00
1780966800000,1.61095,1.6137,1.60782,1.61341,2036.81305486,2026-06-09 01:00:00+00:00
1780968600000,1.61214,1.61389,1.605,1.60613,2406.24453091,2026-06-09 01:30:00+00:00
1780970400000,1.60621,1.6104,1.60051,1.60213,1400.1270187,2026-06-09 02:00:00+00:00
1780972200000,1.60365,1.60506,1.59577,1.60506,13551.8650512,2026-06-09 02:30:00+00:00
1780974000000,1.61072,1.61142,1.60815,1.60979,4116.96226121,2026-06-09 03:00:00+00:00
1780975800000,1.6093,1.61216,1.60621,1.61204,13304.90809927,2026-06-09 03:30:00+00:00
1780977600000,1.60862,1.61144,1.60709,1.60854,3827.91363453,2026-06-09 04:00:00+00:00
1780979400000,1.60944,1.63228,1.60853,1.62928,17543.34835768,2026-06-09 04:30:00+00:00
1780981200000,1.62563,1.62794,1.62438,1.62705,745.69684057,2026-06-09 05:00:00+00:00
1780983000000,1.62924,1.63841,1.62924,1.63621,1290.91714121,2026-06-09 05:30:00+00:00
1780984800000,1.63404,1.63811,1.63379,1.63391,2571.71447251,2026-06-09 06:00:00+00:00
1780986600000,1.63709,1.6376,1.63202,1.63301,715.99585495,2026-06-09 06:30:00+00:00
1780988400000,1.63847,1.63847,1.62753,1.62753,889.68205081,2026-06-09 07:00:00+00:00
1780990200000,1.62797,1.62949,1.62797,1.62935,187.77572509,2026-06-09 07:30:00+00:00
1780992000000,1.62818,1.62818,1.62556,1.62565,1082.71758742,2026-06-09 08:00:00+00:00
1780993800000,1.62985,1.62986,1.62704,1.62704,227.07864787,2026-06-09 08:30:00+00:00
1780995600000,1.62697,1.62995,1.62488,1.62489,1683.29500596,2026-06-09 09:00:00+00:00
1780997400000,1.62008,1.62008,1.61664,1.61851,3693.91758436,2026-06-09 09:30:00+00:00
1780999200000,1.61656,1.61656,1.61263,1.61263,3223.0858203,2026-06-09 10:00:00+00:00
1781001000000,1.61212,1.6142,1.61124,1.6142,1750.7613757,2026-06-09 10:30:00+00:00
1781002800000,1.61493,1.61493,1.60797,1.60797,29.84463999,2026-06-09 11:00:00+00:00
1781004600000,1.60834,1.60879,1.60597,1.60832,3759.35903613,2026-06-09 11:30:00+00:00
1781006400000,1.60886,1.61899,1.60886,1.61877,1287.93518832,2026-06-09 12:00:00+00:00
1781008200000,1.61442,1.61906,1.61246,1.61906,5609.54969649,2026-06-09 12:30:00+00:00
1781010000000,1.62147,1.62294,1.61059,1.6131,3781.19153238,2026-06-09 13:00:00+00:00
1781011800000,1.61365,1.61868,1.61026,1.61698,3899.26136817,2026-06-09 13:30:00+00:00
1781013600000,1.6134,1.61441,1.59092,1.59092,6874.87200344,2026-06-09 14:00:00+00:00
1781015400000,1.58993,1.59082,1.57791,1.58259,47267.13388381,2026-06-09 14:30:00+00:00
1781017200000,1.58549,1.59119,1.5849,1.5853,5112.17077082,2026-06-09 15:00:00+00:00
1781019000000,1.58177,1.58497,1.57256,1.57256,5609.19783773,2026-06-09 15:30:00+00:00
1781020800000,1.57563,1.57914,1.5685,1.57314,1520.68104088,2026-06-09 16:00:00+00:00
1781022600000,1.57643,1.57667,1.56329,1.57095,9992.04960304,2026-06-09 16:30:00+00:00
1781024400000,1.57575,1.59602,1.57575,1.5939,24273.22398042,2026-06-09 17:00:00+00:00
1781026200000,1.59389,1.60036,1.58789,1.58868,9698.72894361,2026-06-09 17:30:00+00:00
1781028000000,1.5882,1.59856,1.58491,1.58928,10600.62177314,2026-06-09 18:00:00+00:00
1781029800000,1.59137,1.59242,1.58659,1.58987,2702.43300949,2026-06-09 18:30:00+00:00
1781031600000,1.59504,1.59504,1.58483,1.58759,2332.0091,2026-06-09 19:00:00+00:00
1781033400000,1.59224,1.59633,1.58675,1.59123,5713.46270998,2026-06-09 19:30:00+00:00
1781035200000,1.59112,1.59425,1.58799,1.59149,5760.71608062,2026-06-09 20:00:00+00:00
1781037000000,1.59031,1.59561,1.59031,1.59548,2149.91460234,2026-06-09 20:30:00+00:00
1781038800000,1.59312,1.59414,1.58726,1.58741,5529.18577886,2026-06-09 21:00:00+00:00
1781040600000,1.58639,1.58724,1.58402,1.58402,3391.07995959,2026-06-09 21:30:00+00:00
1781042400000,1.58195,1.591,1.58195,1.5884,2976.68273402,2026-06-09 22:00:00+00:00
1781044200000,1.59074,1.5911,1.58411,1.58414,5208.04464931,2026-06-09 22:30:00+00:00
1781046000000,1.58469,1.58784,1.58252,1.58624,3011.27199877,2026-06-09 23:00:00+00:00
1781047800000,1.58607,1.59032,1.58289,1.587,6875.25397488,2026-06-09 23:30:00+00:00
1781049600000,1.58807,1.58852,1.58121,1.58481,12180.85500593,2026-06-10 00:00:00+00:00
1781051400000,1.58064,1.58355,1.57356,1.58331,812.25937057,2026-06-10 00:30:00+00:00
1781053200000,1.58497,1.58497,1.57957,1.58264,1598.950675,2026-06-10 01:00:00+00:00
1781055000000,1.58,1.5818,1.57378,1.57551,670.30007069,2026-06-10 01:30:00+00:00
1781056800000,1.57598,1.57598,1.56205,1.56631,1955.93489221,2026-06-10 02:00:00+00:00
1781058600000,1.56654,1.56656,1.55604,1.55969,5659.05043951,2026-06-10 02:30:00+00:00
1781060400000,1.55975,1.56694,1.55975,1.56694,5555.56476227,2026-06-10 03:00:00+00:00
1781062200000,1.56287,1.56424,1.56049,1.56083,3533.90861177,2026-06-10 03:30:00+00:00
1781064000000,1.56037,1.56417,1.55977,1.56057,3366.04050127,2026-06-10 04:00:00+00:00
1781065800000,1.55812,1.55812,1.55305,1.55484,2136.13494843,2026-06-10 04:30:00+00:00
1781067600000,1.5565,1.55688,1.54826,1.5536,7341.83928235,2026-06-10 05:00:00+00:00
1781069400000,1.55348,1.55348,1.54706,1.54989,423.27933101,2026-06-10 05:30:00+00:00
1781071200000,1.54922,1.55197,1.54849,1.54935,647.13352,2026-06-10 06:00:00+00:00
1781073000000,1.5449,1.55052,1.54225,1.54948,1574.04258374,2026-06-10 06:30:00+00:00
1781074800000,1.5504,1.55832,1.5504,1.55586,1263.43267262,2026-06-10 07:00:00+00:00
1781076600000,1.55629,1.55911,1.55591,1.55591,1966.47347891,2026-06-10 07:30:00+00:00
1781078400000,1.5545,1.5545,1.54928,1.55001,453.87496696,2026-06-10 08:00:00+00:00
1781080200000,1.54778,1.54778,1.53979,1.54275,2648.40582587,2026-06-10 08:30:00+00:00
1781082000000,1.54238,1.54287,1.53367,1.54119,13958.04703768,2026-06-10 09:00:00+00:00
1781083800000,1.54231,1.54517,1.54006,1.54367,8184.88741113,2026-06-10 09:30:00+00:00
1781085600000,1.54316,1.54426,1.54118,1.54389,6412.73527683,2026-06-10 10:00:00+00:00
1781087400000,1.54389,1.54704,1.54389,1.54692,6711.96646048,2026-06-10 10:30:00+00:00
1781089200000,1.54621,1.54703,1.53427,1.5362,10180.48831946,2026-06-10 11:00:00+00:00
1781091000000,1.53644,1.5416,1.53422,1.53837,2639.12909486,2026-06-10 11:30:00+00:00
1781092800000,1.53742,1.54176,1.53608,1.54176,1421.21353332,2026-06-10 12:00:00+00:00
1781094600000,1.54128,1.56457,1.54128,1.55807,16728.71692987,2026-06-10 12:30:00+00:00
1781096400000,1.55689,1.55829,1.55559,1.55829,6517.72203324,2026-06-10 13:00:00+00:00
1781098200000,1.55916,1.58145,1.55916,1.57196,10846.31890693,2026-06-10 13:30:00+00:00
1781100000000,1.56823,1.57182,1.56094,1.56716,4595.79755813,2026-06-10 14:00:00+00:00
1781101800000,1.56184,1.5644,1.55806,1.55806,1120.26970818,2026-06-10 14:30:00+00:00
1781103600000,1.56564,1.57064,1.55784,1.56937,7853.82119621,2026-06-10 15:00:00+00:00
1781105400000,1.56378,1.57774,1.55995,1.5718,15121.63713158,2026-06-10 15:30:00+00:00
1781107200000,1.57269,1.5727,1.55811,1.56168,6361.09698462,2026-06-10 16:00:00+00:00
1781109000000,1.55588,1.5619,1.54421,1.55184,12795.49635998,2026-06-10 16:30:00+00:00
1781110800000,1.55204,1.55628,1.54895,1.54896,1388.65616892,2026-06-10 17:00:00+00:00
1781112600000,1.54407,1.54613,1.53808,1.54613,6952.95586207,2026-06-10 17:30:00+00:00
1781114400000,1.54526,1.54597,1.53858,1.53977,2476.99011155,2026-06-10 18:00:00+00:00
1781116200000,1.54263,1.54286,1.53277,1.54238,10850.0764532,2026-06-10 18:30:00+00:00
1781118000000,1.54212,1.54251,1.53197,1.53358,4011.95192485,2026-06-10 19:00:00+00:00
1781119800000,1.5348,1.53634,1.52912,1.53192,3113.25788888,2026-06-10 19:30:00+00:00
1781121600000,1.52993,1.53599,1.52748,1.535,10400.6920295,2026-06-10 20:00:00+00:00
1781123400000,1.53232,1.53428,1.52791,1.52891,1421.07337312,2026-06-10 20:30:00+00:00
1781125200000,1.53069,1.53168,1.52198,1.52544,5106.13038611,2026-06-10 21:00:00+00:00
1781127000000,1.52689,1.52949,1.51926,1.52343,6815.62710454,2026-06-10 21:30:00+00:00
1781128800000,1.52345,1.52562,1.52139,1.52374,7645.5716602,2026-06-10 22:00:00+00:00
1781130600000,1.52469,1.53227,1.52468,1.52869,10625.29722547,2026-06-10 22:30:00+00:00
1781132400000,1.52602,1.53258,1.52,1.52851,21365.36211103,2026-06-10 23:00:00+00:00
1781134200000,1.53038,1.53238,1.5285,1.53032,4013.0479324,2026-06-10 23:30:00+00:00
1781136000000,1.53021,1.5368,1.5292,1.53583,4501.17257532,2026-06-11 00:00:00+00:00
1781137800000,1.53685,1.53889,1.53297,1.53594,4697.16004639,2026-06-11 00:30:00+00:00
1781139600000,1.53849,1.54337,1.53818,1.54337,668.83023198,2026-06-11 01:00:00+00:00
1781141400000,1.54386,1.55977,1.54053,1.55387,20150.21115102,2026-06-11 01:30:00+00:00
1781143200000,1.55498,1.55504,1.54449,1.54471,7685.32957584,2026-06-11 02:00:00+00:00
1781145000000,1.54434,1.54793,1.5397,1.54594,3430.61406307,2026-06-11 02:30:00+00:00
1781146800000,1.54501,1.54501,1.54054,1.54303,2194.25325288,2026-06-11 03:00:00+00:00
1781148600000,1.54448,1.56465,1.54409,1.56465,24065.62245096,2026-06-11 03:30:00+00:00
1781150400000,1.56026,1.56048,1.55558,1.55558,7045.78804909,2026-06-11 04:00:00+00:00
1781152200000,1.55572,1.56178,1.55355,1.5615,3299.11992632,2026-06-11 04:30:00+00:00
1781154000000,1.55971,1.55971,1.5527,1.5527,997.57782033,2026-06-11 05:00:00+00:00
1781155800000,1.55415,1.5552,1.55337,1.55337,966.09796047,2026-06-11 05:30:00+00:00
1781157600000,1.55231,1.56198,1.55219,1.55856,1276.80571362,2026-06-11 06:00:00+00:00
1781159400000,1.55932,1.55964,1.55584,1.55584,2753.60007829,2026-06-11 06:30:00+00:00
1781161200000,1.55499,1.55594,1.55414,1.55594,1411.83304667,2026-06-11 07:00:00+00:00
1781163000000,1.55485,1.55529,1.55485,1.55503,851.62086444,2026-06-11 07:30:00+00:00
1781164800000,1.55787,1.55787,1.55787,1.55787,133.6554,2026-06-11 08:00:00+00:00
1781166600000,1.567,1.56704,1.56582,1.56582,720.26726741,2026-06-11 08:30:00+00:00
1781168400000,1.563,1.56362,1.56272,1.56333,133.99983572,2026-06-11 09:00:00+00:00
1781170200000,1.56144,1.56256,1.56078,1.56127,1362.23517549,2026-06-11 09:30:00+00:00
1781172000000,1.56032,1.56162,1.55827,1.56162,3386.23077461,2026-06-11 10:00:00+00:00
1781173800000,1.56204,1.5711,1.56204,1.5684,5314.55850332,2026-06-11 10:30:00+00:00
1781175600000,1.56792,1.56792,1.56386,1.56418,3272.56303428,2026-06-11 11:00:00+00:00
1781177400000,1.56595,1.5724,1.56484,1.5724,4209.67460872,2026-06-11 11:30:00+00:00
1781179200000,1.56749,1.56762,1.55355,1.55548,7682.71058139,2026-06-11 12:00:00+00:00
1781181000000,1.55548,1.55783,1.554,1.55714,4973.29618891,2026-06-11 12:30:00+00:00
1781182800000,1.55445,1.56094,1.55417,1.55518,3051.13376965,2026-06-11 13:00:00+00:00
1781184600000,1.55518,1.5658,1.549,1.56205,4494.71889954,2026-06-11 13:30:00+00:00
1781186400000,1.56355,1.56355,1.55642,1.55946,2274.29986417,2026-06-11 14:00:00+00:00
1781188200000,1.56096,1.56617,1.5594,1.56299,1082.43724214,2026-06-11 14:30:00+00:00
1781190000000,1.55641,1.56005,1.55311,1.56005,4223.73372372,2026-06-11 15:00:00+00:00
1781191800000,1.55873,1.56302,1.55253,1.55458,2241.99377608,2026-06-11 15:30:00+00:00
1781193600000,1.55841,1.55983,1.54972,1.55235,14547.8917204,2026-06-11 16:00:00+00:00
1781195400000,1.55046,1.55601,1.55015,1.55099,1228.01011042,2026-06-11 16:30:00+00:00
1781197200000,1.54976,1.56176,1.54699,1.56176,22164.75401697,2026-06-11 17:00:00+00:00
1781199000000,1.56471,1.59751,1.56471,1.5921,31039.62106869,2026-06-11 17:30:00+00:00
1781200800000,1.59493,1.59924,1.5868,1.58913,19915.9691164,2026-06-11 18:00:00+00:00
1781202600000,1.58947,1.59303,1.5867,1.59155,3554.89504509,2026-06-11 18:30:00+00:00
1781204400000,1.58935,1.59706,1.58496,1.59554,6506.85370301,2026-06-11 19:00:00+00:00
1781206200000,1.59378,1.60255,1.59258,1.59415,4983.68392006,2026-06-11 19:30:00+00:00
1781208000000,1.59526,1.59526,1.58274,1.58278,4153.88460184,2026-06-11 20:00:00+00:00
1781209800000,1.58262,1.58593,1.58079,1.58593,4038.58300273,2026-06-11 20:30:00+00:00
1781211600000,1.58566,1.5931,1.58566,1.59196,6929.20020709,2026-06-11 21:00:00+00:00
1781213400000,1.59328,1.59445,1.59124,1.59349,6619.35243,2026-06-11 21:30:00+00:00
1781215200000,1.59447,1.60027,1.58999,1.59771,10528.69998085,2026-06-11 22:00:00+00:00
1781217000000,1.59819,1.60048,1.59183,1.59692,3324.95402363,2026-06-11 22:30:00+00:00
1781218800000,1.59534,1.59534,1.59065,1.59065,7282.26446773,2026-06-11 23:00:00+00:00
1781220600000,1.59056,1.59693,1.59056,1.59414,2577.80036518,2026-06-11 23:30:00+00:00
1781222400000,1.59481,1.59917,1.59071,1.59504,2441.39156161,2026-06-12 00:00:00+00:00
1781224200000,1.59431,1.60004,1.59392,1.59687,21997.22027546,2026-06-12 00:30:00+00:00
1781226000000,1.59259,1.59526,1.58814,1.58848,6480.26409866,2026-06-12 01:00:00+00:00
1781227800000,1.58918,1.59283,1.58918,1.59143,3697.36990332,2026-06-12 01:30:00+00:00
1781229600000,1.59378,1.60515,1.59378,1.59788,5949.22174104,2026-06-12 02:00:00+00:00
1781231400000,1.59821,1.60376,1.59821,1.60245,2375.98572663,2026-06-12 02:30:00+00:00
1781233200000,1.6,1.6,1.59519,1.59695,443.61436869,2026-06-12 03:00:00+00:00
1781235000000,1.59671,1.5977,1.59531,1.59642,1660.49610562,2026-06-12 03:30:00+00:00
1781236800000,1.59847,1.60179,1.59557,1.60088,1753.6356445,2026-06-12 04:00:00+00:00
1781238600000,1.6051,1.60662,1.6009,1.6009,655.7454453,2026-06-12 04:30:00+00:00
1781240400000,1.60112,1.60112,1.5951,1.59605,6002.63414177,2026-06-12 05:00:00+00:00
1781242200000,1.59605,1.59605,1.59336,1.59336,3279.67591264,2026-06-12 05:30:00+00:00
1781244000000,1.5928,1.59408,1.58474,1.58617,1739.15073242,2026-06-12 06:00:00+00:00
1781245800000,1.58245,1.58245,1.57558,1.57558,3145.47745152,2026-06-12 06:30:00+00:00
1781247600000,1.58048,1.58224,1.58048,1.58224,120.42244,2026-06-12 07:00:00+00:00
1781249400000,1.58372,1.58666,1.58187,1.58535,1249.29713588,2026-06-12 07:30:00+00:00
1781251200000,1.58671,1.59771,1.58671,1.59771,306.08479882,2026-06-12 08:00:00+00:00
1781253000000,1.59646,1.59647,1.59502,1.59503,107.90015,2026-06-12 08:30:00+00:00
1781254800000,1.5944,1.60261,1.59242,1.60261,575.87324999,2026-06-12 09:00:00+00:00
1781256600000,1.60261,1.60862,1.60261,1.60464,3930.52749571,2026-06-12 09:30:00+00:00
1781258400000,1.60216,1.60345,1.59513,1.59514,2431.18824999,2026-06-12 10:00:00+00:00
1781260200000,1.59756,1.59902,1.59756,1.59855,1623.56295551,2026-06-12 10:30:00+00:00
1781262000000,1.59855,1.60064,1.59855,1.59985,743.61900559,2026-06-12 11:00:00+00:00
1781263800000,1.59855,1.59855,1.59504,1.59586,1521.29341941,2026-06-12 11:30:00+00:00
1781265600000,1.59388,1.59544,1.58999,1.59001,6581.72436706,2026-06-12 12:00:00+00:00
1781267400000,1.58932,1.59025,1.58601,1.58657,8830.56123398,2026-06-12 12:30:00+00:00
1781269200000,1.58818,1.58882,1.58431,1.58543,372.06296673,2026-06-12 13:00:00+00:00
1781271000000,1.58564,1.58564,1.5748,1.57692,6343.55062312,2026-06-12 13:30:00+00:00
1781272800000,1.57865,1.58865,1.57865,1.58865,5307.43087141,2026-06-12 14:00:00+00:00
1781274600000,1.59072,1.60666,1.58905,1.60347,32381.25531997,2026-06-12 14:30:00+00:00
1781276400000,1.60779,1.61429,1.60187,1.60335,27010.91156936,2026-06-12 15:00:00+00:00
1781278200000,1.59992,1.6006,1.57779,1.57779,19997.9704066,2026-06-12 15:30:00+00:00
1781280000000,1.57676,1.58721,1.57416,1.58269,17870.73811786,2026-06-12 16:00:00+00:00
1781281800000,1.58321,1.58729,1.58011,1.58247,5859.89154173,2026-06-12 16:30:00+00:00
1781283600000,1.58704,1.59052,1.58155,1.58339,3725.79185662,2026-06-12 17:00:00+00:00
1781285400000,1.58348,1.58476,1.58189,1.58252,551.18043,2026-06-12 17:30:00+00:00
1781287200000,1.58401,1.58435,1.57798,1.58105,5512.36040394,2026-06-12 18:00:00+00:00
1781289000000,1.58085,1.58436,1.58041,1.58204,3974.5078494,2026-06-12 18:30:00+00:00
1781290800000,1.58052,1.58612,1.58052,1.58612,1435.78607,2026-06-12 19:00:00+00:00
1781292600000,1.5857,1.58771,1.58088,1.58285,17567.59175347,2026-06-12 19:30:00+00:00
1781294400000,1.58285,1.5851,1.5811,1.5851,5481.4108465,2026-06-12 20:00:00+00:00
1781296200000,1.58474,1.58675,1.58329,1.58496,4266.51453475,2026-06-12 20:30:00+00:00
1781298000000,1.58495,1.58808,1.58373,1.58808,17941.70922386,2026-06-12 21:00:00+00:00
1781299800000,1.58679,1.58764,1.58254,1.58254,52041.42315801,2026-06-12 21:30:00+00:00
1781301600000,1.58085,1.58536,1.57985,1.58484,762.68803449,2026-06-12 22:00:00+00:00
1781303400000,1.58328,1.58329,1.58068,1.58169,1860.05793068,2026-06-12 22:30:00+00:00
1781305200000,1.58302,1.58317,1.58032,1.58166,1675.41585045,2026-06-12 23:00:00+00:00
1781307000000,1.5813,1.58575,1.58066,1.58575,4625.28561,2026-06-12 23:30:00+00:00
1781308800000,1.5855,1.58823,1.58451,1.58731,2735.5123856,2026-06-13 00:00:00+00:00
1781310600000,1.58652,1.58856,1.58525,1.58856,1034.61599381,2026-06-13 00:30:00+00:00
1781312400000,1.5893,1.59365,1.5893,1.59194,4172.62134471,2026-06-13 01:00:00+00:00
1781314200000,1.59216,1.5956,1.59047,1.59459,18014.3064465,2026-06-13 01:30:00+00:00
1781316000000,1.59479,1.59479,1.58906,1.59072,5297.53957717,2026-06-13 02:00:00+00:00
1781317800000,1.58956,1.58956,1.58653,1.5888,2011.60874303,2026-06-13 02:30:00+00:00
1781319600000,1.58803,1.59005,1.58339,1.58443,6017.24163647,2026-06-13 03:00:00+00:00
1781321400000,1.58565,1.58848,1.58557,1.5871,1964.42971,2026-06-13 03:30:00+00:00
1781323200000,1.58678,1.58857,1.58678,1.58688,2561.07329415,2026-06-13 04:00:00+00:00
1781325000000,1.58857,1.58995,1.58745,1.58746,1402.75218899,2026-06-13 04:30:00+00:00
1781326800000,1.5864,1.587,1.58415,1.58478,1060.70648177,2026-06-13 05:00:00+00:00
1781328600000,1.58415,1.58512,1.58159,1.58347,1164.54753,2026-06-13 05:30:00+00:00
1781330400000,1.58472,1.58605,1.58375,1.58605,1881.5860993,2026-06-13 06:00:00+00:00
1781332200000,1.58609,1.59179,1.58609,1.59179,298.60978014,2026-06-13 06:30:00+00:00
1781334000000,1.58913,1.59767,1.58913,1.59767,1931.67000078,2026-06-13 07:00:00+00:00
1781335800000,1.59896,1.60221,1.59741,1.59981,1211.70066349,2026-06-13 07:30:00+00:00
1781337600000,1.59772,1.60117,1.59763,1.60117,3068.51753008,2026-06-13 08:00:00+00:00
1781339400000,1.60126,1.60126,1.59925,1.60035,226.78977371,2026-06-13 08:30:00+00:00
1781341200000,1.60185,1.60191,1.599,1.599,847.855547,2026-06-13 09:00:00+00:00
1781343000000,1.59905,1.60002,1.59905,1.60001,1936.63905048,2026-06-13 09:30:00+00:00
1781344800000,1.59964,1.60251,1.59964,1.60251,330.368418,2026-06-13 10:00:00+00:00
1781346600000,1.60371,1.60382,1.60318,1.60325,1472.238156,2026-06-13 10:30:00+00:00
1781348400000,1.60231,1.60901,1.60231,1.60901,3236.54074229,2026-06-13 11:00:00+00:00
1781350200000,1.60835,1.60836,1.60581,1.6064,4557.75326201,2026-06-13 11:30:00+00:00
1781352000000,1.60647,1.61022,1.60592,1.61022,5141.24422781,2026-06-13 12:00:00+00:00
1781353800000,1.61012,1.61555,1.60937,1.61555,2131.84779454,2026-06-13 12:30:00+00:00
1781355600000,1.61481,1.61639,1.61351,1.61542,83.32815873,2026-06-13 13:00:00+00:00
1781357400000,1.61402,1.61402,1.61154,1.612,7258.29200691,2026-06-13 13:30:00+00:00
1781359200000,1.61156,1.61938,1.61156,1.61604,2330.78995409,2026-06-13 14:00:00+00:00
1781361000000,1.61507,1.61604,1.61309,1.61604,3599.48139882,2026-06-13 14:30:00+00:00
1781362800000,1.61467,1.61747,1.61389,1.61732,2122.57921805,2026-06-13 15:00:00+00:00
1781364600000,1.62255,1.62256,1.61808,1.61808,1032.07134138,2026-06-13 15:30:00+00:00
1781366400000,1.61615,1.61615,1.60351,1.60762,11974.16285119,2026-06-13 16:00:00+00:00
1781368200000,1.60613,1.60941,1.6029,1.60415,11103.0875442,2026-06-13 16:30:00+00:00
1781370000000,1.60583,1.60646,1.60237,1.6034,3374.84707112,2026-06-13 17:00:00+00:00
1781371800000,1.60591,1.60699,1.59964,1.59965,9001.41131,2026-06-13 17:30:00+00:00
1781373600000,1.60029,1.60289,1.59907,1.60289,1830.65393925,2026-06-13 18:00:00+00:00
1781375400000,1.60338,1.60522,1.60149,1.60217,628.12751957,2026-06-13 18:30:00+00:00
1781377200000,1.60312,1.60385,1.60152,1.60268,4442.34447283,2026-06-13 19:00:00+00:00
1781379000000,1.60178,1.60657,1.60178,1.60581,8823.57973172,2026-06-13 19:30:00+00:00
1781380800000,1.6038,1.6048,1.60267,1.60363,1152.622512,2026-06-13 20:00:00+00:00
1781382600000,1.60411,1.60425,1.60328,1.60335,409.42285,2026-06-13 20:30:00+00:00
1781384400000,1.60447,1.60485,1.60217,1.60218,1268.07063653,2026-06-13 21:00:00+00:00
1781386200000,1.60254,1.61607,1.60254,1.61221,10645.30616899,2026-06-13 21:30:00+00:00
1781388000000,1.61166,1.61228,1.60851,1.61177,4595.64749692,2026-06-13 22:00:00+00:00
1781389800000,1.61165,1.61165,1.60749,1.609,1470.93991274,2026-06-13 22:30:00+00:00
1781391600000,1.60898,1.6124,1.60898,1.61135,692.906516,2026-06-13 23:00:00+00:00
1781393400000,1.61116,1.61191,1.60723,1.60934,816.5358279,2026-06-13 23:30:00+00:00
1781395200000,1.60914,1.60914,1.60696,1.60723,1496.56984,2026-06-14 00:00:00+00:00
1781397000000,1.60948,1.60948,1.60694,1.60828,232.98576,2026-06-14 00:30:00+00:00
1781398800000,1.60844,1.61806,1.60844,1.61711,5812.134725,2026-06-14 01:00:00+00:00
1781400600000,1.61619,1.61619,1.61228,1.61239,1628.74517231,2026-06-14 01:30:00+00:00
1781402400000,1.61224,1.61677,1.61139,1.61423,1301.85938808,2026-06-14 02:00:00+00:00
1781404200000,1.61424,1.61424,1.61091,1.61129,4564.43192122,2026-06-14 02:30:00+00:00
1781406000000,1.61038,1.61423,1.61038,1.61414,3382.49155833,2026-06-14 03:00:00+00:00
1781407800000,1.61423,1.61568,1.61134,1.61568,1689.87651495,2026-06-14 03:30:00+00:00
1781409600000,1.614,1.61401,1.61001,1.61001,958.77630735,2026-06-14 04:00:00+00:00
1781411400000,1.61,1.61,1.606,1.60663,1104.74885301,2026-06-14 04:30:00+00:00
1781413200000,1.60664,1.60756,1.60359,1.6036,4101.74754003,2026-06-14 05:00:00+00:00
1781415000000,1.60243,1.60773,1.60243,1.60565,1808.30609592,2026-06-14 05:30:00+00:00
1781416800000,1.60996,1.61277,1.60996,1.61192,2852.14565261,2026-06-14 06:00:00+00:00
1781418600000,1.61221,1.61221,1.60401,1.60421,2477.22440577,2026-06-14 06:30:00+00:00
1781420400000,1.6053,1.60539,1.60252,1.60252,406.8233318,2026-06-14 07:00:00+00:00
1781422200000,1.6026,1.6026,1.59824,1.60097,3622.27642161,2026-06-14 07:30:00+00:00
1781424000000,1.60496,1.60497,1.60496,1.60497,109.40139,2026-06-14 08:00:00+00:00
1781425800000,1.60611,1.60623,1.60256,1.60272,993.37808,2026-06-14 08:30:00+00:00
1781427600000,1.60204,1.60204,1.5984,1.60063,2321.9062747,2026-06-14 09:00:00+00:00
1781429400000,1.60132,1.60359,1.60132,1.60359,170.97822762,2026-06-14 09:30:00+00:00
1781431200000,1.60675,1.60675,1.60526,1.60526,77.37839641,2026-06-14 10:00:00+00:00
1781433000000,1.6047,1.60486,1.60377,1.60377,93.62787193,2026-06-14 10:30:00+00:00
1781434800000,1.60088,1.60109,1.60003,1.60076,5673.35399,2026-06-14 11:00:00+00:00
1781436600000,1.60269,1.60269,1.60132,1.60137,94.41266,2026-06-14 11:30:00+00:00
1781438400000,1.60197,1.60197,1.5997,1.59973,271.10457,2026-06-14 12:00:00+00:00
1781440200000,1.599,1.59902,1.59101,1.59314,7290.09424323,2026-06-14 12:30:00+00:00
1781442000000,1.59283,1.5944,1.591,1.591,5263.4827966,2026-06-14 13:00:00+00:00
1781443800000,1.591,1.59184,1.5883,1.58837,987.81247736,2026-06-14 13:30:00+00:00
1781445600000,1.5874,1.58897,1.58588,1.58588,2699.14822817,2026-06-14 14:00:00+00:00
1781447400000,1.58253,1.5844,1.578,1.5844,3926.44495237,2026-06-14 14:30:00+00:00
1781449200000,1.58517,1.58735,1.58517,1.58735,1027.35910578,2026-06-14 15:00:00+00:00
1781451000000,1.5887,1.58879,1.58678,1.58801,976.38160008,2026-06-14 15:30:00+00:00
1781452800000,1.58842,1.59385,1.58842,1.59361,1325.87345,2026-06-14 16:00:00+00:00
1781454600000,1.59283,1.59436,1.58944,1.59109,5092.75832195,2026-06-14 16:30:00+00:00
1781456400000,1.59141,1.59335,1.58993,1.59062,2611.57082733,2026-06-14 17:00:00+00:00
1781458200000,1.59071,1.59125,1.58584,1.58585,2271.51300169,2026-06-14 17:30:00+00:00
1781460000000,1.58669,1.58828,1.58283,1.58462,3586.41089855,2026-06-14 18:00:00+00:00
1781461800000,1.58472,1.58666,1.58432,1.5849,2461.56923479,2026-06-14 18:30:00+00:00
1781463600000,1.58449,1.588,1.58314,1.58718,3495.51682282,2026-06-14 19:00:00+00:00
1781465400000,1.58776,1.58783,1.58466,1.58543,3173.729657,2026-06-14 19:30:00+00:00
1781467200000,1.58488,1.58897,1.58473,1.58869,3018.42540152,2026-06-14 20:00:00+00:00
1781469000000,1.58895,1.59403,1.58895,1.59294,4782.45634461,2026-06-14 20:30:00+00:00
1781470800000,1.5922,1.62639,1.59219,1.6168,3775.56071732,2026-06-14 21:00:00+00:00
1781472600000,1.62166,1.64106,1.6182,1.63806,27244.10861647,2026-06-14 21:30:00+00:00
1781474400000,1.62981,1.64061,1.62407,1.63547,21611.50743988,2026-06-14 22:00:00+00:00
1781476200000,1.63794,1.64205,1.6366,1.63896,5527.03576648,2026-06-14 22:30:00+00:00
1781478000000,1.638,1.64286,1.63557,1.64286,6268.39469875,2026-06-14 23:00:00+00:00
1781479800000,1.64884,1.65819,1.6459,1.65662,11302.8174696,2026-06-14 23:30:00+00:00
1781481600000,1.65626,1.65881,1.65078,1.65611,10481.25342721,2026-06-15 00:00:00+00:00
1781483400000,1.65336,1.65518,1.65085,1.65518,10472.66596817,2026-06-15 00:30:00+00:00
1781485200000,1.65362,1.65391,1.64779,1.64779,5118.88656497,2026-06-15 01:00:00+00:00
1781487000000,1.6472,1.66444,1.64704,1.65211,7120.84514856,2026-06-15 01:30:00+00:00
1781488800000,1.6521,1.66657,1.65028,1.66023,6029.39428991,2026-06-15 02:00:00+00:00
1781490600000,1.65995,1.65995,1.65247,1.65253,5449.63841669,2026-06-15 02:30:00+00:00
1781492400000,1.65349,1.65992,1.65227,1.65664,1555.59073811,2026-06-15 03:00:00+00:00
1781494200000,1.6573,1.66272,1.65629,1.65724,3110.41541,2026-06-15 03:30:00+00:00
1781496000000,1.65732,1.65986,1.65613,1.65699,1804.56779346,2026-06-15 04:00:00+00:00
1781497800000,1.65524,1.65524,1.65077,1.65428,1988.15329548,2026-06-15 04:30:00+00:00
1781499600000,1.6503,1.65735,1.64982,1.65735,3287.97458611,2026-06-15 05:00:00+00:00
1781501400000,1.6567,1.65671,1.65184,1.65366,2755.8428932,2026-06-15 05:30:00+00:00
1781503200000,1.65321,1.65717,1.65321,1.65717,1029.58771409,2026-06-15 06:00:00+00:00
1781505000000,1.65639,1.6565,1.65024,1.65393,7247.58825234,2026-06-15 06:30:00+00:00
1781506800000,1.65755,1.65755,1.65755,1.65755,235.65738,2026-06-15 07:00:00+00:00
1781508600000,1.65341,1.65372,1.65007,1.65007,946.55595,2026-06-15 07:30:00+00:00
1781510400000,1.65067,1.65182,1.64719,1.64891,2065.80085732,2026-06-15 08:00:00+00:00
1781512200000,1.6525,1.6525,1.65033,1.65111,261.64584,2026-06-15 08:30:00+00:00
1781514000000,1.65111,1.65853,1.65033,1.65853,1193.59224999,2026-06-15 09:00:00+00:00
1781515800000,1.65591,1.65591,1.65,1.6543,7895.95004912,2026-06-15 09:30:00+00:00
1781517600000,1.6619,1.66236,1.65493,1.65493,4849.826657,2026-06-15 10:00:00+00:00
1781519400000,1.65505,1.67378,1.65505,1.67286,38416.50756004,2026-06-15 10:30:00+00:00
1781521200000,1.67518,1.71522,1.67174,1.70759,23643.2239896,2026-06-15 11:00:00+00:00
1781523000000,1.70759,1.72421,1.70463,1.72421,15876.41992098,2026-06-15 11:30:00+00:00
1781524800000,1.72247,1.73056,1.71616,1.72368,20182.04411534,2026-06-15 12:00:00+00:00
1781526600000,1.72484,1.74093,1.72376,1.73156,4113.16969265,2026-06-15 12:30:00+00:00
1781528400000,1.73261,1.74188,1.72487,1.73948,19442.29521664,2026-06-15 13:00:00+00:00
1781530200000,1.73876,1.74551,1.73018,1.73143,10855.35391249,2026-06-15 13:30:00+00:00
1781532000000,1.73014,1.73236,1.72635,1.7299,8310.61295995,2026-06-15 14:00:00+00:00
1781533800000,1.73355,1.74238,1.73128,1.73924,7415.04755649,2026-06-15 14:30:00+00:00
1781535600000,1.74063,1.76911,1.74063,1.76217,9180.81287961,2026-06-15 15:00:00+00:00
1781537400000,1.76354,1.77603,1.75781,1.77426,22471.87396003,2026-06-15 15:30:00+00:00
1781539200000,1.77116,1.80166,1.76038,1.79903,40092.40128601,2026-06-15 16:00:00+00:00
1781541000000,1.80348,1.80826,1.78698,1.79085,15598.44544364,2026-06-15 16:30:00+00:00
1781542800000,1.79037,1.79979,1.78077,1.79289,11452.71998887,2026-06-15 17:00:00+00:00
1781544600000,1.78893,1.79343,1.77637,1.79283,10458.6300763,2026-06-15 17:30:00+00:00
1781546400000,1.78996,1.79734,1.789,1.789,8730.11432252,2026-06-15 18:00:00+00:00
1781548200000,1.78804,1.80257,1.78804,1.79855,6032.81459296,2026-06-15 18:30:00+00:00
1781550000000,1.79285,1.80631,1.77943,1.78647,18200.48474516,2026-06-15 19:00:00+00:00
1781551800000,1.78412,1.79159,1.77513,1.78103,10461.21345535,2026-06-15 19:30:00+00:00
1781553600000,1.78153,1.78733,1.77884,1.77884,13934.94762398,2026-06-15 20:00:00+00:00
1781555400000,1.78059,1.78498,1.76838,1.76852,2128.71450948,2026-06-15 20:30:00+00:00
1781557200000,1.76883,1.76887,1.75044,1.75044,10831.97380609,2026-06-15 21:00:00+00:00
1781559000000,1.75102,1.75319,1.74713,1.74912,23866.15451688,2026-06-15 21:30:00+00:00
1781560800000,1.74803,1.75688,1.73793,1.73793,8314.4999247,2026-06-15 22:00:00+00:00
1781562600000,1.74002,1.74248,1.73354,1.73562,8532.18265779,2026-06-15 22:30:00+00:00
1781564400000,1.73637,1.7383,1.73018,1.73466,7526.43221722,2026-06-15 23:00:00+00:00
1781566200000,1.73,1.73501,1.72576,1.73393,7617.99799371,2026-06-15 23:30:00+00:00
1781568000000,1.73323,1.73694,1.72985,1.73224,5820.92056266,2026-06-16 00:00:00+00:00
1781569800000,1.73348,1.73661,1.72622,1.72721,2861.13993,2026-06-16 00:30:00+00:00
1781571600000,1.72956,1.73033,1.72236,1.72506,7195.08505121,2026-06-16 01:00:00+00:00
1781573400000,1.7246,1.72487,1.71963,1.71963,9909.43577459,2026-06-16 01:30:00+00:00
1781575200000,1.7185,1.7185,1.70216,1.70216,1519.75858172,2026-06-16 02:00:00+00:00
1781577000000,1.70057,1.70766,1.7004,1.70473,8109.92650873,2026-06-16 02:30:00+00:00
1781578800000,1.70541,1.715,1.70388,1.715,7294.5780247,2026-06-16 03:00:00+00:00
1781580600000,1.71326,1.71794,1.71326,1.71794,1331.95240039,2026-06-16 03:30:00+00:00
1781582400000,1.71806,1.72098,1.71704,1.71705,3876.97667013,2026-06-16 04:00:00+00:00
1781584200000,1.71255,1.71577,1.71169,1.71224,2630.097956,2026-06-16 04:30:00+00:00
1781586000000,1.71402,1.71944,1.71402,1.71944,173.4188927,2026-06-16 05:00:00+00:00
1781587800000,1.71722,1.71876,1.71722,1.71858,643.43567528,2026-06-16 05:30:00+00:00
1781589600000,1.71859,1.72307,1.71651,1.72307,4325.17207,2026-06-16 06:00:00+00:00
1781591400000,1.72519,1.73258,1.72519,1.73218,719.41405873,2026-06-16 06:30:00+00:00
1781593200000,1.73,1.73,1.7257,1.72691,281.51516623,2026-06-16 07:00:00+00:00
1781595000000,1.72626,1.72893,1.72619,1.72891,227.77378,2026-06-16 07:30:00+00:00
1781596800000,1.73145,1.73872,1.73145,1.73872,7025.41375538,2026-06-16 08:00:00+00:00
1781598600000,1.73871,1.75169,1.73871,1.7498,5322.17993847,2026-06-16 08:30:00+00:00
1781600400000,1.74553,1.74714,1.73745,1.73784,4239.60087,2026-06-16 09:00:00+00:00
1781602200000,1.73412,1.73789,1.73412,1.7358,4082.06843,2026-06-16 09:30:00+00:00
1781604000000,1.73579,1.73804,1.73411,1.73752,70.7222935,2026-06-16 10:00:00+00:00
1781605800000,1.73804,1.74035,1.73516,1.73516,3426.07617,2026-06-16 10:30:00+00:00
1781607600000,1.73539,1.73677,1.732,1.73212,4093.99684162,2026-06-16 11:00:00+00:00
1781609400000,1.73328,1.73466,1.72859,1.73321,4816.46528461,2026-06-16 11:30:00+00:00
1781611200000,1.73376,1.7504,1.73376,1.7481,8555.23014458,2026-06-16 12:00:00+00:00
1781613000000,1.75169,1.75822,1.74028,1.74346,2607.62687499,2026-06-16 12:30:00+00:00
1781614800000,1.74362,1.74362,1.72673,1.72673,5697.09912604,2026-06-16 13:00:00+00:00
1781616600000,1.72878,1.72998,1.71535,1.7161,21988.90824909,2026-06-16 13:30:00+00:00
1781618400000,1.71912,1.72154,1.69712,1.69934,13371.51149664,2026-06-16 14:00:00+00:00
1781620200000,1.69486,1.69791,1.6889,1.69,6438.70240485,2026-06-16 14:30:00+00:00
1781622000000,1.69164,1.70203,1.69129,1.69611,9072.8337876,2026-06-16 15:00:00+00:00
1781623800000,1.69812,1.69968,1.69119,1.69632,6785.60189037,2026-06-16 15:30:00+00:00
1781625600000,1.6939,1.69682,1.69294,1.69299,976.23176941,2026-06-16 16:00:00+00:00
1781627400000,1.69609,1.69746,1.69142,1.69601,1993.78992,2026-06-16 16:30:00+00:00
1781629200000,1.69944,1.7029,1.69944,1.701,3224.92661989,2026-06-16 17:00:00+00:00
1781631000000,1.69603,1.70918,1.69583,1.70918,5060.75912353,2026-06-16 17:30:00+00:00
1781632800000,1.7144,1.72232,1.71051,1.71051,9812.76967775,2026-06-16 18:00:00+00:00
1781634600000,1.71691,1.71964,1.71618,1.71964,3548.63224769,2026-06-16 18:30:00+00:00
1781636400000,1.70774,1.7106,1.70439,1.70439,3888.37554645,2026-06-16 19:00:00+00:00
1781638200000,1.71176,1.71181,1.70755,1.7088,515.56394,2026-06-16 19:30:00+00:00
1781640000000,1.70685,1.71288,1.70571,1.70581,3910.23436714,2026-06-16 20:00:00+00:00
1781641800000,1.70588,1.71101,1.70569,1.71101,5726.39497191,2026-06-16 20:30:00+00:00
1781643600000,1.71345,1.7136,1.70313,1.70429,661.71248,2026-06-16 21:00:00+00:00
1781645400000,1.70482,1.7079,1.7034,1.7079,10342.6533607,2026-06-16 21:30:00+00:00
1781647200000,1.70748,1.71013,1.70275,1.70357,1461.5796539,2026-06-16 22:00:00+00:00
1781649000000,1.70784,1.70947,1.70417,1.70947,1165.73425989,2026-06-16 22:30:00+00:00
1781650800000,1.70993,1.71037,1.7027,1.70363,2397.9220482,2026-06-16 23:00:00+00:00
1781652600000,1.70538,1.70681,1.70242,1.70261,909.06930275,2026-06-16 23:30:00+00:00
1781654400000,1.70493,1.70556,1.7011,1.7012,3784.1376163,2026-06-17 00:00:00+00:00
1781656200000,1.70075,1.70358,1.69958,1.70093,7289.10121714,2026-06-17 00:30:00+00:00
1781658000000,1.69921,1.70223,1.692,1.69507,5402.75920948,2026-06-17 01:00:00+00:00
1781659800000,1.6934,1.70972,1.69162,1.70972,8539.23187574,2026-06-17 01:30:00+00:00
1781661600000,1.70944,1.71773,1.70858,1.71396,5846.03139044,2026-06-17 02:00:00+00:00
1781663400000,1.71223,1.71223,1.70241,1.70681,707.3489624,2026-06-17 02:30:00+00:00
1781665200000,1.70463,1.70592,1.69887,1.70007,2154.09026821,2026-06-17 03:00:00+00:00
1781667000000,1.70327,1.70496,1.69842,1.7018,1987.6285738,2026-06-17 03:30:00+00:00
1781668800000,1.70301,1.70521,1.70151,1.70345,3130.76631299,2026-06-17 04:00:00+00:00
1781670600000,1.7067,1.70859,1.70541,1.70541,353.70440521,2026-06-17 04:30:00+00:00
1781672400000,1.70775,1.71145,1.70078,1.7017,1323.06742378,2026-06-17 05:00:00+00:00
1781674200000,1.70488,1.70936,1.70459,1.7061,5118.29760007,2026-06-17 05:30:00+00:00
1781676000000,1.70512,1.70787,1.69933,1.69933,426.83506941,2026-06-17 06:00:00+00:00
1781677800000,1.69712,1.69712,1.69466,1.6963,274.00091284,2026-06-17 06:30:00+00:00
1781679600000,1.69357,1.70248,1.69357,1.70248,1427.06648033,2026-06-17 07:00:00+00:00
1781681400000,1.69269,1.69431,1.688,1.68819,7659.88019045,2026-06-17 07:30:00+00:00
1781683200000,1.68687,1.68687,1.68457,1.68496,984.32467999,2026-06-17 08:00:00+00:00
1781685000000,1.68103,1.68196,1.67433,1.67545,3718.12796749,2026-06-17 08:30:00+00:00
1781686800000,1.67551,1.67551,1.67288,1.67409,3590.00928499,2026-06-17 09:00:00+00:00
1781688600000,1.6743,1.67726,1.67336,1.6752,544.27185113,2026-06-17 09:30:00+00:00
1781690400000,1.67563,1.67671,1.67488,1.6752,8732.34059948,2026-06-17 10:00:00+00:00
1781692200000,1.6752,1.67867,1.6752,1.67651,2144.98657812,2026-06-17 10:30:00+00:00
1781694000000,1.67559,1.67559,1.66563,1.66563,25482.00976256,2026-06-17 11:00:00+00:00
1781695800000,1.66812,1.67287,1.66792,1.67287,7610.5530064,2026-06-17 11:30:00+00:00
1781697600000,1.67104,1.67544,1.66824,1.66855,6685.19426863,2026-06-17 12:00:00+00:00
1781699400000,1.66752,1.67823,1.66712,1.67818,4416.20117974,2026-06-17 12:30:00+00:00
1781701200000,1.67765,1.68343,1.67765,1.67977,9909.61742851,2026-06-17 13:00:00+00:00
1781703000000,1.68022,1.69063,1.6802,1.68476,4637.29788156,2026-06-17 13:30:00+00:00
1781704800000,1.68275,1.68623,1.68073,1.68169,2774.36188317,2026-06-17 14:00:00+00:00
1781706600000,1.68165,1.68173,1.66613,1.67761,6187.06264109,2026-06-17 14:30:00+00:00
1781708400000,1.67705,1.68798,1.67592,1.68798,7944.05457524,2026-06-17 15:00:00+00:00
1781710200000,1.6876,1.70185,1.68744,1.70185,3046.64630442,2026-06-17 15:30:00+00:00
1781712000000,1.70301,1.71683,1.7013,1.71683,10016.98698916,2026-06-17 16:00:00+00:00
1781713800000,1.71472,1.71472,1.70016,1.70016,6465.81389973,2026-06-17 16:30:00+00:00
1781715600000,1.70102,1.70152,1.69658,1.70152,4898.36904792,2026-06-17 17:00:00+00:00
1781717400000,1.7022,1.71067,1.69819,1.70711,7855.63543737,2026-06-17 17:30:00+00:00
1781719200000,1.7073,1.7073,1.67969,1.685,45122.56756078,2026-06-17 18:00:00+00:00
1781721000000,1.68851,1.7114,1.68559,1.7068,24473.4953766,2026-06-17 18:30:00+00:00
1781722800000,1.70401,1.70402,1.66752,1.67317,28640.54735062,2026-06-17 19:00:00+00:00
1781724600000,1.6717,1.67787,1.66256,1.66547,33738.98557903,2026-06-17 19:30:00+00:00
1781726400000,1.66601,1.67199,1.66522,1.67199,6090.21736775,2026-06-17 20:00:00+00:00
1781728200000,1.67116,1.67843,1.66955,1.67843,6086.99764683,2026-06-17 20:30:00+00:00
1781730000000,1.67575,1.67667,1.67266,1.67287,11018.86854277,2026-06-17 21:00:00+00:00
1781731800000,1.67429,1.6758,1.66378,1.66684,3625.50219585,2026-06-17 21:30:00+00:00
1781733600000,1.66851,1.6733,1.65208,1.6733,10241.31526505,2026-06-17 22:00:00+00:00
1781735400000,1.6733,1.67459,1.67098,1.67189,1838.92601019,2026-06-17 22:30:00+00:00
1781737200000,1.67204,1.67563,1.67039,1.67379,2436.02807,2026-06-17 23:00:00+00:00
1781739000000,1.67346,1.67347,1.67094,1.67161,2163.27133707,2026-06-17 23:30:00+00:00
1781740800000,1.67277,1.67603,1.67277,1.67597,1918.43088783,2026-06-18 00:00:00+00:00
1781742600000,1.67839,1.67839,1.67444,1.67473,2297.68179831,2026-06-18 00:30:00+00:00
1781744400000,1.6744,1.68034,1.6744,1.67715,3443.38657841,2026-06-18 01:00:00+00:00
1781746200000,1.67809,1.67809,1.6719,1.67615,6302.32657933,2026-06-18 01:30:00+00:00
1781748000000,1.67841,1.67942,1.67592,1.67871,2172.69196501,2026-06-18 02:00:00+00:00
1781749800000,1.67709,1.67843,1.67592,1.67774,2261.96760536,2026-06-18 02:30:00+00:00
1781751600000,1.67611,1.67657,1.66449,1.66449,3511.62964213,2026-06-18 03:00:00+00:00
1781753400000,1.66376,1.6644,1.66048,1.6622,3107.6575842,2026-06-18 03:30:00+00:00
1781755200000,1.66189,1.66189,1.65154,1.65242,4203.86608645,2026-06-18 04:00:00+00:00
1781757000000,1.65157,1.65158,1.64587,1.64891,16500.01394873,2026-06-18 04:30:00+00:00
1781758800000,1.6486,1.6486,1.6392,1.64168,5714.52091912,2026-06-18 05:00:00+00:00
1781760600000,1.64344,1.64705,1.64273,1.64702,943.34731,2026-06-18 05:30:00+00:00
1781762400000,1.6471,1.6471,1.64358,1.64397,1704.21243693,2026-06-18 06:00:00+00:00
1781764200000,1.64462,1.65121,1.64462,1.65121,1050.22815103,2026-06-18 06:30:00+00:00
1781766000000,1.65138,1.66286,1.65138,1.66213,804.91238618,2026-06-18 07:00:00+00:00
1781767800000,1.66265,1.66394,1.6624,1.66334,2700.96917679,2026-06-18 07:30:00+00:00
1781769600000,1.65899,1.66328,1.65876,1.66328,40.65769,2026-06-18 08:00:00+00:00
1781771400000,1.66696,1.66773,1.66393,1.66394,718.26791,2026-06-18 08:30:00+00:00
1781773200000,1.66262,1.6646,1.66262,1.6646,462.18078,2026-06-18 09:00:00+00:00
1781775000000,1.66699,1.66878,1.66428,1.66482,3457.09403326,2026-06-18 09:30:00+00:00
1781776800000,1.66233,1.66305,1.65314,1.65314,877.97751881,2026-06-18 10:00:00+00:00
1781778600000,1.64989,1.65204,1.64989,1.65007,2276.04004901,2026-06-18 10:30:00+00:00
1781780400000,1.65294,1.65324,1.64423,1.6455,2028.55216199,2026-06-18 11:00:00+00:00
1781782200000,1.64931,1.64931,1.6417,1.64295,1491.61505748,2026-06-18 11:30:00+00:00
1781784000000,1.64491,1.64906,1.64417,1.64833,2055.95875343,2026-06-18 12:00:00+00:00
1781785800000,1.64849,1.65249,1.64655,1.65071,4766.69024541,2026-06-18 12:30:00+00:00
1781787600000,1.64895,1.65429,1.6487,1.65429,814.3165,2026-06-18 13:00:00+00:00
1781789400000,1.65096,1.65096,1.63397,1.63696,10833.76135345,2026-06-18 13:30:00+00:00
1781791200000,1.63722,1.64751,1.63619,1.64107,4233.43739318,2026-06-18 14:00:00+00:00
1781793000000,1.64058,1.64312,1.63135,1.63741,13516.5151442,2026-06-18 14:30:00+00:00
1781794800000,1.63593,1.63776,1.6201,1.62056,16712.64353205,2026-06-18 15:00:00+00:00
1781796600000,1.62174,1.62268,1.60181,1.60773,24304.919679,2026-06-18 15:30:00+00:00
1781798400000,1.60962,1.61862,1.60843,1.61605,22964.69986132,2026-06-18 16:00:00+00:00
1781800200000,1.61559,1.62263,1.61235,1.62102,4230.82973622,2026-06-18 16:30:00+00:00
1781802000000,1.62134,1.62298,1.60798,1.61291,20472.33953715,2026-06-18 17:00:00+00:00
1781803800000,1.6153,1.62164,1.61267,1.61267,9513.92851473,2026-06-18 17:30:00+00:00
1781805600000,1.61265,1.62027,1.60993,1.61739,14106.98452269,2026-06-18 18:00:00+00:00
1781807400000,1.61516,1.61697,1.60689,1.60844,2104.92810092,2026-06-18 18:30:00+00:00
1781809200000,1.6065,1.60946,1.60528,1.60701,3529.43151033,2026-06-18 19:00:00+00:00
1781811000000,1.60862,1.618,1.60862,1.61707,4068.60354324,2026-06-18 19:30:00+00:00
1781812800000,1.61748,1.62667,1.61748,1.62667,8581.47767332,2026-06-18 20:00:00+00:00
1781814600000,1.62656,1.63183,1.62656,1.62797,10295.6673931,2026-06-18 20:30:00+00:00
1781816400000,1.62794,1.62794,1.61747,1.61883,3129.0627733,2026-06-18 21:00:00+00:00
1781818200000,1.6191,1.62047,1.61516,1.61755,7819.16227002,2026-06-18 21:30:00+00:00
1781820000000,1.61781,1.62209,1.61505,1.62209,4626.11850747,2026-06-18 22:00:00+00:00
1781821800000,1.62029,1.62261,1.61809,1.62261,1369.58062707,2026-06-18 22:30:00+00:00
1781823600000,1.62095,1.62148,1.61515,1.61686,3648.44513,2026-06-18 23:00:00+00:00
1781825400000,1.61989,1.62171,1.61766,1.62171,2649.76108003,2026-06-18 23:30:00+00:00
1781827200000,1.61941,1.62242,1.61743,1.62178,3988.43524552,2026-06-19 00:00:00+00:00
1781829000000,1.62394,1.62421,1.62221,1.6229,2471.83701114,2026-06-19 00:30:00+00:00
1781830800000,1.62352,1.62837,1.62122,1.62123,6093.1870968,2026-06-19 01:00:00+00:00
1781832600000,1.62077,1.62902,1.6199,1.62746,6508.68672783,2026-06-19 01:30:00+00:00
1781834400000,1.62727,1.6303,1.61982,1.61982,1990.42245896,2026-06-19 02:00:00+00:00
1781836200000,1.61943,1.62358,1.61943,1.62352,4509.62395071,2026-06-19 02:30:00+00:00
1781838000000,1.62376,1.62552,1.60853,1.61909,16874.06985942,2026-06-19 03:00:00+00:00
1781839800000,1.61114,1.61114,1.6088,1.61091,3894.13134315,2026-06-19 03:30:00+00:00
1781841600000,1.61,1.61051,1.60217,1.60217,3030.85330861,2026-06-19 04:00:00+00:00
1781843400000,1.601,1.601,1.59334,1.59523,7720.96755663,2026-06-19 04:30:00+00:00
1781845200000,1.59535,1.60264,1.59535,1.59873,2873.53469168,2026-06-19 05:00:00+00:00
1781847000000,1.59972,1.60184,1.5981,1.60184,275.54438,2026-06-19 05:30:00+00:00
1781848800000,1.60301,1.6055,1.60033,1.60107,934.66307031,2026-06-19 06:00:00+00:00
1781850600000,1.59722,1.60155,1.596,1.60155,1776.99080216,2026-06-19 06:30:00+00:00
1781852400000,1.59851,1.59861,1.595,1.59861,711.82697528,2026-06-19 07:00:00+00:00
1781854200000,1.59525,1.59811,1.586,1.59022,9752.7442362,2026-06-19 07:30:00+00:00
1781856000000,1.59199,1.59627,1.59014,1.59391,1127.82749296,2026-06-19 08:00:00+00:00
1781857800000,1.59474,1.59705,1.59,1.59068,6230.74689469,2026-06-19 08:30:00+00:00
1781859600000,1.59167,1.59181,1.58768,1.58998,5803.28930175,2026-06-19 09:00:00+00:00
1781861400000,1.59145,1.59175,1.58945,1.59105,1926.1304567,2026-06-19 09:30:00+00:00
1781863200000,1.58906,1.59212,1.58824,1.5916,1408.40734,2026-06-19 10:00:00+00:00
1781865000000,1.58889,1.5917,1.5865,1.5917,1211.86104749,2026-06-19 10:30:00+00:00
1781866800000,1.59253,1.596,1.5893,1.596,1730.08201176,2026-06-19 11:00:00+00:00
1781868600000,1.59406,1.59485,1.593,1.59457,7042.91887352,2026-06-19 11:30:00+00:00
1781870400000,1.59622,1.59625,1.5898,1.59008,846.74468759,2026-06-19 12:00:00+00:00
1781872200000,1.59035,1.6007,1.58461,1.60031,5371.01323631,2026-06-19 12:30:00+00:00
1781874000000,1.60344,1.60464,1.6,1.60238,4293.85742162,2026-06-19 13:00:00+00:00
1781875800000,1.60293,1.62016,1.6025,1.61497,31633.8217642,2026-06-19 13:30:00+00:00
1781877600000,1.61412,1.6146,1.60852,1.61254,8642.43351171,2026-06-19 14:00:00+00:00
1781879400000,1.61249,1.61707,1.61022,1.61022,2501.34002474,2026-06-19 14:30:00+00:00
1781881200000,1.60949,1.60998,1.60559,1.60792,6032.13415769,2026-06-19 15:00:00+00:00
1781883000000,1.60889,1.61302,1.60873,1.61171,3479.38019724,2026-06-19 15:30:00+00:00
1781884800000,1.61122,1.61328,1.60955,1.61094,5440.83795205,2026-06-19 16:00:00+00:00
1781886600000,1.61001,1.61078,1.5993,1.60237,6592.38943994,2026-06-19 16:30:00+00:00
1781888400000,1.60298,1.61002,1.60193,1.60449,508.18124408,2026-06-19 17:00:00+00:00
1781890200000,1.60581,1.61217,1.60581,1.61055,4487.85080119,2026-06-19 17:30:00+00:00
1781892000000,1.60911,1.60911,1.60556,1.60676,1663.09366616,2026-06-19 18:00:00+00:00
1781893800000,1.60399,1.60676,1.60165,1.60646,16262.73789491,2026-06-19 18:30:00+00:00
1781895600000,1.60501,1.6052,1.59799,1.59799,4175.02861143,2026-06-19 19:00:00+00:00
1781897400000,1.60102,1.60505,1.60062,1.60329,2571.01161308,2026-06-19 19:30:00+00:00
1781899200000,1.60467,1.60518,1.60009,1.60437,4441.64997263,2026-06-19 20:00:00+00:00
1781901000000,1.60384,1.60671,1.60201,1.60523,3051.85498607,2026-06-19 20:30:00+00:00
1781902800000,1.60431,1.60595,1.60001,1.60001,3229.56884924,2026-06-19 21:00:00+00:00
1781904600000,1.60003,1.60055,1.59869,1.60033,11115.0759991,2026-06-19 21:30:00+00:00
1781906400000,1.60114,1.60762,1.60102,1.60677,4321.83576806,2026-06-19 22:00:00+00:00
1781908200000,1.60535,1.60715,1.60498,1.60613,269.32567957,2026-06-19 22:30:00+00:00
1781910000000,1.60515,1.6073,1.60448,1.60685,7053.44882981,2026-06-19 23:00:00+00:00
1781911800000,1.60708,1.61022,1.60516,1.60882,13446.53095255,2026-06-19 23:30:00+00:00
1781913600000,1.60921,1.61457,1.60876,1.61369,3026.5512954,2026-06-20 00:00:00+00:00
1781915400000,1.61673,1.61673,1.61044,1.61044,4392.18897686,2026-06-20 00:30:00+00:00
1781917200000,1.61076,1.61367,1.6104,1.61367,346.95884872,2026-06-20 01:00:00+00:00
1781919000000,1.6137,1.61815,1.61314,1.61717,3007.30521413,2026-06-20 01:30:00+00:00
1781920800000,1.61707,1.61731,1.61,1.6107,3156.61574756,2026-06-20 02:00:00+00:00
1781922600000,1.61372,1.61672,1.61291,1.61436,2030.32176936,2026-06-20 02:30:00+00:00
1781924400000,1.61454,1.61567,1.61266,1.61384,3044.16516552,2026-06-20 03:00:00+00:00
1781926200000,1.61418,1.61493,1.61418,1.61477,396.4172,2026-06-20 03:30:00+00:00
1781928000000,1.61522,1.62004,1.61398,1.62004,1146.05012154,2026-06-20 04:00:00+00:00
1781929800000,1.61995,1.62165,1.61836,1.62104,364.46881513,2026-06-20 04:30:00+00:00
1781931600000,1.62026,1.63452,1.61956,1.62743,27122.44090721,2026-06-20 05:00:00+00:00
1781933400000,1.62878,1.62967,1.6232,1.62559,763.98855505,2026-06-20 05:30:00+00:00
1781935200000,1.62571,1.63023,1.62538,1.63023,406.15000743,2026-06-20 06:00:00+00:00
1781937000000,1.62882,1.62999,1.62811,1.62811,2738.86754225,2026-06-20 06:30:00+00:00
1781938800000,1.62811,1.62876,1.62325,1.62789,1108.16267655,2026-06-20 07:00:00+00:00
1781940600000,1.62586,1.62739,1.62586,1.62724,230.33782809,2026-06-20 07:30:00+00:00
1781942400000,1.62543,1.62543,1.62268,1.62268,72.6368979,2026-06-20 08:00:00+00:00
1781944200000,1.62409,1.62539,1.62409,1.62539,28.27443,2026-06-20 08:30:00+00:00
1781946000000,1.62767,1.62767,1.62767,1.62767,11.98818,2026-06-20 09:00:00+00:00
1781947800000,1.62907,1.62907,1.62907,1.62907,15.5613,2026-06-20 09:30:00+00:00
1781949600000,1.63043,1.63144,1.62945,1.63055,660.92715,2026-06-20 10:00:00+00:00
1781951400000,1.63078,1.63078,1.62626,1.62733,3135.34718576,2026-06-20 10:30:00+00:00
1781953200000,1.62827,1.62827,1.62463,1.62561,1652.39798486,2026-06-20 11:00:00+00:00
1781955000000,1.62644,1.62789,1.62644,1.62789,1586.72522276,2026-06-20 11:30:00+00:00
1781956800000,1.62561,1.62817,1.62523,1.62711,998.66073938,2026-06-20 12:00:00+00:00
1781958600000,1.62686,1.62686,1.62303,1.62361,969.73780848,2026-06-20 12:30:00+00:00
1781960400000,1.62351,1.62455,1.61348,1.61348,8916.31729083,2026-06-20 13:00:00+00:00
1781962200000,1.61605,1.6185,1.61502,1.6167,2365.693253,2026-06-20 13:30:00+00:00
1781964000000,1.61632,1.61632,1.60754,1.60972,7953.62366968,2026-06-20 14:00:00+00:00
1781965800000,1.6108,1.6295,1.60923,1.62086,32126.26623568,2026-06-20 14:30:00+00:00
1781967600000,1.62144,1.63051,1.62144,1.62869,6317.13414011,2026-06-20 15:00:00+00:00
1781969400000,1.62574,1.63051,1.62501,1.63051,3904.20420407,2026-06-20 15:30:00+00:00
1781971200000,1.62824,1.62824,1.62383,1.62383,1973.98502088,2026-06-20 16:00:00+00:00
1781973000000,1.62116,1.62663,1.62116,1.62663,3612.46370823,2026-06-20 16:30:00+00:00
1781974800000,1.62699,1.62699,1.61942,1.6202,1637.64949732,2026-06-20 17:00:00+00:00
1781976600000,1.62263,1.62343,1.61297,1.6201,20776.1077791,2026-06-20 17:30:00+00:00
1781978400000,1.61886,1.62144,1.61886,1.62097,2567.92483795,2026-06-20 18:00:00+00:00
1781980200000,1.6209,1.62099,1.61721,1.61747,4656.75559939,2026-06-20 18:30:00+00:00
1781982000000,1.61645,1.61866,1.61476,1.61476,2195.23794557,2026-06-20 19:00:00+00:00
1781983800000,1.61667,1.61918,1.61667,1.61838,748.79979,2026-06-20 19:30:00+00:00
1781985600000,1.61955,1.62178,1.61955,1.62117,243.64360537,2026-06-20 20:00:00+00:00
1781987400000,1.61988,1.62189,1.61887,1.62111,1979.63619392,2026-06-20 20:30:00+00:00
1781989200000,1.62119,1.62516,1.62119,1.6236,184.30653501,2026-06-20 21:00:00+00:00
1781991000000,1.62322,1.62622,1.62282,1.62386,712.4224606,2026-06-20 21:30:00+00:00
1781992800000,1.62339,1.63276,1.62339,1.63254,13531.6981929,2026-06-20 22:00:00+00:00
1781994600000,1.63086,1.63466,1.6308,1.63096,655.6216461,2026-06-20 22:30:00+00:00
1781996400000,1.63033,1.63207,1.62876,1.62876,1646.21021,2026-06-20 23:00:00+00:00
1781998200000,1.63026,1.63141,1.62673,1.62784,2152.34389153,2026-06-20 23:30:00+00:00
1782000000000,1.62759,1.6276,1.62522,1.62598,1193.60612866,2026-06-21 00:00:00+00:00
1782001800000,1.62613,1.62676,1.6254,1.62561,2160.25578223,2026-06-21 00:30:00+00:00
1782003600000,1.62577,1.62593,1.623,1.62369,1446.82460968,2026-06-21 01:00:00+00:00
1782005400000,1.62419,1.62711,1.62419,1.62711,2252.16535131,2026-06-21 01:30:00+00:00
1782007200000,1.62691,1.62696,1.62476,1.62476,1581.56587,2026-06-21 02:00:00+00:00
1782009000000,1.62312,1.62383,1.62212,1.62335,1144.21096,2026-06-21 02:30:00+00:00
1782010800000,1.62234,1.62901,1.62234,1.6272,2294.43921274,2026-06-21 03:00:00+00:00
1782012600000,1.62548,1.6265,1.62527,1.62628,1701.60787,2026-06-21 03:30:00+00:00
1782014400000,1.62751,1.62758,1.62524,1.62617,859.52691,2026-06-21 04:00:00+00:00
1782016200000,1.62736,1.62884,1.62031,1.62068,2813.11632015,2026-06-21 04:30:00+00:00
1782018000000,1.62063,1.62105,1.61923,1.62066,2188.12050149,2026-06-21 05:00:00+00:00
1782019800000,1.62068,1.62096,1.62053,1.62055,191.03905,2026-06-21 05:30:00+00:00
1782021600000,1.61937,1.62104,1.61882,1.61954,3041.41825045,2026-06-21 06:00:00+00:00
1782023400000,1.62349,1.62349,1.62349,1.62349,5.54361283,2026-06-21 06:30:00+00:00
1782025200000,1.62245,1.62279,1.6218,1.6218,5276.22888,2026-06-21 07:00:00+00:00
1782027000000,1.6218,1.6218,1.6218,1.6218,0.0,2026-06-21 07:30:00+00:00
1782028800000,1.62317,1.62322,1.62317,1.62322,61.29618,2026-06-21 08:00:00+00:00
1782030600000,1.62067,1.6207,1.61552,1.61765,334.41108506,2026-06-21 08:30:00+00:00
1782032400000,1.61955,1.62114,1.61955,1.62023,104.22019,2026-06-21 09:00:00+00:00
1782034200000,1.62484,1.6258,1.62484,1.6258,1227.31972,2026-06-21 09:30:00+00:00
1782036000000,1.62528,1.62975,1.62528,1.62974,345.50960999,2026-06-21 10:00:00+00:00
1782037800000,1.62993,1.62993,1.62574,1.62574,1589.98134618,2026-06-21 10:30:00+00:00
1782039600000,1.62013,1.62134,1.62013,1.62134,3639.61153,2026-06-21 11:00:00+00:00
1782041400000,1.62013,1.62122,1.61588,1.61588,1084.08235677,2026-06-21 11:30:00+00:00
1782043200000,1.61769,1.61795,1.61442,1.61559,5442.07412705,2026-06-21 12:00:00+00:00
1782045000000,1.61537,1.61959,1.61416,1.61959,1619.73497535,2026-06-21 12:30:00+00:00
1782046800000,1.61857,1.62275,1.61783,1.61858,2873.15489717,2026-06-21 13:00:00+00:00
1782048600000,1.61741,1.61889,1.61584,1.61889,1360.33610002,2026-06-21 13:30:00+00:00
1782050400000,1.61825,1.61975,1.61582,1.61816,1809.67501,2026-06-21 14:00:00+00:00
1782052200000,1.61972,1.62224,1.61972,1.6221,417.49220516,2026-06-21 14:30:00+00:00
1782054000000,1.62367,1.6267,1.62367,1.62637,3496.47938999,2026-06-21 15:00:00+00:00
1782055800000,1.62677,1.62799,1.62677,1.62743,2099.09889,2026-06-21 15:30:00+00:00
1782057600000,1.62742,1.62742,1.6221,1.6233,2457.39181449,2026-06-21 16:00:00+00:00
1782059400000,1.621,1.62284,1.61778,1.62173,2207.92250486,2026-06-21 16:30:00+00:00
1782061200000,1.62163,1.62278,1.61997,1.6213,2198.77432638,2026-06-21 17:00:00+00:00
1782063000000,1.6194,1.61941,1.61662,1.61883,657.20241846,2026-06-21 17:30:00+00:00
1782064800000,1.61661,1.61869,1.61394,1.61835,805.52612999,2026-06-21 18:00:00+00:00
1782066600000,1.61612,1.62235,1.61593,1.6205,883.66167359,2026-06-21 18:30:00+00:00
1782068400000,1.62139,1.62291,1.6207,1.62217,1225.62772793,2026-06-21 19:00:00+00:00
1782070200000,1.62169,1.62343,1.62066,1.62182,891.84261477,2026-06-21 19:30:00+00:00
1782072000000,1.62087,1.62371,1.61652,1.61652,2016.23806501,2026-06-21 20:00:00+00:00
1782073800000,1.61634,1.61634,1.6107,1.61351,2938.88186242,2026-06-21 20:30:00+00:00
1782075600000,1.61276,1.61344,1.59156,1.60223,28308.99694723,2026-06-21 21:00:00+00:00
1782077400000,1.60241,1.61031,1.60241,1.60679,668.13814618,2026-06-21 21:30:00+00:00
1782079200000,1.60546,1.60924,1.60545,1.60571,6555.01261414,2026-06-21 22:00:00+00:00
1782081000000,1.60175,1.60526,1.59813,1.60424,3070.76262419,2026-06-21 22:30:00+00:00
1782082800000,1.60374,1.60377,1.5969,1.60225,294.23443883,2026-06-21 23:00:00+00:00
1782084600000,1.59415,1.59626,1.5932,1.59529,2370.75013384,2026-06-21 23:30:00+00:00
1782086400000,1.59611,1.60744,1.59611,1.60337,4448.56892905,2026-06-22 00:00:00+00:00
1782088200000,1.60559,1.61427,1.60559,1.61427,5894.10349217,2026-06-22 00:30:00+00:00
1782090000000,1.61409,1.63156,1.60714,1.62771,9306.46328283,2026-06-22 01:00:00+00:00
1782091800000,1.61899,1.62408,1.61855,1.62366,5956.25624786,2026-06-22 01:30:00+00:00
1782093600000,1.62307,1.62307,1.61463,1.6199,6620.60582993,2026-06-22 02:00:00+00:00
1782095400000,1.61623,1.61756,1.61153,1.61153,1722.65805424,2026-06-22 02:30:00+00:00
1782097200000,1.60434,1.61059,1.6035,1.60924,405.59743998,2026-06-22 03:00:00+00:00
1782099000000,1.61187,1.61195,1.59955,1.59955,4054.69204709,2026-06-22 03:30:00+00:00
1782100800000,1.6025,1.60761,1.6025,1.60434,2700.42122,2026-06-22 04:00:00+00:00
1782102600000,1.60522,1.60811,1.60484,1.60811,3078.14614,2026-06-22 04:30:00+00:00
1782104400000,1.61203,1.61204,1.61142,1.61202,518.10269115,2026-06-22 05:00:00+00:00
1782106200000,1.61126,1.61126,1.61,1.61,1367.35909124,2026-06-22 05:30:00+00:00
1782108000000,1.61037,1.61037,1.60668,1.60857,643.03337618,2026-06-22 06:00:00+00:00
1782109800000,1.60576,1.60759,1.6036,1.6036,798.19272881,2026-06-22 06:30:00+00:00
1782111600000,1.61271,1.61272,1.61271,1.61272,24.43961,2026-06-22 07:00:00+00:00
1782113400000,1.61256,1.61454,1.61256,1.61454,928.0098,2026-06-22 07:30:00+00:00
1782115200000,1.60677,1.60684,1.60677,1.60684,58.85507,2026-06-22 08:00:00+00:00
1782117000000,1.6075,1.60762,1.60744,1.60744,347.1527756,2026-06-22 08:30:00+00:00
1782118800000,1.61054,1.61066,1.61008,1.61008,630.48203,2026-06-22 09:00:00+00:00
1782120600000,1.60664,1.60707,1.60664,1.60707,2417.49354,2026-06-22 09:30:00+00:00
1782122400000,1.60847,1.60847,1.60847,1.60847,3222.43909339,2026-06-22 10:00:00+00:00
1782124200000,1.61111,1.6112,1.61111,1.6112,366.37295039,2026-06-22 10:30:00+00:00
1782126000000,1.61933,1.62082,1.61216,1.6198,176768.43757549,2026-06-22 11:00:00+00:00
1782127800000,1.62401,1.62605,1.62346,1.62605,124.43857617,2026-06-22 11:30:00+00:00
1782129600000,1.62516,1.62567,1.62226,1.625,10735.81438788,2026-06-22 12:00:00+00:00
1782131400000,1.6236,1.638,1.62337,1.638,1362.58292198,2026-06-22 12:30:00+00:00
1782133200000,1.63615,1.63615,1.63282,1.63308,4710.26520337,2026-06-22 13:00:00+00:00
1782135000000,1.63949,1.64753,1.63451,1.64753,10498.00844324,2026-06-22 13:30:00+00:00
1782136800000,1.63919,1.6392,1.62495,1.62495,18368.25956901,2026-06-22 14:00:00+00:00
1782138600000,1.61993,1.62047,1.61388,1.61671,7454.09984374,2026-06-22 14:30:00+00:00
1782140400000,1.61924,1.62162,1.61439,1.61885,1956.96484014,2026-06-22 15:00:00+00:00
1782142200000,1.62075,1.62456,1.61198,1.61448,5781.38843946,2026-06-22 15:30:00+00:00
1782144000000,1.61275,1.6166,1.60951,1.61232,3358.76785144,2026-06-22 16:00:00+00:00
1782145800000,1.61209,1.61246,1.60762,1.6107,2461.37017618,2026-06-22 16:30:00+00:00
1782147600000,1.61181,1.61185,1.60511,1.60511,1743.73265109,2026-06-22 17:00:00+00:00
1782149400000,1.60485,1.614,1.60385,1.61331,9148.97004472,2026-06-22 17:30:00+00:00
1782151200000,1.61316,1.61822,1.61316,1.6151,13998.60298,2026-06-22 18:00:00+00:00
1782153000000,1.61498,1.61498,1.60255,1.60255,2906.3570122,2026-06-22 18:30:00+00:00
1782154800000,1.60164,1.60314,1.6,1.60156,11681.27704474,2026-06-22 19:00:00+00:00
1782156600000,1.60039,1.60499,1.60005,1.6023,8709.89597785,2026-06-22 19:30:00+00:00
1782158400000,1.60831,1.60911,1.60169,1.60172,1320.58338631,2026-06-22 20:00:00+00:00
1782160200000,1.60369,1.60451,1.6,1.60005,2596.71462126,2026-06-22 20:30:00+00:00
1782162000000,1.60166,1.60172,1.59899,1.59976,1258.07716531,2026-06-22 21:00:00+00:00
1782163800000,1.60018,1.60074,1.59246,1.59941,6539.53894939,2026-06-22 21:30:00+00:00
1782165600000,1.60019,1.60491,1.58852,1.59264,13023.80565639,2026-06-22 22:00:00+00:00
1782167400000,1.58769,1.59544,1.58676,1.59479,4773.65871619,2026-06-22 22:30:00+00:00
1782169200000,1.5932,1.59848,1.59304,1.59836,6698.93228171,2026-06-22 23:00:00+00:00
1782171000000,1.59737,1.6001,1.59737,1.59886,3232.29153955,2026-06-22 23:30:00+00:00
1782172800000,1.59756,1.60008,1.59756,1.59809,907.37840783,2026-06-23 00:00:00+00:00
1782174600000,1.5953,1.60054,1.5953,1.60038,1719.50283661,2026-06-23 00:30:00+00:00
1782176400000,1.60362,1.60363,1.59982,1.60114,9879.80128175,2026-06-23 01:00:00+00:00
1782178200000,1.60265,1.60452,1.59179,1.59856,2194.09735792,2026-06-23 01:30:00+00:00
1782180000000,1.5972,1.59732,1.59414,1.59727,791.90966669,2026-06-23 02:00:00+00:00
1782181800000,1.59594,1.60104,1.59594,1.59937,1310.70059,2026-06-23 02:30:00+00:00
1782183600000,1.59546,1.59896,1.59546,1.59896,287.79375054,2026-06-23 03:00:00+00:00
1782185400000,1.59778,1.59778,1.595,1.59588,524.63089763,2026-06-23 03:30:00+00:00
1782187200000,1.59488,1.59488,1.59383,1.59451,553.62798744,2026-06-23 04:00:00+00:00
1782189000000,1.59452,1.59452,1.58221,1.58447,2372.57602232,2026-06-23 04:30:00+00:00
1782190800000,1.5851,1.5853,1.57979,1.57979,3289.56760788,2026-06-23 05:00:00+00:00
1782192600000,1.57973,1.58084,1.57778,1.57996,2826.20897628,2026-06-23 05:30:00+00:00
1782194400000,1.58083,1.58083,1.57228,1.57352,6447.70326065,2026-06-23 06:00:00+00:00
1782196200000,1.57582,1.58023,1.57582,1.57976,2919.44430618,2026-06-23 06:30:00+00:00
1782198000000,1.5809,1.58171,1.57959,1.58171,431.63139,2026-06-23 07:00:00+00:00
1782199800000,1.57769,1.57873,1.5764,1.57672,3308.84818583,2026-06-23 07:30:00+00:00
1782201600000,1.57761,1.57928,1.55157,1.55383,15561.86365558,2026-06-23 08:00:00+00:00
1782203400000,1.56192,1.5631,1.55842,1.55842,4479.48340759,2026-06-23 08:30:00+00:00
1782205200000,1.56353,1.56436,1.56295,1.56353,1742.06316091,2026-06-23 09:00:00+00:00
1782207000000,1.56534,1.56574,1.56211,1.56574,2253.92345,2026-06-23 09:30:00+00:00
1782208800000,1.56474,1.5693,1.56474,1.56495,3642.41975128,2026-06-23 10:00:00+00:00
1782210600000,1.56294,1.56614,1.5626,1.56614,5021.55002484,2026-06-23 10:30:00+00:00
1782212400000,1.56649,1.57419,1.56564,1.57169,7184.95410719,2026-06-23 11:00:00+00:00
1782214200000,1.57271,1.57342,1.57222,1.57297,3620.76537694,2026-06-23 11:30:00+00:00
1782216000000,1.5731,1.57341,1.56825,1.5683,7788.36104618,2026-06-23 12:00:00+00:00
1782217800000,1.5667,1.56672,1.56,1.56173,3086.02301175,2026-06-23 12:30:00+00:00
1782219600000,1.55997,1.56206,1.5585,1.55936,3714.37159418,2026-06-23 13:00:00+00:00
1782221400000,1.5592,1.56702,1.55592,1.56345,11068.04478394,2026-06-23 13:30:00+00:00
1782223200000,1.56279,1.57237,1.56271,1.56527,8114.57696839,2026-06-23 14:00:00+00:00
1782225000000,1.56754,1.57154,1.56126,1.56257,2397.57065393,2026-06-23 14:30:00+00:00
1782226800000,1.56276,1.5628,1.55185,1.55213,4842.63091505,2026-06-23 15:00:00+00:00
1782228600000,1.55165,1.55851,1.55127,1.55803,5957.58457384,2026-06-23 15:30:00+00:00
1782230400000,1.56095,1.56748,1.55588,1.55588,12735.88205268,2026-06-23 16:00:00+00:00
1782232200000,1.55732,1.56329,1.55717,1.56223,5491.56306112,2026-06-23 16:30:00+00:00
1782234000000,1.56293,1.56786,1.55853,1.56786,16376.40767394,2026-06-23 17:00:00+00:00
1782235800000,1.56493,1.5673,1.55778,1.5596,3783.19674369,2026-06-23 17:30:00+00:00
1782237600000,1.5614,1.56462,1.55769,1.56329,3525.31995477,2026-06-23 18:00:00+00:00
1782239400000,1.56183,1.56183,1.55712,1.5616,2815.37302302,2026-06-23 18:30:00+00:00
1782241200000,1.56159,1.56503,1.55881,1.56402,6600.36583519,2026-06-23 19:00:00+00:00
1782243000000,1.56385,1.56919,1.56119,1.56919,758.82665502,2026-06-23 19:30:00+00:00
1782244800000,1.56876,1.56946,1.56742,1.569,6592.83117981,2026-06-23 20:00:00+00:00
1782246600000,1.56832,1.56832,1.56655,1.56829,6127.16318,2026-06-23 20:30:00+00:00
1782248400000,1.56862,1.57099,1.56826,1.57093,3740.14318356,2026-06-23 21:00:00+00:00
1782250200000,1.57106,1.57106,1.56744,1.56874,1598.89224972,2026-06-23 21:30:00+00:00
1782252000000,1.57133,1.5788,1.57002,1.57495,1561.3250697,2026-06-23 22:00:00+00:00
1782253800000,1.57357,1.57486,1.57264,1.57377,3665.23266929,2026-06-23 22:30:00+00:00
1782255600000,1.5744,1.5744,1.5712,1.57409,3077.94331831,2026-06-23 23:00:00+00:00
1782257400000,1.57334,1.57777,1.57225,1.57726,5216.02826942,2026-06-23 23:30:00+00:00
1782259200000,1.57678,1.5805,1.57678,1.58015,2361.43784735,2026-06-24 00:00:00+00:00
1782261000000,1.57816,1.57897,1.57641,1.57744,4998.70699324,2026-06-24 00:30:00+00:00
1782262800000,1.57778,1.57861,1.57196,1.57196,2898.51851303,2026-06-24 01:00:00+00:00
1782264600000,1.57647,1.58098,1.57574,1.57629,6175.17453559,2026-06-24 01:30:00+00:00
1782266400000,1.57483,1.57483,1.57128,1.57128,3214.67184711,2026-06-24 02:00:00+00:00
1782268200000,1.57398,1.57429,1.57039,1.57039,1642.93907553,2026-06-24 02:30:00+00:00
1782270000000,1.56892,1.56937,1.56558,1.56643,3974.83601482,2026-06-24 03:00:00+00:00
1782271800000,1.56911,1.57064,1.56851,1.56852,322.71659628,2026-06-24 03:30:00+00:00
1782273600000,1.56611,1.56732,1.55639,1.55917,3376.47964263,2026-06-24 04:00:00+00:00
1782275400000,1.55997,1.56685,1.55997,1.56685,396.80690674,2026-06-24 04:30:00+00:00
1782277200000,1.566,1.56842,1.56487,1.56809,412.74862927,2026-06-24 05:00:00+00:00
1782279000000,1.57016,1.57096,1.56978,1.56978,1362.07629243,2026-06-24 05:30:00+00:00
1782280800000,1.56764,1.57151,1.56764,1.56978,1203.33502,2026-06-24 06:00:00+00:00
1782282600000,1.56881,1.56882,1.56701,1.56701,576.23080978,2026-06-24 06:30:00+00:00
1782284400000,1.567,1.567,1.56499,1.56531,1514.01972164,2026-06-24 07:00:00+00:00
1782286200000,1.56431,1.56433,1.56054,1.56077,1985.22242,2026-06-24 07:30:00+00:00
1782288000000,1.56227,1.56467,1.56227,1.56395,974.97206776,2026-06-24 08:00:00+00:00
1782289800000,1.56848,1.56848,1.56636,1.56753,643.59057,2026-06-24 08:30:00+00:00
1782291600000,1.56539,1.56576,1.5624,1.56274,883.73940937,2026-06-24 09:00:00+00:00
1782293400000,1.56262,1.56286,1.56109,1.56259,2491.32179387,2026-06-24 09:30:00+00:00
1782295200000,1.56144,1.56144,1.54408,1.54513,15722.26503783,2026-06-24 10:00:00+00:00
1782297000000,1.5464,1.54665,1.54466,1.54503,1047.81268,2026-06-24 10:30:00+00:00
1782298800000,1.5449,1.5455,1.53872,1.54314,1567.38707765,2026-06-24 11:00:00+00:00
1782300600000,1.54345,1.56417,1.54186,1.55882,8384.88086524,2026-06-24 11:30:00+00:00
1782302400000,1.55595,1.55662,1.55247,1.55388,2169.13715108,2026-06-24 12:00:00+00:00
1782304200000,1.55432,1.55528,1.55101,1.55101,5082.86099048,2026-06-24 12:30:00+00:00
1782306000000,1.55278,1.55292,1.532,1.53856,33485.32986429,2026-06-24 13:00:00+00:00
1782307800000,1.53568,1.54606,1.52969,1.52969,15530.80398877,2026-06-24 13:30:00+00:00
1782309600000,1.53228,1.53697,1.52843,1.53456,13891.93862584,2026-06-24 14:00:00+00:00
1782311400000,1.53506,1.5394,1.52799,1.53063,12681.4725314,2026-06-24 14:30:00+00:00
1782313200000,1.53027,1.53027,1.51724,1.51725,7582.78948296,2026-06-24 15:00:00+00:00
1782315000000,1.51817,1.5182,1.50395,1.50562,12982.81729013,2026-06-24 15:30:00+00:00
1782316800000,1.50575,1.51819,1.50575,1.51718,13396.36482514,2026-06-24 16:00:00+00:00
1782318600000,1.51535,1.51616,1.49559,1.50216,57806.24443872,2026-06-24 16:30:00+00:00
1782320400000,1.50407,1.50804,1.49542,1.50238,38845.01876438,2026-06-24 17:00:00+00:00
1782322200000,1.50264,1.50289,1.49,1.49615,15520.6751814,2026-06-24 17:30:00+00:00
1782324000000,1.49745,1.52208,1.49477,1.51576,21958.91355081,2026-06-24 18:00:00+00:00
1782325800000,1.5179,1.51868,1.50777,1.50839,14364.74002104,2026-06-24 18:30:00+00:00
1782327600000,1.50813,1.50814,1.49898,1.50166,5360.5278822,2026-06-24 19:00:00+00:00
1782329400000,1.50079,1.50942,1.5005,1.50647,8614.02382338,2026-06-24 19:30:00+00:00
1782331200000,1.5044,1.521,1.5008,1.5202,15793.57940498,2026-06-24 20:00:00+00:00
1782333000000,1.52037,1.53303,1.52037,1.52794,17493.14571699,2026-06-24 20:30:00+00:00
1782334800000,1.52894,1.52894,1.51935,1.52442,14680.49626266,2026-06-24 21:00:00+00:00
1782336600000,1.52528,1.53089,1.52513,1.53,14535.17462466,2026-06-24 21:30:00+00:00
1782338400000,1.53577,1.53581,1.52766,1.52891,9465.12510788,2026-06-24 22:00:00+00:00
1782340200000,1.52908,1.52936,1.52342,1.52366,6270.54183649,2026-06-24 22:30:00+00:00
1782342000000,1.52302,1.52935,1.52174,1.52716,6705.75740923,2026-06-24 23:00:00+00:00
1782343800000,1.5266,1.53024,1.52549,1.52727,1190.13794323,2026-06-24 23:30:00+00:00
1782345600000,1.52699,1.531,1.52699,1.52895,2208.96102457,2026-06-25 00:00:00+00:00
1782347400000,1.52845,1.52929,1.52587,1.52587,4001.21121584,2026-06-25 00:30:00+00:00
1782349200000,1.52981,1.53194,1.52953,1.52968,2200.06033505,2026-06-25 01:00:00+00:00
1782351000000,1.53035,1.53151,1.52583,1.5299,6132.5086016,2026-06-25 01:30:00+00:00
1782352800000,1.53,1.5305,1.52632,1.52894,2775.4017051,2026-06-25 02:00:00+00:00
1782354600000,1.52818,1.52819,1.52194,1.52438,5582.85635499,2026-06-25 02:30:00+00:00
1782356400000,1.52448,1.52466,1.52037,1.52178,3417.72011468,2026-06-25 03:00:00+00:00
1782358200000,1.52226,1.52312,1.52097,1.52298,3897.84194,2026-06-25 03:30:00+00:00
1782360000000,1.5236,1.52488,1.52311,1.52414,7858.31904067,2026-06-25 04:00:00+00:00
1782361800000,1.52367,1.53789,1.52137,1.53789,8740.25323686,2026-06-25 04:30:00+00:00
1782363600000,1.53644,1.54492,1.53644,1.54384,1099.34910553,2026-06-25 05:00:00+00:00
1782365400000,1.54382,1.54551,1.54236,1.54332,1131.354046,2026-06-25 05:30:00+00:00
1782367200000,1.5425,1.54901,1.5425,1.54901,1164.97798036,2026-06-25 06:00:00+00:00
1782369000000,1.54589,1.54933,1.54474,1.54933,823.50798,2026-06-25 06:30:00+00:00
1782370800000,1.54548,1.54578,1.54548,1.54578,446.28937,2026-06-25 07:00:00+00:00
1782372600000,1.54629,1.54741,1.54474,1.54474,147.42760903,2026-06-25 07:30:00+00:00
1782374400000,1.54211,1.54214,1.53928,1.53977,2854.23223372,2026-06-25 08:00:00+00:00
1782376200000,1.53993,1.54054,1.5397,1.53982,912.99701092,2026-06-25 08:30:00+00:00
1782378000000,1.54065,1.54137,1.53815,1.53818,619.11848608,2026-06-25 09:00:00+00:00
1782379800000,1.53842,1.53844,1.53692,1.5374,2592.2830692,2026-06-25 09:30:00+00:00
1782381600000,1.53831,1.53861,1.53496,1.535,709.61360707,2026-06-25 10:00:00+00:00
1782383400000,1.53293,1.53293,1.52833,1.52833,492.50746916,2026-06-25 10:30:00+00:00
1782385200000,1.52781,1.52781,1.52074,1.52366,4933.20601613,2026-06-25 11:00:00+00:00
1782387000000,1.52325,1.52529,1.52325,1.52516,703.00932008,2026-06-25 11:30:00+00:00
1782388800000,1.52608,1.52608,1.52,1.52,4592.73102677,2026-06-25 12:00:00+00:00
1782390600000,1.52672,1.53377,1.52666,1.52705,15226.28386381,2026-06-25 12:30:00+00:00
1782392400000,1.52963,1.52998,1.52744,1.52744,3834.23854731,2026-06-25 13:00:00+00:00
1782394200000,1.52574,1.52911,1.43671,1.44005,116503.58490432,2026-06-25 13:30:00+00:00
1782396000000,1.44492,1.47994,1.44492,1.465,41477.02108879,2026-06-25 14:00:00+00:00
1782397800000,1.46533,1.48939,1.4629,1.46675,55023.39490873,2026-06-25 14:30:00+00:00
1782399600000,1.46692,1.46754,1.45392,1.46251,9040.6966249,2026-06-25 15:00:00+00:00
1782401400000,1.46464,1.47136,1.46253,1.46981,6388.9645348,2026-06-25 15:30:00+00:00
1782403200000,1.47033,1.4796,1.46822,1.47227,11424.06859372,2026-06-25 16:00:00+00:00
1782405000000,1.46937,1.46959,1.45677,1.46166,15599.22360829,2026-06-25 16:30:00+00:00
1782406800000,1.46251,1.48015,1.46123,1.47905,27008.63134262,2026-06-25 17:00:00+00:00
1782408600000,1.48044,1.48472,1.47569,1.48472,102119.74887459,2026-06-25 17:30:00+00:00
1782410400000,1.48489,1.48545,1.475,1.47672,14770.07503172,2026-06-25 18:00:00+00:00
1782412200000,1.47651,1.47651,1.46632,1.46632,7902.14966321,2026-06-25 18:30:00+00:00
1782414000000,1.46661,1.4674,1.46,1.46226,14623.27575802,2026-06-25 19:00:00+00:00
1782415800000,1.46226,1.4674,1.46205,1.46739,10059.52612247,2026-06-25 19:30:00+00:00
1782417600000,1.46773,1.47392,1.46773,1.47165,15875.36815789,2026-06-25 20:00:00+00:00
1782419400000,1.47129,1.47161,1.46398,1.46614,4760.09388448,2026-06-25 20:30:00+00:00
1782421200000,1.46632,1.46957,1.46599,1.46957,8198.91489622,2026-06-25 21:00:00+00:00
1782423000000,1.47013,1.48067,1.47013,1.48067,12236.42839686,2026-06-25 21:30:00+00:00
1782424800000,1.47906,1.48032,1.47432,1.47526,3183.25443561,2026-06-25 22:00:00+00:00
1782426600000,1.47649,1.47937,1.47609,1.47609,12067.21993915,2026-06-25 22:30:00+00:00
1782428400000,1.47691,1.48606,1.4734,1.48606,5304.2155037,2026-06-25 23:00:00+00:00
1782430200000,1.48471,1.4875,1.47943,1.4806,21436.41508989,2026-06-25 23:30:00+00:00
1782432000000,1.48212,1.4849,1.48125,1.48168,3636.46879987,2026-06-26 00:00:00+00:00
1782433800000,1.47971,1.48146,1.47612,1.47814,3445.60401172,2026-06-26 00:30:00+00:00
1782435600000,1.47814,1.47956,1.46524,1.46631,4709.84313568,2026-06-26 01:00:00+00:00
1782437400000,1.46092,1.46452,1.46018,1.46397,2684.36030611,2026-06-26 01:30:00+00:00
1782439200000,1.46375,1.46375,1.43778,1.44432,23080.19122759,2026-06-26 02:00:00+00:00
1782441000000,1.4515,1.45189,1.43734,1.44078,9310.11590498,2026-06-26 02:30:00+00:00
1782442800000,1.44136,1.45123,1.43428,1.45049,16071.88618673,2026-06-26 03:00:00+00:00
1782444600000,1.44658,1.466,1.44658,1.46435,13517.01377062,2026-06-26 03:30:00+00:00
1782446400000,1.46729,1.4689,1.46158,1.46172,8382.52478726,2026-06-26 04:00:00+00:00
1782448200000,1.46123,1.46168,1.45832,1.45938,5975.3742467,2026-06-26 04:30:00+00:00
1782450000000,1.45886,1.46344,1.45731,1.46344,1784.29316751,2026-06-26 05:00:00+00:00
1782451800000,1.46408,1.46649,1.464,1.46649,729.52608132,2026-06-26 05:30:00+00:00
1782453600000,1.46328,1.47216,1.46089,1.46918,2195.52198027,2026-06-26 06:00:00+00:00
1782455400000,1.46931,1.48195,1.46869,1.4807,6786.13169836,2026-06-26 06:30:00+00:00
1782457200000,1.48589,1.48616,1.48438,1.48529,15214.96684065,2026-06-26 07:00:00+00:00
1782459000000,1.48727,1.48939,1.48714,1.48939,287.35759098,2026-06-26 07:30:00+00:00
1782460800000,1.48438,1.48451,1.47611,1.47678,12073.7062986,2026-06-26 08:00:00+00:00
1782462600000,1.47304,1.47405,1.4722,1.4737,3840.9943,2026-06-26 08:30:00+00:00
1782464400000,1.47232,1.4725,1.47,1.47085,1056.02019071,2026-06-26 09:00:00+00:00
1782466200000,1.46965,1.46968,1.46011,1.46011,435.90173245,2026-06-26 09:30:00+00:00
1782468000000,1.46247,1.4648,1.46158,1.46463,7964.99934776,2026-06-26 10:00:00+00:00
1782469800000,1.46463,1.46463,1.45564,1.45678,944.98495595,2026-06-26 10:30:00+00:00
1782471600000,1.45611,1.46094,1.45201,1.45201,8323.14990415,2026-06-26 11:00:00+00:00
1782473400000,1.45201,1.45511,1.4475,1.45003,15294.82194864,2026-06-26 11:30:00+00:00
1782475200000,1.45167,1.45817,1.45036,1.45771,1030.0003816,2026-06-26 12:00:00+00:00
1782477000000,1.46266,1.46266,1.44048,1.44674,10334.40252469,2026-06-26 12:30:00+00:00
1782478800000,1.44569,1.44698,1.43559,1.44152,8460.55719821,2026-06-26 13:00:00+00:00
1782480600000,1.44525,1.47136,1.44139,1.47062,13707.07763062,2026-06-26 13:30:00+00:00
1782482400000,1.47309,1.48322,1.4664,1.48322,15274.75406074,2026-06-26 14:00:00+00:00
1782484200000,1.47972,1.48181,1.46827,1.47394,10092.43050146,2026-06-26 14:30:00+00:00
1782486000000,1.47261,1.48155,1.47261,1.47788,5340.57024102,2026-06-26 15:00:00+00:00
1782487800000,1.47907,1.48586,1.47574,1.4812,15081.01722224,2026-06-26 15:30:00+00:00
1782489600000,1.48586,1.49054,1.47544,1.4809,21254.77079935,2026-06-26 16:00:00+00:00
1782491400000,1.48255,1.49079,1.48132,1.48132,14933.67109585,2026-06-26 16:30:00+00:00
1782493200000,1.48187,1.48947,1.48187,1.48917,5112.21805588,2026-06-26 17:00:00+00:00
1782495000000,1.49025,1.49025,1.4836,1.48596,5775.05723418,2026-06-26 17:30:00+00:00
1782496800000,1.48721,1.48837,1.47901,1.47915,7410.06299999,2026-06-26 18:00:00+00:00
1782498600000,1.47769,1.47966,1.47495,1.47502,16009.47554962,2026-06-26 18:30:00+00:00
1782500400000,1.47584,1.48207,1.47495,1.48015,11387.15406747,2026-06-26 19:00:00+00:00
1782502200000,1.48328,1.4919,1.48328,1.48567,6825.70115973,2026-06-26 19:30:00+00:00
1782504000000,1.48992,1.49582,1.4846,1.48863,9880.02075556,2026-06-26 20:00:00+00:00
1782505800000,1.4835,1.48481,1.48031,1.48219,5715.93672425,2026-06-26 20:30:00+00:00
1782507600000,1.48188,1.48188,1.47719,1.48052,4459.51037289,2026-06-26 21:00:00+00:00
1782509400000,1.48196,1.4858,1.4807,1.48091,2458.41199595,2026-06-26 21:30:00+00:00
1782511200000,1.48373,1.48373,1.47518,1.48178,2980.78951141,2026-06-26 22:00:00+00:00
1782513000000,1.4805,1.48719,1.4803,1.48719,991.77000651,2026-06-26 22:30:00+00:00
1782514800000,1.48853,1.48889,1.48606,1.48606,4184.40490673,2026-06-26 23:00:00+00:00
1782516600000,1.48678,1.48983,1.48678,1.48839,2495.77832294,2026-06-26 23:30:00+00:00
1782518400000,1.48967,1.49297,1.48697,1.48703,961.58555913,2026-06-27 00:00:00+00:00
1782520200000,1.48562,1.48801,1.48217,1.4877,5249.88776933,2026-06-27 00:30:00+00:00
1782522000000,1.48604,1.49107,1.48539,1.49107,2380.19543,2026-06-27 01:00:00+00:00
1782523800000,1.49237,1.49426,1.49189,1.49209,1769.27697267,2026-06-27 01:30:00+00:00
1782525600000,1.49378,1.51355,1.4929,1.51023,8750.79098117,2026-06-27 02:00:00+00:00
1782527400000,1.50815,1.51458,1.50771,1.50883,5151.45397815,2026-06-27 02:30:00+00:00
1782529200000,1.50258,1.50843,1.50258,1.50731,713.0186554,2026-06-27 03:00:00+00:00
1782531000000,1.50739,1.50739,1.50351,1.50351,2754.68549189,2026-06-27 03:30:00+00:00
1782532800000,1.50798,1.5085,1.50622,1.50841,5530.54804691,2026-06-27 04:00:00+00:00
1782534600000,1.50721,1.50739,1.50451,1.50505,1770.21344541,2026-06-27 04:30:00+00:00
1782536400000,1.50245,1.50342,1.4985,1.4985,3987.21030407,2026-06-27 05:00:00+00:00
1782538200000,1.49754,1.50085,1.49754,1.4995,1984.63757769,2026-06-27 05:30:00+00:00
1782540000000,1.49947,1.50013,1.4988,1.4996,595.77468016,2026-06-27 06:00:00+00:00
1782541800000,1.50148,1.50498,1.50148,1.50394,2761.42250086,2026-06-27 06:30:00+00:00
1782543600000,1.50498,1.50794,1.50262,1.5079,2585.77613416,2026-06-27 07:00:00+00:00
1782545400000,1.50654,1.50654,1.50362,1.50481,667.70945,2026-06-27 07:30:00+00:00
1782547200000,1.50534,1.50538,1.50043,1.50123,2255.97708931,2026-06-27 08:00:00+00:00
1782549000000,1.5,1.5,1.49863,1.49864,519.33416333,2026-06-27 08:30:00+00:00
1782550800000,1.49868,1.49868,1.49868,1.49868,5.16983,2026-06-27 09:00:00+00:00
1782552600000,1.49868,1.49868,1.49868,1.49868,0.0,2026-06-27 09:30:00+00:00
1782554400000,1.50171,1.50368,1.50171,1.50325,866.66983,2026-06-27 10:00:00+00:00
1782556200000,1.50112,1.50244,1.50064,1.50244,278.84769,2026-06-27 10:30:00+00:00
1782558000000,1.50379,1.50394,1.49751,1.49751,185.08891,2026-06-27 11:00:00+00:00
1782559800000,1.49802,1.50311,1.49802,1.50311,592.26284,2026-06-27 11:30:00+00:00
1782561600000,1.50402,1.50467,1.50144,1.50208,6902.112629,2026-06-27 12:00:00+00:00
1782563400000,1.50212,1.50656,1.50192,1.50655,2961.44700247,2026-06-27 12:30:00+00:00
1782565200000,1.50606,1.50839,1.50606,1.50839,6469.14773047,2026-06-27 13:00:00+00:00
1782567000000,1.5073,1.51073,1.50654,1.51073,3261.11188288,2026-06-27 13:30:00+00:00
1782568800000,1.51217,1.51604,1.51217,1.51455,1823.61190187,2026-06-27 14:00:00+00:00
1782570600000,1.51283,1.51678,1.51188,1.51678,1787.95611865,2026-06-27 14:30:00+00:00
1782572400000,1.51717,1.52462,1.51539,1.52338,9611.18343868,2026-06-27 15:00:00+00:00
1782574200000,1.52435,1.52737,1.52291,1.5268,2866.46701725,2026-06-27 15:30:00+00:00
1782576000000,1.52714,1.52947,1.52129,1.52207,12911.33020923,2026-06-27 16:00:00+00:00
1782577800000,1.52279,1.52282,1.519,1.519,2709.00318513,2026-06-27 16:30:00+00:00
1782579600000,1.51714,1.51714,1.50749,1.50883,12163.9947721,2026-06-27 17:00:00+00:00
1782581400000,1.5084,1.50954,1.50566,1.50566,3201.1546333,2026-06-27 17:30:00+00:00
1782583200000,1.50538,1.50538,1.50089,1.50089,1280.38758193,2026-06-27 18:00:00+00:00
1782585000000,1.5023,1.50435,1.50161,1.50435,2621.73276924,2026-06-27 18:30:00+00:00
1782586800000,1.50385,1.50385,1.49595,1.49809,5943.82383773,2026-06-27 19:00:00+00:00
1782588600000,1.49742,1.49759,1.49554,1.49759,1961.34981876,2026-06-27 19:30:00+00:00
1782590400000,1.49704,1.49905,1.49604,1.49905,992.88395874,2026-06-27 20:00:00+00:00
1782592200000,1.49774,1.49789,1.49554,1.49595,5778.68567263,2026-06-27 20:30:00+00:00
1782594000000,1.49688,1.49854,1.49658,1.49732,383.99951658,2026-06-27 21:00:00+00:00
1782595800000,1.50011,1.50011,1.4932,1.4932,4144.25309296,2026-06-27 21:30:00+00:00
1782597600000,1.49047,1.4918,1.48471,1.49019,2633.61598868,2026-06-27 22:00:00+00:00
1782599400000,1.49343,1.49442,1.49274,1.49442,430.22702293,2026-06-27 22:30:00+00:00
1782601200000,1.4955,1.49584,1.48821,1.48822,6262.41378,2026-06-27 23:00:00+00:00
1782603000000,1.4888,1.48881,1.48575,1.48584,3923.42578873,2026-06-27 23:30:00+00:00
1782604800000,1.48567,1.48927,1.48567,1.48927,456.17630902,2026-06-28 00:00:00+00:00
1782606600000,1.48844,1.48964,1.4874,1.48949,4557.96170137,2026-06-28 00:30:00+00:00
1782608400000,1.48895,1.48928,1.48501,1.48879,2774.0438456,2026-06-28 01:00:00+00:00
1782610200000,1.48841,1.49015,1.48841,1.49015,3525.08435559,2026-06-28 01:30:00+00:00
1782612000000,1.4921,1.49422,1.48341,1.48545,4636.58643082,2026-06-28 02:00:00+00:00
1782613800000,1.48659,1.48748,1.48503,1.48508,1899.23095679,2026-06-28 02:30:00+00:00
1782615600000,1.48731,1.48911,1.48605,1.48801,1685.20036968,2026-06-28 03:00:00+00:00
1782617400000,1.48826,1.48891,1.48579,1.4886,2878.11791958,2026-06-28 03:30:00+00:00
1782619200000,1.488,1.48897,1.48634,1.48824,3178.00585572,2026-06-28 04:00:00+00:00
1782621000000,1.48721,1.48852,1.48721,1.48843,204.47388,2026-06-28 04:30:00+00:00
1782622800000,1.48734,1.48734,1.48046,1.48124,1662.49523634,2026-06-28 05:00:00+00:00
1782624600000,1.48392,1.48514,1.48346,1.48514,4748.13934747,2026-06-28 05:30:00+00:00
1782626400000,1.48634,1.48634,1.4792,1.47996,754.86259081,2026-06-28 06:00:00+00:00
1782628200000,1.48119,1.48297,1.48015,1.48193,1359.96688,2026-06-28 06:30:00+00:00
1782630000000,1.48619,1.48843,1.48555,1.48555,1628.59233,2026-06-28 07:00:00+00:00
1782631800000,1.488,1.49034,1.48687,1.49034,245.015504,2026-06-28 07:30:00+00:00
1782633600000,1.49277,1.49277,1.49007,1.49008,424.74632339,2026-06-28 08:00:00+00:00
1782635400000,1.49289,1.50044,1.49289,1.49794,544.23034296,2026-06-28 08:30:00+00:00
1782637200000,1.49591,1.49593,1.49411,1.49411,669.82109309,2026-06-28 09:00:00+00:00
1782639000000,1.49411,1.49411,1.49411,1.49411,0.0,2026-06-28 09:30:00+00:00
1782640800000,1.4902,1.4902,1.48646,1.48647,507.54731463,2026-06-28 10:00:00+00:00
1782642600000,1.48495,1.4873,1.48447,1.4873,1515.4185894,2026-06-28 10:30:00+00:00
1782644400000,1.48909,1.49153,1.48701,1.49106,1197.22361813,2026-06-28 11:00:00+00:00
1782646200000,1.49118,1.49292,1.4903,1.49292,20148.57514256,2026-06-28 11:30:00+00:00
1782648000000,1.49261,1.49276,1.48851,1.4897,20246.05674,2026-06-28 12:00:00+00:00
1782649800000,1.49541,1.49541,1.49094,1.4917,1061.57887618,2026-06-28 12:30:00+00:00
1782651600000,1.49205,1.49205,1.48383,1.48999,843.10522322,2026-06-28 13:00:00+00:00
1782653400000,1.49098,1.49214,1.48938,1.491,689.14607487,2026-06-28 13:30:00+00:00
1782655200000,1.48801,1.4998,1.48801,1.49455,1308.88186929,2026-06-28 14:00:00+00:00
1782657000000,1.49441,1.49623,1.49277,1.49277,270.06295692,2026-06-28 14:30:00+00:00
1782658800000,1.49276,1.49667,1.49199,1.49664,4943.86475337,2026-06-28 15:00:00+00:00
1782660600000,1.49964,1.5003,1.49188,1.49188,11781.0882809,2026-06-28 15:30:00+00:00
1782662400000,1.49295,1.49403,1.4878,1.48846,10232.90411873,2026-06-28 16:00:00+00:00
1782664200000,1.48541,1.48548,1.48143,1.48548,8095.81007811,2026-06-28 16:30:00+00:00
1782666000000,1.48548,1.48812,1.48125,1.48202,754.32701101,2026-06-28 17:00:00+00:00
1782667800000,1.48177,1.48755,1.47846,1.48606,2948.45880757,2026-06-28 17:30:00+00:00
1782669600000,1.48622,1.48622,1.48147,1.48196,2108.38547833,2026-06-28 18:00:00+00:00
1782671400000,1.48202,1.4865,1.48107,1.48574,17362.16945965,2026-06-28 18:30:00+00:00
1782673200000,1.48486,1.48486,1.48156,1.48407,4989.22100889,2026-06-28 19:00:00+00:00
1782675000000,1.48338,1.48366,1.47556,1.48199,7096.31516034,2026-06-28 19:30:00+00:00
1782676800000,1.48162,1.48413,1.48162,1.48413,2854.06768508,2026-06-28 20:00:00+00:00
1782678600000,1.4867,1.48775,1.48515,1.48581,5771.56360828,2026-06-28 20:30:00+00:00
1782680400000,1.48515,1.48515,1.48016,1.48016,7002.32784712,2026-06-28 21:00:00+00:00
1782682200000,1.48009,1.48185,1.4738,1.47697,9057.11523717,2026-06-28 21:30:00+00:00
1782684000000,1.48144,1.49218,1.47518,1.48116,2703.73983713,2026-06-28 22:00:00+00:00
1782685800000,1.48271,1.48306,1.46647,1.47262,16025.10415463,2026-06-28 22:30:00+00:00
1782687600000,1.47175,1.48143,1.47175,1.48116,2300.77360375,2026-06-28 23:00:00+00:00
1782689400000,1.48888,1.49255,1.48726,1.48752,5261.83517726,2026-06-28 23:30:00+00:00
1782691200000,1.4839,1.48818,1.47429,1.47447,3608.95296085,2026-06-29 00:00:00+00:00
1782693000000,1.47119,1.4833,1.46965,1.4833,10123.37511822,2026-06-29 00:30:00+00:00
1782694800000,1.48566,1.48567,1.47515,1.47754,640.45409426,2026-06-29 01:00:00+00:00
1782696600000,1.47801,1.48226,1.47739,1.4805,5820.47511261,2026-06-29 01:30:00+00:00
1782698400000,1.4782,1.48152,1.465,1.48152,4213.40710131,2026-06-29 02:00:00+00:00
1782700200000,1.48129,1.48481,1.47907,1.4845,1425.2133277,2026-06-29 02:30:00+00:00
1782702000000,1.48404,1.49711,1.48404,1.49711,18194.37306233,2026-06-29 03:00:00+00:00
1782703800000,1.49441,1.49441,1.48723,1.48751,9960.6652579,2026-06-29 03:30:00+00:00
1782705600000,1.48875,1.48877,1.48073,1.48477,2030.60489,2026-06-29 04:00:00+00:00
1782707400000,1.48386,1.48386,1.47824,1.48229,1084.6026959,2026-06-29 04:30:00+00:00
1782709200000,1.47785,1.47794,1.46945,1.46945,1922.70569847,2026-06-29 05:00:00+00:00
1782711000000,1.47997,1.48508,1.47964,1.48508,6461.20975274,2026-06-29 05:30:00+00:00
1782712800000,1.48755,1.49452,1.48755,1.49349,1377.22154,2026-06-29 06:00:00+00:00
1782714600000,1.49215,1.49215,1.48527,1.48601,1549.97774,2026-06-29 06:30:00+00:00
1782716400000,1.48872,1.48872,1.48872,1.48872,10.0,2026-06-29 07:00:00+00:00
1782718200000,1.48753,1.48777,1.48753,1.48776,283.38591229,2026-06-29 07:30:00+00:00
1782720000000,1.48775,1.48775,1.48721,1.48721,111.97827958,2026-06-29 08:00:00+00:00
1782721800000,1.48238,1.48428,1.48238,1.48428,1174.99648308,2026-06-29 08:30:00+00:00
1782723600000,1.48428,1.48428,1.48428,1.48428,0.0,2026-06-29 09:00:00+00:00
1782725400000,1.48619,1.48833,1.48481,1.48764,406.54807,2026-06-29 09:30:00+00:00
1782727200000,1.49133,1.49645,1.49133,1.49582,903.6629898,2026-06-29 10:00:00+00:00
1782729000000,1.49219,1.495,1.49219,1.49227,4300.57898834,2026-06-29 10:30:00+00:00
1782730800000,1.4928,1.49281,1.48748,1.48792,1100.76769813,2026-06-29 11:00:00+00:00
1782732600000,1.495,1.50373,1.49446,1.49454,37866.20490951,2026-06-29 11:30:00+00:00
1782734400000,1.49529,1.51187,1.48962,1.50586,12535.72279896,2026-06-29 12:00:00+00:00
1782736200000,1.50719,1.50732,1.496,1.49846,1943.74543467,2026-06-29 12:30:00+00:00
1782738000000,1.49975,1.50744,1.49975,1.50644,14484.81539887,2026-06-29 13:00:00+00:00
1782739800000,1.4974,1.50337,1.48565,1.48776,19078.1157727,2026-06-29 13:30:00+00:00
1782741600000,1.4896,1.4896,1.47866,1.48443,9928.21954714,2026-06-29 14:00:00+00:00
1782743400000,1.48563,1.49,1.48196,1.49,9000.81089288,2026-06-29 14:30:00+00:00
1782745200000,1.48682,1.48683,1.47816,1.4858,26363.0175079,2026-06-29 15:00:00+00:00
1782747000000,1.48661,1.49307,1.48661,1.49127,13468.36278843,2026-06-29 15:30:00+00:00
1782748800000,1.48974,1.49008,1.48192,1.48192,7123.50627386,2026-06-29 16:00:00+00:00
1782750600000,1.48292,1.49326,1.48292,1.49179,17026.60907622,2026-06-29 16:30:00+00:00
1782752400000,1.49174,1.5142,1.49163,1.51126,15007.09616594,2026-06-29 17:00:00+00:00
1782754200000,1.51191,1.51817,1.51081,1.5136,6420.53770525,2026-06-29 17:30:00+00:00
1782756000000,1.51389,1.51758,1.5129,1.5129,10246.18716596,2026-06-29 18:00:00+00:00
1782757800000,1.51,1.51342,1.50797,1.51024,16729.56065547,2026-06-29 18:30:00+00:00
1782759600000,1.51102,1.5211,1.51022,1.5211,13788.36519591,2026-06-29 19:00:00+00:00
1782761400000,1.52099,1.5267,1.51853,1.52447,10989.39522337,2026-06-29 19:30:00+00:00
1782763200000,1.52321,1.52321,1.51606,1.51606,4443.58397558,2026-06-29 20:00:00+00:00
1782765000000,1.51576,1.51584,1.51148,1.51191,8776.89598707,2026-06-29 20:30:00+00:00
1782766800000,1.5107,1.51112,1.50602,1.50942,6781.0962229,2026-06-29 21:00:00+00:00
1782768600000,1.51061,1.51277,1.50881,1.51276,5002.03023389,2026-06-29 21:30:00+00:00
1782770400000,1.51141,1.51246,1.50729,1.509,2127.95976,2026-06-29 22:00:00+00:00
1782772200000,1.50629,1.5075,1.50402,1.50403,8032.01886105,2026-06-29 22:30:00+00:00
1782774000000,1.50387,1.50482,1.50047,1.50047,3572.79333998,2026-06-29 23:00:00+00:00
1782775800000,1.49916,1.50392,1.49916,1.50392,3930.71339275,2026-06-29 23:30:00+00:00
1782777600000,1.50356,1.50471,1.49894,1.49894,2666.23372309,2026-06-30 00:00:00+00:00
1782779400000,1.49601,1.49601,1.49074,1.49218,19709.86139903,2026-06-30 00:30:00+00:00
1782781200000,1.49114,1.49476,1.48976,1.49476,9605.05023368,2026-06-30 01:00:00+00:00
1782783000000,1.49266,1.49269,1.49147,1.49247,1516.18366569,2026-06-30 01:30:00+00:00
1782784800000,1.49202,1.49299,1.48885,1.49291,4048.05263275,2026-06-30 02:00:00+00:00
1782786600000,1.49255,1.49558,1.49233,1.49431,5835.34008833,2026-06-30 02:30:00+00:00
1782788400000,1.49378,1.49584,1.4936,1.49398,2016.44637305,2026-06-30 03:00:00+00:00
1782790200000,1.4939,1.49426,1.48551,1.48741,10140.97406181,2026-06-30 03:30:00+00:00
1782792000000,1.48663,1.4873,1.48368,1.4873,6420.7091,2026-06-30 04:00:00+00:00
1782793800000,1.49037,1.49074,1.48794,1.48934,4131.92310144,2026-06-30 04:30:00+00:00
1782795600000,1.48975,1.49024,1.48768,1.48824,2248.86056248,2026-06-30 05:00:00+00:00
1782797400000,1.48797,1.49086,1.48797,1.49086,1004.30982,2026-06-30 05:30:00+00:00
1782799200000,1.49315,1.49315,1.49074,1.49281,736.36963,2026-06-30 06:00:00+00:00
1782801000000,1.49319,1.49438,1.49319,1.49329,825.32644777,2026-06-30 06:30:00+00:00
1782802800000,1.49378,1.49378,1.48803,1.48932,1027.03873972,2026-06-30 07:00:00+00:00
1782804600000,1.48953,1.49012,1.48902,1.49012,334.2385,2026-06-30 07:30:00+00:00
1782806400000,1.48935,1.48967,1.48691,1.48692,3746.3700223,2026-06-30 08:00:00+00:00
1782808200000,1.48734,1.48742,1.483,1.48591,11724.91650661,2026-06-30 08:30:00+00:00
1782810000000,1.48435,1.48447,1.48435,1.48435,1718.89060456,2026-06-30 09:00:00+00:00
1782811800000,1.48335,1.48577,1.48335,1.48577,4777.4735495,2026-06-30 09:30:00+00:00
1782813600000,1.48538,1.4858,1.48388,1.48444,1809.42935,2026-06-30 10:00:00+00:00
1782815400000,1.48297,1.48479,1.48228,1.48479,2263.35851371,2026-06-30 10:30:00+00:00
1782817200000,1.48221,1.48466,1.48087,1.48238,9187.68911473,2026-06-30 11:00:00+00:00
1782819000000,1.4815,1.48169,1.47638,1.47638,2270.87877585,2026-06-30 11:30:00+00:00
1782820800000,1.47717,1.47717,1.46768,1.46907,1802.60834277,2026-06-30 12:00:00+00:00
1782822600000,1.46724,1.4685,1.46063,1.46063,6351.8536258,2026-06-30 12:30:00+00:00
1782824400000,1.46393,1.46758,1.46393,1.46676,5181.28750097,2026-06-30 13:00:00+00:00
1782826200000,1.46861,1.47192,1.46186,1.4718,17062.31550833,2026-06-30 13:30:00+00:00
1782828000000,1.47008,1.4819,1.47008,1.48045,2743.30129557,2026-06-30 14:00:00+00:00
1782829800000,1.48075,1.48181,1.46515,1.46515,10968.80477266,2026-06-30 14:30:00+00:00
1782831600000,1.46868,1.46868,1.46157,1.4654,5913.83954331,2026-06-30 15:00:00+00:00
1782833400000,1.46596,1.47818,1.46596,1.4711,5103.73454368,2026-06-30 15:30:00+00:00
1782835200000,1.4725,1.47329,1.46461,1.46606,7879.20970365,2026-06-30 16:00:00+00:00
1782837000000,1.46659,1.48206,1.46645,1.47866,16998.52188089,2026-06-30 16:30:00+00:00
1782838800000,1.47893,1.48318,1.47567,1.47567,6314.66584792,2026-06-30 17:00:00+00:00
1782840600000,1.47738,1.47781,1.47456,1.4764,6049.62228669,2026-06-30 17:30:00+00:00
1782842400000,1.47489,1.48587,1.47296,1.48045,7963.61847811,2026-06-30 18:00:00+00:00
1782844200000,1.47956,1.4822,1.47706,1.48025,9878.32704359,2026-06-30 18:30:00+00:00
1782846000000,1.48021,1.48037,1.47437,1.47769,5888.02013187,2026-06-30 19:00:00+00:00
1782847800000,1.47804,1.48881,1.47804,1.48741,10839.23173558,2026-06-30 19:30:00+00:00
1782849600000,1.48123,1.48415,1.47765,1.48001,2822.45499847,2026-06-30 20:00:00+00:00
1782851400000,1.47778,1.481,1.47726,1.47816,4230.25054559,2026-06-30 20:30:00+00:00
1782853200000,1.47862,1.47873,1.47427,1.4771,17276.34047337,2026-06-30 21:00:00+00:00
1782855000000,1.47726,1.47899,1.47614,1.47806,2037.13222466,2026-06-30 21:30:00+00:00
1782856800000,1.48,1.48192,1.47724,1.47881,4453.33242,2026-06-30 22:00:00+00:00
1782858600000,1.4766,1.4766,1.47439,1.47589,3530.00768202,2026-06-30 22:30:00+00:00
1782860400000,1.47533,1.47588,1.47419,1.47547,6720.05953696,2026-06-30 23:00:00+00:00
1782862200000,1.474,1.47706,1.47394,1.47699,2893.7203482,2026-06-30 23:30:00+00:00
1782864000000,1.47721,1.47801,1.4713,1.47329,6107.25712945,2026-07-01 00:00:00+00:00
1782865800000,1.47538,1.4756,1.47153,1.47469,5159.07440045,2026-07-01 00:30:00+00:00
1782867600000,1.47429,1.47448,1.45201,1.46855,49772.99128671,2026-07-01 01:00:00+00:00
1782869400000,1.46945,1.48118,1.46828,1.48078,6487.38836851,2026-07-01 01:30:00+00:00
1782871200000,1.47997,1.48656,1.47867,1.48656,2602.10142264,2026-07-01 02:00:00+00:00
1782873000000,1.48684,1.48942,1.48466,1.48773,8658.6351012,2026-07-01 02:30:00+00:00
1782874800000,1.4877,1.48953,1.48352,1.48629,5586.04313771,2026-07-01 03:00:00+00:00
1782876600000,1.48705,1.495,1.48701,1.49421,8700.63602515,2026-07-01 03:30:00+00:00
1782878400000,1.4942,1.49439,1.49146,1.49351,2990.68931767,2026-07-01 04:00:00+00:00
1782880200000,1.49438,1.49607,1.49351,1.49351,6489.62865431,2026-07-01 04:30:00+00:00
1782882000000,1.4935,1.49419,1.49074,1.49126,1934.41656368,2026-07-01 05:00:00+00:00
1782883800000,1.48941,1.49358,1.48936,1.49358,4508.397586,2026-07-01 05:30:00+00:00
1782885600000,1.49271,1.49285,1.48603,1.48619,6847.54842608,2026-07-01 06:00:00+00:00
1782887400000,1.48841,1.48841,1.47919,1.47922,3626.75600739,2026-07-01 06:30:00+00:00
1782889200000,1.48167,1.48431,1.47905,1.48431,141.7391,2026-07-01 07:00:00+00:00
1782891000000,1.48366,1.48366,1.48365,1.48365,206.02459,2026-07-01 07:30:00+00:00
1782892800000,1.48365,1.48365,1.48365,1.48365,0.0,2026-07-01 08:00:00+00:00
1782894600000,1.47839,1.48979,1.47825,1.48979,2218.56671488,2026-07-01 08:30:00+00:00
1782896400000,1.48835,1.49001,1.48835,1.49001,40.93474742,2026-07-01 09:00:00+00:00
1782898200000,1.48872,1.48885,1.48578,1.48882,3116.89716555,2026-07-01 09:30:00+00:00
1782900000000,1.48683,1.48683,1.48313,1.48313,3788.56202701,2026-07-01 10:00:00+00:00
1782901800000,1.47991,1.48101,1.47988,1.48101,998.50972,2026-07-01 10:30:00+00:00
1782903600000,1.4754,1.47997,1.47491,1.47934,973.2010525,2026-07-01 11:00:00+00:00
1782905400000,1.47816,1.47844,1.47457,1.47494,963.35414598,2026-07-01 11:30:00+00:00
1782907200000,1.47723,1.47723,1.47171,1.47429,5208.41364145,2026-07-01 12:00:00+00:00
1782909000000,1.47493,1.47585,1.47331,1.47331,6431.90313459,2026-07-01 12:30:00+00:00
1782910800000,1.48029,1.48322,1.47938,1.48225,3738.15410038,2026-07-01 13:00:00+00:00
1782912600000,1.48143,1.48996,1.47452,1.48865,12293.82760882,2026-07-01 13:30:00+00:00
1782914400000,1.49,1.50467,1.49,1.49887,10781.52782764,2026-07-01 14:00:00+00:00
1782916200000,1.49629,1.49645,1.49,1.49,1800.86335683,2026-07-01 14:30:00+00:00
1782918000000,1.49855,1.51155,1.49855,1.50927,17122.1900233,2026-07-01 15:00:00+00:00
1782919800000,1.5079,1.50929,1.50518,1.50682,8336.68866925,2026-07-01 15:30:00+00:00
1782921600000,1.50531,1.5102,1.50414,1.50839,11418.11790929,2026-07-01 16:00:00+00:00
1782923400000,1.50901,1.50901,1.50107,1.50125,396.77441048,2026-07-01 16:30:00+00:00
1782925200000,1.50152,1.50935,1.4988,1.50771,5914.81755712,2026-07-01 17:00:00+00:00
1782927000000,1.5073,1.51029,1.50622,1.50983,4121.61336745,2026-07-01 17:30:00+00:00
1782928800000,1.51065,1.51326,1.50832,1.51058,2219.171297,2026-07-01 18:00:00+00:00
1782930600000,1.51054,1.51068,1.50389,1.50389,3880.71390788,2026-07-01 18:30:00+00:00
1782932400000,1.50753,1.51443,1.50753,1.50993,11038.9683,2026-07-01 19:00:00+00:00
1782934200000,1.51039,1.51329,1.507,1.507,11132.98877957,2026-07-01 19:30:00+00:00
1782936000000,1.5056,1.50568,1.50125,1.504,7846.53609457,2026-07-01 20:00:00+00:00
1782937800000,1.50401,1.50608,1.5017,1.50465,3846.51413996,2026-07-01 20:30:00+00:00
1782939600000,1.50405,1.51072,1.504,1.51024,1572.72739542,2026-07-01 21:00:00+00:00
1782941400000,1.51134,1.51773,1.51134,1.51634,4175.34961302,2026-07-01 21:30:00+00:00
1782943200000,1.51635,1.52489,1.51626,1.52489,10103.9063934,2026-07-01 22:00:00+00:00
1782945000000,1.51646,1.51704,1.50725,1.50914,2396.02409303,2026-07-01 22:30:00+00:00
1782946800000,1.50663,1.50663,1.49935,1.49935,17236.30315429,2026-07-01 23:00:00+00:00
1782948600000,1.49933,1.50127,1.49668,1.49742,2804.52822367,2026-07-01 23:30:00+00:00
1782950400000,1.49694,1.49707,1.49088,1.49425,4300.40079258,2026-07-02 00:00:00+00:00
1782952200000,1.49,1.49,1.48649,1.48914,1209.96363474,2026-07-02 00:30:00+00:00
1782954000000,1.49043,1.49777,1.49043,1.49777,2185.94095022,2026-07-02 01:00:00+00:00
1782955800000,1.49947,1.50549,1.49947,1.50182,3339.43721999,2026-07-02 01:30:00+00:00
1782957600000,1.5025,1.50416,1.5,1.50275,2988.84328637,2026-07-02 02:00:00+00:00
1782959400000,1.50341,1.50798,1.50341,1.50661,4348.89224774,2026-07-02 02:30:00+00:00
1782961200000,1.5066,1.51393,1.50187,1.5105,19326.69909131,2026-07-02 03:00:00+00:00
1782963000000,1.50965,1.51796,1.50965,1.51645,6010.51275739,2026-07-02 03:30:00+00:00
1782964800000,1.51723,1.51724,1.51091,1.51176,1010.03218627,2026-07-02 04:00:00+00:00
1782966600000,1.50962,1.51488,1.50942,1.51354,1216.44578773,2026-07-02 04:30:00+00:00
1782968400000,1.51312,1.51491,1.5117,1.51339,5183.94697531,2026-07-02 05:00:00+00:00
1782970200000,1.51201,1.51208,1.50733,1.50733,820.96604814,2026-07-02 05:30:00+00:00
1782972000000,1.50226,1.50607,1.50214,1.50584,212.49048,2026-07-02 06:00:00+00:00
1782973800000,1.50567,1.50571,1.50078,1.50123,206.95064127,2026-07-02 06:30:00+00:00
1782975600000,1.50002,1.50301,1.50001,1.50301,147.0665565,2026-07-02 07:00:00+00:00
1782977400000,1.50176,1.50273,1.50176,1.50273,1243.61557943,2026-07-02 07:30:00+00:00
1782979200000,1.50686,1.50835,1.50686,1.50834,200.14010189,2026-07-02 08:00:00+00:00
1782981000000,1.50686,1.50962,1.50686,1.50962,302.1674,2026-07-02 08:30:00+00:00
1782982800000,1.50962,1.51052,1.50818,1.51052,293.06544295,2026-07-02 09:00:00+00:00
1782984600000,1.52317,1.53197,1.52317,1.52957,2638.88495778,2026-07-02 09:30:00+00:00
1782986400000,1.52278,1.52732,1.52211,1.52704,4993.68065505,2026-07-02 10:00:00+00:00
1782988200000,1.52871,1.53562,1.52871,1.5336,5266.45827999,2026-07-02 10:30:00+00:00
1782990000000,1.532,1.54012,1.53138,1.53972,11234.28090776,2026-07-02 11:00:00+00:00
1782991800000,1.53924,1.5423,1.53781,1.54002,13466.93666792,2026-07-02 11:30:00+00:00
1782993600000,1.54017,1.55204,1.54017,1.55021,1442.66298807,2026-07-02 12:00:00+00:00
1782995400000,1.55264,1.55621,1.54322,1.55013,8508.79063411,2026-07-02 12:30:00+00:00
1782997200000,1.54971,1.56327,1.54971,1.55664,6088.66639789,2026-07-02 13:00:00+00:00
1782999000000,1.55291,1.5739,1.55271,1.56488,2921.15003358,2026-07-02 13:30:00+00:00
1783000800000,1.56282,1.56989,1.54609,1.548,16298.57773881,2026-07-02 14:00:00+00:00
1783002600000,1.54723,1.5498,1.54471,1.54781,5128.41128641,2026-07-02 14:30:00+00:00
1783004400000,1.54863,1.55113,1.53971,1.54973,4348.38849861,2026-07-02 15:00:00+00:00
1783006200000,1.54981,1.55478,1.54981,1.55149,1673.22747317,2026-07-02 15:30:00+00:00
1783008000000,1.55154,1.55431,1.54147,1.54147,6710.78163816,2026-07-02 16:00:00+00:00
1783009800000,1.5428,1.55,1.5428,1.54753,945.81618802,2026-07-02 16:30:00+00:00
1783011600000,1.54733,1.55086,1.54733,1.55018,5322.48874,2026-07-02 17:00:00+00:00
1783013400000,1.54934,1.54954,1.54366,1.54366,26900.77827345,2026-07-02 17:30:00+00:00
1783015200000,1.54426,1.54699,1.54426,1.54699,1875.67407,2026-07-02 18:00:00+00:00
1783017000000,1.54717,1.54735,1.5422,1.54228,5513.78403273,2026-07-02 18:30:00+00:00
1783018800000,1.54362,1.54393,1.53644,1.53711,3444.75866912,2026-07-02 19:00:00+00:00
1783020600000,1.53711,1.543,1.53711,1.53962,8932.95280955,2026-07-02 19:30:00+00:00
1783022400000,1.53984,1.53984,1.53526,1.53526,756.57001819,2026-07-02 20:00:00+00:00
1783024200000,1.53416,1.53759,1.53405,1.53759,4924.79268878,2026-07-02 20:30:00+00:00
1783026000000,1.53665,1.53855,1.53599,1.53599,16962.07591299,2026-07-02 21:00:00+00:00
1783027800000,1.53484,1.535,1.53146,1.53339,2511.8847176,2026-07-02 21:30:00+00:00
1783029600000,1.53384,1.53385,1.53006,1.53238,3683.80988386,2026-07-02 22:00:00+00:00
1783031400000,1.53173,1.53947,1.5317,1.53947,7663.91343778,2026-07-02 22:30:00+00:00
1783033200000,1.5355,1.53984,1.5355,1.53983,3277.5461138,2026-07-02 23:00:00+00:00
1783035000000,1.54087,1.54387,1.54057,1.54387,2185.9520455,2026-07-02 23:30:00+00:00
1783036800000,1.54467,1.54467,1.53931,1.54029,7563.12989701,2026-07-03 00:00:00+00:00
1783038600000,1.53987,1.5401,1.53709,1.53847,5322.51288792,2026-07-03 00:30:00+00:00
1783040400000,1.53741,1.54943,1.5372,1.549,13148.30611531,2026-07-03 01:00:00+00:00
1783042200000,1.55126,1.55345,1.54916,1.55166,21678.59663169,2026-07-03 01:30:00+00:00
1783044000000,1.55038,1.55038,1.54471,1.54486,5408.61638016,2026-07-03 02:00:00+00:00
1783045800000,1.54235,1.54306,1.54153,1.54249,815.43853999,2026-07-03 02:30:00+00:00
1783047600000,1.54331,1.54741,1.54046,1.54739,6337.94477667,2026-07-03 03:00:00+00:00
1783049400000,1.5475,1.5475,1.5439,1.54472,993.30199662,2026-07-03 03:30:00+00:00
1783051200000,1.5457,1.54645,1.54247,1.54645,1229.1461524,2026-07-03 04:00:00+00:00
1783053000000,1.54509,1.54837,1.54469,1.54671,265.94372,2026-07-03 04:30:00+00:00
1783054800000,1.54776,1.55352,1.54776,1.55352,3404.64994,2026-07-03 05:00:00+00:00
1783056600000,1.5595,1.5595,1.55554,1.55784,2090.1675753,2026-07-03 05:30:00+00:00
1783058400000,1.56105,1.56469,1.56105,1.56469,19748.07395665,2026-07-03 06:00:00+00:00
1783060200000,1.56469,1.56469,1.5605,1.56065,3372.90971267,2026-07-03 06:30:00+00:00
1783062000000,1.55972,1.56096,1.55614,1.55831,1136.71342936,2026-07-03 07:00:00+00:00
1783063800000,1.55957,1.56358,1.55957,1.56358,875.10992102,2026-07-03 07:30:00+00:00
1783065600000,1.56191,1.56191,1.55945,1.56122,955.3766,2026-07-03 08:00:00+00:00
1783067400000,1.56027,1.56902,1.56017,1.56159,11022.65915708,2026-07-03 08:30:00+00:00
1783069200000,1.56356,1.56356,1.56228,1.56243,688.94583,2026-07-03 09:00:00+00:00
1783071000000,1.56171,1.56175,1.56006,1.56126,1076.39797408,2026-07-03 09:30:00+00:00
1783072800000,1.55959,1.56249,1.55942,1.56249,1830.19018,2026-07-03 10:00:00+00:00
1783074600000,1.56379,1.57815,1.56379,1.57483,1246.48651442,2026-07-03 10:30:00+00:00
1783076400000,1.57202,1.57526,1.57202,1.57282,1551.13158,2026-07-03 11:00:00+00:00
1783078200000,1.57277,1.57728,1.57277,1.57657,1191.56168142,2026-07-03 11:30:00+00:00
1783080000000,1.57606,1.58195,1.56786,1.56909,4422.29767077,2026-07-03 12:00:00+00:00
1783081800000,1.56996,1.57324,1.56783,1.57324,2213.30312076,2026-07-03 12:30:00+00:00
1783083600000,1.57564,1.58229,1.57521,1.58208,25919.5786156,2026-07-03 13:00:00+00:00
1783085400000,1.58312,1.58319,1.57635,1.57809,2943.91774018,2026-07-03 13:30:00+00:00
1783087200000,1.57416,1.5793,1.56885,1.57165,17855.32558331,2026-07-03 14:00:00+00:00
1783089000000,1.57266,1.58016,1.57266,1.57871,3910.0558221,2026-07-03 14:30:00+00:00
1783090800000,1.5777,1.59683,1.57674,1.5898,7775.95023784,2026-07-03 15:00:00+00:00
1783092600000,1.59016,1.59171,1.58567,1.59074,8925.29322638,2026-07-03 15:30:00+00:00
1783094400000,1.58885,1.59223,1.58481,1.58637,46329.37784427,2026-07-03 16:00:00+00:00
1783096200000,1.5857,1.58714,1.58264,1.58361,6876.80236524,2026-07-03 16:30:00+00:00
1783098000000,1.58379,1.59169,1.58379,1.58895,8049.29956022,2026-07-03 17:00:00+00:00
1783099800000,1.58708,1.59456,1.58708,1.59452,4613.80556229,2026-07-03 17:30:00+00:00
1783101600000,1.59412,1.59452,1.59126,1.59231,3839.81960892,2026-07-03 18:00:00+00:00
1783103400000,1.59347,1.60306,1.59347,1.60087,9746.33101026,2026-07-03 18:30:00+00:00
1783105200000,1.59915,1.62465,1.59915,1.62277,3419.47569764,2026-07-03 19:00:00+00:00
1783107000000,1.61694,1.61911,1.60636,1.60764,10801.24396894,2026-07-03 19:30:00+00:00
1783108800000,1.60635,1.61844,1.60193,1.61654,17985.87759915,2026-07-03 20:00:00+00:00
1783110600000,1.61588,1.62132,1.61569,1.61569,6761.092254,2026-07-03 20:30:00+00:00
1783112400000,1.61757,1.62114,1.60561,1.60645,27161.86558757,2026-07-03 21:00:00+00:00
1783114200000,1.60564,1.61022,1.60162,1.60999,27231.11579947,2026-07-03 21:30:00+00:00
1783116000000,1.61,1.61,1.6034,1.60579,2460.2882328,2026-07-03 22:00:00+00:00
1783117800000,1.60455,1.60458,1.60148,1.60448,2710.27676379,2026-07-03 22:30:00+00:00
1783119600000,1.60475,1.61,1.60435,1.61,5500.31329813,2026-07-03 23:00:00+00:00
1783121400000,1.61,1.61649,1.61,1.6129,2425.36141304,2026-07-03 23:30:00+00:00
1783123200000,1.6115,1.61744,1.6115,1.6129,4698.76378466,2026-07-04 00:00:00+00:00
1783125000000,1.61581,1.62398,1.61581,1.62205,4270.17489921,2026-07-04 00:30:00+00:00
1783126800000,1.62126,1.62131,1.61326,1.61561,4747.45972092,2026-07-04 01:00:00+00:00
1783128600000,1.61804,1.6202,1.60952,1.61001,4302.92400768,2026-07-04 01:30:00+00:00
1783130400000,1.61116,1.61583,1.6095,1.61082,7160.65377689,2026-07-04 02:00:00+00:00
1783132200000,1.61297,1.61754,1.61121,1.6142,1554.6206445,2026-07-04 02:30:00+00:00
1783134000000,1.61386,1.61886,1.60975,1.61591,669.80476,2026-07-04 03:00:00+00:00
1783135800000,1.61327,1.62073,1.61327,1.6166,4313.31285064,2026-07-04 03:30:00+00:00
1783137600000,1.61745,1.62083,1.6158,1.6208,3142.20338021,2026-07-04 04:00:00+00:00
1783139400000,1.61851,1.63393,1.6176,1.62894,38824.16486265,2026-07-04 04:30:00+00:00
1783141200000,1.63082,1.63082,1.61933,1.61934,3483.10666599,2026-07-04 05:00:00+00:00
1783143000000,1.61987,1.62385,1.61971,1.62209,2225.24101711,2026-07-04 05:30:00+00:00
1783144800000,1.62851,1.62963,1.60911,1.60911,16971.11374449,2026-07-04 06:00:00+00:00
1783146600000,1.6154,1.61762,1.61538,1.61762,1849.1466,2026-07-04 06:30:00+00:00
1783148400000,1.61745,1.61746,1.61341,1.61343,873.33142244,2026-07-04 07:00:00+00:00
1783150200000,1.61287,1.62201,1.61287,1.62201,2435.74399592,2026-07-04 07:30:00+00:00
1783152000000,1.6205,1.63031,1.6205,1.63031,273.23853503,2026-07-04 08:00:00+00:00
1783153800000,1.62861,1.62966,1.6233,1.62503,1076.57662445,2026-07-04 08:30:00+00:00
1783155600000,1.62504,1.62504,1.61822,1.61822,381.76786748,2026-07-04 09:00:00+00:00
1783157400000,1.6141,1.61833,1.6141,1.61833,234.0,2026-07-04 09:30:00+00:00
1783159200000,1.6174,1.62065,1.61732,1.62065,1634.87079,2026-07-04 10:00:00+00:00
1783161000000,1.6186,1.62054,1.6186,1.62054,362.27824635,2026-07-04 10:30:00+00:00
1783162800000,1.62339,1.62339,1.61903,1.61906,626.46932738,2026-07-04 11:00:00+00:00
1783164600000,1.61954,1.62376,1.61954,1.62097,2567.59257,2026-07-04 11:30:00+00:00
1783166400000,1.62145,1.63762,1.62137,1.63747,2930.82620163,2026-07-04 12:00:00+00:00
1783168200000,1.64,1.64,1.62697,1.63237,3454.9028754,2026-07-04 12:30:00+00:00
1783170000000,1.63333,1.64777,1.63228,1.63954,10963.17587525,2026-07-04 13:00:00+00:00
1783171800000,1.63878,1.63899,1.63312,1.63899,2439.71096663,2026-07-04 13:30:00+00:00
1783173600000,1.63876,1.66067,1.63876,1.65192,5591.60890974,2026-07-04 14:00:00+00:00
1783175400000,1.654,1.66887,1.65277,1.66861,3055.34765641,2026-07-04 14:30:00+00:00
1783177200000,1.66804,1.67476,1.65889,1.6606,13344.7254534,2026-07-04 15:00:00+00:00
1783179000000,1.6641,1.66695,1.66234,1.66496,6486.84363884,2026-07-04 15:30:00+00:00
1783180800000,1.66499,1.66499,1.65422,1.66246,5502.07896579,2026-07-04 16:00:00+00:00
1783182600000,1.6631,1.66952,1.65809,1.66634,4790.97632999,2026-07-04 16:30:00+00:00
1783184400000,1.66525,1.66664,1.65973,1.66489,4758.99071109,2026-07-04 17:00:00+00:00
1783186200000,1.6642,1.68037,1.6642,1.67784,30477.81164411,2026-07-04 17:30:00+00:00
1783188000000,1.67636,1.67765,1.66873,1.67041,4950.91255607,2026-07-04 18:00:00+00:00
1783189800000,1.67041,1.67042,1.66718,1.66824,7125.13799085,2026-07-04 18:30:00+00:00
1783191600000,1.66961,1.67139,1.66182,1.66409,5789.08912516,2026-07-04 19:00:00+00:00
1783193400000,1.66039,1.66127,1.65624,1.65672,7196.11538851,2026-07-04 19:30:00+00:00
1783195200000,1.65922,1.6598,1.64984,1.64984,1460.46198474,2026-07-04 20:00:00+00:00
1783197000000,1.64883,1.65176,1.64883,1.65176,672.91440263,2026-07-04 20:30:00+00:00
1783198800000,1.65082,1.65627,1.65082,1.65516,2323.67626062,2026-07-04 21:00:00+00:00
1783200600000,1.65617,1.65915,1.65566,1.65727,7219.04269604,2026-07-04 21:30:00+00:00
1783202400000,1.65715,1.65716,1.6526,1.6526,89.27886,2026-07-04 22:00:00+00:00
1783204200000,1.65084,1.651,1.64892,1.6506,1466.68925684,2026-07-04 22:30:00+00:00
1783206000000,1.64845,1.65,1.64022,1.64472,18643.89233,2026-07-04 23:00:00+00:00
1783207800000,1.64601,1.64662,1.64348,1.64541,2828.00669055,2026-07-04 23:30:00+00:00
1783209600000,1.64412,1.64412,1.63674,1.63675,1224.48878416,2026-07-05 00:00:00+00:00
1783211400000,1.63674,1.63688,1.63034,1.63147,1892.33972924,2026-07-05 00:30:00+00:00
1783213200000,1.63308,1.63506,1.62617,1.62814,6901.79049987,2026-07-05 01:00:00+00:00
1783215000000,1.62848,1.62848,1.625,1.62571,610.21701,2026-07-05 01:30:00+00:00
1783216800000,1.625,1.625,1.61484,1.61552,11981.0072363,2026-07-05 02:00:00+00:00
1783218600000,1.61621,1.61833,1.61249,1.61593,1340.70579075,2026-07-05 02:30:00+00:00
1783220400000,1.61555,1.62072,1.61518,1.61518,12947.57748342,2026-07-05 03:00:00+00:00
1783222200000,1.61531,1.61824,1.6153,1.61824,1768.07357749,2026-07-05 03:30:00+00:00
1783224000000,1.61548,1.6215,1.6152,1.6215,1313.98212944,2026-07-05 04:00:00+00:00
1783225800000,1.62078,1.62154,1.61741,1.61741,1682.03774272,2026-07-05 04:30:00+00:00
1783227600000,1.615,1.615,1.61309,1.61416,4567.97953675,2026-07-05 05:00:00+00:00
1783229400000,1.6139,1.61541,1.61116,1.61454,1904.94542656,2026-07-05 05:30:00+00:00
1783231200000,1.61395,1.61627,1.61301,1.61624,744.4712563,2026-07-05 06:00:00+00:00
1783233000000,1.61618,1.61836,1.61531,1.61532,2846.68425965,2026-07-05 06:30:00+00:00
1783234800000,1.61475,1.615,1.61475,1.615,2115.16388101,2026-07-05 07:00:00+00:00
1783236600000,1.61501,1.6189,1.61501,1.6189,1023.14222242,2026-07-05 07:30:00+00:00
1783238400000,1.62023,1.62023,1.62013,1.62013,439.55726,2026-07-05 08:00:00+00:00
1783240200000,1.61689,1.61973,1.61666,1.61666,776.25907,2026-07-05 08:30:00+00:00
1783242000000,1.61595,1.61682,1.61488,1.61488,648.74947,2026-07-05 09:00:00+00:00
1783243800000,1.61043,1.61045,1.59897,1.59897,1031.04306,2026-07-05 09:30:00+00:00
1783245600000,1.59794,1.60269,1.59777,1.60269,1188.4580379,2026-07-05 10:00:00+00:00
1783247400000,1.60225,1.60285,1.60099,1.60285,1378.98886004,2026-07-05 10:30:00+00:00
1783249200000,1.60384,1.6081,1.60384,1.6081,24.74210999,2026-07-05 11:00:00+00:00
1783251000000,1.60584,1.60766,1.60523,1.60766,4071.19568,2026-07-05 11:30:00+00:00
1783252800000,1.60688,1.60894,1.60335,1.60894,6638.35900271,2026-07-05 12:00:00+00:00
1783254600000,1.61124,1.61335,1.61124,1.61335,7028.77636007,2026-07-05 12:30:00+00:00
1783256400000,1.61106,1.61269,1.60692,1.60692,4265.03758,2026-07-05 13:00:00+00:00
1783258200000,1.60838,1.61098,1.60838,1.61089,3055.122428,2026-07-05 13:30:00+00:00
1783260000000,1.61162,1.61296,1.61071,1.61087,10153.00140117,2026-07-05 14:00:00+00:00
1783261800000,1.61043,1.6137,1.60891,1.61331,10472.70581,2026-07-05 14:30:00+00:00
1783263600000,1.61644,1.61761,1.61328,1.61328,3968.64811,2026-07-05 15:00:00+00:00
1783265400000,1.61307,1.61632,1.61294,1.61512,3273.9896875,2026-07-05 15:30:00+00:00
1783267200000,1.6144,1.61563,1.6144,1.6147,3211.91352036,2026-07-05 16:00:00+00:00
1783269000000,1.6123,1.6123,1.60967,1.61143,6982.61757253,2026-07-05 16:30:00+00:00
1783270800000,1.61356,1.61545,1.61124,1.61356,6048.99100245,2026-07-05 17:00:00+00:00
1783272600000,1.60904,1.6109,1.60687,1.61074,2893.52250198,2026-07-05 17:30:00+00:00
1783274400000,1.61067,1.61576,1.61067,1.61555,4824.67831046,2026-07-05 18:00:00+00:00
1783276200000,1.61556,1.61753,1.61555,1.61555,871.80859251,2026-07-05 18:30:00+00:00
1783278000000,1.61233,1.61633,1.60889,1.6098,4407.13799094,2026-07-05 19:00:00+00:00
1783279800000,1.61063,1.61315,1.61042,1.61185,4925.34430592,2026-07-05 19:30:00+00:00
1783281600000,1.61264,1.61544,1.6122,1.6122,8107.68765576,2026-07-05 20:00:00+00:00
1783283400000,1.61221,1.61396,1.61113,1.61396,1855.95453639,2026-07-05 20:30:00+00:00
1783285200000,1.61358,1.62046,1.61305,1.62046,2682.1074223,2026-07-05 21:00:00+00:00
1783287000000,1.62181,1.62731,1.62181,1.62731,4049.78891305,2026-07-05 21:30:00+00:00
1783288800000,1.62612,1.64407,1.62499,1.64407,4696.16604724,2026-07-05 22:00:00+00:00
1783290600000,1.64708,1.64778,1.63629,1.64221,7134.1948012,2026-07-05 22:30:00+00:00
1783292400000,1.64221,1.65715,1.64221,1.64465,4787.6330048,2026-07-05 23:00:00+00:00
1783294200000,1.64297,1.6454,1.64055,1.64218,2687.23732912,2026-07-05 23:30:00+00:00
1783296000000,1.64304,1.64419,1.63055,1.63171,3772.23929602,2026-07-06 00:00:00+00:00
1783297800000,1.63,1.6407,1.63,1.63985,4615.00052024,2026-07-06 00:30:00+00:00
1783299600000,1.64189,1.6464,1.63967,1.64194,2905.74594198,2026-07-06 01:00:00+00:00
1783301400000,1.64379,1.64835,1.63753,1.63818,1486.3305147,2026-07-06 01:30:00+00:00
1783303200000,1.63919,1.64061,1.63202,1.63643,670.94735565,2026-07-06 02:00:00+00:00
1783305000000,1.63195,1.63236,1.62814,1.63222,17906.18249399,2026-07-06 02:30:00+00:00
1783306800000,1.63151,1.63302,1.62551,1.62608,11740.59700485,2026-07-06 03:00:00+00:00
1783308600000,1.62621,1.62774,1.62552,1.62774,2178.28674084,2026-07-06 03:30:00+00:00
1783310400000,1.62985,1.63141,1.62678,1.62752,255.12691075,2026-07-06 04:00:00+00:00
1783312200000,1.6276,1.63163,1.62733,1.63163,947.73637706,2026-07-06 04:30:00+00:00
1783314000000,1.62669,1.62669,1.61659,1.61868,7976.40809264,2026-07-06 05:00:00+00:00
1783315800000,1.61685,1.62094,1.61685,1.62094,332.76785783,2026-07-06 05:30:00+00:00
1783317600000,1.62094,1.62094,1.62094,1.62094,0.0,2026-07-06 06:00:00+00:00
1783319400000,1.61818,1.61863,1.61587,1.61667,1552.72438248,2026-07-06 06:30:00+00:00
1783321200000,1.61835,1.62153,1.61828,1.6215,271.68795988,2026-07-06 07:00:00+00:00
1783323000000,1.62733,1.62748,1.62733,1.62748,57.27455,2026-07-06 07:30:00+00:00
1783324800000,1.6337,1.6337,1.62999,1.62999,107.19858999,2026-07-06 08:00:00+00:00
1783326600000,1.62751,1.62751,1.6241,1.62436,615.53997,2026-07-06 08:30:00+00:00
1783328400000,1.61956,1.61956,1.61956,1.61956,7.79289,2026-07-06 09:00:00+00:00
1783330200000,1.6154,1.61677,1.6123,1.61541,6582.69183378,2026-07-06 09:30:00+00:00
1783332000000,1.61755,1.62465,1.61746,1.62465,683.00747081,2026-07-06 10:00:00+00:00
1783333800000,1.62435,1.62435,1.62403,1.62428,615.18014832,2026-07-06 10:30:00+00:00
1783335600000,1.62586,1.62586,1.62386,1.62386,50.38344,2026-07-06 11:00:00+00:00
1783337400000,1.6239,1.62559,1.61612,1.61612,1679.37146292,2026-07-06 11:30:00+00:00
1783339200000,1.61076,1.61076,1.59869,1.60521,7182.55085996,2026-07-06 12:00:00+00:00
1783341000000,1.6036,1.6036,1.5857,1.58757,1302.379,2026-07-06 12:30:00+00:00
1783342800000,1.58845,1.58866,1.58,1.58001,6851.03720612,2026-07-06 13:00:00+00:00
1783344600000,1.58202,1.59161,1.58038,1.58903,2276.79054449,2026-07-06 13:30:00+00:00
1783346400000,1.58731,1.60203,1.58731,1.60203,1662.75978534,2026-07-06 14:00:00+00:00
1783348200000,1.59552,1.6003,1.59448,1.59812,1363.5895278,2026-07-06 14:30:00+00:00
1783350000000,1.59858,1.60631,1.59858,1.60631,15061.8276712,2026-07-06 15:00:00+00:00
1783351800000,1.60361,1.62792,1.6025,1.62626,14991.89076523,2026-07-06 15:30:00+00:00
1783353600000,1.62277,1.63505,1.62119,1.628,3465.31871872,2026-07-06 16:00:00+00:00
1783355400000,1.63521,1.64089,1.63443,1.63937,6721.12559667,2026-07-06 16:30:00+00:00
1783357200000,1.63995,1.64542,1.63988,1.64326,2632.56833164,2026-07-06 17:00:00+00:00
1783359000000,1.63812,1.63812,1.629,1.63048,16279.05452213,2026-07-06 17:30:00+00:00
1783360800000,1.62909,1.63138,1.62265,1.63117,3111.32067964,2026-07-06 18:00:00+00:00
1783362600000,1.62849,1.63566,1.62849,1.63164,15457.07006733,2026-07-06 18:30:00+00:00
1783364400000,1.62863,1.63395,1.62854,1.63203,4086.53640949,2026-07-06 19:00:00+00:00
1783366200000,1.6315,1.63567,1.62862,1.62927,10462.64358102,2026-07-06 19:30:00+00:00
1783368000000,1.63014,1.63016,1.6234,1.62735,12833.67977944,2026-07-06 20:00:00+00:00
1783369800000,1.62735,1.62857,1.62527,1.62741,2930.26545897,2026-07-06 20:30:00+00:00
1783371600000,1.62577,1.65115,1.62545,1.63795,33006.55302116,2026-07-06 21:00:00+00:00
1783373400000,1.6369,1.64001,1.63477,1.6392,3548.06121499,2026-07-06 21:30:00+00:00
1783375200000,1.63766,1.63879,1.63358,1.63435,4344.62527765,2026-07-06 22:00:00+00:00
1783377000000,1.63379,1.63379,1.63052,1.63096,1247.42800451,2026-07-06 22:30:00+00:00
1783378800000,1.63225,1.63225,1.62671,1.62804,1093.84692,2026-07-06 23:00:00+00:00
1783380600000,1.62929,1.62929,1.62603,1.62603,3535.57069483,2026-07-06 23:30:00+00:00
1783382400000,1.62798,1.6349,1.62614,1.6349,5118.05274506,2026-07-07 00:00:00+00:00
1783384200000,1.6341,1.63492,1.62869,1.6329,1477.334662,2026-07-07 00:30:00+00:00
1783386000000,1.63226,1.63226,1.62381,1.62381,13231.48262362,2026-07-07 01:00:00+00:00
1783387800000,1.62381,1.62588,1.6186,1.62541,5031.48921325,2026-07-07 01:30:00+00:00
1783389600000,1.62149,1.62298,1.61651,1.61665,9262.18055701,2026-07-07 02:00:00+00:00
1783391400000,1.61577,1.61577,1.60735,1.60735,2212.91090809,2026-07-07 02:30:00+00:00
1783393200000,1.60912,1.6109,1.60483,1.60483,11459.19859744,2026-07-07 03:00:00+00:00
1783395000000,1.60844,1.60865,1.60311,1.60427,3203.89455307,2026-07-07 03:30:00+00:00
1783396800000,1.60514,1.60514,1.60128,1.60262,1323.08341,2026-07-07 04:00:00+00:00
1783398600000,1.60201,1.60202,1.59824,1.59988,1050.92910409,2026-07-07 04:30:00+00:00
1783400400000,1.59936,1.60014,1.59596,1.59767,3929.48661103,2026-07-07 05:00:00+00:00
1783402200000,1.60111,1.60523,1.60111,1.60357,1206.369847,2026-07-07 05:30:00+00:00
1783404000000,1.60327,1.60327,1.60271,1.60275,1229.24975,2026-07-07 06:00:00+00:00
1783405800000,1.61039,1.61064,1.61039,1.61064,41.99406,2026-07-07 06:30:00+00:00
1783407600000,1.60996,1.611,1.60989,1.611,1220.00104243,2026-07-07 07:00:00+00:00
1783409400000,1.60482,1.60493,1.60482,1.60493,1593.19982,2026-07-07 07:30:00+00:00
1783411200000,1.60041,1.60264,1.60041,1.60113,3419.77196,2026-07-07 08:00:00+00:00
1783413000000,1.60025,1.60025,1.59779,1.59779,637.45331999,2026-07-07 08:30:00+00:00
1783414800000,1.59836,1.59838,1.59836,1.59838,1416.0,2026-07-07 09:00:00+00:00
1783416600000,1.59999,1.60082,1.59999,1.60082,50.91479,2026-07-07 09:30:00+00:00
1783418400000,1.6031,1.60382,1.60147,1.60237,4891.31281616,2026-07-07 10:00:00+00:00
1783420200000,1.59889,1.5999,1.59656,1.59689,5024.83261752,2026-07-07 10:30:00+00:00
1783422000000,1.59654,1.59654,1.59221,1.59447,4035.12005194,2026-07-07 11:00:00+00:00
1783423800000,1.59514,1.59991,1.59436,1.59811,2438.1313469,2026-07-07 11:30:00+00:00
1783425600000,1.59918,1.60708,1.59918,1.60708,1976.67912884,2026-07-07 12:00:00+00:00
1783427400000,1.60601,1.60601,1.60222,1.60259,2341.89603358,2026-07-07 12:30:00+00:00
1783429200000,1.60191,1.60202,1.59362,1.59362,1034.49276176,2026-07-07 13:00:00+00:00
1783431000000,1.5975,1.60112,1.58957,1.59246,8500.09930767,2026-07-07 13:30:00+00:00
1783432800000,1.5952,1.5952,1.58,1.58117,427.05767543,2026-07-07 14:00:00+00:00
1783434600000,1.58444,1.59362,1.575,1.59309,5391.01543743,2026-07-07 14:30:00+00:00
1783436400000,1.59675,1.59675,1.59102,1.59664,4787.09797709,2026-07-07 15:00:00+00:00
1783438200000,1.60028,1.6068,1.59845,1.60396,17813.03779565,2026-07-07 15:30:00+00:00
1783440000000,1.60444,1.6063,1.59728,1.60319,3236.51094898,2026-07-07 16:00:00+00:00
1783441800000,1.60397,1.60951,1.60303,1.60347,1419.50356313,2026-07-07 16:30:00+00:00
1783443600000,1.60205,1.60407,1.59924,1.60407,888.7739503,2026-07-07 17:00:00+00:00
1783445400000,1.6032,1.60657,1.60271,1.60657,2262.49102474,2026-07-07 17:30:00+00:00
1783447200000,1.60505,1.60505,1.60073,1.60073,4663.89868786,2026-07-07 18:00:00+00:00
1783449000000,1.59723,1.602,1.58769,1.58769,17928.39400543,2026-07-07 18:30:00+00:00
1783450800000,1.58543,1.58881,1.58289,1.58625,1396.48654846,2026-07-07 19:00:00+00:00
1783452600000,1.59019,1.59661,1.59019,1.59661,438.71920183,2026-07-07 19:30:00+00:00
1783454400000,1.59446,1.59446,1.59102,1.59333,6934.58359663,2026-07-07 20:00:00+00:00
1783456200000,1.59112,1.59112,1.58809,1.58861,5759.64236331,2026-07-07 20:30:00+00:00
1783458000000,1.58859,1.59184,1.58576,1.58676,10397.92941068,2026-07-07 21:00:00+00:00
1783459800000,1.58618,1.58619,1.58118,1.58291,5073.41856764,2026-07-07 21:30:00+00:00
1783461600000,1.58212,1.58437,1.58029,1.5821,2128.47632802,2026-07-07 22:00:00+00:00
1783463400000,1.58437,1.58637,1.58437,1.58504,1163.48471,2026-07-07 22:30:00+00:00
1783465200000,1.5863,1.58916,1.5863,1.58636,3590.55600662,2026-07-07 23:00:00+00:00
1783467000000,1.58752,1.58752,1.57944,1.57959,1350.75564886,2026-07-07 23:30:00+00:00
1783468800000,1.58044,1.58315,1.57827,1.58315,2648.25336,2026-07-08 00:00:00+00:00
1783470600000,1.58078,1.58345,1.57992,1.58291,5489.33502378,2026-07-08 00:30:00+00:00
1783472400000,1.58176,1.58355,1.57968,1.581,6730.08343569,2026-07-08 01:00:00+00:00
1783474200000,1.5795,1.57951,1.56067,1.56106,16173.63863093,2026-07-08 01:30:00+00:00
1783476000000,1.55832,1.56023,1.55601,1.55766,1886.52909226,2026-07-08 02:00:00+00:00
1783477800000,1.55715,1.56293,1.54902,1.5621,18828.87211076,2026-07-08 02:30:00+00:00
1783479600000,1.56537,1.56704,1.56352,1.56414,7108.86671964,2026-07-08 03:00:00+00:00
1783481400000,1.56336,1.56351,1.55585,1.55594,1890.51163947,2026-07-08 03:30:00+00:00
1783483200000,1.55407,1.55681,1.55407,1.55681,8221.30861934,2026-07-08 04:00:00+00:00
1783485000000,1.55202,1.55444,1.55166,1.55299,830.54111156,2026-07-08 04:30:00+00:00
1783486800000,1.5531,1.55423,1.55279,1.55369,561.62708,2026-07-08 05:00:00+00:00
1783488600000,1.55174,1.55174,1.54588,1.54809,5044.3300394,2026-07-08 05:30:00+00:00
1783490400000,1.54741,1.54831,1.54741,1.54831,300.13810264,2026-07-08 06:00:00+00:00
1783492200000,1.54441,1.54454,1.54176,1.54454,429.71704087,2026-07-08 06:30:00+00:00
1783494000000,1.54519,1.55084,1.54519,1.55084,56.55118,2026-07-08 07:00:00+00:00
1783495800000,1.55084,1.55084,1.55084,1.55084,0.0,2026-07-08 07:30:00+00:00
1783497600000,1.55014,1.55014,1.52955,1.52955,27631.15244455,2026-07-08 08:00:00+00:00
1783499400000,1.53008,1.5343,1.52526,1.5328,24047.32747417,2026-07-08 08:30:00+00:00
1783501200000,1.52797,1.52801,1.52797,1.52801,255.39427,2026-07-08 09:00:00+00:00
1783503000000,1.52882,1.53078,1.5288,1.5288,1800.03521462,2026-07-08 09:30:00+00:00
1783504800000,1.52778,1.53079,1.52777,1.53079,143.40692662,2026-07-08 10:00:00+00:00
1783506600000,1.53432,1.53523,1.53402,1.53478,1097.19906692,2026-07-08 10:30:00+00:00
1783508400000,1.53455,1.53497,1.5326,1.53378,2773.84782454,2026-07-08 11:00:00+00:00
1783510200000,1.53597,1.54319,1.53424,1.54319,7079.14722388,2026-07-08 11:30:00+00:00
1783512000000,1.54128,1.54399,1.54065,1.54194,3180.63803321,2026-07-08 12:00:00+00:00
1783513800000,1.5393,1.53931,1.53547,1.53569,1140.81767606,2026-07-08 12:30:00+00:00
1783515600000,1.53429,1.53528,1.53055,1.53055,1248.05897635,2026-07-08 13:00:00+00:00
1783517400000,1.53081,1.53982,1.52965,1.53224,11128.91320256,2026-07-08 13:30:00+00:00
1783519200000,1.53528,1.53528,1.52743,1.53173,6475.3739686,2026-07-08 14:00:00+00:00
1783521000000,1.52999,1.53,1.52287,1.52759,1262.96341835,2026-07-08 14:30:00+00:00
1783522800000,1.52526,1.52548,1.51739,1.52011,5544.35944403,2026-07-08 15:00:00+00:00
1783524600000,1.5207,1.52397,1.5206,1.5233,5372.55403632,2026-07-08 15:30:00+00:00
1783526400000,1.52355,1.53178,1.52355,1.53049,29868.52596852,2026-07-08 16:00:00+00:00
1783528200000,1.52957,1.53627,1.52635,1.53573,5159.89866977,2026-07-08 16:30:00+00:00
1783530000000,1.53648,1.54696,1.53631,1.54677,2769.54234553,2026-07-08 17:00:00+00:00
1783531800000,1.54995,1.55027,1.53833,1.53833,4946.81947038,2026-07-08 17:30:00+00:00
1783533600000,1.54097,1.54587,1.54097,1.54355,6321.23499252,2026-07-08 18:00:00+00:00
1783535400000,1.53926,1.54328,1.53594,1.54148,3010.54308923,2026-07-08 18:30:00+00:00
1783537200000,1.54075,1.54246,1.53826,1.54246,912.75757,2026-07-08 19:00:00+00:00
1783539000000,1.54407,1.55127,1.54256,1.55127,1859.66816888,2026-07-08 19:30:00+00:00
1783540800000,1.54448,1.54732,1.54318,1.54372,7376.30830221,2026-07-08 20:00:00+00:00
1783542600000,1.54317,1.54564,1.54211,1.54421,20392.64892477,2026-07-08 20:30:00+00:00
1783544400000,1.54315,1.54315,1.53749,1.54098,4386.57078566,2026-07-08 21:00:00+00:00
1783546200000,1.54279,1.5482,1.54279,1.5482,3126.86337,2026-07-08 21:30:00+00:00
1783548000000,1.54871,1.54871,1.54459,1.54682,6907.16655263,2026-07-08 22:00:00+00:00
1783549800000,1.54747,1.54935,1.54724,1.54935,1434.80589098,2026-07-08 22:30:00+00:00
1783551600000,1.5486,1.54866,1.54266,1.54323,1564.56687,2026-07-08 23:00:00+00:00
1783553400000,1.54307,1.54667,1.54263,1.54667,5814.75801144,2026-07-08 23:30:00+00:00
1783555200000,1.54705,1.54705,1.54228,1.54354,1730.91773,2026-07-09 00:00:00+00:00
1783557000000,1.54332,1.54406,1.54099,1.54163,3391.30183,2026-07-09 00:30:00+00:00
1783558800000,1.54176,1.55366,1.54176,1.5468,5236.2847848,2026-07-09 01:00:00+00:00
1783560600000,1.54474,1.54583,1.53535,1.53554,7174.69753021,2026-07-09 01:30:00+00:00
1783562400000,1.5349,1.54507,1.53396,1.54394,3480.49204,2026-07-09 02:00:00+00:00
1783564200000,1.54329,1.54343,1.53634,1.53674,1820.31664969,2026-07-09 02:30:00+00:00
1783566000000,1.53818,1.5391,1.53661,1.5391,2270.3751409,2026-07-09 03:00:00+00:00
1783567800000,1.54335,1.54353,1.54096,1.54212,1801.06769002,2026-07-09 03:30:00+00:00
1783569600000,1.54105,1.54171,1.53764,1.53832,3240.36980312,2026-07-09 04:00:00+00:00
1783571400000,1.54492,1.55094,1.54492,1.55094,7461.14185706,2026-07-09 04:30:00+00:00
1783573200000,1.55018,1.55302,1.54977,1.55051,3576.00328407,2026-07-09 05:00:00+00:00
1783575000000,1.54861,1.55755,1.54853,1.55755,481.98213,2026-07-09 05:30:00+00:00
1783576800000,1.55766,1.55921,1.55627,1.55921,4421.55108647,2026-07-09 06:00:00+00:00
1783578600000,1.55724,1.5593,1.55724,1.55752,61.40948,2026-07-09 06:30:00+00:00
1783580400000,1.55773,1.56138,1.55443,1.55449,291.404218,2026-07-09 07:00:00+00:00
1783582200000,1.55693,1.56178,1.55652,1.55654,1029.85872067,2026-07-09 07:30:00+00:00
1783584000000,1.55739,1.55739,1.55739,1.55739,157.5628,2026-07-09 08:00:00+00:00
1783585800000,1.55764,1.55764,1.55444,1.55444,1626.11643426,2026-07-09 08:30:00+00:00
1783587600000,1.55335,1.55337,1.55154,1.55155,363.08438,2026-07-09 09:00:00+00:00
1783589400000,1.55246,1.55282,1.54985,1.55109,599.84128999,2026-07-09 09:30:00+00:00
1783591200000,1.55166,1.55342,1.54973,1.54973,251.59939613,2026-07-09 10:00:00+00:00
1783593000000,1.55039,1.55082,1.55039,1.55082,568.91415218,2026-07-09 10:30:00+00:00
1783594800000,1.54855,1.54855,1.54692,1.54693,162.82113898,2026-07-09 11:00:00+00:00
1783596600000,1.54817,1.55093,1.54756,1.55093,4911.60846601,2026-07-09 11:30:00+00:00
1783598400000,1.54966,1.55082,1.54742,1.55004,3868.51196956,2026-07-09 12:00:00+00:00
1783600200000,1.55132,1.55511,1.54743,1.55096,16915.12450301,2026-07-09 12:30:00+00:00
1783602000000,1.55327,1.55812,1.55327,1.55386,7820.32871274,2026-07-09 13:00:00+00:00
1783603800000,1.55344,1.55885,1.55025,1.55768,2945.18719681,2026-07-09 13:30:00+00:00
1783605600000,1.55973,1.55973,1.55157,1.55441,787.26962346,2026-07-09 14:00:00+00:00
1783607400000,1.55212,1.55326,1.54681,1.55,13162.87529406,2026-07-09 14:30:00+00:00
1783609200000,1.54885,1.55208,1.54792,1.55208,578.69605525,2026-07-09 15:00:00+00:00
1783611000000,1.54836,1.54837,1.54506,1.54515,6364.16457154,2026-07-09 15:30:00+00:00
1783612800000,1.54483,1.54522,1.53995,1.54127,2288.16618976,2026-07-09 16:00:00+00:00
1783614600000,1.54309,1.54371,1.54147,1.54349,407.90864,2026-07-09 16:30:00+00:00
1783616400000,1.5434,1.54959,1.54319,1.54748,3058.82806123,2026-07-09 17:00:00+00:00
1783618200000,1.54765,1.5549,1.54765,1.55289,2626.08985359,2026-07-09 17:30:00+00:00
1783620000000,1.55451,1.55809,1.55249,1.554,10110.70159826,2026-07-09 18:00:00+00:00
1783621800000,1.55543,1.55694,1.55,1.55183,2816.99440052,2026-07-09 18:30:00+00:00
1783623600000,1.55,1.5509,1.54927,1.55001,1541.60362677,2026-07-09 19:00:00+00:00
1783625400000,1.55138,1.55509,1.55138,1.55509,1420.93054299,2026-07-09 19:30:00+00:00
1783627200000,1.55518,1.55518,1.55335,1.55437,936.66829449,2026-07-09 20:00:00+00:00
1783629000000,1.55765,1.55822,1.55392,1.55454,2141.17833858,2026-07-09 20:30:00+00:00
1783630800000,1.55521,1.55636,1.55441,1.55553,3662.18497472,2026-07-09 21:00:00+00:00
1783632600000,1.55561,1.55595,1.55445,1.55527,2103.92778762,2026-07-09 21:30:00+00:00
1783634400000,1.55504,1.55613,1.5545,1.55613,4081.74907,2026-07-09 22:00:00+00:00
1783636200000,1.55498,1.55578,1.55393,1.55578,1480.17045056,2026-07-09 22:30:00+00:00
1783638000000,1.55448,1.55448,1.54903,1.55024,5193.77505926,2026-07-09 23:00:00+00:00
1783639800000,1.54962,1.55105,1.54909,1.55063,397.18377,2026-07-09 23:30:00+00:00
1783641600000,1.54989,1.55064,1.54608,1.54609,3970.40914424,2026-07-10 00:00:00+00:00
1783643400000,1.54556,1.54755,1.54477,1.54678,1681.5010658,2026-07-10 00:30:00+00:00
1783645200000,1.54704,1.55427,1.54568,1.55344,7431.03753659,2026-07-10 01:00:00+00:00
1783647000000,1.55295,1.56999,1.55244,1.56398,38787.65136596,2026-07-10 01:30:00+00:00
1783648800000,1.56526,1.5653,1.56182,1.56416,2612.95995676,2026-07-10 02:00:00+00:00
1783650600000,1.56465,1.5686,1.5644,1.56677,9718.21645615,2026-07-10 02:30:00+00:00
1783652400000,1.56603,1.56603,1.56203,1.56391,24711.50760317,2026-07-10 03:00:00+00:00
1783654200000,1.56356,1.56767,1.56356,1.56663,1577.7933183,2026-07-10 03:30:00+00:00
1783656000000,1.56857,1.56871,1.567,1.567,1206.77965421,2026-07-10 04:00:00+00:00
1783657800000,1.56663,1.57409,1.56663,1.57171,3116.05104,2026-07-10 04:30:00+00:00
1783659600000,1.57093,1.57093,1.56905,1.56918,453.62387542,2026-07-10 05:00:00+00:00
1783661400000,1.57052,1.57172,1.57017,1.57122,1001.65340793,2026-07-10 05:30:00+00:00
1783663200000,1.57177,1.57179,1.56517,1.56517,1182.36379869,2026-07-10 06:00:00+00:00
1783665000000,1.56789,1.56795,1.56475,1.56475,886.12115051,2026-07-10 06:30:00+00:00
1783666800000,1.56716,1.56716,1.56716,1.56716,1.25129,2026-07-10 07:00:00+00:00
1783668600000,1.56648,1.56651,1.56648,1.56651,27.0,2026-07-10 07:30:00+00:00
1783670400000,1.56624,1.57467,1.56613,1.57467,1426.20036715,2026-07-10 08:00:00+00:00
1783672200000,1.57744,1.57786,1.5759,1.57621,1210.11017441,2026-07-10 08:30:00+00:00
1783674000000,1.57673,1.57777,1.57466,1.57777,1544.33514641,2026-07-10 09:00:00+00:00
1783675800000,1.57953,1.58353,1.57953,1.58159,1073.89127199,2026-07-10 09:30:00+00:00
1783677600000,1.57889,1.57889,1.57801,1.57801,86.24983399,2026-07-10 10:00:00+00:00
1783679400000,1.58128,1.58207,1.57984,1.57985,3138.99632892,2026-07-10 10:30:00+00:00
1783681200000,1.5783,1.57991,1.57566,1.57633,4000.94138382,2026-07-10 11:00:00+00:00
1783683000000,1.57391,1.57391,1.57248,1.57289,6264.78144344,2026-07-10 11:30:00+00:00
1783684800000,1.57518,1.57539,1.57219,1.57219,4385.54333933,2026-07-10 12:00:00+00:00
1783686600000,1.57141,1.57164,1.5669,1.567,8025.17422527,2026-07-10 12:30:00+00:00
1783688400000,1.56683,1.57016,1.56639,1.57016,487.60826,2026-07-10 13:00:00+00:00
1783690200000,1.56721,1.57549,1.56717,1.57384,20309.71782,2026-07-10 13:30:00+00:00
1783692000000,1.56898,1.56899,1.55797,1.55962,13633.45397643,2026-07-10 14:00:00+00:00
1783693800000,1.56114,1.56542,1.5541,1.56062,12412.33244835,2026-07-10 14:30:00+00:00
1783695600000,1.56058,1.56121,1.55805,1.55911,26782.92155,2026-07-10 15:00:00+00:00
1783697400000,1.56147,1.56161,1.55684,1.55846,1857.18957,2026-07-10 15:30:00+00:00
1783699200000,1.55948,1.56161,1.5561,1.5561,4561.36810488,2026-07-10 16:00:00+00:00
1783701000000,1.55518,1.5607,1.55464,1.5607,2042.89623157,2026-07-10 16:30:00+00:00
1783702800000,1.56096,1.56186,1.558,1.56115,2763.95149814,2026-07-10 17:00:00+00:00
1783704600000,1.56113,1.56113,1.55829,1.55829,1734.48001421,2026-07-10 17:30:00+00:00
1783706400000,1.55712,1.5613,1.55667,1.5602,3266.74534002,2026-07-10 18:00:00+00:00
1783708200000,1.55795,1.55822,1.55331,1.55567,5138.94577475,2026-07-10 18:30:00+00:00
1783710000000,1.55529,1.56068,1.55529,1.56051,3399.60656416,2026-07-10 19:00:00+00:00
1783711800000,1.55909,1.56701,1.55909,1.56616,1157.13086963,2026-07-10 19:30:00+00:00
1783713600000,1.564,1.56555,1.5633,1.56437,837.74597555,2026-07-10 20:00:00+00:00
1783715400000,1.56352,1.56683,1.56331,1.5655,3707.37414078,2026-07-10 20:30:00+00:00
1783717200000,1.56348,1.56572,1.56309,1.56555,1510.300864,2026-07-10 21:00:00+00:00
1783719000000,1.56781,1.56781,1.56436,1.56515,2529.68092647,2026-07-10 21:30:00+00:00
1783720800000,1.56461,1.56618,1.56419,1.56496,4152.52046378,2026-07-10 22:00:00+00:00
1783722600000,1.56534,1.56704,1.56477,1.56657,1024.57064843,2026-07-10 22:30:00+00:00
1783724400000,1.56562,1.56576,1.5635,1.56576,926.82988458,2026-07-10 23:00:00+00:00
1783726200000,1.5655,1.56595,1.56434,1.56501,1058.76788,2026-07-10 23:30:00+00:00
1783728000000,1.56541,1.56544,1.56225,1.56246,286.39456543,2026-07-11 00:00:00+00:00
1783729800000,1.56404,1.56671,1.56274,1.56671,1614.79439,2026-07-11 00:30:00+00:00
1783731600000,1.56796,1.56965,1.56793,1.56793,4344.75913178,2026-07-11 01:00:00+00:00
1783733400000,1.56876,1.56976,1.56461,1.56498,6092.67074,2026-07-11 01:30:00+00:00
1783735200000,1.56365,1.56657,1.56365,1.56546,809.85203,2026-07-11 02:00:00+00:00
1783737000000,1.56697,1.56873,1.56697,1.56853,543.63822,2026-07-11 02:30:00+00:00
1783738800000,1.56842,1.56958,1.56807,1.569,2629.95613,2026-07-11 03:00:00+00:00
1783740600000,1.56889,1.57179,1.56889,1.57113,5911.95698622,2026-07-11 03:30:00+00:00
1783742400000,1.57047,1.57047,1.56748,1.56748,1659.16925614,2026-07-11 04:00:00+00:00
1783744200000,1.56769,1.56897,1.56547,1.56611,1175.66631162,2026-07-11 04:30:00+00:00
1783746000000,1.56548,1.56901,1.56548,1.56875,2211.49135,2026-07-11 05:00:00+00:00
1783747800000,1.5701,1.57034,1.5678,1.56804,392.10807672,2026-07-11 05:30:00+00:00
1783749600000,1.57008,1.57035,1.57008,1.57035,628.96541,2026-07-11 06:00:00+00:00
1783751400000,1.57162,1.57203,1.57012,1.57024,265.1758113,2026-07-11 06:30:00+00:00
1783753200000,1.57019,1.57113,1.5697,1.57113,1414.32644968,2026-07-11 07:00:00+00:00
1783755000000,1.57072,1.57175,1.57,1.57,905.96987,2026-07-11 07:30:00+00:00
1783756800000,1.57044,1.57052,1.5697,1.57052,89.83946463,2026-07-11 08:00:00+00:00
1783758600000,1.57059,1.57218,1.57045,1.5717,851.87743132,2026-07-11 08:30:00+00:00
1783760400000,1.572,1.57307,1.57037,1.57254,2300.47587894,2026-07-11 09:00:00+00:00
1783762200000,1.57271,1.57271,1.57042,1.57067,1378.75120304,2026-07-11 09:30:00+00:00
1783764000000,1.56915,1.57012,1.56915,1.57012,71.73239,2026-07-11 10:00:00+00:00
1783765800000,1.5718,1.5718,1.56931,1.57054,330.5752,2026-07-11 10:30:00+00:00
1783767600000,1.57202,1.57381,1.57198,1.57335,1297.82144,2026-07-11 11:00:00+00:00
1783769400000,1.57365,1.57379,1.5713,1.5713,463.02862371,2026-07-11 11:30:00+00:00
1783771200000,1.57158,1.5732,1.57141,1.5732,2131.32324855,2026-07-11 12:00:00+00:00
1783773000000,1.57104,1.57192,1.57087,1.57087,218.83091,2026-07-11 12:30:00+00:00
1783774800000,1.57196,1.57366,1.57097,1.57366,1919.13207249,2026-07-11 13:00:00+00:00
1783776600000,1.57509,1.57611,1.57209,1.57251,1481.07980831,2026-07-11 13:30:00+00:00
1783778400000,1.57355,1.57836,1.57355,1.57689,1293.36376,2026-07-11 14:00:00+00:00
1783780200000,1.57729,1.58693,1.57727,1.58693,56464.29963598,2026-07-11 14:30:00+00:00
1783782000000,1.58036,1.5843,1.58036,1.58183,7652.56604794,2026-07-11 15:00:00+00:00
1783783800000,1.58295,1.58382,1.5728,1.57724,17089.15102172,2026-07-11 15:30:00+00:00
1783785600000,1.57569,1.58139,1.57539,1.58139,1851.95231876,2026-07-11 16:00:00+00:00
1783787400000,1.58155,1.58185,1.57584,1.57717,2394.96627534,2026-07-11 16:30:00+00:00
1783789200000,1.57843,1.58075,1.57804,1.58075,197.93528,2026-07-11 17:00:00+00:00
1783791000000,1.58016,1.58164,1.5787,1.58096,4451.93806,2026-07-11 17:30:00+00:00
1783792800000,1.57992,1.58297,1.57992,1.58297,2963.93910411,2026-07-11 18:00:00+00:00
1783794600000,1.58272,1.58565,1.58272,1.58408,2357.38929897,2026-07-11 18:30:00+00:00
1783796400000,1.58445,1.58743,1.58241,1.58241,3594.80646911,2026-07-11 19:00:00+00:00
1783798200000,1.58226,1.58251,1.58038,1.58213,5054.48194402,2026-07-11 19:30:00+00:00
1783800000000,1.58245,1.58245,1.57994,1.58122,4136.02002144,2026-07-11 20:00:00+00:00
1783801800000,1.58092,1.5819,1.58027,1.58132,969.9647792,2026-07-11 20:30:00+00:00
1783803600000,1.58015,1.58272,1.58007,1.58139,1132.98822729,2026-07-11 21:00:00+00:00
1783805400000,1.5814,1.58278,1.57934,1.58161,767.53908,2026-07-11 21:30:00+00:00
1783807200000,1.58125,1.58126,1.57292,1.57404,22059.14725349,2026-07-11 22:00:00+00:00
1783809000000,1.57428,1.57428,1.57177,1.57217,2956.56941,2026-07-11 22:30:00+00:00
1783810800000,1.57303,1.5735,1.55999,1.56156,12893.19896334,2026-07-11 23:00:00+00:00
1783812600000,1.55727,1.56111,1.55454,1.55454,8755.65684,2026-07-11 23:30:00+00:00
1783814400000,1.55458,1.55459,1.54943,1.55073,9948.45383337,2026-07-12 00:00:00+00:00
1783816200000,1.54589,1.55069,1.5452,1.55069,4324.4383195,2026-07-12 00:30:00+00:00
1783818000000,1.55077,1.55493,1.54978,1.55493,3459.30149258,2026-07-12 01:00:00+00:00
1783819800000,1.55533,1.5587,1.55533,1.5587,3727.84044394,2026-07-12 01:30:00+00:00
1783821600000,1.55331,1.55595,1.55328,1.55355,7457.24936,2026-07-12 02:00:00+00:00
1783823400000,1.55371,1.55473,1.55371,1.55459,1200.55384,2026-07-12 02:30:00+00:00
1783825200000,1.55551,1.55637,1.55417,1.55564,1686.16983,2026-07-12 03:00:00+00:00
1783827000000,1.55754,1.55921,1.55673,1.5591,2950.60375991,2026-07-12 03:30:00+00:00
1783828800000,1.5582,1.55862,1.55621,1.55627,1312.08068,2026-07-12 04:00:00+00:00
1783830600000,1.55501,1.55501,1.5524,1.55343,1683.19052447,2026-07-12 04:30:00+00:00
1783832400000,1.55385,1.5545,1.55249,1.55249,490.4676558,2026-07-12 05:00:00+00:00
1783834200000,1.55239,1.55294,1.55107,1.55192,1951.72183,2026-07-12 05:30:00+00:00
1783836000000,1.55006,1.55007,1.54403,1.54557,8957.52640119,2026-07-12 06:00:00+00:00
1783837800000,1.54742,1.54742,1.5465,1.5465,324.20965,2026-07-12 06:30:00+00:00
1783839600000,1.54626,1.54857,1.54623,1.54835,1054.53872926,2026-07-12 07:00:00+00:00
1783841400000,1.54893,1.54907,1.54893,1.54907,62.67589,2026-07-12 07:30:00+00:00
1783843200000,1.55104,1.55104,1.55104,1.55104,3.66181,2026-07-12 08:00:00+00:00
1783845000000,1.54999,1.55011,1.54934,1.54934,1104.59936,2026-07-12 08:30:00+00:00
1783846800000,1.55091,1.55199,1.54565,1.54749,1587.67310066,2026-07-12 09:00:00+00:00
1783848600000,1.54979,1.55374,1.54979,1.55374,20.41743,2026-07-12 09:30:00+00:00
1783850400000,1.5518,1.55365,1.55094,1.55334,1663.56966988,2026-07-12 10:00:00+00:00
1783852200000,1.55167,1.5531,1.55079,1.5527,646.95983699,2026-07-12 10:30:00+00:00
1783854000000,1.55182,1.55182,1.55182,1.55182,929.05104973,2026-07-12 11:00:00+00:00
1783855800000,1.55588,1.55726,1.55471,1.55573,1162.86209,2026-07-12 11:30:00+00:00
1783857600000,1.55519,1.55979,1.55419,1.55754,538.19799307,2026-07-12 12:00:00+00:00
1783859400000,1.5578,1.55928,1.55763,1.55764,1238.13211,2026-07-12 12:30:00+00:00
1783861200000,1.55957,1.56085,1.55906,1.55944,672.61043,2026-07-12 13:00:00+00:00
1783863000000,1.55853,1.55923,1.55609,1.55721,1469.4428,2026-07-12 13:30:00+00:00
1783864800000,1.55676,1.5571,1.55434,1.55651,2780.44922714,2026-07-12 14:00:00+00:00
1783866600000,1.55663,1.56301,1.55663,1.56195,661.22333742,2026-07-12 14:30:00+00:00
1783868400000,1.56237,1.563,1.55981,1.563,3762.82877048,2026-07-12 15:00:00+00:00
1783870200000,1.56301,1.56383,1.56038,1.56303,10518.59421311,2026-07-12 15:30:00+00:00
1783872000000,1.56183,1.56335,1.56132,1.56335,2180.59871,2026-07-12 16:00:00+00:00
1783873800000,1.56166,1.56251,1.55958,1.5623,1840.88373862,2026-07-12 16:30:00+00:00
1783875600000,1.56146,1.56259,1.55764,1.55952,1434.07965667,2026-07-12 17:00:00+00:00
1783877400000,1.55834,1.56044,1.55505,1.55792,3446.0132794,2026-07-12 17:30:00+00:00
1783879200000,1.55879,1.55879,1.55549,1.55784,2948.27979,2026-07-12 18:00:00+00:00
1783881000000,1.55813,1.56235,1.55813,1.56193,338.15902,2026-07-12 18:30:00+00:00
1783882800000,1.5605,1.56153,1.55983,1.56086,418.59166125,2026-07-12 19:00:00+00:00
1783884600000,1.55973,1.56012,1.55821,1.56012,659.3914,2026-07-12 19:30:00+00:00
1783886400000,1.56041,1.56041,1.5591,1.55975,42.98298,2026-07-12 20:00:00+00:00
1783888200000,1.56018,1.56018,1.55793,1.55822,358.4193,2026-07-12 20:30:00+00:00
1783890000000,1.56058,1.56059,1.55443,1.55444,446.01385381,2026-07-12 21:00:00+00:00
1783891800000,1.55364,1.55364,1.55117,1.55215,687.89646299,2026-07-12 21:30:00+00:00
1783893600000,1.55,1.55,1.53373,1.53849,19311.40843182,2026-07-12 22:00:00+00:00
1783895400000,1.53781,1.54108,1.5335,1.54034,4169.0252,2026-07-12 22:30:00+00:00
1783897200000,1.53916,1.53916,1.537,1.5388,237.9693,2026-07-12 23:00:00+00:00
1783899000000,1.54035,1.54088,1.53919,1.53963,883.99101,2026-07-12 23:30:00+00:00
1783900800000,1.5364,1.55921,1.53635,1.55351,4231.52319361,2026-07-13 00:00:00+00:00
1783902600000,1.55303,1.55303,1.54056,1.55078,3861.14291715,2026-07-13 00:30:00+00:00
1783904400000,1.54815,1.54949,1.54242,1.54327,1450.73473,2026-07-13 01:00:00+00:00
1783906200000,1.54166,1.54173,1.53216,1.53373,5201.67613683,2026-07-13 01:30:00+00:00
1783908000000,1.53,1.53332,1.52636,1.53293,3797.89585857,2026-07-13 02:00:00+00:00
1783909800000,1.53364,1.53459,1.52985,1.52985,2072.84571202,2026-07-13 02:30:00+00:00
1783911600000,1.52635,1.52635,1.51825,1.52404,8067.99143281,2026-07-13 03:00:00+00:00
1783913400000,1.52432,1.52432,1.51187,1.51959,3262.29566131,2026-07-13 03:30:00+00:00
1783915200000,1.52063,1.52273,1.52063,1.52216,1130.98250108,2026-07-13 04:00:00+00:00
1783917000000,1.52284,1.52299,1.51996,1.5205,4003.69451539,2026-07-13 04:30:00+00:00
1783918800000,1.5188,1.52662,1.51666,1.52089,9670.02598036,2026-07-13 05:00:00+00:00
1783920600000,1.51869,1.52461,1.51869,1.52461,1666.83825875,2026-07-13 05:30:00+00:00
1783922400000,1.52387,1.52442,1.52387,1.52442,1135.736514,2026-07-13 06:00:00+00:00
1783924200000,1.52548,1.52664,1.52548,1.52647,54.54289,2026-07-13 06:30:00+00:00
1783926000000,1.52647,1.52647,1.52647,1.52647,0.0,2026-07-13 07:00:00+00:00
1783927800000,1.5306,1.53061,1.5306,1.53061,29.81359,2026-07-13 07:30:00+00:00
1783929600000,1.52757,1.52772,1.52757,1.52772,69.64284,2026-07-13 08:00:00+00:00
1783931400000,1.52782,1.52782,1.52547,1.52547,3114.13735,2026-07-13 08:30:00+00:00
1783933200000,1.52619,1.52662,1.52619,1.52662,954.06894,2026-07-13 09:00:00+00:00
1783935000000,1.52637,1.52716,1.52637,1.52715,965.75003229,2026-07-13 09:30:00+00:00
1783936800000,1.52716,1.52716,1.52435,1.52438,758.18481726,2026-07-13 10:00:00+00:00
1783938600000,1.52569,1.52569,1.52303,1.52315,126.50961678,2026-07-13 10:30:00+00:00
1783940400000,1.52504,1.52695,1.52491,1.52557,1019.2290663,2026-07-13 11:00:00+00:00
1783942200000,1.52403,1.52456,1.52336,1.52336,147.20060251,2026-07-13 11:30:00+00:00
1783944000000,1.52264,1.5247,1.52143,1.52206,753.09478018,2026-07-13 12:00:00+00:00
1783945800000,1.52108,1.52125,1.51484,1.51703,3953.48804049,2026-07-13 12:30:00+00:00
1783947600000,1.51674,1.51674,1.51126,1.51494,2755.97694851,2026-07-13 13:00:00+00:00
1783949400000,1.51372,1.51601,1.50813,1.51163,10225.56782572,2026-07-13 13:30:00+00:00
1783951200000,1.51309,1.52173,1.51,1.51967,25391.4560485,2026-07-13 14:00:00+00:00
1783953000000,1.51974,1.52469,1.51677,1.52469,11450.07063923,2026-07-13 14:30:00+00:00
1783954800000,1.52302,1.52693,1.52191,1.5244,9185.58989226,2026-07-13 15:00:00+00:00
1783956600000,1.5252,1.5252,1.51692,1.51694,13431.57840472,2026-07-13 15:30:00+00:00
1783958400000,1.51753,1.51852,1.51232,1.51233,5559.9736215,2026-07-13 16:00:00+00:00
1783960200000,1.51191,1.51637,1.51021,1.51269,3911.01454,2026-07-13 16:30:00+00:00
1783962000000,1.51321,1.51394,1.51099,1.51099,3474.82678581,2026-07-13 17:00:00+00:00
1783963800000,1.51099,1.51099,1.5,1.5,10579.29058287,2026-07-13 17:30:00+00:00
1783965600000,1.50164,1.50165,1.49618,1.49908,6829.01172529,2026-07-13 18:00:00+00:00
1783967400000,1.49799,1.50427,1.4959,1.50228,12475.71935984,2026-07-13 18:30:00+00:00
1783969200000,1.50266,1.50417,1.50121,1.50229,7985.4183135,2026-07-13 19:00:00+00:00
1783971000000,1.50333,1.51348,1.50333,1.51173,1142.72072957,2026-07-13 19:30:00+00:00
1783972800000,1.51132,1.51132,1.50321,1.50408,1575.41855397,2026-07-13 20:00:00+00:00
1783974600000,1.50521,1.50535,1.5015,1.50469,5337.97639372,2026-07-13 20:30:00+00:00
1783976400000,1.50403,1.50474,1.5,1.5,9834.66459047,2026-07-13 21:00:00+00:00
1783978200000,1.49817,1.50121,1.4931,1.50121,5171.53365156,2026-07-13 21:30:00+00:00
1783980000000,1.50313,1.50468,1.5028,1.50384,6582.19696712,2026-07-13 22:00:00+00:00
1783981800000,1.50362,1.50377,1.5,1.5,4386.82906348,2026-07-13 22:30:00+00:00
1783983600000,1.50001,1.50727,1.49804,1.50727,10286.41010759,2026-07-13 23:00:00+00:00
1783985400000,1.50651,1.51096,1.50603,1.51096,2897.88117,2026-07-13 23:30:00+00:00
1783987200000,1.51094,1.51221,1.50959,1.50959,994.66718809,2026-07-14 00:00:00+00:00
1783989000000,1.51092,1.51382,1.508,1.51382,6557.21095069,2026-07-14 00:30:00+00:00
1783990800000,1.51295,1.51396,1.51134,1.51365,12043.31911392,2026-07-14 01:00:00+00:00
1783992600000,1.51053,1.51109,1.50688,1.50692,6181.82539475,2026-07-14 01:30:00+00:00
1783994400000,1.50931,1.50946,1.50374,1.50384,3091.43932164,2026-07-14 02:00:00+00:00
1783996200000,1.50377,1.50881,1.50338,1.50631,1513.71990535,2026-07-14 02:30:00+00:00
1783998000000,1.50754,1.50837,1.50084,1.50377,362.43074999,2026-07-14 03:00:00+00:00
1783999800000,1.50451,1.50722,1.50187,1.50722,365.88606,2026-07-14 03:30:00+00:00
1784001600000,1.50697,1.50875,1.50496,1.50856,4275.29619097,2026-07-14 04:00:00+00:00
1784003400000,1.50753,1.51046,1.50738,1.51046,1693.12034801,2026-07-14 04:30:00+00:00
1784005200000,1.51456,1.51585,1.51409,1.51585,2105.55589893,2026-07-14 05:00:00+00:00
1784007000000,1.51539,1.51572,1.51539,1.51572,68.43989363,2026-07-14 05:30:00+00:00
1784008800000,1.51296,1.51296,1.51216,1.51238,1148.31765,2026-07-14 06:00:00+00:00
1784010600000,1.51289,1.51289,1.51077,1.51077,210.84277,2026-07-14 06:30:00+00:00
1784012400000,1.51112,1.51244,1.51112,1.51244,276.35172,2026-07-14 07:00:00+00:00
1784014200000,1.50749,1.50749,1.50749,1.50749,130.38906,2026-07-14 07:30:00+00:00
1784016000000,1.50601,1.50797,1.50601,1.50797,197.93481,2026-07-14 08:00:00+00:00
1784017800000,1.50825,1.50825,1.50604,1.50628,428.46143,2026-07-14 08:30:00+00:00
1784019600000,1.50628,1.50628,1.50628,1.50628,0.0,2026-07-14 09:00:00+00:00
1784021400000,1.50685,1.50685,1.50418,1.50448,143.50648,2026-07-14 09:30:00+00:00
1784023200000,1.50458,1.50641,1.50458,1.50521,2454.9868,2026-07-14 10:00:00+00:00
1784025000000,1.50794,1.50999,1.50794,1.50999,138.67906,2026-07-14 10:30:00+00:00
1784026800000,1.5109,1.5109,1.51,1.5103,2054.15189383,2026-07-14 11:00:00+00:00
1784028600000,1.51138,1.51301,1.51138,1.51301,190.50211,2026-07-14 11:30:00+00:00
1784030400000,1.51316,1.51333,1.51006,1.5125,3723.22823724,2026-07-14 12:00:00+00:00
1784032200000,1.51304,1.53118,1.51224,1.53118,11479.53122229,2026-07-14 12:30:00+00:00
1784034000000,1.53114,1.54958,1.52729,1.54829,2566.31890153,2026-07-14 13:00:00+00:00
1784035800000,1.55193,1.55213,1.54191,1.5453,16098.60924584,2026-07-14 13:30:00+00:00
1784037600000,1.54539,1.54539,1.54121,1.54447,3843.94125886,2026-07-14 14:00:00+00:00
1784039400000,1.54235,1.55038,1.54219,1.54963,23897.34332689,2026-07-14 14:30:00+00:00
1784041200000,1.55056,1.55596,1.54834,1.55596,26525.20915892,2026-07-14 15:00:00+00:00
1784043000000,1.55605,1.55987,1.55325,1.55325,19315.00537072,2026-07-14 15:30:00+00:00
1784044800000,1.55491,1.55586,1.55479,1.55581,240.20776,2026-07-14 16:00:00+00:00
1784046600000,1.55713,1.55989,1.5535,1.5551,7889.50500856,2026-07-14 16:30:00+00:00
1784048400000,1.55186,1.55201,1.545,1.54947,18705.16492026,2026-07-14 17:00:00+00:00
1784050200000,1.54948,1.55453,1.5485,1.55407,4822.34065595,2026-07-14 17:30:00+00:00
1784052000000,1.55376,1.55478,1.55282,1.55478,3799.24718271,2026-07-14 18:00:00+00:00
1784053800000,1.55342,1.56501,1.55342,1.56501,2971.70670386,2026-07-14 18:30:00+00:00
1784055600000,1.56637,1.57649,1.56637,1.56898,4632.76971632,2026-07-14 19:00:00+00:00
1784057400000,1.56863,1.57488,1.56703,1.56866,2626.66423565,2026-07-14 19:30:00+00:00
1784059200000,1.56723,1.56729,1.56191,1.56448,5480.98187,2026-07-14 20:00:00+00:00
1784061000000,1.56173,1.56385,1.5607,1.56139,6281.91044205,2026-07-14 20:30:00+00:00
1784062800000,1.56199,1.56289,1.55962,1.56197,2986.81056,2026-07-14 21:00:00+00:00
1784064600000,1.56233,1.56233,1.559,1.55901,516.48829,2026-07-14 21:30:00+00:00
1784066400000,1.56036,1.56359,1.55523,1.56316,6137.10161046,2026-07-14 22:00:00+00:00
1784068200000,1.56438,1.56565,1.56278,1.56278,2678.0202533,2026-07-14 22:30:00+00:00
1784070000000,1.55975,1.56256,1.55975,1.56201,2195.76261946,2026-07-14 23:00:00+00:00
1784071800000,1.562,1.56372,1.56122,1.5627,1559.88377698,2026-07-14 23:30:00+00:00
1784073600000,1.56258,1.56292,1.55846,1.55846,5318.76048,2026-07-15 00:00:00+00:00
1784075400000,1.55734,1.5584,1.55672,1.5582,4120.46857128,2026-07-15 00:30:00+00:00
1784077200000,1.55609,1.55639,1.55422,1.55632,3434.90057,2026-07-15 01:00:00+00:00
1784079000000,1.55607,1.55607,1.55027,1.55031,1175.33635591,2026-07-15 01:30:00+00:00
1784080800000,1.54926,1.55059,1.54536,1.54545,3514.25939092,2026-07-15 02:00:00+00:00
1784082600000,1.54459,1.54618,1.54341,1.54341,1473.94390999,2026-07-15 02:30:00+00:00
1784084400000,1.5445,1.54765,1.5445,1.54765,5569.84211247,2026-07-15 03:00:00+00:00
1784086200000,1.54963,1.55016,1.54772,1.54772,2448.57964199,2026-07-15 03:30:00+00:00
1784088000000,1.55181,1.55585,1.55154,1.55154,23795.43747621,2026-07-15 04:00:00+00:00
1784089800000,1.54987,1.55113,1.54936,1.5504,4752.71037,2026-07-15 04:30:00+00:00
1784091600000,1.55113,1.55113,1.54529,1.54661,462.31063112,2026-07-15 05:00:00+00:00
1784093400000,1.55111,1.55297,1.55111,1.55297,1600.23472,2026-07-15 05:30:00+00:00
1784095200000,1.55561,1.56305,1.55512,1.56065,1168.82010727,2026-07-15 06:00:00+00:00
1784097000000,1.5614,1.5614,1.5614,1.5614,12.4662,2026-07-15 06:30:00+00:00
1784098800000,1.55642,1.55642,1.55367,1.55367,96.19174999,2026-07-15 07:00:00+00:00
1784100600000,1.55035,1.55135,1.55035,1.55135,244.00349,2026-07-15 07:30:00+00:00
1784102400000,1.55259,1.55493,1.55173,1.55493,1560.52575326,2026-07-15 08:00:00+00:00
1784104200000,1.55617,1.55711,1.55617,1.55711,379.44289,2026-07-15 08:30:00+00:00
1784106000000,1.55796,1.56273,1.55769,1.56273,692.81519534,2026-07-15 09:00:00+00:00
1784107800000,1.56226,1.56226,1.55959,1.55959,7483.72111572,2026-07-15 09:30:00+00:00
1784109600000,1.55959,1.55959,1.55959,1.55959,0.0,2026-07-15 10:00:00+00:00
1784111400000,1.55918,1.55918,1.55912,1.55912,19.83601,2026-07-15 10:30:00+00:00
1784113200000,1.55946,1.56059,1.55946,1.55972,712.33606,2026-07-15 11:00:00+00:00
1784115000000,1.5583,1.55995,1.55772,1.5588,1120.71699303,2026-07-15 11:30:00+00:00
1784116800000,1.55982,1.56025,1.5564,1.55701,2802.90991446,2026-07-15 12:00:00+00:00
1784118600000,1.55834,1.57543,1.55834,1.57543,6531.5262762,2026-07-15 12:30:00+00:00
1784120400000,1.57554,1.58244,1.57488,1.58244,12738.14987778,2026-07-15 13:00:00+00:00
1784122200000,1.58429,1.58633,1.5745,1.5745,3306.79596415,2026-07-15 13:30:00+00:00
1784124000000,1.58115,1.58819,1.5745,1.57731,1465.45613157,2026-07-15 14:00:00+00:00
1784125800000,1.58671,1.58671,1.57911,1.5799,102.83497,2026-07-15 14:30:00+00:00
1784127600000,1.58,1.58411,1.57757,1.57941,9176.17666201,2026-07-15 15:00:00+00:00
1784129400000,1.57979,1.58343,1.57828,1.58157,3408.98257245,2026-07-15 15:30:00+00:00
1784131200000,1.58381,1.58381,1.56977,1.57015,3438.5081289,2026-07-15 16:00:00+00:00
1784133000000,1.56889,1.56956,1.55911,1.56563,17611.97661039,2026-07-15 16:30:00+00:00
1784134800000,1.5668,1.56693,1.5626,1.56361,8245.11932077,2026-07-15 17:00:00+00:00
1784136600000,1.5638,1.57088,1.56368,1.57086,4664.68633341,2026-07-15 17:30:00+00:00
1784138400000,1.56905,1.57433,1.56779,1.57051,1879.21480143,2026-07-15 18:00:00+00:00
1784140200000,1.57154,1.57161,1.5616,1.5616,1757.6871987,2026-07-15 18:30:00+00:00
1784142000000,1.56304,1.56503,1.55914,1.5617,4220.80641251,2026-07-15 19:00:00+00:00
1784143800000,1.56095,1.56281,1.55971,1.55971,13244.03960212,2026-07-15 19:30:00+00:00
1784145600000,1.5601,1.56365,1.55974,1.56365,905.78524,2026-07-15 20:00:00+00:00
1784147400000,1.56333,1.5652,1.56175,1.56175,3637.22971281,2026-07-15 20:30:00+00:00
1784149200000,1.5626,1.56715,1.56088,1.56715,11282.06192401,2026-07-15 21:00:00+00:00
1784151000000,1.56735,1.56839,1.5632,1.56839,1592.78108,2026-07-15 21:30:00+00:00
1784152800000,1.5696,1.5706,1.56649,1.5706,1216.02533,2026-07-15 22:00:00+00:00
1784154600000,1.57177,1.57192,1.56865,1.56926,4204.53487296,2026-07-15 22:30:00+00:00
1784156400000,1.56854,1.56999,1.56377,1.56377,1706.32316825,2026-07-15 23:00:00+00:00
1784158200000,1.56642,1.56649,1.56141,1.5645,5485.45468829,2026-07-15 23:30:00+00:00
1784160000000,1.56448,1.56803,1.56103,1.56118,3088.36366994,2026-07-16 00:00:00+00:00
1784161800000,1.56093,1.56197,1.55833,1.56153,2353.33894581,2026-07-16 00:30:00+00:00
1784163600000,1.56108,1.56109,1.55519,1.55924,2367.27387732,2026-07-16 01:00:00+00:00
1784165400000,1.55956,1.5661,1.55941,1.5661,2093.81534,2026-07-16 01:30:00+00:00
1784167200000,1.56611,1.56754,1.56399,1.56753,1372.6486947,2026-07-16 02:00:00+00:00
1784169000000,1.56698,1.57,1.56607,1.57,2157.05701754,2026-07-16 02:30:00+00:00
1784170800000,1.57002,1.57002,1.56641,1.56843,1377.4239628,2026-07-16 03:00:00+00:00
1784172600000,1.56799,1.568,1.56409,1.56444,2026.92644914,2026-07-16 03:30:00+00:00
1784174400000,1.5648,1.5649,1.56147,1.56359,2465.3408762,2026-07-16 04:00:00+00:00
1784176200000,1.56424,1.56444,1.56298,1.56299,985.62722787,2026-07-16 04:30:00+00:00
1784178000000,1.5655,1.57046,1.56491,1.57046,56.89881,2026-07-16 05:00:00+00:00
1784179800000,1.56898,1.56961,1.56898,1.56961,193.71334303,2026-07-16 05:30:00+00:00
1784181600000,1.56912,1.56922,1.56704,1.56719,4098.32288563,2026-07-16 06:00:00+00:00
1784183400000,1.56634,1.56649,1.56388,1.56504,501.24433889,2026-07-16 06:30:00+00:00
1784185200000,1.56536,1.56544,1.56181,1.56184,140.19181,2026-07-16 07:00:00+00:00
1784187000000,1.56134,1.56134,1.55229,1.55313,837.49885549,2026-07-16 07:30:00+00:00
1784188800000,1.55554,1.55554,1.54611,1.54612,5947.59044689,2026-07-16 08:00:00+00:00
1784190600000,1.55529,1.55847,1.55343,1.55368,480.01580999,2026-07-16 08:30:00+00:00
1784192400000,1.55495,1.55522,1.55196,1.55205,1635.87260413,2026-07-16 09:00:00+00:00
1784194200000,1.55547,1.55573,1.55158,1.55158,931.50840539,2026-07-16 09:30:00+00:00
1784196000000,1.55159,1.55593,1.55149,1.55593,852.41005,2026-07-16 10:00:00+00:00
1784197800000,1.55611,1.55614,1.5559,1.5559,54.54185,2026-07-16 10:30:00+00:00
1784199600000,1.55477,1.55518,1.55349,1.55497,1894.52292335,2026-07-16 11:00:00+00:00
1784201400000,1.553,1.55694,1.553,1.55599,3724.90836425,2026-07-16 11:30:00+00:00
1784203200000,1.55549,1.55681,1.55324,1.55364,481.03920968,2026-07-16 12:00:00+00:00
1784205000000,1.55431,1.55448,1.54199,1.54596,2567.48503723,2026-07-16 12:30:00+00:00
1784206800000,1.54637,1.55586,1.5463,1.55586,1088.82340248,2026-07-16 13:00:00+00:00
1784208600000,1.55694,1.55874,1.55237,1.55591,1294.53008779,2026-07-16 13:30:00+00:00
1784210400000,1.55717,1.5625,1.55641,1.56241,4279.80650368,2026-07-16 14:00:00+00:00
1784212200000,1.5625,1.56408,1.5575,1.55774,3914.7893526,2026-07-16 14:30:00+00:00
1784214000000,1.55817,1.56677,1.55406,1.56675,6533.94144486,2026-07-16 15:00:00+00:00
1784215800000,1.56544,1.5679,1.56429,1.56429,4551.61396797,2026-07-16 15:30:00+00:00
1784217600000,1.56481,1.56481,1.56073,1.56079,2686.6969715,2026-07-16 16:00:00+00:00
1784219400000,1.56131,1.56131,1.55834,1.55913,525.22786609,2026-07-16 16:30:00+00:00
1784221200000,1.55875,1.55889,1.54857,1.55087,5726.09859781,2026-07-16 17:00:00+00:00
1784223000000,1.55311,1.55406,1.53223,1.53911,13924.71111253,2026-07-16 17:30:00+00:00
1784224800000,1.53872,1.54017,1.5364,1.53826,8505.41261405,2026-07-16 18:00:00+00:00
1784226600000,1.53669,1.53711,1.53109,1.53695,7014.53172354,2026-07-16 18:30:00+00:00
1784228400000,1.53853,1.53979,1.5379,1.53935,2797.6788324,2026-07-16 19:00:00+00:00
1784230200000,1.54159,1.5443,1.54123,1.54348,3176.79890931,2026-07-16 19:30:00+00:00
1784232000000,1.5425,1.5433,1.54065,1.54315,3451.80523,2026-07-16 20:00:00+00:00
1784233800000,1.54302,1.54311,1.542,1.5428,4178.41886588,2026-07-16 20:30:00+00:00
1784235600000,1.5424,1.5432,1.54122,1.5432,1932.76834282,2026-07-16 21:00:00+00:00
1784237400000,1.54299,1.54525,1.54279,1.54525,729.25206896,2026-07-16 21:30:00+00:00
1784239200000,1.54335,1.54415,1.53589,1.53597,7650.80170738,2026-07-16 22:00:00+00:00
1784241000000,1.53711,1.53711,1.53201,1.53201,425.69881999,2026-07-16 22:30:00+00:00
1784242800000,1.532,1.53239,1.52456,1.52763,5594.4219832,2026-07-16 23:00:00+00:00
1784244600000,1.52675,1.52786,1.52559,1.52691,1569.97945,2026-07-16 23:30:00+00:00
1784246400000,1.52621,1.52923,1.52527,1.52691,1543.66266142,2026-07-17 00:00:00+00:00
1784248200000,1.52675,1.53325,1.52214,1.5331,6608.15160353,2026-07-17 00:30:00+00:00
1784250000000,1.53375,1.53697,1.53267,1.53357,2184.77923943,2026-07-17 01:00:00+00:00
1784251800000,1.53281,1.5343,1.52598,1.52866,1306.11897582,2026-07-17 01:30:00+00:00
1784253600000,1.52891,1.53272,1.5284,1.52988,3625.8494339,2026-07-17 02:00:00+00:00
1784255400000,1.52787,1.52891,1.52759,1.52759,625.03511725,2026-07-17 02:30:00+00:00
1784257200000,1.52887,1.5383,1.52788,1.53714,6914.87354,2026-07-17 03:00:00+00:00
1784259000000,1.53636,1.53636,1.53279,1.53279,673.89576946,2026-07-17 03:30:00+00:00
1784260800000,1.53423,1.53438,1.52882,1.52965,2110.68754515,2026-07-17 04:00:00+00:00
1784262600000,1.52924,1.53204,1.52896,1.53108,435.68314,2026-07-17 04:30:00+00:00
1784264400000,1.53125,1.53125,1.52812,1.52813,2832.08618354,2026-07-17 05:00:00+00:00
1784266200000,1.52599,1.52599,1.51848,1.51859,2130.14660339,2026-07-17 05:30:00+00:00
1784268000000,1.51682,1.52219,1.51682,1.52213,1167.92363648,2026-07-17 06:00:00+00:00
1784269800000,1.52598,1.52598,1.52457,1.5252,514.03314,2026-07-17 06:30:00+00:00
1784271600000,1.52606,1.52607,1.522,1.52203,867.4082,2026-07-17 07:00:00+00:00
1784273400000,1.522,1.52236,1.52089,1.52089,4349.73103683,2026-07-17 07:30:00+00:00
1784275200000,1.52005,1.52056,1.51939,1.52056,2966.33292268,2026-07-17 08:00:00+00:00
1784277000000,1.51768,1.5232,1.51683,1.5232,3722.66033246,2026-07-17 08:30:00+00:00
1784278800000,1.52447,1.52625,1.52447,1.52624,644.23445,2026-07-17 09:00:00+00:00
1784280600000,1.52538,1.52538,1.52308,1.52312,162.14012602,2026-07-17 09:30:00+00:00
1784282400000,1.52358,1.52386,1.52358,1.52386,777.72864844,2026-07-17 10:00:00+00:00
1784284200000,1.52468,1.52744,1.52435,1.52725,444.30644919,2026-07-17 10:30:00+00:00
1784286000000,1.52359,1.52359,1.52036,1.52263,1205.38820587,2026-07-17 11:00:00+00:00
1784287800000,1.52187,1.52317,1.52104,1.5216,2617.1888636,2026-07-17 11:30:00+00:00
1784289600000,1.52137,1.52152,1.51598,1.51613,1728.7058272,2026-07-17 12:00:00+00:00
1784291400000,1.515,1.51568,1.5119,1.51296,3668.44548508,2026-07-17 12:30:00+00:00
1784293200000,1.51295,1.51295,1.50339,1.50575,9051.39945933,2026-07-17 13:00:00+00:00
1784295000000,1.50423,1.51379,1.50002,1.51379,1297.84991,2026-07-17 13:30:00+00:00
1784296800000,1.51586,1.52192,1.51586,1.51982,5301.17591771,2026-07-17 14:00:00+00:00
1784298600000,1.51737,1.52296,1.51703,1.51729,2238.69537,2026-07-17 14:30:00+00:00
1784300400000,1.51406,1.51437,1.50704,1.51095,3886.81682507,2026-07-17 15:00:00+00:00
1784302200000,1.51034,1.51883,1.50863,1.51864,7731.01552266,2026-07-17 15:30:00+00:00
1784304000000,1.51864,1.52114,1.51752,1.52114,8014.1919114,2026-07-17 16:00:00+00:00
1784305800000,1.51978,1.52696,1.51978,1.52387,2163.4264651,2026-07-17 16:30:00+00:00
1784307600000,1.52396,1.53445,1.52396,1.53236,4123.94541594,2026-07-17 17:00:00+00:00
1784309400000,1.53277,1.53285,1.53138,1.53139,10562.91382774,2026-07-17 17:30:00+00:00
1784311200000,1.53138,1.53232,1.52735,1.52849,3811.81744186,2026-07-17 18:00:00+00:00
1784313000000,1.52911,1.53338,1.52689,1.53263,1865.71623518,2026-07-17 18:30:00+00:00
1784314800000,1.52912,1.52953,1.52459,1.5253,1825.77975094,2026-07-17 19:00:00+00:00
1784316600000,1.52826,1.53201,1.52826,1.53187,1047.09648636,2026-07-17 19:30:00+00:00
1784318400000,1.52766,1.52803,1.5253,1.52599,4389.83662685,2026-07-17 20:00:00+00:00
1784320200000,1.52621,1.52813,1.52403,1.52732,1779.8471,2026-07-17 20:30:00+00:00
1784322000000,1.52763,1.53042,1.52763,1.53012,1374.90924151,2026-07-17 21:00:00+00:00
1784323800000,1.53063,1.53063,1.52788,1.52788,398.1383695,2026-07-17 21:30:00+00:00
1784325600000,1.52773,1.52942,1.52654,1.52673,4467.48796736,2026-07-17 22:00:00+00:00
1784327400000,1.52618,1.52808,1.52586,1.52808,1283.18416,2026-07-17 22:30:00+00:00
1784329200000,1.52665,1.52946,1.52568,1.52946,1719.03889,2026-07-17 23:00:00+00:00
1784331000000,1.53012,1.53022,1.52831,1.52868,1874.70995273,2026-07-17 23:30:00+00:00
1784332800000,1.5286,1.53178,1.5286,1.53089,3531.24029,2026-07-18 00:00:00+00:00
1784334600000,1.52958,1.53089,1.52946,1.52973,1402.3657,2026-07-18 00:30:00+00:00
1784336400000,1.52846,1.52988,1.52509,1.52977,12515.48105678,2026-07-18 01:00:00+00:00
1784338200000,1.52768,1.5288,1.52753,1.5288,374.68049,2026-07-18 01:30:00+00:00
1784340000000,1.52838,1.53303,1.52838,1.53172,1216.15497878,2026-07-18 02:00:00+00:00
1784341800000,1.53175,1.53193,1.53113,1.53132,3255.7106252,2026-07-18 02:30:00+00:00
1784343600000,1.53129,1.53242,1.5298,1.52991,2036.57241699,2026-07-18 03:00:00+00:00
1784345400000,1.52984,1.53044,1.5292,1.53044,1238.0314175,2026-07-18 03:30:00+00:00
1784347200000,1.53055,1.53055,1.52883,1.52908,1549.92102456,2026-07-18 04:00:00+00:00
1784349000000,1.5299,1.5299,1.52815,1.52818,4826.88252064,2026-07-18 04:30:00+00:00
1784350800000,1.5278,1.52915,1.52569,1.52915,229.49636956,2026-07-18 05:00:00+00:00
1784352600000,1.52919,1.52981,1.52682,1.52682,658.27878292,2026-07-18 05:30:00+00:00
1784354400000,1.52729,1.52737,1.52729,1.52737,26.21556,2026-07-18 06:00:00+00:00
1784356200000,1.52914,1.52975,1.52914,1.52975,281.33562,2026-07-18 06:30:00+00:00
1784358000000,1.52821,1.53058,1.52821,1.53058,147.42594879,2026-07-18 07:00:00+00:00
1784359800000,1.53058,1.53058,1.53058,1.53058,0.0,2026-07-18 07:30:00+00:00
1784361600000,1.52968,1.53214,1.52827,1.53206,726.09335257,2026-07-18 08:00:00+00:00
1784363400000,1.52942,1.53063,1.52931,1.53063,566.20883,2026-07-18 08:30:00+00:00
1784365200000,1.52699,1.52699,1.52699,1.52699,387.85591,2026-07-18 09:00:00+00:00
1784367000000,1.52389,1.52389,1.52299,1.5238,84.19689,2026-07-18 09:30:00+00:00
1784368800000,1.52538,1.52689,1.52538,1.52689,38.8026,2026-07-18 10:00:00+00:00
1784370600000,1.52573,1.52708,1.52573,1.52708,73.56885859,2026-07-18 10:30:00+00:00
1784372400000,1.52664,1.5277,1.52664,1.5277,353.23517,2026-07-18 11:00:00+00:00
1784374200000,1.52917,1.52917,1.52761,1.52908,1662.80385124,2026-07-18 11:30:00+00:00
1784376000000,1.52955,1.53079,1.52673,1.52673,2910.55503178,2026-07-18 12:00:00+00:00
1784377800000,1.52687,1.53006,1.52687,1.53006,619.63279,2026-07-18 12:30:00+00:00
1784379600000,1.52931,1.52931,1.52274,1.52409,16033.35147524,2026-07-18 13:00:00+00:00
1784381400000,1.52386,1.52611,1.52378,1.52608,3504.96478227,2026-07-18 13:30:00+00:00
1784383200000,1.52533,1.52811,1.5241,1.52811,1223.11033946,2026-07-18 14:00:00+00:00
1784385000000,1.52754,1.52956,1.5274,1.52882,1722.07651283,2026-07-18 14:30:00+00:00
1784386800000,1.529,1.52953,1.5266,1.5266,3170.16686317,2026-07-18 15:00:00+00:00
1784388600000,1.52777,1.52777,1.526,1.52671,5385.08663854,2026-07-18 15:30:00+00:00
1784390400000,1.52665,1.52805,1.52658,1.5273,875.87297317,2026-07-18 16:00:00+00:00
1784392200000,1.52783,1.5313,1.52763,1.5313,2015.76741854,2026-07-18 16:30:00+00:00
1784394000000,1.52953,1.53015,1.52728,1.52837,2536.68233995,2026-07-18 17:00:00+00:00
1784395800000,1.5348,1.5366,1.53412,1.53655,409.91866938,2026-07-18 17:30:00+00:00
1784397600000,1.53557,1.53798,1.53347,1.53738,16843.43905294,2026-07-18 18:00:00+00:00
1784399400000,1.53346,1.53346,1.53131,1.53288,1887.16254,2026-07-18 18:30:00+00:00
1784401200000,1.53259,1.53441,1.53259,1.53342,1689.65393147,2026-07-18 19:00:00+00:00
1784403000000,1.53551,1.53723,1.53532,1.53633,1869.44764,2026-07-18 19:30:00+00:00
1784404800000,1.53497,1.53968,1.53486,1.53821,2409.94924,2026-07-18 20:00:00+00:00
1784406600000,1.53807,1.53821,1.53556,1.53556,6163.96820182,2026-07-18 20:30:00+00:00
1784408400000,1.53752,1.5421,1.53699,1.53987,1882.66854817,2026-07-18 21:00:00+00:00
1784410200000,1.53788,1.53824,1.5336,1.53756,1278.71029363,2026-07-18 21:30:00+00:00
1784412000000,1.53899,1.53911,1.5349,1.5349,1619.27934,2026-07-18 22:00:00+00:00
1784413800000,1.53469,1.53688,1.53428,1.53626,486.79717321,2026-07-18 22:30:00+00:00
1784415600000,1.53638,1.53638,1.53389,1.53527,1027.25466,2026-07-18 23:00:00+00:00
1784417400000,1.53519,1.53617,1.53458,1.53577,900.36400903,2026-07-18 23:30:00+00:00
1784419200000,1.53617,1.53617,1.53502,1.53502,133.53128626,2026-07-19 00:00:00+00:00
1784421000000,1.53497,1.53717,1.53349,1.53717,4828.57938,2026-07-19 00:30:00+00:00
1784422800000,1.5377,1.53784,1.53598,1.53654,737.82843,2026-07-19 01:00:00+00:00
1784424600000,1.53649,1.53731,1.53559,1.53559,1071.23404232,2026-07-19 01:30:00+00:00
1784426400000,1.54447,1.54447,1.53866,1.53945,1246.08028178,2026-07-19 02:00:00+00:00
1784428200000,1.54361,1.54447,1.54086,1.54086,835.31918161,2026-07-19 02:30:00+00:00
1784430000000,1.53939,1.54035,1.53534,1.53534,3027.72276713,2026-07-19 03:00:00+00:00
1784431800000,1.53604,1.53668,1.53546,1.53546,1533.97628166,2026-07-19 03:30:00+00:00
1784433600000,1.53561,1.53577,1.535,1.53568,2391.30897,2026-07-19 04:00:00+00:00
1784435400000,1.5363,1.54,1.5363,1.53724,434.87857,2026-07-19 04:30:00+00:00
1784437200000,1.53838,1.53839,1.53799,1.53799,32.49537,2026-07-19 05:00:00+00:00
1784439000000,1.53736,1.53819,1.53736,1.53819,157.85266,2026-07-19 05:30:00+00:00
1784440800000,1.53901,1.54117,1.53901,1.53936,1679.05266663,2026-07-19 06:00:00+00:00
1784442600000,1.53874,1.53912,1.53874,1.53912,2292.93090163,2026-07-19 06:30:00+00:00
1784444400000,1.53887,1.53933,1.53887,1.53933,541.36143,2026-07-19 07:00:00+00:00
1784446200000,1.53875,1.53879,1.53777,1.53859,1360.25468,2026-07-19 07:30:00+00:00
1784448000000,1.53757,1.53757,1.53757,1.53757,24.40921,2026-07-19 08:00:00+00:00
1784449800000,1.53893,1.53894,1.53883,1.53894,46.04108,2026-07-19 08:30:00+00:00
1784451600000,1.54189,1.54189,1.53749,1.53749,981.5404464,2026-07-19 09:00:00+00:00
1784453400000,1.53619,1.53619,1.53618,1.53618,166.80978,2026-07-19 09:30:00+00:00
1784455200000,1.53712,1.53712,1.53712,1.53712,31.73354,2026-07-19 10:00:00+00:00
1784457000000,1.54145,1.54225,1.53985,1.53985,989.61799185,2026-07-19 10:30:00+00:00
1784458800000,1.54055,1.54295,1.54055,1.54289,1319.83293698,2026-07-19 11:00:00+00:00
1784460600000,1.53931,1.54091,1.53931,1.54091,639.47932,2026-07-19 11:30:00+00:00
1784462400000,1.53997,1.53997,1.53373,1.53608,883.92278538,2026-07-19 12:00:00+00:00
1784464200000,1.53751,1.5386,1.53751,1.53761,154.03092,2026-07-19 12:30:00+00:00
1784466000000,1.5376,1.5376,1.53249,1.53496,5307.74253689,2026-07-19 13:00:00+00:00
1784467800000,1.53612,1.53718,1.53606,1.53718,189.92284,2026-07-19 13:30:00+00:00
1784469600000,1.53778,1.53778,1.53425,1.53425,68.21451,2026-07-19 14:00:00+00:00
1784471400000,1.53596,1.54586,1.53596,1.54202,2104.41181721,2026-07-19 14:30:00+00:00
1784473200000,1.54383,1.54383,1.54027,1.54196,3034.69858,2026-07-19 15:00:00+00:00
1784475000000,1.54065,1.54279,1.54056,1.54119,2461.68169,2026-07-19 15:30:00+00:00
1784476800000,1.54135,1.54135,1.53666,1.53952,1177.88676619,2026-07-19 16:00:00+00:00
1784478600000,1.53765,1.53844,1.53717,1.53717,818.05668116,2026-07-19 16:30:00+00:00
1784480400000,1.53237,1.53888,1.53056,1.53733,3569.96038195,2026-07-19 17:00:00+00:00
1784482200000,1.53729,1.53969,1.53669,1.53724,2051.58214,2026-07-19 17:30:00+00:00
1784484000000,1.5363,1.5363,1.53125,1.53268,4326.36083838,2026-07-19 18:00:00+00:00
1784485800000,1.53068,1.53457,1.53058,1.53304,2323.78326435,2026-07-19 18:30:00+00:00
1784487600000,1.5349,1.53527,1.53447,1.53527,290.89707,2026-07-19 19:00:00+00:00
1784489400000,1.5344,1.53611,1.53402,1.53585,2532.176992,2026-07-19 19:30:00+00:00
1784491200000,1.54035,1.54163,1.5387,1.5387,7179.41878241,2026-07-19 20:00:00+00:00
1784493000000,1.5408,1.54092,1.53908,1.53908,669.7879,2026-07-19 20:30:00+00:00
1784494800000,1.54002,1.54002,1.53518,1.53518,1774.87741043,2026-07-19 21:00:00+00:00
1784496600000,1.53605,1.53605,1.53112,1.5335,3210.13835897,2026-07-19 21:30:00+00:00
1784498400000,1.53456,1.5422,1.53456,1.5408,252.27701,2026-07-19 22:00:00+00:00
1784500200000,1.54002,1.54265,1.53944,1.53993,458.4974,2026-07-19 22:30:00+00:00
1784502000000,1.53681,1.53874,1.53604,1.53874,1049.93643649,2026-07-19 23:00:00+00:00
1784503800000,1.53904,1.54091,1.53806,1.53871,907.56379469,2026-07-19 23:30:00+00:00
1784505600000,1.5388,1.54974,1.53767,1.54154,1741.22567771,2026-07-20 00:00:00+00:00
1784507400000,1.5433,1.54405,1.53631,1.53631,1857.14596999,2026-07-20 00:30:00+00:00
1784509200000,1.54136,1.55406,1.54136,1.5431,1188.29247484,2026-07-20 01:00:00+00:00
1784511000000,1.5427,1.54296,1.53372,1.53747,1400.9157075,2026-07-20 01:30:00+00:00
1784512800000,1.54346,1.54465,1.54174,1.54174,266.21136999,2026-07-20 02:00:00+00:00
1784514600000,1.53977,1.54558,1.53977,1.54514,766.63572378,2026-07-20 02:30:00+00:00
1784516400000,1.54335,1.54366,1.53773,1.53791,576.54075,2026-07-20 03:00:00+00:00
1784518200000,1.53786,1.54364,1.53786,1.54041,5351.04282202,2026-07-20 03:30:00+00:00
1784520000000,1.5418,1.5418,1.53443,1.53769,5294.74394165,2026-07-20 04:00:00+00:00
1784521800000,1.53902,1.53947,1.53652,1.5371,1635.81566,2026-07-20 04:30:00+00:00
1784523600000,1.53341,1.53348,1.5256,1.52873,1834.92437595,2026-07-20 05:00:00+00:00
1784525400000,1.5277,1.52841,1.52519,1.52531,1348.91551,2026-07-20 05:30:00+00:00
1784527200000,1.52396,1.52719,1.52384,1.52708,1047.71982,2026-07-20 06:00:00+00:00
1784529000000,1.52312,1.52312,1.51956,1.52195,3842.16361318,2026-07-20 06:30:00+00:00
1784530800000,1.52195,1.52474,1.51999,1.52474,881.82534113,2026-07-20 07:00:00+00:00
1784532600000,1.52629,1.52629,1.52604,1.52604,15.17865999,2026-07-20 07:30:00+00:00
1784534400000,1.52937,1.52975,1.52937,1.52975,1094.9214,2026-07-20 08:00:00+00:00
1784536200000,1.52628,1.52651,1.52628,1.52651,645.463,2026-07-20 08:30:00+00:00
1784538000000,1.52656,1.52656,1.52656,1.52656,7.66778,2026-07-20 09:00:00+00:00
1784539800000,1.53013,1.53242,1.53013,1.53242,771.97389956,2026-07-20 09:30:00+00:00
1784541600000,1.53075,1.53383,1.53075,1.53324,2295.69328303,2026-07-20 10:00:00+00:00
1784543400000,1.534,1.53463,1.53314,1.53463,27.53141591,2026-07-20 10:30:00+00:00
1784545200000,1.53463,1.53463,1.53463,1.53463,0.0,2026-07-20 11:00:00+00:00
1784547000000,1.53486,1.55117,1.53486,1.55117,2081.00250821,2026-07-20 11:30:00+00:00
1784548800000,1.55065,1.55065,1.54528,1.54542,2037.3378998,2026-07-20 12:00:00+00:00
1784550600000,1.54591,1.54591,1.54404,1.54404,44.02709733,2026-07-20 12:30:00+00:00
1784552400000,1.54564,1.54657,1.5412,1.54136,1109.17844316,2026-07-20 13:00:00+00:00
1784554200000,1.54477,1.54485,1.53194,1.53194,4591.91893144,2026-07-20 13:30:00+00:00
1784556000000,1.53342,1.53496,1.52835,1.53496,1395.30999943,2026-07-20 14:00:00+00:00
1784557800000,1.53604,1.5361,1.53257,1.5356,4672.56837,2026-07-20 14:30:00+00:00
1784559600000,1.53704,1.55529,1.53704,1.55312,3809.40127758,2026-07-20 15:00:00+00:00
1784561400000,1.55409,1.56513,1.55267,1.56362,5012.70095062,2026-07-20 15:30:00+00:00
1784563200000,1.5634,1.566,1.56234,1.56252,3285.89571,2026-07-20 16:00:00+00:00
1784565000000,1.56185,1.56601,1.56185,1.56541,4734.35555526,2026-07-20 16:30:00+00:00
1784566800000,1.56715,1.56725,1.56191,1.56191,11052.55423478,2026-07-20 17:00:00+00:00
1784568600000,1.56304,1.56883,1.56304,1.56883,1040.72174467,2026-07-20 17:30:00+00:00
1784570400000,1.56825,1.57514,1.56825,1.57506,9430.22350503,2026-07-20 18:00:00+00:00
1784572200000,1.57097,1.57097,1.56743,1.56743,461.63816115,2026-07-20 18:30:00+00:00
1784574000000,1.56688,1.57071,1.56235,1.57071,23507.73431463,2026-07-20 19:00:00+00:00
1784575800000,1.56941,1.57371,1.56872,1.57099,3233.26473022,2026-07-20 19:30:00+00:00
1784577600000,1.56635,1.56981,1.56563,1.56563,11459.52477,2026-07-20 20:00:00+00:00
1784579400000,1.56873,1.57196,1.56718,1.56934,4384.21594618,2026-07-20 20:30:00+00:00
1784581200000,1.56902,1.57478,1.56844,1.57478,3068.396,2026-07-20 21:00:00+00:00
1784583000000,1.57407,1.57608,1.57254,1.57258,2087.18812266,2026-07-20 21:30:00+00:00
1784584800000,1.56533,1.56875,1.5637,1.56487,4918.53029958,2026-07-20 22:00:00+00:00
1784586600000,1.56414,1.56427,1.56143,1.56238,4237.97896589,2026-07-20 22:30:00+00:00
1784588400000,1.564,1.56781,1.56371,1.56781,2124.96759,2026-07-20 23:00:00+00:00
1784590200000,1.5683,1.56901,1.56707,1.56709,697.14674,2026-07-20 23:30:00+00:00
1784592000000,1.56614,1.56968,1.56562,1.56927,13359.91168596,2026-07-21 00:00:00+00:00
1784593800000,1.5705,1.57377,1.5705,1.57264,4657.3127766,2026-07-21 00:30:00+00:00
1784595600000,1.5734,1.57816,1.5707,1.57355,3603.26760432,2026-07-21 01:00:00+00:00
1784597400000,1.57141,1.57317,1.56849,1.56873,1516.11254,2026-07-21 01:30:00+00:00
1784599200000,1.57044,1.57088,1.56763,1.56763,7228.72404058,2026-07-21 02:00:00+00:00
1784601000000,1.57101,1.5787,1.57009,1.57747,2024.0570911,2026-07-21 02:30:00+00:00
1784602800000,1.5837,1.58567,1.57982,1.58319,4296.62268359,2026-07-21 03:00:00+00:00
1784604600000,1.58183,1.58466,1.58183,1.58314,2142.16844047,2026-07-21 03:30:00+00:00
1784606400000,1.58627,1.5865,1.58069,1.58115,25640.67916611,2026-07-21 04:00:00+00:00
1784608200000,1.57997,1.58641,1.57997,1.58641,3991.41506856,2026-07-21 04:30:00+00:00
1784610000000,1.58992,1.60127,1.58992,1.59397,3370.81404719,2026-07-21 05:00:00+00:00
1784611800000,1.59006,1.59313,1.59006,1.59211,78.62116999,2026-07-21 05:30:00+00:00
1784613600000,1.59403,1.5967,1.59327,1.5966,689.29524719,2026-07-21 06:00:00+00:00
1784615400000,1.5978,1.59873,1.59657,1.59657,36.62347,2026-07-21 06:30:00+00:00
1784617200000,1.59513,1.59727,1.5935,1.59365,831.97951024,2026-07-21 07:00:00+00:00
1784619000000,1.59348,1.59848,1.59348,1.59848,1116.387,2026-07-21 07:30:00+00:00
1784620800000,1.59822,1.59823,1.5945,1.59701,1305.17948235,2026-07-21 08:00:00+00:00
1784622600000,1.59547,1.59556,1.59547,1.59556,15.13811,2026-07-21 08:30:00+00:00
1784624400000,1.59556,1.59556,1.59556,1.59556,0.0,2026-07-21 09:00:00+00:00
1784626200000,1.59649,1.59732,1.59649,1.59732,153.89427,2026-07-21 09:30:00+00:00
1784628000000,1.59372,1.59372,1.59366,1.59366,8.21417197,2026-07-21 10:00:00+00:00
1784629800000,1.59207,1.59221,1.59026,1.59026,301.20877524,2026-07-21 10:30:00+00:00
1784631600000,1.59148,1.59194,1.58949,1.59194,1285.56914,2026-07-21 11:00:00+00:00
1784633400000,1.59237,1.6001,1.59237,1.6001,5546.94523253,2026-07-21 11:30:00+00:00
1784635200000,1.59886,1.6031,1.59717,1.6031,2398.93912028,2026-07-21 12:00:00+00:00
1784637000000,1.60351,1.60691,1.60212,1.60691,4191.70623031,2026-07-21 12:30:00+00:00
1784638800000,1.60773,1.61467,1.60721,1.61019,47660.77256385,2026-07-21 13:00:00+00:00
1784640600000,1.60713,1.60928,1.60417,1.60928,5458.45658371,2026-07-21 13:30:00+00:00
1784642400000,1.60928,1.6161,1.60677,1.61139,13106.7831189,2026-07-21 14:00:00+00:00
1784644200000,1.61406,1.62344,1.6139,1.62,10494.99145324,2026-07-21 14:30:00+00:00
1784646000000,1.61998,1.62564,1.61962,1.62294,29501.92048624,2026-07-21 15:00:00+00:00
1784647800000,1.62104,1.63014,1.61653,1.62831,28533.97007881,2026-07-21 15:30:00+00:00
1784649600000,1.62847,1.63344,1.62363,1.62363,14569.8436526,2026-07-21 16:00:00+00:00
1784651400000,1.62521,1.62524,1.62035,1.6237,7547.8824288,2026-07-21 16:30:00+00:00
1784653200000,1.62314,1.62449,1.62043,1.62449,3169.89194593,2026-07-21 17:00:00+00:00
1784655000000,1.62696,1.63903,1.62696,1.632,11834.46390202,2026-07-21 17:30:00+00:00
1784656800000,1.6308,1.6428,1.6308,1.63252,6935.66164077,2026-07-21 18:00:00+00:00
1784658600000,1.63393,1.63429,1.6305,1.63429,4024.64549806,2026-07-21 18:30:00+00:00
1784660400000,1.63413,1.63889,1.63413,1.63888,6980.22425,2026-07-21 19:00:00+00:00
1784662200000,1.64176,1.64296,1.62989,1.63022,4484.31893762,2026-07-21 19:30:00+00:00
1784664000000,1.63181,1.63221,1.62223,1.62223,17712.55395771,2026-07-21 20:00:00+00:00
1784665800000,1.62344,1.62344,1.621,1.6211,1968.04229,2026-07-21 20:30:00+00:00
1784667600000,1.62026,1.62026,1.61762,1.6194,1851.06699999,2026-07-21 21:00:00+00:00
1784669400000,1.61939,1.61982,1.61777,1.61889,2392.41539516,2026-07-21 21:30:00+00:00
1784671200000,1.61634,1.61634,1.60796,1.61174,25506.66921563,2026-07-21 22:00:00+00:00
1784673000000,1.61306,1.61367,1.61059,1.61181,23047.69850349,2026-07-21 22:30:00+00:00
1784674800000,1.61154,1.61163,1.6066,1.6066,7778.83376054,2026-07-21 23:00:00+00:00
1784676600000,1.60755,1.61411,1.60755,1.61297,9188.39322406,2026-07-21 23:30:00+00:00
1784678400000,1.61367,1.6183,1.61207,1.6169,9915.76334013,2026-07-22 00:00:00+00:00
1784680200000,1.61663,1.61744,1.61543,1.61744,3717.73276182,2026-07-22 00:30:00+00:00
1784682000000,1.61581,1.61694,1.61196,1.61397,10240.57736654,2026-07-22 01:00:00+00:00
1784683800000,1.61531,1.61592,1.61326,1.61326,989.1255,2026-07-22 01:30:00+00:00
1784685600000,1.61446,1.61665,1.61296,1.61653,246.82935908,2026-07-22 02:00:00+00:00
1784687400000,1.61525,1.61538,1.61024,1.61024,2160.66161981,2026-07-22 02:30:00+00:00
1784689200000,1.61043,1.61044,1.60597,1.61,3957.53542002,2026-07-22 03:00:00+00:00
1784691000000,1.60998,1.61,1.60998,1.61,918.08582808,2026-07-22 03:30:00+00:00
1784692800000,1.60684,1.61,1.60658,1.60997,1213.61341087,2026-07-22 04:00:00+00:00
1784694600000,1.61,1.61133,1.60977,1.61075,3111.9121156,2026-07-22 04:30:00+00:00
1784696400000,1.61,1.61,1.60089,1.60089,1958.04921819,2026-07-22 05:00:00+00:00
1784698200000,1.60039,1.60211,1.6,1.6,448.799415,2026-07-22 05:30:00+00:00
1784700000000,1.6,1.6,1.59477,1.5959,6361.37982999,2026-07-22 06:00:00+00:00
1784701800000,1.5975,1.5975,1.59702,1.59702,1204.35524856,2026-07-22 06:30:00+00:00
1784703600000,1.59685,1.59692,1.59685,1.59692,621.63256,2026-07-22 07:00:00+00:00
1784705400000,1.59394,1.59435,1.59287,1.59435,1580.50282155,2026-07-22 07:30:00+00:00
1784707200000,1.6,1.6,1.6,1.6,1190.37838861,2026-07-22 08:00:00+00:00
1784709000000,1.60127,1.60128,1.60127,1.60128,31.22519315,2026-07-22 08:30:00+00:00
1784710800000,1.60072,1.60073,1.60072,1.60073,67.23674,2026-07-22 09:00:00+00:00
1784712600000,1.59954,1.60045,1.59954,1.60045,172.97087696,2026-07-22 09:30:00+00:00
1784714400000,1.60113,1.60149,1.60113,1.60149,53.35442,2026-07-22 10:00:00+00:00
1784716200000,1.60422,1.60448,1.60397,1.60448,56.2160971,2026-07-22 10:30:00+00:00
1784718000000,1.60578,1.60755,1.60426,1.60713,1335.10445,2026-07-22 11:00:00+00:00
1784719800000,1.60761,1.60785,1.60494,1.60507,1264.20297984,2026-07-22 11:30:00+00:00
1784721600000,1.6057,1.6057,1.5991,1.59976,3119.9790514,2026-07-22 12:00:00+00:00
1784723400000,1.60242,1.60242,1.59813,1.60189,1882.21118439,2026-07-22 12:30:00+00:00
1784725200000,1.60049,1.60199,1.60044,1.60049,977.5007,2026-07-22 13:00:00+00:00
1784727000000,1.60101,1.61159,1.60101,1.61159,5782.66711,2026-07-22 13:30:00+00:00
1784728800000,1.61064,1.61702,1.60518,1.60684,2235.87965286,2026-07-22 14:00:00+00:00
1784730600000,1.60824,1.60893,1.60394,1.60737,1595.71833,2026-07-22 14:30:00+00:00
1784732400000,1.61547,1.62878,1.61456,1.62688,4493.6697131,2026-07-22 15:00:00+00:00
1784734200000,1.62845,1.62885,1.62225,1.62234,4460.13161031,2026-07-22 15:30:00+00:00
1784736000000,1.6226,1.62366,1.61704,1.61846,4656.68494013,2026-07-22 16:00:00+00:00
1784737800000,1.62398,1.63042,1.62396,1.62665,6230.39266082,2026-07-22 16:30:00+00:00
1784739600000,1.62642,1.62643,1.61539,1.61565,4938.14660521,2026-07-22 17:00:00+00:00
1784741400000,1.62245,1.62245,1.62245,1.62245,2.3924,2026-07-22 17:30:00+00:00
1784743200000,1.61804,1.61889,1.61207,1.61207,5080.98368036,2026-07-22 18:00:00+00:00
1784745000000,1.60886,1.61051,1.6062,1.60893,1258.648753,2026-07-22 18:30:00+00:00
1784746800000,1.61043,1.61044,1.60311,1.60557,3567.85001986,2026-07-22 19:00:00+00:00
1784748600000,1.60621,1.60767,1.60395,1.60445,2397.06125472,2026-07-22 19:30:00+00:00
1784750400000,1.60491,1.60507,1.59967,1.60295,5415.82190581,2026-07-22 20:00:00+00:00
1784752200000,1.60289,1.60499,1.60289,1.60485,6307.67706622,2026-07-22 20:30:00+00:00
1784754000000,1.60428,1.6065,1.60412,1.60602,1156.54372981,2026-07-22 21:00:00+00:00
1784755800000,1.60675,1.61012,1.60675,1.61005,2268.40370359,2026-07-22 21:30:00+00:00
1784757600000,1.61369,1.61369,1.60728,1.61009,3335.44986324,2026-07-22 22:00:00+00:00
1784759400000,1.60984,1.61088,1.60552,1.61088,3861.82555779,2026-07-22 22:30:00+00:00
1784761200000,1.61025,1.61025,1.6028,1.6055,2218.73423029,2026-07-22 23:00:00+00:00
1784763000000,1.60657,1.61074,1.60657,1.61074,1209.16916493,2026-07-22 23:30:00+00:00
1784764800000,1.61027,1.61334,1.60858,1.61295,1459.45909071,2026-07-23 00:00:00+00:00
1784766600000,1.61061,1.61163,1.60848,1.60848,5201.58093,2026-07-23 00:30:00+00:00
1784768400000,1.60842,1.60842,1.6061,1.60687,879.63314244,2026-07-23 01:00:00+00:00
1784770200000,1.60624,1.60626,1.60369,1.60553,2425.24291403,2026-07-23 01:30:00+00:00
1784772000000,1.6032,1.60388,1.59836,1.59876,15567.41548569,2026-07-23 02:00:00+00:00
1784773800000,1.59881,1.60298,1.59867,1.60252,2133.77913,2026-07-23 02:30:00+00:00
1784775600000,1.602,1.602,1.59608,1.59784,801.82333868,2026-07-23 03:00:00+00:00
1784777400000,1.59879,1.5988,1.5954,1.59621,2820.62401279,2026-07-23 03:30:00+00:00
1784779200000,1.59639,1.59892,1.59511,1.59892,1141.113131,2026-07-23 04:00:00+00:00
1784781000000,1.5998,1.60022,1.59819,1.59908,376.27637064,2026-07-23 04:30:00+00:00
1784782800000,1.59933,1.59988,1.59705,1.59705,267.47840524,2026-07-23 05:00:00+00:00
1784784600000,1.60013,1.60225,1.59719,1.59731,1943.33625342,2026-07-23 05:30:00+00:00
1784786400000,1.596,1.59732,1.596,1.59732,1491.89907721,2026-07-23 06:00:00+00:00
1784788200000,1.60024,1.60024,1.60024,1.60024,37.9845,2026-07-23 06:30:00+00:00
1784790000000,1.59895,1.59895,1.59209,1.59209,181.11832126,2026-07-23 07:00:00+00:00
1784791800000,1.59616,1.59695,1.59508,1.59695,225.36575,2026-07-23 07:30:00+00:00
1784793600000,1.59881,1.59993,1.59779,1.59779,359.88573,2026-07-23 08:00:00+00:00
1784795400000,1.59779,1.59779,1.59779,1.59779,0.0,2026-07-23 08:30:00+00:00
1784797200000,1.60006,1.60096,1.60006,1.60096,1456.7735,2026-07-23 09:00:00+00:00
1784799000000,1.6007,1.6007,1.5979,1.5979,300.53008588,2026-07-23 09:30:00+00:00
1784800800000,1.59721,1.60031,1.59721,1.60031,205.70299381,2026-07-23 10:00:00+00:00
1784802600000,1.60046,1.6017,1.59885,1.59885,921.54715,2026-07-23 10:30:00+00:00
1784804400000,1.5981,1.60017,1.59678,1.59678,517.60266552,2026-07-23 11:00:00+00:00
1784806200000,1.59672,1.59679,1.59469,1.59496,432.10570864,2026-07-23 11:30:00+00:00
1784808000000,1.59496,1.59545,1.59493,1.59493,165.93341684,2026-07-23 12:00:00+00:00
1784809800000,1.5916,1.5916,1.58,1.58232,24438.85536966,2026-07-23 12:30:00+00:00
1784811600000,1.5785,1.5785,1.56593,1.56595,27399.98513639,2026-07-23 13:00:00+00:00
1784813400000,1.56934,1.57206,1.56618,1.567,7191.94476838,2026-07-23 13:30:00+00:00
1784815200000,1.567,1.57079,1.567,1.56965,2598.21108731,2026-07-23 14:00:00+00:00
1784817000000,1.56847,1.57181,1.56197,1.56197,1636.52297211,2026-07-23 14:30:00+00:00
1784818800000,1.56319,1.56319,1.55695,1.56235,3874.47507289,2026-07-23 15:00:00+00:00
1784820600000,1.56135,1.5695,1.56125,1.5694,1924.48532963,2026-07-23 15:30:00+00:00
1784822400000,1.5682,1.5682,1.562,1.56457,6708.46360807,2026-07-23 16:00:00+00:00
1784824200000,1.56474,1.56494,1.56001,1.56119,2168.22884003,2026-07-23 16:30:00+00:00
1784826000000,1.56043,1.56195,1.55928,1.56195,3490.58987,2026-07-23 17:00:00+00:00
1784827800000,1.56241,1.56241,1.55112,1.55259,8076.29062295,2026-07-23 17:30:00+00:00
1784829600000,1.55407,1.5573,1.55407,1.55725,400.40028811,2026-07-23 18:00:00+00:00
1784831400000,1.55737,1.55737,1.5538,1.55496,2706.56461788,2026-07-23 18:30:00+00:00
1784833200000,1.55635,1.55754,1.55495,1.55754,976.55062951,2026-07-23 19:00:00+00:00
1784835000000,1.55801,1.5585,1.55354,1.55583,2115.10777153,2026-07-23 19:30:00+00:00
1784836800000,1.55699,1.56856,1.55646,1.56856,828.02120691,2026-07-23 20:00:00+00:00
1784838600000,1.56711,1.56816,1.56585,1.56585,1340.21548641,2026-07-23 20:30:00+00:00
1784840400000,1.57055,1.5707,1.56455,1.56572,1278.1302018,2026-07-23 21:00:00+00:00
1784842200000,1.56619,1.56619,1.56144,1.56512,9012.09688344,2026-07-23 21:30:00+00:00
1784844000000,1.56636,1.5669,1.5622,1.56669,7278.30438,2026-07-23 22:00:00+00:00
1784845800000,1.56818,1.56853,1.56594,1.56784,1815.91991,2026-07-23 22:30:00+00:00
1784847600000,1.56732,1.56732,1.56509,1.56531,944.03630511,2026-07-23 23:00:00+00:00
1784849400000,1.56448,1.56448,1.56093,1.56197,3659.0559388,2026-07-23 23:30:00+00:00
1784851200000,1.56101,1.56102,1.55789,1.55905,1980.95605942,2026-07-24 00:00:00+00:00
1784853000000,1.55836,1.55957,1.55676,1.55954,2916.34216782,2026-07-24 00:30:00+00:00
1784854800000,1.56201,1.56201,1.56048,1.56154,1639.23692,2026-07-24 01:00:00+00:00
1784856600000,1.56303,1.56358,1.56171,1.56194,1558.22299,2026-07-24 01:30:00+00:00
1784858400000,1.5629,1.56291,1.55876,1.55876,910.71697014,2026-07-24 02:00:00+00:00
1784860200000,1.55778,1.56027,1.55766,1.5577,1654.78058161,2026-07-24 02:30:00+00:00
1784862000000,1.56255,1.56532,1.56255,1.56476,3081.94247115,2026-07-24 03:00:00+00:00
1784863800000,1.56419,1.56643,1.56404,1.56558,521.75890699,2026-07-24 03:30:00+00:00
1784865600000,1.56369,1.56369,1.56087,1.56292,629.13462812,2026-07-24 04:00:00+00:00
1784867400000,1.56082,1.56165,1.56024,1.56033,5471.96366,2026-07-24 04:30:00+00:00
1784869200000,1.55999,1.56205,1.55999,1.56204,432.65197,2026-07-24 05:00:00+00:00
1784871000000,1.56163,1.56365,1.56163,1.56365,1787.06092104,2026-07-24 05:30:00+00:00
1784872800000,1.56351,1.56382,1.56351,1.56382,744.88607,2026-07-24 06:00:00+00:00
1784874600000,1.56943,1.56958,1.56943,1.56958,62.01172,2026-07-24 06:30:00+00:00
1784876400000,1.57261,1.57771,1.57261,1.57611,372.10799,2026-07-24 07:00:00+00:00
1784878200000,1.57215,1.57215,1.56757,1.5676,267.69053258,2026-07-24 07:30:00+00:00
1784880000000,1.56868,1.56897,1.5662,1.5662,117.66047187,2026-07-24 08:00:00+00:00
1784881800000,1.56776,1.56783,1.5668,1.5668,833.05078,2026-07-24 08:30:00+00:00
1784883600000,1.56561,1.5657,1.56299,1.56299,322.08094,2026-07-24 09:00:00+00:00
1784885400000,1.56383,1.56386,1.56174,1.5623,356.03544959,2026-07-24 09:30:00+00:00
1784887200000,1.5615,1.56152,1.55682,1.55771,567.95536951,2026-07-24 10:00:00+00:00
1784889000000,1.5575,1.55819,1.55729,1.55819,529.01731529,2026-07-24 10:30:00+00:00
1784890800000,1.55882,1.55897,1.55617,1.55618,1444.17917437,2026-07-24 11:00:00+00:00
1784892600000,1.55616,1.55667,1.55317,1.55501,3802.52838281,2026-07-24 11:30:00+00:00
1784894400000,1.55473,1.55758,1.55348,1.55669,609.3209555,2026-07-24 12:00:00+00:00
1784896200000,1.55681,1.55692,1.55142,1.55142,1024.5812957,2026-07-24 12:30:00+00:00
1784898000000,1.55136,1.55139,1.5444,1.54804,44108.5536138,2026-07-24 13:00:00+00:00
1784899800000,1.5451,1.5451,1.5372,1.53909,3071.37802238,2026-07-24 13:30:00+00:00
1784901600000,1.54097,1.54097,1.53401,1.53401,1750.74195431,2026-07-24 14:00:00+00:00
1784903400000,1.53331,1.53745,1.53271,1.53745,1883.55314154,2026-07-24 14:30:00+00:00
1784905200000,1.53695,1.53994,1.53606,1.53896,4109.41504567,2026-07-24 15:00:00+00:00
1784907000000,1.53696,1.54058,1.53445,1.53687,3131.175128,2026-07-24 15:30:00+00:00
1784908800000,1.53784,1.53784,1.53423,1.53674,1901.70168746,2026-07-24 16:00:00+00:00
1784910600000,1.53596,1.53596,1.5304,1.5309,1593.03978634,2026-07-24 16:30:00+00:00
1784912400000,1.5313,1.53478,1.53057,1.53478,2885.00515412,2026-07-24 17:00:00+00:00
1784914200000,1.53611,1.5371,1.53402,1.5349,3399.22737685,2026-07-24 17:30:00+00:00
1784916000000,1.53531,1.53542,1.53267,1.53334,2088.0451827,2026-07-24 18:00:00+00:00
1784917800000,1.53193,1.53242,1.53016,1.53202,3388.94390456,2026-07-24 18:30:00+00:00
1784919600000,1.53228,1.53284,1.53087,1.53239,4764.96213954,2026-07-24 19:00:00+00:00
1784921400000,1.53509,1.53772,1.53447,1.53652,890.8322081,2026-07-24 19:30:00+00:00
1784923200000,1.53687,1.53991,1.53618,1.53991,5224.1586464,2026-07-24 20:00:00+00:00
1784925000000,1.5394,1.5394,1.53593,1.53692,3267.93018647,2026-07-24 20:30:00+00:00
1784926800000,1.53784,1.53858,1.53493,1.53688,3117.59164756,2026-07-24 21:00:00+00:00
1784928600000,1.53844,1.53928,1.53612,1.53612,2136.84906794,2026-07-24 21:30:00+00:00
1784930400000,1.53504,1.53885,1.53504,1.5387,2670.64888115,2026-07-24 22:00:00+00:00
1784932200000,1.53981,1.54113,1.53932,1.54067,2513.61599,2026-07-24 22:30:00+00:00
1784934000000,1.54076,1.54246,1.5389,1.53979,2716.56714178,2026-07-24 23:00:00+00:00
1784935800000,1.5405,1.54063,1.5393,1.54033,1520.50095614,2026-07-24 23:30:00+00:00
1784937600000,1.54008,1.54232,1.54008,1.54191,6670.48211503,2026-07-25 00:00:00+00:00
1784939400000,1.5425,1.54332,1.54131,1.54253,1355.55377767,2026-07-25 00:30:00+00:00
1784941200000,1.54505,1.54505,1.5413,1.54212,2674.62704042,2026-07-25 01:00:00+00:00
1784943000000,1.54136,1.54263,1.54136,1.54196,68.5714515,2026-07-25 01:30:00+00:00
1784944800000,1.54218,1.54344,1.54085,1.54344,881.77203029,2026-07-25 02:00:00+00:00
1784946600000,1.54274,1.54459,1.54177,1.54222,2631.48098792,2026-07-25 02:30:00+00:00
1784948400000,1.54264,1.54411,1.54264,1.5433,3825.09212031,2026-07-25 03:00:00+00:00
1784950200000,1.54311,1.54333,1.54138,1.54138,858.05601574,2026-07-25 03:30:00+00:00
1784952000000,1.54138,1.54203,1.54024,1.54149,1725.5892145,2026-07-25 04:00:00+00:00
1784953800000,1.54135,1.54417,1.54041,1.54347,2055.02774,2026-07-25 04:30:00+00:00
1784955600000,1.54363,1.54363,1.54081,1.54081,555.28309358,2026-07-25 05:00:00+00:00
1784957400000,1.54048,1.5407,1.54,1.5407,360.47158042,2026-07-25 05:30:00+00:00
1784959200000,1.54079,1.54181,1.53887,1.53887,471.90040146,2026-07-25 06:00:00+00:00
1784961000000,1.53796,1.53828,1.53519,1.5376,2220.3331801,2026-07-25 06:30:00+00:00
1784962800000,1.53597,1.53627,1.53326,1.53326,2481.007086,2026-07-25 07:00:00+00:00
1784964600000,1.5349,1.53584,1.53474,1.53474,753.8392,2026-07-25 07:30:00+00:00
1784966400000,1.53525,1.53564,1.53242,1.5355,2159.3841087,2026-07-25 08:00:00+00:00
1784968200000,1.53511,1.53522,1.53398,1.53398,39.01268,2026-07-25 08:30:00+00:00
1784970000000,1.53349,1.53574,1.53349,1.53574,417.51181,2026-07-25 09:00:00+00:00
1784971800000,1.53574,1.53574,1.53574,1.53574,0.0,2026-07-25 09:30:00+00:00
1784973600000,1.53565,1.53774,1.53557,1.53774,113.01227708,2026-07-25 10:00:00+00:00
1784975400000,1.53776,1.53933,1.53772,1.53933,615.83672,2026-07-25 10:30:00+00:00
1784977200000,1.53966,1.54053,1.53916,1.53965,61.71910262,2026-07-25 11:00:00+00:00
1784979000000,1.53982,1.53982,1.53669,1.53783,1553.3124005,2026-07-25 11:30:00+00:00
1784980800000,1.53805,1.53845,1.53717,1.5383,410.61063889,2026-07-25 12:00:00+00:00
1784982600000,1.53905,1.53975,1.53781,1.53871,2313.40048822,2026-07-25 12:30:00+00:00
1784984400000,1.53966,1.54151,1.53948,1.54027,602.40594174,2026-07-25 13:00:00+00:00
1784986200000,1.54061,1.54168,1.54027,1.5403,1043.33601262,2026-07-25 13:30:00+00:00
1784988000000,1.54089,1.54089,1.53964,1.54046,813.14528468,2026-07-25 14:00:00+00:00
1784989800000,1.54163,1.54357,1.54163,1.54335,2034.18504,2026-07-25 14:30:00+00:00
1784991600000,1.5433,1.54804,1.5433,1.54804,3753.5035942,2026-07-25 15:00:00+00:00
1784993400000,1.54765,1.55273,1.54677,1.55012,7350.61171406,2026-07-25 15:30:00+00:00
1784995200000,1.55076,1.55203,1.55051,1.55126,340.60202671,2026-07-25 16:00:00+00:00
1784997000000,1.55003,1.55727,1.54988,1.55507,1101.79387218,2026-07-25 16:30:00+00:00
1784998800000,1.55688,1.55744,1.55432,1.55744,3560.17889131,2026-07-25 17:00:00+00:00
1785000600000,1.55755,1.56334,1.55755,1.55874,2303.42632057,2026-07-25 17:30:00+00:00
1785002400000,1.55928,1.55928,1.55517,1.55691,1044.11786499,2026-07-25 18:00:00+00:00
1785004200000,1.55707,1.55815,1.55613,1.55655,3270.63303945,2026-07-25 18:30:00+00:00
1785006000000,1.5564,1.55698,1.55212,1.55212,2600.31637538,2026-07-25 19:00:00+00:00
1785007800000,1.5515,1.55373,1.55137,1.55193,2862.79379,2026-07-25 19:30:00+00:00
1785009600000,1.55265,1.55377,1.55137,1.55377,8152.47488752,2026-07-25 20:00:00+00:00
1785011400000,1.55321,1.55321,1.54982,1.55056,465.14577763,2026-07-25 20:30:00+00:00
1785013200000,1.55075,1.55075,1.54949,1.55038,293.93894862,2026-07-25 21:00:00+00:00
1785015000000,1.55085,1.55321,1.55085,1.55321,328.13691004,2026-07-25 21:30:00+00:00
1785016800000,1.55317,1.55325,1.55092,1.55325,1016.13181,2026-07-25 22:00:00+00:00
1785018600000,1.55142,1.55424,1.55127,1.55424,5237.03116566,2026-07-25 22:30:00+00:00
1785020400000,1.55376,1.55417,1.54928,1.54928,5804.28474827,2026-07-25 23:00:00+00:00
1785022200000,1.55054,1.55059,1.54815,1.54927,3676.04395352,2026-07-25 23:30:00+00:00
1785024000000,1.54906,1.55225,1.54891,1.55225,3010.05731,2026-07-26 00:00:00+00:00
1785025800000,1.55293,1.55293,1.55041,1.55088,586.24587,2026-07-26 00:30:00+00:00
1785027600000,1.55216,1.55307,1.5514,1.55252,946.64019,2026-07-26 01:00:00+00:00
1785029400000,1.55282,1.55399,1.55199,1.55251,4158.62602272,2026-07-26 01:30:00+00:00
1785031200000,1.55213,1.55305,1.55055,1.55205,797.09821167,2026-07-26 02:00:00+00:00
1785033000000,1.55184,1.55394,1.5504,1.55394,583.58013273,2026-07-26 02:30:00+00:00
1785034800000,1.55447,1.55456,1.5523,1.55356,2262.12451,2026-07-26 03:00:00+00:00
1785036600000,1.55252,1.55537,1.55237,1.55436,1955.74782,2026-07-26 03:30:00+00:00
1785038400000,1.55335,1.55742,1.55162,1.55742,3843.10682917,2026-07-26 04:00:00+00:00
1785040200000,1.55625,1.55779,1.55612,1.55767,2124.12464,2026-07-26 04:30:00+00:00
1785042000000,1.5551,1.5551,1.55273,1.55337,2747.791119,2026-07-26 05:00:00+00:00
1785043800000,1.55166,1.55441,1.55166,1.55237,1967.41165,2026-07-26 05:30:00+00:00
1785045600000,1.55224,1.55224,1.54935,1.54968,2353.6553058,2026-07-26 06:00:00+00:00
1785047400000,1.55286,1.55309,1.55286,1.55309,45.55389,2026-07-26 06:30:00+00:00
1785049200000,1.55309,1.55309,1.55309,1.55309,0.0,2026-07-26 07:00:00+00:00
1785051000000,1.55309,1.55309,1.55309,1.55309,0.0,2026-07-26 07:30:00+00:00
1785052800000,1.55309,1.55309,1.55309,1.55309,0.0,2026-07-26 08:00:00+00:00
1785054600000,1.55157,1.55157,1.55043,1.55043,235.4187863,2026-07-26 08:30:00+00:00
1785056400000,1.5518,1.5535,1.55088,1.55288,3212.16574,2026-07-26 09:00:00+00:00
1785058200000,1.55267,1.55284,1.55267,1.55284,199.1735335,2026-07-26 09:30:00+00:00
1785060000000,1.55108,1.55247,1.55093,1.55247,88.5675535,2026-07-26 10:00:00+00:00
1785061800000,1.55383,1.5546,1.55314,1.5546,125.62220283,2026-07-26 10:30:00+00:00
1785063600000,1.5534,1.5542,1.55317,1.55319,432.6660108,2026-07-26 11:00:00+00:00
1785065400000,1.5533,1.55366,1.5533,1.55366,9.57223283,2026-07-26 11:30:00+00:00
1785067200000,1.55349,1.55362,1.55284,1.55342,281.84716,2026-07-26 12:00:00+00:00
1785069000000,1.55209,1.55273,1.55001,1.55001,919.53985235,2026-07-26 12:30:00+00:00
1785070800000,1.54869,1.54975,1.54761,1.54935,5667.44658216,2026-07-26 13:00:00+00:00
1785072600000,1.54803,1.54922,1.54803,1.54919,195.79066129,2026-07-26 13:30:00+00:00
1785074400000,1.55206,1.55386,1.55028,1.55028,5694.83206994,2026-07-26 14:00:00+00:00
1785076200000,1.54928,1.55198,1.54837,1.55142,7468.2564274,2026-07-26 14:30:00+00:00
1785078000000,1.55192,1.55735,1.55192,1.5559,4059.20645406,2026-07-26 15:00:00+00:00
1785079800000,1.55577,1.55858,1.55577,1.55779,1218.64361921,2026-07-26 15:30:00+00:00
1785081600000,1.55739,1.5597,1.55671,1.5597,2672.32807757,2026-07-26 16:00:00+00:00
1785083400000,1.55868,1.55957,1.55626,1.5574,3287.36786838,2026-07-26 16:30:00+00:00
1785085200000,1.55647,1.55693,1.55396,1.55485,3198.5048541,2026-07-26 17:00:00+00:00
1785087000000,1.55499,1.55589,1.55452,1.55452,3277.06886755,2026-07-26 17:30:00+00:00
1785088800000,1.55544,1.556,1.55391,1.55391,5205.25663501,2026-07-26 18:00:00+00:00
1785090600000,1.55469,1.55657,1.5541,1.55576,733.79822061,2026-07-26 18:30:00+00:00
1785092400000,1.55565,1.55687,1.5538,1.556,810.27909,2026-07-26 19:00:00+00:00
1785094200000,1.55635,1.55776,1.55608,1.55608,1901.23014273,2026-07-26 19:30:00+00:00
1785096000000,1.55606,1.55606,1.55373,1.55504,2186.70511918,2026-07-26 20:00:00+00:00
1785097800000,1.55418,1.55418,1.55278,1.55278,2288.95760795,2026-07-26 20:30:00+00:00
1785099600000,1.55211,1.55216,1.55194,1.55216,674.99217,2026-07-26 21:00:00+00:00
1785101400000,1.55656,1.55787,1.55495,1.55686,317.96116,2026-07-26 21:30:00+00:00
1785103200000,1.56231,1.56712,1.5611,1.56528,1287.55023149,2026-07-26 22:00:00+00:00
1785105000000,1.56543,1.5698,1.56543,1.56846,4598.56228901,2026-07-26 22:30:00+00:00
1785106800000,1.56965,1.57186,1.5654,1.5654,2335.96085,2026-07-26 23:00:00+00:00
1785108600000,1.5645,1.56931,1.5644,1.56907,2587.26522706,2026-07-26 23:30:00+00:00
1785110400000,1.56805,1.56805,1.56166,1.5641,3877.21166617,2026-07-27 00:00:00+00:00
1785112200000,1.56151,1.56316,1.56123,1.56136,180.35915324,2026-07-27 00:30:00+00:00
1785114000000,1.56217,1.56343,1.55644,1.55644,2342.00304,2026-07-27 01:00:00+00:00
1785115800000,1.55621,1.55921,1.55249,1.55921,1505.70271005,2026-07-27 01:30:00+00:00
1785117600000,1.5589,1.55949,1.55842,1.55936,1407.786,2026-07-27 02:00:00+00:00
1785119400000,1.55715,1.55846,1.55698,1.55707,344.99532,2026-07-27 02:30:00+00:00
1785121200000,1.55746,1.55814,1.55655,1.55802,3677.80575446,2026-07-27 03:00:00+00:00
1785123000000,1.5569,1.55774,1.5569,1.55774,123.39198,2026-07-27 03:30:00+00:00
1785124800000,1.5601,1.56087,1.55806,1.56087,10451.21550926,2026-07-27 04:00:00+00:00
1785126600000,1.5595,1.56284,1.55928,1.55963,4760.17288435,2026-07-27 04:30:00+00:00
1785128400000,1.55848,1.56195,1.55848,1.56182,2765.90104626,2026-07-27 05:00:00+00:00
1785130200000,1.56183,1.56384,1.56106,1.56384,889.02765722,2026-07-27 05:30:00+00:00
1785132000000,1.56387,1.56941,1.56378,1.56877,7540.06685598,2026-07-27 06:00:00+00:00
1785133800000,1.56574,1.56729,1.56574,1.56655,3082.2370899,2026-07-27 06:30:00+00:00
1785135600000,1.56452,1.56624,1.56452,1.56607,286.03560223,2026-07-27 07:00:00+00:00
1785137400000,1.56207,1.56338,1.56207,1.56338,278.15862,2026-07-27 07:30:00+00:00
1785139200000,1.56209,1.5628,1.56209,1.5628,31.69773,2026-07-27 08:00:00+00:00
