ts,open,high,low,close,volume,datetime
1771262100000,1971.41,1977.04,1963.61,1976.32,255.8752723,2026-02-16 17:15:00+00:00
1771263000000,1975.99,1987.49,1975.99,1984.94,370.45087303,2026-02-16 17:30:00+00:00
1771263900000,1985.42,1985.42,1977.09,1978.29,139.90412123,2026-02-16 17:45:00+00:00
1771264800000,1978.32,1983.62,1978.32,1981.48,38.07370604,2026-02-16 18:00:00+00:00
1771265700000,1980.96,1985.0,1978.71,1978.72,86.08962102,2026-02-16 18:15:00+00:00
1771266600000,1978.16,1979.94,1973.32,1974.09,138.01053816,2026-02-16 18:30:00+00:00
1771267500000,1973.58,1975.68,1967.01,1967.85,115.80076268,2026-02-16 18:45:00+00:00
1771268400000,1967.86,1970.98,1966.28,1969.95,102.57512209,2026-02-16 19:00:00+00:00
1771269300000,1970.89,1973.2,1965.94,1971.73,51.59122108,2026-02-16 19:15:00+00:00
1771270200000,1971.16,1978.77,1970.87,1977.49,24.68490831,2026-02-16 19:30:00+00:00
1771271100000,1977.04,1978.42,1972.63,1973.46,38.77945955,2026-02-16 19:45:00+00:00
1771272000000,1973.39,1975.22,1970.45,1971.93,53.06243899,2026-02-16 20:00:00+00:00
1771272900000,1973.6,1981.1,1971.81,1980.38,82.63799011,2026-02-16 20:15:00+00:00
1771273800000,1981.53,1984.07,1978.66,1981.9,36.62311806,2026-02-16 20:30:00+00:00
1771274700000,1983.1,1993.68,1981.57,1992.67,383.11416818,2026-02-16 20:45:00+00:00
1771275600000,1992.5,1992.82,1987.28,1992.82,62.66024432,2026-02-16 21:00:00+00:00
1771276500000,1992.83,1993.7,1986.26,1986.66,59.67599992,2026-02-16 21:15:00+00:00
1771277400000,1987.3,1989.42,1985.8,1987.24,77.9976126,2026-02-16 21:30:00+00:00
1771278300000,1986.54,2003.8,1985.8,1999.23,2867.46550326,2026-02-16 21:45:00+00:00
1771279200000,1998.67,2001.6,1992.0,1992.38,635.31219261,2026-02-16 22:00:00+00:00
1771280100000,1992.58,1995.1,1989.82,1991.8,190.50694709,2026-02-16 22:15:00+00:00
1771281000000,1992.46,1994.85,1987.99,1990.46,103.43037092,2026-02-16 22:30:00+00:00
1771281900000,1990.4,1992.22,1984.64,1989.41,353.51447026,2026-02-16 22:45:00+00:00
1771282800000,1989.5,1996.55,1988.3,1995.53,225.95979159,2026-02-16 23:00:00+00:00
1771283700000,1995.56,1998.88,1993.19,1994.71,89.2499732,2026-02-16 23:15:00+00:00
1771284600000,1994.71,1996.7,1992.13,1993.8,27.43500865,2026-02-16 23:30:00+00:00
1771285500000,1995.2,2001.67,1995.2,1997.94,307.99656214,2026-02-16 23:45:00+00:00
1771286400000,1997.64,1998.27,1993.87,1997.44,20.1574736,2026-02-17 00:00:00+00:00
1771287300000,1997.84,2000.0,1992.91,1998.55,14.75398638,2026-02-17 00:15:00+00:00
1771288200000,1998.0,2000.87,1995.08,1997.27,47.16963166,2026-02-17 00:30:00+00:00
1771289100000,1997.12,2004.8,1996.89,1997.9,43.27405626,2026-02-17 00:45:00+00:00
1771290000000,1997.91,2001.21,1994.0,2000.01,87.73135168,2026-02-17 01:00:00+00:00
1771290900000,2000.96,2003.2,1997.98,2000.56,55.56144683,2026-02-17 01:15:00+00:00
1771291800000,2000.15,2006.87,1998.59,2002.0,52.69745423,2026-02-17 01:30:00+00:00
1771292700000,2001.72,2002.0,1990.79,1991.72,19.58985852,2026-02-17 01:45:00+00:00
1771293600000,1991.42,2009.73,1978.91,2003.54,307.21987105,2026-02-17 02:00:00+00:00
1771294500000,2003.33,2006.11,2001.51,2002.88,75.3204027,2026-02-17 02:15:00+00:00
1771295400000,2004.06,2004.23,1998.66,2001.51,63.15031618,2026-02-17 02:30:00+00:00
1771296300000,2001.47,2004.0,1997.91,1997.96,11.75113035,2026-02-17 02:45:00+00:00
1771297200000,1997.82,1998.07,1989.66,1990.53,48.46296595,2026-02-17 03:00:00+00:00
1771298100000,1991.02,1994.06,1987.15,1989.8,35.5615607,2026-02-17 03:15:00+00:00
1771299000000,1989.55,1989.67,1984.92,1987.88,65.13884135,2026-02-17 03:30:00+00:00
1771299900000,1988.28,1990.08,1984.65,1984.93,83.27838238,2026-02-17 03:45:00+00:00
1771300800000,1985.0,1988.67,1982.77,1985.91,22.96515146,2026-02-17 04:00:00+00:00
1771301700000,1985.92,1998.37,1983.36,1992.84,156.98240113,2026-02-17 04:15:00+00:00
1771302600000,1992.37,1992.37,1982.5,1987.67,23.43030542,2026-02-17 04:30:00+00:00
1771303500000,1987.67,1989.77,1986.74,1988.62,74.24067119,2026-02-17 04:45:00+00:00
1771304400000,1988.63,1989.75,1983.07,1983.07,30.4499128,2026-02-17 05:00:00+00:00
1771305300000,1983.54,1983.81,1969.93,1973.09,166.63886531,2026-02-17 05:15:00+00:00
1771306200000,1972.97,1974.2,1964.38,1972.68,49.63592881,2026-02-17 05:30:00+00:00
1771307100000,1972.72,1975.41,1971.77,1974.0,49.38294333,2026-02-17 05:45:00+00:00
1771308000000,1974.0,1980.32,1974.0,1977.57,79.96382924,2026-02-17 06:00:00+00:00
1771308900000,1977.98,1983.33,1977.0,1981.87,100.75351354,2026-02-17 06:15:00+00:00
1771309800000,1982.27,1982.37,1979.71,1980.67,30.59938256,2026-02-17 06:30:00+00:00
1771310700000,1981.27,1982.23,1978.99,1980.65,16.36956811,2026-02-17 06:45:00+00:00
1771311600000,1980.31,1980.31,1974.47,1976.29,87.9908236,2026-02-17 07:00:00+00:00
1771312500000,1975.35,1977.22,1973.03,1973.57,8.15523104,2026-02-17 07:15:00+00:00
1771313400000,1974.37,1982.81,1973.09,1982.03,25.03014361,2026-02-17 07:30:00+00:00
1771314300000,1981.23,1987.41,1980.05,1985.01,94.49269079,2026-02-17 07:45:00+00:00
1771315200000,1985.01,1989.72,1985.0,1987.75,30.91141789,2026-02-17 08:00:00+00:00
1771316100000,1985.78,1987.04,1983.01,1983.11,50.58699591,2026-02-17 08:15:00+00:00
1771317000000,1983.14,1984.99,1973.3,1978.0,261.23440836,2026-02-17 08:30:00+00:00
1771317900000,1977.8,1977.97,1974.07,1976.07,43.85554342,2026-02-17 08:45:00+00:00
1771318800000,1976.12,1979.26,1969.25,1971.8,18.39830134,2026-02-17 09:00:00+00:00
1771319700000,1971.67,1973.44,1970.96,1972.64,32.59931377,2026-02-17 09:15:00+00:00
1771320600000,1972.47,1974.11,1970.01,1972.69,85.15119803,2026-02-17 09:30:00+00:00
1771321500000,1972.69,1976.32,1972.69,1974.6,201.21621151,2026-02-17 09:45:00+00:00
1771322400000,1974.6,1976.1,1971.43,1971.44,117.93973368,2026-02-17 10:00:00+00:00
1771323300000,1972.33,1972.33,1963.35,1965.91,55.50302676,2026-02-17 10:15:00+00:00
1771324200000,1965.37,1967.58,1962.56,1963.04,20.56629247,2026-02-17 10:30:00+00:00
1771325100000,1962.68,1965.94,1961.25,1965.94,97.84672176,2026-02-17 10:45:00+00:00
1771326000000,1965.94,1970.19,1963.72,1969.97,139.99308405,2026-02-17 11:00:00+00:00
1771326900000,1970.19,1971.64,1964.79,1969.44,121.78236813,2026-02-17 11:15:00+00:00
1771327800000,1969.44,1970.58,1965.3,1965.67,74.31323532,2026-02-17 11:30:00+00:00
1771328700000,1965.31,1969.0,1964.79,1967.42,43.09448948,2026-02-17 11:45:00+00:00
1771329600000,1967.78,1975.64,1966.99,1972.35,218.17664182,2026-02-17 12:00:00+00:00
1771330500000,1972.14,1972.95,1969.77,1972.07,24.71940724,2026-02-17 12:15:00+00:00
1771331400000,1971.81,1976.07,1969.08,1973.35,43.05552287,2026-02-17 12:30:00+00:00
1771332300000,1974.12,1974.12,1966.69,1968.45,165.35275538,2026-02-17 12:45:00+00:00
1771333200000,1968.56,1983.58,1964.49,1979.28,174.92251058,2026-02-17 13:00:00+00:00
1771334100000,1979.3,1988.19,1976.39,1982.89,596.33525951,2026-02-17 13:15:00+00:00
1771335000000,1983.27,1984.89,1980.74,1982.52,104.43928623,2026-02-17 13:30:00+00:00
1771335900000,1982.33,2000.0,1980.58,1990.0,248.03019586,2026-02-17 13:45:00+00:00
1771336800000,1989.6,2002.0,1988.5,1993.82,688.45404688,2026-02-17 14:00:00+00:00
1771337700000,1993.36,1994.07,1987.26,1988.08,151.94454712,2026-02-17 14:15:00+00:00
1771338600000,1987.5,1995.64,1954.27,1960.68,482.15998712,2026-02-17 14:30:00+00:00
1771339500000,1960.29,1961.84,1943.42,1947.54,880.47338941,2026-02-17 14:45:00+00:00
1771340400000,1948.06,1962.47,1946.37,1954.2,436.4708324,2026-02-17 15:00:00+00:00
1771341300000,1952.23,1965.95,1946.03,1949.03,409.25993702,2026-02-17 15:15:00+00:00
1771342200000,1950.44,1953.21,1941.24,1952.41,352.28496964,2026-02-17 15:30:00+00:00
1771343100000,1953.83,1967.99,1953.61,1967.96,352.04378845,2026-02-17 15:45:00+00:00
1771344000000,1968.32,1994.82,1967.49,1987.49,956.40930623,2026-02-17 16:00:00+00:00
1771344900000,1987.18,1993.46,1982.0,1982.64,316.35204435,2026-02-17 16:15:00+00:00
1771345800000,1983.69,2008.9,1981.37,1991.97,1080.22594163,2026-02-17 16:30:00+00:00
1771346700000,1992.23,1992.23,1979.27,1979.64,188.12114039,2026-02-17 16:45:00+00:00
1771347600000,1979.76,1982.47,1958.87,1964.87,744.20597161,2026-02-17 17:00:00+00:00
1771348500000,1964.74,1972.79,1963.16,1972.79,103.90914393,2026-02-17 17:15:00+00:00
1771349400000,1973.47,1973.98,1959.31,1959.32,243.29940676,2026-02-17 17:30:00+00:00
1771350300000,1959.41,1965.8,1953.53,1965.8,245.89589862,2026-02-17 17:45:00+00:00
1771351200000,1965.64,1968.0,1961.61,1968.0,46.30331121,2026-02-17 18:00:00+00:00
1771352100000,1967.33,1990.41,1963.77,1988.29,663.3958375,2026-02-17 18:15:00+00:00
1771353000000,1988.84,2006.43,1987.13,2000.54,724.43549019,2026-02-17 18:30:00+00:00
1771353900000,2000.53,2003.91,1994.91,1998.44,552.80019585,2026-02-17 18:45:00+00:00
1771354800000,1997.82,2012.99,1996.51,2012.48,328.58313174,2026-02-17 19:00:00+00:00
1771355700000,2012.99,2014.02,1999.04,2000.82,212.45696347,2026-02-17 19:15:00+00:00
1771356600000,2000.53,2003.71,1994.61,2003.65,369.63593979,2026-02-17 19:30:00+00:00
1771357500000,2003.44,2008.7,1996.73,1997.31,198.34838852,2026-02-17 19:45:00+00:00
1771358400000,1997.38,2000.7,1991.03,1992.86,332.0814862,2026-02-17 20:00:00+00:00
1771359300000,1992.86,1996.1,1988.36,1995.36,855.84216493,2026-02-17 20:15:00+00:00
1771360200000,1994.66,2000.41,1986.15,1998.55,183.36699823,2026-02-17 20:30:00+00:00
1771361100000,1998.52,1998.8,1993.91,1995.05,204.44331719,2026-02-17 20:45:00+00:00
1771362000000,1994.37,2000.72,1992.0,1999.78,37.29966809,2026-02-17 21:00:00+00:00
1771362900000,2000.13,2001.84,1992.64,1994.7,45.24024162,2026-02-17 21:15:00+00:00
1771363800000,1994.77,1996.73,1992.74,1995.45,54.388242,2026-02-17 21:30:00+00:00
1771364700000,1995.25,1999.65,1994.62,1999.1,43.86548438,2026-02-17 21:45:00+00:00
1771365600000,1999.09,1999.92,1995.73,1999.75,20.23463614,2026-02-17 22:00:00+00:00
1771366500000,1999.86,2001.5,1997.0,1999.85,59.92745044,2026-02-17 22:15:00+00:00
1771367400000,2000.53,2003.0,1997.57,1999.26,43.37939402,2026-02-17 22:30:00+00:00
1771368300000,1998.5,2000.02,1992.06,1993.21,41.55097649,2026-02-17 22:45:00+00:00
1771369200000,1993.19,1995.15,1989.08,1991.16,63.03941955,2026-02-17 23:00:00+00:00
1771370100000,1991.88,1997.16,1991.24,1992.2,56.77995469,2026-02-17 23:15:00+00:00
1771371000000,1991.72,1994.52,1990.31,1993.51,49.67915119,2026-02-17 23:30:00+00:00
1771371900000,1994.45,1994.74,1989.82,1991.84,101.30997721,2026-02-17 23:45:00+00:00
1771372800000,1991.2,1996.02,1991.0,1995.55,33.05256275,2026-02-18 00:00:00+00:00
1771373700000,1994.9,1996.61,1988.74,1990.98,40.74294583,2026-02-18 00:15:00+00:00
1771374600000,1991.05,1995.75,1990.71,1992.01,34.44694983,2026-02-18 00:30:00+00:00
1771375500000,1991.45,1991.45,1980.5,1980.5,320.33318703,2026-02-18 00:45:00+00:00
1771376400000,1980.91,1982.95,1970.69,1973.7,341.35000428,2026-02-18 01:00:00+00:00
1771377300000,1973.32,1978.22,1973.24,1973.98,67.00449613,2026-02-18 01:15:00+00:00
1771378200000,1973.36,1977.39,1967.94,1977.39,260.97812501,2026-02-18 01:30:00+00:00
1771379100000,1977.38,1978.62,1974.26,1977.2,146.5471903,2026-02-18 01:45:00+00:00
1771380000000,1977.2,1988.96,1977.11,1984.64,879.39948275,2026-02-18 02:00:00+00:00
1771380900000,1984.72,1985.84,1982.42,1982.91,89.14486205,2026-02-18 02:15:00+00:00
1771381800000,1982.9,1991.99,1982.29,1990.19,46.88640758,2026-02-18 02:30:00+00:00
1771382700000,1990.19,1990.32,1986.51,1986.7,49.5797812,2026-02-18 02:45:00+00:00
1771383600000,1986.75,1989.68,1985.86,1988.1,29.77703913,2026-02-18 03:00:00+00:00
1771384500000,1988.39,1994.01,1988.18,1993.37,70.68298083,2026-02-18 03:15:00+00:00
1771385400000,1993.37,1998.59,1992.6,1996.92,49.04955916,2026-02-18 03:30:00+00:00
1771386300000,1996.94,1999.38,1995.82,1996.45,201.00151807,2026-02-18 03:45:00+00:00
1771387200000,1996.15,2001.52,1993.35,1996.55,22.9378289,2026-02-18 04:00:00+00:00
1771388100000,1996.8,1999.5,1995.07,1996.0,11.24215597,2026-02-18 04:15:00+00:00
1771389000000,1995.92,1997.27,1993.44,1993.44,6.82979539,2026-02-18 04:30:00+00:00
1771389900000,1993.45,1999.5,1992.81,1998.33,24.96000874,2026-02-18 04:45:00+00:00
1771390800000,1998.33,1999.65,1996.14,1997.86,20.28891237,2026-02-18 05:00:00+00:00
1771391700000,1998.36,2001.75,1996.85,1997.01,122.05315727,2026-02-18 05:15:00+00:00
1771392600000,1997.31,1999.62,1995.27,1997.97,14.93255428,2026-02-18 05:30:00+00:00
1771393500000,1997.95,2000.23,1995.27,1995.48,22.59779846,2026-02-18 05:45:00+00:00
1771394400000,1995.48,1999.5,1994.81,1999.1,15.72295232,2026-02-18 06:00:00+00:00
1771395300000,1998.95,2005.78,1997.98,2004.29,27.76054896,2026-02-18 06:15:00+00:00
1771396200000,2004.47,2005.1,2001.63,2004.19,171.03263255,2026-02-18 06:30:00+00:00
1771397100000,2004.17,2006.78,2001.18,2001.18,36.79788937,2026-02-18 06:45:00+00:00
1771398000000,2001.19,2004.06,1999.32,1999.32,11.88575867,2026-02-18 07:00:00+00:00
1771398900000,1998.94,1999.82,1995.86,1998.89,14.66861455,2026-02-18 07:15:00+00:00
1771399800000,1998.9,2013.65,1998.27,2011.58,114.64325578,2026-02-18 07:30:00+00:00
1771400700000,2011.0,2022.23,2009.94,2017.27,342.30652511,2026-02-18 07:45:00+00:00
1771401600000,2017.44,2021.55,2016.59,2017.98,143.9429016,2026-02-18 08:00:00+00:00
1771402500000,2019.04,2038.21,2019.04,2029.22,268.29258047,2026-02-18 08:15:00+00:00
1771403400000,2029.59,2029.91,2020.73,2022.02,52.13910156,2026-02-18 08:30:00+00:00
1771404300000,2022.42,2023.69,2019.0,2019.61,94.10918069,2026-02-18 08:45:00+00:00
1771405200000,2019.68,2020.26,2016.74,2019.04,38.74569593,2026-02-18 09:00:00+00:00
1771406100000,2018.75,2020.0,2018.0,2018.89,36.70065697,2026-02-18 09:15:00+00:00
1771407000000,2019.1,2021.61,2017.96,2021.35,68.4339059,2026-02-18 09:30:00+00:00
1771407900000,2020.54,2021.16,2015.38,2015.6,25.04116308,2026-02-18 09:45:00+00:00
1771408800000,2015.97,2017.33,2013.48,2016.08,224.33337195,2026-02-18 10:00:00+00:00
1771409700000,2015.93,2015.93,2009.22,2011.56,31.01670723,2026-02-18 10:15:00+00:00
1771410600000,2011.33,2011.33,1998.22,1999.27,346.43257202,2026-02-18 10:30:00+00:00
1771411500000,1998.44,2000.17,1995.18,1996.2,116.5730891,2026-02-18 10:45:00+00:00
1771412400000,1996.2,1997.21,1976.24,1984.65,159.20467685,2026-02-18 11:00:00+00:00
1771413300000,1984.55,1985.23,1979.78,1982.51,92.55111204,2026-02-18 11:15:00+00:00
1771414200000,1982.39,1986.0,1980.9,1984.47,41.48645563,2026-02-18 11:30:00+00:00
1771415100000,1984.52,1988.1,1980.72,1981.36,146.05419914,2026-02-18 11:45:00+00:00
1771416000000,1981.01,1988.49,1979.04,1983.25,144.96956971,2026-02-18 12:00:00+00:00
1771416900000,1984.24,1985.77,1977.44,1981.17,134.59657713,2026-02-18 12:15:00+00:00
1771417800000,1981.16,1983.42,1971.66,1983.42,224.38492451,2026-02-18 12:30:00+00:00
1771418700000,1983.35,1985.55,1981.57,1981.57,27.61535421,2026-02-18 12:45:00+00:00
1771419600000,1981.66,1987.99,1980.0,1986.09,128.42534014,2026-02-18 13:00:00+00:00
1771420500000,1986.86,1990.88,1983.72,1985.5,55.74658545,2026-02-18 13:15:00+00:00
1771421400000,1985.5,1987.45,1973.21,1975.36,100.91181263,2026-02-18 13:30:00+00:00
1771422300000,1975.4,1975.6,1961.0,1969.9,224.26048584,2026-02-18 13:45:00+00:00
1771423200000,1969.93,1973.31,1968.74,1971.54,63.69156113,2026-02-18 14:00:00+00:00
1771424100000,1971.53,1971.53,1965.6,1965.69,252.90430581,2026-02-18 14:15:00+00:00
1771425000000,1965.0,1976.49,1963.34,1968.77,305.46144215,2026-02-18 14:30:00+00:00
1771425900000,1968.22,1974.71,1953.42,1973.43,668.96288826,2026-02-18 14:45:00+00:00
1771426800000,1974.34,1993.28,1972.66,1983.49,1158.44236182,2026-02-18 15:00:00+00:00
1771427700000,1983.99,1989.55,1980.0,1981.52,122.26893404,2026-02-18 15:15:00+00:00
1771428600000,1981.58,2009.0,1978.87,2001.04,558.82235306,2026-02-18 15:30:00+00:00
1771429500000,2001.26,2001.4,1981.98,1985.17,126.51364416,2026-02-18 15:45:00+00:00
1771430400000,1984.91,1984.91,1964.83,1967.27,475.41046475,2026-02-18 16:00:00+00:00
1771431300000,1967.16,1977.51,1965.33,1974.61,200.29405491,2026-02-18 16:15:00+00:00
1771432200000,1975.63,1977.65,1967.82,1972.98,253.50584096,2026-02-18 16:30:00+00:00
1771433100000,1972.98,1974.57,1967.21,1971.0,98.0069827,2026-02-18 16:45:00+00:00
1771434000000,1970.94,1986.59,1970.02,1975.56,61.87483964,2026-02-18 17:00:00+00:00
1771434900000,1975.33,1978.03,1970.91,1974.18,292.05241262,2026-02-18 17:15:00+00:00
1771435800000,1974.24,1979.26,1973.94,1974.33,28.33947971,2026-02-18 17:30:00+00:00
1771436700000,1975.16,1976.03,1971.23,1973.19,96.61924944,2026-02-18 17:45:00+00:00
1771437600000,1973.54,1976.76,1970.52,1972.19,180.78694803,2026-02-18 18:00:00+00:00
1771438500000,1971.98,1972.37,1955.85,1966.7,608.063052,2026-02-18 18:15:00+00:00
1771439400000,1966.85,1970.96,1949.38,1951.52,985.69685726,2026-02-18 18:30:00+00:00
1771440300000,1951.72,1959.83,1948.0,1952.0,894.42110264,2026-02-18 18:45:00+00:00
1771441200000,1951.57,1960.38,1950.0,1954.74,594.97629506,2026-02-18 19:00:00+00:00
1771442100000,1954.01,1956.51,1943.62,1950.44,765.21725003,2026-02-18 19:15:00+00:00
1771443000000,1950.93,1952.38,1922.94,1935.21,1089.13171288,2026-02-18 19:30:00+00:00
1771443900000,1934.8,1941.52,1930.1,1940.4,479.06828585,2026-02-18 19:45:00+00:00
1771444800000,1940.4,1943.17,1936.11,1937.89,128.9724976,2026-02-18 20:00:00+00:00
1771445700000,1938.46,1943.16,1935.16,1940.17,157.93487995,2026-02-18 20:15:00+00:00
1771446600000,1939.97,1951.46,1939.61,1949.58,221.5104806,2026-02-18 20:30:00+00:00
1771447500000,1948.95,1951.45,1938.57,1938.85,403.23001618,2026-02-18 20:45:00+00:00
1771448400000,1938.85,1942.21,1935.08,1942.18,152.88844954,2026-02-18 21:00:00+00:00
1771449300000,1941.58,1947.02,1941.58,1946.37,252.99108758,2026-02-18 21:15:00+00:00
1771450200000,1946.21,1947.15,1942.71,1945.34,49.97105241,2026-02-18 21:30:00+00:00
1771451100000,1944.6,1945.19,1938.89,1941.04,39.1989001,2026-02-18 21:45:00+00:00
1771452000000,1941.04,1945.04,1939.07,1940.09,94.61388994,2026-02-18 22:00:00+00:00
1771452900000,1940.16,1943.71,1939.28,1940.86,27.91327179,2026-02-18 22:15:00+00:00
1771453800000,1940.86,1947.52,1940.86,1945.55,224.51615641,2026-02-18 22:30:00+00:00
1771454700000,1945.55,1949.36,1945.55,1947.21,67.12248265,2026-02-18 22:45:00+00:00
1771455600000,1947.41,1949.79,1943.94,1946.06,51.01643516,2026-02-18 23:00:00+00:00
1771456500000,1946.93,1948.5,1944.32,1947.56,234.95092507,2026-02-18 23:15:00+00:00
1771457400000,1947.67,1954.43,1947.67,1953.09,39.88752262,2026-02-18 23:30:00+00:00
1771458300000,1952.99,1955.45,1952.58,1955.31,175.73072845,2026-02-18 23:45:00+00:00
1771459200000,1955.29,1957.9,1952.11,1953.64,156.50898468,2026-02-19 00:00:00+00:00
1771460100000,1953.63,1959.22,1949.38,1953.16,117.4580293,2026-02-19 00:15:00+00:00
1771461000000,1953.17,1958.68,1951.54,1958.49,24.14426336,2026-02-19 00:30:00+00:00
1771461900000,1958.49,1959.89,1952.68,1955.27,117.2445584,2026-02-19 00:45:00+00:00
1771462800000,1955.55,1973.49,1955.5,1969.56,402.6437029,2026-02-19 01:00:00+00:00
1771463700000,1969.55,1969.57,1958.49,1961.6,247.42562692,2026-02-19 01:15:00+00:00
1771464600000,1961.6,1966.93,1959.19,1965.5,56.78723717,2026-02-19 01:30:00+00:00
1771465500000,1965.07,1967.19,1964.05,1966.25,16.34395494,2026-02-19 01:45:00+00:00
1771466400000,1966.25,1970.0,1963.86,1968.84,29.03834199,2026-02-19 02:00:00+00:00
1771467300000,1968.66,1971.95,1967.29,1971.27,49.00836271,2026-02-19 02:15:00+00:00
1771468200000,1971.42,1971.42,1962.69,1962.79,100.69908596,2026-02-19 02:30:00+00:00
1771469100000,1963.33,1969.45,1962.03,1967.47,36.78011622,2026-02-19 02:45:00+00:00
1771470000000,1967.15,1968.99,1962.34,1964.45,15.80815413,2026-02-19 03:00:00+00:00
1771470900000,1964.53,1971.95,1964.53,1971.95,32.37593982,2026-02-19 03:15:00+00:00
1771471800000,1971.95,1972.07,1966.51,1968.03,28.73733231,2026-02-19 03:30:00+00:00
1771472700000,1968.04,1972.42,1967.16,1971.52,38.05044183,2026-02-19 03:45:00+00:00
1771473600000,1971.75,1977.83,1970.78,1975.22,157.9632819,2026-02-19 04:00:00+00:00
1771474500000,1975.72,1976.12,1972.01,1973.74,11.38502474,2026-02-19 04:15:00+00:00
1771475400000,1973.77,1977.48,1972.2,1972.2,43.84168127,2026-02-19 04:30:00+00:00
1771476300000,1970.86,1973.26,1968.28,1969.01,79.69391136,2026-02-19 04:45:00+00:00
1771477200000,1969.01,1970.95,1964.27,1969.17,124.85383177,2026-02-19 05:00:00+00:00
1771478100000,1969.26,1971.66,1963.76,1965.02,32.99860977,2026-02-19 05:15:00+00:00
1771479000000,1965.03,1968.16,1964.11,1967.38,25.63115069,2026-02-19 05:30:00+00:00
1771479900000,1966.99,1970.18,1965.04,1969.86,75.10484583,2026-02-19 05:45:00+00:00
1771480800000,1969.75,1973.84,1969.39,1972.36,59.8507029,2026-02-19 06:00:00+00:00
1771481700000,1972.37,1982.27,1971.94,1980.7,649.05746106,2026-02-19 06:15:00+00:00
1771482600000,1980.7,1983.99,1978.74,1979.03,46.88546198,2026-02-19 06:30:00+00:00
1771483500000,1979.49,1983.84,1979.49,1982.25,19.57620288,2026-02-19 06:45:00+00:00
1771484400000,1982.41,1986.0,1979.15,1983.5,67.38485206,2026-02-19 07:00:00+00:00
1771485300000,1983.24,1985.01,1982.01,1982.47,24.26791267,2026-02-19 07:15:00+00:00
1771486200000,1982.38,1985.36,1978.95,1981.82,32.59034168,2026-02-19 07:30:00+00:00
1771487100000,1981.8,1982.36,1978.53,1981.0,41.98726796,2026-02-19 07:45:00+00:00
1771488000000,1980.98,1980.98,1974.66,1976.21,59.11529328,2026-02-19 08:00:00+00:00
1771488900000,1976.2,1979.08,1970.35,1971.93,114.91805519,2026-02-19 08:15:00+00:00
1771489800000,1971.2,1972.15,1966.73,1968.38,158.61992633,2026-02-19 08:30:00+00:00
1771490700000,1967.99,1969.56,1965.62,1969.56,21.54264176,2026-02-19 08:45:00+00:00
1771491600000,1970.01,1974.0,1968.97,1972.7,318.5063014,2026-02-19 09:00:00+00:00
1771492500000,1972.9,1979.59,1970.67,1976.48,30.56849652,2026-02-19 09:15:00+00:00
1771493400000,1976.49,1977.38,1972.34,1973.35,81.67703778,2026-02-19 09:30:00+00:00
1771494300000,1973.36,1973.36,1961.45,1962.94,18.86632088,2026-02-19 09:45:00+00:00
1771495200000,1962.93,1966.66,1957.59,1965.8,334.96671156,2026-02-19 10:00:00+00:00
1771496100000,1965.27,1967.28,1964.28,1965.4,7.14345063,2026-02-19 10:15:00+00:00
1771497000000,1965.4,1965.79,1962.24,1965.26,85.11631862,2026-02-19 10:30:00+00:00
1771497900000,1964.86,1964.95,1957.99,1958.75,172.42025931,2026-02-19 10:45:00+00:00
1771498800000,1958.85,1962.24,1957.59,1962.23,13.46433588,2026-02-19 11:00:00+00:00
1771499700000,1962.24,1963.39,1959.23,1959.48,319.01906792,2026-02-19 11:15:00+00:00
1771500600000,1959.49,1960.16,1954.41,1956.18,358.72819725,2026-02-19 11:30:00+00:00
1771501500000,1956.07,1956.14,1948.25,1948.78,128.56170537,2026-02-19 11:45:00+00:00
1771502400000,1948.85,1952.2,1944.87,1949.68,121.94746388,2026-02-19 12:00:00+00:00
1771503300000,1949.47,1952.67,1946.57,1951.8,127.08850572,2026-02-19 12:15:00+00:00
1771504200000,1952.03,1954.56,1950.0,1953.2,177.00482155,2026-02-19 12:30:00+00:00
1771505100000,1953.2,1953.2,1946.64,1946.87,144.47881968,2026-02-19 12:45:00+00:00
1771506000000,1946.68,1947.67,1932.83,1938.77,316.63256604,2026-02-19 13:00:00+00:00
1771506900000,1938.76,1939.24,1931.01,1932.14,117.42465344,2026-02-19 13:15:00+00:00
1771507800000,1930.95,1935.42,1914.06,1917.62,365.97386515,2026-02-19 13:30:00+00:00
1771508700000,1917.21,1922.91,1911.72,1920.77,269.57628788,2026-02-19 13:45:00+00:00
1771509600000,1920.8,1932.45,1919.31,1929.7,299.49599893,2026-02-19 14:00:00+00:00
1771510500000,1929.56,1929.56,1923.15,1925.75,158.12621739,2026-02-19 14:15:00+00:00
1771511400000,1926.14,1937.41,1912.34,1933.84,276.99324872,2026-02-19 14:30:00+00:00
1771512300000,1934.18,1946.62,1928.45,1933.88,223.36890074,2026-02-19 14:45:00+00:00
1771513200000,1936.62,1946.51,1912.84,1914.38,282.84828887,2026-02-19 15:00:00+00:00
1771514100000,1913.79,1926.49,1913.79,1916.95,678.51715838,2026-02-19 15:15:00+00:00
1771515000000,1916.92,1931.31,1914.25,1930.56,153.8977533,2026-02-19 15:30:00+00:00
1771515900000,1930.72,1933.62,1914.4,1925.8,275.36873074,2026-02-19 15:45:00+00:00
1771516800000,1925.73,1925.73,1905.46,1916.98,1015.09951029,2026-02-19 16:00:00+00:00
1771517700000,1916.99,1928.44,1915.0,1918.23,115.25297121,2026-02-19 16:15:00+00:00
1771518600000,1917.78,1929.36,1917.78,1926.35,208.96972797,2026-02-19 16:30:00+00:00
1771519500000,1926.33,1926.79,1917.94,1921.55,147.48940097,2026-02-19 16:45:00+00:00
1771520400000,1921.27,1930.57,1919.01,1930.57,92.07559869,2026-02-19 17:00:00+00:00
1771521300000,1929.37,1943.52,1926.3,1928.69,494.52553132,2026-02-19 17:15:00+00:00
1771522200000,1928.65,1930.59,1923.49,1927.27,367.23589308,2026-02-19 17:30:00+00:00
1771523100000,1928.36,1929.46,1910.15,1920.4,429.44220559,2026-02-19 17:45:00+00:00
1771524000000,1920.1,1934.0,1916.6,1933.9,382.80097125,2026-02-19 18:00:00+00:00
1771524900000,1933.36,1939.5,1926.5,1937.46,367.23155382,2026-02-19 18:15:00+00:00
1771525800000,1937.4,1940.85,1931.0,1940.07,79.63818489,2026-02-19 18:30:00+00:00
1771526700000,1940.0,1942.55,1935.86,1938.85,172.32304822,2026-02-19 18:45:00+00:00
1771527600000,1939.29,1947.39,1935.39,1940.83,246.49571371,2026-02-19 19:00:00+00:00
1771528500000,1940.32,1943.06,1934.65,1936.33,193.82332796,2026-02-19 19:15:00+00:00
1771529400000,1936.32,1937.23,1927.53,1931.86,68.67584726,2026-02-19 19:30:00+00:00
1771530300000,1931.99,1942.44,1929.59,1940.96,106.80987182,2026-02-19 19:45:00+00:00
1771531200000,1940.52,1945.31,1938.18,1940.2,374.20233852,2026-02-19 20:00:00+00:00
1771532100000,1939.9,1939.9,1934.29,1938.08,36.1425415,2026-02-19 20:15:00+00:00
1771533000000,1938.06,1942.51,1937.54,1942.36,71.85918605,2026-02-19 20:30:00+00:00
1771533900000,1941.85,1951.91,1941.85,1948.01,358.9889014,2026-02-19 20:45:00+00:00
1771534800000,1950.22,1951.63,1947.55,1947.55,329.09179689,2026-02-19 21:00:00+00:00
1771535700000,1947.55,1949.17,1945.56,1946.57,990.57122298,2026-02-19 21:15:00+00:00
1771536600000,1946.78,1950.83,1945.61,1948.39,78.35037194,2026-02-19 21:30:00+00:00
1771537500000,1948.3,1949.29,1945.56,1947.3,101.14101277,2026-02-19 21:45:00+00:00
1771538400000,1947.58,1948.02,1941.82,1944.41,35.05387042,2026-02-19 22:00:00+00:00
1771539300000,1945.14,1945.14,1938.59,1939.16,69.1337619,2026-02-19 22:15:00+00:00
1771540200000,1938.92,1940.73,1936.01,1939.97,99.88248664,2026-02-19 22:30:00+00:00
1771541100000,1940.36,1944.62,1939.07,1944.2,32.47296992,2026-02-19 22:45:00+00:00
1771542000000,1943.51,1945.77,1941.49,1944.76,63.59641002,2026-02-19 23:00:00+00:00
1771542900000,1945.08,1949.83,1945.07,1948.73,63.57991256,2026-02-19 23:15:00+00:00
1771543800000,1949.01,1950.45,1948.0,1948.61,39.12230645,2026-02-19 23:30:00+00:00
1771544700000,1948.61,1950.54,1945.4,1948.33,56.16503026,2026-02-19 23:45:00+00:00
1771545600000,1948.37,1954.01,1946.89,1954.01,101.03487424,2026-02-20 00:00:00+00:00
1771546500000,1954.02,1962.5,1951.94,1962.0,2517.18459359,2026-02-20 00:15:00+00:00
1771547400000,1962.0,1963.0,1957.4,1959.06,127.9675235,2026-02-20 00:30:00+00:00
1771548300000,1958.8,1961.87,1956.42,1957.51,165.95241197,2026-02-20 00:45:00+00:00
1771549200000,1956.93,1960.59,1956.93,1960.59,35.78876503,2026-02-20 01:00:00+00:00
1771550100000,1959.87,1959.87,1953.55,1953.96,38.43010777,2026-02-20 01:15:00+00:00
1771551000000,1953.96,1958.0,1953.96,1957.09,36.12928709,2026-02-20 01:30:00+00:00
1771551900000,1956.73,1956.73,1949.25,1952.89,84.03649863,2026-02-20 01:45:00+00:00
1771552800000,1953.03,1955.87,1950.94,1951.72,108.98195623,2026-02-20 02:00:00+00:00
1771553700000,1951.71,1952.29,1947.64,1947.9,77.73823406,2026-02-20 02:15:00+00:00
1771554600000,1947.98,1954.17,1947.98,1953.98,49.82767788,2026-02-20 02:30:00+00:00
1771555500000,1953.98,1953.98,1949.85,1949.85,54.55370465,2026-02-20 02:45:00+00:00
1771556400000,1949.16,1952.28,1949.15,1951.05,41.71301816,2026-02-20 03:00:00+00:00
1771557300000,1951.05,1959.68,1949.58,1957.46,88.47827627,2026-02-20 03:15:00+00:00
1771558200000,1957.29,1959.05,1954.04,1954.04,81.83224248,2026-02-20 03:30:00+00:00
1771559100000,1954.43,1955.75,1954.04,1954.14,35.58787434,2026-02-20 03:45:00+00:00
1771560000000,1954.04,1955.45,1944.74,1946.54,100.6364349,2026-02-20 04:00:00+00:00
1771560900000,1946.67,1948.7,1930.89,1936.77,580.86194224,2026-02-20 04:15:00+00:00
1771561800000,1936.78,1944.59,1936.39,1944.22,93.53037524,2026-02-20 04:30:00+00:00
1771562700000,1943.66,1943.7,1935.19,1938.58,86.76054103,2026-02-20 04:45:00+00:00
1771563600000,1938.58,1939.9,1935.81,1938.72,44.49785497,2026-02-20 05:00:00+00:00
1771564500000,1938.31,1944.69,1937.19,1943.4,29.28633013,2026-02-20 05:15:00+00:00
1771565400000,1943.52,1965.61,1943.52,1959.27,2091.9063747,2026-02-20 05:30:00+00:00
1771566300000,1959.9,1961.47,1953.28,1954.61,335.0161203,2026-02-20 05:45:00+00:00
1771567200000,1954.62,1958.77,1954.62,1958.35,40.72100864,2026-02-20 06:00:00+00:00
1771568100000,1958.34,1958.86,1953.13,1953.36,1741.33536388,2026-02-20 06:15:00+00:00
1771569000000,1953.29,1955.9,1949.28,1954.71,91.3730161,2026-02-20 06:30:00+00:00
1771569900000,1954.92,1959.25,1953.92,1957.81,44.07598458,2026-02-20 06:45:00+00:00
1771570800000,1957.82,1958.47,1956.51,1957.75,135.73225619,2026-02-20 07:00:00+00:00
1771571700000,1957.71,1964.0,1957.71,1962.33,3449.88378544,2026-02-20 07:15:00+00:00
1771572600000,1962.31,1967.12,1961.66,1963.53,4167.51308211,2026-02-20 07:30:00+00:00
1771573500000,1963.53,1970.0,1959.33,1961.98,7568.73746589,2026-02-20 07:45:00+00:00
1771574400000,1960.96,1962.76,1958.81,1962.59,912.20232524,2026-02-20 08:00:00+00:00
1771575300000,1961.57,1965.9,1961.57,1963.61,53.59348489,2026-02-20 08:15:00+00:00
1771576200000,1963.62,1964.42,1957.19,1957.42,63.39088337,2026-02-20 08:30:00+00:00
1771577100000,1958.0,1962.07,1958.0,1959.87,52.53592443,2026-02-20 08:45:00+00:00
1771578000000,1959.7,1971.0,1959.69,1969.08,1012.27080362,2026-02-20 09:00:00+00:00
1771578900000,1970.12,1971.34,1965.68,1967.11,38.62981113,2026-02-20 09:15:00+00:00
1771579800000,1967.08,1968.51,1965.07,1966.68,39.24767704,2026-02-20 09:30:00+00:00
1771580700000,1966.67,1969.03,1966.67,1967.85,101.24001042,2026-02-20 09:45:00+00:00
1771581600000,1967.81,1972.88,1966.27,1967.86,201.33912833,2026-02-20 10:00:00+00:00
1771582500000,1967.86,1971.7,1966.73,1969.6,119.95737113,2026-02-20 10:15:00+00:00
1771583400000,1969.3,1969.3,1960.35,1960.99,72.73419707,2026-02-20 10:30:00+00:00
1771584300000,1961.0,1962.37,1956.49,1956.5,87.67840603,2026-02-20 10:45:00+00:00
1771585200000,1956.5,1957.6,1951.65,1953.7,326.06956874,2026-02-20 11:00:00+00:00
1771586100000,1953.52,1954.97,1951.21,1952.96,77.29812485,2026-02-20 11:15:00+00:00
1771587000000,1952.97,1953.56,1943.32,1943.33,313.70291683,2026-02-20 11:30:00+00:00
1771587900000,1943.32,1946.82,1940.13,1942.78,129.73042591,2026-02-20 11:45:00+00:00
1771588800000,1943.5,1948.32,1941.97,1947.35,71.89852098,2026-02-20 12:00:00+00:00
1771589700000,1947.28,1948.65,1943.85,1945.14,126.37366666,2026-02-20 12:15:00+00:00
1771590600000,1945.08,1947.47,1944.59,1945.69,31.35940752,2026-02-20 12:30:00+00:00
1771591500000,1945.5,1950.86,1945.0,1949.27,211.55822987,2026-02-20 12:45:00+00:00
1771592400000,1949.27,1949.27,1940.0,1944.9,340.43129416,2026-02-20 13:00:00+00:00
1771593300000,1944.56,1947.89,1938.78,1946.36,271.6725521,2026-02-20 13:15:00+00:00
1771594200000,1945.98,1945.98,1922.66,1928.01,914.74553835,2026-02-20 13:30:00+00:00
1771595100000,1927.75,1934.52,1927.05,1934.11,76.97955483,2026-02-20 13:45:00+00:00
1771596000000,1933.85,1940.1,1932.69,1934.97,328.21191625,2026-02-20 14:00:00+00:00
1771596900000,1934.97,1942.01,1934.03,1940.15,134.6518105,2026-02-20 14:15:00+00:00
1771597800000,1940.28,1953.74,1937.74,1947.14,1089.17881404,2026-02-20 14:30:00+00:00
1771598700000,1946.16,1949.09,1940.6,1943.26,167.54645677,2026-02-20 14:45:00+00:00
1771599600000,1943.46,1980.76,1943.09,1945.11,1045.55001236,2026-02-20 15:00:00+00:00
1771600500000,1945.83,1962.62,1935.39,1956.03,781.17684813,2026-02-20 15:15:00+00:00
1771601400000,1956.3,1957.31,1943.57,1949.49,316.3650435,2026-02-20 15:30:00+00:00
1771602300000,1949.75,1967.69,1948.1,1963.26,265.81514703,2026-02-20 15:45:00+00:00
1771603200000,1963.8,1969.2,1961.17,1963.42,232.97420936,2026-02-20 16:00:00+00:00
1771604100000,1964.96,1972.67,1957.08,1957.08,520.27991313,2026-02-20 16:15:00+00:00
1771605000000,1956.58,1959.17,1953.38,1957.06,320.51146617,2026-02-20 16:30:00+00:00
1771605900000,1957.64,1971.86,1957.64,1969.21,321.14938566,2026-02-20 16:45:00+00:00
1771606800000,1968.45,1968.45,1947.45,1947.45,887.17938242,2026-02-20 17:00:00+00:00
1771607700000,1947.3,1948.54,1938.84,1943.92,271.29812206,2026-02-20 17:15:00+00:00
1771608600000,1943.8,1960.0,1942.92,1958.09,986.72805542,2026-02-20 17:30:00+00:00
1771609500000,1957.32,1969.95,1955.2,1966.04,617.41313176,2026-02-20 17:45:00+00:00
1771610400000,1966.04,1969.89,1962.98,1964.02,204.25665148,2026-02-20 18:00:00+00:00
1771611300000,1963.91,1968.12,1960.0,1968.11,160.269749,2026-02-20 18:15:00+00:00
1771612200000,1968.11,1980.5,1960.22,1972.07,1923.56745034,2026-02-20 18:30:00+00:00
1771613100000,1973.21,1978.22,1968.48,1975.46,465.9657541,2026-02-20 18:45:00+00:00
1771614000000,1975.23,1977.61,1965.1,1966.14,971.31079238,2026-02-20 19:00:00+00:00
1771614900000,1966.16,1968.47,1962.32,1964.06,773.77468191,2026-02-20 19:15:00+00:00
1771615800000,1964.65,1971.37,1962.13,1962.81,238.77271714,2026-02-20 19:30:00+00:00
1771616700000,1962.82,1965.06,1960.95,1963.12,432.21391174,2026-02-20 19:45:00+00:00
1771617600000,1963.12,1970.0,1963.05,1970.0,216.42964581,2026-02-20 20:00:00+00:00
1771618500000,1970.0,1970.01,1962.47,1963.49,661.22120218,2026-02-20 20:15:00+00:00
1771619400000,1963.16,1968.48,1962.9,1968.48,88.82832994,2026-02-20 20:30:00+00:00
1771620300000,1968.48,1970.78,1966.12,1970.78,265.60947854,2026-02-20 20:45:00+00:00
1771621200000,1970.79,1974.17,1966.83,1971.32,176.43454015,2026-02-20 21:00:00+00:00
1771622100000,1971.91,1971.91,1968.51,1970.36,86.02723081,2026-02-20 21:15:00+00:00
1771623000000,1970.35,1974.07,1969.17,1973.01,291.55444033,2026-02-20 21:30:00+00:00
1771623900000,1973.01,1974.3,1971.61,1973.67,48.50554263,2026-02-20 21:45:00+00:00
1771624800000,1973.67,1973.67,1964.13,1965.7,246.08245664,2026-02-20 22:00:00+00:00
1771625700000,1965.01,1970.85,1964.44,1970.06,38.50909234,2026-02-20 22:15:00+00:00
1771626600000,1969.96,1972.16,1967.11,1968.15,21.23887344,2026-02-20 22:30:00+00:00
1771627500000,1968.15,1972.76,1967.33,1968.61,20.18867463,2026-02-20 22:45:00+00:00
1771628400000,1970.63,1972.61,1967.68,1967.73,27.23750511,2026-02-20 23:00:00+00:00
1771629300000,1967.86,1969.08,1966.58,1966.79,40.35920856,2026-02-20 23:15:00+00:00
1771630200000,1967.03,1968.0,1963.15,1965.78,145.798264,2026-02-20 23:30:00+00:00
1771631100000,1965.54,1969.26,1965.54,1968.71,80.68776728,2026-02-20 23:45:00+00:00
1771632000000,1968.35,1968.35,1965.04,1966.59,99.09409054,2026-02-21 00:00:00+00:00
1771632900000,1966.79,1968.0,1964.41,1965.11,394.13269656,2026-02-21 00:15:00+00:00
1771633800000,1965.11,1965.71,1962.37,1963.05,161.92617095,2026-02-21 00:30:00+00:00
1771634700000,1963.15,1963.57,1961.0,1961.76,1267.89517629,2026-02-21 00:45:00+00:00
1771635600000,1961.76,1965.51,1961.76,1964.49,78.55382161,2026-02-21 01:00:00+00:00
1771636500000,1965.22,1965.29,1962.79,1963.61,67.99753976,2026-02-21 01:15:00+00:00
1771637400000,1963.46,1968.19,1963.45,1967.71,62.46279029,2026-02-21 01:30:00+00:00
1771638300000,1967.24,1967.87,1965.23,1965.24,530.40020831,2026-02-21 01:45:00+00:00
1771639200000,1965.24,1968.33,1964.08,1967.57,42.22831545,2026-02-21 02:00:00+00:00
1771640100000,1967.56,1969.42,1965.85,1968.72,57.77656168,2026-02-21 02:15:00+00:00
1771641000000,1968.82,1971.01,1966.63,1966.87,1210.0539951,2026-02-21 02:30:00+00:00
1771641900000,1967.82,1967.82,1964.21,1965.64,1196.55947905,2026-02-21 02:45:00+00:00
1771642800000,1965.21,1965.21,1959.0,1960.66,98.92445531,2026-02-21 03:00:00+00:00
1771643700000,1960.65,1962.32,1959.64,1961.56,20.49105821,2026-02-21 03:15:00+00:00
1771644600000,1962.05,1962.1,1955.34,1957.01,140.54233257,2026-02-21 03:30:00+00:00
1771645500000,1956.93,1958.62,1956.75,1958.22,8.51385833,2026-02-21 03:45:00+00:00
1771646400000,1958.22,1959.66,1956.78,1958.08,18.50759334,2026-02-21 04:00:00+00:00
1771647300000,1958.0,1959.6,1955.39,1959.6,13.84291761,2026-02-21 04:15:00+00:00
1771648200000,1959.58,1961.61,1958.47,1959.9,17.60097422,2026-02-21 04:30:00+00:00
1771649100000,1959.9,1962.24,1959.0,1961.71,16.83551872,2026-02-21 04:45:00+00:00
1771650000000,1961.76,1962.72,1961.17,1961.25,6.64122974,2026-02-21 05:00:00+00:00
1771650900000,1960.77,1963.07,1960.77,1963.07,28.12077333,2026-02-21 05:15:00+00:00
1771651800000,1963.07,1963.53,1961.72,1962.84,19.75324057,2026-02-21 05:30:00+00:00
1771652700000,1962.83,1962.84,1960.84,1962.35,70.30803714,2026-02-21 05:45:00+00:00
1771653600000,1962.4,1965.3,1961.62,1965.3,33.51583727,2026-02-21 06:00:00+00:00
1771654500000,1965.25,1965.25,1962.94,1962.95,33.93660454,2026-02-21 06:15:00+00:00
1771655400000,1962.72,1962.72,1960.33,1961.76,12.14870156,2026-02-21 06:30:00+00:00
1771656300000,1961.76,1962.05,1960.17,1961.03,27.78584886,2026-02-21 06:45:00+00:00
1771657200000,1960.88,1964.09,1959.43,1962.82,132.79771273,2026-02-21 07:00:00+00:00
1771658100000,1963.28,1963.49,1962.52,1962.53,3.74488861,2026-02-21 07:15:00+00:00
1771659000000,1962.8,1963.31,1961.14,1961.19,6.51634886,2026-02-21 07:30:00+00:00
1771659900000,1961.19,1962.5,1960.93,1962.3,115.6428614,2026-02-21 07:45:00+00:00
1771660800000,1962.29,1964.57,1962.02,1964.51,19.29411092,2026-02-21 08:00:00+00:00
1771661700000,1964.2,1965.03,1963.76,1963.89,10.84127889,2026-02-21 08:15:00+00:00
1771662600000,1963.99,1965.72,1963.13,1965.72,26.09344635,2026-02-21 08:30:00+00:00
1771663500000,1965.71,1970.52,1964.73,1968.67,721.45300536,2026-02-21 08:45:00+00:00
1771664400000,1968.56,1969.33,1966.92,1966.92,59.63230419,2026-02-21 09:00:00+00:00
1771665300000,1966.92,1976.82,1966.92,1975.15,229.3547262,2026-02-21 09:15:00+00:00
1771666200000,1975.29,1976.12,1971.4,1972.45,148.48433493,2026-02-21 09:30:00+00:00
1771667100000,1972.2,1973.43,1969.99,1970.09,107.41753512,2026-02-21 09:45:00+00:00
1771668000000,1970.1,1972.62,1970.09,1971.62,38.5349703,2026-02-21 10:00:00+00:00
1771668900000,1971.69,1972.95,1970.56,1972.95,29.36171153,2026-02-21 10:15:00+00:00
1771669800000,1972.95,1974.0,1972.94,1974.0,64.82250911,2026-02-21 10:30:00+00:00
1771670700000,1974.0,1974.0,1972.58,1973.84,48.65096548,2026-02-21 10:45:00+00:00
1771671600000,1973.84,1980.7,1973.44,1978.36,137.29660643,2026-02-21 11:00:00+00:00
1771672500000,1978.72,1987.5,1978.31,1983.02,191.55394951,2026-02-21 11:15:00+00:00
1771673400000,1983.02,1984.27,1977.61,1977.61,52.69132738,2026-02-21 11:30:00+00:00
1771674300000,1977.61,1979.12,1976.33,1976.82,69.38545107,2026-02-21 11:45:00+00:00
1771675200000,1976.65,1977.97,1974.19,1974.19,58.03307482,2026-02-21 12:00:00+00:00
1771676100000,1974.2,1974.33,1969.52,1970.24,73.40333038,2026-02-21 12:15:00+00:00
1771677000000,1970.23,1972.82,1969.62,1971.91,44.00510734,2026-02-21 12:30:00+00:00
1771677900000,1971.91,1975.27,1970.05,1975.26,91.09712944,2026-02-21 12:45:00+00:00
1771678800000,1975.27,1975.41,1972.84,1973.51,775.10438628,2026-02-21 13:00:00+00:00
1771679700000,1973.79,1977.39,1972.48,1977.27,11.32516411,2026-02-21 13:15:00+00:00
1771680600000,1976.95,1977.31,1974.98,1977.31,16.05216181,2026-02-21 13:30:00+00:00
1771681500000,1977.13,1980.95,1977.13,1980.95,60.39457202,2026-02-21 13:45:00+00:00
1771682400000,1980.75,1984.37,1978.36,1980.47,279.69820438,2026-02-21 14:00:00+00:00
1771683300000,1981.01,1994.62,1978.93,1987.42,556.14551551,2026-02-21 14:15:00+00:00
1771684200000,1987.29,1991.64,1987.05,1989.45,153.1825889,2026-02-21 14:30:00+00:00
1771685100000,1988.91,1992.44,1985.41,1987.26,142.43620076,2026-02-21 14:45:00+00:00
1771686000000,1987.02,1990.69,1986.15,1988.62,51.33388208,2026-02-21 15:00:00+00:00
1771686900000,1989.18,1990.83,1985.49,1985.49,37.38129336,2026-02-21 15:15:00+00:00
1771687800000,1985.34,1992.54,1983.9,1989.47,95.83468658,2026-02-21 15:30:00+00:00
1771688700000,1990.26,1990.78,1987.6,1987.6,46.76248016,2026-02-21 15:45:00+00:00
1771689600000,1987.56,1988.86,1977.76,1981.34,180.07412228,2026-02-21 16:00:00+00:00
1771690500000,1980.95,1983.26,1976.64,1983.26,222.11892328,2026-02-21 16:15:00+00:00
1771691400000,1983.26,1988.7,1980.69,1988.3,29.27587471,2026-02-21 16:30:00+00:00
1771692300000,1987.67,1988.81,1985.04,1985.05,188.2427134,2026-02-21 16:45:00+00:00
1771693200000,1985.78,1987.73,1984.55,1986.92,142.72883336,2026-02-21 17:00:00+00:00
1771694100000,1986.92,1986.92,1984.0,1985.61,22.60386864,2026-02-21 17:15:00+00:00
1771695000000,1985.69,1991.59,1984.46,1989.86,45.98844952,2026-02-21 17:30:00+00:00
1771695900000,1989.11,1990.45,1987.87,1987.87,19.99565613,2026-02-21 17:45:00+00:00
1771696800000,1987.88,1989.44,1987.71,1987.72,17.19776158,2026-02-21 18:00:00+00:00
1771697700000,1987.72,1990.28,1987.71,1989.59,127.06890444,2026-02-21 18:15:00+00:00
1771698600000,1989.86,1993.91,1989.73,1991.63,81.0001224,2026-02-21 18:30:00+00:00
1771699500000,1991.63,1994.97,1990.88,1991.31,150.22739313,2026-02-21 18:45:00+00:00
1771700400000,1991.31,1993.43,1990.0,1992.26,35.17282691,2026-02-21 19:00:00+00:00
1771701300000,1992.1,1992.55,1990.72,1991.58,29.55786791,2026-02-21 19:15:00+00:00
1771702200000,1991.58,1991.58,1990.0,1990.14,10.41460475,2026-02-21 19:30:00+00:00
1771703100000,1990.13,1990.13,1987.6,1987.92,38.14266183,2026-02-21 19:45:00+00:00
1771704000000,1988.0,1988.42,1986.52,1986.52,54.09624113,2026-02-21 20:00:00+00:00
1771704900000,1986.51,1989.93,1986.51,1989.55,26.83030113,2026-02-21 20:15:00+00:00
1771705800000,1989.55,1989.83,1982.64,1983.28,152.70295834,2026-02-21 20:30:00+00:00
1771706700000,1983.28,1983.68,1973.78,1974.43,686.2824861,2026-02-21 20:45:00+00:00
1771707600000,1973.84,1977.2,1970.01,1976.93,225.8251121,2026-02-21 21:00:00+00:00
1771708500000,1976.83,1979.39,1976.8,1978.78,47.60944635,2026-02-21 21:15:00+00:00
1771709400000,1978.78,1980.75,1976.89,1978.66,40.9915195,2026-02-21 21:30:00+00:00
1771710300000,1978.48,1981.76,1978.43,1981.71,48.14795802,2026-02-21 21:45:00+00:00
1771711200000,1981.69,1981.69,1976.92,1977.71,46.25619059,2026-02-21 22:00:00+00:00
1771712100000,1977.43,1979.93,1974.79,1975.93,55.57002347,2026-02-21 22:15:00+00:00
1771713000000,1976.14,1976.19,1972.38,1974.3,47.41227092,2026-02-21 22:30:00+00:00
1771713900000,1974.32,1977.15,1972.53,1973.38,112.87895221,2026-02-21 22:45:00+00:00
1771714800000,1973.66,1975.31,1971.05,1972.3,30.98398857,2026-02-21 23:00:00+00:00
1771715700000,1972.23,1977.29,1972.22,1976.23,18.26460941,2026-02-21 23:15:00+00:00
1771716600000,1976.21,1976.38,1975.09,1975.46,19.03716486,2026-02-21 23:30:00+00:00
1771717500000,1975.0,1975.0,1973.0,1973.59,46.23501243,2026-02-21 23:45:00+00:00
1771718400000,1973.19,1974.44,1971.84,1973.79,52.90441822,2026-02-22 00:00:00+00:00
1771719300000,1973.47,1974.11,1967.38,1969.94,81.38146723,2026-02-22 00:15:00+00:00
1771720200000,1969.68,1970.15,1968.45,1968.45,37.35740947,2026-02-22 00:30:00+00:00
1771721100000,1968.54,1972.24,1968.54,1971.81,28.16873674,2026-02-22 00:45:00+00:00
1771722000000,1972.11,1975.31,1972.11,1973.3,30.29751697,2026-02-22 01:00:00+00:00
1771722900000,1973.35,1977.39,1972.1,1977.0,93.31017869,2026-02-22 01:15:00+00:00
1771723800000,1977.01,1978.4,1976.37,1977.49,14.39132579,2026-02-22 01:30:00+00:00
1771724700000,1977.19,1978.65,1975.87,1976.81,34.54519711,2026-02-22 01:45:00+00:00
1771725600000,1976.81,1982.0,1975.17,1980.42,87.54994601,2026-02-22 02:00:00+00:00
1771726500000,1980.48,1980.48,1974.49,1974.49,54.13930904,2026-02-22 02:15:00+00:00
1771727400000,1974.69,1975.62,1973.2,1973.2,20.8628396,2026-02-22 02:30:00+00:00
1771728300000,1973.21,1974.92,1971.77,1971.77,47.91144235,2026-02-22 02:45:00+00:00
1771729200000,1971.78,1975.31,1971.5,1975.05,41.92466207,2026-02-22 03:00:00+00:00
1771730100000,1975.05,1975.05,1967.36,1970.06,30.70483099,2026-02-22 03:15:00+00:00
1771731000000,1970.05,1973.14,1969.69,1973.14,30.0339371,2026-02-22 03:30:00+00:00
1771731900000,1972.04,1974.34,1971.31,1974.29,53.62814683,2026-02-22 03:45:00+00:00
1771732800000,1974.3,1975.4,1974.06,1974.25,10.94726835,2026-02-22 04:00:00+00:00
1771733700000,1974.07,1974.56,1970.69,1971.76,26.25796796,2026-02-22 04:15:00+00:00
1771734600000,1971.77,1973.92,1970.69,1971.09,69.86816575,2026-02-22 04:30:00+00:00
1771735500000,1971.48,1973.68,1971.47,1972.97,20.67557252,2026-02-22 04:45:00+00:00
1771736400000,1973.04,1974.22,1971.21,1971.21,11.7263642,2026-02-22 05:00:00+00:00
1771737300000,1971.2,1974.06,1971.2,1973.08,9.0358618,2026-02-22 05:15:00+00:00
1771738200000,1973.08,1973.48,1972.27,1973.03,11.71490063,2026-02-22 05:30:00+00:00
1771739100000,1972.88,1974.24,1971.75,1974.24,4.37964796,2026-02-22 05:45:00+00:00
1771740000000,1974.39,1976.1,1973.88,1975.1,38.29134027,2026-02-22 06:00:00+00:00
1771740900000,1975.1,1977.46,1974.23,1976.99,115.212967,2026-02-22 06:15:00+00:00
1771741800000,1976.84,1978.64,1975.79,1975.79,127.29262619,2026-02-22 06:30:00+00:00
1771742700000,1975.79,1976.38,1975.07,1975.54,14.71101399,2026-02-22 06:45:00+00:00
1771743600000,1975.55,1976.59,1975.15,1976.48,18.16497209,2026-02-22 07:00:00+00:00
1771744500000,1976.48,1976.83,1974.26,1976.37,21.2035672,2026-02-22 07:15:00+00:00
1771745400000,1975.72,1978.23,1975.36,1976.98,39.59820351,2026-02-22 07:30:00+00:00
1771746300000,1976.98,1977.49,1975.39,1975.58,14.00359123,2026-02-22 07:45:00+00:00
1771747200000,1975.58,1976.48,1974.78,1976.48,7.85004976,2026-02-22 08:00:00+00:00
1771748100000,1976.67,1976.67,1971.49,1972.61,12.52511845,2026-02-22 08:15:00+00:00
1771749000000,1972.61,1973.35,1970.63,1971.96,38.80626688,2026-02-22 08:30:00+00:00
1771749900000,1972.3,1973.65,1971.28,1973.37,35.98326669,2026-02-22 08:45:00+00:00
1771750800000,1973.15,1973.15,1971.69,1971.8,16.58738343,2026-02-22 09:00:00+00:00
1771751700000,1971.81,1973.62,1971.81,1972.8,7.82036218,2026-02-22 09:15:00+00:00
1771752600000,1972.81,1974.02,1971.21,1974.02,26.28237176,2026-02-22 09:30:00+00:00
1771753500000,1974.2,1975.76,1974.19,1975.76,18.78238497,2026-02-22 09:45:00+00:00
1771754400000,1975.76,1976.1,1974.86,1975.0,556.72891113,2026-02-22 10:00:00+00:00
1771755300000,1975.0,1978.55,1975.0,1977.56,19.0701978,2026-02-22 10:15:00+00:00
1771756200000,1977.57,1979.05,1977.18,1978.73,49.00122437,2026-02-22 10:30:00+00:00
1771757100000,1978.74,1978.74,1977.5,1977.51,13.21848408,2026-02-22 10:45:00+00:00
1771758000000,1977.51,1981.5,1977.5,1980.53,189.92310724,2026-02-22 11:00:00+00:00
1771758900000,1981.2,1982.0,1979.71,1979.84,70.7180946,2026-02-22 11:15:00+00:00
1771759800000,1979.84,1982.0,1979.32,1979.33,47.20635038,2026-02-22 11:30:00+00:00
1771760700000,1979.32,1980.0,1979.32,1980.0,6.15367607,2026-02-22 11:45:00+00:00
1771761600000,1980.0,1980.97,1972.04,1972.72,180.0688339,2026-02-22 12:00:00+00:00
1771762500000,1972.72,1975.23,1971.68,1973.38,87.38677854,2026-02-22 12:15:00+00:00
1771763400000,1973.63,1973.63,1962.6,1964.09,153.67817131,2026-02-22 12:30:00+00:00
1771764300000,1964.08,1967.18,1962.0,1965.69,93.42590772,2026-02-22 12:45:00+00:00
1771765200000,1965.69,1968.34,1963.82,1966.86,139.7219132,2026-02-22 13:00:00+00:00
1771766100000,1966.68,1967.71,1964.21,1964.21,52.80080592,2026-02-22 13:15:00+00:00
1771767000000,1964.41,1964.41,1945.91,1947.0,431.89194712,2026-02-22 13:30:00+00:00
1771767900000,1946.79,1952.07,1944.87,1950.83,972.30922209,2026-02-22 13:45:00+00:00
1771768800000,1950.73,1951.35,1944.02,1951.34,271.2227258,2026-02-22 14:00:00+00:00
1771769700000,1951.25,1953.09,1948.09,1949.52,187.25795936,2026-02-22 14:15:00+00:00
1771770600000,1949.73,1953.38,1946.74,1946.74,43.96885373,2026-02-22 14:30:00+00:00
1771771500000,1947.58,1951.09,1945.91,1950.13,70.91599039,2026-02-22 14:45:00+00:00
1771772400000,1950.2,1950.21,1946.71,1949.15,53.88791451,2026-02-22 15:00:00+00:00
1771773300000,1948.46,1953.99,1945.71,1953.39,100.9484473,2026-02-22 15:15:00+00:00
1771774200000,1953.49,1957.59,1953.0,1956.57,111.99465486,2026-02-22 15:30:00+00:00
1771775100000,1956.57,1956.58,1953.0,1953.12,51.87644395,2026-02-22 15:45:00+00:00
1771776000000,1953.12,1954.21,1949.62,1950.4,67.13340067,2026-02-22 16:00:00+00:00
1771776900000,1950.4,1951.76,1948.0,1948.0,23.56616907,2026-02-22 16:15:00+00:00
1771777800000,1947.95,1949.89,1947.13,1949.77,22.7466598,2026-02-22 16:30:00+00:00
1771778700000,1949.77,1952.51,1949.77,1951.96,26.90107973,2026-02-22 16:45:00+00:00
1771779600000,1951.96,1952.32,1948.01,1948.17,41.60050891,2026-02-22 17:00:00+00:00
1771780500000,1948.17,1948.72,1946.13,1948.4,1023.20972327,2026-02-22 17:15:00+00:00
1771781400000,1948.04,1948.04,1934.72,1938.66,434.67379339,2026-02-22 17:30:00+00:00
1771782300000,1938.84,1940.77,1936.59,1938.71,96.12286365,2026-02-22 17:45:00+00:00
1771783200000,1939.76,1942.87,1938.37,1942.87,69.00484552,2026-02-22 18:00:00+00:00
1771784100000,1942.21,1943.76,1940.0,1940.0,72.27305077,2026-02-22 18:15:00+00:00
1771785000000,1939.99,1941.39,1939.0,1941.15,40.4144778,2026-02-22 18:30:00+00:00
1771785900000,1941.09,1943.32,1940.94,1942.34,27.50706087,2026-02-22 18:45:00+00:00
1771786800000,1942.34,1944.55,1940.16,1941.37,150.04650984,2026-02-22 19:00:00+00:00
1771787700000,1941.48,1942.99,1941.0,1941.0,54.43740536,2026-02-22 19:15:00+00:00
1771788600000,1941.01,1944.54,1941.0,1943.63,99.45809816,2026-02-22 19:30:00+00:00
1771789500000,1943.63,1944.91,1942.7,1943.29,46.75100974,2026-02-22 19:45:00+00:00
1771790400000,1943.3,1944.76,1940.33,1941.09,87.31171253,2026-02-22 20:00:00+00:00
1771791300000,1941.36,1944.0,1941.36,1944.0,75.64139755,2026-02-22 20:15:00+00:00
1771792200000,1944.0,1944.0,1942.62,1943.77,7.9526132,2026-02-22 20:30:00+00:00
1771793100000,1943.49,1944.57,1939.4,1939.4,40.60742393,2026-02-22 20:45:00+00:00
1771794000000,1939.98,1942.14,1939.98,1942.13,48.1408279,2026-02-22 21:00:00+00:00
1771794900000,1942.26,1943.28,1940.33,1940.67,48.48614945,2026-02-22 21:15:00+00:00
1771795800000,1940.69,1949.44,1940.68,1949.44,67.65478159,2026-02-22 21:30:00+00:00
1771796700000,1949.2,1951.7,1949.19,1950.21,177.00785801,2026-02-22 21:45:00+00:00
1771797600000,1950.21,1951.29,1947.0,1947.01,242.18285137,2026-02-22 22:00:00+00:00
1771798500000,1947.01,1955.45,1947.0,1954.74,140.63817022,2026-02-22 22:15:00+00:00
1771799400000,1954.46,1959.83,1953.42,1957.17,61.06617477,2026-02-22 22:30:00+00:00
1771800300000,1958.16,1959.96,1956.47,1958.1,81.07721336,2026-02-22 22:45:00+00:00
1771801200000,1957.84,1960.0,1954.52,1954.52,49.10638919,2026-02-22 23:00:00+00:00
1771802100000,1954.15,1956.02,1950.01,1953.12,498.63231116,2026-02-22 23:15:00+00:00
1771803000000,1953.11,1953.11,1948.0,1948.69,45.63127709,2026-02-22 23:30:00+00:00
1771803900000,1948.75,1959.16,1948.31,1957.4,43.28843149,2026-02-22 23:45:00+00:00
1771804800000,1957.41,1957.8,1951.88,1954.17,471.56438987,2026-02-23 00:00:00+00:00
1771805700000,1954.01,1955.25,1946.31,1948.05,151.95352466,2026-02-23 00:15:00+00:00
1771806600000,1948.01,1948.01,1940.32,1941.09,128.34575421,2026-02-23 00:30:00+00:00
1771807500000,1941.06,1942.79,1928.23,1929.15,306.58184798,2026-02-23 00:45:00+00:00
1771808400000,1929.15,1929.15,1867.42,1885.5,3319.93695563,2026-02-23 01:00:00+00:00
1771809300000,1885.61,1885.61,1868.5,1873.37,664.01634698,2026-02-23 01:15:00+00:00
1771810200000,1870.93,1881.25,1870.29,1872.66,227.20495034,2026-02-23 01:30:00+00:00
1771811100000,1872.5,1873.88,1845.58,1856.01,2050.78493746,2026-02-23 01:45:00+00:00
1771812000000,1856.7,1865.21,1851.88,1862.76,257.29017422,2026-02-23 02:00:00+00:00
1771812900000,1863.03,1864.03,1855.2,1863.66,152.55167738,2026-02-23 02:15:00+00:00
1771813800000,1863.69,1868.22,1860.76,1864.05,393.76367681,2026-02-23 02:30:00+00:00
1771814700000,1864.04,1865.27,1860.02,1863.16,192.064546,2026-02-23 02:45:00+00:00
1771815600000,1863.09,1870.94,1861.9,1866.31,148.82719141,2026-02-23 03:00:00+00:00
1771816500000,1866.29,1866.29,1855.46,1857.94,465.27853065,2026-02-23 03:15:00+00:00
1771817400000,1858.64,1865.18,1857.23,1865.01,108.60362258,2026-02-23 03:30:00+00:00
1771818300000,1865.01,1866.12,1863.05,1863.05,120.0001205,2026-02-23 03:45:00+00:00
1771819200000,1863.06,1864.62,1860.28,1864.62,76.25834873,2026-02-23 04:00:00+00:00
1771820100000,1864.51,1864.51,1859.02,1860.19,289.02561975,2026-02-23 04:15:00+00:00
1771821000000,1860.14,1861.41,1853.62,1856.62,258.06510854,2026-02-23 04:30:00+00:00
1771821900000,1857.06,1859.6,1856.5,1859.43,120.96373943,2026-02-23 04:45:00+00:00
1771822800000,1859.6,1866.5,1859.6,1864.64,77.31863989,2026-02-23 05:00:00+00:00
1771823700000,1864.65,1870.15,1862.7,1866.38,111.06139826,2026-02-23 05:15:00+00:00
1771824600000,1866.42,1869.34,1864.68,1865.75,1087.97195131,2026-02-23 05:30:00+00:00
1771825500000,1865.98,1867.86,1862.68,1865.54,57.96853376,2026-02-23 05:45:00+00:00
1771826400000,1865.52,1874.8,1863.72,1873.44,108.29069995,2026-02-23 06:00:00+00:00
1771827300000,1873.89,1877.11,1872.79,1872.96,247.84304962,2026-02-23 06:15:00+00:00
1771828200000,1872.96,1882.48,1872.37,1877.9,140.4321753,2026-02-23 06:30:00+00:00
1771829100000,1878.25,1881.94,1877.94,1879.85,89.40314902,2026-02-23 06:45:00+00:00
1771830000000,1879.32,1884.84,1878.99,1881.5,51.10594561,2026-02-23 07:00:00+00:00
1771830900000,1881.65,1881.65,1877.15,1879.44,139.10919973,2026-02-23 07:15:00+00:00
1771831800000,1878.93,1888.17,1876.9,1885.38,43.96011144,2026-02-23 07:30:00+00:00
1771832700000,1885.45,1887.35,1883.73,1884.71,36.89495193,2026-02-23 07:45:00+00:00
1771833600000,1885.0,1887.86,1882.82,1887.84,204.75880558,2026-02-23 08:00:00+00:00
1771834500000,1887.95,1889.31,1882.39,1883.1,24.57399374,2026-02-23 08:15:00+00:00
1771835400000,1882.93,1884.38,1876.47,1878.12,1069.50858338,2026-02-23 08:30:00+00:00
1771836300000,1878.31,1880.54,1877.46,1880.54,79.17593825,2026-02-23 08:45:00+00:00
1771837200000,1880.34,1887.31,1880.34,1885.76,55.28961445,2026-02-23 09:00:00+00:00
1771838100000,1886.06,1889.0,1882.57,1888.0,110.18464399,2026-02-23 09:15:00+00:00
1771839000000,1887.99,1910.46,1887.01,1910.0,857.43969257,2026-02-23 09:30:00+00:00
1771839900000,1910.5,1918.0,1910.5,1916.49,99.0255196,2026-02-23 09:45:00+00:00
1771840800000,1917.31,1927.82,1916.51,1918.92,425.65484385,2026-02-23 10:00:00+00:00
1771841700000,1920.16,1925.0,1918.75,1920.0,165.24784422,2026-02-23 10:15:00+00:00
1771842600000,1920.01,1920.01,1913.91,1916.42,73.54524132,2026-02-23 10:30:00+00:00
1771843500000,1916.01,1916.88,1912.65,1913.55,46.97011569,2026-02-23 10:45:00+00:00
1771844400000,1914.03,1918.59,1912.16,1918.5,82.07634405,2026-02-23 11:00:00+00:00
1771845300000,1918.61,1920.06,1914.17,1914.6,53.13813893,2026-02-23 11:15:00+00:00
1771846200000,1914.64,1916.22,1911.36,1912.57,63.97682429,2026-02-23 11:30:00+00:00
1771847100000,1913.0,1915.34,1911.19,1915.18,81.36569331,2026-02-23 11:45:00+00:00
1771848000000,1915.2,1915.86,1912.94,1915.73,94.58736031,2026-02-23 12:00:00+00:00
1771848900000,1916.0,1916.0,1912.9,1913.41,163.22293898,2026-02-23 12:15:00+00:00
1771849800000,1913.41,1926.0,1906.21,1922.57,377.20675719,2026-02-23 12:30:00+00:00
1771850700000,1922.56,1926.0,1919.54,1919.54,68.9156336,2026-02-23 12:45:00+00:00
1771851600000,1919.79,1924.99,1919.5,1919.82,237.32498161,2026-02-23 13:00:00+00:00
1771852500000,1919.75,1923.04,1918.83,1922.01,376.97253127,2026-02-23 13:15:00+00:00
1771853400000,1921.74,1934.99,1921.32,1932.52,684.11730856,2026-02-23 13:30:00+00:00
1771854300000,1932.61,1934.78,1920.26,1921.81,468.61188064,2026-02-23 13:45:00+00:00
1771855200000,1921.8,1924.8,1919.86,1924.8,574.7246198,2026-02-23 14:00:00+00:00
1771856100000,1924.96,1924.96,1914.77,1916.59,528.15493222,2026-02-23 14:15:00+00:00
1771857000000,1916.73,1919.24,1894.52,1905.13,1038.61660686,2026-02-23 14:30:00+00:00
1771857900000,1905.72,1913.67,1895.35,1906.41,358.36516805,2026-02-23 14:45:00+00:00
1771858800000,1906.41,1911.0,1898.09,1903.84,304.80783799,2026-02-23 15:00:00+00:00
1771859700000,1904.39,1912.39,1902.37,1903.46,397.63473663,2026-02-23 15:15:00+00:00
1771860600000,1903.75,1908.4,1901.85,1904.83,191.4192212,2026-02-23 15:30:00+00:00
1771861500000,1904.58,1906.01,1892.68,1895.58,325.44071496,2026-02-23 15:45:00+00:00
1771862400000,1895.49,1895.59,1881.25,1883.21,198.0812038,2026-02-23 16:00:00+00:00
1771863300000,1883.64,1897.0,1883.64,1897.0,353.48206935,2026-02-23 16:15:00+00:00
1771864200000,1897.0,1899.82,1888.63,1891.26,92.87272746,2026-02-23 16:30:00+00:00
1771865100000,1890.68,1891.46,1883.2,1884.0,712.15370636,2026-02-23 16:45:00+00:00
1771866000000,1884.5,1887.62,1868.23,1868.23,986.50635452,2026-02-23 17:00:00+00:00
1771866900000,1869.01,1874.73,1857.24,1857.34,951.89823803,2026-02-23 17:15:00+00:00
1771867800000,1857.11,1858.44,1842.24,1848.36,709.21519561,2026-02-23 17:30:00+00:00
1771868700000,1849.08,1865.62,1837.22,1863.04,1228.64507606,2026-02-23 17:45:00+00:00
1771869600000,1863.74,1870.03,1858.69,1863.0,169.52298386,2026-02-23 18:00:00+00:00
1771870500000,1863.0,1863.86,1856.52,1860.0,402.97974387,2026-02-23 18:15:00+00:00
1771871400000,1860.0,1873.48,1857.0,1867.57,602.95016392,2026-02-23 18:30:00+00:00
1771872300000,1867.76,1867.76,1855.01,1857.45,408.15194449,2026-02-23 18:45:00+00:00
1771873200000,1857.46,1864.14,1856.39,1861.37,63.39326809,2026-02-23 19:00:00+00:00
1771874100000,1861.98,1862.0,1851.0,1853.5,229.28069284,2026-02-23 19:15:00+00:00
1771875000000,1852.97,1856.78,1847.22,1853.78,183.7051219,2026-02-23 19:30:00+00:00
1771875900000,1854.74,1858.08,1851.4,1856.76,40.74791801,2026-02-23 19:45:00+00:00
1771876800000,1856.76,1859.67,1847.16,1847.92,78.35145005,2026-02-23 20:00:00+00:00
1771877700000,1847.89,1853.96,1846.57,1850.04,617.63859858,2026-02-23 20:15:00+00:00
1771878600000,1850.66,1857.51,1850.05,1856.3,305.82576719,2026-02-23 20:30:00+00:00
1771879500000,1856.3,1862.19,1855.0,1859.7,395.82441498,2026-02-23 20:45:00+00:00
1771880400000,1860.56,1868.19,1860.55,1867.59,128.37442368,2026-02-23 21:00:00+00:00
1771881300000,1867.17,1868.85,1863.25,1864.51,135.9573276,2026-02-23 21:15:00+00:00
1771882200000,1865.0,1865.99,1858.33,1861.76,357.18518654,2026-02-23 21:30:00+00:00
1771883100000,1862.03,1865.38,1861.03,1862.48,213.73701641,2026-02-23 21:45:00+00:00
1771884000000,1863.05,1869.37,1862.16,1866.95,73.50769002,2026-02-23 22:00:00+00:00
1771884900000,1867.22,1868.6,1864.87,1867.34,476.44195628,2026-02-23 22:15:00+00:00
1771885800000,1866.67,1867.87,1863.2,1865.11,500.74492825,2026-02-23 22:30:00+00:00
1771886700000,1865.84,1866.52,1859.25,1859.25,147.15990393,2026-02-23 22:45:00+00:00
1771887600000,1859.25,1866.43,1859.24,1865.47,121.98867124,2026-02-23 23:00:00+00:00
1771888500000,1865.73,1865.87,1859.04,1861.2,78.5345213,2026-02-23 23:15:00+00:00
1771889400000,1860.93,1861.41,1850.73,1850.73,1411.12971301,2026-02-23 23:30:00+00:00
1771890300000,1851.29,1856.01,1850.62,1856.01,748.43808855,2026-02-23 23:45:00+00:00
1771891200000,1855.62,1862.51,1855.04,1862.51,122.17026414,2026-02-24 00:00:00+00:00
1771892100000,1862.69,1866.88,1861.16,1862.01,39.97591484,2026-02-24 00:15:00+00:00
1771893000000,1862.43,1866.57,1861.74,1864.35,338.77260271,2026-02-24 00:30:00+00:00
1771893900000,1864.1,1868.77,1864.09,1867.25,27.54844763,2026-02-24 00:45:00+00:00
1771894800000,1867.25,1867.25,1841.31,1844.85,459.97679453,2026-02-24 01:00:00+00:00
1771895700000,1844.85,1852.87,1811.5,1848.76,2400.27954597,2026-02-24 01:15:00+00:00
1771896600000,1848.44,1856.69,1839.13,1846.46,680.51470454,2026-02-24 01:30:00+00:00
1771897500000,1846.0,1847.95,1839.0,1840.49,514.28291001,2026-02-24 01:45:00+00:00
1771898400000,1840.37,1847.44,1836.11,1844.15,926.18756041,2026-02-24 02:00:00+00:00
1771899300000,1844.16,1847.78,1838.65,1847.19,170.31997884,2026-02-24 02:15:00+00:00
1771900200000,1847.19,1853.9,1841.38,1842.17,174.06534105,2026-02-24 02:30:00+00:00
1771901100000,1842.06,1846.36,1840.68,1843.32,101.07158757,2026-02-24 02:45:00+00:00
1771902000000,1842.86,1842.86,1827.3,1831.51,456.47575837,2026-02-24 03:00:00+00:00
1771902900000,1830.54,1835.69,1825.0,1831.0,970.03765958,2026-02-24 03:15:00+00:00
1771903800000,1831.0,1833.7,1828.06,1829.37,1230.09742394,2026-02-24 03:30:00+00:00
1771904700000,1829.37,1833.93,1823.11,1830.8,370.44835104,2026-02-24 03:45:00+00:00
1771905600000,1831.21,1833.42,1816.76,1816.76,2596.76327806,2026-02-24 04:00:00+00:00
1771906500000,1816.82,1832.63,1813.6,1828.35,1623.99771798,2026-02-24 04:15:00+00:00
1771907400000,1827.79,1830.87,1820.29,1829.17,147.27331346,2026-02-24 04:30:00+00:00
1771908300000,1829.04,1830.14,1827.03,1829.99,22.05595583,2026-02-24 04:45:00+00:00
1771909200000,1830.0,1839.8,1827.35,1837.88,1671.37120979,2026-02-24 05:00:00+00:00
1771910100000,1837.69,1837.69,1814.1,1818.55,918.36098782,2026-02-24 05:15:00+00:00
1771911000000,1817.95,1825.1,1816.52,1822.74,156.9529392,2026-02-24 05:30:00+00:00
1771911900000,1821.98,1826.52,1821.98,1825.85,81.06064588,2026-02-24 05:45:00+00:00
1771912800000,1825.84,1828.0,1819.43,1824.22,259.81392605,2026-02-24 06:00:00+00:00
1771913700000,1824.46,1829.64,1823.66,1828.26,101.10744386,2026-02-24 06:15:00+00:00
1771914600000,1828.2,1830.39,1824.72,1827.13,55.22526062,2026-02-24 06:30:00+00:00
1771915500000,1827.32,1827.32,1817.87,1820.23,242.75100786,2026-02-24 06:45:00+00:00
1771916400000,1820.24,1829.11,1815.0,1827.03,203.08106781,2026-02-24 07:00:00+00:00
1771917300000,1827.4,1830.0,1820.2,1829.7,255.03550022,2026-02-24 07:15:00+00:00
1771918200000,1829.36,1830.88,1821.87,1823.1,105.7561614,2026-02-24 07:30:00+00:00
1771919100000,1823.31,1825.36,1821.73,1824.11,48.87137005,2026-02-24 07:45:00+00:00
1771920000000,1825.23,1826.36,1818.01,1824.95,110.29361597,2026-02-24 08:00:00+00:00
1771920900000,1825.04,1830.87,1821.05,1829.95,47.06111957,2026-02-24 08:15:00+00:00
1771921800000,1829.86,1835.74,1828.77,1833.26,102.00982873,2026-02-24 08:30:00+00:00
1771922700000,1833.02,1833.16,1829.96,1831.3,30.13789765,2026-02-24 08:45:00+00:00
1771923600000,1831.11,1834.13,1824.62,1827.14,73.5096962,2026-02-24 09:00:00+00:00
1771924500000,1826.39,1826.39,1821.69,1823.87,83.7283068,2026-02-24 09:15:00+00:00
1771925400000,1823.48,1824.95,1814.65,1822.29,128.97189209,2026-02-24 09:30:00+00:00
1771926300000,1822.28,1826.29,1818.67,1826.21,58.19904524,2026-02-24 09:45:00+00:00
1771927200000,1826.45,1827.59,1822.66,1825.39,144.57333325,2026-02-24 10:00:00+00:00
1771928100000,1825.23,1827.68,1823.68,1825.94,127.09727776,2026-02-24 10:15:00+00:00
1771929000000,1825.94,1827.12,1820.18,1822.29,205.57126767,2026-02-24 10:30:00+00:00
1771929900000,1822.64,1828.98,1822.49,1825.76,66.45056458,2026-02-24 10:45:00+00:00
1771930800000,1825.76,1827.18,1820.0,1820.79,186.5145487,2026-02-24 11:00:00+00:00
1771931700000,1820.64,1822.56,1819.37,1821.65,43.08767006,2026-02-24 11:15:00+00:00
1771932600000,1821.36,1823.62,1818.12,1822.05,158.87865661,2026-02-24 11:30:00+00:00
1771933500000,1822.04,1826.18,1820.11,1825.97,301.29883187,2026-02-24 11:45:00+00:00
1771934400000,1826.69,1829.84,1822.81,1827.41,97.14209851,2026-02-24 12:00:00+00:00
1771935300000,1827.38,1828.31,1825.0,1828.24,120.24772947,2026-02-24 12:15:00+00:00
1771936200000,1828.17,1828.17,1821.14,1823.78,191.38379483,2026-02-24 12:30:00+00:00
1771937100000,1823.45,1827.54,1821.06,1823.8,170.43916052,2026-02-24 12:45:00+00:00
1771938000000,1823.8,1826.81,1822.96,1825.09,265.68162264,2026-02-24 13:00:00+00:00
1771938900000,1824.89,1825.7,1818.39,1820.29,215.88065482,2026-02-24 13:15:00+00:00
1771939800000,1820.49,1822.55,1792.8,1817.71,2321.47431711,2026-02-24 13:30:00+00:00
1771940700000,1817.36,1820.37,1812.85,1815.53,111.22995114,2026-02-24 13:45:00+00:00
1771941600000,1815.33,1818.64,1812.9,1814.42,424.71227272,2026-02-24 14:00:00+00:00
1771942500000,1814.42,1816.07,1805.91,1814.08,392.38870181,2026-02-24 14:15:00+00:00
1771943400000,1814.05,1830.83,1803.2,1825.77,797.42748903,2026-02-24 14:30:00+00:00
1771944300000,1828.07,1847.4,1826.78,1834.3,1256.22656419,2026-02-24 14:45:00+00:00
1771945200000,1834.88,1840.26,1828.7,1839.85,1005.9284682,2026-02-24 15:00:00+00:00
1771946100000,1839.52,1849.99,1837.75,1849.5,125.37915792,2026-02-24 15:15:00+00:00
1771947000000,1849.23,1849.97,1840.66,1842.99,118.21654352,2026-02-24 15:30:00+00:00
1771947900000,1843.19,1848.0,1840.96,1847.64,443.3095123,2026-02-24 15:45:00+00:00
1771948800000,1847.65,1863.01,1847.46,1856.62,402.87401594,2026-02-24 16:00:00+00:00
1771949700000,1856.93,1859.26,1846.68,1849.53,169.57687041,2026-02-24 16:15:00+00:00
1771950600000,1849.72,1853.0,1838.8,1852.77,172.02279882,2026-02-24 16:30:00+00:00
1771951500000,1851.03,1859.24,1845.18,1858.84,280.9420292,2026-02-24 16:45:00+00:00
1771952400000,1858.76,1864.63,1857.06,1860.91,842.16935861,2026-02-24 17:00:00+00:00
1771953300000,1860.53,1863.88,1855.61,1855.95,989.76521235,2026-02-24 17:15:00+00:00
1771954200000,1856.23,1857.88,1853.56,1853.74,530.92217532,2026-02-24 17:30:00+00:00
1771955100000,1853.08,1858.07,1849.72,1856.09,205.52352246,2026-02-24 17:45:00+00:00
1771956000000,1855.7,1859.82,1845.86,1846.13,374.82251996,2026-02-24 18:00:00+00:00
1771956900000,1846.53,1853.8,1845.77,1851.02,134.61828716,2026-02-24 18:15:00+00:00
1771957800000,1851.01,1859.71,1850.53,1856.07,27.49075931,2026-02-24 18:30:00+00:00
1771958700000,1857.06,1859.99,1854.77,1854.77,487.64630724,2026-02-24 18:45:00+00:00
1771959600000,1854.84,1863.52,1848.77,1849.7,2751.80706593,2026-02-24 19:00:00+00:00
1771960500000,1849.71,1853.17,1847.41,1849.66,161.82773193,2026-02-24 19:15:00+00:00
1771961400000,1849.58,1854.96,1849.41,1853.95,61.90135055,2026-02-24 19:30:00+00:00
1771962300000,1854.59,1856.6,1852.47,1852.48,152.97928711,2026-02-24 19:45:00+00:00
1771963200000,1852.48,1854.34,1849.85,1852.23,72.55981548,2026-02-24 20:00:00+00:00
1771964100000,1852.24,1859.06,1852.24,1857.18,152.70519355,2026-02-24 20:15:00+00:00
1771965000000,1857.17,1860.39,1854.46,1859.94,82.62663904,2026-02-24 20:30:00+00:00
1771965900000,1860.12,1862.0,1856.55,1858.74,150.263124,2026-02-24 20:45:00+00:00
1771966800000,1859.02,1859.02,1850.56,1853.21,80.80433968,2026-02-24 21:00:00+00:00
1771967700000,1852.92,1852.92,1845.77,1846.9,178.767586,2026-02-24 21:15:00+00:00
1771968600000,1848.36,1853.62,1846.89,1853.4,170.90591009,2026-02-24 21:30:00+00:00
1771969500000,1853.29,1854.99,1851.54,1854.5,33.18445377,2026-02-24 21:45:00+00:00
1771970400000,1854.25,1863.99,1853.3,1862.0,91.55525617,2026-02-24 22:00:00+00:00
1771971300000,1862.0,1862.41,1857.15,1859.5,63.30609019,2026-02-24 22:15:00+00:00
1771972200000,1859.19,1859.57,1857.37,1857.47,122.65747733,2026-02-24 22:30:00+00:00
1771973100000,1857.33,1860.98,1855.74,1860.51,19.10225664,2026-02-24 22:45:00+00:00
1771974000000,1860.44,1860.44,1852.7,1856.59,204.07742076,2026-02-24 23:00:00+00:00
1771974900000,1856.84,1858.68,1855.17,1857.75,60.46030945,2026-02-24 23:15:00+00:00
1771975800000,1857.9,1860.44,1856.67,1857.54,29.68530441,2026-02-24 23:30:00+00:00
1771976700000,1857.7,1857.76,1851.8,1851.81,55.20311753,2026-02-24 23:45:00+00:00
1771977600000,1851.81,1852.81,1848.05,1848.05,66.24048813,2026-02-25 00:00:00+00:00
1771978500000,1847.84,1851.74,1846.74,1846.74,88.36188081,2026-02-25 00:15:00+00:00
1771979400000,1846.92,1856.54,1846.92,1856.54,98.86553402,2026-02-25 00:30:00+00:00
1771980300000,1856.14,1856.36,1851.87,1851.87,38.22029058,2026-02-25 00:45:00+00:00
1771981200000,1852.02,1918.0,1850.71,1905.52,847.20557388,2026-02-25 01:00:00+00:00
1771982100000,1905.34,1923.91,1899.59,1909.81,902.48624989,2026-02-25 01:15:00+00:00
1771983000000,1910.14,1923.19,1909.42,1912.93,711.34232531,2026-02-25 01:30:00+00:00
1771983900000,1912.93,1920.34,1912.92,1918.8,354.10787332,2026-02-25 01:45:00+00:00
1771984800000,1918.35,1946.22,1918.35,1934.8,1353.1675158,2026-02-25 02:00:00+00:00
1771985700000,1936.0,1936.57,1928.01,1931.13,407.39041844,2026-02-25 02:15:00+00:00
1771986600000,1931.55,1932.99,1922.0,1922.8,98.50484578,2026-02-25 02:30:00+00:00
1771987500000,1922.86,1928.0,1920.0,1920.97,256.09573961,2026-02-25 02:45:00+00:00
1771988400000,1920.92,1922.37,1916.15,1917.06,197.32488193,2026-02-25 03:00:00+00:00
1771989300000,1917.07,1918.0,1906.0,1909.6,369.48719745,2026-02-25 03:15:00+00:00
1771990200000,1909.8,1911.5,1903.78,1907.55,510.08237082,2026-02-25 03:30:00+00:00
1771991100000,1907.55,1909.37,1905.5,1905.91,68.83373352,2026-02-25 03:45:00+00:00
1771992000000,1906.2,1907.09,1895.48,1905.69,249.15203016,2026-02-25 04:00:00+00:00
1771992900000,1906.14,1912.66,1903.64,1912.25,304.21198127,2026-02-25 04:15:00+00:00
1771993800000,1912.13,1914.36,1911.26,1913.67,198.82729924,2026-02-25 04:30:00+00:00
1771994700000,1913.67,1913.67,1905.95,1906.16,90.44784399,2026-02-25 04:45:00+00:00
1771995600000,1906.16,1907.94,1901.92,1902.72,91.6109355,2026-02-25 05:00:00+00:00
1771996500000,1902.58,1903.54,1888.63,1892.69,204.49552217,2026-02-25 05:15:00+00:00
1771997400000,1893.08,1894.57,1878.31,1885.01,615.62018814,2026-02-25 05:30:00+00:00
1771998300000,1885.35,1892.15,1883.88,1887.63,299.66249355,2026-02-25 05:45:00+00:00
1771999200000,1888.04,1891.07,1887.61,1889.75,69.62822531,2026-02-25 06:00:00+00:00
1772000100000,1890.31,1895.82,1887.2,1892.99,75.2524455,2026-02-25 06:15:00+00:00
1772001000000,1892.53,1894.17,1891.21,1891.76,56.37976968,2026-02-25 06:30:00+00:00
1772001900000,1891.67,1891.68,1884.97,1885.04,37.08933503,2026-02-25 06:45:00+00:00
1772002800000,1885.05,1889.77,1882.56,1888.67,82.0282603,2026-02-25 07:00:00+00:00
1772003700000,1888.66,1893.76,1887.75,1891.87,121.889002,2026-02-25 07:15:00+00:00
1772004600000,1891.59,1894.9,1888.55,1888.71,49.22113288,2026-02-25 07:30:00+00:00
1772005500000,1890.24,1894.16,1889.04,1893.2,23.93089182,2026-02-25 07:45:00+00:00
1772006400000,1893.21,1893.61,1890.18,1890.62,26.16952694,2026-02-25 08:00:00+00:00
1772007300000,1891.04,1898.57,1890.54,1895.97,54.3477057,2026-02-25 08:15:00+00:00
1772008200000,1895.97,1906.76,1895.97,1906.15,93.07478915,2026-02-25 08:30:00+00:00
1772009100000,1905.84,1913.07,1904.35,1910.31,331.00633075,2026-02-25 08:45:00+00:00
1772010000000,1910.26,1917.29,1908.19,1913.97,179.75600936,2026-02-25 09:00:00+00:00
1772010900000,1913.96,1915.94,1911.29,1912.0,57.17572005,2026-02-25 09:15:00+00:00
1772011800000,1913.0,1913.0,1909.16,1910.16,70.01128082,2026-02-25 09:30:00+00:00
1772012700000,1911.0,1915.89,1910.64,1915.26,941.73746472,2026-02-25 09:45:00+00:00
1772013600000,1915.26,1918.0,1912.86,1917.89,287.96113045,2026-02-25 10:00:00+00:00
1772014500000,1918.0,1923.51,1912.42,1912.82,131.75879735,2026-02-25 10:15:00+00:00
1772015400000,1912.96,1915.91,1912.1,1914.56,327.87214927,2026-02-25 10:30:00+00:00
1772016300000,1914.57,1915.99,1910.48,1912.92,138.44085325,2026-02-25 10:45:00+00:00
1772017200000,1912.87,1918.99,1908.12,1915.43,215.51380704,2026-02-25 11:00:00+00:00
1772018100000,1915.08,1922.7,1914.28,1920.46,203.91271805,2026-02-25 11:15:00+00:00
1772019000000,1920.46,1925.0,1919.77,1923.05,57.07833415,2026-02-25 11:30:00+00:00
1772019900000,1923.5,1927.95,1921.93,1926.02,135.96698552,2026-02-25 11:45:00+00:00
1772020800000,1926.26,1928.84,1922.41,1928.43,61.81662065,2026-02-25 12:00:00+00:00
1772021700000,1928.43,1941.99,1926.62,1938.67,1650.44689363,2026-02-25 12:15:00+00:00
1772022600000,1938.83,1943.71,1937.12,1939.2,320.62820613,2026-02-25 12:30:00+00:00
1772023500000,1939.2,1956.0,1939.14,1952.59,493.85381304,2026-02-25 12:45:00+00:00
1772024400000,1953.0,1961.58,1952.71,1956.36,628.12069386,2026-02-25 13:00:00+00:00
1772025300000,1955.99,1966.05,1953.29,1962.1,290.26897704,2026-02-25 13:15:00+00:00
1772026200000,1962.36,1969.24,1961.2,1964.65,149.92642392,2026-02-25 13:30:00+00:00
1772027100000,1965.23,1977.46,1963.43,1964.42,613.21496567,2026-02-25 13:45:00+00:00
1772028000000,1964.42,1970.34,1964.42,1969.54,117.29411768,2026-02-25 14:00:00+00:00
1772028900000,1969.4,1975.28,1968.06,1972.39,257.18990739,2026-02-25 14:15:00+00:00
1772029800000,1972.33,1982.94,1962.99,1968.75,809.10779891,2026-02-25 14:30:00+00:00
1772030700000,1968.99,2001.02,1968.91,1997.36,1632.0939312,2026-02-25 14:45:00+00:00
1772031600000,1997.86,2007.6,1987.03,1990.57,1036.8613576,2026-02-25 15:00:00+00:00
1772032500000,1991.07,2002.31,1988.51,2000.79,1359.32754798,2026-02-25 15:15:00+00:00
1772033400000,2000.99,2026.0,1997.42,2022.79,1756.01044972,2026-02-25 15:30:00+00:00
1772034300000,2024.0,2028.0,2007.79,2014.49,2576.62023611,2026-02-25 15:45:00+00:00
1772035200000,2014.56,2023.0,2013.95,2020.67,246.54650003,2026-02-25 16:00:00+00:00
1772036100000,2019.74,2042.82,2019.73,2031.1,812.51605782,2026-02-25 16:15:00+00:00
1772037000000,2031.4,2036.31,2026.44,2035.19,732.31818989,2026-02-25 16:30:00+00:00
1772037900000,2035.66,2049.32,2035.38,2046.16,421.81991773,2026-02-25 16:45:00+00:00
1772038800000,2046.81,2073.66,2044.84,2065.93,1161.13023096,2026-02-25 17:00:00+00:00
1772039700000,2065.21,2069.59,2056.14,2066.64,691.54685708,2026-02-25 17:15:00+00:00
1772040600000,2067.04,2078.12,2060.63,2076.86,803.9443538,2026-02-25 17:30:00+00:00
1772041500000,2076.86,2085.9,2070.71,2074.28,534.22504389,2026-02-25 17:45:00+00:00
1772042400000,2074.28,2074.69,2057.74,2069.21,275.71640486,2026-02-25 18:00:00+00:00
1772043300000,2069.83,2081.12,2062.04,2076.77,426.65839093,2026-02-25 18:15:00+00:00
1772044200000,2077.31,2077.9,2070.96,2071.76,234.65109229,2026-02-25 18:30:00+00:00
1772045100000,2071.75,2076.27,2065.86,2075.31,1288.91267992,2026-02-25 18:45:00+00:00
1772046000000,2074.89,2075.6,2060.97,2067.16,671.16100731,2026-02-25 19:00:00+00:00
1772046900000,2066.93,2069.48,2064.51,2068.08,423.45272496,2026-02-25 19:15:00+00:00
1772047800000,2068.16,2068.25,2061.01,2066.45,438.66271259,2026-02-25 19:30:00+00:00
1772048700000,2066.7,2074.0,2065.94,2071.45,182.1559512,2026-02-25 19:45:00+00:00
1772049600000,2071.66,2074.0,2062.57,2063.52,537.60419033,2026-02-25 20:00:00+00:00
1772050500000,2063.13,2067.59,2060.24,2060.24,122.27417456,2026-02-25 20:15:00+00:00
1772051400000,2060.35,2071.98,2058.83,2070.57,345.43391139,2026-02-25 20:30:00+00:00
1772052300000,2070.47,2083.44,2070.26,2075.11,563.98187455,2026-02-25 20:45:00+00:00
1772053200000,2076.05,2078.19,2071.57,2072.46,115.23346286,2026-02-25 21:00:00+00:00
1772054100000,2072.47,2076.84,2069.4,2069.86,407.21868546,2026-02-25 21:15:00+00:00
1772055000000,2068.44,2158.6,2067.33,2111.54,2600.64475094,2026-02-25 21:30:00+00:00
1772055900000,2111.49,2113.34,2094.01,2100.79,1666.03608767,2026-02-25 21:45:00+00:00
1772056800000,2100.77,2115.29,2100.77,2110.56,306.86728177,2026-02-25 22:00:00+00:00
1772057700000,2110.31,2112.57,2099.24,2100.18,225.5635604,2026-02-25 22:15:00+00:00
1772058600000,2101.19,2105.84,2085.06,2090.0,590.5865859,2026-02-25 22:30:00+00:00
1772059500000,2090.0,2094.22,2073.67,2084.17,436.83907887,2026-02-25 22:45:00+00:00
1772060400000,2083.19,2086.68,2073.88,2081.93,392.02851181,2026-02-25 23:00:00+00:00
1772061300000,2081.65,2081.65,2067.26,2070.36,332.19234235,2026-02-25 23:15:00+00:00
1772062200000,2069.94,2071.45,2035.07,2043.01,1121.73509573,2026-02-25 23:30:00+00:00
1772063100000,2042.31,2057.5,2038.5,2056.79,983.12624898,2026-02-25 23:45:00+00:00
1772064000000,2057.65,2066.47,2048.78,2062.9,671.42893615,2026-02-26 00:00:00+00:00
1772064900000,2063.5,2077.8,2063.19,2069.02,339.64633646,2026-02-26 00:15:00+00:00
1772065800000,2067.93,2074.81,2051.76,2059.39,480.72188685,2026-02-26 00:30:00+00:00
1772066700000,2058.82,2063.8,2056.69,2062.81,91.3068799,2026-02-26 00:45:00+00:00
1772067600000,2062.81,2066.58,2055.07,2063.03,326.94195809,2026-02-26 01:00:00+00:00
1772068500000,2062.58,2062.97,2055.26,2056.22,97.90256901,2026-02-26 01:15:00+00:00
1772069400000,2055.07,2065.59,2050.48,2059.08,94.52100012,2026-02-26 01:30:00+00:00
1772070300000,2058.31,2060.99,2053.68,2058.35,217.97442255,2026-02-26 01:45:00+00:00
1772071200000,2058.66,2059.0,2040.01,2041.58,488.3210314,2026-02-26 02:00:00+00:00
1772072100000,2042.47,2053.81,2042.47,2045.9,311.27370935,2026-02-26 02:15:00+00:00
1772073000000,2046.44,2055.65,2046.44,2055.47,188.02616738,2026-02-26 02:30:00+00:00
1772073900000,2054.97,2056.27,2049.8,2053.31,217.64090963,2026-02-26 02:45:00+00:00
1772074800000,2053.31,2056.11,2047.41,2051.09,233.74762073,2026-02-26 03:00:00+00:00
1772075700000,2050.75,2052.02,2047.93,2051.61,185.14481086,2026-02-26 03:15:00+00:00
1772076600000,2050.98,2059.58,2050.82,2057.44,314.14708866,2026-02-26 03:30:00+00:00
1772077500000,2057.09,2058.4,2054.52,2054.52,41.95054545,2026-02-26 03:45:00+00:00
1772078400000,2054.73,2067.58,2052.36,2062.59,512.20326014,2026-02-26 04:00:00+00:00
1772079300000,2062.71,2066.15,2057.95,2064.82,62.53278976,2026-02-26 04:15:00+00:00
1772080200000,2064.82,2083.12,2064.82,2076.14,392.47936174,2026-02-26 04:30:00+00:00
1772081100000,2075.72,2079.3,2074.03,2075.13,145.59432823,2026-02-26 04:45:00+00:00
1772082000000,2075.26,2075.29,2060.54,2063.2,144.95162938,2026-02-26 05:00:00+00:00
1772082900000,2062.88,2066.56,2057.62,2064.37,190.06965577,2026-02-26 05:15:00+00:00
1772083800000,2064.23,2066.89,2059.48,2065.34,36.20258731,2026-02-26 05:30:00+00:00
1772084700000,2065.09,2068.79,2063.59,2065.9,48.5659358,2026-02-26 05:45:00+00:00
1772085600000,2066.48,2076.19,2061.32,2073.58,146.61543396,2026-02-26 06:00:00+00:00
1772086500000,2073.52,2073.8,2064.69,2064.97,54.26929801,2026-02-26 06:15:00+00:00
1772087400000,2065.51,2065.51,2061.56,2061.87,45.0282127,2026-02-26 06:30:00+00:00
1772088300000,2062.12,2066.73,2060.1,2062.83,83.38026932,2026-02-26 06:45:00+00:00
1772089200000,2062.68,2068.38,2062.68,2065.55,97.78322489,2026-02-26 07:00:00+00:00
1772090100000,2065.6,2066.19,2061.32,2063.99,76.7291173,2026-02-26 07:15:00+00:00
1772091000000,2063.38,2064.35,2056.89,2058.86,44.10324347,2026-02-26 07:30:00+00:00
1772091900000,2058.84,2059.86,2052.3,2053.51,114.41885394,2026-02-26 07:45:00+00:00
1772092800000,2053.58,2055.91,2047.34,2052.7,148.22158885,2026-02-26 08:00:00+00:00
1772093700000,2052.61,2058.07,2045.95,2048.59,94.17233826,2026-02-26 08:15:00+00:00
1772094600000,2048.52,2052.49,2045.5,2048.91,229.79193999,2026-02-26 08:30:00+00:00
1772095500000,2049.94,2058.05,2048.33,2054.61,69.51595585,2026-02-26 08:45:00+00:00
1772096400000,2054.12,2074.21,2052.96,2069.76,484.0274214,2026-02-26 09:00:00+00:00
1772097300000,2069.51,2070.58,2065.43,2065.43,155.37813413,2026-02-26 09:15:00+00:00
1772098200000,2065.44,2077.08,2064.37,2074.0,474.57326209,2026-02-26 09:30:00+00:00
1772099100000,2073.59,2075.33,2072.5,2075.17,72.38212398,2026-02-26 09:45:00+00:00
1772100000000,2075.09,2082.77,2073.89,2073.89,107.44073766,2026-02-26 10:00:00+00:00
1772100900000,2074.09,2074.09,2066.72,2066.79,96.24068896,2026-02-26 10:15:00+00:00
1772101800000,2066.76,2072.22,2065.35,2072.22,107.17410811,2026-02-26 10:30:00+00:00
1772102700000,2072.58,2072.58,2062.62,2065.67,44.67124798,2026-02-26 10:45:00+00:00
1772103600000,2065.7,2066.66,2061.85,2064.64,116.24538672,2026-02-26 11:00:00+00:00
1772104500000,2064.13,2064.43,2058.0,2058.73,45.83611657,2026-02-26 11:15:00+00:00
1772105400000,2059.31,2062.0,2058.42,2059.08,29.19289784,2026-02-26 11:30:00+00:00
1772106300000,2059.26,2059.26,2053.96,2056.83,52.19303367,2026-02-26 11:45:00+00:00
1772107200000,2057.51,2064.56,2055.99,2062.54,50.3699753,2026-02-26 12:00:00+00:00
1772108100000,2062.82,2068.51,2062.67,2065.08,19.99426929,2026-02-26 12:15:00+00:00
1772109000000,2066.28,2069.99,2063.03,2066.48,51.07898846,2026-02-26 12:30:00+00:00
1772109900000,2065.0,2071.98,2063.43,2069.23,81.47901698,2026-02-26 12:45:00+00:00
1772110800000,2069.93,2069.93,2064.21,2065.26,49.5967249,2026-02-26 13:00:00+00:00
1772111700000,2065.09,2071.49,2061.91,2071.49,232.56388068,2026-02-26 13:15:00+00:00
1772112600000,2071.99,2071.99,2066.84,2068.41,112.81264606,2026-02-26 13:30:00+00:00
1772113500000,2068.32,2074.09,2063.44,2065.22,99.37744969,2026-02-26 13:45:00+00:00
1772114400000,2065.34,2068.85,2058.4,2066.0,507.16022807,2026-02-26 14:00:00+00:00
1772115300000,2066.36,2070.99,2062.88,2069.37,82.51350692,2026-02-26 14:15:00+00:00
1772116200000,2069.13,2077.87,2055.64,2060.44,260.14003688,2026-02-26 14:30:00+00:00
1772117100000,2060.09,2060.68,2034.59,2051.17,765.8333067,2026-02-26 14:45:00+00:00
1772118000000,2051.17,2054.19,2039.29,2042.54,674.0715363,2026-02-26 15:00:00+00:00
1772118900000,2040.66,2040.66,2017.06,2022.92,2002.08687716,2026-02-26 15:15:00+00:00
1772119800000,2022.89,2033.14,2012.18,2029.96,984.74622931,2026-02-26 15:30:00+00:00
1772120700000,2028.83,2036.65,2023.06,2033.12,1035.76211941,2026-02-26 15:45:00+00:00
1772121600000,2033.86,2039.03,2020.69,2026.26,377.18795055,2026-02-26 16:00:00+00:00
1772122500000,2026.55,2037.32,2026.02,2033.91,86.97788631,2026-02-26 16:15:00+00:00
1772123400000,2033.92,2034.62,2008.97,2011.6,960.38628842,2026-02-26 16:30:00+00:00
1772124300000,2011.87,2011.87,1979.2,1984.08,4830.7592937,2026-02-26 16:45:00+00:00
1772125200000,1984.08,1996.83,1983.35,1989.47,1079.41981013,2026-02-26 17:00:00+00:00
1772126100000,1989.47,1998.59,1986.77,1992.14,752.6050719,2026-02-26 17:15:00+00:00
1772127000000,1992.03,1996.6,1985.04,1988.19,526.64212667,2026-02-26 17:30:00+00:00
1772127900000,1988.7,1990.56,1983.15,1989.2,241.1957791,2026-02-26 17:45:00+00:00
1772128800000,1988.64,1992.17,1975.33,1983.24,796.58913255,2026-02-26 18:00:00+00:00
1772129700000,1983.11,1994.45,1982.5,1987.07,431.44202202,2026-02-26 18:15:00+00:00
1772130600000,1987.07,2009.53,1986.61,2008.82,641.16069864,2026-02-26 18:30:00+00:00
1772131500000,2008.35,2008.35,2001.17,2004.02,113.73622594,2026-02-26 18:45:00+00:00
1772132400000,2004.18,2032.28,2004.16,2020.47,1937.44893134,2026-02-26 19:00:00+00:00
1772133300000,2022.1,2031.95,2021.64,2025.37,433.35241324,2026-02-26 19:15:00+00:00
1773063000000,2017.95,2029.77,2008.62,2027.83,765.90081902,2026-03-09 13:30:00+00:00
1773063900000,2027.7,2029.18,2013.25,2019.93,310.86015772,2026-03-09 13:45:00+00:00
1773064800000,2018.27,2025.34,2007.91,2014.53,326.27657096,2026-03-09 14:00:00+00:00
1773065700000,2014.76,2031.44,2014.57,2020.56,1046.31212873,2026-03-09 14:15:00+00:00
1773066600000,2020.7,2032.99,2018.33,2030.42,442.78416429,2026-03-09 14:30:00+00:00
1773067500000,2030.56,2030.74,2021.18,2022.01,190.73310736,2026-03-09 14:45:00+00:00
1773068400000,2022.7,2025.43,2015.23,2024.07,151.2305002,2026-03-09 15:00:00+00:00
1773069300000,2025.7,2029.88,2022.42,2025.79,105.8021822,2026-03-09 15:15:00+00:00
1773070200000,2025.79,2028.41,2015.0,2020.22,253.68429152,2026-03-09 15:30:00+00:00
1773071100000,2020.22,2028.71,2020.21,2023.38,271.61193911,2026-03-09 15:45:00+00:00
1773072000000,2023.19,2032.46,2021.67,2023.92,92.93291278,2026-03-09 16:00:00+00:00
1773072900000,2023.81,2031.06,2020.0,2029.19,190.59775228,2026-03-09 16:15:00+00:00
1773073800000,2029.35,2030.9,2019.74,2030.54,263.32461039,2026-03-09 16:30:00+00:00
1773074700000,2029.17,2038.54,2025.75,2027.73,339.87403172,2026-03-09 16:45:00+00:00
1773075600000,2027.73,2031.43,2025.69,2029.84,60.73756954,2026-03-09 17:00:00+00:00
1773076500000,2029.34,2031.99,2020.0,2020.68,117.19913969,2026-03-09 17:15:00+00:00
1773077400000,2020.66,2023.61,2006.49,2011.18,241.16687442,2026-03-09 17:30:00+00:00
1773078300000,2011.13,2019.91,2010.15,2017.37,111.48968513,2026-03-09 17:45:00+00:00
1773079200000,2017.2,2017.2,2006.96,2012.65,1115.44993838,2026-03-09 18:00:00+00:00
1773080100000,2012.44,2022.98,2011.86,2018.17,447.7865229,2026-03-09 18:15:00+00:00
1773081000000,2018.31,2022.55,2016.0,2016.95,290.46414677,2026-03-09 18:30:00+00:00
1773081900000,2016.97,2019.03,2010.64,2012.36,103.528707,2026-03-09 18:45:00+00:00
1773082800000,2012.27,2014.99,2010.54,2010.77,169.04425806,2026-03-09 19:00:00+00:00
1773083700000,2010.78,2050.33,2010.78,2050.33,886.84161381,2026-03-09 19:15:00+00:00
1773084600000,2050.06,2054.96,2027.07,2033.33,1714.55063463,2026-03-09 19:30:00+00:00
1773085500000,2031.99,2037.41,2028.86,2034.81,235.85357333,2026-03-09 19:45:00+00:00
1773086400000,2034.92,2037.85,2031.77,2031.88,83.39789755,2026-03-09 20:00:00+00:00
1773087300000,2032.11,2033.1,2029.37,2032.1,169.72005902,2026-03-09 20:15:00+00:00
1773088200000,2031.63,2031.63,2021.65,2023.17,1591.69635068,2026-03-09 20:30:00+00:00
1773089100000,2023.17,2028.68,2020.0,2026.44,177.37286223,2026-03-09 20:45:00+00:00
1773090000000,2026.09,2035.99,2026.09,2031.88,68.95042452,2026-03-09 21:00:00+00:00
1773090900000,2031.48,2031.48,2028.44,2028.44,36.89829619,2026-03-09 21:15:00+00:00
1773091800000,2028.45,2029.3,2022.63,2028.53,54.07134553,2026-03-09 21:30:00+00:00
1773092700000,2027.59,2030.07,2025.93,2028.11,82.5272533,2026-03-09 21:45:00+00:00
1773093600000,2028.47,2030.72,2018.83,2023.69,332.68444481,2026-03-09 22:00:00+00:00
1773094500000,2023.46,2023.46,2019.37,2022.07,47.44237031,2026-03-09 22:15:00+00:00
1773095400000,2022.61,2022.61,2007.79,2011.2,734.26243748,2026-03-09 22:30:00+00:00
1773096300000,2011.2,2011.99,2000.0,2002.84,1156.38055018,2026-03-09 22:45:00+00:00
1773097200000,2002.81,2007.61,1997.88,2003.81,1009.31129402,2026-03-09 23:00:00+00:00
1773098100000,2003.83,2004.5,1997.92,1999.33,1035.61451779,2026-03-09 23:15:00+00:00
1773099000000,1999.3,2002.29,1997.64,1998.44,261.45558238,2026-03-09 23:30:00+00:00
1773099900000,1998.07,1998.07,1989.55,1994.57,682.05014864,2026-03-09 23:45:00+00:00
1773100800000,1993.39,1995.81,1991.4,1994.77,166.08816179,2026-03-10 00:00:00+00:00
1773101700000,1995.12,2015.47,1995.12,2014.28,1636.51514907,2026-03-10 00:15:00+00:00
1773102600000,2013.99,2019.52,2009.17,2019.08,708.08387946,2026-03-10 00:30:00+00:00
1773103500000,2018.38,2022.6,2013.47,2015.52,287.02512275,2026-03-10 00:45:00+00:00
1773104400000,2015.76,2021.1,2013.71,2018.59,152.67012363,2026-03-10 01:00:00+00:00
1773105300000,2018.16,2019.38,2010.25,2012.94,110.30904946,2026-03-10 01:15:00+00:00
1773106200000,2012.64,2015.65,2007.1,2010.65,94.69068384,2026-03-10 01:30:00+00:00
1773107100000,2010.1,2025.0,2009.78,2020.05,1059.07960339,2026-03-10 01:45:00+00:00
1773108000000,2019.75,2021.6,2014.64,2020.01,67.89631709,2026-03-10 02:00:00+00:00
1773108900000,2019.79,2022.38,2016.08,2021.35,532.45750058,2026-03-10 02:15:00+00:00
1773109800000,2021.13,2053.71,2021.13,2047.31,1183.26214844,2026-03-10 02:30:00+00:00
1773110700000,2046.84,2053.32,2041.18,2042.38,121.54901402,2026-03-10 02:45:00+00:00
1773111600000,2042.5,2046.21,2038.71,2043.03,259.83563467,2026-03-10 03:00:00+00:00
1773112500000,2042.86,2048.08,2041.28,2042.91,440.61837418,2026-03-10 03:15:00+00:00
1773113400000,2042.95,2043.16,2034.3,2034.3,313.9916501,2026-03-10 03:30:00+00:00
1773114300000,2034.47,2034.47,2023.56,2026.95,174.80760056,2026-03-10 03:45:00+00:00
1773115200000,2027.01,2035.51,2026.61,2034.83,90.60865557,2026-03-10 04:00:00+00:00
1773116100000,2034.62,2039.0,2031.77,2036.69,34.99753312,2026-03-10 04:15:00+00:00
1773117000000,2036.24,2041.94,2036.07,2041.35,47.98564205,2026-03-10 04:30:00+00:00
1773117900000,2041.35,2046.65,2039.15,2045.0,116.48909529,2026-03-10 04:45:00+00:00
1773118800000,2045.37,2055.18,2043.93,2048.44,155.03675719,2026-03-10 05:00:00+00:00
1773119700000,2048.31,2053.27,2042.79,2043.91,244.88334231,2026-03-10 05:15:00+00:00
1773120600000,2043.91,2048.46,2041.5,2041.68,228.91675933,2026-03-10 05:30:00+00:00
1773121500000,2041.44,2044.94,2040.59,2043.89,235.9715475,2026-03-10 05:45:00+00:00
1773122400000,2043.9,2044.5,2040.01,2041.02,46.55330308,2026-03-10 06:00:00+00:00
1773123300000,2041.59,2048.25,2036.5,2048.25,129.30319759,2026-03-10 06:15:00+00:00
1773124200000,2047.81,2048.69,2044.64,2045.17,125.82431923,2026-03-10 06:30:00+00:00
1773125100000,2042.69,2046.45,2042.0,2044.19,128.17134357,2026-03-10 06:45:00+00:00
1773126000000,2043.96,2052.76,2040.99,2047.8,508.29854011,2026-03-10 07:00:00+00:00
1773126900000,2047.42,2059.53,2047.42,2052.96,414.93655691,2026-03-10 07:15:00+00:00
1773127800000,2051.93,2053.25,2048.7,2050.34,56.40811165,2026-03-10 07:30:00+00:00
1773128700000,2050.34,2054.41,2048.76,2050.44,71.94164664,2026-03-10 07:45:00+00:00
1773129600000,2051.53,2065.79,2051.53,2059.68,785.78804308,2026-03-10 08:00:00+00:00
1773130500000,2059.66,2066.65,2057.16,2062.24,530.93408164,2026-03-10 08:15:00+00:00
1773131400000,2062.09,2070.46,2062.09,2067.47,413.23872742,2026-03-10 08:30:00+00:00
1773132300000,2066.22,2066.22,2056.56,2057.19,212.08704739,2026-03-10 08:45:00+00:00
1773133200000,2056.76,2061.88,2056.3,2061.79,168.71410203,2026-03-10 09:00:00+00:00
1773134100000,2060.52,2073.88,2058.55,2069.98,339.1455115,2026-03-10 09:15:00+00:00
1773135000000,2069.62,2070.85,2067.15,2068.63,217.57019835,2026-03-10 09:30:00+00:00
1773135900000,2068.29,2069.99,2065.25,2068.96,224.64561004,2026-03-10 09:45:00+00:00
1773136800000,2068.44,2068.78,2061.51,2063.13,292.93065119,2026-03-10 10:00:00+00:00
1773137700000,2062.94,2063.69,2059.82,2061.62,56.49437204,2026-03-10 10:15:00+00:00
1773138600000,2061.22,2065.51,2055.87,2058.1,224.09818876,2026-03-10 10:30:00+00:00
1773139500000,2057.56,2064.0,2056.98,2062.82,105.59242391,2026-03-10 10:45:00+00:00
1773140400000,2062.82,2068.59,2058.25,2058.87,177.66587842,2026-03-10 11:00:00+00:00
1773141300000,2058.01,2065.49,2056.96,2064.4,511.04466878,2026-03-10 11:15:00+00:00
1773142200000,2065.0,2065.46,2060.23,2060.92,48.60321151,2026-03-10 11:30:00+00:00
1773143100000,2061.3,2065.49,2061.01,2061.99,118.30936839,2026-03-10 11:45:00+00:00
1773144000000,2061.86,2062.39,2055.01,2058.3,207.61149336,2026-03-10 12:00:00+00:00
1773144900000,2058.13,2059.24,2052.44,2052.82,194.47359797,2026-03-10 12:15:00+00:00
1773145800000,2052.94,2055.79,2049.41,2050.58,228.43567852,2026-03-10 12:30:00+00:00
1773146700000,2050.6,2052.69,2048.67,2049.59,229.70659574,2026-03-10 12:45:00+00:00
1773147600000,2049.6,2057.29,2049.6,2055.13,638.61197562,2026-03-10 13:00:00+00:00
1773148500000,2055.13,2060.4,2053.15,2054.5,155.18075456,2026-03-10 13:15:00+00:00
1773149400000,2054.44,2057.04,2025.25,2031.5,2255.9019468,2026-03-10 13:30:00+00:00
1773150300000,2030.57,2044.22,2028.47,2034.05,165.51723444,2026-03-10 13:45:00+00:00
1773151200000,2033.81,2037.54,2013.38,2016.04,427.816068,2026-03-10 14:00:00+00:00
1773152100000,2015.08,2027.64,2009.45,2024.77,366.34241791,2026-03-10 14:15:00+00:00
1773153000000,2024.88,2047.26,2024.88,2045.77,285.68228505,2026-03-10 14:30:00+00:00
1773153900000,2045.96,2080.88,2042.71,2075.23,1213.68921019,2026-03-10 14:45:00+00:00
1773154800000,2076.02,2085.99,2064.64,2069.9,2563.94870608,2026-03-10 15:00:00+00:00
1773155700000,2067.35,2074.13,2060.42,2070.43,392.15990811,2026-03-10 15:15:00+00:00
1773156600000,2069.34,2078.69,2063.26,2070.61,561.58228944,2026-03-10 15:30:00+00:00
1773157500000,2070.6,2081.5,2067.67,2079.84,172.88911054,2026-03-10 15:45:00+00:00
1773158400000,2079.84,2081.46,2070.43,2073.06,290.97985048,2026-03-10 16:00:00+00:00
1773159300000,2073.34,2088.25,2073.34,2080.37,946.45465963,2026-03-10 16:15:00+00:00
1773160200000,2080.84,2086.54,2077.89,2085.92,272.75303839,2026-03-10 16:30:00+00:00
1773161100000,2086.02,2086.02,2079.33,2081.13,2107.7982452,2026-03-10 16:45:00+00:00
1773162000000,2081.31,2085.61,2076.34,2077.18,713.98390356,2026-03-10 17:00:00+00:00
1773162900000,2077.17,2081.56,2071.08,2073.03,445.43451753,2026-03-10 17:15:00+00:00
1773163800000,2072.84,2079.56,2058.93,2065.91,1042.05296887,2026-03-10 17:30:00+00:00
1773164700000,2065.9,2077.35,2062.39,2072.33,522.74706487,2026-03-10 17:45:00+00:00
1773165600000,2072.25,2073.4,2050.0,2050.0,562.71171948,2026-03-10 18:00:00+00:00
1773166500000,2050.01,2055.67,2038.91,2048.89,1575.06823357,2026-03-10 18:15:00+00:00
1773167400000,2047.54,2055.54,2041.01,2042.0,285.56118333,2026-03-10 18:30:00+00:00
1773168300000,2041.37,2047.31,2035.89,2039.86,293.52738729,2026-03-10 18:45:00+00:00
1773169200000,2040.09,2043.3,2030.79,2036.07,486.33163169,2026-03-10 19:00:00+00:00
1773170100000,2036.19,2044.0,2030.48,2033.0,305.01158086,2026-03-10 19:15:00+00:00
1773171000000,2032.14,2040.84,2027.34,2039.01,991.7945822,2026-03-10 19:30:00+00:00
1773171900000,2037.85,2039.37,2035.0,2037.54,70.5756008,2026-03-10 19:45:00+00:00
1773172800000,2036.89,2042.45,2035.87,2040.43,418.08295542,2026-03-10 20:00:00+00:00
1773173700000,2040.37,2046.3,2038.48,2045.62,338.54031232,2026-03-10 20:15:00+00:00
1773174600000,2045.45,2046.82,2042.18,2042.92,266.64249099,2026-03-10 20:30:00+00:00
1773175500000,2044.03,2044.31,2041.28,2043.05,107.44678953,2026-03-10 20:45:00+00:00
1773176400000,2042.92,2047.53,2038.89,2038.9,70.13587506,2026-03-10 21:00:00+00:00
1773177300000,2038.76,2041.0,2038.47,2040.02,44.30209911,2026-03-10 21:15:00+00:00
1773178200000,2040.57,2041.48,2028.36,2029.9,177.59134354,2026-03-10 21:30:00+00:00
1773179100000,2029.28,2030.88,2019.67,2029.55,398.40269618,2026-03-10 21:45:00+00:00
1773180000000,2029.56,2032.09,2021.33,2025.36,180.18543289,2026-03-10 22:00:00+00:00
1773180900000,2025.27,2031.94,2021.22,2029.08,111.54166118,2026-03-10 22:15:00+00:00
1773181800000,2028.43,2029.0,2023.05,2028.29,183.07471613,2026-03-10 22:30:00+00:00
1773182700000,2027.97,2031.6,2026.05,2027.51,89.31561839,2026-03-10 22:45:00+00:00
1773183600000,2027.79,2035.33,2027.79,2034.41,49.72406951,2026-03-10 23:00:00+00:00
1773184500000,2034.38,2035.51,2030.42,2033.46,111.32989381,2026-03-10 23:15:00+00:00
1773185400000,2033.38,2035.83,2032.89,2034.02,64.60573946,2026-03-10 23:30:00+00:00
1773186300000,2033.95,2037.64,2033.95,2037.16,173.45934095,2026-03-10 23:45:00+00:00
1773187200000,2036.97,2040.01,2031.32,2039.07,200.79395522,2026-03-11 00:00:00+00:00
1773188100000,2039.07,2040.26,2034.73,2038.37,107.71812007,2026-03-11 00:15:00+00:00
1773189000000,2037.98,2038.24,2029.61,2030.01,142.6915599,2026-03-11 00:30:00+00:00
1773189900000,2030.01,2041.93,2030.01,2038.14,39.51187675,2026-03-11 00:45:00+00:00
1773190800000,2038.37,2041.64,2035.79,2040.18,105.01291449,2026-03-11 01:00:00+00:00
1773191700000,2038.55,2040.23,2033.19,2036.14,46.27240956,2026-03-11 01:15:00+00:00
1773192600000,2036.85,2037.21,2028.57,2032.32,108.77038687,2026-03-11 01:30:00+00:00
1773193500000,2032.32,2038.0,2031.52,2036.33,20.99382986,2026-03-11 01:45:00+00:00
1773194400000,2036.33,2038.92,2034.25,2034.25,34.54371679,2026-03-11 02:00:00+00:00
1773195300000,2034.31,2036.05,2032.33,2033.52,130.11853718,2026-03-11 02:15:00+00:00
1773196200000,2033.52,2033.54,2019.56,2022.25,165.42647921,2026-03-11 02:30:00+00:00
1773197100000,2022.83,2026.94,2019.96,2026.47,185.22342424,2026-03-11 02:45:00+00:00
1773198000000,2027.09,2029.54,2023.47,2024.4,36.86136955,2026-03-11 03:00:00+00:00
1773198900000,2024.05,2025.35,2018.69,2020.37,96.79726057,2026-03-11 03:15:00+00:00
1773199800000,2020.38,2023.0,2019.64,2020.95,1045.12665776,2026-03-11 03:30:00+00:00
1773200700000,2020.94,2022.87,2018.47,2021.37,104.78674453,2026-03-11 03:45:00+00:00
1773201600000,2021.55,2023.86,2018.74,2023.86,38.87673085,2026-03-11 04:00:00+00:00
1773202500000,2025.24,2036.22,2024.13,2034.96,1170.19984101,2026-03-11 04:15:00+00:00
1773203400000,2034.94,2036.79,2033.16,2034.43,123.59191755,2026-03-11 04:30:00+00:00
1773204300000,2034.09,2040.98,2033.83,2039.49,48.5581875,2026-03-11 04:45:00+00:00
1773205200000,2039.38,2041.0,2036.47,2037.2,82.19534405,2026-03-11 05:00:00+00:00
1773206100000,2037.21,2037.24,2032.36,2032.38,68.76949716,2026-03-11 05:15:00+00:00
1773207000000,2032.38,2032.38,2011.98,2017.83,414.13789863,2026-03-11 05:30:00+00:00
1773207900000,2017.05,2018.74,2013.75,2014.4,59.86957306,2026-03-11 05:45:00+00:00
1773208800000,2014.4,2018.58,2014.38,2018.12,212.73258868,2026-03-11 06:00:00+00:00
1773209700000,2017.8,2020.12,2016.4,2019.09,963.6087271,2026-03-11 06:15:00+00:00
1773210600000,2020.12,2024.19,2020.12,2021.47,236.90631375,2026-03-11 06:30:00+00:00
1773211500000,2021.36,2025.16,2018.74,2024.32,222.25323405,2026-03-11 06:45:00+00:00
1773212400000,2024.47,2025.42,2022.56,2023.56,22.0741518,2026-03-11 07:00:00+00:00
1773213300000,2023.62,2023.63,2020.03,2020.25,31.03891247,2026-03-11 07:15:00+00:00
1773214200000,2019.65,2019.65,2007.5,2011.52,122.65626052,2026-03-11 07:30:00+00:00
1773215100000,2011.2,2015.17,2010.96,2012.69,198.53511479,2026-03-11 07:45:00+00:00
1773216000000,2012.68,2015.73,2011.15,2013.14,257.08111652,2026-03-11 08:00:00+00:00
1773216900000,2012.89,2013.59,2009.58,2011.0,16.58595284,2026-03-11 08:15:00+00:00
1773217800000,2011.03,2025.67,2011.01,2022.37,323.56072502,2026-03-11 08:30:00+00:00
1773218700000,2022.24,2025.97,2018.11,2024.84,76.80982195,2026-03-11 08:45:00+00:00
1773219600000,2024.21,2024.21,2018.55,2018.97,48.49618778,2026-03-11 09:00:00+00:00
1773220500000,2018.96,2022.48,2018.22,2018.41,19.26806501,2026-03-11 09:15:00+00:00
1773221400000,2018.4,2022.36,2015.55,2020.44,140.45316074,2026-03-11 09:30:00+00:00
1773222300000,2020.63,2026.62,2015.56,2017.96,59.44025113,2026-03-11 09:45:00+00:00
1773223200000,2018.15,2022.03,2017.61,2021.82,51.96548163,2026-03-11 10:00:00+00:00
1773224100000,2021.82,2024.25,2019.69,2021.22,40.37899212,2026-03-11 10:15:00+00:00
1773225000000,2021.22,2031.59,2021.21,2029.57,135.49641446,2026-03-11 10:30:00+00:00
1773225900000,2030.33,2030.33,2027.18,2028.86,46.05386097,2026-03-11 10:45:00+00:00
1773226800000,2028.91,2033.53,2026.5,2032.84,181.94681786,2026-03-11 11:00:00+00:00
1773227700000,2032.84,2033.59,2022.78,2023.69,32.23511372,2026-03-11 11:15:00+00:00
1773228600000,2023.61,2025.88,2019.41,2020.99,74.47772638,2026-03-11 11:30:00+00:00
1773229500000,2021.36,2023.41,2016.48,2018.19,128.778927,2026-03-11 11:45:00+00:00
1773230400000,2017.91,2021.75,2013.1,2020.28,380.82655286,2026-03-11 12:00:00+00:00
1773231300000,2020.27,2026.34,2019.68,2024.98,134.56801224,2026-03-11 12:15:00+00:00
1773232200000,2025.92,2035.41,2019.86,2022.55,286.59301462,2026-03-11 12:30:00+00:00
1773233100000,2022.55,2025.61,2019.61,2023.0,266.34446569,2026-03-11 12:45:00+00:00
1773234000000,2023.09,2038.0,2022.22,2035.36,126.32073223,2026-03-11 13:00:00+00:00
1773234900000,2034.44,2049.59,2034.44,2046.29,463.90052666,2026-03-11 13:15:00+00:00
1773235800000,2046.85,2083.22,2046.85,2063.57,821.83959653,2026-03-11 13:30:00+00:00
1773236700000,2063.29,2067.79,2039.43,2051.47,385.62578828,2026-03-11 13:45:00+00:00
1773237600000,2051.5,2065.57,2043.45,2050.16,270.33317953,2026-03-11 14:00:00+00:00
1773238500000,2050.91,2065.52,2049.39,2065.52,336.91254217,2026-03-11 14:15:00+00:00
1773239400000,2063.62,2075.0,2057.27,2072.96,1053.37233664,2026-03-11 14:30:00+00:00
1773240300000,2072.95,2078.01,2060.37,2062.61,315.13939479,2026-03-11 14:45:00+00:00
1773241200000,2063.09,2065.93,2042.17,2046.65,317.08890801,2026-03-11 15:00:00+00:00
1773242100000,2046.7,2058.91,2044.55,2051.0,109.64642991,2026-03-11 15:15:00+00:00
1773243000000,2049.58,2049.58,2030.89,2041.38,167.86949609,2026-03-11 15:30:00+00:00
1773243900000,2040.06,2051.97,2037.41,2049.72,257.76710492,2026-03-11 15:45:00+00:00
1773244800000,2050.37,2055.66,2046.99,2054.53,173.31793482,2026-03-11 16:00:00+00:00
1773245700000,2054.53,2062.19,2051.04,2056.43,120.62602441,2026-03-11 16:15:00+00:00
1773246600000,2056.44,2070.0,2056.17,2070.0,909.23844292,2026-03-11 16:30:00+00:00
1773247500000,2069.0,2074.06,2064.07,2067.38,248.68615026,2026-03-11 16:45:00+00:00
1773248400000,2067.78,2077.15,2067.23,2071.61,664.50948686,2026-03-11 17:00:00+00:00
1773249300000,2071.61,2086.22,2071.61,2082.88,759.47101544,2026-03-11 17:15:00+00:00
1773250200000,2083.32,2085.5,2058.79,2070.72,2324.66153068,2026-03-11 17:30:00+00:00
1773251100000,2070.0,2071.95,2062.91,2068.23,374.38302542,2026-03-11 17:45:00+00:00
1773252000000,2068.23,2072.0,2064.94,2068.84,251.47902336,2026-03-11 18:00:00+00:00
1773252900000,2068.79,2075.34,2066.13,2075.0,195.44412379,2026-03-11 18:15:00+00:00
1773253800000,2073.23,2076.91,2066.77,2069.27,1321.52785539,2026-03-11 18:30:00+00:00
1773254700000,2069.44,2079.86,2069.08,2077.25,1208.43865972,2026-03-11 18:45:00+00:00
1773255600000,2077.13,2077.13,2070.18,2072.34,135.88242155,2026-03-11 19:00:00+00:00
1773256500000,2071.56,2075.7,2069.13,2072.35,52.65443116,2026-03-11 19:15:00+00:00
1773257400000,2072.35,2078.7,2070.12,2075.7,133.86089573,2026-03-11 19:30:00+00:00
1773258300000,2075.67,2078.34,2074.06,2077.07,260.47200129,2026-03-11 19:45:00+00:00
1773259200000,2076.98,2076.98,2068.39,2069.24,77.48210184,2026-03-11 20:00:00+00:00
1773260100000,2069.24,2072.58,2068.47,2069.85,95.68560564,2026-03-11 20:15:00+00:00
1773261000000,2069.84,2072.08,2067.55,2070.97,28.32635658,2026-03-11 20:30:00+00:00
1773261900000,2070.97,2071.93,2066.54,2068.6,70.13864231,2026-03-11 20:45:00+00:00
1773262800000,2068.64,2072.01,2063.68,2066.37,140.87142357,2026-03-11 21:00:00+00:00
1773263700000,2065.81,2067.18,2064.73,2066.14,51.93522092,2026-03-11 21:15:00+00:00
1773264600000,2066.48,2070.64,2066.47,2068.4,55.28711826,2026-03-11 21:30:00+00:00
1773265500000,2069.04,2074.42,2068.29,2073.61,105.52301467,2026-03-11 21:45:00+00:00
1773266400000,2073.88,2084.77,2069.83,2080.87,355.88200911,2026-03-11 22:00:00+00:00
1773267300000,2080.23,2080.28,2068.5,2068.81,186.90468655,2026-03-11 22:15:00+00:00
1773268200000,2069.05,2070.66,2062.19,2065.32,194.8702982,2026-03-11 22:30:00+00:00
1773269100000,2064.68,2067.39,2059.62,2061.91,48.56010803,2026-03-11 22:45:00+00:00
1773270000000,2061.9,2065.03,2061.23,2062.77,49.34102639,2026-03-11 23:00:00+00:00
1773270900000,2061.81,2061.81,2057.55,2059.56,191.85572292,2026-03-11 23:15:00+00:00
1773271800000,2058.89,2059.99,2054.14,2054.94,348.01782946,2026-03-11 23:30:00+00:00
1773272700000,2055.03,2056.36,2045.85,2052.18,908.99301269,2026-03-11 23:45:00+00:00
1773273600000,2052.29,2054.83,2048.69,2052.89,72.23655404,2026-03-12 00:00:00+00:00
1773274500000,2052.53,2057.48,2049.46,2055.65,59.36587436,2026-03-12 00:15:00+00:00
1773275400000,2054.48,2057.98,2050.94,2056.62,65.86782671,2026-03-12 00:30:00+00:00
1773276300000,2056.07,2056.73,2054.83,2055.86,59.84383293,2026-03-12 00:45:00+00:00
1773277200000,2055.99,2056.02,2042.68,2048.38,608.02997545,2026-03-12 01:00:00+00:00
1773278100000,2047.91,2050.69,2047.1,2049.84,68.87790248,2026-03-12 01:15:00+00:00
1773279000000,2049.56,2052.5,2045.65,2051.69,42.66312322,2026-03-12 01:30:00+00:00
1773279900000,2051.69,2053.06,2045.16,2046.22,45.85299647,2026-03-12 01:45:00+00:00
1773280800000,2046.22,2047.88,2042.88,2044.61,43.54577947,2026-03-12 02:00:00+00:00
1773281700000,2044.5,2045.47,2035.85,2040.18,111.81668053,2026-03-12 02:15:00+00:00
1773282600000,2040.05,2040.79,2026.65,2032.82,425.27444164,2026-03-12 02:30:00+00:00
1773283500000,2032.83,2033.32,2022.23,2024.85,261.10642255,2026-03-12 02:45:00+00:00
1773284400000,2025.0,2028.41,2024.07,2025.77,241.51356224,2026-03-12 03:00:00+00:00
1773285300000,2025.78,2031.88,2025.35,2029.44,57.19589192,2026-03-12 03:15:00+00:00
1773286200000,2028.88,2034.26,2028.42,2031.25,71.64959269,2026-03-12 03:30:00+00:00
1773287100000,2031.26,2031.26,2018.19,2023.55,193.199832,2026-03-12 03:45:00+00:00
1773288000000,2023.55,2029.45,2022.75,2028.63,31.85204877,2026-03-12 04:00:00+00:00
1773288900000,2028.61,2029.3,2025.97,2026.94,28.30474157,2026-03-12 04:15:00+00:00
1773289800000,2026.93,2027.3,2022.0,2025.07,85.36414752,2026-03-12 04:30:00+00:00
1773290700000,2025.23,2025.23,2022.0,2023.22,205.29599537,2026-03-12 04:45:00+00:00
1773291600000,2023.22,2026.96,2022.21,2023.5,155.64717801,2026-03-12 05:00:00+00:00
1773292500000,2023.54,2024.33,2019.27,2020.3,45.70077095,2026-03-12 05:15:00+00:00
1773293400000,2020.96,2027.72,2020.96,2027.37,44.42439707,2026-03-12 05:30:00+00:00
1773294300000,2027.05,2027.36,2023.91,2026.83,24.21461811,2026-03-12 05:45:00+00:00
1773295200000,2026.84,2029.12,2024.64,2029.1,136.551845,2026-03-12 06:00:00+00:00
1773296100000,2029.1,2030.64,2027.07,2030.64,115.26449523,2026-03-12 06:15:00+00:00
1773297000000,2030.65,2031.33,2026.45,2029.29,11.47343738,2026-03-12 06:30:00+00:00
1773297900000,2029.65,2031.02,2028.05,2029.83,27.4169044,2026-03-12 06:45:00+00:00
1773298800000,2030.75,2031.17,2026.32,2028.93,15.58870982,2026-03-12 07:00:00+00:00
1773299700000,2028.78,2035.01,2028.77,2034.0,49.6190097,2026-03-12 07:15:00+00:00
1773300600000,2034.12,2040.06,2033.92,2037.25,236.53580117,2026-03-12 07:30:00+00:00
1773301500000,2037.32,2041.57,2036.86,2040.49,127.50180652,2026-03-12 07:45:00+00:00
1773302400000,2040.74,2045.24,2038.8,2039.99,41.34351355,2026-03-12 08:00:00+00:00
1773303300000,2039.74,2053.26,2039.07,2044.71,156.99444026,2026-03-12 08:15:00+00:00
1773304200000,2044.67,2047.91,2042.07,2045.18,87.09656625,2026-03-12 08:30:00+00:00
1773305100000,2046.19,2048.4,2045.0,2047.49,48.91739003,2026-03-12 08:45:00+00:00
1773306000000,2047.49,2048.69,2042.6,2042.6,61.93154986,2026-03-12 09:00:00+00:00
1773306900000,2043.26,2043.7,2038.68,2041.27,103.87401759,2026-03-12 09:15:00+00:00
1773307800000,2041.75,2062.61,2039.8,2062.01,150.32128687,2026-03-12 09:30:00+00:00
1773308700000,2062.0,2065.84,2049.9,2055.74,225.33201325,2026-03-12 09:45:00+00:00
1773309600000,2055.93,2059.93,2053.71,2055.38,183.7178406,2026-03-12 10:00:00+00:00
1773310500000,2056.12,2064.01,2054.66,2062.5,423.8714468,2026-03-12 10:15:00+00:00
1773311400000,2062.94,2074.17,2062.4,2071.35,178.63059017,2026-03-12 10:30:00+00:00
1773312300000,2071.0,2075.2,2069.27,2070.45,95.86888276,2026-03-12 10:45:00+00:00
1773313200000,2070.28,2072.52,2067.71,2067.88,280.63972831,2026-03-12 11:00:00+00:00
1773314100000,2068.09,2073.44,2066.67,2070.45,316.00990228,2026-03-12 11:15:00+00:00
1773315000000,2070.59,2075.65,2069.63,2074.13,112.07446383,2026-03-12 11:30:00+00:00
1773315900000,2074.54,2076.56,2059.17,2063.48,327.30565196,2026-03-12 11:45:00+00:00
1773316800000,2063.33,2065.1,2058.39,2060.34,164.1349242,2026-03-12 12:00:00+00:00
1773317700000,2060.0,2066.76,2059.33,2065.36,99.22365837,2026-03-12 12:15:00+00:00
1773318600000,2064.94,2068.25,2059.71,2067.66,66.06136535,2026-03-12 12:30:00+00:00
1773319500000,2067.67,2070.68,2063.93,2065.56,111.67486334,2026-03-12 12:45:00+00:00
1773320400000,2065.75,2069.35,2064.69,2065.69,66.92001184,2026-03-12 13:00:00+00:00
1773321300000,2066.0,2066.0,2052.29,2057.43,269.84669127,2026-03-12 13:15:00+00:00
1773322200000,2057.4,2081.22,2052.7,2069.2,614.62275159,2026-03-12 13:30:00+00:00
1773323100000,2069.08,2072.69,2056.27,2065.1,196.39765939,2026-03-12 13:45:00+00:00
1773324000000,2065.16,2082.71,2065.16,2079.97,444.66290556,2026-03-12 14:00:00+00:00
1773324900000,2080.86,2094.56,2058.55,2059.44,2261.75176648,2026-03-12 14:15:00+00:00
1773325800000,2059.18,2061.23,2038.65,2045.5,790.80587116,2026-03-12 14:30:00+00:00
1773326700000,2046.8,2052.38,2039.05,2045.74,270.21118575,2026-03-12 14:45:00+00:00
1773327600000,2045.74,2051.66,2039.67,2050.39,209.24916624,2026-03-12 15:00:00+00:00
1773328500000,2049.5,2070.29,2047.76,2068.6,558.99598496,2026-03-12 15:15:00+00:00
1773329400000,2068.6,2082.49,2065.7,2074.8,318.6498593,2026-03-12 15:30:00+00:00
1773330300000,2074.81,2078.22,2068.58,2073.06,328.98492107,2026-03-12 15:45:00+00:00
1773331200000,2072.86,2077.47,2056.71,2065.14,212.55536402,2026-03-12 16:00:00+00:00
1773332100000,2065.48,2077.98,2064.01,2064.01,128.94288936,2026-03-12 16:15:00+00:00
1773333000000,2064.0,2075.99,2063.84,2071.54,57.98712786,2026-03-12 16:30:00+00:00
1773333900000,2071.2,2073.0,2065.83,2070.1,171.45962921,2026-03-12 16:45:00+00:00
1773334800000,2070.13,2075.0,2068.92,2070.04,256.37277818,2026-03-12 17:00:00+00:00
1773335700000,2069.69,2069.71,2059.99,2062.38,176.71477004,2026-03-12 17:15:00+00:00
1773336600000,2061.8,2067.89,2061.56,2066.47,94.84011473,2026-03-12 17:30:00+00:00
1773337500000,2064.47,2067.43,2056.7,2058.67,246.39245649,2026-03-12 17:45:00+00:00
1773338400000,2058.67,2062.2,2054.52,2057.29,196.04040076,2026-03-12 18:00:00+00:00
1773339300000,2057.52,2059.99,2047.4,2053.38,133.05172984,2026-03-12 18:15:00+00:00
1773340200000,2053.62,2058.76,2052.68,2054.58,74.82995277,2026-03-12 18:30:00+00:00
1773341100000,2053.12,2054.85,2048.69,2048.7,153.19764386,2026-03-12 18:45:00+00:00
1773342000000,2048.7,2053.05,2045.5,2049.61,406.92409371,2026-03-12 19:00:00+00:00
1773342900000,2050.11,2062.61,2050.11,2061.88,127.1436764,2026-03-12 19:15:00+00:00
1773343800000,2062.16,2069.0,2062.16,2069.0,130.87525465,2026-03-12 19:30:00+00:00
1773344700000,2068.99,2073.57,2067.59,2071.49,2104.79807352,2026-03-12 19:45:00+00:00
1773345600000,2070.4,2073.87,2066.97,2067.57,665.29195777,2026-03-12 20:00:00+00:00
1773346500000,2067.57,2070.0,2065.82,2067.63,75.67414303,2026-03-12 20:15:00+00:00
1773347400000,2066.17,2066.17,2060.87,2062.0,108.99159475,2026-03-12 20:30:00+00:00
1773348300000,2062.15,2065.84,2061.21,2063.09,166.2183462,2026-03-12 20:45:00+00:00
1773349200000,2063.16,2069.15,2063.16,2066.64,93.38722802,2026-03-12 21:00:00+00:00
1773350100000,2066.64,2066.86,2060.95,2061.28,147.16297123,2026-03-12 21:15:00+00:00
1773351000000,2061.42,2062.04,2057.74,2061.05,692.64732303,2026-03-12 21:30:00+00:00
1773351900000,2060.27,2065.41,2059.47,2063.05,405.34510738,2026-03-12 21:45:00+00:00
1773352800000,2063.24,2066.72,2062.63,2064.86,93.34526643,2026-03-12 22:00:00+00:00
1773353700000,2064.87,2067.55,2062.57,2064.26,113.61179721,2026-03-12 22:15:00+00:00
1773354600000,2064.26,2066.25,2060.91,2060.91,81.36772438,2026-03-12 22:30:00+00:00
1773355500000,2061.53,2066.65,2056.22,2066.44,340.11282372,2026-03-12 22:45:00+00:00
1773356400000,2065.55,2084.23,2065.51,2079.74,1097.5237289,2026-03-12 23:00:00+00:00
1773357300000,2080.67,2092.93,2080.13,2083.8,826.73307989,2026-03-12 23:15:00+00:00
1773358200000,2083.35,2083.35,2078.84,2081.95,126.02022296,2026-03-12 23:30:00+00:00
1773359100000,2081.95,2082.38,2072.24,2073.83,129.86591125,2026-03-12 23:45:00+00:00
1773360000000,2073.36,2089.7,2070.66,2089.7,427.70299898,2026-03-13 00:00:00+00:00
1773360900000,2089.7,2140.0,2089.7,2132.11,3965.57909828,2026-03-13 00:15:00+00:00
1773361800000,2133.48,2148.0,2123.69,2126.82,2970.79584357,2026-03-13 00:30:00+00:00
1773362700000,2127.03,2128.29,2109.69,2119.42,849.5846123,2026-03-13 00:45:00+00:00
1773363600000,2119.2,2130.1,2119.2,2127.13,671.69339816,2026-03-13 01:00:00+00:00
1773364500000,2125.17,2130.13,2118.56,2123.7,257.97523686,2026-03-13 01:15:00+00:00
1773365400000,2123.35,2129.41,2112.23,2126.67,453.91780531,2026-03-13 01:30:00+00:00
1773366300000,2126.77,2128.12,2123.32,2125.0,59.90734597,2026-03-13 01:45:00+00:00
1773367200000,2125.0,2126.57,2121.57,2122.59,44.2233396,2026-03-13 02:00:00+00:00
1773368100000,2122.37,2123.86,2116.01,2116.42,274.15221149,2026-03-13 02:15:00+00:00
1773369000000,2116.42,2117.57,2108.45,2108.91,273.78049065,2026-03-13 02:30:00+00:00
1773369900000,2109.58,2112.84,2102.88,2106.11,174.93242672,2026-03-13 02:45:00+00:00
1773370800000,2106.12,2109.24,2104.37,2107.62,195.46529523,2026-03-13 03:00:00+00:00
1773371700000,2106.69,2113.67,2106.15,2107.57,70.53234779,2026-03-13 03:15:00+00:00
1773372600000,2107.57,2110.5,2102.52,2109.07,110.22138938,2026-03-13 03:30:00+00:00
1773373500000,2109.08,2123.61,2109.08,2119.17,257.63494032,2026-03-13 03:45:00+00:00
1773374400000,2119.17,2119.53,2115.0,2115.0,327.87101113,2026-03-13 04:00:00+00:00
1773375300000,2115.0,2115.77,2111.63,2112.13,99.38131534,2026-03-13 04:15:00+00:00
1773376200000,2112.13,2114.74,2110.08,2114.11,147.52144216,2026-03-13 04:30:00+00:00
1773377100000,2114.1,2114.4,2110.17,2110.91,57.57958265,2026-03-13 04:45:00+00:00
1773378000000,2111.76,2111.99,2103.97,2105.15,163.16633035,2026-03-13 05:00:00+00:00
1773378900000,2105.11,2110.71,2105.11,2109.6,91.91658635,2026-03-13 05:15:00+00:00
1773379800000,2109.65,2114.99,2109.65,2112.85,89.20070537,2026-03-13 05:30:00+00:00
1773380700000,2113.04,2114.32,2109.01,2110.88,49.12359919,2026-03-13 05:45:00+00:00
1773381600000,2110.75,2112.97,2106.53,2109.48,123.29110729,2026-03-13 06:00:00+00:00
1773382500000,2109.44,2110.91,2093.63,2097.12,318.23432537,2026-03-13 06:15:00+00:00
1773383400000,2096.82,2097.44,2090.4,2093.34,384.02129958,2026-03-13 06:30:00+00:00
1773384300000,2093.01,2097.0,2090.62,2095.89,202.66542678,2026-03-13 06:45:00+00:00
1773385200000,2095.89,2101.99,2093.72,2099.99,361.24771579,2026-03-13 07:00:00+00:00
1773386100000,2098.67,2104.66,2098.08,2102.18,56.2068869,2026-03-13 07:15:00+00:00
1773387000000,2101.79,2103.05,2096.59,2098.37,121.20768059,2026-03-13 07:30:00+00:00
1773387900000,2098.13,2102.26,2095.0,2099.38,356.42517843,2026-03-13 07:45:00+00:00
1773388800000,2099.38,2100.21,2092.0,2093.76,298.80518239,2026-03-13 08:00:00+00:00
1773389700000,2093.28,2098.68,2093.28,2098.4,57.92093103,2026-03-13 08:15:00+00:00
1773390600000,2098.84,2116.95,2098.84,2110.27,611.97390441,2026-03-13 08:30:00+00:00
1773391500000,2109.79,2109.79,2098.34,2100.48,548.20252247,2026-03-13 08:45:00+00:00
1773392400000,2100.19,2106.84,2100.19,2104.16,272.71424457,2026-03-13 09:00:00+00:00
1773393300000,2104.38,2104.4,2097.35,2104.03,267.07171974,2026-03-13 09:15:00+00:00
1773394200000,2103.77,2109.38,2103.04,2108.67,137.27228148,2026-03-13 09:30:00+00:00
1773395100000,2108.79,2116.94,2107.51,2114.22,172.40232054,2026-03-13 09:45:00+00:00
1773396000000,2114.11,2126.61,2113.34,2125.51,604.35522597,2026-03-13 10:00:00+00:00
1773396900000,2125.54,2132.17,2123.47,2125.56,512.95243325,2026-03-13 10:15:00+00:00
1773397800000,2125.57,2131.43,2125.0,2128.06,170.49867051,2026-03-13 10:30:00+00:00
1773398700000,2128.02,2132.9,2125.3,2127.18,630.22502609,2026-03-13 10:45:00+00:00
1773399600000,2127.35,2129.38,2123.15,2124.01,237.63350285,2026-03-13 11:00:00+00:00
1773400500000,2124.01,2130.51,2124.0,2125.95,467.59450558,2026-03-13 11:15:00+00:00
1773401400000,2125.94,2127.87,2120.55,2121.73,132.09376023,2026-03-13 11:30:00+00:00
1773402300000,2121.81,2123.23,2118.88,2121.74,410.97514262,2026-03-13 11:45:00+00:00
1773403200000,2121.18,2132.87,2121.04,2132.87,1382.24758303,2026-03-13 12:00:00+00:00
1773404100000,2132.87,2138.18,2127.62,2130.03,427.21572138,2026-03-13 12:15:00+00:00
1773405000000,2130.16,2135.03,2128.45,2130.01,1891.34243127,2026-03-13 12:30:00+00:00
1773405900000,2130.01,2153.13,2130.01,2147.31,1795.30012096,2026-03-13 12:45:00+00:00
1773406800000,2147.3,2157.22,2143.1,2153.67,844.93168671,2026-03-13 13:00:00+00:00
1773407700000,2154.43,2200.0,2150.77,2182.5,3922.81287531,2026-03-13 13:15:00+00:00
1773408600000,2182.9,2191.7,2175.12,2188.88,575.84247432,2026-03-13 13:30:00+00:00
1773409500000,2189.26,2195.11,2184.57,2186.63,1843.50854248,2026-03-13 13:45:00+00:00
1773410400000,2186.31,2196.74,2184.07,2195.0,678.1079443,2026-03-13 14:00:00+00:00
1773411300000,2194.31,2209.88,2188.36,2198.09,2764.84318079,2026-03-13 14:15:00+00:00
1773412200000,2197.51,2202.07,2173.64,2174.61,1636.91217594,2026-03-13 14:30:00+00:00
1773413100000,2174.28,2176.58,2146.35,2151.01,2845.38242046,2026-03-13 14:45:00+00:00
1773414000000,2151.58,2161.34,2142.34,2160.44,1004.64433461,2026-03-13 15:00:00+00:00
1773414900000,2160.43,2166.14,2153.21,2153.5,362.15302596,2026-03-13 15:15:00+00:00
1773415800000,2153.51,2158.09,2132.69,2140.76,633.90554859,2026-03-13 15:30:00+00:00
1773416700000,2140.92,2145.88,2125.84,2128.42,268.80853287,2026-03-13 15:45:00+00:00
1773417600000,2128.82,2133.64,2122.49,2128.99,453.77807483,2026-03-13 16:00:00+00:00
1773418500000,2128.76,2129.69,2112.22,2120.28,392.16287264,2026-03-13 16:15:00+00:00
1773419400000,2120.27,2135.0,2119.93,2133.25,1098.34954725,2026-03-13 16:30:00+00:00
1773420300000,2133.35,2144.24,2131.84,2133.9,1148.96540409,2026-03-13 16:45:00+00:00
1773421200000,2134.12,2138.27,2133.93,2136.94,251.36257597,2026-03-13 17:00:00+00:00
1773422100000,2138.89,2141.83,2121.03,2122.17,734.96714743,2026-03-13 17:15:00+00:00
1773423000000,2121.79,2122.15,2103.77,2107.5,916.89799346,2026-03-13 17:30:00+00:00
1773423900000,2107.51,2108.62,2091.98,2103.0,846.01013528,2026-03-13 17:45:00+00:00
1773424800000,2103.26,2108.68,2099.27,2104.88,631.6274727,2026-03-13 18:00:00+00:00
1773425700000,2104.8,2107.01,2091.51,2103.24,329.92974919,2026-03-13 18:15:00+00:00
1773426600000,2104.19,2108.88,2103.55,2106.15,252.68498682,2026-03-13 18:30:00+00:00
1773427500000,2105.44,2105.45,2099.29,2101.0,118.1047032,2026-03-13 18:45:00+00:00
1773428400000,2101.01,2105.86,2096.82,2104.71,211.13625256,2026-03-13 19:00:00+00:00
1773429300000,2104.71,2105.78,2098.3,2098.99,255.0616305,2026-03-13 19:15:00+00:00
1773430200000,2099.7,2103.5,2099.7,2102.49,102.65869502,2026-03-13 19:30:00+00:00
1773431100000,2103.78,2105.25,2101.9,2101.9,71.48100857,2026-03-13 19:45:00+00:00
1773432000000,2103.0,2109.56,2101.86,2109.29,232.70206037,2026-03-13 20:00:00+00:00
1773432900000,2109.15,2113.8,2109.15,2110.54,143.70104319,2026-03-13 20:15:00+00:00
1773433800000,2110.53,2111.87,2109.28,2111.04,224.14104531,2026-03-13 20:30:00+00:00
1773434700000,2110.93,2114.12,2110.32,2111.52,76.10038831,2026-03-13 20:45:00+00:00
1773435600000,2111.52,2116.44,2111.0,2113.06,232.15042142,2026-03-13 21:00:00+00:00
1773436500000,2113.06,2114.14,2104.26,2105.52,865.18395304,2026-03-13 21:15:00+00:00
1773437400000,2106.17,2110.04,2102.0,2103.76,464.34379182,2026-03-13 21:30:00+00:00
1773438300000,2104.04,2108.58,2103.69,2103.69,168.48977922,2026-03-13 21:45:00+00:00
1773439200000,2103.64,2104.62,2084.99,2091.44,2727.21619527,2026-03-13 22:00:00+00:00
1773440100000,2091.75,2091.97,2082.17,2082.72,209.17452012,2026-03-13 22:15:00+00:00
1773441000000,2082.58,2086.15,2076.66,2084.68,192.0521744,2026-03-13 22:30:00+00:00
1773441900000,2083.37,2090.27,2082.77,2089.34,58.37786151,2026-03-13 22:45:00+00:00
1773442800000,2089.34,2090.53,2086.69,2090.05,122.80949759,2026-03-13 23:00:00+00:00
1773443700000,2089.92,2093.97,2089.91,2092.44,75.6956097,2026-03-13 23:15:00+00:00
1773444600000,2092.13,2093.77,2091.03,2092.18,55.27936407,2026-03-13 23:30:00+00:00
1773445500000,2092.18,2093.7,2091.02,2093.25,26.48073711,2026-03-13 23:45:00+00:00
1773446400000,2093.05,2093.98,2088.33,2093.98,100.42554191,2026-03-14 00:00:00+00:00
1773447300000,2094.08,2095.47,2089.37,2091.89,63.09765593,2026-03-14 00:15:00+00:00
1773448200000,2091.89,2094.13,2083.72,2083.72,163.175868,2026-03-14 00:30:00+00:00
1773449100000,2083.78,2087.45,2083.4,2085.82,248.06135959,2026-03-14 00:45:00+00:00
1773450000000,2085.83,2089.97,2085.77,2087.61,68.287462,2026-03-14 01:00:00+00:00
1773450900000,2087.62,2093.88,2087.62,2092.85,68.68738115,2026-03-14 01:15:00+00:00
1773451800000,2093.06,2093.83,2082.53,2090.41,192.48605634,2026-03-14 01:30:00+00:00
1773452700000,2090.79,2095.39,2090.78,2093.0,122.40404856,2026-03-14 01:45:00+00:00
1773453600000,2093.01,2096.05,2091.47,2094.01,77.37260789,2026-03-14 02:00:00+00:00
1773454500000,2094.17,2094.89,2090.22,2091.16,20.6509031,2026-03-14 02:15:00+00:00
1773455400000,2091.28,2093.54,2090.07,2092.06,23.26220263,2026-03-14 02:30:00+00:00
1773456300000,2091.93,2095.52,2091.85,2092.68,81.81813581,2026-03-14 02:45:00+00:00
1773457200000,2092.86,2098.45,2092.86,2097.74,271.30384131,2026-03-14 03:00:00+00:00
1773458100000,2098.39,2100.5,2096.7,2098.61,183.31700341,2026-03-14 03:15:00+00:00
1773459000000,2098.91,2104.0,2098.91,2102.33,2224.73486101,2026-03-14 03:30:00+00:00
1773459900000,2102.34,2102.55,2101.16,2101.52,80.48793997,2026-03-14 03:45:00+00:00
1773460800000,2101.52,2105.0,2101.16,2104.41,107.57320113,2026-03-14 04:00:00+00:00
1773461700000,2104.41,2104.67,2101.51,2103.86,40.42884282,2026-03-14 04:15:00+00:00
1773462600000,2103.24,2105.96,2102.19,2104.31,54.98763956,2026-03-14 04:30:00+00:00
1773463500000,2104.31,2105.78,2088.41,2090.62,377.16426884,2026-03-14 04:45:00+00:00
1773464400000,2090.62,2094.13,2089.87,2093.37,100.16828589,2026-03-14 05:00:00+00:00
1773465300000,2093.15,2094.78,2091.02,2093.17,37.26179032,2026-03-14 05:15:00+00:00
1773466200000,2092.85,2092.86,2087.11,2090.75,40.01375934,2026-03-14 05:30:00+00:00
1773467100000,2090.46,2093.29,2089.87,2092.88,30.29247169,2026-03-14 05:45:00+00:00
1773468000000,2092.87,2092.87,2089.0,2089.48,67.01401607,2026-03-14 06:00:00+00:00
1773468900000,2089.48,2089.48,2082.46,2085.9,78.01790816,2026-03-14 06:15:00+00:00
1773469800000,2085.4,2085.4,2069.28,2075.01,463.70763358,2026-03-14 06:30:00+00:00
1773470700000,2075.01,2079.31,2075.01,2078.97,104.51584974,2026-03-14 06:45:00+00:00
1773471600000,2078.41,2079.45,2076.13,2079.2,94.67154639,2026-03-14 07:00:00+00:00
1773472500000,2079.33,2080.03,2076.39,2079.65,166.58762475,2026-03-14 07:15:00+00:00
1773473400000,2079.65,2080.7,2076.81,2079.46,36.55504547,2026-03-14 07:30:00+00:00
1773474300000,2079.33,2079.33,2077.34,2077.72,12.70531935,2026-03-14 07:45:00+00:00
1773475200000,2077.74,2081.23,2076.77,2081.23,24.39748048,2026-03-14 08:00:00+00:00
1773476100000,2080.68,2080.85,2078.01,2079.92,28.63762265,2026-03-14 08:15:00+00:00
1773477000000,2079.46,2079.46,2074.1,2074.35,302.32975296,2026-03-14 08:30:00+00:00
1773477900000,2074.41,2075.62,2073.42,2074.59,44.20579671,2026-03-14 08:45:00+00:00
1773478800000,2074.64,2077.72,2074.32,2077.43,90.7372193,2026-03-14 09:00:00+00:00
1773479700000,2077.43,2077.43,2075.01,2076.76,41.38404026,2026-03-14 09:15:00+00:00
1773480600000,2076.62,2077.37,2072.81,2074.67,306.85711691,2026-03-14 09:30:00+00:00
1773481500000,2074.67,2075.22,2064.33,2067.66,94.39143624,2026-03-14 09:45:00+00:00
1773482400000,2067.42,2068.87,2067.09,2068.19,20.4424472,2026-03-14 10:00:00+00:00
1773483300000,2068.19,2068.19,2065.0,2065.69,104.70094134,2026-03-14 10:15:00+00:00
1773484200000,2065.69,2066.78,2062.22,2066.22,123.98153394,2026-03-14 10:30:00+00:00
1773485100000,2066.17,2066.76,2064.72,2066.76,23.50035398,2026-03-14 10:45:00+00:00
1773486000000,2066.76,2070.77,2066.75,2070.67,70.28094828,2026-03-14 11:00:00+00:00
1773486900000,2070.66,2074.61,2069.99,2074.16,126.21440325,2026-03-14 11:15:00+00:00
1773487800000,2073.84,2076.95,2073.4,2075.98,35.71086869,2026-03-14 11:30:00+00:00
1773488700000,2075.73,2077.29,2073.41,2073.75,79.9348882,2026-03-14 11:45:00+00:00
1773489600000,2074.14,2078.11,2073.63,2075.93,122.39291946,2026-03-14 12:00:00+00:00
1773490500000,2076.16,2077.31,2075.31,2075.31,78.11238245,2026-03-14 12:15:00+00:00
1773491400000,2075.32,2075.88,2070.61,2072.2,30.23887267,2026-03-14 12:30:00+00:00
1773492300000,2071.78,2076.96,2071.78,2075.48,53.52066699,2026-03-14 12:45:00+00:00
1773493200000,2075.88,2075.88,2073.21,2074.78,134.52311697,2026-03-14 13:00:00+00:00
1773494100000,2075.28,2080.22,2075.28,2079.51,73.45894095,2026-03-14 13:15:00+00:00
1773495000000,2079.52,2079.52,2078.08,2079.17,79.06831776,2026-03-14 13:30:00+00:00
1773495900000,2079.36,2080.08,2076.92,2078.98,59.60010533,2026-03-14 13:45:00+00:00
1773496800000,2079.26,2080.4,2073.87,2074.32,50.6613037,2026-03-14 14:00:00+00:00
1773497700000,2074.53,2078.62,2073.87,2078.62,220.66072555,2026-03-14 14:15:00+00:00
1773498600000,2078.91,2079.66,2070.47,2070.81,236.45463317,2026-03-14 14:30:00+00:00
1773499500000,2071.31,2074.21,2071.31,2072.01,45.79305124,2026-03-14 14:45:00+00:00
1773500400000,2072.01,2075.41,2070.73,2075.41,137.94187654,2026-03-14 15:00:00+00:00
1773501300000,2075.41,2077.94,2075.41,2075.96,69.00504582,2026-03-14 15:15:00+00:00
1773502200000,2076.41,2076.42,2072.01,2073.85,79.26282434,2026-03-14 15:30:00+00:00
1773503100000,2073.85,2076.61,2073.81,2075.15,31.66619238,2026-03-14 15:45:00+00:00
1773504000000,2075.15,2075.15,2069.71,2073.49,66.65719571,2026-03-14 16:00:00+00:00
1773504900000,2073.49,2076.44,2073.49,2076.08,14.49729997,2026-03-14 16:15:00+00:00
1773505800000,2076.08,2077.89,2075.57,2076.16,11.60606473,2026-03-14 16:30:00+00:00
1773506700000,2076.24,2078.74,2075.08,2077.98,162.87515657,2026-03-14 16:45:00+00:00
1773507600000,2077.98,2078.0,2077.39,2077.74,60.797638,2026-03-14 17:00:00+00:00
1773508500000,2077.75,2078.6,2076.37,2078.6,117.27382663,2026-03-14 17:15:00+00:00
1773509400000,2078.44,2078.44,2076.18,2076.56,27.2582409,2026-03-14 17:30:00+00:00
1773510300000,2076.56,2076.76,2073.81,2075.41,40.55780677,2026-03-14 17:45:00+00:00
1773511200000,2075.41,2075.41,2073.9,2075.27,38.88706682,2026-03-14 18:00:00+00:00
1773512100000,2073.88,2075.08,2073.2,2074.96,20.01487803,2026-03-14 18:15:00+00:00
1773513000000,2074.97,2077.38,2074.97,2076.13,62.43933698,2026-03-14 18:30:00+00:00
1773513900000,2076.24,2078.25,2076.23,2077.44,25.96082375,2026-03-14 18:45:00+00:00
1773514800000,2077.44,2077.78,2075.4,2077.78,46.75485381,2026-03-14 19:00:00+00:00
1773515700000,2077.41,2078.33,2077.41,2077.84,9.09406057,2026-03-14 19:15:00+00:00
1773516600000,2077.84,2079.28,2077.65,2079.17,59.73950529,2026-03-14 19:30:00+00:00
1773517500000,2079.16,2079.85,2077.61,2078.01,66.62137608,2026-03-14 19:45:00+00:00
1773518400000,2078.04,2078.44,2076.58,2078.44,26.39735018,2026-03-14 20:00:00+00:00
1773519300000,2078.55,2080.96,2078.55,2079.71,107.07620374,2026-03-14 20:15:00+00:00
1773520200000,2079.96,2084.9,2079.42,2084.72,74.22456857,2026-03-14 20:30:00+00:00
1773521100000,2084.46,2087.92,2083.29,2087.04,299.41882085,2026-03-14 20:45:00+00:00
1773522000000,2086.71,2087.37,2083.45,2083.81,66.26461258,2026-03-14 21:00:00+00:00
1773522900000,2083.62,2085.58,2082.83,2083.8,9.62951129,2026-03-14 21:15:00+00:00
1773523800000,2083.8,2086.17,2083.79,2086.17,50.75577049,2026-03-14 21:30:00+00:00
1773524700000,2086.17,2089.2,2085.51,2087.1,45.92259515,2026-03-14 21:45:00+00:00
1773525600000,2087.1,2088.3,2085.81,2085.81,17.44913481,2026-03-14 22:00:00+00:00
1773526500000,2085.76,2087.64,2085.67,2087.35,114.6207315,2026-03-14 22:15:00+00:00
1773527400000,2087.25,2087.84,2086.36,2086.56,11.13745434,2026-03-14 22:30:00+00:00
1773528300000,2086.69,2086.69,2083.11,2084.5,15.41666125,2026-03-14 22:45:00+00:00
1773529200000,2084.58,2100.47,2084.58,2094.34,534.5408394,2026-03-14 23:00:00+00:00
1773530100000,2094.35,2095.69,2089.16,2095.69,166.47596541,2026-03-14 23:15:00+00:00
1773531000000,2095.7,2098.87,2094.94,2097.05,85.53331216,2026-03-14 23:30:00+00:00
1773531900000,2098.06,2098.81,2096.0,2096.52,29.47863558,2026-03-14 23:45:00+00:00
1773532800000,2096.52,2097.24,2092.21,2094.43,111.09591869,2026-03-15 00:00:00+00:00
1773533700000,2094.49,2095.0,2089.56,2090.07,238.15867301,2026-03-15 00:15:00+00:00
1773534600000,2090.01,2091.79,2088.09,2091.58,101.45704096,2026-03-15 00:30:00+00:00
1773535500000,2091.33,2091.34,2087.39,2088.86,22.87533091,2026-03-15 00:45:00+00:00
1773536400000,2088.4,2089.75,2085.03,2086.48,19.53919564,2026-03-15 01:00:00+00:00
1773537300000,2086.85,2088.13,2085.17,2085.68,78.96576078,2026-03-15 01:15:00+00:00
1773538200000,2086.43,2087.19,2084.01,2087.12,42.71953646,2026-03-15 01:30:00+00:00
1773539100000,2087.12,2091.1,2086.37,2089.33,42.82263727,2026-03-15 01:45:00+00:00
1773540000000,2089.27,2098.56,2089.27,2096.03,158.61590128,2026-03-15 02:00:00+00:00
1773540900000,2096.3,2096.92,2092.93,2093.68,67.3942781,2026-03-15 02:15:00+00:00
1773541800000,2093.68,2103.78,2090.71,2102.89,178.26405104,2026-03-15 02:30:00+00:00
1773542700000,2103.87,2108.01,2100.33,2102.58,178.48354386,2026-03-15 02:45:00+00:00
1773543600000,2102.45,2105.15,2101.72,2103.77,136.26113207,2026-03-15 03:00:00+00:00
1773544500000,2103.19,2103.19,2095.73,2096.21,86.55959677,2026-03-15 03:15:00+00:00
1773545400000,2096.2,2099.13,2094.42,2095.74,65.87148512,2026-03-15 03:30:00+00:00
1773546300000,2095.6,2096.77,2094.06,2096.58,31.70854703,2026-03-15 03:45:00+00:00
1773547200000,2096.59,2103.45,2096.58,2102.13,25.06547765,2026-03-15 04:00:00+00:00
1773548100000,2102.28,2104.27,2099.64,2100.93,219.58265596,2026-03-15 04:15:00+00:00
1773549000000,2100.47,2102.41,2098.91,2100.76,50.06420887,2026-03-15 04:30:00+00:00
1773549900000,2101.78,2103.85,2099.6,2103.85,83.37979931,2026-03-15 04:45:00+00:00
1773550800000,2104.3,2104.3,2102.41,2103.87,54.91648156,2026-03-15 05:00:00+00:00
1773551700000,2103.35,2116.02,2103.35,2109.3,206.03439633,2026-03-15 05:15:00+00:00
1773552600000,2109.54,2115.68,2108.94,2112.65,264.35256153,2026-03-15 05:30:00+00:00
1773553500000,2113.02,2113.02,2107.77,2108.29,214.47568181,2026-03-15 05:45:00+00:00
1773554400000,2108.31,2111.17,2108.14,2108.87,15.96917112,2026-03-15 06:00:00+00:00
1773555300000,2109.65,2111.21,2106.5,2106.72,23.38352885,2026-03-15 06:15:00+00:00
1773556200000,2106.72,2107.16,2103.35,2104.95,63.57500776,2026-03-15 06:30:00+00:00
1773557100000,2104.95,2108.52,2104.94,2108.03,17.15898264,2026-03-15 06:45:00+00:00
1773558000000,2108.2,2113.71,2108.15,2111.95,126.61758292,2026-03-15 07:00:00+00:00
1773558900000,2111.54,2112.41,2109.02,2109.02,26.3563261,2026-03-15 07:15:00+00:00
1773559800000,2109.0,2109.0,2105.55,2105.55,113.87126245,2026-03-15 07:30:00+00:00
1773560700000,2105.45,2106.1,2104.24,2106.04,11.71705126,2026-03-15 07:45:00+00:00
1773561600000,2106.13,2111.67,2106.13,2110.16,97.57657289,2026-03-15 08:00:00+00:00
1773562500000,2109.7,2112.0,2108.77,2109.88,46.50737112,2026-03-15 08:15:00+00:00
1773563400000,2109.55,2109.79,2108.44,2109.79,33.5020292,2026-03-15 08:30:00+00:00
1773564300000,2110.7,2113.53,2110.7,2113.42,14.11232594,2026-03-15 08:45:00+00:00
1773565200000,2113.42,2123.5,2113.41,2120.06,242.98115376,2026-03-15 09:00:00+00:00
1773566100000,2119.59,2123.43,2117.58,2117.64,48.33718008,2026-03-15 09:15:00+00:00
1773567000000,2117.65,2118.79,2115.75,2116.28,17.6328836,2026-03-15 09:30:00+00:00
1773567900000,2116.18,2119.1,2115.1,2117.91,24.10826113,2026-03-15 09:45:00+00:00
1773568800000,2117.91,2118.33,2114.46,2116.11,32.08775475,2026-03-15 10:00:00+00:00
1773569700000,2116.11,2121.58,2115.76,2120.61,141.0090303,2026-03-15 10:15:00+00:00
1773570600000,2120.36,2121.6,2118.99,2120.89,88.9032335,2026-03-15 10:30:00+00:00
1773571500000,2120.62,2121.41,2120.0,2120.01,93.99028306,2026-03-15 10:45:00+00:00
1773572400000,2120.01,2120.72,2118.25,2118.78,74.30978837,2026-03-15 11:00:00+00:00
1773573300000,2118.91,2120.34,2116.69,2116.78,46.44863617,2026-03-15 11:15:00+00:00
1773574200000,2116.79,2117.63,2115.76,2117.47,41.78196403,2026-03-15 11:30:00+00:00
1773575100000,2117.28,2121.27,2117.28,2119.63,72.14460253,2026-03-15 11:45:00+00:00
1773576000000,2120.02,2120.23,2116.25,2116.28,49.89081105,2026-03-15 12:00:00+00:00
1773576900000,2116.28,2118.21,2115.43,2117.56,13.64020037,2026-03-15 12:15:00+00:00
1773577800000,2117.28,2117.29,2110.05,2110.1,221.28884863,2026-03-15 12:30:00+00:00
1773578700000,2109.96,2112.36,2105.1,2109.63,890.03149294,2026-03-15 12:45:00+00:00
1773579600000,2110.04,2112.64,2091.78,2098.65,833.04471471,2026-03-15 13:00:00+00:00
1773580500000,2098.0,2098.0,2089.34,2097.68,336.59919997,2026-03-15 13:15:00+00:00
1773581400000,2097.44,2097.75,2086.77,2090.54,620.4437274,2026-03-15 13:30:00+00:00
1773582300000,2090.78,2098.18,2089.9,2098.18,293.93830463,2026-03-15 13:45:00+00:00
1773583200000,2097.22,2098.95,2094.93,2095.26,222.32702274,2026-03-15 14:00:00+00:00
1773584100000,2095.62,2095.62,2091.66,2093.22,84.05458025,2026-03-15 14:15:00+00:00
1773585000000,2093.22,2093.22,2087.42,2092.47,287.12342741,2026-03-15 14:30:00+00:00
1773585900000,2092.94,2097.06,2092.08,2096.99,96.11399911,2026-03-15 14:45:00+00:00
1773586800000,2097.22,2097.22,2092.99,2093.95,77.35469759,2026-03-15 15:00:00+00:00
1773587700000,2093.91,2096.38,2092.44,2092.9,75.50374165,2026-03-15 15:15:00+00:00
1773588600000,2091.48,2095.68,2091.16,2093.87,90.92260372,2026-03-15 15:30:00+00:00
1773589500000,2093.87,2095.63,2093.47,2093.97,32.65971654,2026-03-15 15:45:00+00:00
1773590400000,2093.98,2099.29,2093.36,2098.36,53.55721332,2026-03-15 16:00:00+00:00
1773591300000,2098.28,2098.37,2090.7,2092.42,26.71844745,2026-03-15 16:15:00+00:00
1773592200000,2093.45,2096.14,2090.51,2093.75,98.83232369,2026-03-15 16:30:00+00:00
1773593100000,2093.74,2093.99,2089.5,2092.19,60.27848601,2026-03-15 16:45:00+00:00
1773594000000,2092.19,2096.4,2092.18,2095.18,30.10847034,2026-03-15 17:00:00+00:00
1773594900000,2095.18,2096.78,2094.64,2095.52,18.27084465,2026-03-15 17:15:00+00:00
1773595800000,2095.51,2097.4,2094.8,2097.39,15.86200543,2026-03-15 17:30:00+00:00
1773596700000,2097.4,2118.12,2097.33,2111.1,419.8238053,2026-03-15 17:45:00+00:00
1773597600000,2111.32,2113.27,2107.92,2109.18,62.32315236,2026-03-15 18:00:00+00:00
1773598500000,2109.0,2111.08,2107.52,2108.47,59.69071575,2026-03-15 18:15:00+00:00
1773599400000,2108.97,2113.4,2108.97,2110.14,158.03287186,2026-03-15 18:30:00+00:00
1773600300000,2110.14,2110.14,2095.59,2099.35,540.05953109,2026-03-15 18:45:00+00:00
1773601200000,2099.24,2111.73,2096.96,2111.73,3825.3118583,2026-03-15 19:00:00+00:00
1773602100000,2111.74,2113.93,2108.69,2112.73,153.1002846,2026-03-15 19:15:00+00:00
1773603000000,2112.08,2114.73,2110.22,2111.2,41.69122282,2026-03-15 19:30:00+00:00
1773603900000,2111.28,2114.35,2109.97,2113.93,17.44011721,2026-03-15 19:45:00+00:00
1773604800000,2114.2,2114.22,2112.46,2112.97,31.2705049,2026-03-15 20:00:00+00:00
1773605700000,2112.85,2114.74,2110.57,2114.4,131.14035891,2026-03-15 20:15:00+00:00
1773606600000,2114.62,2139.11,2114.61,2131.31,782.88636437,2026-03-15 20:30:00+00:00
1773607500000,2131.32,2133.59,2128.96,2129.81,136.3480754,2026-03-15 20:45:00+00:00
1773608400000,2129.6,2133.37,2124.32,2124.51,336.48929874,2026-03-15 21:00:00+00:00
1773609300000,2124.53,2132.49,2124.53,2130.11,202.40730376,2026-03-15 21:15:00+00:00
1773610200000,2130.11,2144.99,2130.11,2140.21,241.34964285,2026-03-15 21:30:00+00:00
1773611100000,2141.25,2144.08,2136.3,2139.58,96.28782927,2026-03-15 21:45:00+00:00
1773612000000,2139.82,2149.0,2130.0,2130.0,321.95668844,2026-03-15 22:00:00+00:00
1773612900000,2130.34,2136.48,2126.36,2134.52,89.23543922,2026-03-15 22:15:00+00:00
1773613800000,2134.51,2178.35,2134.51,2171.72,2142.45835025,2026-03-15 22:30:00+00:00
1773614700000,2174.06,2192.0,2173.87,2183.1,3672.19559345,2026-03-15 22:45:00+00:00
1773615600000,2185.0,2202.98,2185.0,2194.03,3288.00127003,2026-03-15 23:00:00+00:00
1773616500000,2196.75,2199.67,2173.36,2173.36,1385.64726952,2026-03-15 23:15:00+00:00
1773617400000,2173.48,2181.04,2166.41,2178.41,283.97529602,2026-03-15 23:30:00+00:00
1773618300000,2179.4,2183.06,2170.72,2178.97,92.25637238,2026-03-15 23:45:00+00:00
1773619200000,2178.84,2186.87,2175.05,2175.05,646.55724001,2026-03-16 00:00:00+00:00
1773620100000,2176.25,2181.5,2168.59,2169.26,132.35554249,2026-03-16 00:15:00+00:00
1773621000000,2169.03,2173.79,2166.02,2170.19,138.75773631,2026-03-16 00:30:00+00:00
1773621900000,2170.58,2175.0,2170.58,2172.09,55.70955367,2026-03-16 00:45:00+00:00
1773622800000,2171.43,2175.02,2165.91,2166.32,89.99876679,2026-03-16 01:00:00+00:00
1773623700000,2166.61,2182.74,2166.48,2180.3,157.5204772,2026-03-16 01:15:00+00:00
1773624600000,2180.26,2181.75,2175.43,2179.0,287.15670175,2026-03-16 01:30:00+00:00
1773625500000,2179.0,2190.49,2178.89,2186.1,329.09736427,2026-03-16 01:45:00+00:00
1773626400000,2186.59,2189.05,2179.0,2179.47,217.93244899,2026-03-16 02:00:00+00:00
1773627300000,2180.38,2182.34,2171.09,2173.91,205.83327941,2026-03-16 02:15:00+00:00
1773628200000,2174.28,2177.74,2171.57,2177.07,119.64872796,2026-03-16 02:30:00+00:00
1773629100000,2176.97,2183.57,2174.4,2181.5,76.12772774,2026-03-16 02:45:00+00:00
1773630000000,2181.5,2184.91,2178.45,2181.63,160.40101279,2026-03-16 03:00:00+00:00
1773630900000,2182.05,2209.76,2180.63,2200.75,1479.0441724,2026-03-16 03:15:00+00:00
1773631800000,2200.75,2252.87,2200.75,2237.88,6518.5989645,2026-03-16 03:30:00+00:00
1773632700000,2238.49,2243.96,2231.14,2236.32,3666.41090278,2026-03-16 03:45:00+00:00
1773633600000,2236.0,2245.0,2236.0,2243.92,877.48373057,2026-03-16 04:00:00+00:00
1773634500000,2244.67,2267.41,2243.9,2249.23,1426.07843031,2026-03-16 04:15:00+00:00
1773635400000,2250.17,2268.86,2249.62,2262.23,1131.62542277,2026-03-16 04:30:00+00:00
1773636300000,2261.48,2280.0,2259.07,2263.36,1963.40675751,2026-03-16 04:45:00+00:00
1773637200000,2263.38,2269.5,2257.69,2263.63,803.23725476,2026-03-16 05:00:00+00:00
1773638100000,2264.08,2270.15,2260.57,2269.3,242.58487457,2026-03-16 05:15:00+00:00
1773639000000,2268.87,2271.65,2260.39,2270.75,317.6792746,2026-03-16 05:30:00+00:00
1773639900000,2269.52,2288.0,2268.4,2279.93,1846.60881139,2026-03-16 05:45:00+00:00
1773640800000,2280.42,2281.22,2261.32,2263.3,548.73023066,2026-03-16 06:00:00+00:00
1773641700000,2263.41,2271.57,2263.09,2265.89,192.07988922,2026-03-16 06:15:00+00:00
1773642600000,2266.0,2269.83,2264.17,2267.06,211.6070151,2026-03-16 06:30:00+00:00
1773643500000,2266.37,2266.82,2261.2,2261.56,249.96801014,2026-03-16 06:45:00+00:00
1773644400000,2261.58,2269.03,2260.76,2266.53,239.76305535,2026-03-16 07:00:00+00:00
1773645300000,2265.75,2268.99,2260.73,2267.24,303.18065386,2026-03-16 07:15:00+00:00
1773646200000,2267.12,2267.12,2252.11,2253.76,238.25973801,2026-03-16 07:30:00+00:00
1773647100000,2253.75,2254.3,2246.05,2249.19,294.80743428,2026-03-16 07:45:00+00:00
1773648000000,2249.41,2259.9,2249.41,2251.19,708.78020139,2026-03-16 08:00:00+00:00
1773648900000,2250.53,2258.19,2246.16,2251.14,113.97195408,2026-03-16 08:15:00+00:00
1773649800000,2251.1,2252.37,2237.36,2237.36,446.66008136,2026-03-16 08:30:00+00:00
1773650700000,2237.9,2246.59,2235.34,2243.47,91.63317865,2026-03-16 08:45:00+00:00
1773651600000,2243.47,2248.3,2240.38,2247.14,169.02997695,2026-03-16 09:00:00+00:00
1773652500000,2246.38,2256.6,2246.28,2255.24,313.75716802,2026-03-16 09:15:00+00:00
1773653400000,2255.21,2256.95,2252.39,2254.08,210.94061343,2026-03-16 09:30:00+00:00
1773654300000,2254.28,2266.46,2253.83,2260.8,318.5396343,2026-03-16 09:45:00+00:00
1773655200000,2260.68,2269.68,2260.65,2266.47,448.02622691,2026-03-16 10:00:00+00:00
1773656100000,2266.68,2272.0,2264.26,2266.23,202.17325619,2026-03-16 10:15:00+00:00
1773657000000,2266.23,2266.23,2256.15,2259.73,506.10047668,2026-03-16 10:30:00+00:00
1773657900000,2259.55,2278.92,2259.08,2278.31,389.05781404,2026-03-16 10:45:00+00:00
1773658800000,2278.3,2280.0,2274.07,2274.25,414.86876881,2026-03-16 11:00:00+00:00
1773659700000,2274.69,2279.17,2266.47,2267.53,348.71993639,2026-03-16 11:15:00+00:00
1773660600000,2267.64,2272.3,2266.08,2271.28,224.69483966,2026-03-16 11:30:00+00:00
1773661500000,2271.31,2274.25,2270.11,2270.47,227.20197289,2026-03-16 11:45:00+00:00
1773662400000,2270.47,2294.39,2269.97,2282.83,454.52547145,2026-03-16 12:00:00+00:00
1773663300000,2280.0,2303.73,2278.04,2300.74,1125.45629275,2026-03-16 12:15:00+00:00
1773664200000,2299.59,2302.58,2281.18,2283.58,692.11278016,2026-03-16 12:30:00+00:00
1773665100000,2283.02,2284.23,2277.78,2280.01,353.67476011,2026-03-16 12:45:00+00:00
1773666000000,2280.01,2282.05,2273.61,2279.55,254.86160534,2026-03-16 13:00:00+00:00
1773666900000,2279.55,2282.25,2272.99,2281.31,142.44183623,2026-03-16 13:15:00+00:00
1773667800000,2281.31,2307.77,2279.19,2291.71,1301.28605879,2026-03-16 13:30:00+00:00
1773668700000,2291.71,2302.26,2278.1,2290.02,826.853424,2026-03-16 13:45:00+00:00
1773669600000,2289.38,2305.25,2284.47,2299.07,899.1144913,2026-03-16 14:00:00+00:00
1773670500000,2298.42,2302.7,2281.57,2281.57,517.28705882,2026-03-16 14:15:00+00:00
1773671400000,2282.46,2282.46,2255.0,2264.08,1596.73411072,2026-03-16 14:30:00+00:00
1773672300000,2264.7,2289.95,2257.54,2288.1,1291.37925061,2026-03-16 14:45:00+00:00
1773673200000,2288.11,2293.73,2278.08,2288.37,503.6732412,2026-03-16 15:00:00+00:00
1773674100000,2287.37,2294.33,2282.97,2290.44,1388.85449298,2026-03-16 15:15:00+00:00
1773675000000,2291.61,2300.0,2283.25,2284.49,649.25956844,2026-03-16 15:30:00+00:00
1773675900000,2284.34,2287.74,2270.84,2274.35,154.7271923,2026-03-16 15:45:00+00:00
1773676800000,2274.09,2285.89,2270.79,2277.19,324.97255354,2026-03-16 16:00:00+00:00
1773677700000,2277.19,2287.14,2277.19,2282.97,633.63761592,2026-03-16 16:15:00+00:00
1773678600000,2282.97,2292.93,2278.19,2291.19,1043.17101505,2026-03-16 16:30:00+00:00
1773679500000,2291.28,2300.27,2288.26,2297.46,599.80303609,2026-03-16 16:45:00+00:00
1773680400000,2297.24,2307.97,2293.8,2305.52,527.59418685,2026-03-16 17:00:00+00:00
1773681300000,2305.05,2306.58,2298.83,2300.89,1029.46850443,2026-03-16 17:15:00+00:00
1773682200000,2300.72,2316.05,2300.72,2312.28,550.41294983,2026-03-16 17:30:00+00:00
1773683100000,2312.29,2322.63,2309.99,2314.61,430.93707432,2026-03-16 17:45:00+00:00
1773684000000,2314.62,2343.25,2314.4,2334.97,1924.75061514,2026-03-16 18:00:00+00:00
1773684900000,2335.25,2346.0,2330.72,2338.74,1093.26508453,2026-03-16 18:15:00+00:00
1773685800000,2338.74,2345.82,2334.0,2339.94,540.91763962,2026-03-16 18:30:00+00:00
1773686700000,2339.82,2339.82,2320.25,2322.03,246.58962686,2026-03-16 18:45:00+00:00
1773687600000,2322.15,2347.98,2319.4,2339.28,1090.59097234,2026-03-16 19:00:00+00:00
1773688500000,2338.51,2341.85,2325.02,2333.24,680.10551566,2026-03-16 19:15:00+00:00
1773689400000,2332.87,2338.0,2330.28,2335.0,222.74865109,2026-03-16 19:30:00+00:00
1773690300000,2335.0,2335.0,2325.53,2330.82,276.30608147,2026-03-16 19:45:00+00:00
1773691200000,2331.22,2332.54,2323.66,2327.15,263.93166238,2026-03-16 20:00:00+00:00
1773692100000,2326.17,2332.56,2325.76,2331.4,86.02089034,2026-03-16 20:15:00+00:00
1773693000000,2331.73,2343.11,2331.38,2337.61,262.851236,2026-03-16 20:30:00+00:00
1773693900000,2337.91,2347.69,2337.91,2345.75,525.8093334,2026-03-16 20:45:00+00:00
1773694800000,2345.77,2357.28,2344.19,2351.4,1023.07027759,2026-03-16 21:00:00+00:00
1773695700000,2351.44,2353.73,2345.53,2346.53,447.51901167,2026-03-16 21:15:00+00:00
1773696600000,2346.52,2376.62,2346.52,2360.7,1224.09960965,2026-03-16 21:30:00+00:00
1773697500000,2359.22,2371.47,2358.03,2361.29,396.179673,2026-03-16 21:45:00+00:00
1773698400000,2361.29,2385.4,2360.71,2376.42,496.29069069,2026-03-16 22:00:00+00:00
1773699300000,2376.42,2377.66,2355.65,2359.48,475.62177556,2026-03-16 22:15:00+00:00
1773700200000,2359.77,2366.37,2358.36,2366.06,408.40846645,2026-03-16 22:30:00+00:00
1773701100000,2366.05,2368.88,2357.0,2357.63,273.1666997,2026-03-16 22:45:00+00:00
1773702000000,2358.16,2358.16,2330.86,2340.24,780.49980665,2026-03-16 23:00:00+00:00
1773702900000,2340.64,2351.14,2337.94,2351.14,892.36589097,2026-03-16 23:15:00+00:00
1773703800000,2351.35,2358.66,2350.41,2358.25,173.9140103,2026-03-16 23:30:00+00:00
1773704700000,2358.41,2361.29,2347.23,2352.65,183.54340788,2026-03-16 23:45:00+00:00
1773705600000,2352.65,2374.0,2340.93,2367.7,760.16956064,2026-03-17 00:00:00+00:00
1773706500000,2367.64,2376.21,2343.0,2354.38,1391.2191212,2026-03-17 00:15:00+00:00
1773707400000,2355.23,2367.4,2350.01,2354.91,763.41065662,2026-03-17 00:30:00+00:00
1773708300000,2354.58,2357.59,2347.55,2357.59,357.68203385,2026-03-17 00:45:00+00:00
1773709200000,2357.59,2374.06,2347.7,2364.57,623.66019036,2026-03-17 01:00:00+00:00
1773710100000,2365.0,2368.79,2358.79,2364.64,515.9708098,2026-03-17 01:15:00+00:00
1775277000000,2050.45,2051.16,2049.91,2051.02,4.2744549,2026-04-04 04:30:00+00:00
1775277900000,2051.04,2051.42,2050.37,2050.66,175.79663435,2026-04-04 04:45:00+00:00
1775278800000,2050.66,2051.53,2050.42,2051.13,200.85593816,2026-04-04 05:00:00+00:00
1775279700000,2051.16,2052.36,2051.07,2051.16,28.47884739,2026-04-04 05:15:00+00:00
1775280600000,2051.96,2054.6,2051.95,2052.58,35.96667236,2026-04-04 05:30:00+00:00
1775281500000,2052.87,2053.85,2052.87,2053.61,30.74790971,2026-04-04 05:45:00+00:00
1775282400000,2053.61,2054.5,2053.43,2054.23,209.80659694,2026-04-04 06:00:00+00:00
1775283300000,2054.23,2055.82,2053.09,2053.61,96.66908278,2026-04-04 06:15:00+00:00
1775284200000,2053.77,2054.03,2053.0,2054.03,13.2496732,2026-04-04 06:30:00+00:00
1775285100000,2054.33,2057.31,2054.29,2056.23,63.28954019,2026-04-04 06:45:00+00:00
1775286000000,2056.18,2056.62,2053.16,2053.37,51.40735481,2026-04-04 07:00:00+00:00
1775286900000,2053.78,2053.94,2052.36,2052.8,14.83524663,2026-04-04 07:15:00+00:00
1775287800000,2052.76,2053.45,2052.76,2053.44,18.25577948,2026-04-04 07:30:00+00:00
1775288700000,2052.57,2053.75,2051.15,2053.74,10.54369661,2026-04-04 07:45:00+00:00
1775289600000,2053.74,2054.86,2053.73,2053.78,7.3511582,2026-04-04 08:00:00+00:00
1775290500000,2053.78,2055.01,2053.77,2055.01,5.52351294,2026-04-04 08:15:00+00:00
1775291400000,2055.01,2055.01,2051.46,2051.48,30.13386876,2026-04-04 08:30:00+00:00
1775292300000,2051.46,2051.46,2049.56,2049.84,15.20653127,2026-04-04 08:45:00+00:00
1775293200000,2049.85,2051.0,2049.62,2050.99,10.17476943,2026-04-04 09:00:00+00:00
1775294100000,2050.99,2051.0,2049.14,2049.15,30.48855293,2026-04-04 09:15:00+00:00
1775295000000,2049.57,2049.58,2048.91,2049.15,87.28274151,2026-04-04 09:30:00+00:00
1775295900000,2049.15,2050.27,2049.14,2050.12,13.2366991,2026-04-04 09:45:00+00:00
1775296800000,2050.21,2050.93,2047.49,2047.49,439.64524061,2026-04-04 10:00:00+00:00
1775297700000,2047.5,2048.54,2047.49,2048.4,20.09708255,2026-04-04 10:15:00+00:00
1775298600000,2048.33,2053.73,2047.53,2052.02,85.50871683,2026-04-04 10:30:00+00:00
1775299500000,2052.3,2054.49,2052.02,2053.75,155.75847009,2026-04-04 10:45:00+00:00
1775300400000,2053.76,2054.65,2052.29,2052.3,17.64402675,2026-04-04 11:00:00+00:00
1775301300000,2052.3,2052.84,2051.76,2052.36,14.57957025,2026-04-04 11:15:00+00:00
1775302200000,2052.35,2052.36,2050.91,2051.07,36.34237089,2026-04-04 11:30:00+00:00
1775303100000,2051.07,2051.08,2051.07,2051.07,32.47021772,2026-04-04 11:45:00+00:00
1775304000000,2051.08,2052.9,2049.64,2049.85,92.48034308,2026-04-04 12:00:00+00:00
1775304900000,2049.96,2051.91,2049.95,2051.34,8.71307958,2026-04-04 12:15:00+00:00
1775305800000,2051.34,2051.34,2047.72,2047.94,164.29353296,2026-04-04 12:30:00+00:00
1775306700000,2047.95,2049.57,2047.95,2049.38,7.51889834,2026-04-04 12:45:00+00:00
1775307600000,2049.38,2049.94,2049.37,2049.93,53.06405367,2026-04-04 13:00:00+00:00
1775308500000,2049.93,2050.55,2049.88,2049.91,10.92903677,2026-04-04 13:15:00+00:00
1775309400000,2049.94,2053.97,2049.88,2052.89,76.65897876,2026-04-04 13:30:00+00:00
1775310300000,2052.88,2054.29,2051.18,2053.16,94.59256384,2026-04-04 13:45:00+00:00
1775311200000,2053.16,2054.56,2053.16,2053.45,101.99729255,2026-04-04 14:00:00+00:00
1775312100000,2053.45,2053.45,2052.09,2052.23,18.91375618,2026-04-04 14:15:00+00:00
1775313000000,2052.22,2052.22,2044.88,2049.19,131.24051464,2026-04-04 14:30:00+00:00
1775313900000,2049.19,2053.22,2049.19,2052.95,37.87158578,2026-04-04 14:45:00+00:00
1775314800000,2052.87,2060.84,2052.52,2055.67,232.21487861,2026-04-04 15:00:00+00:00
1775315700000,2056.38,2058.36,2053.06,2054.65,755.18499629,2026-04-04 15:15:00+00:00
1775316600000,2054.65,2055.28,2053.13,2054.16,93.87456785,2026-04-04 15:30:00+00:00
1775317500000,2053.83,2056.08,2052.78,2056.08,24.5419413,2026-04-04 15:45:00+00:00
1775318400000,2055.97,2056.22,2053.94,2053.95,18.30515703,2026-04-04 16:00:00+00:00
1775319300000,2053.75,2062.17,2053.14,2059.38,141.7027418,2026-04-04 16:15:00+00:00
1775320200000,2059.46,2060.37,2057.42,2059.17,66.96352783,2026-04-04 16:30:00+00:00
1775321100000,2059.84,2060.62,2055.01,2055.01,158.21560049,2026-04-04 16:45:00+00:00
1775322000000,2055.53,2056.23,2053.03,2056.09,32.74643408,2026-04-04 17:00:00+00:00
1775322900000,2056.2,2057.92,2055.79,2057.91,32.39269926,2026-04-04 17:15:00+00:00
1775323800000,2057.66,2057.66,2054.95,2055.05,19.68465286,2026-04-04 17:30:00+00:00
1775324700000,2055.05,2057.0,2054.94,2056.59,18.89294899,2026-04-04 17:45:00+00:00
1775325600000,2056.61,2056.78,2055.79,2056.47,16.95107303,2026-04-04 18:00:00+00:00
1775326500000,2056.52,2058.0,2056.52,2056.79,39.31122831,2026-04-04 18:15:00+00:00
1775327400000,2056.31,2056.43,2055.16,2055.16,11.07532882,2026-04-04 18:30:00+00:00
1775328300000,2055.27,2056.05,2054.82,2054.96,24.78364575,2026-04-04 18:45:00+00:00
1775329200000,2054.96,2078.99,2054.81,2078.45,1299.47375772,2026-04-04 19:00:00+00:00
1775330100000,2078.98,2083.58,2067.89,2068.12,596.34073234,2026-04-04 19:15:00+00:00
1775331000000,2068.18,2069.18,2064.27,2064.83,85.30782232,2026-04-04 19:30:00+00:00
1775331900000,2064.82,2066.75,2064.18,2064.43,160.19449223,2026-04-04 19:45:00+00:00
1775332800000,2064.43,2064.43,2060.0,2061.1,145.42329515,2026-04-04 20:00:00+00:00
1775333700000,2061.12,2063.5,2061.12,2063.48,43.64219781,2026-04-04 20:15:00+00:00
1775334600000,2063.47,2063.5,2062.05,2063.4,50.00894918,2026-04-04 20:30:00+00:00
1775335500000,2063.4,2063.41,2061.99,2062.47,101.16629955,2026-04-04 20:45:00+00:00
1775336400000,2062.47,2064.07,2062.46,2062.89,51.58882576,2026-04-04 21:00:00+00:00
1775337300000,2062.95,2067.0,2062.9,2066.99,22.93559563,2026-04-04 21:15:00+00:00
1775338200000,2066.99,2068.28,2065.83,2065.95,61.50101064,2026-04-04 21:30:00+00:00
1775339100000,2067.1,2070.89,2066.99,2068.44,119.8192114,2026-04-04 21:45:00+00:00
1775340000000,2068.58,2069.92,2067.9,2069.36,52.07633654,2026-04-04 22:00:00+00:00
1775340900000,2069.36,2071.48,2069.18,2071.29,34.74788764,2026-04-04 22:15:00+00:00
1775341800000,2071.29,2071.3,2069.0,2069.63,21.39874229,2026-04-04 22:30:00+00:00
1775342700000,2070.69,2070.69,2068.51,2068.77,5.88498792,2026-04-04 22:45:00+00:00
1775343600000,2068.69,2068.7,2065.79,2065.96,102.86722788,2026-04-04 23:00:00+00:00
1775344500000,2065.95,2065.95,2064.0,2064.0,195.86956183,2026-04-04 23:15:00+00:00
1775345400000,2064.01,2064.01,2062.3,2062.81,32.33870467,2026-04-04 23:30:00+00:00
1775346300000,2063.28,2065.68,2062.64,2065.03,172.35590662,2026-04-04 23:45:00+00:00
1775347200000,2065.19,2065.23,2062.72,2062.74,11.72389052,2026-04-05 00:00:00+00:00
1775348100000,2062.74,2063.86,2062.61,2063.86,96.43390608,2026-04-05 00:15:00+00:00
1775349000000,2064.02,2065.07,2063.45,2065.06,68.59635182,2026-04-05 00:30:00+00:00
1775349900000,2064.57,2064.8,2060.19,2061.94,42.64765351,2026-04-05 00:45:00+00:00
1775350800000,2061.94,2061.94,2057.11,2060.33,160.5196117,2026-04-05 01:00:00+00:00
1775351700000,2059.93,2059.95,2057.89,2058.85,36.81385079,2026-04-05 01:15:00+00:00
1775352600000,2058.87,2058.87,2057.03,2057.74,138.92242594,2026-04-05 01:30:00+00:00
1775353500000,2057.77,2058.38,2057.09,2057.11,11.95090371,2026-04-05 01:45:00+00:00
1775354400000,2057.11,2057.15,2053.9,2053.95,162.36018687,2026-04-05 02:00:00+00:00
1775355300000,2054.18,2058.53,2053.89,2058.08,351.60941101,2026-04-05 02:15:00+00:00
1775356200000,2057.94,2059.33,2057.9,2057.91,21.41091132,2026-04-05 02:30:00+00:00
1775357100000,2057.9,2059.0,2057.8,2058.99,67.9048568,2026-04-05 02:45:00+00:00
1775358000000,2059.19,2059.3,2058.71,2059.15,1.81490793,2026-04-05 03:00:00+00:00
1775358900000,2059.61,2059.61,2057.27,2057.87,65.66979622,2026-04-05 03:15:00+00:00
1775359800000,2057.29,2057.29,2055.0,2056.32,25.19481154,2026-04-05 03:30:00+00:00
1775360700000,2056.32,2056.48,2055.36,2055.58,27.98778458,2026-04-05 03:45:00+00:00
1775361600000,2055.99,2055.99,2054.0,2054.04,40.81033514,2026-04-05 04:00:00+00:00
1775362500000,2054.1,2056.86,2054.0,2056.85,60.17724981,2026-04-05 04:15:00+00:00
1775363400000,2057.15,2057.15,2054.54,2054.56,19.45005734,2026-04-05 04:30:00+00:00
1775364300000,2054.66,2055.74,2054.28,2054.43,16.34348002,2026-04-05 04:45:00+00:00
1775365200000,2054.6,2055.8,2053.88,2053.96,54.47575129,2026-04-05 05:00:00+00:00
1775366100000,2053.97,2053.97,2051.31,2052.43,100.90003387,2026-04-05 05:15:00+00:00
1775367000000,2052.29,2052.7,2051.29,2052.22,16.42314126,2026-04-05 05:30:00+00:00
1775367900000,2052.21,2052.8,2046.71,2048.14,157.5325652,2026-04-05 05:45:00+00:00
1775368800000,2048.35,2048.54,2031.26,2031.79,323.58825712,2026-04-05 06:00:00+00:00
1775369700000,2032.23,2035.48,2026.93,2034.82,425.49714768,2026-04-05 06:15:00+00:00
1775370600000,2034.73,2039.51,2034.41,2038.89,245.27770536,2026-04-05 06:30:00+00:00
1775371500000,2038.88,2039.37,2037.64,2037.64,39.07643864,2026-04-05 06:45:00+00:00
1775372400000,2037.62,2041.4,2037.61,2041.14,54.85217561,2026-04-05 07:00:00+00:00
1775373300000,2041.21,2041.79,2038.8,2039.45,62.33740001,2026-04-05 07:15:00+00:00
1775374200000,2039.44,2039.45,2034.05,2035.43,116.1148632,2026-04-05 07:30:00+00:00
1775375100000,2035.54,2037.19,2034.54,2036.76,93.18026563,2026-04-05 07:45:00+00:00
1775376000000,2036.57,2038.24,2035.31,2037.41,21.30593454,2026-04-05 08:00:00+00:00
1775376900000,2038.43,2038.62,2036.87,2037.1,29.47552923,2026-04-05 08:15:00+00:00
1775377800000,2037.1,2038.66,2037.0,2037.01,17.60680968,2026-04-05 08:30:00+00:00
1775378700000,2037.01,2039.25,2037.01,2038.95,46.0943404,2026-04-05 08:45:00+00:00
1775379600000,2038.83,2041.64,2038.82,2039.53,58.24646284,2026-04-05 09:00:00+00:00
1775380500000,2039.53,2043.94,2039.52,2043.24,79.63006964,2026-04-05 09:15:00+00:00
1775381400000,2043.24,2045.12,2042.7,2044.91,112.89351464,2026-04-05 09:30:00+00:00
1775382300000,2044.96,2045.55,2043.81,2043.92,23.21939488,2026-04-05 09:45:00+00:00
1775383200000,2043.85,2045.04,2042.55,2042.85,14.6001418,2026-04-05 10:00:00+00:00
1775384100000,2042.71,2044.35,2042.38,2044.35,69.72263684,2026-04-05 10:15:00+00:00
1775385000000,2044.35,2051.73,2044.34,2046.82,100.69960659,2026-04-05 10:30:00+00:00
1775385900000,2046.57,2046.57,2043.75,2044.35,13.79911053,2026-04-05 10:45:00+00:00
1775386800000,2044.35,2045.24,2043.49,2045.19,19.72011022,2026-04-05 11:00:00+00:00
1775387700000,2044.99,2045.29,2041.61,2042.15,24.21359284,2026-04-05 11:15:00+00:00
1775388600000,2042.35,2042.56,2040.57,2041.13,20.84748996,2026-04-05 11:30:00+00:00
1775389500000,2041.12,2041.92,2040.57,2041.91,7.18389545,2026-04-05 11:45:00+00:00
1775390400000,2041.92,2041.92,2038.63,2038.63,22.39470148,2026-04-05 12:00:00+00:00
1775391300000,2038.64,2039.53,2037.0,2037.0,10.99795607,2026-04-05 12:15:00+00:00
1775392200000,2037.01,2037.43,2021.71,2024.68,550.32186433,2026-04-05 12:30:00+00:00
1775393100000,2024.05,2028.95,2022.82,2028.31,120.28049595,2026-04-05 12:45:00+00:00
1775394000000,2027.96,2030.0,2026.14,2026.14,21.08239646,2026-04-05 13:00:00+00:00
1775394900000,2025.78,2032.11,2025.39,2025.61,168.47502513,2026-04-05 13:15:00+00:00
1775395800000,2025.48,2030.65,2025.3,2029.53,295.13503878,2026-04-05 13:30:00+00:00
1775396700000,2029.32,2036.98,2029.32,2036.03,229.26676081,2026-04-05 13:45:00+00:00
1775397600000,2035.9,2041.38,2034.99,2036.09,512.29383328,2026-04-05 14:00:00+00:00
1775398500000,2036.1,2040.4,2035.47,2040.18,145.21194595,2026-04-05 14:15:00+00:00
1775399400000,2040.18,2042.4,2038.6,2040.2,217.95786087,2026-04-05 14:30:00+00:00
1775400300000,2040.23,2040.23,2037.54,2037.9,12.03615556,2026-04-05 14:45:00+00:00
1775401200000,2037.91,2041.07,2034.2,2040.92,23.21221768,2026-04-05 15:00:00+00:00
1775402100000,2040.58,2062.86,2040.15,2059.88,771.22333523,2026-04-05 15:15:00+00:00
1775403000000,2060.42,2068.68,2053.13,2058.58,1264.33671403,2026-04-05 15:30:00+00:00
1775403900000,2058.58,2058.59,2052.82,2053.25,224.45636727,2026-04-05 15:45:00+00:00
1775404800000,2053.45,2056.83,2053.17,2054.91,40.34763935,2026-04-05 16:00:00+00:00
1775405700000,2054.9,2056.49,2054.22,2054.22,69.27959382,2026-04-05 16:15:00+00:00
1775406600000,2054.23,2058.0,2053.71,2055.32,33.80774342,2026-04-05 16:30:00+00:00
1775407500000,2055.32,2055.32,2050.31,2051.46,62.15403671,2026-04-05 16:45:00+00:00
1775408400000,2051.47,2056.09,2048.13,2055.16,39.96203052,2026-04-05 17:00:00+00:00
1775409300000,2055.15,2055.79,2051.29,2055.79,26.19759301,2026-04-05 17:15:00+00:00
1775410200000,2055.78,2059.29,2054.96,2059.29,130.44144547,2026-04-05 17:30:00+00:00
1775411100000,2060.0,2061.84,2057.67,2061.51,165.72617117,2026-04-05 17:45:00+00:00
1775412000000,2061.51,2061.96,2056.72,2058.18,108.87248695,2026-04-05 18:00:00+00:00
1775412900000,2058.18,2059.12,2057.28,2057.28,23.07424771,2026-04-05 18:15:00+00:00
1775413800000,2057.28,2065.86,2057.28,2064.25,172.60864376,2026-04-05 18:30:00+00:00
1775414700000,2064.32,2065.66,2060.96,2062.0,79.73526916,2026-04-05 18:45:00+00:00
1775415600000,2062.0,2063.56,2061.57,2062.68,140.74914237,2026-04-05 19:00:00+00:00
1775416500000,2062.69,2068.93,2062.68,2065.91,86.0818069,2026-04-05 19:15:00+00:00
1775417400000,2065.91,2065.91,2058.06,2058.56,74.68216747,2026-04-05 19:30:00+00:00
1775418300000,2058.55,2061.61,2058.01,2061.32,174.8513093,2026-04-05 19:45:00+00:00
1775419200000,2061.32,2063.26,2061.31,2062.36,63.79919507,2026-04-05 20:00:00+00:00
1775420100000,2062.47,2066.14,2062.46,2065.46,30.06487552,2026-04-05 20:15:00+00:00
1775421000000,2065.43,2074.5,2065.43,2066.89,358.4280843,2026-04-05 20:30:00+00:00
1775421900000,2066.89,2070.23,2066.89,2068.26,118.05665584,2026-04-05 20:45:00+00:00
1775422800000,2068.45,2068.69,2058.9,2060.27,488.51751443,2026-04-05 21:00:00+00:00
1775423700000,2060.54,2061.59,2058.0,2059.9,49.87745024,2026-04-05 21:15:00+00:00
1775424600000,2059.94,2060.53,2056.25,2058.44,29.49821167,2026-04-05 21:30:00+00:00
1775425500000,2059.56,2065.04,2058.67,2059.7,56.38975969,2026-04-05 21:45:00+00:00
1775426400000,2059.84,2066.7,2050.57,2055.21,189.29682129,2026-04-05 22:00:00+00:00
1775427300000,2054.5,2056.66,2050.04,2053.45,44.59190614,2026-04-05 22:15:00+00:00
1775428200000,2053.45,2070.93,2052.85,2069.77,287.29513668,2026-04-05 22:30:00+00:00
1775429100000,2069.79,2086.96,2069.37,2084.49,460.76402,2026-04-05 22:45:00+00:00
1775430000000,2085.17,2096.16,2081.63,2094.75,502.32480348,2026-04-05 23:00:00+00:00
1775430900000,2096.58,2116.5,2096.58,2107.47,683.38973894,2026-04-05 23:15:00+00:00
1775431800000,2107.31,2121.77,2107.31,2110.0,842.33769212,2026-04-05 23:30:00+00:00
1775432700000,2110.0,2115.55,2107.99,2108.25,232.02741571,2026-04-05 23:45:00+00:00
1775433600000,2109.71,2134.0,2109.71,2119.11,1244.6021816,2026-04-06 00:00:00+00:00
1775434500000,2119.46,2125.03,2115.1,2122.48,395.08228136,2026-04-06 00:15:00+00:00
1775435400000,2122.48,2130.93,2120.04,2127.7,299.17714303,2026-04-06 00:30:00+00:00
1775436300000,2127.7,2128.51,2121.06,2121.23,73.926314,2026-04-06 00:45:00+00:00
1775437200000,2121.49,2123.56,2115.16,2115.16,236.8085155,2026-04-06 01:00:00+00:00
1775438100000,2115.53,2118.33,2111.59,2118.29,356.16108409,2026-04-06 01:15:00+00:00
1775439000000,2118.75,2119.72,2114.0,2114.99,194.65468273,2026-04-06 01:30:00+00:00
1775439900000,2115.01,2117.96,2114.01,2114.22,160.71091995,2026-04-06 01:45:00+00:00
1775440800000,2114.3,2146.0,2113.64,2133.52,399.24788692,2026-04-06 02:00:00+00:00
1775441700000,2133.52,2139.5,2129.86,2134.11,113.59494439,2026-04-06 02:15:00+00:00
1775442600000,2134.21,2140.4,2130.97,2132.8,354.90160795,2026-04-06 02:30:00+00:00
1775443500000,2133.22,2136.21,2132.62,2133.44,117.96675342,2026-04-06 02:45:00+00:00
1775444400000,2133.01,2135.82,2130.83,2130.83,101.72953474,2026-04-06 03:00:00+00:00
1775445300000,2131.36,2136.28,2128.26,2135.2,166.88572805,2026-04-06 03:15:00+00:00
1775446200000,2135.13,2135.77,2130.03,2130.9,85.09508739,2026-04-06 03:30:00+00:00
1775447100000,2130.9,2132.0,2126.03,2128.62,65.06162588,2026-04-06 03:45:00+00:00
1775448000000,2128.77,2133.16,2125.35,2127.29,162.65162096,2026-04-06 04:00:00+00:00
1775448900000,2127.91,2127.91,2124.33,2126.58,129.66683075,2026-04-06 04:15:00+00:00
1775449800000,2126.7,2134.25,2125.94,2132.13,197.58162732,2026-04-06 04:30:00+00:00
1775450700000,2132.32,2133.31,2129.83,2130.28,73.52740586,2026-04-06 04:45:00+00:00
1775451600000,2130.3,2131.18,2129.26,2130.21,74.0052587,2026-04-06 05:00:00+00:00
1775452500000,2130.34,2133.63,2128.47,2130.07,94.56271847,2026-04-06 05:15:00+00:00
1775453400000,2130.4,2131.87,2129.28,2130.8,99.45982004,2026-04-06 05:30:00+00:00
1775454300000,2131.0,2131.65,2128.03,2130.84,55.97633815,2026-04-06 05:45:00+00:00
1775455200000,2130.82,2138.1,2127.62,2135.88,415.57079098,2026-04-06 06:00:00+00:00
1775456100000,2135.48,2135.48,2120.0,2120.99,195.49768628,2026-04-06 06:15:00+00:00
1775457000000,2120.95,2124.23,2120.01,2122.85,192.23967037,2026-04-06 06:30:00+00:00
1775457900000,2122.73,2130.0,2122.73,2126.71,912.01952245,2026-04-06 06:45:00+00:00
1775458800000,2126.71,2127.85,2122.5,2124.06,138.07965208,2026-04-06 07:00:00+00:00
1775459700000,2124.1,2136.08,2124.1,2133.92,108.17497258,2026-04-06 07:15:00+00:00
1775460600000,2134.03,2136.5,2130.57,2130.69,97.51064203,2026-04-06 07:30:00+00:00
1775461500000,2130.79,2140.3,2130.21,2134.28,1061.40184104,2026-04-06 07:45:00+00:00
1775462400000,2134.28,2137.73,2133.03,2137.03,66.19468553,2026-04-06 08:00:00+00:00
1775463300000,2137.02,2139.46,2134.09,2136.27,35.91771984,2026-04-06 08:15:00+00:00
1775464200000,2136.26,2146.92,2135.42,2140.59,348.6350845,2026-04-06 08:30:00+00:00
1775465100000,2140.23,2141.0,2137.1,2138.84,279.81236841,2026-04-06 08:45:00+00:00
1775466000000,2138.84,2153.61,2138.5,2147.76,396.53775174,2026-04-06 09:00:00+00:00
1775466900000,2147.8,2174.24,2147.8,2158.45,1570.43273095,2026-04-06 09:15:00+00:00
1775467800000,2158.67,2162.62,2149.82,2152.21,1118.50237977,2026-04-06 09:30:00+00:00
1775468700000,2152.54,2154.13,2149.12,2150.9,80.94102703,2026-04-06 09:45:00+00:00
1775469600000,2152.57,2156.86,2150.64,2155.25,178.86646263,2026-04-06 10:00:00+00:00
1775470500000,2155.51,2157.22,2152.43,2154.93,53.49022568,2026-04-06 10:15:00+00:00
1775471400000,2154.68,2157.22,2153.71,2155.23,489.51935484,2026-04-06 10:30:00+00:00
1775472300000,2155.23,2155.64,2150.0,2153.33,338.79713608,2026-04-06 10:45:00+00:00
1775473200000,2153.06,2153.71,2147.86,2149.11,86.01130321,2026-04-06 11:00:00+00:00
1775474100000,2149.13,2151.27,2147.13,2151.02,79.88037978,2026-04-06 11:15:00+00:00
1775475000000,2151.02,2152.96,2150.16,2151.36,51.86543708,2026-04-06 11:30:00+00:00
1775475900000,2151.36,2153.66,2150.04,2151.63,35.21188216,2026-04-06 11:45:00+00:00
1775476800000,2151.63,2152.74,2147.54,2148.9,267.28554058,2026-04-06 12:00:00+00:00
1775477700000,2148.84,2150.0,2148.0,2148.4,113.37270164,2026-04-06 12:15:00+00:00
1775478600000,2148.5,2153.37,2147.26,2151.62,119.24570427,2026-04-06 12:30:00+00:00
1775479500000,2151.66,2154.0,2142.51,2143.19,270.05689588,2026-04-06 12:45:00+00:00
1775480400000,2143.2,2146.01,2141.21,2144.16,942.08180046,2026-04-06 13:00:00+00:00
1775481300000,2143.48,2144.03,2139.17,2142.61,91.60574747,2026-04-06 13:15:00+00:00
1775482200000,2143.4,2149.07,2138.12,2142.41,194.15933333,2026-04-06 13:30:00+00:00
1775483100000,2142.02,2147.98,2141.23,2144.67,54.25256351,2026-04-06 13:45:00+00:00
1775484000000,2145.71,2158.78,2137.82,2142.05,326.9928233,2026-04-06 14:00:00+00:00
1775484900000,2142.43,2165.36,2142.43,2154.91,572.79344339,2026-04-06 14:15:00+00:00
1775485800000,2155.03,2161.72,2143.15,2148.09,911.77184929,2026-04-06 14:30:00+00:00
1775486700000,2148.25,2159.15,2144.13,2156.88,1004.40014878,2026-04-06 14:45:00+00:00
1775487600000,2156.89,2168.0,2155.81,2167.08,1102.80081587,2026-04-06 15:00:00+00:00
1775488500000,2167.2,2168.7,2159.92,2166.12,351.98681448,2026-04-06 15:15:00+00:00
1775489400000,2166.2,2169.53,2160.63,2164.94,192.91812784,2026-04-06 15:30:00+00:00
1775490300000,2164.54,2167.2,2163.15,2165.02,82.23882996,2026-04-06 15:45:00+00:00
1775491200000,2164.95,2167.85,2160.39,2166.63,145.34180393,2026-04-06 16:00:00+00:00
1775492100000,2166.73,2166.73,2159.25,2159.25,126.89633243,2026-04-06 16:15:00+00:00
1775493000000,2159.01,2164.2,2157.12,2161.62,82.14523259,2026-04-06 16:30:00+00:00
1775493900000,2162.32,2168.92,2140.93,2140.93,684.96798769,2026-04-06 16:45:00+00:00
1775494800000,2140.91,2141.42,2125.86,2127.99,991.22252506,2026-04-06 17:00:00+00:00
1775495700000,2127.77,2136.69,2124.01,2135.12,472.08413586,2026-04-06 17:15:00+00:00
1775496600000,2134.54,2138.5,2131.72,2133.05,345.54326182,2026-04-06 17:30:00+00:00
1775497500000,2133.31,2135.87,2131.12,2134.99,41.30847695,2026-04-06 17:45:00+00:00
1775498400000,2134.98,2146.57,2131.67,2140.94,207.74347145,2026-04-06 18:00:00+00:00
1775499300000,2142.09,2148.79,2141.32,2146.63,105.63361479,2026-04-06 18:15:00+00:00
1775500200000,2146.59,2147.58,2141.63,2142.65,80.41359014,2026-04-06 18:30:00+00:00
1775501100000,2142.62,2146.44,2139.88,2144.95,92.99891024,2026-04-06 18:45:00+00:00
1775502000000,2144.95,2144.95,2136.56,2140.13,121.77453793,2026-04-06 19:00:00+00:00
1775502900000,2140.01,2144.95,2139.99,2144.18,495.61865422,2026-04-06 19:15:00+00:00
1775503800000,2144.18,2145.6,2139.76,2141.97,19.41675623,2026-04-06 19:30:00+00:00
1775504700000,2141.98,2145.89,2139.68,2143.87,376.36375535,2026-04-06 19:45:00+00:00
1775505600000,2143.79,2145.94,2140.27,2145.87,1126.08761506,2026-04-06 20:00:00+00:00
1775506500000,2145.84,2154.89,2145.81,2152.66,704.49503842,2026-04-06 20:15:00+00:00
1775507400000,2152.71,2153.55,2150.25,2150.83,85.41157498,2026-04-06 20:30:00+00:00
1775508300000,2150.81,2151.55,2148.24,2149.39,42.54491865,2026-04-06 20:45:00+00:00
1775509200000,2149.4,2149.4,2145.26,2146.74,209.17026144,2026-04-06 21:00:00+00:00
1775510100000,2146.67,2146.7,2145.38,2145.68,41.07068239,2026-04-06 21:15:00+00:00
1775511000000,2145.58,2145.81,2140.0,2140.01,44.55729239,2026-04-06 21:30:00+00:00
1775511900000,2140.0,2141.94,2138.19,2139.52,84.2690409,2026-04-06 21:45:00+00:00
1775512800000,2139.35,2140.0,2136.52,2140.0,86.93466816,2026-04-06 22:00:00+00:00
1775513700000,2140.0,2140.95,2131.34,2135.97,135.4277412,2026-04-06 22:15:00+00:00
1775514600000,2135.01,2135.01,2128.57,2129.58,224.61420691,2026-04-06 22:30:00+00:00
1775515500000,2129.21,2129.21,2106.07,2106.07,785.560057,2026-04-06 22:45:00+00:00
1775516400000,2105.78,2105.78,2087.95,2098.68,1183.26980356,2026-04-06 23:00:00+00:00
1775517300000,2097.89,2099.7,2088.47,2091.72,372.83280283,2026-04-06 23:15:00+00:00
1775518200000,2091.71,2106.47,2089.26,2103.15,227.4589347,2026-04-06 23:30:00+00:00
1775519100000,2103.15,2110.36,2103.15,2107.24,66.4684852,2026-04-06 23:45:00+00:00
1775520000000,2107.22,2119.33,2105.61,2116.39,380.35272109,2026-04-07 00:00:00+00:00
1775520900000,2115.3,2119.54,2111.31,2114.58,207.71939729,2026-04-07 00:15:00+00:00
1775521800000,2114.5,2118.68,2107.75,2112.13,314.9598554,2026-04-07 00:30:00+00:00
1775522700000,2111.93,2117.53,2111.78,2112.48,65.46713129,2026-04-07 00:45:00+00:00
1775523600000,2112.76,2112.76,2105.01,2107.48,126.712638,2026-04-07 01:00:00+00:00
1775524500000,2107.48,2119.52,2107.48,2113.8,234.74132908,2026-04-07 01:15:00+00:00
1775525400000,2113.12,2114.59,2106.75,2110.04,114.12744566,2026-04-07 01:30:00+00:00
1775526300000,2109.7,2109.95,2097.77,2101.14,127.49278865,2026-04-07 01:45:00+00:00
1775527200000,2099.7,2102.19,2094.1,2098.66,91.50581109,2026-04-07 02:00:00+00:00
1775528100000,2099.53,2106.42,2098.74,2106.2,60.42259419,2026-04-07 02:15:00+00:00
1775529000000,2106.08,2111.74,2103.65,2105.76,50.369424,2026-04-07 02:30:00+00:00
1775529900000,2105.76,2106.66,2102.51,2106.16,262.39700937,2026-04-07 02:45:00+00:00
1775530800000,2106.32,2109.61,2104.86,2106.57,10.49221297,2026-04-07 03:00:00+00:00
1775531700000,2106.45,2109.4,2103.61,2109.1,29.99604483,2026-04-07 03:15:00+00:00
1775532600000,2109.2,2109.47,2108.0,2108.78,25.07250096,2026-04-07 03:30:00+00:00
1775533500000,2109.27,2109.27,2107.07,2108.25,117.5809593,2026-04-07 03:45:00+00:00
1775534400000,2108.23,2109.02,2104.67,2105.32,144.88605786,2026-04-07 04:00:00+00:00
1775535300000,2105.66,2107.58,2103.44,2105.71,20.07835147,2026-04-07 04:15:00+00:00
1775536200000,2105.64,2113.0,2105.64,2112.91,50.52688266,2026-04-07 04:30:00+00:00
1775537100000,2112.83,2119.41,2112.8,2114.29,223.95509539,2026-04-07 04:45:00+00:00
1775538000000,2114.43,2114.69,2110.65,2110.95,197.75284502,2026-04-07 05:00:00+00:00
1775538900000,2110.88,2112.65,2106.96,2107.03,220.36718564,2026-04-07 05:15:00+00:00
1775539800000,2107.03,2107.03,2104.26,2104.58,208.44841516,2026-04-07 05:30:00+00:00
1775540700000,2104.27,2105.49,2103.85,2105.49,94.71983032,2026-04-07 05:45:00+00:00
1775541600000,2105.29,2105.56,2099.14,2100.29,116.89275751,2026-04-07 06:00:00+00:00
1775542500000,2100.33,2102.15,2096.72,2101.23,106.47206252,2026-04-07 06:15:00+00:00
1775543400000,2101.17,2101.59,2098.1,2101.59,12.87894769,2026-04-07 06:30:00+00:00
1775544300000,2101.54,2105.65,2100.65,2103.5,126.16579753,2026-04-07 06:45:00+00:00
1775545200000,2103.5,2103.5,2098.76,2101.54,55.97255872,2026-04-07 07:00:00+00:00
1775546100000,2100.92,2103.94,2098.67,2100.96,68.93187413,2026-04-07 07:15:00+00:00
1775547000000,2101.16,2105.61,2101.16,2103.25,103.94644477,2026-04-07 07:30:00+00:00
1775547900000,2103.32,2105.13,2101.39,2103.93,173.31676162,2026-04-07 07:45:00+00:00
1775548800000,2103.94,2111.22,2103.43,2108.18,128.32038085,2026-04-07 08:00:00+00:00
1775549700000,2107.63,2112.43,2105.96,2109.31,47.31027551,2026-04-07 08:15:00+00:00
1775550600000,2109.16,2115.07,2109.16,2115.07,28.41678484,2026-04-07 08:30:00+00:00
1775551500000,2114.92,2116.6,2112.87,2114.78,54.91642737,2026-04-07 08:45:00+00:00
1775552400000,2114.85,2133.69,2114.21,2126.59,624.86459908,2026-04-07 09:00:00+00:00
1775553300000,2126.71,2128.57,2123.94,2125.54,75.32552344,2026-04-07 09:15:00+00:00
1775554200000,2125.67,2130.95,2124.94,2128.55,84.17268541,2026-04-07 09:30:00+00:00
1775555100000,2128.13,2129.27,2126.58,2128.37,30.59119188,2026-04-07 09:45:00+00:00
1775556000000,2128.26,2131.31,2116.75,2117.46,463.34312751,2026-04-07 10:00:00+00:00
1775556900000,2117.46,2122.13,2104.76,2106.43,283.85542626,2026-04-07 10:15:00+00:00
1775557800000,2106.49,2107.88,2097.0,2098.86,328.85764264,2026-04-07 10:30:00+00:00
1775558700000,2099.16,2099.65,2086.03,2088.64,942.25358951,2026-04-07 10:45:00+00:00
1775559600000,2089.1,2090.09,2082.52,2087.96,434.75606876,2026-04-07 11:00:00+00:00
1775560500000,2088.67,2092.96,2086.1,2091.74,284.75486838,2026-04-07 11:15:00+00:00
1775561400000,2091.43,2091.89,2086.64,2089.74,62.38601308,2026-04-07 11:30:00+00:00
1775562300000,2089.93,2090.16,2087.35,2089.25,87.99512852,2026-04-07 11:45:00+00:00
1775563200000,2089.25,2092.08,2074.0,2083.55,774.00972707,2026-04-07 12:00:00+00:00
1775564100000,2083.55,2086.77,2078.59,2084.46,224.00785937,2026-04-07 12:15:00+00:00
1775565000000,2084.51,2085.6,2075.38,2076.66,331.86631115,2026-04-07 12:30:00+00:00
1775565900000,2076.65,2091.66,2074.01,2086.72,862.53614172,2026-04-07 12:45:00+00:00
1775566800000,2086.68,2092.52,2084.49,2090.39,265.83706239,2026-04-07 13:00:00+00:00
1775567700000,2090.03,2090.05,2083.34,2084.05,152.39432503,2026-04-07 13:15:00+00:00
1775568600000,2084.3,2089.28,2076.23,2078.59,225.93568327,2026-04-07 13:30:00+00:00
1775569500000,2076.38,2082.96,2074.07,2075.0,317.55453054,2026-04-07 13:45:00+00:00
1775570400000,2074.8,2076.97,2059.82,2067.62,513.15461565,2026-04-07 14:00:00+00:00
1775571300000,2067.02,2077.26,2062.44,2076.8,362.42751948,2026-04-07 14:15:00+00:00
1775572200000,2076.8,2076.92,2070.53,2071.91,237.62561809,2026-04-07 14:30:00+00:00
1775573100000,2072.1,2080.8,2069.43,2069.44,94.29159905,2026-04-07 14:45:00+00:00
1775574000000,2069.44,2072.74,2064.66,2069.76,225.14429359,2026-04-07 15:00:00+00:00
1775574900000,2070.19,2080.95,2070.19,2080.3,409.12789934,2026-04-07 15:15:00+00:00
1775575800000,2080.33,2082.53,2076.0,2077.28,235.20218772,2026-04-07 15:30:00+00:00
1775576700000,2076.72,2082.91,2075.63,2080.01,88.53753538,2026-04-07 15:45:00+00:00
1775577600000,2080.02,2088.91,2077.88,2079.22,173.33912284,2026-04-07 16:00:00+00:00
1775578500000,2079.1,2084.64,2077.43,2084.19,277.79706916,2026-04-07 16:15:00+00:00
1775579400000,2084.42,2086.83,2082.16,2086.81,288.13622655,2026-04-07 16:30:00+00:00
1775580300000,2086.78,2089.99,2081.89,2083.49,93.09647298,2026-04-07 16:45:00+00:00
1775581200000,2083.44,2087.07,2081.7,2082.32,288.20226337,2026-04-07 17:00:00+00:00
1775582100000,2082.04,2085.81,2079.99,2084.76,122.10373753,2026-04-07 17:15:00+00:00
1775583000000,2084.76,2114.0,2084.76,2097.0,448.9425241,2026-04-07 17:30:00+00:00
1775583900000,2096.71,2102.32,2096.47,2099.12,325.65501122,2026-04-07 17:45:00+00:00
1775584800000,2099.13,2101.43,2094.32,2096.91,111.16472989,2026-04-07 18:00:00+00:00
1775585700000,2096.53,2096.72,2093.14,2094.35,69.08901261,2026-04-07 18:15:00+00:00
1775586600000,2094.51,2098.01,2089.67,2090.43,89.859757,2026-04-07 18:30:00+00:00
1775587500000,2089.59,2090.99,2082.04,2086.07,297.23020377,2026-04-07 18:45:00+00:00
1775588400000,2085.93,2089.03,2083.88,2087.44,77.22075913,2026-04-07 19:00:00+00:00
1775589300000,2087.44,2104.85,2087.44,2096.29,466.16619892,2026-04-07 19:15:00+00:00
1775590200000,2095.45,2095.54,2090.32,2094.89,170.58441873,2026-04-07 19:30:00+00:00
1775591100000,2094.25,2116.1,2093.95,2113.86,878.37857902,2026-04-07 19:45:00+00:00
1775592000000,2114.0,2124.65,2113.74,2119.83,471.04317543,2026-04-07 20:00:00+00:00
1775592900000,2119.5,2120.89,2113.38,2115.39,200.48007251,2026-04-07 20:15:00+00:00
1775593800000,2115.55,2119.79,2112.92,2115.43,142.10118931,2026-04-07 20:30:00+00:00
1775594700000,2115.27,2115.79,2110.56,2114.52,261.53949651,2026-04-07 20:45:00+00:00
1775595600000,2114.53,2152.23,2114.53,2143.21,943.68224904,2026-04-07 21:00:00+00:00
1775596500000,2141.34,2144.15,2128.37,2130.57,158.94046506,2026-04-07 21:15:00+00:00
1775597400000,2130.58,2142.32,2130.58,2142.0,159.19640154,2026-04-07 21:30:00+00:00
1775598300000,2142.48,2149.49,2141.45,2144.64,264.67935011,2026-04-07 21:45:00+00:00
1775599200000,2145.22,2164.79,2145.22,2157.68,774.21988921,2026-04-07 22:00:00+00:00
1775600100000,2157.88,2160.67,2153.66,2159.34,266.92568251,2026-04-07 22:15:00+00:00
1775601000000,2159.41,2192.02,2159.35,2178.98,2288.11033937,2026-04-07 22:30:00+00:00
1775601900000,2177.67,2219.27,2177.19,2219.27,1567.95515135,2026-04-07 22:45:00+00:00
1775602800000,2219.24,2242.41,2215.22,2230.45,1610.64750981,2026-04-07 23:00:00+00:00
1775603700000,2230.47,2269.86,2220.7,2268.56,5292.6577035,2026-04-07 23:15:00+00:00
1775604600000,2269.63,2273.51,2241.49,2247.76,1121.24500036,2026-04-07 23:30:00+00:00
1775605500000,2247.55,2259.43,2238.07,2240.22,1294.02455514,2026-04-07 23:45:00+00:00
1775606400000,2240.01,2249.83,2238.0,2243.0,832.55949447,2026-04-08 00:00:00+00:00
1775607300000,2242.44,2248.59,2237.77,2239.46,250.73277188,2026-04-08 00:15:00+00:00
1775608200000,2240.05,2242.68,2231.96,2235.32,868.68617732,2026-04-08 00:30:00+00:00
1775609100000,2236.26,2237.0,2228.37,2235.57,1154.96646643,2026-04-08 00:45:00+00:00
1775610000000,2235.86,2242.11,2231.39,2241.83,233.10395366,2026-04-08 01:00:00+00:00
1775610900000,2241.19,2241.19,2230.63,2232.22,148.47969683,2026-04-08 01:15:00+00:00
1775611800000,2232.22,2238.74,2231.45,2236.02,79.8223052,2026-04-08 01:30:00+00:00
1775612700000,2236.01,2239.06,2233.51,2233.67,46.07453365,2026-04-08 01:45:00+00:00
1775613600000,2234.1,2246.68,2233.0,2244.72,1029.08200702,2026-04-08 02:00:00+00:00
1775614500000,2244.72,2245.09,2231.57,2236.17,511.43501206,2026-04-08 02:15:00+00:00
1775615400000,2236.18,2236.27,2230.66,2232.98,321.31652389,2026-04-08 02:30:00+00:00
1775616300000,2232.53,2236.53,2231.51,2236.11,228.63347179,2026-04-08 02:45:00+00:00
1775617200000,2236.79,2237.64,2233.13,2233.13,72.97093133,2026-04-08 03:00:00+00:00
1775618100000,2233.12,2238.77,2232.0,2238.74,59.71674066,2026-04-08 03:15:00+00:00
1775619000000,2238.34,2238.34,2235.43,2236.99,24.183158,2026-04-08 03:30:00+00:00
1775619900000,2236.87,2236.87,2233.38,2234.3,62.43018078,2026-04-08 03:45:00+00:00
1775620800000,2234.54,2250.0,2234.54,2242.28,1130.31692432,2026-04-08 04:00:00+00:00
1775621700000,2244.17,2246.85,2242.37,2245.83,86.17513453,2026-04-08 04:15:00+00:00
1775622600000,2245.18,2251.93,2244.01,2249.7,253.79969962,2026-04-08 04:30:00+00:00
1775623500000,2248.59,2249.83,2241.17,2241.53,246.38428692,2026-04-08 04:45:00+00:00
1775624400000,2241.05,2244.58,2240.51,2241.56,105.914766,2026-04-08 05:00:00+00:00
1775625300000,2241.56,2244.98,2240.59,2244.06,35.01754022,2026-04-08 05:15:00+00:00
1775626200000,2244.1,2244.1,2240.0,2240.47,149.88105811,2026-04-08 05:30:00+00:00
1775627100000,2240.41,2245.0,2238.5,2240.48,75.64278614,2026-04-08 05:45:00+00:00
1775628000000,2240.48,2242.08,2236.0,2240.78,106.51357499,2026-04-08 06:00:00+00:00
1775628900000,2241.63,2252.86,2240.42,2250.58,691.87936707,2026-04-08 06:15:00+00:00
1775629800000,2250.56,2250.86,2247.85,2248.92,159.32743519,2026-04-08 06:30:00+00:00
1775630700000,2249.33,2250.25,2245.25,2245.75,54.14179049,2026-04-08 06:45:00+00:00
1775631600000,2245.75,2251.22,2244.39,2251.12,59.89706206,2026-04-08 07:00:00+00:00
1775632500000,2250.55,2260.22,2249.15,2256.71,937.4356158,2026-04-08 07:15:00+00:00
1775633400000,2256.25,2256.25,2247.5,2250.55,231.05242518,2026-04-08 07:30:00+00:00
1775634300000,2250.54,2253.85,2250.26,2253.68,136.86384481,2026-04-08 07:45:00+00:00
1775635200000,2253.91,2259.0,2252.3,2253.98,82.59903204,2026-04-08 08:00:00+00:00
1775636100000,2253.98,2258.47,2252.95,2256.09,50.12640642,2026-04-08 08:15:00+00:00
1775637000000,2256.13,2258.68,2250.45,2251.66,135.68953957,2026-04-08 08:30:00+00:00
1775637900000,2253.01,2258.06,2253.01,2256.34,91.35005173,2026-04-08 08:45:00+00:00
1775638800000,2256.53,2263.34,2256.52,2258.03,92.19975853,2026-04-08 09:00:00+00:00
1775639700000,2257.22,2258.35,2250.53,2250.53,47.31080308,2026-04-08 09:15:00+00:00
1775640600000,2250.48,2252.95,2246.35,2246.35,75.07511424,2026-04-08 09:30:00+00:00
1775641500000,2246.39,2250.53,2246.24,2249.4,109.17098712,2026-04-08 09:45:00+00:00
1775642400000,2250.08,2253.45,2246.92,2247.97,118.35732596,2026-04-08 10:00:00+00:00
1775643300000,2248.01,2251.34,2246.68,2250.0,136.16878786,2026-04-08 10:15:00+00:00
1775644200000,2250.0,2250.19,2242.91,2244.94,691.28572563,2026-04-08 10:30:00+00:00
1775645100000,2244.92,2248.23,2242.71,2242.71,33.06735092,2026-04-08 10:45:00+00:00
1775646000000,2242.58,2249.08,2241.85,2249.04,37.98833595,2026-04-08 11:00:00+00:00
1775646900000,2248.77,2254.5,2245.8,2253.41,103.99966975,2026-04-08 11:15:00+00:00
1775647800000,2253.42,2253.42,2237.96,2241.68,204.33266414,2026-04-08 11:30:00+00:00
1775648700000,2241.14,2248.29,2240.53,2247.38,82.4907477,2026-04-08 11:45:00+00:00
1775649600000,2247.4,2253.94,2247.4,2253.93,67.76295117,2026-04-08 12:00:00+00:00
1775650500000,2252.97,2254.37,2243.07,2248.21,87.64991627,2026-04-08 12:15:00+00:00
1775651400000,2248.14,2256.42,2248.14,2254.64,51.68646464,2026-04-08 12:30:00+00:00
1775652300000,2254.5,2259.16,2254.0,2256.03,134.13763689,2026-04-08 12:45:00+00:00
1775653200000,2255.7,2270.0,2255.7,2261.03,353.76321735,2026-04-08 13:00:00+00:00
1775654100000,2261.17,2266.86,2253.93,2260.0,176.35666904,2026-04-08 13:15:00+00:00
1775655000000,2260.0,2265.12,2234.37,2236.43,678.57879498,2026-04-08 13:30:00+00:00
1775655900000,2234.85,2246.26,2232.0,2236.64,563.22686054,2026-04-08 13:45:00+00:00
1775656800000,2236.45,2241.04,2221.85,2231.62,651.54012914,2026-04-08 14:00:00+00:00
1775657700000,2231.36,2233.92,2224.53,2225.55,120.10018103,2026-04-08 14:15:00+00:00
1775658600000,2225.71,2227.38,2202.69,2206.82,1004.20817448,2026-04-08 14:30:00+00:00
1775659500000,2206.46,2208.95,2186.97,2193.99,382.6314147,2026-04-08 14:45:00+00:00
1775660400000,2195.0,2204.47,2193.42,2204.47,390.86942498,2026-04-08 15:00:00+00:00
1775661300000,2204.48,2208.87,2200.5,2205.95,75.44229364,2026-04-08 15:15:00+00:00
1775662200000,2206.64,2218.09,2204.46,2210.77,216.69372908,2026-04-08 15:30:00+00:00
1775663100000,2211.65,2216.62,2211.28,2214.94,56.37483522,2026-04-08 15:45:00+00:00
1775664000000,2215.26,2217.99,2212.86,2216.23,161.61618044,2026-04-08 16:00:00+00:00
1775664900000,2216.06,2221.85,2213.63,2219.17,171.33289917,2026-04-08 16:15:00+00:00
1775665800000,2219.21,2219.35,2212.0,2216.91,214.75644618,2026-04-08 16:30:00+00:00
1775666700000,2217.08,2224.72,2216.23,2221.01,162.09237795,2026-04-08 16:45:00+00:00
1775667600000,2221.01,2227.25,2220.56,2225.92,151.24864184,2026-04-08 17:00:00+00:00
1775668500000,2225.72,2225.89,2213.05,2219.7,70.72446456,2026-04-08 17:15:00+00:00
1775669400000,2219.83,2239.5,2219.83,2233.94,348.96510659,2026-04-08 17:30:00+00:00
1775670300000,2233.0,2235.18,2230.45,2232.15,61.77529934,2026-04-08 17:45:00+00:00
1775671200000,2232.15,2232.15,2224.78,2227.28,66.10876473,2026-04-08 18:00:00+00:00
1775672100000,2227.44,2228.69,2212.38,2213.22,219.37531334,2026-04-08 18:15:00+00:00
1775673000000,2213.24,2220.0,2207.67,2208.12,172.22981638,2026-04-08 18:30:00+00:00
1775673900000,2207.36,2210.6,2199.23,2201.37,904.35417835,2026-04-08 18:45:00+00:00
1775674800000,2201.37,2206.69,2198.0,2205.28,3578.237881,2026-04-08 19:00:00+00:00
1775675700000,2205.74,2206.14,2200.22,2200.49,141.66074842,2026-04-08 19:15:00+00:00
1775676600000,2199.65,2208.69,2198.62,2206.38,156.05084007,2026-04-08 19:30:00+00:00
1775677500000,2206.37,2211.86,2206.19,2211.63,232.18750278,2026-04-08 19:45:00+00:00
1775678400000,2211.37,2216.58,2211.37,2215.39,256.78956132,2026-04-08 20:00:00+00:00
1775679300000,2215.39,2217.04,2213.33,2215.0,109.02324481,2026-04-08 20:15:00+00:00
1775680200000,2214.97,2215.27,2206.76,2207.59,142.52590277,2026-04-08 20:30:00+00:00
1775681100000,2207.6,2210.64,2206.16,2209.88,109.50788321,2026-04-08 20:45:00+00:00
1775682000000,2210.16,2219.08,2208.17,2214.77,103.57363529,2026-04-08 21:00:00+00:00
1775682900000,2215.15,2222.0,2214.62,2220.97,140.2317385,2026-04-08 21:15:00+00:00
1775683800000,2220.84,2221.5,2214.75,2215.88,93.82378488,2026-04-08 21:30:00+00:00
1775684700000,2216.0,2217.92,2213.1,2214.45,43.32789825,2026-04-08 21:45:00+00:00
1775685600000,2214.88,2214.89,2209.0,2210.26,34.76969742,2026-04-08 22:00:00+00:00
1775686500000,2210.77,2211.41,2192.75,2193.66,437.23680284,2026-04-08 22:15:00+00:00
1775687400000,2193.78,2201.24,2187.98,2197.64,296.62968363,2026-04-08 22:30:00+00:00
1775688300000,2197.85,2199.34,2189.23,2190.16,117.42314114,2026-04-08 22:45:00+00:00
1775689200000,2190.13,2193.52,2183.22,2193.48,197.46690256,2026-04-08 23:00:00+00:00
1775690100000,2193.5,2193.51,2180.61,2185.3,251.08349374,2026-04-08 23:15:00+00:00
1775691000000,2185.01,2189.91,2182.52,2187.9,167.37545539,2026-04-08 23:30:00+00:00
1775691900000,2187.8,2192.29,2187.8,2190.38,94.84864573,2026-04-08 23:45:00+00:00
1775692800000,2190.39,2194.63,2189.07,2191.5,83.58838228,2026-04-09 00:00:00+00:00
1775693700000,2191.85,2192.25,2185.32,2186.07,96.90222918,2026-04-09 00:15:00+00:00
1775694600000,2185.12,2187.35,2180.01,2183.34,64.93743959,2026-04-09 00:30:00+00:00
1775695500000,2183.24,2186.61,2180.21,2183.55,65.14948485,2026-04-09 00:45:00+00:00
1775696400000,2183.14,2185.0,2162.33,2171.78,542.22060227,2026-04-09 01:00:00+00:00
1775697300000,2172.47,2172.47,2166.63,2168.79,148.86874574,2026-04-09 01:15:00+00:00
1775698200000,2170.29,2178.47,2169.51,2174.92,74.67662128,2026-04-09 01:30:00+00:00
1775699100000,2174.95,2179.58,2172.09,2178.91,119.46017141,2026-04-09 01:45:00+00:00
1775700000000,2179.0,2182.36,2174.76,2174.91,120.49294551,2026-04-09 02:00:00+00:00
1775700900000,2175.12,2183.5,2174.95,2182.09,33.14236369,2026-04-09 02:15:00+00:00
1775701800000,2182.08,2184.09,2176.6,2179.83,124.95591278,2026-04-09 02:30:00+00:00
1775702700000,2179.94,2185.29,2179.48,2181.18,100.49276798,2026-04-09 02:45:00+00:00
1775703600000,2182.02,2183.2,2180.18,2181.29,127.02122722,2026-04-09 03:00:00+00:00
1775704500000,2181.11,2181.9,2176.7,2178.93,20.51337004,2026-04-09 03:15:00+00:00
1775705400000,2178.93,2181.49,2177.87,2178.07,44.15160567,2026-04-09 03:30:00+00:00
1775706300000,2178.07,2183.87,2176.87,2182.67,103.37277153,2026-04-09 03:45:00+00:00
1775707200000,2182.61,2182.61,2178.79,2179.88,11.53042254,2026-04-09 04:00:00+00:00
1775708100000,2178.88,2179.45,2176.89,2178.43,277.61271329,2026-04-09 04:15:00+00:00
1775709000000,2178.62,2181.61,2177.96,2180.81,206.75967008,2026-04-09 04:30:00+00:00
1775709900000,2180.5,2181.25,2177.29,2178.05,81.51464344,2026-04-09 04:45:00+00:00
1775710800000,2178.06,2179.22,2175.98,2178.23,27.17506233,2026-04-09 05:00:00+00:00
1775711700000,2178.21,2182.53,2176.56,2182.53,127.22603237,2026-04-09 05:15:00+00:00
1775712600000,2181.58,2188.43,2180.72,2187.85,122.01786048,2026-04-09 05:30:00+00:00
1775713500000,2187.7,2187.7,2180.24,2182.17,77.36439591,2026-04-09 05:45:00+00:00
1775714400000,2182.17,2186.26,2182.17,2183.85,28.24178398,2026-04-09 06:00:00+00:00
1775715300000,2183.8,2183.8,2176.41,2177.87,32.89233693,2026-04-09 06:15:00+00:00
1775716200000,2176.37,2179.69,2175.71,2178.53,49.32116029,2026-04-09 06:30:00+00:00
1775717100000,2178.62,2181.72,2177.78,2181.49,63.56773229,2026-04-09 06:45:00+00:00
1775718000000,2181.84,2186.4,2181.77,2184.71,53.24429485,2026-04-09 07:00:00+00:00
1775718900000,2184.82,2184.82,2180.9,2181.5,35.00346298,2026-04-09 07:15:00+00:00
1775719800000,2181.5,2184.19,2180.89,2182.31,19.25239944,2026-04-09 07:30:00+00:00
1775720700000,2182.3,2182.94,2180.71,2181.4,13.70473305,2026-04-09 07:45:00+00:00
1775721600000,2181.48,2183.51,2177.78,2179.4,140.72207227,2026-04-09 08:00:00+00:00
1775722500000,2179.23,2181.04,2176.95,2180.35,59.82536066,2026-04-09 08:15:00+00:00
1775723400000,2180.47,2189.42,2180.41,2189.42,185.73699008,2026-04-09 08:30:00+00:00
1775724300000,2188.54,2190.42,2183.63,2186.83,60.85073635,2026-04-09 08:45:00+00:00
1775725200000,2186.53,2186.53,2180.01,2183.04,88.95448931,2026-04-09 09:00:00+00:00
1775726100000,2183.16,2187.6,2183.16,2184.66,103.09398279,2026-04-09 09:15:00+00:00
1775727000000,2184.44,2188.07,2184.04,2185.83,49.21832798,2026-04-09 09:30:00+00:00
1775727900000,2185.33,2196.45,2185.33,2193.87,113.91759666,2026-04-09 09:45:00+00:00
1775728800000,2194.38,2194.38,2188.6,2188.6,139.3727457,2026-04-09 10:00:00+00:00
1775729700000,2188.73,2193.51,2188.64,2192.6,61.52034255,2026-04-09 10:15:00+00:00
1775730600000,2192.48,2195.73,2190.81,2195.31,110.06196702,2026-04-09 10:30:00+00:00
1775731500000,2195.02,2195.9,2190.13,2190.75,14.93924174,2026-04-09 10:45:00+00:00
1775732400000,2190.76,2192.9,2185.73,2185.73,39.61575591,2026-04-09 11:00:00+00:00
1775733300000,2185.73,2185.74,2178.88,2180.46,175.24032496,2026-04-09 11:15:00+00:00
1775734200000,2180.55,2183.01,2178.73,2180.76,98.10678616,2026-04-09 11:30:00+00:00
1775735100000,2180.82,2182.73,2179.48,2180.02,24.00738412,2026-04-09 11:45:00+00:00
1775736000000,2180.16,2182.8,2180.01,2180.95,46.1340291,2026-04-09 12:00:00+00:00
1775736900000,2180.96,2185.24,2174.53,2184.62,238.73437682,2026-04-09 12:15:00+00:00
1775737800000,2184.86,2187.29,2179.43,2183.85,158.58719051,2026-04-09 12:30:00+00:00
1775738700000,2183.27,2183.57,2178.76,2182.57,43.72327713,2026-04-09 12:45:00+00:00
1775739600000,2183.54,2185.9,2177.72,2177.72,213.15032163,2026-04-09 13:00:00+00:00
1775740500000,2178.6,2179.0,2174.95,2178.58,37.03912949,2026-04-09 13:15:00+00:00
1775741400000,2178.45,2179.83,2164.48,2169.34,554.47481138,2026-04-09 13:30:00+00:00
1775742300000,2169.83,2170.13,2157.17,2165.17,410.63377165,2026-04-09 13:45:00+00:00
1775743200000,2165.18,2171.59,2161.81,2169.37,77.37426358,2026-04-09 14:00:00+00:00
1775744100000,2169.37,2170.06,2157.38,2162.16,231.70202632,2026-04-09 14:15:00+00:00
1775745000000,2162.43,2172.47,2160.95,2171.97,287.32281838,2026-04-09 14:30:00+00:00
1775745900000,2172.41,2181.71,2172.22,2177.82,393.02328509,2026-04-09 14:45:00+00:00
1775746800000,2177.92,2186.68,2169.95,2185.7,176.20485438,2026-04-09 15:00:00+00:00
1775747700000,2185.61,2193.99,2184.06,2184.95,296.76119583,2026-04-09 15:15:00+00:00
1775748600000,2182.82,2219.91,2182.24,2212.54,1191.7743801,2026-04-09 15:30:00+00:00
1775749500000,2212.53,2225.0,2210.87,2218.21,556.52479549,2026-04-09 15:45:00+00:00
1775750400000,2218.13,2229.32,2215.67,2215.82,502.2565748,2026-04-09 16:00:00+00:00
1775751300000,2215.28,2222.22,2210.16,2210.34,229.52753046,2026-04-09 16:15:00+00:00
1775752200000,2210.01,2210.32,2194.74,2202.76,423.27654755,2026-04-09 16:30:00+00:00
1775753100000,2202.8,2208.27,2193.26,2208.27,640.92667275,2026-04-09 16:45:00+00:00
1775754000000,2208.41,2224.74,2208.0,2224.05,359.9495504,2026-04-09 17:00:00+00:00
1775754900000,2224.21,2225.98,2212.82,2215.45,288.59510555,2026-04-09 17:15:00+00:00
1775755800000,2214.55,2224.17,2207.1,2220.93,208.26809777,2026-04-09 17:30:00+00:00
1775756700000,2220.94,2223.72,2217.95,2223.06,97.23845231,2026-04-09 17:45:00+00:00
1775757600000,2223.07,2223.56,2204.48,2207.45,200.15754202,2026-04-09 18:00:00+00:00
1775758500000,2207.85,2212.66,2202.69,2208.86,475.6694597,2026-04-09 18:15:00+00:00
1775759400000,2208.95,2210.59,2202.79,2205.31,82.32687325,2026-04-09 18:30:00+00:00
1775760300000,2204.62,2208.37,2201.39,2207.35,155.43775626,2026-04-09 18:45:00+00:00
1775761200000,2207.35,2220.5,2204.44,2215.11,347.45854119,2026-04-09 19:00:00+00:00
1775762100000,2215.44,2216.41,2205.01,2207.46,185.08906268,2026-04-09 19:15:00+00:00
1775763000000,2207.54,2219.36,2207.54,2217.53,218.32018358,2026-04-09 19:30:00+00:00
1775763900000,2217.91,2224.77,2214.81,2217.5,519.68872198,2026-04-09 19:45:00+00:00
1775764800000,2217.14,2220.09,2213.96,2219.23,228.20347326,2026-04-09 20:00:00+00:00
1775765700000,2219.64,2222.5,2217.99,2218.35,72.62989956,2026-04-09 20:15:00+00:00
1775766600000,2218.46,2220.97,2216.71,2218.43,159.67374289,2026-04-09 20:30:00+00:00
1775767500000,2217.99,2218.35,2211.44,2213.63,190.09997559,2026-04-09 20:45:00+00:00
1775768400000,2213.44,2226.6,2209.71,2214.19,291.14323951,2026-04-09 21:00:00+00:00
1775769300000,2213.37,2214.13,2208.33,2210.23,30.50034637,2026-04-09 21:15:00+00:00
1775770200000,2208.78,2216.73,2208.04,2215.19,57.61501093,2026-04-09 21:30:00+00:00
1775771100000,2216.59,2217.13,2210.07,2211.01,49.97501202,2026-04-09 21:45:00+00:00
1775772000000,2211.01,2219.41,2210.18,2218.98,133.99046507,2026-04-09 22:00:00+00:00
1775772900000,2218.98,2246.17,2218.96,2222.06,686.64778228,2026-04-09 22:15:00+00:00
1775773800000,2221.92,2222.4,2211.54,2211.8,141.821655,2026-04-09 22:30:00+00:00
1775774700000,2211.64,2214.22,2197.74,2197.95,264.11214763,2026-04-09 22:45:00+00:00
1775775600000,2197.95,2200.96,2187.2,2190.48,167.21954855,2026-04-09 23:00:00+00:00
1775776500000,2190.73,2196.17,2183.84,2192.87,175.08353181,2026-04-09 23:15:00+00:00
1775777400000,2191.01,2191.01,2183.96,2190.0,142.48106961,2026-04-09 23:30:00+00:00
1775778300000,2187.77,2191.66,2187.26,2189.56,106.60049485,2026-04-09 23:45:00+00:00
1775779200000,2190.6,2191.06,2185.35,2188.39,222.87541271,2026-04-10 00:00:00+00:00
1775780100000,2188.42,2189.29,2182.75,2189.29,291.89215503,2026-04-10 00:15:00+00:00
1775781000000,2190.05,2194.71,2187.53,2192.69,197.3311709,2026-04-10 00:30:00+00:00
1775781900000,2192.38,2197.03,2191.06,2194.59,104.42323995,2026-04-10 00:45:00+00:00
1775782800000,2195.28,2197.24,2189.5,2194.4,132.49008737,2026-04-10 01:00:00+00:00
1775783700000,2194.45,2195.84,2177.44,2185.8,273.43159079,2026-04-10 01:15:00+00:00
1775784600000,2186.51,2204.62,2185.43,2199.65,1135.43077373,2026-04-10 01:30:00+00:00
1775785500000,2199.4,2202.84,2194.78,2195.5,209.10532526,2026-04-10 01:45:00+00:00
1775786400000,2194.98,2198.42,2192.73,2195.86,49.26421557,2026-04-10 02:00:00+00:00
1775787300000,2195.87,2196.75,2193.83,2195.94,30.5449705,2026-04-10 02:15:00+00:00
1775788200000,2196.38,2197.04,2194.08,2195.78,49.4087296,2026-04-10 02:30:00+00:00
1775789100000,2195.1,2195.41,2187.2,2189.3,150.33299099,2026-04-10 02:45:00+00:00
1775790000000,2189.3,2192.62,2187.65,2187.91,94.23248516,2026-04-10 03:00:00+00:00
1775790900000,2187.26,2190.02,2183.62,2183.62,44.93307029,2026-04-10 03:15:00+00:00
1775791800000,2183.61,2188.14,2183.34,2187.45,92.32870729,2026-04-10 03:30:00+00:00
1775792700000,2187.48,2189.33,2185.36,2186.26,30.04175646,2026-04-10 03:45:00+00:00
1775793600000,2186.26,2188.77,2186.16,2187.63,212.07808138,2026-04-10 04:00:00+00:00
1775794500000,2187.72,2192.29,2187.58,2191.39,112.78232608,2026-04-10 04:15:00+00:00
1775795400000,2190.9,2192.83,2189.14,2190.47,49.97702725,2026-04-10 04:30:00+00:00
1775796300000,2190.49,2199.38,2189.98,2196.4,51.38472106,2026-04-10 04:45:00+00:00
1775797200000,2196.23,2197.56,2192.68,2193.97,37.48027676,2026-04-10 05:00:00+00:00
1775798100000,2194.62,2202.99,2193.79,2201.97,87.04739621,2026-04-10 05:15:00+00:00
1775799000000,2201.76,2202.39,2198.28,2198.43,97.6626578,2026-04-10 05:30:00+00:00
1775799900000,2198.4,2200.21,2195.94,2197.04,93.67681035,2026-04-10 05:45:00+00:00
1775800800000,2197.04,2197.99,2195.41,2196.98,40.61496199,2026-04-10 06:00:00+00:00
1775801700000,2196.94,2196.94,2190.18,2190.98,23.19064322,2026-04-10 06:15:00+00:00
1775802600000,2190.26,2191.41,2187.89,2187.9,84.8697627,2026-04-10 06:30:00+00:00
1775803500000,2188.14,2189.16,2184.38,2186.3,109.80565444,2026-04-10 06:45:00+00:00
1775804400000,2186.39,2188.27,2184.38,2184.38,22.62638879,2026-04-10 07:00:00+00:00
1775805300000,2184.38,2188.05,2184.38,2187.33,39.88267319,2026-04-10 07:15:00+00:00
1775806200000,2187.33,2188.19,2182.91,2183.76,33.81239967,2026-04-10 07:30:00+00:00
1775807100000,2183.71,2184.34,2176.49,2179.3,72.62905037,2026-04-10 07:45:00+00:00
1775808000000,2179.81,2183.39,2177.08,2181.0,76.18762252,2026-04-10 08:00:00+00:00
1775808900000,2181.0,2184.38,2179.95,2183.77,143.07469923,2026-04-10 08:15:00+00:00
1775809800000,2183.19,2189.76,2183.19,2187.13,272.73562915,2026-04-10 08:30:00+00:00
1775810700000,2187.13,2187.13,2182.11,2185.88,153.48993328,2026-04-10 08:45:00+00:00
1775811600000,2185.88,2189.18,2185.85,2188.45,162.00044972,2026-04-10 09:00:00+00:00
1775812500000,2188.44,2198.08,2188.42,2193.53,509.50725146,2026-04-10 09:15:00+00:00
1775813400000,2193.54,2194.78,2192.47,2193.46,135.11890773,2026-04-10 09:30:00+00:00
1775814300000,2193.47,2196.84,2193.0,2196.11,54.10044782,2026-04-10 09:45:00+00:00
1775815200000,2196.11,2196.11,2191.64,2193.97,62.34122567,2026-04-10 10:00:00+00:00
1775816100000,2193.92,2194.36,2191.76,2191.89,19.70472556,2026-04-10 10:15:00+00:00
1775817000000,2192.02,2194.99,2191.31,2193.87,43.08740515,2026-04-10 10:30:00+00:00
1775817900000,2193.86,2197.99,2193.86,2197.41,152.04209318,2026-04-10 10:45:00+00:00
1775818800000,2197.48,2212.49,2197.48,2211.01,417.82054243,2026-04-10 11:00:00+00:00
1775819700000,2211.5,2218.28,2210.98,2217.65,488.37136495,2026-04-10 11:15:00+00:00
1775820600000,2217.55,2221.78,2215.26,2218.09,211.89916998,2026-04-10 11:30:00+00:00
1775821500000,2218.21,2223.78,2215.93,2216.31,55.42009314,2026-04-10 11:45:00+00:00
1775822400000,2216.15,2221.11,2216.15,2216.74,88.71752411,2026-04-10 12:00:00+00:00
1775823300000,2216.75,2221.73,2211.08,2218.38,184.53609048,2026-04-10 12:15:00+00:00
1775824200000,2218.38,2228.91,2209.36,2225.14,363.81600105,2026-04-10 12:30:00+00:00
1775825100000,2225.15,2226.38,2218.75,2219.39,34.72392803,2026-04-10 12:45:00+00:00
1775826000000,2219.4,2220.98,2216.81,2219.25,42.59969435,2026-04-10 13:00:00+00:00
1775826900000,2219.25,2221.86,2217.01,2220.66,27.1427549,2026-04-10 13:15:00+00:00
1775827800000,2220.38,2222.77,2208.9,2215.87,255.53762735,2026-04-10 13:30:00+00:00
1775828700000,2216.41,2225.31,2214.0,2222.92,165.69712002,2026-04-10 13:45:00+00:00
1775829600000,2223.24,2234.77,2221.46,2234.04,540.54597078,2026-04-10 14:00:00+00:00
1775830500000,2234.65,2253.0,2234.65,2245.98,2795.49512773,2026-04-10 14:15:00+00:00
1775831400000,2245.64,2253.78,2237.98,2240.89,815.06139343,2026-04-10 14:30:00+00:00
1775832300000,2240.12,2247.99,2238.15,2242.99,132.84662401,2026-04-10 14:45:00+00:00
1775833200000,2243.26,2250.0,2240.37,2246.26,179.53321889,2026-04-10 15:00:00+00:00
1775834100000,2245.91,2258.47,2238.4,2238.68,244.00518281,2026-04-10 15:15:00+00:00
1775835000000,2238.59,2241.22,2230.0,2233.71,406.13972075,2026-04-10 15:30:00+00:00
1775835900000,2232.58,2234.18,2221.27,2224.16,293.74162439,2026-04-10 15:45:00+00:00
1775836800000,2224.51,2233.14,2222.42,2231.96,231.32401052,2026-04-10 16:00:00+00:00
1775837700000,2231.47,2246.44,2230.87,2241.67,1497.90209064,2026-04-10 16:15:00+00:00
1775838600000,2241.99,2242.37,2235.87,2237.62,125.65733044,2026-04-10 16:30:00+00:00
1775839500000,2237.54,2247.38,2237.54,2246.05,196.82724273,2026-04-10 16:45:00+00:00
1775840400000,2246.1,2247.93,2241.59,2243.14,1841.03478788,2026-04-10 17:00:00+00:00
1775841300000,2243.16,2247.75,2241.31,2245.27,55.6732877,2026-04-10 17:15:00+00:00
1775842200000,2245.27,2245.27,2240.31,2243.18,169.61583676,2026-04-10 17:30:00+00:00
1775843100000,2243.17,2249.97,2242.71,2248.98,126.14074891,2026-04-10 17:45:00+00:00
1775844000000,2248.98,2249.22,2239.99,2248.99,101.81277853,2026-04-10 18:00:00+00:00
1775844900000,2248.99,2252.22,2244.64,2248.99,284.79534724,2026-04-10 18:15:00+00:00
1775845800000,2248.98,2249.82,2244.89,2246.48,250.50062917,2026-04-10 18:30:00+00:00
1775846700000,2246.36,2250.95,2246.36,2250.62,23.1288162,2026-04-10 18:45:00+00:00
1775847600000,2250.62,2256.44,2250.06,2255.5,83.9710792,2026-04-10 19:00:00+00:00
1775848500000,2255.35,2255.35,2248.7,2249.0,322.70165014,2026-04-10 19:15:00+00:00
1775849400000,2249.0,2249.0,2244.65,2245.64,183.30804336,2026-04-10 19:30:00+00:00
1775850300000,2245.63,2255.0,2244.99,2254.43,175.56533179,2026-04-10 19:45:00+00:00
1775851200000,2254.04,2256.0,2252.89,2253.98,138.57535483,2026-04-10 20:00:00+00:00
1775852100000,2253.99,2256.0,2252.32,2253.34,393.03522578,2026-04-10 20:15:00+00:00
1775853000000,2253.47,2257.42,2244.09,2248.54,513.01148678,2026-04-10 20:30:00+00:00
1775853900000,2248.51,2257.92,2245.42,2256.21,155.49709856,2026-04-10 20:45:00+00:00
1775854800000,2256.21,2256.84,2246.0,2246.7,133.09105023,2026-04-10 21:00:00+00:00
1775855700000,2246.99,2251.31,2246.04,2248.14,168.95094799,2026-04-10 21:15:00+00:00
1775856600000,2247.93,2251.4,2244.08,2250.68,142.75892645,2026-04-10 21:30:00+00:00
1775857500000,2249.96,2256.23,2248.96,2255.92,150.95028082,2026-04-10 21:45:00+00:00
1775858400000,2256.06,2256.21,2251.96,2253.92,51.91032474,2026-04-10 22:00:00+00:00
1775859300000,2253.33,2254.06,2247.96,2247.98,141.41067681,2026-04-10 22:15:00+00:00
1775860200000,2247.99,2247.99,2236.78,2241.33,479.47370514,2026-04-10 22:30:00+00:00
1775861100000,2241.33,2243.65,2241.33,2243.04,47.33065564,2026-04-10 22:45:00+00:00
1775862000000,2243.0,2243.28,2240.42,2242.52,48.22804167,2026-04-10 23:00:00+00:00
1775862900000,2242.16,2245.25,2241.52,2244.21,49.26186223,2026-04-10 23:15:00+00:00
1775863800000,2244.19,2244.69,2242.01,2244.58,116.45135866,2026-04-10 23:30:00+00:00
1775864700000,2244.07,2245.98,2244.07,2245.89,74.40843904,2026-04-10 23:45:00+00:00
1775865600000,2245.89,2245.99,2240.06,2243.18,99.21443314,2026-04-11 00:00:00+00:00
1775866500000,2243.19,2243.19,2239.39,2240.57,108.81865228,2026-04-11 00:15:00+00:00
1775867400000,2240.41,2240.41,2237.68,2238.61,30.9692692,2026-04-11 00:30:00+00:00
1775868300000,2237.61,2239.9,2236.54,2239.39,53.08089336,2026-04-11 00:45:00+00:00
1775869200000,2239.39,2241.9,2237.47,2239.78,23.20704144,2026-04-11 01:00:00+00:00
1775870100000,2239.68,2239.72,2235.74,2239.4,34.76679538,2026-04-11 01:15:00+00:00
1775871000000,2239.55,2244.25,2239.52,2242.5,51.48525651,2026-04-11 01:30:00+00:00
1775871900000,2242.52,2247.54,2242.52,2244.59,56.88951216,2026-04-11 01:45:00+00:00
1775872800000,2244.59,2248.31,2243.02,2246.23,49.81695626,2026-04-11 02:00:00+00:00
1775873700000,2246.23,2250.3,2245.58,2250.29,24.48318691,2026-04-11 02:15:00+00:00
1775874600000,2250.29,2252.53,2247.98,2248.27,274.14697408,2026-04-11 02:30:00+00:00
1775875500000,2248.26,2249.0,2246.61,2249.0,74.46931413,2026-04-11 02:45:00+00:00
1775876400000,2249.0,2251.89,2247.68,2251.1,39.75707664,2026-04-11 03:00:00+00:00
1775877300000,2250.98,2250.99,2249.07,2249.07,8.05975656,2026-04-11 03:15:00+00:00
1775878200000,2249.08,2249.08,2245.42,2246.76,45.22938921,2026-04-11 03:30:00+00:00
1775879100000,2246.33,2246.37,2237.16,2238.19,176.39921473,2026-04-11 03:45:00+00:00
1775880000000,2238.19,2243.74,2236.52,2239.32,56.64536238,2026-04-11 04:00:00+00:00
1775880900000,2239.31,2240.97,2237.34,2240.28,94.41974007,2026-04-11 04:15:00+00:00
1775881800000,2240.21,2242.41,2240.21,2240.72,40.60891696,2026-04-11 04:30:00+00:00
1775882700000,2240.72,2242.03,2240.39,2241.71,19.04262677,2026-04-11 04:45:00+00:00
1775883600000,2241.71,2242.36,2231.57,2232.25,276.05964632,2026-04-11 05:00:00+00:00
1775884500000,2232.17,2235.99,2229.78,2235.99,51.29269928,2026-04-11 05:15:00+00:00
1775885400000,2236.25,2237.99,2235.59,2236.65,7.17712758,2026-04-11 05:30:00+00:00
1775886300000,2236.41,2236.42,2233.5,2233.71,92.56500736,2026-04-11 05:45:00+00:00
1775887200000,2233.76,2234.35,2231.26,2232.98,73.16736077,2026-04-11 06:00:00+00:00
1775888100000,2232.84,2234.95,2231.26,2232.89,172.66321332,2026-04-11 06:15:00+00:00
1775889000000,2232.9,2235.48,2232.89,2234.99,154.88987655,2026-04-11 06:30:00+00:00
1775889900000,2234.98,2237.32,2234.45,2237.27,119.55995033,2026-04-11 06:45:00+00:00
1775890800000,2236.99,2236.99,2234.13,2235.04,31.08888158,2026-04-11 07:00:00+00:00
1775891700000,2235.04,2237.35,2234.73,2236.77,17.46395054,2026-04-11 07:15:00+00:00
1775892600000,2236.77,2236.77,2233.51,2233.71,29.31722163,2026-04-11 07:30:00+00:00
1775893500000,2233.71,2233.71,2232.16,2233.27,10.33760299,2026-04-11 07:45:00+00:00
1775894400000,2233.37,2235.7,2233.22,2235.68,182.92598197,2026-04-11 08:00:00+00:00
1775895300000,2235.67,2235.71,2234.74,2234.8,9.04808788,2026-04-11 08:15:00+00:00
1775896200000,2234.98,2236.08,2233.19,2234.99,112.06537945,2026-04-11 08:30:00+00:00
1775897100000,2234.99,2236.22,2233.57,2233.71,22.32057336,2026-04-11 08:45:00+00:00
1775898000000,2233.71,2235.99,2233.53,2235.99,123.19659015,2026-04-11 09:00:00+00:00
1775898900000,2236.36,2250.35,2236.36,2246.6,453.3681678,2026-04-11 09:15:00+00:00
1775899800000,2246.6,2246.63,2242.25,2243.43,121.24501108,2026-04-11 09:30:00+00:00
1775900700000,2243.8,2245.37,2243.61,2244.65,88.1836762,2026-04-11 09:45:00+00:00
1775901600000,2244.99,2246.19,2239.3,2240.96,96.97678737,2026-04-11 10:00:00+00:00
1775902500000,2241.1,2243.18,2238.94,2242.79,167.08595085,2026-04-11 10:15:00+00:00
1775903400000,2242.8,2243.04,2239.74,2240.0,50.07952777,2026-04-11 10:30:00+00:00
1775904300000,2240.03,2241.68,2239.19,2241.55,22.212957,2026-04-11 10:45:00+00:00
1775905200000,2241.55,2243.17,2240.19,2241.44,60.94140641,2026-04-11 11:00:00+00:00
1775906100000,2241.57,2242.18,2239.99,2240.18,98.10741671,2026-04-11 11:15:00+00:00
1775907000000,2240.23,2244.19,2240.16,2244.06,68.99166362,2026-04-11 11:30:00+00:00
1775907900000,2244.07,2247.83,2243.84,2247.16,576.14488731,2026-04-11 11:45:00+00:00
1775908800000,2247.19,2247.21,2244.62,2245.36,152.1800967,2026-04-11 12:00:00+00:00
1775909700000,2245.43,2245.78,2242.22,2243.67,10.99852752,2026-04-11 12:15:00+00:00
1775910600000,2243.67,2246.99,2243.66,2245.98,18.43748175,2026-04-11 12:30:00+00:00
1775911500000,2245.99,2247.22,2245.55,2246.49,25.85850691,2026-04-11 12:45:00+00:00
1775912400000,2246.47,2246.47,2234.62,2237.39,68.27295257,2026-04-11 13:00:00+00:00
1775913300000,2238.29,2242.4,2235.68,2238.19,75.05002973,2026-04-11 13:15:00+00:00
1775914200000,2238.4,2241.97,2237.56,2240.82,19.72092478,2026-04-11 13:30:00+00:00
1775915100000,2240.82,2242.33,2240.26,2241.01,45.18023992,2026-04-11 13:45:00+00:00
1775916000000,2241.01,2245.02,2239.38,2242.91,133.85520892,2026-04-11 14:00:00+00:00
1775916900000,2243.14,2244.4,2242.08,2242.19,290.89390548,2026-04-11 14:15:00+00:00
1775917800000,2241.98,2242.62,2239.76,2240.56,96.56043781,2026-04-11 14:30:00+00:00
1775918700000,2240.56,2243.21,2240.55,2243.21,12.07828811,2026-04-11 14:45:00+00:00
1775919600000,2243.01,2244.92,2242.32,2244.92,37.18367833,2026-04-11 15:00:00+00:00
1775920500000,2244.79,2257.5,2244.78,2249.68,169.51601395,2026-04-11 15:15:00+00:00
1775921400000,2249.61,2250.18,2247.13,2247.41,25.71521391,2026-04-11 15:30:00+00:00
1775922300000,2247.45,2250.55,2246.92,2250.47,24.91383565,2026-04-11 15:45:00+00:00
1775923200000,2250.46,2250.79,2247.91,2250.22,48.11814395,2026-04-11 16:00:00+00:00
1775924100000,2250.23,2251.3,2247.58,2248.43,37.52248359,2026-04-11 16:15:00+00:00
1775925000000,2248.43,2275.42,2248.43,2264.03,1555.87962285,2026-04-11 16:30:00+00:00
1775925900000,2264.93,2265.92,2259.24,2259.64,140.76063011,2026-04-11 16:45:00+00:00
1775926800000,2259.83,2261.52,2257.21,2258.68,58.25033923,2026-04-11 17:00:00+00:00
1775927700000,2257.32,2260.88,2254.81,2259.26,64.71749743,2026-04-11 17:15:00+00:00
1775928600000,2259.42,2266.35,2259.42,2262.86,148.17438056,2026-04-11 17:30:00+00:00
1775929500000,2262.87,2264.1,2260.37,2260.38,79.74021595,2026-04-11 17:45:00+00:00
1775930400000,2260.38,2261.64,2258.28,2261.57,32.60021728,2026-04-11 18:00:00+00:00
1775931300000,2261.74,2265.0,2261.74,2264.0,21.28128985,2026-04-11 18:15:00+00:00
1775932200000,2264.01,2314.32,2264.0,2296.17,2194.50606603,2026-04-11 18:30:00+00:00
1775933100000,2298.03,2309.65,2296.56,2305.66,497.79563008,2026-04-11 18:45:00+00:00
1775934000000,2305.73,2327.55,2305.72,2315.43,736.27093078,2026-04-11 19:00:00+00:00
1775934900000,2315.22,2323.53,2310.92,2321.89,267.46755518,2026-04-11 19:15:00+00:00
1775935800000,2321.76,2329.85,2318.37,2319.75,402.24176296,2026-04-11 19:30:00+00:00
1775936700000,2319.64,2319.64,2313.41,2316.86,146.12749425,2026-04-11 19:45:00+00:00
1775937600000,2316.91,2317.6,2306.0,2308.01,556.27293441,2026-04-11 20:00:00+00:00
1775938500000,2306.99,2310.82,2303.22,2303.94,404.73650751,2026-04-11 20:15:00+00:00
1775939400000,2303.85,2303.85,2289.07,2296.99,573.75108014,2026-04-11 20:30:00+00:00
1775940300000,2296.43,2303.17,2295.37,2299.28,173.78318716,2026-04-11 20:45:00+00:00
1775941200000,2299.11,2304.99,2293.51,2304.07,115.09601641,2026-04-11 21:00:00+00:00
1775942100000,2303.43,2303.43,2298.82,2299.24,228.52282004,2026-04-11 21:15:00+00:00
1775943000000,2299.04,2302.22,2295.91,2298.67,139.58010265,2026-04-11 21:30:00+00:00
1775943900000,2298.66,2303.39,2298.65,2300.11,309.76111354,2026-04-11 21:45:00+00:00
1775944800000,2300.11,2305.0,2297.34,2304.54,58.72163216,2026-04-11 22:00:00+00:00
1775945700000,2304.53,2308.77,2302.82,2306.91,279.11116332,2026-04-11 22:15:00+00:00
1775946600000,2306.7,2306.7,2289.83,2297.54,218.00564095,2026-04-11 22:30:00+00:00
1775947500000,2297.67,2297.98,2293.39,2297.55,53.44501937,2026-04-11 22:45:00+00:00
1775948400000,2297.44,2297.44,2277.94,2284.87,535.85946839,2026-04-11 23:00:00+00:00
1775949300000,2284.41,2289.45,2284.41,2288.75,42.09464792,2026-04-11 23:15:00+00:00
1775950200000,2288.0,2290.06,2285.43,2285.43,37.70410748,2026-04-11 23:30:00+00:00
1775951100000,2285.01,2288.17,2284.32,2285.62,71.65378192,2026-04-11 23:45:00+00:00
1775952000000,2285.67,2288.71,2278.18,2284.69,251.72807814,2026-04-12 00:00:00+00:00
1775952900000,2284.61,2286.88,2283.35,2284.65,45.3693063,2026-04-12 00:15:00+00:00
1775953800000,2284.79,2286.67,2280.12,2281.63,94.03987167,2026-04-12 00:30:00+00:00
1775954700000,2281.43,2285.99,2281.29,2285.99,29.85305813,2026-04-12 00:45:00+00:00
1775955600000,2285.99,2288.99,2280.86,2284.64,73.33102532,2026-04-12 01:00:00+00:00
1775956500000,2284.79,2287.1,2283.42,2284.45,18.09174631,2026-04-12 01:15:00+00:00
1775957400000,2284.44,2284.47,2220.1,2228.46,2085.41239277,2026-04-12 01:30:00+00:00
1775958300000,2227.74,2228.8,2209.52,2219.68,875.43257295,2026-04-12 01:45:00+00:00
1775959200000,2219.63,2229.22,2207.7,2226.18,377.69636344,2026-04-12 02:00:00+00:00
1775960100000,2226.01,2233.82,2219.68,2224.93,402.60962128,2026-04-12 02:15:00+00:00
1775961000000,2225.05,2229.08,2224.93,2226.75,78.51428093,2026-04-12 02:30:00+00:00
1775961900000,2227.03,2227.29,2223.81,2225.01,87.79469303,2026-04-12 02:45:00+00:00
1775962800000,2225.01,2227.27,2218.38,2222.76,338.83194329,2026-04-12 03:00:00+00:00
1775963700000,2222.84,2223.5,2218.91,2220.2,100.60492056,2026-04-12 03:15:00+00:00
1775964600000,2220.2,2222.48,2214.0,2216.95,105.64633736,2026-04-12 03:30:00+00:00
1775965500000,2216.95,2217.95,2214.31,2214.44,69.39988195,2026-04-12 03:45:00+00:00
1775966400000,2214.44,2216.55,2212.54,2214.92,295.40308012,2026-04-12 04:00:00+00:00
1775967300000,2215.04,2216.29,2210.11,2213.61,65.73298627,2026-04-12 04:15:00+00:00
1775968200000,2213.01,2214.0,2211.64,2213.44,41.97710625,2026-04-12 04:30:00+00:00
1775969100000,2213.62,2214.13,2211.34,2212.86,71.64530879,2026-04-12 04:45:00+00:00
1775970000000,2212.89,2214.38,2209.32,2212.51,70.13938369,2026-04-12 05:00:00+00:00
1775970900000,2212.49,2219.22,2210.84,2219.22,38.92157159,2026-04-12 05:15:00+00:00
1775971800000,2219.22,2220.4,2215.14,2216.12,59.40740158,2026-04-12 05:30:00+00:00
1775972700000,2216.11,2219.76,2216.0,2218.1,31.14553448,2026-04-12 05:45:00+00:00
1775973600000,2218.15,2221.31,2218.01,2220.94,120.96130502,2026-04-12 06:00:00+00:00
1775974500000,2220.9,2221.09,2218.46,2220.26,22.26149,2026-04-12 06:15:00+00:00
1775975400000,2220.22,2220.22,2215.61,2215.96,12.78901961,2026-04-12 06:30:00+00:00
1775976300000,2215.98,2217.31,2215.98,2217.03,21.15492572,2026-04-12 06:45:00+00:00
1775977200000,2217.03,2217.04,2213.52,2214.81,20.28511938,2026-04-12 07:00:00+00:00
1775978100000,2214.77,2215.99,2213.91,2215.55,12.06993169,2026-04-12 07:15:00+00:00
1775979000000,2215.56,2219.5,2215.55,2219.5,23.65137205,2026-04-12 07:30:00+00:00
1775979900000,2219.49,2220.99,2219.03,2220.08,87.38555612,2026-04-12 07:45:00+00:00
1775980800000,2219.04,2219.04,2216.31,2217.14,13.60093935,2026-04-12 08:00:00+00:00
1775981700000,2217.1,2218.99,2217.1,2218.99,11.77689111,2026-04-12 08:15:00+00:00
1775982600000,2218.99,2219.69,2217.81,2219.22,59.24592155,2026-04-12 08:30:00+00:00
1775983500000,2219.22,2219.22,2213.16,2215.14,130.33059219,2026-04-12 08:45:00+00:00
1775984400000,2215.15,2215.28,2212.12,2214.54,479.0934245,2026-04-12 09:00:00+00:00
1775985300000,2214.99,2216.54,2214.98,2215.42,61.51971548,2026-04-12 09:15:00+00:00
1775986200000,2215.41,2215.99,2213.71,2214.63,12.90771676,2026-04-12 09:30:00+00:00
1775987100000,2214.63,2215.54,2212.77,2214.93,63.98804262,2026-04-12 09:45:00+00:00
1775988000000,2214.91,2217.97,2213.97,2215.53,35.3717891,2026-04-12 10:00:00+00:00
1775988900000,2215.52,2216.54,2215.45,2215.51,10.20767507,2026-04-12 10:15:00+00:00
1775989800000,2215.4,2215.47,2213.29,2213.78,14.60445822,2026-04-12 10:30:00+00:00
1775990700000,2213.94,2213.99,2194.9,2202.29,602.19933731,2026-04-12 10:45:00+00:00
1775991600000,2202.3,2207.51,2198.57,2206.47,173.79263334,2026-04-12 11:00:00+00:00
1775992500000,2206.29,2206.85,2204.44,2206.85,149.7897497,2026-04-12 11:15:00+00:00
1775993400000,2206.8,2206.98,2204.17,2204.93,28.58215144,2026-04-12 11:30:00+00:00
1775994300000,2204.98,2205.96,2203.95,2205.36,55.39922349,2026-04-12 11:45:00+00:00
1775995200000,2205.08,2205.08,2201.39,2203.91,39.86894613,2026-04-12 12:00:00+00:00
1775996100000,2203.66,2205.05,2203.29,2204.98,6.10597781,2026-04-12 12:15:00+00:00
1775997000000,2204.99,2208.27,2200.99,2207.86,76.44786974,2026-04-12 12:30:00+00:00
1775997900000,2207.87,2207.96,2189.53,2195.35,241.6932108,2026-04-12 12:45:00+00:00
1775998800000,2195.36,2199.98,2188.55,2192.71,232.61195739,2026-04-12 13:00:00+00:00
1775999700000,2192.71,2197.07,2192.7,2195.81,44.85825749,2026-04-12 13:15:00+00:00
1776000600000,2195.89,2196.25,2189.21,2191.39,128.63150862,2026-04-12 13:30:00+00:00
1776001500000,2191.07,2191.36,2186.05,2187.45,169.01510108,2026-04-12 13:45:00+00:00
1776002400000,2187.22,2192.0,2185.68,2189.4,83.59568771,2026-04-12 14:00:00+00:00
1776003300000,2189.4,2193.81,2189.4,2193.15,45.68437628,2026-04-12 14:15:00+00:00
1776004200000,2193.16,2193.17,2180.0,2183.96,179.13384677,2026-04-12 14:30:00+00:00
1776005100000,2184.29,2184.98,2180.0,2181.99,228.19115204,2026-04-12 14:45:00+00:00
1776006000000,2181.86,2184.97,2180.43,2184.66,137.6674354,2026-04-12 15:00:00+00:00
1776006900000,2184.94,2184.95,2180.0,2182.58,126.17435431,2026-04-12 15:15:00+00:00
1776007800000,2182.25,2185.09,2176.15,2183.79,127.09967964,2026-04-12 15:30:00+00:00
1776008700000,2183.71,2189.36,2183.45,2187.32,80.25773989,2026-04-12 15:45:00+00:00
1776009600000,2187.36,2191.05,2185.38,2188.6,105.02975589,2026-04-12 16:00:00+00:00
1776010500000,2188.59,2188.6,2183.99,2187.58,46.93797199,2026-04-12 16:15:00+00:00
1776011400000,2187.58,2187.99,2185.0,2185.99,37.91227384,2026-04-12 16:30:00+00:00
1776012300000,2185.99,2188.38,2185.3,2188.31,25.34415181,2026-04-12 16:45:00+00:00
1776013200000,2188.32,2191.99,2188.3,2188.61,31.98511586,2026-04-12 17:00:00+00:00
1776014100000,2188.31,2194.0,2188.31,2194.0,105.41682147,2026-04-12 17:15:00+00:00
1776015000000,2194.0,2197.92,2194.0,2195.41,123.36039513,2026-04-12 17:30:00+00:00
1776015900000,2195.63,2205.94,2193.5,2202.79,190.98041104,2026-04-12 17:45:00+00:00
1776016800000,2204.15,2207.16,2202.45,2204.98,1180.59262948,2026-04-12 18:00:00+00:00
1776017700000,2204.98,2207.52,2201.34,2201.46,33.37060264,2026-04-12 18:15:00+00:00
1776018600000,2201.47,2207.55,2201.42,2203.94,169.37531654,2026-04-12 18:30:00+00:00
1776019500000,2203.76,2204.04,2201.0,2201.66,116.75542839,2026-04-12 18:45:00+00:00
1776020400000,2201.4,2206.07,2201.39,2203.39,84.63685193,2026-04-12 19:00:00+00:00
1776021300000,2203.54,2205.69,2202.51,2205.69,35.21440149,2026-04-12 19:15:00+00:00
1776022200000,2205.69,2206.07,2201.5,2202.22,57.18687069,2026-04-12 19:30:00+00:00
1776023100000,2202.48,2202.48,2198.47,2199.23,60.27928359,2026-04-12 19:45:00+00:00
1776024000000,2199.23,2200.5,2194.96,2196.84,123.02089263,2026-04-12 20:00:00+00:00
1776024900000,2196.39,2198.82,2194.12,2198.27,29.02813928,2026-04-12 20:15:00+00:00
1776025800000,2198.28,2219.64,2198.02,2213.24,311.87092837,2026-04-12 20:30:00+00:00
1776026700000,2214.94,2216.83,2208.29,2214.09,1975.75144389,2026-04-12 20:45:00+00:00
1776027600000,2214.08,2218.31,2207.16,2208.71,47.77924659,2026-04-12 21:00:00+00:00
1776028500000,2208.84,2212.73,2208.81,2209.5,26.85334141,2026-04-12 21:15:00+00:00
1776029400000,2209.99,2213.02,2205.69,2211.07,92.98150219,2026-04-12 21:30:00+00:00
1776030300000,2212.34,2212.6,2207.84,2211.7,28.5276996,2026-04-12 21:45:00+00:00
1776031200000,2211.55,2211.55,2187.97,2195.72,194.48046101,2026-04-12 22:00:00+00:00
1776032100000,2196.93,2198.44,2185.02,2188.66,244.40096727,2026-04-12 22:15:00+00:00
1776033000000,2187.8,2200.95,2184.56,2196.5,187.50176658,2026-04-12 22:30:00+00:00
1776033900000,2196.5,2200.79,2194.03,2199.67,48.17388251,2026-04-12 22:45:00+00:00
1776034800000,2199.64,2199.64,2188.63,2190.44,23.84050881,2026-04-12 23:00:00+00:00
1776035700000,2189.22,2193.4,2188.03,2192.01,71.74771976,2026-04-12 23:15:00+00:00
1776036600000,2192.0,2192.01,2187.2,2191.1,115.39366154,2026-04-12 23:30:00+00:00
1776037500000,2190.89,2194.34,2186.76,2191.77,26.22218482,2026-04-12 23:45:00+00:00
1776038400000,2191.74,2197.0,2187.81,2196.38,114.91746351,2026-04-13 00:00:00+00:00
1776039300000,2196.56,2204.5,2194.51,2201.53,154.08974244,2026-04-13 00:15:00+00:00
1776040200000,2200.4,2204.41,2197.76,2198.76,84.3246839,2026-04-13 00:30:00+00:00
1776041100000,2199.37,2207.93,2198.57,2205.38,48.47012725,2026-04-13 00:45:00+00:00
1776042000000,2205.37,2209.37,2203.39,2204.14,125.04388671,2026-04-13 01:00:00+00:00
1776042900000,2204.1,2205.21,2201.35,2204.55,115.5084084,2026-04-13 01:15:00+00:00
1776043800000,2203.55,2207.0,2200.89,2204.23,43.73245226,2026-04-13 01:30:00+00:00
1776044700000,2204.23,2205.61,2202.71,2204.01,29.63772635,2026-04-13 01:45:00+00:00
1776045600000,2204.01,2205.5,2193.53,2194.6,36.35641833,2026-04-13 02:00:00+00:00
1776046500000,2194.99,2204.3,2194.99,2201.14,7.34965335,2026-04-13 02:15:00+00:00
1776047400000,2201.71,2204.06,2193.6,2194.53,37.96714315,2026-04-13 02:30:00+00:00
1776048300000,2194.85,2195.77,2193.27,2194.48,20.70889105,2026-04-13 02:45:00+00:00
1776049200000,2194.48,2194.7,2191.36,2192.43,92.70644261,2026-04-13 03:00:00+00:00
1776050100000,2192.73,2195.74,2191.9,2193.89,37.34965526,2026-04-13 03:15:00+00:00
1776051000000,2193.88,2194.95,2190.76,2193.67,21.5748885,2026-04-13 03:30:00+00:00
1776051900000,2193.67,2195.2,2192.21,2195.15,7.12700166,2026-04-13 03:45:00+00:00
1776052800000,2194.53,2195.89,2191.58,2192.73,98.3085121,2026-04-13 04:00:00+00:00
1776053700000,2192.74,2195.8,2191.9,2195.16,588.01390806,2026-04-13 04:15:00+00:00
1776054600000,2195.05,2199.18,2194.91,2196.58,206.14737209,2026-04-13 04:30:00+00:00
1776055500000,2196.27,2196.38,2187.16,2190.09,159.49462952,2026-04-13 04:45:00+00:00
1776056400000,2190.36,2191.0,2186.32,2187.32,43.94811817,2026-04-13 05:00:00+00:00
1776057300000,2188.63,2189.4,2185.11,2189.28,25.85718778,2026-04-13 05:15:00+00:00
1776058200000,2189.28,2189.28,2182.22,2185.15,119.89789992,2026-04-13 05:30:00+00:00
1776059100000,2185.66,2190.65,2185.66,2190.62,121.96717096,2026-04-13 05:45:00+00:00
1776060000000,2191.06,2196.67,2190.8,2195.6,436.40851851,2026-04-13 06:00:00+00:00
1776060900000,2195.95,2199.7,2195.35,2196.93,83.30989935,2026-04-13 06:15:00+00:00
1776061800000,2196.78,2199.0,2195.36,2198.99,42.56529883,2026-04-13 06:30:00+00:00
1776062700000,2199.63,2201.29,2197.28,2198.45,86.92314725,2026-04-13 06:45:00+00:00
1776063600000,2199.17,2200.45,2193.0,2193.4,35.74079419,2026-04-13 07:00:00+00:00
1776064500000,2193.4,2193.4,2182.99,2184.5,564.73842252,2026-04-13 07:15:00+00:00
1776065400000,2184.86,2187.81,2184.56,2186.34,43.57141069,2026-04-13 07:30:00+00:00
1776066300000,2186.59,2189.33,2186.56,2186.62,30.898837,2026-04-13 07:45:00+00:00
1776067200000,2186.68,2189.75,2184.5,2184.51,78.80482357,2026-04-13 08:00:00+00:00
1776068100000,2184.5,2187.13,2182.18,2186.17,72.76975558,2026-04-13 08:15:00+00:00
1776069000000,2186.07,2186.46,2180.17,2182.05,662.50939281,2026-04-13 08:30:00+00:00
1776069900000,2182.05,2185.92,2180.85,2185.64,89.5650273,2026-04-13 08:45:00+00:00
1776070800000,2185.63,2195.71,2185.62,2189.5,152.6252533,2026-04-13 09:00:00+00:00
1776071700000,2189.46,2192.07,2188.41,2190.42,26.7004575,2026-04-13 09:15:00+00:00
1776072600000,2190.28,2190.9,2188.32,2189.75,11.40980999,2026-04-13 09:30:00+00:00
1776073500000,2189.66,2189.66,2187.35,2188.05,41.75858926,2026-04-13 09:45:00+00:00
1776074400000,2188.15,2188.72,2186.0,2187.54,43.46551949,2026-04-13 10:00:00+00:00
1776075300000,2187.47,2187.47,2182.86,2182.95,31.74414252,2026-04-13 10:15:00+00:00
1776076200000,2182.93,2185.65,2179.36,2184.16,60.93645001,2026-04-13 10:30:00+00:00
1776077100000,2182.95,2185.55,2181.01,2183.19,546.6953013,2026-04-13 10:45:00+00:00
1776078000000,2183.2,2187.96,2182.96,2186.33,559.83025398,2026-04-13 11:00:00+00:00
1776078900000,2186.33,2187.49,2184.62,2186.71,27.4708005,2026-04-13 11:15:00+00:00
1776079800000,2186.74,2189.88,2185.21,2189.28,10.42920495,2026-04-13 11:30:00+00:00
1776080700000,2189.71,2191.18,2187.36,2187.63,75.86313882,2026-04-13 11:45:00+00:00
1776081600000,2187.41,2189.23,2184.38,2186.6,128.12031023,2026-04-13 12:00:00+00:00
1776082500000,2186.61,2187.11,2181.19,2181.19,36.42688704,2026-04-13 12:15:00+00:00
1776083400000,2180.49,2183.16,2175.0,2179.1,250.73042443,2026-04-13 12:30:00+00:00
1776084300000,2179.59,2198.98,2179.59,2192.57,547.40531319,2026-04-13 12:45:00+00:00
1776085200000,2192.54,2200.5,2192.54,2200.49,374.32286039,2026-04-13 13:00:00+00:00
1776086100000,2200.31,2201.99,2196.0,2197.07,166.3999574,2026-04-13 13:15:00+00:00
1776087000000,2197.27,2198.36,2182.43,2187.98,119.14865942,2026-04-13 13:30:00+00:00
1776087900000,2188.12,2215.72,2183.42,2215.51,386.57123262,2026-04-13 13:45:00+00:00
1776088800000,2215.6,2219.38,2204.17,2208.42,209.23100925,2026-04-13 14:00:00+00:00
1776089700000,2208.36,2213.3,2205.49,2212.16,168.24241208,2026-04-13 14:15:00+00:00
1776090600000,2212.3,2228.1,2211.82,2226.59,236.97245547,2026-04-13 14:30:00+00:00
1776091500000,2226.21,2235.96,2219.29,2234.04,420.02995538,2026-04-13 14:45:00+00:00
1776092400000,2234.99,2237.52,2217.7,2221.12,1202.98655488,2026-04-13 15:00:00+00:00
1776093300000,2221.11,2221.78,2212.8,2214.79,159.99025623,2026-04-13 15:15:00+00:00
1776094200000,2214.78,2214.78,2200.7,2207.49,279.21367706,2026-04-13 15:30:00+00:00
1776095100000,2207.27,2210.01,2202.06,2210.0,348.48411927,2026-04-13 15:45:00+00:00
1776096000000,2210.01,2220.1,2202.29,2220.1,263.04283894,2026-04-13 16:00:00+00:00
1776096900000,2220.73,2227.78,2216.45,2227.78,566.96473156,2026-04-13 16:15:00+00:00
1776097800000,2227.24,2233.73,2225.42,2228.88,973.77258026,2026-04-13 16:30:00+00:00
1776098700000,2228.79,2234.15,2223.13,2226.98,124.22536365,2026-04-13 16:45:00+00:00
1776099600000,2226.98,2231.39,2223.79,2227.06,113.86720119,2026-04-13 17:00:00+00:00
1776100500000,2226.75,2233.64,2225.65,2233.23,36.2626982,2026-04-13 17:15:00+00:00
1776101400000,2233.46,2243.3,2233.46,2236.74,348.12087072,2026-04-13 17:30:00+00:00
1776102300000,2236.66,2238.0,2223.94,2225.94,648.55112666,2026-04-13 17:45:00+00:00
1776103200000,2225.94,2231.34,2225.36,2228.13,176.25418772,2026-04-13 18:00:00+00:00
1776104100000,2228.14,2230.0,2219.87,2222.69,311.0973408,2026-04-13 18:15:00+00:00
1776105000000,2223.15,2234.15,2223.15,2232.58,143.8523391,2026-04-13 18:30:00+00:00
1776105900000,2232.54,2234.44,2228.78,2233.29,55.20884355,2026-04-13 18:45:00+00:00
1776106800000,2233.27,2235.92,2228.75,2229.33,315.29462081,2026-04-13 19:00:00+00:00
1776107700000,2229.88,2245.89,2229.88,2242.98,545.86479111,2026-04-13 19:15:00+00:00
1776108600000,2242.52,2256.28,2242.11,2251.86,2060.49200864,2026-04-13 19:30:00+00:00
1776109500000,2252.01,2269.27,2252.01,2263.05,1239.13934262,2026-04-13 19:45:00+00:00
1776110400000,2263.0,2263.93,2250.66,2250.66,345.36877482,2026-04-13 20:00:00+00:00
1776111300000,2250.72,2255.17,2248.15,2255.05,201.79427935,2026-04-13 20:15:00+00:00
1776112200000,2255.1,2260.0,2252.99,2256.28,145.06113274,2026-04-13 20:30:00+00:00
1776113100000,2256.35,2258.5,2251.0,2253.5,170.30627509,2026-04-13 20:45:00+00:00
1776114000000,2253.46,2259.52,2251.0,2257.98,131.96606401,2026-04-13 21:00:00+00:00
1776114900000,2257.54,2259.7,2252.63,2254.89,177.32045427,2026-04-13 21:15:00+00:00
1776115800000,2254.75,2267.05,2254.37,2260.44,370.50076665,2026-04-13 21:30:00+00:00
1776116700000,2261.82,2264.41,2257.59,2260.93,512.69283375,2026-04-13 21:45:00+00:00
1776117600000,2260.93,2304.52,2260.92,2295.87,1591.78972201,2026-04-13 22:00:00+00:00
1776118500000,2295.7,2337.6,2295.7,2325.0,2074.50160582,2026-04-13 22:15:00+00:00
1776119400000,2325.83,2347.58,2325.83,2344.87,1716.86691167,2026-04-13 22:30:00+00:00
1776120300000,2345.08,2364.74,2342.25,2353.51,845.78766342,2026-04-13 22:45:00+00:00
1776121200000,2353.5,2360.33,2342.02,2354.73,456.21682123,2026-04-13 23:00:00+00:00
1776122100000,2354.07,2395.05,2348.65,2389.1,4117.73473705,2026-04-13 23:15:00+00:00
1776123000000,2387.99,2391.36,2372.36,2373.56,409.04352355,2026-04-13 23:30:00+00:00
1776123900000,2373.62,2376.54,2369.13,2369.39,303.8068309,2026-04-13 23:45:00+00:00
1776124800000,2370.0,2375.7,2365.07,2368.53,517.45877684,2026-04-14 00:00:00+00:00
1776125700000,2368.35,2375.19,2365.46,2367.37,309.15800291,2026-04-14 00:15:00+00:00
1776126600000,2367.37,2372.0,2364.17,2370.08,242.22554277,2026-04-14 00:30:00+00:00
1776127500000,2370.45,2370.45,2360.83,2361.96,413.55278868,2026-04-14 00:45:00+00:00
1776128400000,2361.96,2366.3,2355.43,2366.29,132.89065966,2026-04-14 01:00:00+00:00
1776129300000,2365.48,2369.9,2362.96,2363.99,153.33852473,2026-04-14 01:15:00+00:00
1776130200000,2364.0,2369.28,2361.72,2368.03,233.49602772,2026-04-14 01:30:00+00:00
1776131100000,2367.83,2374.52,2367.17,2369.63,132.84393155,2026-04-14 01:45:00+00:00
1776132000000,2369.63,2375.92,2369.54,2375.54,171.67923842,2026-04-14 02:00:00+00:00
1776132900000,2375.07,2378.58,2371.58,2371.6,123.97283416,2026-04-14 02:15:00+00:00
1776133800000,2371.5,2375.0,2367.54,2373.3,56.0127371,2026-04-14 02:30:00+00:00
1776134700000,2373.25,2374.08,2368.16,2368.95,103.14178653,2026-04-14 02:45:00+00:00
1776135600000,2368.46,2371.21,2367.6,2367.79,66.75512811,2026-04-14 03:00:00+00:00
1776136500000,2367.79,2368.61,2363.5,2363.51,112.09460006,2026-04-14 03:15:00+00:00
1776137400000,2364.01,2369.79,2364.01,2369.62,131.33194252,2026-04-14 03:30:00+00:00
1776138300000,2369.14,2369.57,2365.63,2366.16,59.71551071,2026-04-14 03:45:00+00:00
1776139200000,2366.7,2368.54,2364.66,2366.76,100.26896176,2026-04-14 04:00:00+00:00
1776140100000,2366.52,2368.0,2365.67,2367.19,68.68003354,2026-04-14 04:15:00+00:00
1776141000000,2366.98,2367.51,2364.19,2364.99,18.63946675,2026-04-14 04:30:00+00:00
1776141900000,2364.95,2366.32,2363.13,2364.54,42.42526941,2026-04-14 04:45:00+00:00
1776142800000,2364.55,2365.0,2362.5,2363.91,36.21906327,2026-04-14 05:00:00+00:00
1776143700000,2362.74,2369.77,2361.08,2367.48,52.90169751,2026-04-14 05:15:00+00:00
1776144600000,2367.49,2367.49,2362.41,2363.04,53.64333612,2026-04-14 05:30:00+00:00
1776145500000,2363.0,2363.21,2355.3,2356.3,89.25511636,2026-04-14 05:45:00+00:00
1776146400000,2356.44,2363.98,2356.44,2361.91,237.25603461,2026-04-14 06:00:00+00:00
1776147300000,2361.91,2367.49,2360.57,2366.9,44.7930642,2026-04-14 06:15:00+00:00
1776148200000,2366.9,2370.19,2365.63,2368.67,117.65403862,2026-04-14 06:30:00+00:00
1776149100000,2368.6,2377.07,2368.01,2374.0,244.38896307,2026-04-14 06:45:00+00:00
1776150000000,2374.26,2390.36,2372.23,2383.14,406.74007889,2026-04-14 07:00:00+00:00
1776150900000,2383.19,2385.03,2378.67,2381.2,118.39433946,2026-04-14 07:15:00+00:00
1776151800000,2381.15,2381.49,2372.17,2372.27,223.62490776,2026-04-14 07:30:00+00:00
1776152700000,2372.25,2378.81,2371.38,2378.76,549.87431414,2026-04-14 07:45:00+00:00
1776153600000,2378.82,2380.0,2375.29,2377.99,76.66241784,2026-04-14 08:00:00+00:00
1776154500000,2378.26,2381.17,2376.69,2381.17,84.7372558,2026-04-14 08:15:00+00:00
1776155400000,2380.97,2396.29,2379.03,2388.96,1533.07962082,2026-04-14 08:30:00+00:00
1776156300000,2388.64,2390.94,2386.68,2388.5,196.78249253,2026-04-14 08:45:00+00:00
1776157200000,2388.72,2393.95,2386.55,2393.08,47.54031648,2026-04-14 09:00:00+00:00
1776158100000,2393.09,2395.39,2388.89,2390.67,132.09405604,2026-04-14 09:15:00+00:00
1776159000000,2390.69,2394.05,2387.01,2387.73,184.7735361,2026-04-14 09:30:00+00:00
1776159900000,2387.7,2388.9,2384.67,2387.84,260.8777865,2026-04-14 09:45:00+00:00
1776160800000,2387.84,2388.57,2383.69,2385.93,113.33164019,2026-04-14 10:00:00+00:00
1776161700000,2385.19,2386.65,2382.23,2384.19,77.88054575,2026-04-14 10:15:00+00:00
1776162600000,2384.19,2385.98,2376.05,2376.44,278.7997424,2026-04-14 10:30:00+00:00
1776163500000,2376.4,2378.45,2374.0,2375.84,68.03213908,2026-04-14 10:45:00+00:00
1776164400000,2375.85,2376.55,2374.0,2374.37,235.13498443,2026-04-14 11:00:00+00:00
1776165300000,2374.34,2376.78,2369.31,2370.02,76.0016586,2026-04-14 11:15:00+00:00
1776166200000,2370.02,2375.14,2368.53,2372.56,67.38449296,2026-04-14 11:30:00+00:00
1776167100000,2372.58,2378.34,2372.26,2374.9,363.39885547,2026-04-14 11:45:00+00:00
1776168000000,2374.89,2377.73,2369.79,2369.93,84.08451313,2026-04-14 12:00:00+00:00
1776168900000,2369.93,2374.08,2369.28,2373.18,138.03698749,2026-04-14 12:15:00+00:00
1776169800000,2373.32,2377.63,2371.24,2371.24,150.88267944,2026-04-14 12:30:00+00:00
1776170700000,2371.63,2375.74,2371.62,2374.49,40.47173346,2026-04-14 12:45:00+00:00
1776171600000,2374.68,2381.74,2373.91,2381.74,133.64581559,2026-04-14 13:00:00+00:00
1776172500000,2381.5,2384.81,2375.83,2375.83,251.05715892,2026-04-14 13:15:00+00:00
1776173400000,2375.56,2397.03,2375.46,2391.08,466.45764954,2026-04-14 13:30:00+00:00
1776174300000,2390.98,2394.87,2386.59,2393.11,503.81889345,2026-04-14 13:45:00+00:00
1776175200000,2392.81,2394.73,2379.22,2384.26,467.2194484,2026-04-14 14:00:00+00:00
1776176100000,2384.76,2394.56,2381.61,2393.54,495.98722701,2026-04-14 14:15:00+00:00
1776177000000,2393.63,2417.01,2367.0,2373.72,3029.2636565,2026-04-14 14:30:00+00:00
1776177900000,2373.15,2375.36,2354.4,2354.4,1287.30416988,2026-04-14 14:45:00+00:00
1776178800000,2354.72,2359.09,2335.0,2343.65,1482.97646709,2026-04-14 15:00:00+00:00
1776179700000,2343.48,2348.92,2340.46,2342.45,1348.17074458,2026-04-14 15:15:00+00:00
1776180600000,2342.03,2368.11,2342.03,2368.11,885.09123537,2026-04-14 15:30:00+00:00
1776181500000,2367.31,2372.86,2362.54,2365.8,590.96005032,2026-04-14 15:45:00+00:00
1776182400000,2365.28,2372.0,2360.13,2362.17,640.44951444,2026-04-14 16:00:00+00:00
1776183300000,2362.34,2362.63,2349.02,2354.57,138.53978721,2026-04-14 16:15:00+00:00
1776184200000,2353.66,2355.12,2346.91,2351.54,189.14649221,2026-04-14 16:30:00+00:00
1776185100000,2351.7,2352.19,2329.84,2334.38,461.7972334,2026-04-14 16:45:00+00:00
1776186000000,2334.29,2340.7,2330.0,2340.0,119.82736939,2026-04-14 17:00:00+00:00
1776186900000,2339.63,2345.72,2335.75,2335.75,128.30320541,2026-04-14 17:15:00+00:00
1776187800000,2335.61,2337.99,2324.26,2333.72,275.025154,2026-04-14 17:30:00+00:00
1776188700000,2333.73,2339.08,2332.25,2339.08,377.1581666,2026-04-14 17:45:00+00:00
1776189600000,2339.09,2345.0,2338.04,2340.04,59.57341365,2026-04-14 18:00:00+00:00
1776190500000,2340.14,2342.5,2331.16,2335.69,96.47612872,2026-04-14 18:15:00+00:00
1776191400000,2335.79,2338.89,2323.77,2327.0,94.13602897,2026-04-14 18:30:00+00:00
1776192300000,2326.99,2328.49,2310.0,2314.87,1377.73268548,2026-04-14 18:45:00+00:00
1776193200000,2314.72,2323.58,2312.51,2319.01,343.50510593,2026-04-14 19:00:00+00:00
1776194100000,2319.01,2322.84,2303.97,2315.01,140.25113752,2026-04-14 19:15:00+00:00
1776195000000,2315.06,2318.66,2310.05,2311.83,281.94334516,2026-04-14 19:30:00+00:00
1776195900000,2311.68,2315.3,2310.51,2314.64,304.32624692,2026-04-14 19:45:00+00:00
1776196800000,2314.87,2323.06,2314.0,2322.46,936.48761841,2026-04-14 20:00:00+00:00
1776197700000,2321.91,2322.67,2310.27,2312.74,371.51566697,2026-04-14 20:15:00+00:00
1776198600000,2312.54,2315.97,2309.82,2315.69,155.73217821,2026-04-14 20:30:00+00:00
1776199500000,2315.75,2319.0,2311.31,2315.98,563.08541113,2026-04-14 20:45:00+00:00
1776200400000,2316.18,2327.11,2315.95,2320.5,266.20402271,2026-04-14 21:00:00+00:00
1776201300000,2321.07,2322.58,2316.74,2322.58,41.7469862,2026-04-14 21:15:00+00:00
1776202200000,2322.48,2322.69,2317.29,2320.33,228.47160435,2026-04-14 21:30:00+00:00
1776203100000,2320.57,2326.57,2318.59,2324.83,58.27820629,2026-04-14 21:45:00+00:00
1776204000000,2324.83,2332.62,2321.67,2329.58,137.62652968,2026-04-14 22:00:00+00:00
1776204900000,2329.02,2329.02,2315.04,2315.15,71.11967544,2026-04-14 22:15:00+00:00
1776205800000,2315.31,2320.52,2312.65,2313.39,90.28269677,2026-04-14 22:30:00+00:00
1776206700000,2313.46,2318.11,2313.22,2316.02,74.98416421,2026-04-14 22:45:00+00:00
1776207600000,2315.88,2321.93,2315.88,2319.86,77.56622517,2026-04-14 23:00:00+00:00
1776208500000,2320.11,2323.11,2318.31,2320.48,14.27027778,2026-04-14 23:15:00+00:00
1776209400000,2320.75,2327.37,2320.26,2326.0,232.80868169,2026-04-14 23:30:00+00:00
1776210300000,2325.98,2327.44,2320.0,2323.21,1892.59428992,2026-04-14 23:45:00+00:00
1776211200000,2323.07,2343.83,2323.06,2338.51,661.59551455,2026-04-15 00:00:00+00:00
1776212100000,2338.5,2341.93,2331.99,2337.9,114.75657086,2026-04-15 00:15:00+00:00
1776213000000,2338.69,2340.03,2332.91,2333.89,114.63460142,2026-04-15 00:30:00+00:00
1776213900000,2333.89,2335.96,2330.0,2335.27,170.26270063,2026-04-15 00:45:00+00:00
1776214800000,2334.72,2340.54,2332.64,2339.97,54.12261459,2026-04-15 01:00:00+00:00
1776215700000,2340.0,2340.5,2334.39,2336.88,72.42760801,2026-04-15 01:15:00+00:00
1776216600000,2336.88,2339.23,2331.9,2339.04,368.85890359,2026-04-15 01:30:00+00:00
1776217500000,2338.69,2342.56,2334.9,2336.5,90.38763946,2026-04-15 01:45:00+00:00
1776218400000,2336.51,2339.11,2333.01,2335.12,64.04231041,2026-04-15 02:00:00+00:00
1776219300000,2335.18,2336.08,2326.39,2327.25,64.13271285,2026-04-15 02:15:00+00:00
1776220200000,2326.64,2326.64,2318.85,2322.78,119.9189522,2026-04-15 02:30:00+00:00
1776221100000,2322.84,2325.99,2319.12,2325.68,65.11653723,2026-04-15 02:45:00+00:00
1776222000000,2325.7,2325.7,2321.82,2324.03,228.99445335,2026-04-15 03:00:00+00:00
1776222900000,2322.51,2329.8,2321.24,2328.09,77.94456739,2026-04-15 03:15:00+00:00
1776223800000,2328.08,2328.94,2323.86,2324.38,19.51518846,2026-04-15 03:30:00+00:00
1776224700000,2324.38,2330.08,2324.03,2329.44,108.79272434,2026-04-15 03:45:00+00:00
1776225600000,2329.42,2334.65,2329.31,2332.5,48.37800874,2026-04-15 04:00:00+00:00
1776226500000,2332.5,2334.25,2328.74,2330.66,63.45865531,2026-04-15 04:15:00+00:00
1776227400000,2330.77,2334.16,2329.26,2332.3,124.26009099,2026-04-15 04:30:00+00:00
1776228300000,2331.43,2334.5,2329.41,2333.6,88.93564906,2026-04-15 04:45:00+00:00
1776229200000,2333.83,2338.49,2329.76,2330.65,77.68586243,2026-04-15 05:00:00+00:00
1776230100000,2330.54,2331.67,2320.87,2322.73,60.58936233,2026-04-15 05:15:00+00:00
1776231000000,2322.78,2323.59,2315.5,2319.13,99.66398135,2026-04-15 05:30:00+00:00
1776231900000,2318.64,2321.35,2316.89,2320.23,63.57237968,2026-04-15 05:45:00+00:00
1776232800000,2320.12,2321.28,2316.5,2318.63,845.6977983,2026-04-15 06:00:00+00:00
1776233700000,2318.38,2321.08,2318.0,2318.01,43.19984823,2026-04-15 06:15:00+00:00
1776234600000,2318.37,2319.19,2316.0,2318.75,50.62103312,2026-04-15 06:30:00+00:00
1776235500000,2318.79,2320.49,2316.39,2317.82,46.98202854,2026-04-15 06:45:00+00:00
1776236400000,2317.82,2324.34,2317.82,2320.88,62.50091266,2026-04-15 07:00:00+00:00
1776237300000,2320.79,2320.79,2309.86,2315.25,152.75106587,2026-04-15 07:15:00+00:00
1776238200000,2315.16,2315.16,2310.79,2313.57,51.60904697,2026-04-15 07:30:00+00:00
1776239100000,2313.55,2319.12,2309.97,2316.99,190.16403413,2026-04-15 07:45:00+00:00
1776240000000,2317.0,2321.81,2314.87,2320.32,120.47142239,2026-04-15 08:00:00+00:00
1776240900000,2320.19,2325.08,2319.35,2324.45,69.43481698,2026-04-15 08:15:00+00:00
1776241800000,2324.64,2333.17,2324.54,2327.82,102.85978856,2026-04-15 08:30:00+00:00
1776242700000,2327.76,2330.27,2324.07,2328.15,58.50907784,2026-04-15 08:45:00+00:00
1776243600000,2328.31,2330.28,2321.44,2324.6,21.84832882,2026-04-15 09:00:00+00:00
1776244500000,2324.53,2327.5,2320.0,2320.89,22.47949441,2026-04-15 09:15:00+00:00
1776245400000,2320.75,2323.61,2319.39,2321.29,18.12897646,2026-04-15 09:30:00+00:00
1776246300000,2321.21,2321.66,2319.0,2320.67,4.82710606,2026-04-15 09:45:00+00:00
1776247200000,2320.52,2325.82,2318.27,2322.25,14.06810082,2026-04-15 10:00:00+00:00
1776248100000,2322.56,2322.82,2314.0,2314.63,27.8448409,2026-04-15 10:15:00+00:00
1776249000000,2314.63,2322.0,2312.86,2321.99,128.66436667,2026-04-15 10:30:00+00:00
1776249900000,2322.0,2328.44,2316.2,2317.25,28.35250086,2026-04-15 10:45:00+00:00
1776250800000,2317.29,2331.54,2317.29,2327.0,80.60954492,2026-04-15 11:00:00+00:00
1776251700000,2327.0,2327.67,2323.8,2325.22,60.83371001,2026-04-15 11:15:00+00:00
1776252600000,2325.21,2329.58,2325.21,2329.58,29.46936512,2026-04-15 11:30:00+00:00
1776253500000,2329.32,2339.51,2329.32,2337.7,230.76302128,2026-04-15 11:45:00+00:00
1776254400000,2337.7,2339.3,2332.65,2334.67,155.90214846,2026-04-15 12:00:00+00:00
1776255300000,2334.66,2334.71,2331.0,2332.14,150.65265991,2026-04-15 12:15:00+00:00
1776256200000,2332.43,2340.74,2332.34,2337.02,39.8334643,2026-04-15 12:30:00+00:00
1776257100000,2336.99,2337.18,2334.03,2334.03,193.03047759,2026-04-15 12:45:00+00:00
1776258000000,2333.38,2334.36,2328.68,2332.01,97.57498015,2026-04-15 13:00:00+00:00
1776258900000,2332.01,2334.59,2328.12,2332.73,33.98287362,2026-04-15 13:15:00+00:00
1776259800000,2333.0,2333.75,2318.9,2318.91,297.43196524,2026-04-15 13:30:00+00:00
1776260700000,2318.98,2329.66,2317.81,2327.09,145.07816714,2026-04-15 13:45:00+00:00
1776261600000,2327.26,2331.34,2323.01,2331.34,253.56948692,2026-04-15 14:00:00+00:00
1776262500000,2333.71,2345.39,2331.93,2340.55,403.85789884,2026-04-15 14:15:00+00:00
1776263400000,2340.67,2342.05,2327.88,2328.9,173.10070284,2026-04-15 14:30:00+00:00
1776264300000,2330.41,2340.73,2329.61,2337.91,66.964894,2026-04-15 14:45:00+00:00
1776265200000,2339.02,2349.99,2332.79,2348.47,79.48609798,2026-04-15 15:00:00+00:00
1776266100000,2347.86,2348.6,2335.29,2336.88,233.76762504,2026-04-15 15:15:00+00:00
1776267000000,2336.88,2336.88,2321.33,2332.76,569.04250141,2026-04-15 15:30:00+00:00
1776267900000,2332.65,2337.36,2329.69,2332.25,105.57079166,2026-04-15 15:45:00+00:00
1776268800000,2332.21,2341.97,2330.05,2341.86,200.53906365,2026-04-15 16:00:00+00:00
1776269700000,2342.33,2347.67,2340.34,2344.66,450.58387694,2026-04-15 16:15:00+00:00
1776270600000,2344.66,2350.53,2336.66,2338.6,316.34321332,2026-04-15 16:30:00+00:00
1776271500000,2338.52,2343.94,2335.7,2341.78,63.14724716,2026-04-15 16:45:00+00:00
1776272400000,2342.34,2347.66,2340.39,2345.88,348.23607322,2026-04-15 17:00:00+00:00
1776273300000,2345.88,2358.42,2341.64,2352.51,154.91339152,2026-04-15 17:15:00+00:00
1776274200000,2352.38,2355.74,2340.81,2342.43,348.35815486,2026-04-15 17:30:00+00:00
1776275100000,2343.01,2349.43,2342.34,2348.92,43.61749771,2026-04-15 17:45:00+00:00
1776276000000,2348.98,2356.7,2346.85,2354.44,109.86243298,2026-04-15 18:00:00+00:00
1776276900000,2354.37,2355.77,2347.9,2349.72,65.65107173,2026-04-15 18:15:00+00:00
1776277800000,2349.38,2355.36,2348.45,2354.17,55.82846023,2026-04-15 18:30:00+00:00
1776278700000,2354.25,2360.0,2353.33,2359.38,136.76679183,2026-04-15 18:45:00+00:00
1776279600000,2358.79,2368.11,2357.54,2365.28,384.34782368,2026-04-15 19:00:00+00:00
1776280500000,2365.39,2366.41,2361.34,2366.01,430.49662628,2026-04-15 19:15:00+00:00
1776281400000,2366.0,2386.01,2365.99,2375.8,1736.22978414,2026-04-15 19:30:00+00:00
1776282300000,2376.34,2379.4,2372.01,2375.88,1182.49905737,2026-04-15 19:45:00+00:00
1776283200000,2376.04,2376.8,2361.0,2363.75,593.78518787,2026-04-15 20:00:00+00:00
1776284100000,2363.42,2363.42,2355.01,2361.18,495.82010872,2026-04-15 20:15:00+00:00
1776285000000,2361.28,2366.86,2357.0,2358.83,105.28399715,2026-04-15 20:30:00+00:00
1776285900000,2358.48,2364.91,2358.48,2363.55,129.39174528,2026-04-15 20:45:00+00:00
1776286800000,2363.55,2364.16,2354.46,2354.48,259.44802672,2026-04-15 21:00:00+00:00
1776287700000,2354.54,2355.14,2349.19,2353.74,104.20380654,2026-04-15 21:15:00+00:00
1776288600000,2353.49,2360.85,2350.63,2359.08,66.85286645,2026-04-15 21:30:00+00:00
1776289500000,2358.65,2363.84,2358.65,2361.6,88.07811816,2026-04-15 21:45:00+00:00
1776290400000,2361.6,2380.35,2360.57,2374.3,365.23166448,2026-04-15 22:00:00+00:00
1776291300000,2374.3,2374.31,2365.73,2370.07,131.87141051,2026-04-15 22:15:00+00:00
1776292200000,2369.18,2380.39,2366.01,2370.02,103.31204179,2026-04-15 22:30:00+00:00
1776293100000,2370.0,2374.18,2363.76,2364.07,714.96876905,2026-04-15 22:45:00+00:00
1776294000000,2364.08,2364.08,2356.87,2357.51,167.6677101,2026-04-15 23:00:00+00:00
1776294900000,2357.62,2357.63,2350.45,2356.27,504.48466097,2026-04-15 23:15:00+00:00
1776295800000,2356.27,2357.21,2350.51,2353.86,202.80678666,2026-04-15 23:30:00+00:00
1776296700000,2353.9,2361.64,2353.4,2360.32,252.19912352,2026-04-15 23:45:00+00:00
1776297600000,2360.64,2360.64,2352.31,2353.66,181.15683236,2026-04-16 00:00:00+00:00
1776298500000,2353.83,2356.37,2351.01,2354.46,12.20280987,2026-04-16 00:15:00+00:00
1776299400000,2355.1,2364.23,2355.1,2359.75,50.74033385,2026-04-16 00:30:00+00:00
1776300300000,2359.74,2363.0,2356.17,2360.67,16.83298253,2026-04-16 00:45:00+00:00
1776301200000,2360.84,2360.84,2346.71,2350.68,494.06884772,2026-04-16 01:00:00+00:00
1776302100000,2351.2,2356.36,2348.97,2351.88,8.33347553,2026-04-16 01:15:00+00:00
1776303000000,2351.63,2355.62,2350.31,2355.53,33.93877977,2026-04-16 01:30:00+00:00
1776303900000,2355.25,2356.41,2349.23,2352.38,106.10508714,2026-04-16 01:45:00+00:00
1776304800000,2352.5,2357.22,2352.25,2352.93,65.91273959,2026-04-16 02:00:00+00:00
1776305700000,2352.9,2358.54,2350.81,2358.54,129.29614084,2026-04-16 02:15:00+00:00
1776306600000,2359.52,2369.1,2359.52,2366.74,375.38891496,2026-04-16 02:30:00+00:00
1776307500000,2366.75,2368.44,2355.11,2357.95,72.12061147,2026-04-16 02:45:00+00:00
1776308400000,2357.01,2363.54,2356.54,2358.56,143.34335504,2026-04-16 03:00:00+00:00
1776309300000,2358.34,2366.3,2358.34,2361.94,62.16710422,2026-04-16 03:15:00+00:00
1776310200000,2361.41,2362.22,2358.26,2360.95,13.09913324,2026-04-16 03:30:00+00:00
1776311100000,2360.82,2361.79,2357.8,2358.26,36.80312738,2026-04-16 03:45:00+00:00
1776312000000,2357.89,2361.63,2355.97,2359.42,25.26120493,2026-04-16 04:00:00+00:00
1776312900000,2358.93,2361.32,2357.19,2358.82,44.90150512,2026-04-16 04:15:00+00:00
1776313800000,2358.81,2363.32,2355.97,2363.0,109.811701,2026-04-16 04:30:00+00:00
1776314700000,2362.23,2362.23,2349.1,2354.83,459.03612281,2026-04-16 04:45:00+00:00
1776315600000,2354.83,2355.74,2350.72,2352.88,95.22744934,2026-04-16 05:00:00+00:00
1776316500000,2352.29,2359.6,2352.05,2357.51,40.49466424,2026-04-16 05:15:00+00:00
1776317400000,2357.91,2361.3,2356.75,2358.49,46.84198132,2026-04-16 05:30:00+00:00
1776318300000,2358.08,2358.72,2355.58,2356.94,24.80010346,2026-04-16 05:45:00+00:00
1776319200000,2357.59,2360.84,2356.75,2358.85,53.74107557,2026-04-16 06:00:00+00:00
1776320100000,2356.8,2359.3,2355.53,2355.94,21.83010776,2026-04-16 06:15:00+00:00
1776321000000,2355.86,2356.49,2351.0,2353.29,45.88772186,2026-04-16 06:30:00+00:00
1776321900000,2352.89,2356.22,2351.96,2356.22,86.97310946,2026-04-16 06:45:00+00:00
1776322800000,2356.22,2357.73,2351.26,2351.98,19.27575876,2026-04-16 07:00:00+00:00
1776323700000,2352.72,2354.9,2350.79,2352.79,43.83403506,2026-04-16 07:15:00+00:00
1776324600000,2352.73,2353.64,2350.06,2350.77,92.32656038,2026-04-16 07:30:00+00:00
1776325500000,2350.59,2350.59,2329.41,2341.69,1901.39221377,2026-04-16 07:45:00+00:00
1776326400000,2341.55,2342.99,2335.26,2335.56,211.23850894,2026-04-16 08:00:00+00:00
1776327300000,2335.55,2341.66,2335.55,2341.49,143.92229939,2026-04-16 08:15:00+00:00
1776328200000,2341.44,2344.39,2340.56,2344.06,82.47340373,2026-04-16 08:30:00+00:00
1776329100000,2344.06,2345.87,2338.69,2338.78,80.70841922,2026-04-16 08:45:00+00:00
1776330000000,2338.78,2344.3,2338.21,2343.79,26.89043308,2026-04-16 09:00:00+00:00
1776330900000,2344.51,2348.24,2344.51,2346.79,31.43671479,2026-04-16 09:15:00+00:00
1776331800000,2346.8,2347.25,2339.72,2339.76,217.0758926,2026-04-16 09:30:00+00:00
1776332700000,2339.75,2340.38,2337.79,2338.27,58.69403277,2026-04-16 09:45:00+00:00
1776333600000,2338.13,2340.37,2330.01,2330.79,219.39843146,2026-04-16 10:00:00+00:00
1776334500000,2331.03,2337.14,2329.46,2335.85,263.80242528,2026-04-16 10:15:00+00:00
1776335400000,2334.36,2337.34,2332.49,2332.78,39.27177676,2026-04-16 10:30:00+00:00
1776336300000,2332.78,2334.36,2329.63,2332.33,32.31594254,2026-04-16 10:45:00+00:00
1776337200000,2332.29,2334.05,2330.14,2331.37,16.63059308,2026-04-16 11:00:00+00:00
1776338100000,2331.4,2332.71,2330.5,2332.71,12.73852278,2026-04-16 11:15:00+00:00
1776339000000,2332.71,2335.13,2331.85,2332.79,34.9989371,2026-04-16 11:30:00+00:00
1776339900000,2332.52,2336.0,2332.37,2336.0,18.99067078,2026-04-16 11:45:00+00:00
1776340800000,2335.96,2348.41,2335.77,2344.29,696.30969242,2026-04-16 12:00:00+00:00
1776341700000,2344.52,2346.15,2338.95,2340.53,235.72418681,2026-04-16 12:15:00+00:00
1776342600000,2341.19,2341.89,2337.01,2339.59,50.56710449,2026-04-16 12:30:00+00:00
1776343500000,2339.58,2341.93,2337.72,2340.38,37.11136323,2026-04-16 12:45:00+00:00
1776344400000,2340.69,2345.6,2338.43,2345.48,139.84768011,2026-04-16 13:00:00+00:00
1776345300000,2344.89,2351.49,2344.21,2348.93,96.79079651,2026-04-16 13:15:00+00:00
1776346200000,2349.48,2350.14,2333.43,2337.42,447.741217,2026-04-16 13:30:00+00:00
1776347100000,2337.41,2337.42,2291.95,2308.57,2205.70018635,2026-04-16 13:45:00+00:00
1776348000000,2308.17,2312.19,2297.77,2306.27,468.11785184,2026-04-16 14:00:00+00:00
1776348900000,2306.28,2308.09,2285.92,2295.45,1192.90139692,2026-04-16 14:15:00+00:00
1776349800000,2295.19,2306.3,2294.29,2305.36,134.66437606,2026-04-16 14:30:00+00:00
1776350700000,2305.35,2316.0,2305.35,2310.61,244.46992333,2026-04-16 14:45:00+00:00
1776351600000,2310.55,2330.1,2309.06,2325.21,454.3235237,2026-04-16 15:00:00+00:00
1776352500000,2325.68,2329.52,2319.88,2319.88,374.97516758,2026-04-16 15:15:00+00:00
1776353400000,2318.42,2349.85,2318.39,2339.89,671.77361578,2026-04-16 15:30:00+00:00
1776354300000,2339.41,2343.68,2333.57,2340.15,148.54673511,2026-04-16 15:45:00+00:00
1776355200000,2340.15,2349.11,2335.06,2336.34,215.78179002,2026-04-16 16:00:00+00:00
1776356100000,2336.25,2342.86,2332.43,2332.86,286.9664638,2026-04-16 16:15:00+00:00
1776357000000,2332.86,2335.29,2318.12,2322.57,397.32815884,2026-04-16 16:30:00+00:00
1776357900000,2322.51,2325.0,2310.14,2317.01,293.32733968,2026-04-16 16:45:00+00:00
1776358800000,2317.09,2321.01,2311.84,2312.49,145.00405372,2026-04-16 17:00:00+00:00
1776359700000,2311.08,2325.84,2310.33,2325.59,204.22388949,2026-04-16 17:15:00+00:00
1776360600000,2324.95,2329.83,2318.82,2328.93,42.59739734,2026-04-16 17:30:00+00:00
1776361500000,2328.72,2329.82,2320.75,2326.35,374.61005152,2026-04-16 17:45:00+00:00
1776362400000,2326.25,2335.19,2321.13,2327.54,144.44262516,2026-04-16 18:00:00+00:00
1776363300000,2328.03,2331.25,2323.22,2326.47,252.18379889,2026-04-16 18:15:00+00:00
1776364200000,2326.53,2336.07,2325.37,2333.86,185.18402374,2026-04-16 18:30:00+00:00
1776365100000,2333.86,2347.0,2333.86,2343.75,325.63263553,2026-04-16 18:45:00+00:00
1776366000000,2343.49,2347.32,2335.52,2337.59,227.85377932,2026-04-16 19:00:00+00:00
1776366900000,2337.97,2347.85,2336.96,2346.64,100.76719935,2026-04-16 19:15:00+00:00
1776367800000,2345.95,2360.73,2344.23,2359.08,523.42371618,2026-04-16 19:30:00+00:00
1776368700000,2359.08,2362.33,2355.61,2360.39,329.40728185,2026-04-16 19:45:00+00:00
1776369600000,2360.53,2364.77,2354.33,2359.37,300.38505298,2026-04-16 20:00:00+00:00
1776370500000,2359.4,2361.5,2350.08,2351.8,308.06369434,2026-04-16 20:15:00+00:00
1776371400000,2351.62,2351.68,2342.09,2345.31,132.2625312,2026-04-16 20:30:00+00:00
1776372300000,2345.34,2351.37,2344.59,2350.76,44.06044633,2026-04-16 20:45:00+00:00
1776373200000,2350.75,2357.16,2348.54,2351.5,43.43051569,2026-04-16 21:00:00+00:00
1776374100000,2351.5,2352.27,2336.42,2341.44,165.91326837,2026-04-16 21:15:00+00:00
1776375000000,2340.99,2343.67,2337.8,2340.01,31.00715257,2026-04-16 21:30:00+00:00
1776375900000,2340.26,2341.83,2339.5,2341.45,46.0958982,2026-04-16 21:45:00+00:00
1776376800000,2341.65,2351.2,2341.65,2343.83,334.51493297,2026-04-16 22:00:00+00:00
1776377700000,2343.83,2346.33,2340.02,2343.58,51.52099464,2026-04-16 22:15:00+00:00
1776378600000,2343.95,2345.88,2342.35,2345.46,110.11272065,2026-04-16 22:30:00+00:00
1776379500000,2345.35,2347.34,2341.4,2342.86,26.80532945,2026-04-16 22:45:00+00:00
1776380400000,2342.32,2346.73,2342.31,2345.66,46.67032593,2026-04-16 23:00:00+00:00
1776381300000,2345.37,2352.54,2342.76,2348.84,130.6309341,2026-04-16 23:15:00+00:00
1776382200000,2347.97,2355.38,2347.97,2353.32,76.70723214,2026-04-16 23:30:00+00:00
1776383100000,2353.3,2353.3,2346.65,2348.89,36.23659854,2026-04-16 23:45:00+00:00
1776384000000,2348.89,2351.6,2343.07,2344.21,87.34027875,2026-04-17 00:00:00+00:00
1776384900000,2343.54,2346.52,2341.38,2346.33,74.79300769,2026-04-17 00:15:00+00:00
1776385800000,2346.45,2350.89,2346.45,2347.76,62.31384116,2026-04-17 00:30:00+00:00
1776386700000,2345.96,2346.73,2343.99,2345.12,96.49256687,2026-04-17 00:45:00+00:00
1776387600000,2345.01,2349.3,2342.47,2344.73,83.41934741,2026-04-17 01:00:00+00:00
1776388500000,2344.52,2345.68,2329.86,2333.75,414.76991499,2026-04-17 01:15:00+00:00
1776389400000,2334.11,2336.34,2329.32,2332.67,56.28172942,2026-04-17 01:30:00+00:00
1776390300000,2333.36,2339.03,2328.0,2336.09,155.21258083,2026-04-17 01:45:00+00:00
1776391200000,2335.76,2339.48,2331.66,2333.87,24.18571417,2026-04-17 02:00:00+00:00
1776392100000,2333.86,2333.86,2328.9,2328.9,34.02923683,2026-04-17 02:15:00+00:00
1776393000000,2328.91,2333.54,2326.07,2330.87,116.69663435,2026-04-17 02:30:00+00:00
1776393900000,2330.87,2332.49,2329.65,2331.92,55.05837766,2026-04-17 02:45:00+00:00
1776394800000,2332.65,2332.65,2328.26,2329.5,16.13580766,2026-04-17 03:00:00+00:00
1776395700000,2329.62,2331.55,2327.8,2328.21,18.26104815,2026-04-17 03:15:00+00:00
1776396600000,2328.72,2331.66,2324.68,2329.83,44.87026629,2026-04-17 03:30:00+00:00
1776397500000,2329.35,2331.34,2325.79,2325.86,31.03522583,2026-04-17 03:45:00+00:00
1776398400000,2325.87,2327.77,2325.01,2327.71,17.63970895,2026-04-17 04:00:00+00:00
1776399300000,2327.75,2332.62,2327.75,2330.25,18.66229357,2026-04-17 04:15:00+00:00
1776400200000,2330.25,2333.32,2330.25,2332.83,11.83083186,2026-04-17 04:30:00+00:00
1776401100000,2332.68,2333.76,2328.87,2329.27,121.08711574,2026-04-17 04:45:00+00:00
1776402000000,2329.34,2329.34,2317.48,2321.37,300.12831579,2026-04-17 05:00:00+00:00
1776402900000,2321.6,2325.33,2320.79,2322.28,30.68808048,2026-04-17 05:15:00+00:00
1776403800000,2322.52,2323.99,2320.7,2321.98,38.53197907,2026-04-17 05:30:00+00:00
1776404700000,2321.75,2322.85,2319.23,2319.24,17.62031427,2026-04-17 05:45:00+00:00
1776405600000,2319.24,2325.36,2318.15,2324.19,30.08752133,2026-04-17 06:00:00+00:00
1776406500000,2325.4,2326.17,2323.88,2325.95,36.97856541,2026-04-17 06:15:00+00:00
1776407400000,2325.54,2330.17,2324.61,2329.81,67.19388216,2026-04-17 06:30:00+00:00
1776408300000,2329.61,2332.4,2328.51,2331.77,31.52288033,2026-04-17 06:45:00+00:00
1776409200000,2331.66,2342.49,2331.65,2339.77,93.83708184,2026-04-17 07:00:00+00:00
1776410100000,2340.28,2340.28,2335.28,2337.19,24.14318163,2026-04-17 07:15:00+00:00
1776411000000,2337.72,2339.1,2333.81,2335.48,15.80843611,2026-04-17 07:30:00+00:00
1776411900000,2335.54,2335.54,2330.62,2333.86,10.57297295,2026-04-17 07:45:00+00:00
1776412800000,2334.29,2340.06,2333.55,2337.64,121.14921159,2026-04-17 08:00:00+00:00
1776413700000,2337.31,2341.71,2335.95,2341.02,91.39156696,2026-04-17 08:15:00+00:00
1776414600000,2340.58,2354.5,2340.46,2349.28,377.82671811,2026-04-17 08:30:00+00:00
1776415500000,2349.51,2359.22,2345.96,2354.57,399.19013437,2026-04-17 08:45:00+00:00
1776416400000,2354.74,2356.98,2348.86,2356.98,155.84006801,2026-04-17 09:00:00+00:00
1776417300000,2356.97,2377.53,2352.3,2372.36,348.68780742,2026-04-17 09:15:00+00:00
1776418200000,2373.18,2374.21,2350.37,2354.24,355.07654039,2026-04-17 09:30:00+00:00
1776419100000,2355.88,2361.9,2352.75,2359.8,90.72579878,2026-04-17 09:45:00+00:00
1776420000000,2358.82,2361.52,2352.58,2353.58,171.38178245,2026-04-17 10:00:00+00:00
1776420900000,2354.31,2357.67,2342.95,2342.95,297.30478026,2026-04-17 10:15:00+00:00
1776421800000,2342.96,2346.99,2337.23,2339.62,130.25148158,2026-04-17 10:30:00+00:00
1776422700000,2339.62,2345.16,2337.23,2345.15,55.86821529,2026-04-17 10:45:00+00:00
1776423600000,2345.16,2349.6,2344.42,2348.14,70.258835,2026-04-17 11:00:00+00:00
1776424500000,2348.0,2354.42,2348.0,2352.12,163.72144874,2026-04-17 11:15:00+00:00
1776425400000,2352.12,2355.27,2349.8,2350.09,99.81875725,2026-04-17 11:30:00+00:00
1776426300000,2350.1,2357.39,2350.1,2355.61,101.70134548,2026-04-17 11:45:00+00:00
1776427200000,2355.61,2358.7,2350.61,2357.65,143.81067937,2026-04-17 12:00:00+00:00
1776428100000,2357.53,2365.99,2354.66,2360.08,346.80307749,2026-04-17 12:15:00+00:00
1776429000000,2360.08,2364.6,2355.5,2357.37,259.84322587,2026-04-17 12:30:00+00:00
1776429900000,2357.37,2382.5,2356.61,2372.95,550.93116343,2026-04-17 12:45:00+00:00
1776430800000,2372.61,2410.28,2367.71,2408.02,1057.89155414,2026-04-17 13:00:00+00:00
1776431700000,2407.75,2427.82,2397.98,2407.3,1821.11267956,2026-04-17 13:15:00+00:00
1776432600000,2406.11,2423.3,2390.9,2419.32,4007.6650417,2026-04-17 13:30:00+00:00
1776433500000,2419.69,2442.19,2409.62,2438.11,1883.35907345,2026-04-17 13:45:00+00:00
1776434400000,2438.19,2449.0,2427.47,2431.37,791.94142401,2026-04-17 14:00:00+00:00
1776435300000,2431.34,2441.24,2426.76,2434.32,736.57753711,2026-04-17 14:15:00+00:00
1776436200000,2434.05,2459.72,2434.05,2449.07,763.5987951,2026-04-17 14:30:00+00:00
1776437100000,2449.35,2456.38,2442.46,2447.99,751.2289363,2026-04-17 14:45:00+00:00
1776438000000,2448.0,2451.6,2434.0,2443.4,1114.23068061,2026-04-17 15:00:00+00:00
1776438900000,2443.1,2450.2,2440.79,2446.11,691.12160828,2026-04-17 15:15:00+00:00
1776439800000,2445.89,2451.0,2437.74,2440.79,1046.80367555,2026-04-17 15:30:00+00:00
1776440700000,2440.58,2447.27,2437.01,2443.27,483.78713736,2026-04-17 15:45:00+00:00
1776441600000,2443.28,2453.83,2443.27,2446.27,495.5397931,2026-04-17 16:00:00+00:00
1776442500000,2446.49,2457.37,2442.61,2455.09,741.83421457,2026-04-17 16:15:00+00:00
1776443400000,2455.11,2465.91,2453.67,2460.83,816.85431405,2026-04-17 16:30:00+00:00
1776444300000,2461.14,2461.72,2450.01,2451.89,141.61704432,2026-04-17 16:45:00+00:00
1776445200000,2451.89,2453.38,2433.0,2438.75,381.69173743,2026-04-17 17:00:00+00:00
1776446100000,2438.5,2444.27,2424.51,2429.52,601.50866515,2026-04-17 17:15:00+00:00
1776447000000,2430.09,2439.37,2430.09,2436.0,98.99734585,2026-04-17 17:30:00+00:00
1776447900000,2436.0,2445.45,2436.0,2441.17,192.52899207,2026-04-17 17:45:00+00:00
1776448800000,2441.35,2443.13,2415.04,2419.92,1102.42386737,2026-04-17 18:00:00+00:00
1776449700000,2420.27,2428.11,2411.91,2421.47,1347.53048077,2026-04-17 18:15:00+00:00
1776450600000,2421.4,2431.15,2420.28,2430.79,148.48315024,2026-04-17 18:30:00+00:00
1776451500000,2430.11,2430.79,2418.91,2421.22,172.65258363,2026-04-17 18:45:00+00:00
1776452400000,2420.87,2427.06,2418.02,2424.21,144.56741244,2026-04-17 19:00:00+00:00
1776453300000,2424.38,2430.08,2424.38,2425.34,230.62180448,2026-04-17 19:15:00+00:00
1776454200000,2426.63,2433.4,2426.05,2431.95,1774.15703243,2026-04-17 19:30:00+00:00
1776455100000,2431.86,2432.67,2425.13,2429.68,332.1061856,2026-04-17 19:45:00+00:00
1776456000000,2429.07,2436.52,2429.07,2433.66,438.17468551,2026-04-17 20:00:00+00:00
1776456900000,2433.66,2433.88,2428.77,2429.11,76.94636512,2026-04-17 20:15:00+00:00
1776457800000,2429.18,2429.8,2418.14,2422.47,171.43093967,2026-04-17 20:30:00+00:00
1776458700000,2422.36,2428.18,2421.2,2427.86,62.6339595,2026-04-17 20:45:00+00:00
1776459600000,2427.64,2432.62,2427.51,2430.18,177.10619367,2026-04-17 21:00:00+00:00
1776460500000,2430.14,2434.4,2427.5,2430.52,85.45708666,2026-04-17 21:15:00+00:00
1776461400000,2430.59,2430.59,2420.01,2429.07,151.77470254,2026-04-17 21:30:00+00:00
1776462300000,2429.04,2431.87,2427.73,2431.0,45.36840092,2026-04-17 21:45:00+00:00
1776463200000,2430.16,2431.9,2426.2,2426.62,80.00732472,2026-04-17 22:00:00+00:00
1776464100000,2426.63,2432.61,2424.0,2432.2,49.048918,2026-04-17 22:15:00+00:00
1776465000000,2432.2,2442.8,2430.69,2437.38,301.44010304,2026-04-17 22:30:00+00:00
1776465900000,2437.39,2439.6,2433.55,2433.79,60.13323934,2026-04-17 22:45:00+00:00
1776466800000,2434.16,2434.16,2429.42,2430.01,66.84260682,2026-04-17 23:00:00+00:00
1776467700000,2430.01,2430.01,2417.14,2422.08,215.81402265,2026-04-17 23:15:00+00:00
1776468600000,2422.08,2425.57,2419.93,2421.45,82.28113406,2026-04-17 23:30:00+00:00
1776469500000,2421.24,2423.42,2419.51,2420.5,72.39909198,2026-04-17 23:45:00+00:00
1776470400000,2420.01,2423.83,2417.91,2418.86,59.32994323,2026-04-18 00:00:00+00:00
1776471300000,2418.69,2422.93,2418.69,2422.65,53.00814536,2026-04-18 00:15:00+00:00
1776472200000,2422.65,2423.31,2411.25,2415.87,299.67701121,2026-04-18 00:30:00+00:00
1776473100000,2415.0,2424.39,2415.0,2420.17,48.72061802,2026-04-18 00:45:00+00:00
1776474000000,2421.68,2428.0,2418.49,2427.65,29.74025117,2026-04-18 01:00:00+00:00
1776474900000,2427.54,2427.54,2424.13,2424.93,17.62771819,2026-04-18 01:15:00+00:00
1776475800000,2424.95,2424.95,2419.78,2421.82,96.86170749,2026-04-18 01:30:00+00:00
1776476700000,2421.01,2424.41,2419.63,2422.01,1007.41158714,2026-04-18 01:45:00+00:00
1776477600000,2422.03,2422.48,2418.11,2421.32,22.90112976,2026-04-18 02:00:00+00:00
1776478500000,2421.81,2425.54,2421.81,2423.01,22.22172972,2026-04-18 02:15:00+00:00
1776479400000,2423.01,2423.77,2420.24,2421.43,21.40107116,2026-04-18 02:30:00+00:00
1776480300000,2421.42,2421.64,2419.83,2419.83,18.82113656,2026-04-18 02:45:00+00:00
1776481200000,2420.28,2420.28,2417.0,2417.73,197.9426456,2026-04-18 03:00:00+00:00
1776482100000,2417.73,2419.62,2416.91,2417.35,40.34649668,2026-04-18 03:15:00+00:00
1776483000000,2417.02,2417.82,2415.51,2416.83,11.95220722,2026-04-18 03:30:00+00:00
1776483900000,2416.83,2420.37,2401.14,2405.85,561.39392871,2026-04-18 03:45:00+00:00
1776484800000,2405.99,2410.67,2401.64,2410.42,64.42745762,2026-04-18 04:00:00+00:00
1776485700000,2410.81,2410.81,2401.78,2403.24,149.22463379,2026-04-18 04:15:00+00:00
1776486600000,2403.23,2408.32,2401.0,2406.28,784.32787517,2026-04-18 04:30:00+00:00
1776487500000,2406.01,2410.0,2405.13,2409.0,41.65323633,2026-04-18 04:45:00+00:00
1776488400000,2408.21,2414.39,2408.0,2412.29,88.44312986,2026-04-18 05:00:00+00:00
1776489300000,2412.01,2412.11,2410.01,2410.01,45.99020028,2026-04-18 05:15:00+00:00
1776490200000,2410.0,2410.01,2407.01,2408.31,29.18121389,2026-04-18 05:30:00+00:00
1776491100000,2408.01,2409.89,2407.9,2409.89,22.13043737,2026-04-18 05:45:00+00:00
1776492000000,2409.89,2411.56,2409.42,2410.19,26.68248815,2026-04-18 06:00:00+00:00
1776492900000,2410.19,2410.19,2406.29,2409.46,9.69318198,2026-04-18 06:15:00+00:00
1776493800000,2409.28,2412.48,2409.28,2411.49,15.87751386,2026-04-18 06:30:00+00:00
1776494700000,2411.83,2412.54,2409.95,2410.32,17.8230625,2026-04-18 06:45:00+00:00
1776495600000,2410.69,2411.78,2409.29,2410.01,28.63130355,2026-04-18 07:00:00+00:00
1776496500000,2410.24,2410.24,2407.06,2407.25,27.45648359,2026-04-18 07:15:00+00:00
1776497400000,2406.82,2407.39,2404.53,2405.6,63.84323183,2026-04-18 07:30:00+00:00
1776498300000,2406.04,2406.06,2403.0,2404.06,48.54187255,2026-04-18 07:45:00+00:00
1776499200000,2404.31,2405.6,2399.82,2399.83,68.56612514,2026-04-18 08:00:00+00:00
1776500100000,2399.82,2399.82,2381.5,2387.57,2162.38827964,2026-04-18 08:15:00+00:00
1776501000000,2387.96,2388.6,2369.16,2374.0,1578.32554348,2026-04-18 08:30:00+00:00
1776501900000,2374.0,2382.8,2374.0,2381.47,64.95334969,2026-04-18 08:45:00+00:00
1776502800000,2381.48,2381.48,2370.98,2376.86,144.11121806,2026-04-18 09:00:00+00:00
1776503700000,2376.8,2378.86,2370.68,2378.13,180.79473299,2026-04-18 09:15:00+00:00
1776504600000,2378.27,2381.25,2376.57,2377.39,28.42719704,2026-04-18 09:30:00+00:00
1776505500000,2377.39,2377.89,2373.72,2377.07,149.77924636,2026-04-18 09:45:00+00:00
1776506400000,2377.06,2377.06,2353.92,2362.47,599.03274973,2026-04-18 10:00:00+00:00
1776507300000,2362.66,2364.73,2359.63,2362.05,275.61729857,2026-04-18 10:15:00+00:00
1776508200000,2362.04,2362.5,2357.45,2358.97,172.47245516,2026-04-18 10:30:00+00:00
1776509100000,2358.05,2362.67,2358.05,2359.45,68.7894017,2026-04-18 10:45:00+00:00
1776510000000,2359.8,2361.08,2351.0,2352.56,170.75956364,2026-04-18 11:00:00+00:00
1776510900000,2352.29,2359.33,2352.1,2356.81,65.03739186,2026-04-18 11:15:00+00:00
1776511800000,2356.55,2359.58,2344.37,2349.65,191.46403844,2026-04-18 11:30:00+00:00
1776512700000,2349.13,2355.74,2347.54,2353.33,113.0999738,2026-04-18 11:45:00+00:00
1776513600000,2353.63,2360.28,2352.34,2359.11,194.03296517,2026-04-18 12:00:00+00:00
1776514500000,2359.03,2363.07,2355.77,2355.81,52.52891669,2026-04-18 12:15:00+00:00
1776515400000,2355.52,2358.88,2352.87,2357.7,75.01779207,2026-04-18 12:30:00+00:00
1776516300000,2357.91,2359.58,2356.09,2358.61,72.10054323,2026-04-18 12:45:00+00:00
1776517200000,2358.69,2358.81,2356.23,2356.36,44.13540099,2026-04-18 13:00:00+00:00
1776518100000,2356.64,2360.92,2352.39,2354.95,134.46926474,2026-04-18 13:15:00+00:00
1776519000000,2354.65,2355.29,2346.38,2351.05,61.0536045,2026-04-18 13:30:00+00:00
1776519900000,2351.65,2358.42,2349.14,2356.06,38.2927487,2026-04-18 13:45:00+00:00
1776520800000,2356.06,2358.5,2353.84,2357.01,87.78208439,2026-04-18 14:00:00+00:00
1776521700000,2357.01,2357.68,2350.96,2356.98,43.6345788,2026-04-18 14:15:00+00:00
1776522600000,2356.88,2362.0,2356.88,2360.43,183.32155938,2026-04-18 14:30:00+00:00
1776523500000,2361.04,2366.33,2360.16,2366.33,192.34375881,2026-04-18 14:45:00+00:00
1776524400000,2365.98,2370.2,2360.39,2365.0,378.56703882,2026-04-18 15:00:00+00:00
1776525300000,2364.54,2366.45,2360.39,2365.22,250.2379718,2026-04-18 15:15:00+00:00
1776526200000,2365.04,2366.64,2362.06,2362.38,1245.27557291,2026-04-18 15:30:00+00:00
1776527100000,2362.26,2365.0,2359.64,2364.31,1886.62444786,2026-04-18 15:45:00+00:00
1776528000000,2364.32,2367.09,2359.42,2366.9,42.23449009,2026-04-18 16:00:00+00:00
1776528900000,2366.9,2375.5,2356.8,2369.09,512.56530763,2026-04-18 16:15:00+00:00
1776529800000,2369.09,2369.89,2364.79,2365.15,54.66344463,2026-04-18 16:30:00+00:00
1776530700000,2365.39,2367.29,2358.66,2361.41,104.63707358,2026-04-18 16:45:00+00:00
1776531600000,2361.36,2363.41,2354.48,2358.39,296.56947061,2026-04-18 17:00:00+00:00
1776532500000,2358.55,2362.47,2358.55,2362.19,222.75197687,2026-04-18 17:15:00+00:00
1776533400000,2362.27,2364.85,2362.27,2362.99,63.50428511,2026-04-18 17:30:00+00:00
1776534300000,2363.5,2365.0,2362.07,2362.25,37.27693052,2026-04-18 17:45:00+00:00
1776535200000,2362.26,2364.62,2357.47,2361.89,69.13207021,2026-04-18 18:00:00+00:00
1776536100000,2361.64,2361.65,2355.44,2355.78,28.37602401,2026-04-18 18:15:00+00:00
1776537000000,2355.78,2355.84,2340.47,2346.31,600.01886743,2026-04-18 18:30:00+00:00
1776537900000,2346.68,2352.98,2345.0,2347.65,192.71140411,2026-04-18 18:45:00+00:00
1776538800000,2348.2,2356.97,2347.6,2354.64,63.8909916,2026-04-18 19:00:00+00:00
1776539700000,2354.82,2355.88,2349.16,2352.2,50.4076704,2026-04-18 19:15:00+00:00
1776540600000,2352.1,2352.99,2348.11,2348.62,22.87201879,2026-04-18 19:30:00+00:00
1776541500000,2348.3,2350.84,2347.48,2350.47,38.71668879,2026-04-18 19:45:00+00:00
1776542400000,2349.45,2352.0,2346.01,2350.59,62.76986482,2026-04-18 20:00:00+00:00
1776543300000,2350.7,2353.51,2349.03,2349.45,17.51030677,2026-04-18 20:15:00+00:00
1776544200000,2349.99,2353.77,2347.88,2353.49,54.95069053,2026-04-18 20:30:00+00:00
1776545100000,2353.15,2355.75,2352.16,2353.35,56.42368302,2026-04-18 20:45:00+00:00
1776546000000,2353.48,2355.86,2351.41,2353.0,48.76690818,2026-04-18 21:00:00+00:00
1776546900000,2353.0,2353.71,2348.86,2353.0,27.83873502,2026-04-18 21:15:00+00:00
1776547800000,2353.0,2353.0,2349.96,2352.83,21.61084768,2026-04-18 21:30:00+00:00
1776548700000,2353.0,2355.99,2352.72,2355.99,37.14098257,2026-04-18 21:45:00+00:00
1776549600000,2355.99,2356.13,2350.01,2351.36,38.95942311,2026-04-18 22:00:00+00:00
1776550500000,2350.24,2354.94,2350.24,2354.76,48.4572681,2026-04-18 22:15:00+00:00
1776551400000,2354.39,2357.59,2353.92,2354.78,36.64442346,2026-04-18 22:30:00+00:00
1776552300000,2355.1,2360.33,2355.1,2357.53,36.82487142,2026-04-18 22:45:00+00:00
1776553200000,2357.58,2360.48,2356.21,2356.21,72.14088884,2026-04-18 23:00:00+00:00
1776554100000,2356.55,2357.64,2355.0,2355.92,12.13458612,2026-04-18 23:15:00+00:00
1776555000000,2355.69,2355.69,2352.73,2354.0,47.54584845,2026-04-18 23:30:00+00:00
1776555900000,2353.78,2354.32,2350.9,2351.31,32.23386616,2026-04-18 23:45:00+00:00
1776556800000,2351.26,2355.99,2350.99,2352.57,232.55148721,2026-04-19 00:00:00+00:00
1776557700000,2352.63,2352.63,2348.03,2349.11,69.10737726,2026-04-19 00:15:00+00:00
1776558600000,2349.05,2350.0,2345.34,2346.89,81.13350404,2026-04-19 00:30:00+00:00
1776559500000,2347.0,2350.99,2347.0,2350.06,55.65437403,2026-04-19 00:45:00+00:00
1776560400000,2350.06,2353.77,2346.78,2349.79,72.28150871,2026-04-19 01:00:00+00:00
1776561300000,2349.51,2349.87,2345.62,2345.66,46.45990669,2026-04-19 01:15:00+00:00
1776562200000,2345.53,2346.88,2343.25,2346.04,87.25017097,2026-04-19 01:30:00+00:00
1776563100000,2346.25,2350.84,2346.25,2349.13,69.21561777,2026-04-19 01:45:00+00:00
1776564000000,2348.7,2349.23,2346.03,2346.23,136.63846925,2026-04-19 02:00:00+00:00
1776564900000,2346.23,2349.67,2333.57,2338.48,517.15910744,2026-04-19 02:15:00+00:00
1776565800000,2338.48,2348.32,2336.57,2345.27,101.70395038,2026-04-19 02:30:00+00:00
1776566700000,2345.24,2347.59,2339.27,2339.27,104.73080408,2026-04-19 02:45:00+00:00
1776567600000,2339.27,2342.99,2333.57,2342.07,86.04931224,2026-04-19 03:00:00+00:00
1776568500000,2342.97,2344.0,2339.04,2344.0,17.35460964,2026-04-19 03:15:00+00:00
1776569400000,2344.0,2344.29,2342.13,2343.96,23.67680384,2026-04-19 03:30:00+00:00
1776570300000,2343.98,2344.79,2339.69,2340.52,49.55286105,2026-04-19 03:45:00+00:00
1776571200000,2340.52,2346.65,2340.52,2345.99,48.04008194,2026-04-19 04:00:00+00:00
1776572100000,2345.13,2345.77,2342.41,2342.82,14.7588323,2026-04-19 04:15:00+00:00
1776573000000,2342.78,2342.78,2316.44,2329.25,2128.31416978,2026-04-19 04:30:00+00:00
1776573900000,2329.35,2335.03,2328.23,2334.15,113.00738456,2026-04-19 04:45:00+00:00
1776574800000,2334.08,2334.93,2329.95,2333.24,59.66629392,2026-04-19 05:00:00+00:00
1776575700000,2332.95,2335.0,2330.66,2334.74,19.27187397,2026-04-19 05:15:00+00:00
1776576600000,2334.89,2339.24,2334.88,2336.89,29.09539795,2026-04-19 05:30:00+00:00
1776577500000,2336.89,2336.98,2333.0,2333.66,31.85145663,2026-04-19 05:45:00+00:00
1776578400000,2333.67,2333.77,2323.4,2324.07,83.46565979,2026-04-19 06:00:00+00:00
1776579300000,2324.55,2332.0,2322.56,2329.35,192.03676962,2026-04-19 06:15:00+00:00
1776580200000,2330.37,2332.78,2329.95,2331.23,83.03280762,2026-04-19 06:30:00+00:00
1776581100000,2331.22,2331.22,2325.75,2327.62,770.97617572,2026-04-19 06:45:00+00:00
1776582000000,2327.83,2327.83,2320.12,2321.69,674.89873411,2026-04-19 07:00:00+00:00
1776582900000,2321.86,2323.27,2298.27,2304.05,943.39578767,2026-04-19 07:15:00+00:00
1776583800000,2304.04,2318.27,2304.04,2316.06,250.2354376,2026-04-19 07:30:00+00:00
1776584700000,2316.29,2320.0,2314.04,2317.5,42.34866155,2026-04-19 07:45:00+00:00
1776585600000,2316.68,2318.98,2313.8,2317.4,144.57937243,2026-04-19 08:00:00+00:00
1776586500000,2317.57,2320.01,2316.53,2316.53,410.43000576,2026-04-19 08:15:00+00:00
1776587400000,2316.53,2321.36,2312.14,2320.61,374.72437532,2026-04-19 08:30:00+00:00
1776588300000,2320.62,2321.49,2318.17,2318.8,723.55244291,2026-04-19 08:45:00+00:00
1776589200000,2319.41,2320.28,2316.9,2317.5,888.8154362,2026-04-19 09:00:00+00:00
1776590100000,2317.5,2317.5,2311.1,2316.0,147.53523768,2026-04-19 09:15:00+00:00
1776591000000,2315.97,2317.42,2311.11,2312.58,18.18188877,2026-04-19 09:30:00+00:00
1776591900000,2312.14,2312.87,2307.69,2310.56,411.4194291,2026-04-19 09:45:00+00:00
1776592800000,2310.57,2313.09,2307.09,2310.87,996.2766317,2026-04-19 10:00:00+00:00
1776593700000,2310.57,2312.76,2308.3,2312.57,24.42841786,2026-04-19 10:15:00+00:00
1776594600000,2312.34,2315.5,2312.33,2315.25,5.1981656,2026-04-19 10:30:00+00:00
1776595500000,2315.41,2320.84,2315.0,2318.78,30.63633416,2026-04-19 10:45:00+00:00
1776596400000,2318.65,2329.43,2318.65,2328.18,60.32952261,2026-04-19 11:00:00+00:00
1776597300000,2328.19,2331.85,2323.89,2326.79,165.59310221,2026-04-19 11:15:00+00:00
1776598200000,2326.74,2330.69,2326.69,2328.82,21.89992861,2026-04-19 11:30:00+00:00
1776599100000,2328.85,2331.7,2328.85,2330.3,34.90662224,2026-04-19 11:45:00+00:00
1776600000000,2330.52,2336.11,2328.49,2333.71,1214.74674168,2026-04-19 12:00:00+00:00
1776600900000,2334.55,2334.55,2328.43,2330.11,44.04686252,2026-04-19 12:15:00+00:00
1776601800000,2329.5,2330.32,2326.0,2327.0,514.06576288,2026-04-19 12:30:00+00:00
1776602700000,2327.05,2337.19,2326.03,2332.64,105.14179781,2026-04-19 12:45:00+00:00
1776603600000,2332.35,2340.0,2331.52,2337.41,281.99779706,2026-04-19 13:00:00+00:00
1776604500000,2337.43,2350.5,2337.01,2341.56,1488.71019299,2026-04-19 13:15:00+00:00
1776605400000,2343.32,2344.94,2339.24,2341.88,231.03151476,2026-04-19 13:30:00+00:00
1776606300000,2342.83,2342.83,2337.81,2339.5,79.41898591,2026-04-19 13:45:00+00:00
1776607200000,2339.5,2341.51,2328.12,2332.76,173.77378516,2026-04-19 14:00:00+00:00
1776608100000,2332.76,2342.93,2331.29,2339.44,51.92214313,2026-04-19 14:15:00+00:00
1776609000000,2339.96,2340.56,2335.62,2338.85,22.63042291,2026-04-19 14:30:00+00:00
1776609900000,2338.85,2343.89,2337.65,2339.01,27.77279249,2026-04-19 14:45:00+00:00
1776610800000,2339.18,2339.41,2334.25,2337.54,35.15900081,2026-04-19 15:00:00+00:00
1776611700000,2337.67,2342.46,2333.8,2336.18,52.2091347,2026-04-19 15:15:00+00:00
1776612600000,2335.97,2336.34,2311.63,2326.84,1759.1212078,2026-04-19 15:30:00+00:00
1776613500000,2325.82,2332.38,2324.69,2330.58,90.62804418,2026-04-19 15:45:00+00:00
1776614400000,2331.32,2332.36,2325.62,2326.54,129.69677805,2026-04-19 16:00:00+00:00
1776615300000,2325.97,2328.75,2319.64,2320.87,41.70434632,2026-04-19 16:15:00+00:00
1776616200000,2320.85,2325.94,2318.25,2320.22,26.13978941,2026-04-19 16:30:00+00:00
1776617100000,2319.21,2322.89,2305.67,2311.74,225.95342977,2026-04-19 16:45:00+00:00
1776618000000,2310.75,2312.51,2297.01,2308.17,1039.52047284,2026-04-19 17:00:00+00:00
1776618900000,2308.58,2318.0,2308.58,2313.07,83.31343802,2026-04-19 17:15:00+00:00
1776619800000,2313.2,2316.32,2305.2,2310.85,90.76487071,2026-04-19 17:30:00+00:00
1776620700000,2309.16,2311.67,2295.01,2296.84,682.11556872,2026-04-19 17:45:00+00:00
1776621600000,2296.84,2300.64,2291.44,2298.0,260.9291467,2026-04-19 18:00:00+00:00
1776622500000,2297.94,2302.0,2290.95,2297.76,352.17577,2026-04-19 18:15:00+00:00
1776623400000,2297.51,2299.63,2291.12,2292.0,103.0519474,2026-04-19 18:30:00+00:00
1776624300000,2291.16,2296.87,2287.55,2296.55,121.27821678,2026-04-19 18:45:00+00:00
1776625200000,2296.55,2302.75,2296.55,2301.01,181.47488699,2026-04-19 19:00:00+00:00
1776626100000,2301.0,2305.41,2295.02,2300.16,318.5650107,2026-04-19 19:15:00+00:00
1776627000000,2299.55,2302.79,2296.58,2297.91,113.26361203,2026-04-19 19:30:00+00:00
1776627900000,2297.53,2301.0,2297.52,2301.0,113.09557134,2026-04-19 19:45:00+00:00
1776628800000,2301.0,2301.0,2291.33,2295.24,120.67004265,2026-04-19 20:00:00+00:00
1776629700000,2295.24,2295.4,2289.54,2292.99,91.62871528,2026-04-19 20:15:00+00:00
1776630600000,2293.01,2297.45,2278.73,2281.28,307.28298582,2026-04-19 20:30:00+00:00
1776631500000,2282.64,2286.42,2274.06,2281.18,560.48593734,2026-04-19 20:45:00+00:00
1776632400000,2281.15,2286.68,2279.88,2286.68,178.64069207,2026-04-19 21:00:00+00:00
1776633300000,2283.92,2288.28,2280.97,2287.25,31.19096311,2026-04-19 21:15:00+00:00
1776634200000,2287.01,2290.86,2286.58,2289.8,31.12710507,2026-04-19 21:30:00+00:00
1776635100000,2288.37,2290.82,2275.7,2276.85,70.28296562,2026-04-19 21:45:00+00:00
1776636000000,2276.71,2276.71,2253.84,2261.17,499.99934083,2026-04-19 22:00:00+00:00
1776636900000,2260.75,2267.26,2254.0,2264.57,496.80189787,2026-04-19 22:15:00+00:00
1776637800000,2264.0,2274.0,2263.47,2274.0,290.06936761,2026-04-19 22:30:00+00:00
1776638700000,2273.99,2276.0,2270.07,2270.59,57.41231229,2026-04-19 22:45:00+00:00
1776639600000,2270.61,2270.61,2261.54,2265.87,62.77618253,2026-04-19 23:00:00+00:00
1776640500000,2264.99,2266.3,2258.67,2264.72,169.79763783,2026-04-19 23:15:00+00:00
1776641400000,2264.72,2269.0,2263.72,2268.55,86.0942101,2026-04-19 23:30:00+00:00
1776642300000,2268.43,2270.54,2263.67,2263.67,87.88199531,2026-04-19 23:45:00+00:00
1776643200000,2263.48,2275.0,2261.09,2270.54,493.68979484,2026-04-20 00:00:00+00:00
1776644100000,2270.04,2277.97,2270.04,2277.17,195.32695344,2026-04-20 00:15:00+00:00
1776645000000,2276.79,2280.0,2275.0,2276.61,28.47445597,2026-04-20 00:30:00+00:00
1776645900000,2276.4,2283.7,2276.02,2281.01,123.20205478,2026-04-20 00:45:00+00:00
1776646800000,2281.01,2285.96,2279.9,2285.96,56.15498205,2026-04-20 01:00:00+00:00
1776647700000,2285.51,2285.51,2278.89,2281.26,39.05621895,2026-04-20 01:15:00+00:00
1776648600000,2281.26,2294.63,2281.25,2292.57,139.45482916,2026-04-20 01:30:00+00:00
1776649500000,2292.37,2293.79,2287.23,2287.24,111.82702788,2026-04-20 01:45:00+00:00
1776650400000,2287.24,2287.6,2274.09,2276.73,204.30440806,2026-04-20 02:00:00+00:00
1776651300000,2276.35,2279.96,2273.33,2279.15,43.08365512,2026-04-20 02:15:00+00:00
1776652200000,2279.16,2280.62,2277.01,2278.91,36.24740608,2026-04-20 02:30:00+00:00
1776653100000,2278.91,2281.93,2276.99,2279.12,118.20547373,2026-04-20 02:45:00+00:00
1776654000000,2278.67,2283.2,2277.04,2283.2,38.6852651,2026-04-20 03:00:00+00:00
1776654900000,2283.08,2284.0,2280.01,2281.76,80.09601787,2026-04-20 03:15:00+00:00
1776655800000,2281.84,2282.58,2280.13,2282.54,165.38501544,2026-04-20 03:30:00+00:00
1776656700000,2282.51,2288.36,2281.3,2287.08,44.61249372,2026-04-20 03:45:00+00:00
1776657600000,2287.08,2287.08,2283.01,2284.21,18.39649239,2026-04-20 04:00:00+00:00
1776658500000,2284.42,2285.73,2280.5,2282.43,9.21620567,2026-04-20 04:15:00+00:00
1776659400000,2282.47,2282.47,2279.38,2280.44,42.5737058,2026-04-20 04:30:00+00:00
1776660300000,2280.43,2285.73,2280.42,2284.29,90.90239432,2026-04-20 04:45:00+00:00
1776661200000,2284.0,2284.0,2270.19,2274.37,111.88151342,2026-04-20 05:00:00+00:00
1776662100000,2273.84,2273.84,2265.8,2266.89,133.64315973,2026-04-20 05:15:00+00:00
1776663000000,2265.98,2270.0,2265.52,2265.52,69.06179852,2026-04-20 05:30:00+00:00
1776663900000,2265.51,2272.0,2264.43,2271.01,47.35856149,2026-04-20 05:45:00+00:00
1776664800000,2270.88,2276.71,2270.88,2271.72,59.08878623,2026-04-20 06:00:00+00:00
1776665700000,2271.47,2275.72,2269.64,2275.09,19.6645563,2026-04-20 06:15:00+00:00
1776666600000,2275.1,2289.93,2275.1,2285.41,35.00042442,2026-04-20 06:30:00+00:00
1776667500000,2284.91,2287.69,2281.83,2286.9,431.19153661,2026-04-20 06:45:00+00:00
1776668400000,2287.18,2289.6,2284.02,2287.96,450.93648631,2026-04-20 07:00:00+00:00
1776669300000,2287.7,2332.61,2287.0,2315.0,871.91844567,2026-04-20 07:15:00+00:00
1776670200000,2315.0,2317.91,2296.66,2299.7,206.40600326,2026-04-20 07:30:00+00:00
1776671100000,2297.74,2302.86,2287.66,2298.8,201.99496027,2026-04-20 07:45:00+00:00
1776672000000,2299.34,2302.31,2292.72,2300.89,82.19933101,2026-04-20 08:00:00+00:00
1776672900000,2301.0,2308.97,2294.87,2300.26,56.28472673,2026-04-20 08:15:00+00:00
1776673800000,2300.43,2301.54,2294.16,2296.43,123.51645575,2026-04-20 08:30:00+00:00
1776674700000,2295.97,2297.48,2290.41,2294.98,74.11175942,2026-04-20 08:45:00+00:00
1776675600000,2294.66,2306.81,2294.0,2303.7,46.88760544,2026-04-20 09:00:00+00:00
1776676500000,2304.05,2307.83,2302.71,2305.0,54.22289285,2026-04-20 09:15:00+00:00
1776677400000,2305.13,2313.91,2304.15,2311.69,72.28881002,2026-04-20 09:30:00+00:00
1776678300000,2311.79,2313.84,2307.83,2309.86,71.04085159,2026-04-20 09:45:00+00:00
1776679200000,2309.9,2318.61,2309.22,2316.92,85.20800912,2026-04-20 10:00:00+00:00
1776680100000,2316.58,2320.19,2315.77,2316.38,41.18670124,2026-04-20 10:15:00+00:00
1776681000000,2316.27,2316.27,2308.39,2309.96,51.25735932,2026-04-20 10:30:00+00:00
1776681900000,2309.66,2310.29,2304.06,2304.2,51.99059695,2026-04-20 10:45:00+00:00
1776682800000,2304.2,2309.63,2300.9,2309.62,90.55811363,2026-04-20 11:00:00+00:00
1776683700000,2310.15,2312.38,2304.89,2307.58,56.36699544,2026-04-20 11:15:00+00:00
1776684600000,2307.0,2309.73,2303.28,2308.72,80.24743352,2026-04-20 11:30:00+00:00
1776685500000,2308.9,2313.26,2308.16,2309.65,91.02889408,2026-04-20 11:45:00+00:00
1776686400000,2309.15,2314.81,2305.19,2314.17,47.66985296,2026-04-20 12:00:00+00:00
1776687300000,2312.32,2323.43,2310.62,2316.28,82.43086002,2026-04-20 12:15:00+00:00
1776688200000,2316.41,2318.49,2308.0,2312.46,209.38912671,2026-04-20 12:30:00+00:00
1776689100000,2312.0,2320.62,2312.0,2319.91,67.43005899,2026-04-20 12:45:00+00:00
1776690000000,2319.91,2326.82,2314.71,2320.33,272.38785609,2026-04-20 13:00:00+00:00
1776690900000,2320.51,2321.44,2311.51,2316.62,89.32348808,2026-04-20 13:15:00+00:00
1776691800000,2317.51,2320.07,2303.27,2314.58,222.20894086,2026-04-20 13:30:00+00:00
1776692700000,2313.79,2317.84,2303.48,2312.41,96.12939463,2026-04-20 13:45:00+00:00
1776693600000,2311.9,2311.9,2297.32,2300.75,184.66927043,2026-04-20 14:00:00+00:00
1776694500000,2300.87,2322.47,2299.35,2311.91,343.73138421,2026-04-20 14:15:00+00:00
1776695400000,2311.99,2315.51,2297.82,2303.82,303.60512491,2026-04-20 14:30:00+00:00
1776696300000,2303.81,2308.62,2284.41,2291.49,603.99229037,2026-04-20 14:45:00+00:00
1776697200000,2291.5,2294.77,2279.95,2293.44,107.92554202,2026-04-20 15:00:00+00:00
1776698100000,2293.45,2319.73,2293.45,2319.2,350.56499067,2026-04-20 15:15:00+00:00
1776699000000,2318.54,2318.57,2307.82,2308.06,128.72853859,2026-04-20 15:30:00+00:00
1776699900000,2308.28,2314.98,2307.56,2314.49,141.73513699,2026-04-20 15:45:00+00:00
1776700800000,2314.9,2315.36,2307.99,2308.88,53.6240969,2026-04-20 16:00:00+00:00
1776701700000,2308.87,2309.08,2300.66,2305.3,87.38871412,2026-04-20 16:15:00+00:00
1776702600000,2304.54,2309.3,2301.0,2307.68,52.48262829,2026-04-20 16:30:00+00:00
1776703500000,2307.7,2310.29,2299.62,2300.65,94.37020492,2026-04-20 16:45:00+00:00
1776704400000,2300.84,2316.05,2299.62,2314.66,188.26397454,2026-04-20 17:00:00+00:00
1776705300000,2314.37,2322.91,2311.78,2315.3,159.24448223,2026-04-20 17:15:00+00:00
1776706200000,2315.29,2318.37,2309.31,2315.0,103.28384129,2026-04-20 17:30:00+00:00
1776707100000,2314.13,2322.41,2312.19,2318.16,211.91891368,2026-04-20 17:45:00+00:00
1776708000000,2318.11,2334.0,2318.11,2332.24,560.75501346,2026-04-20 18:00:00+00:00
1776708900000,2332.09,2336.93,2328.35,2328.99,259.94327628,2026-04-20 18:15:00+00:00
1776709800000,2329.56,2342.29,2325.77,2336.01,720.43134286,2026-04-20 18:30:00+00:00
1776710700000,2335.14,2344.99,2330.18,2334.49,450.02273086,2026-04-20 18:45:00+00:00
1776711600000,2335.18,2336.87,2331.65,2334.68,195.94352919,2026-04-20 19:00:00+00:00
1776712500000,2334.41,2334.47,2328.22,2330.27,72.94939563,2026-04-20 19:15:00+00:00
1776713400000,2330.09,2331.05,2328.01,2328.86,25.27653463,2026-04-20 19:30:00+00:00
1776714300000,2329.32,2334.63,2328.6,2333.1,133.8488547,2026-04-20 19:45:00+00:00
1776715200000,2332.92,2335.0,2329.76,2333.66,536.31624034,2026-04-20 20:00:00+00:00
1776716100000,2332.93,2340.74,2332.08,2332.08,255.13000038,2026-04-20 20:15:00+00:00
1776717000000,2332.2,2332.65,2329.06,2329.06,50.00553844,2026-04-20 20:30:00+00:00
1776717900000,2329.05,2340.0,2326.59,2338.35,311.62062324,2026-04-20 20:45:00+00:00
1776718800000,2338.35,2347.25,2321.27,2326.37,672.28398585,2026-04-20 21:00:00+00:00
1776719700000,2325.54,2327.57,2317.12,2321.8,329.37338637,2026-04-20 21:15:00+00:00
1776720600000,2320.68,2322.91,2316.5,2318.33,53.53895854,2026-04-20 21:30:00+00:00
1776721500000,2318.36,2323.69,2318.15,2322.64,121.03275594,2026-04-20 21:45:00+00:00
1776722400000,2322.27,2329.69,2322.27,2324.11,64.83544695,2026-04-20 22:00:00+00:00
1776723300000,2324.38,2325.91,2318.0,2319.67,69.93119891,2026-04-20 22:15:00+00:00
1776724200000,2319.69,2326.19,2318.77,2320.59,506.41078686,2026-04-20 22:30:00+00:00
1776725100000,2321.54,2321.56,2319.0,2319.97,120.40766144,2026-04-20 22:45:00+00:00
1776726000000,2320.12,2320.12,2311.55,2312.64,313.1562817,2026-04-20 23:00:00+00:00
1776726900000,2312.28,2313.54,2308.51,2310.59,73.17045962,2026-04-20 23:15:00+00:00
1776727800000,2310.62,2314.85,2308.96,2313.87,54.39518577,2026-04-20 23:30:00+00:00
1776728700000,2313.87,2316.12,2312.21,2315.0,106.63664746,2026-04-20 23:45:00+00:00
1776729600000,2315.01,2318.55,2312.68,2316.98,158.92627556,2026-04-21 00:00:00+00:00
1776730500000,2314.87,2318.03,2314.24,2317.19,108.13203334,2026-04-21 00:15:00+00:00
1776731400000,2317.63,2319.85,2315.78,2317.44,132.22059002,2026-04-21 00:30:00+00:00
1776732300000,2317.44,2325.38,2317.44,2322.73,128.93431963,2026-04-21 00:45:00+00:00
1776733200000,2322.83,2326.51,2320.24,2324.16,45.87526806,2026-04-21 01:00:00+00:00
1776734100000,2323.48,2323.7,2319.25,2323.7,36.72414201,2026-04-21 01:15:00+00:00
1776735000000,2323.58,2327.08,2320.96,2322.73,30.11927907,2026-04-21 01:30:00+00:00
1776735900000,2322.73,2322.73,2313.98,2315.77,30.79627367,2026-04-21 01:45:00+00:00
1776736800000,2315.93,2315.93,2310.0,2310.98,55.86388287,2026-04-21 02:00:00+00:00
1776737700000,2310.0,2312.62,2307.46,2311.58,79.57921154,2026-04-21 02:15:00+00:00
1776738600000,2310.82,2313.9,2309.24,2309.25,256.65394994,2026-04-21 02:30:00+00:00
1776739500000,2309.25,2310.18,2307.97,2309.92,29.94481318,2026-04-21 02:45:00+00:00
1776740400000,2309.1,2309.1,2299.87,2304.66,353.19392559,2026-04-21 03:00:00+00:00
1776741300000,2304.3,2308.88,2301.01,2306.87,61.94017454,2026-04-21 03:15:00+00:00
1776742200000,2306.87,2310.35,2304.95,2307.41,42.44446245,2026-04-21 03:30:00+00:00
1776743100000,2307.64,2313.28,2307.37,2312.45,66.0660369,2026-04-21 03:45:00+00:00
1776744000000,2312.23,2313.47,2307.02,2307.02,69.57113985,2026-04-21 04:00:00+00:00
1776744900000,2307.51,2311.21,2305.41,2309.4,73.35628858,2026-04-21 04:15:00+00:00
1776745800000,2308.95,2310.47,2306.03,2309.47,33.29245803,2026-04-21 04:30:00+00:00
1776746700000,2310.36,2316.41,2310.17,2315.43,138.31508633,2026-04-21 04:45:00+00:00
1776747600000,2315.2,2321.32,2314.98,2317.83,168.43157943,2026-04-21 05:00:00+00:00
1776748500000,2317.66,2319.71,2315.49,2318.21,113.37861868,2026-04-21 05:15:00+00:00
1776749400000,2318.21,2318.64,2315.02,2315.61,68.61003974,2026-04-21 05:30:00+00:00
1776750300000,2315.44,2316.21,2313.13,2315.21,70.04773135,2026-04-21 05:45:00+00:00
1776751200000,2314.69,2315.12,2310.69,2311.95,85.97978447,2026-04-21 06:00:00+00:00
1776752100000,2311.48,2311.6,2308.68,2310.38,14.56382192,2026-04-21 06:15:00+00:00
1776753000000,2310.77,2327.47,2310.6,2320.81,122.91556803,2026-04-21 06:30:00+00:00
1776753900000,2320.81,2321.4,2317.98,2318.01,10.4493379,2026-04-21 06:45:00+00:00
1776754800000,2317.95,2318.18,2312.52,2314.73,29.23047466,2026-04-21 07:00:00+00:00
1776755700000,2315.38,2324.33,2313.73,2321.41,166.76147333,2026-04-21 07:15:00+00:00
1776756600000,2321.63,2324.4,2316.46,2322.77,70.63801701,2026-04-21 07:30:00+00:00
1776757500000,2322.76,2325.25,2319.02,2319.38,38.17457353,2026-04-21 07:45:00+00:00
1776758400000,2318.98,2322.62,2314.37,2316.82,20.52065322,2026-04-21 08:00:00+00:00
1776759300000,2316.16,2324.73,2316.16,2323.61,29.72982923,2026-04-21 08:15:00+00:00
1776760200000,2323.66,2328.86,2320.06,2327.87,76.63390004,2026-04-21 08:30:00+00:00
1776761100000,2327.03,2339.44,2322.49,2324.03,176.90290592,2026-04-21 08:45:00+00:00
1776762000000,2324.04,2325.62,2320.63,2324.96,44.09006266,2026-04-21 09:00:00+00:00
1776762900000,2325.73,2328.17,2319.3,2319.3,112.07415157,2026-04-21 09:15:00+00:00
1776763800000,2320.58,2325.91,2319.27,2324.94,44.27508227,2026-04-21 09:30:00+00:00
1776764700000,2325.68,2326.91,2323.47,2326.01,984.51765064,2026-04-21 09:45:00+00:00
1776765600000,2326.47,2331.67,2326.46,2328.77,502.37074749,2026-04-21 10:00:00+00:00
1776766500000,2328.6,2331.63,2326.24,2328.98,75.70391287,2026-04-21 10:15:00+00:00
1776767400000,2328.78,2334.22,2328.73,2333.9,58.25799006,2026-04-21 10:30:00+00:00
1776768300000,2334.41,2337.96,2332.14,2332.14,107.2020852,2026-04-21 10:45:00+00:00
1776769200000,2332.1,2332.1,2317.05,2318.81,221.70182751,2026-04-21 11:00:00+00:00
1776770100000,2318.81,2329.73,2317.61,2327.66,83.11523565,2026-04-21 11:15:00+00:00
1776771000000,2327.54,2329.06,2322.87,2323.32,140.20828143,2026-04-21 11:30:00+00:00
1776771900000,2322.63,2323.4,2319.86,2322.0,43.26280901,2026-04-21 11:45:00+00:00
1776772800000,2321.08,2324.72,2316.64,2317.23,270.02715189,2026-04-21 12:00:00+00:00
1776773700000,2317.12,2318.82,2315.53,2318.61,112.90665513,2026-04-21 12:15:00+00:00
1776774600000,2318.65,2321.44,2295.0,2298.34,571.63119781,2026-04-21 12:30:00+00:00
1776775500000,2298.51,2311.7,2294.61,2309.89,297.53080823,2026-04-21 12:45:00+00:00
1776776400000,2308.89,2310.01,2304.47,2306.01,21.98390172,2026-04-21 13:00:00+00:00
1776777300000,2305.99,2311.33,2305.33,2308.66,176.55342905,2026-04-21 13:15:00+00:00
1776778200000,2308.65,2317.53,2301.6,2312.48,94.5198082,2026-04-21 13:30:00+00:00
1776779100000,2311.5,2315.46,2308.31,2312.61,74.44419664,2026-04-21 13:45:00+00:00
1776780000000,2313.69,2315.02,2305.36,2308.05,45.90372848,2026-04-21 14:00:00+00:00
1776780900000,2306.84,2323.3,2306.84,2314.81,147.28769913,2026-04-21 14:15:00+00:00
1776781800000,2314.8,2328.27,2314.8,2323.24,149.60659604,2026-04-21 14:30:00+00:00
1776782700000,2322.59,2323.06,2296.44,2300.17,182.15151026,2026-04-21 14:45:00+00:00
1776783600000,2300.15,2307.64,2291.4,2306.15,445.44628803,2026-04-21 15:00:00+00:00
1776784500000,2306.15,2310.75,2297.98,2302.49,317.54577385,2026-04-21 15:15:00+00:00
1776785400000,2302.62,2308.28,2295.68,2304.41,89.83114825,2026-04-21 15:30:00+00:00
1776786300000,2304.62,2311.05,2303.7,2310.85,99.46922242,2026-04-21 15:45:00+00:00
1776787200000,2310.85,2317.49,2308.8,2316.2,551.90492764,2026-04-21 16:00:00+00:00
1776788100000,2316.37,2318.0,2310.48,2313.01,53.89603286,2026-04-21 16:15:00+00:00
1776789000000,2313.06,2325.69,2312.4,2313.78,136.11521719,2026-04-21 16:30:00+00:00
1776789900000,2313.78,2317.24,2307.25,2308.61,61.27442644,2026-04-21 16:45:00+00:00
1776790800000,2307.64,2309.47,2296.31,2300.77,450.56936561,2026-04-21 17:00:00+00:00
1776791700000,2301.41,2301.41,2285.23,2296.51,1463.57485652,2026-04-21 17:15:00+00:00
1776792600000,2296.21,2319.57,2294.35,2315.53,928.95256016,2026-04-21 17:30:00+00:00
1776793500000,2314.99,2315.71,2304.21,2306.72,440.13085665,2026-04-21 17:45:00+00:00
1776794400000,2306.67,2309.12,2302.09,2306.28,74.99123673,2026-04-21 18:00:00+00:00
1776795300000,2306.51,2309.99,2301.74,2306.0,319.38709507,2026-04-21 18:15:00+00:00
1776796200000,2305.99,2311.22,2305.11,2306.45,59.44968787,2026-04-21 18:30:00+00:00
1776797100000,2306.35,2314.17,2301.33,2313.43,561.70703862,2026-04-21 18:45:00+00:00
1776798000000,2313.22,2322.83,2313.22,2316.2,958.02043371,2026-04-21 19:00:00+00:00
1776798900000,2316.2,2331.29,2313.73,2325.11,454.78477747,2026-04-21 19:15:00+00:00
1776799800000,2325.34,2325.46,2287.92,2289.93,3210.12447385,2026-04-21 19:30:00+00:00
1776800700000,2288.8,2300.55,2288.8,2298.75,147.78867946,2026-04-21 19:45:00+00:00
1776801600000,2298.76,2322.45,2296.65,2320.23,1170.2613202,2026-04-21 20:00:00+00:00
1776802500000,2319.55,2325.6,2316.5,2318.49,1563.88820572,2026-04-21 20:15:00+00:00
1776803400000,2318.7,2325.75,2316.27,2316.71,199.83908209,2026-04-21 20:30:00+00:00
1776804300000,2317.02,2321.04,2311.61,2316.42,53.80968133,2026-04-21 20:45:00+00:00
1776805200000,2315.5,2318.62,2310.33,2313.9,70.1692105,2026-04-21 21:00:00+00:00
1776806100000,2314.67,2317.6,2312.23,2313.01,12.15806398,2026-04-21 21:15:00+00:00
1776807000000,2313.68,2315.84,2310.68,2310.68,49.05983631,2026-04-21 21:30:00+00:00
1776807900000,2310.44,2314.72,2310.44,2313.1,13.7927736,2026-04-21 21:45:00+00:00
1776808800000,2312.65,2317.14,2310.49,2317.08,94.59104072,2026-04-21 22:00:00+00:00
1776809700000,2316.49,2316.5,2305.14,2307.61,97.16092651,2026-04-21 22:15:00+00:00
1776810600000,2307.96,2312.8,2302.45,2312.52,186.95833071,2026-04-21 22:30:00+00:00
1776811500000,2311.85,2312.65,2308.43,2312.31,8.73655431,2026-04-21 22:45:00+00:00
1776812400000,2311.87,2322.19,2311.87,2318.79,32.02165641,2026-04-21 23:00:00+00:00
1776813300000,2318.76,2320.94,2315.9,2316.97,46.96371167,2026-04-21 23:15:00+00:00
1776814200000,2316.71,2326.2,2316.53,2323.8,117.67006245,2026-04-21 23:30:00+00:00
1776815100000,2326.22,2330.0,2325.73,2328.11,74.44716768,2026-04-21 23:45:00+00:00
1776816000000,2327.76,2330.61,2325.35,2328.56,331.20541318,2026-04-22 00:00:00+00:00
1776816900000,2328.01,2329.65,2323.39,2325.16,87.55310936,2026-04-22 00:15:00+00:00
1776817800000,2325.16,2328.63,2322.93,2327.18,68.8260268,2026-04-22 00:30:00+00:00
1776818700000,2327.5,2328.12,2322.98,2326.08,130.64508666,2026-04-22 00:45:00+00:00
1776819600000,2325.84,2329.23,2323.43,2327.84,41.71013541,2026-04-22 01:00:00+00:00
1776820500000,2327.75,2327.75,2314.58,2314.87,57.71322539,2026-04-22 01:15:00+00:00
1776821400000,2314.53,2322.15,2313.75,2319.93,100.0693687,2026-04-22 01:30:00+00:00
1776822300000,2319.97,2325.64,2318.06,2322.84,96.97143906,2026-04-22 01:45:00+00:00
1776823200000,2322.84,2341.55,2320.51,2335.77,250.57548111,2026-04-22 02:00:00+00:00
1776824100000,2335.78,2357.59,2335.78,2355.31,676.67280158,2026-04-22 02:15:00+00:00
1776825000000,2355.58,2366.0,2350.07,2364.26,697.38078194,2026-04-22 02:30:00+00:00
1776825900000,2364.55,2375.37,2358.29,2370.75,374.37932264,2026-04-22 02:45:00+00:00
1776826800000,2370.75,2379.62,2367.56,2371.25,618.95175353,2026-04-22 03:00:00+00:00
1776827700000,2371.18,2371.29,2363.11,2365.54,291.83009564,2026-04-22 03:15:00+00:00
1776828600000,2365.43,2365.94,2358.72,2364.57,158.10649157,2026-04-22 03:30:00+00:00
1776829500000,2364.51,2366.89,2361.49,2364.36,59.998275,2026-04-22 03:45:00+00:00
1776830400000,2364.36,2367.91,2363.26,2363.26,119.87727139,2026-04-22 04:00:00+00:00
1776831300000,2363.0,2363.66,2358.6,2362.23,190.4118064,2026-04-22 04:15:00+00:00
1776832200000,2362.39,2369.0,2360.01,2365.41,57.0556461,2026-04-22 04:30:00+00:00
1776833100000,2365.24,2365.24,2361.62,2363.76,45.95428652,2026-04-22 04:45:00+00:00
1776834000000,2363.77,2368.38,2361.91,2366.82,55.03187292,2026-04-22 05:00:00+00:00
1776834900000,2367.08,2395.89,2366.67,2388.01,1175.84655545,2026-04-22 05:15:00+00:00
1776835800000,2388.01,2403.37,2388.01,2397.11,982.70393984,2026-04-22 05:30:00+00:00
1776836700000,2397.23,2414.99,2394.76,2396.99,755.55816749,2026-04-22 05:45:00+00:00
1776837600000,2396.54,2396.66,2390.52,2392.18,274.68755436,2026-04-22 06:00:00+00:00
1776838500000,2392.05,2394.18,2389.51,2392.03,45.90675049,2026-04-22 06:15:00+00:00
1776839400000,2393.11,2394.35,2390.47,2391.55,71.6742141,2026-04-22 06:30:00+00:00
1776840300000,2390.96,2393.08,2390.3,2392.79,61.43381539,2026-04-22 06:45:00+00:00
1776841200000,2392.8,2397.91,2391.73,2397.15,60.77476437,2026-04-22 07:00:00+00:00
1776842100000,2396.1,2396.33,2383.18,2386.75,1478.2276819,2026-04-22 07:15:00+00:00
1776843000000,2387.21,2394.39,2386.18,2393.49,83.24010259,2026-04-22 07:30:00+00:00
1776843900000,2393.92,2394.38,2388.85,2390.01,101.78805475,2026-04-22 07:45:00+00:00
1776844800000,2390.15,2393.9,2389.12,2390.65,35.86838692,2026-04-22 08:00:00+00:00
1776845700000,2391.0,2392.43,2386.0,2386.41,90.16441392,2026-04-22 08:15:00+00:00
1776846600000,2386.1,2387.82,2384.18,2384.18,272.19383137,2026-04-22 08:30:00+00:00
1776847500000,2384.19,2390.0,2383.24,2388.93,96.1729482,2026-04-22 08:45:00+00:00
1776848400000,2388.18,2394.03,2386.82,2392.38,171.88898147,2026-04-22 09:00:00+00:00
1776849300000,2392.21,2394.37,2389.3,2394.08,41.23055416,2026-04-22 09:15:00+00:00
1776850200000,2393.83,2394.04,2390.0,2392.51,44.29706865,2026-04-22 09:30:00+00:00
1776851100000,2392.51,2392.51,2384.9,2388.22,39.37336182,2026-04-22 09:45:00+00:00
1776852000000,2387.97,2390.66,2385.41,2390.42,58.30176203,2026-04-22 10:00:00+00:00
1776852900000,2390.91,2392.15,2388.1,2391.83,39.97285364,2026-04-22 10:15:00+00:00
1776853800000,2391.46,2394.07,2390.08,2390.7,32.83702699,2026-04-22 10:30:00+00:00
1776854700000,2390.56,2391.76,2389.25,2390.52,16.41645229,2026-04-22 10:45:00+00:00
1776855600000,2390.52,2393.48,2386.66,2390.14,38.85479744,2026-04-22 11:00:00+00:00
1776856500000,2390.13,2393.3,2390.13,2392.26,20.10112326,2026-04-22 11:15:00+00:00
1776857400000,2392.97,2397.55,2389.64,2393.55,130.6109606,2026-04-22 11:30:00+00:00
1776858300000,2393.39,2401.14,2393.18,2399.88,198.4070742,2026-04-22 11:45:00+00:00
1776859200000,2399.37,2404.94,2396.99,2403.34,103.9542354,2026-04-22 12:00:00+00:00
1776860100000,2403.14,2406.34,2397.33,2399.33,182.55855213,2026-04-22 12:15:00+00:00
1776861000000,2397.89,2403.29,2397.21,2401.13,149.32384294,2026-04-22 12:30:00+00:00
1776861900000,2402.0,2407.66,2401.94,2406.5,82.59843682,2026-04-22 12:45:00+00:00
1776862800000,2406.12,2414.49,2402.91,2409.77,205.67288097,2026-04-22 13:00:00+00:00
1776863700000,2409.99,2416.61,2407.35,2410.01,259.76146303,2026-04-22 13:15:00+00:00
1776864600000,2410.44,2418.78,2401.97,2414.99,424.04619538,2026-04-22 13:30:00+00:00
1776865500000,2414.61,2423.75,2410.64,2417.76,226.95457513,2026-04-22 13:45:00+00:00
1776866400000,2418.36,2424.0,2412.81,2424.0,318.47129941,2026-04-22 14:00:00+00:00
1776867300000,2423.9,2424.05,2410.7,2412.06,207.16425417,2026-04-22 14:15:00+00:00
1776868200000,2412.06,2413.32,2391.76,2395.89,667.56849983,2026-04-22 14:30:00+00:00
1776869100000,2396.04,2406.92,2395.89,2404.1,525.81882458,2026-04-22 14:45:00+00:00
1776870000000,2403.49,2404.64,2395.89,2398.87,1209.4445253,2026-04-22 15:00:00+00:00
1776870900000,2399.03,2401.37,2392.3,2400.17,491.7614753,2026-04-22 15:15:00+00:00
1776871800000,2399.59,2412.96,2396.24,2412.95,757.99584875,2026-04-22 15:30:00+00:00
1776872700000,2412.3,2414.0,2403.62,2404.55,455.63838788,2026-04-22 15:45:00+00:00
1776873600000,2404.78,2414.0,2400.77,2405.59,4449.19971307,2026-04-22 16:00:00+00:00
1776874500000,2405.59,2405.59,2393.9,2394.68,206.92106143,2026-04-22 16:15:00+00:00
1776875400000,2394.48,2396.14,2384.55,2390.7,1531.5494874,2026-04-22 16:30:00+00:00
1776876300000,2389.5,2392.42,2384.47,2386.08,202.80691814,2026-04-22 16:45:00+00:00
1776877200000,2386.38,2397.0,2386.37,2393.74,46.85251866,2026-04-22 17:00:00+00:00
1776878100000,2393.75,2395.54,2387.94,2392.66,109.38293925,2026-04-22 17:15:00+00:00
1776879000000,2392.79,2400.0,2391.95,2398.34,140.68807366,2026-04-22 17:30:00+00:00
1776879900000,2398.34,2403.91,2392.53,2399.42,268.26873713,2026-04-22 17:45:00+00:00
1776880800000,2399.74,2404.96,2398.66,2402.41,83.94727342,2026-04-22 18:00:00+00:00
1776881700000,2402.39,2402.92,2397.77,2398.91,160.37273468,2026-04-22 18:15:00+00:00
1776882600000,2398.56,2404.54,2395.43,2398.86,252.76528144,2026-04-22 18:30:00+00:00
1776883500000,2398.56,2404.95,2397.59,2397.59,114.99619667,2026-04-22 18:45:00+00:00
1776884400000,2397.6,2397.6,2389.53,2395.23,161.83575471,2026-04-22 19:00:00+00:00
1776885300000,2395.23,2407.95,2394.31,2405.49,315.05575054,2026-04-22 19:15:00+00:00
1776886200000,2405.17,2405.99,2392.73,2396.12,236.48318506,2026-04-22 19:30:00+00:00
1776887100000,2396.09,2400.7,2394.2,2398.33,127.43429556,2026-04-22 19:45:00+00:00
1776888000000,2398.17,2402.96,2397.53,2400.35,535.47146619,2026-04-22 20:00:00+00:00
1776888900000,2400.21,2400.39,2392.06,2398.26,142.09583908,2026-04-22 20:15:00+00:00
1776889800000,2398.61,2400.0,2393.97,2394.11,232.07428553,2026-04-22 20:30:00+00:00
1776890700000,2393.68,2396.0,2391.23,2392.17,120.95257814,2026-04-22 20:45:00+00:00
1776891600000,2392.18,2396.82,2392.17,2394.59,38.23865466,2026-04-22 21:00:00+00:00
1776892500000,2394.52,2398.67,2394.0,2397.53,107.38145372,2026-04-22 21:15:00+00:00
1776893400000,2397.55,2407.15,2397.55,2407.1,1250.88538045,2026-04-22 21:30:00+00:00
1776894300000,2406.7,2406.71,2401.79,2403.1,95.73639902,2026-04-22 21:45:00+00:00
1776895200000,2403.11,2406.31,2400.27,2403.04,18.74675895,2026-04-22 22:00:00+00:00
1776896100000,2403.04,2403.31,2396.54,2397.94,34.37238289,2026-04-22 22:15:00+00:00
1776897000000,2397.66,2399.84,2394.86,2396.65,18.47244742,2026-04-22 22:30:00+00:00
1776897900000,2396.08,2401.65,2394.85,2401.14,39.29174362,2026-04-22 22:45:00+00:00
1776898800000,2400.95,2401.35,2393.83,2398.45,76.18944684,2026-04-22 23:00:00+00:00
1776899700000,2398.27,2398.69,2381.04,2386.87,155.64510349,2026-04-22 23:15:00+00:00
1776900600000,2386.87,2386.87,2376.37,2378.38,163.68357848,2026-04-22 23:30:00+00:00
1776901500000,2377.77,2381.36,2374.38,2374.95,172.90909926,2026-04-22 23:45:00+00:00
1776902400000,2374.96,2379.15,2360.9,2360.93,442.58594481,2026-04-23 00:00:00+00:00
1776903300000,2361.02,2375.99,2344.0,2374.13,1546.63445354,2026-04-23 00:15:00+00:00
1776904200000,2374.04,2382.24,2368.79,2374.27,178.56076595,2026-04-23 00:30:00+00:00
1776905100000,2374.25,2376.57,2368.78,2373.48,27.71575672,2026-04-23 00:45:00+00:00
1776906000000,2373.55,2373.55,2364.95,2368.32,73.27426252,2026-04-23 01:00:00+00:00
1776906900000,2368.09,2369.99,2361.82,2363.59,72.84138941,2026-04-23 01:15:00+00:00
1776907800000,2363.85,2369.99,2361.81,2367.35,34.37446327,2026-04-23 01:30:00+00:00
1776908700000,2367.34,2370.0,2365.35,2367.38,135.57870688,2026-04-23 01:45:00+00:00
1776909600000,2367.38,2367.77,2361.63,2361.63,28.7923207,2026-04-23 02:00:00+00:00
1776910500000,2361.62,2365.08,2348.42,2355.99,267.51468046,2026-04-23 02:15:00+00:00
1776911400000,2355.99,2358.77,2345.03,2349.49,207.54600608,2026-04-23 02:30:00+00:00
1776912300000,2350.21,2355.14,2347.19,2352.48,36.712664,2026-04-23 02:45:00+00:00
1776913200000,2352.48,2353.85,2342.4,2342.4,98.33555593,2026-04-23 03:00:00+00:00
1776914100000,2342.4,2344.64,2338.0,2339.92,110.35840897,2026-04-23 03:15:00+00:00
1776915000000,2339.35,2341.31,2333.13,2338.52,487.87309767,2026-04-23 03:30:00+00:00
1776915900000,2338.53,2342.82,2335.69,2342.61,80.686592,2026-04-23 03:45:00+00:00
1776916800000,2341.01,2344.78,2337.86,2344.08,110.3904068,2026-04-23 04:00:00+00:00
1776917700000,2344.18,2345.56,2341.69,2344.0,83.05966229,2026-04-23 04:15:00+00:00
1776918600000,2343.99,2348.72,2343.99,2346.68,119.9278854,2026-04-23 04:30:00+00:00
1776919500000,2346.63,2349.51,2345.6,2348.38,36.85785731,2026-04-23 04:45:00+00:00
1776920400000,2348.37,2353.0,2348.37,2352.13,92.81355686,2026-04-23 05:00:00+00:00
1776921300000,2352.13,2352.13,2347.0,2347.4,135.96564495,2026-04-23 05:15:00+00:00
1776922200000,2347.37,2347.53,2341.5,2345.56,420.7492831,2026-04-23 05:30:00+00:00
1776923100000,2345.55,2352.57,2345.55,2349.06,88.80623215,2026-04-23 05:45:00+00:00
1776924000000,2349.32,2357.0,2349.32,2352.22,39.76314604,2026-04-23 06:00:00+00:00
1776924900000,2352.0,2359.0,2351.38,2357.54,176.26370466,2026-04-23 06:15:00+00:00
1776925800000,2357.2,2358.99,2353.67,2354.1,55.78340993,2026-04-23 06:30:00+00:00
1776926700000,2354.1,2356.3,2350.0,2355.12,22.49945697,2026-04-23 06:45:00+00:00
1776927600000,2355.28,2357.58,2353.56,2354.43,32.60992905,2026-04-23 07:00:00+00:00
1776928500000,2354.68,2354.68,2350.0,2351.88,73.16510612,2026-04-23 07:15:00+00:00
1776929400000,2351.87,2353.2,2348.8,2352.39,26.37649556,2026-04-23 07:30:00+00:00
1776930300000,2352.39,2354.1,2342.16,2344.88,121.11293195,2026-04-23 07:45:00+00:00
1776931200000,2344.88,2345.08,2339.39,2343.9,74.44071787,2026-04-23 08:00:00+00:00
1776932100000,2343.9,2345.1,2338.31,2339.73,66.93588962,2026-04-23 08:15:00+00:00
1776933000000,2339.75,2339.81,2336.11,2336.49,84.84125838,2026-04-23 08:30:00+00:00
1776933900000,2336.73,2341.46,2336.52,2340.66,16.63849066,2026-04-23 08:45:00+00:00
1776934800000,2340.41,2341.22,2314.52,2322.64,885.44080248,2026-04-23 09:00:00+00:00
1776935700000,2322.91,2328.49,2320.19,2322.25,140.71643388,2026-04-23 09:15:00+00:00
1776936600000,2322.42,2327.69,2322.3,2326.01,142.41650563,2026-04-23 09:30:00+00:00
1776937500000,2326.01,2326.55,2315.0,2317.37,110.53439523,2026-04-23 09:45:00+00:00
1776938400000,2317.38,2320.45,2306.73,2308.95,1896.52140012,2026-04-23 10:00:00+00:00
1776939300000,2308.93,2314.78,2308.93,2314.31,119.14091101,2026-04-23 10:15:00+00:00
1776940200000,2314.18,2315.61,2312.25,2313.27,28.17931629,2026-04-23 10:30:00+00:00
1776941100000,2313.3,2316.77,2312.57,2314.57,37.45180184,2026-04-23 10:45:00+00:00
1776942000000,2314.9,2318.94,2314.88,2318.54,56.48035141,2026-04-23 11:00:00+00:00
1776942900000,2317.7,2322.17,2317.33,2320.64,24.52791186,2026-04-23 11:15:00+00:00
1776943800000,2320.9,2326.91,2317.7,2326.61,145.90953094,2026-04-23 11:30:00+00:00
1776944700000,2326.64,2332.6,2326.08,2330.22,167.48392104,2026-04-23 11:45:00+00:00
1776945600000,2330.23,2336.03,2329.13,2333.38,127.82806281,2026-04-23 12:00:00+00:00
1776946500000,2333.12,2333.45,2327.0,2331.09,180.49724486,2026-04-23 12:15:00+00:00
1776947400000,2331.43,2333.22,2329.32,2330.83,149.55441244,2026-04-23 12:30:00+00:00
1776948300000,2330.31,2331.91,2322.5,2329.08,291.02942137,2026-04-23 12:45:00+00:00
1776949200000,2329.79,2333.29,2324.85,2326.11,72.55631603,2026-04-23 13:00:00+00:00
1776950100000,2325.16,2326.92,2321.31,2323.84,84.87022609,2026-04-23 13:15:00+00:00
1776951000000,2323.87,2327.24,2320.95,2321.46,149.93670732,2026-04-23 13:30:00+00:00
1776951900000,2321.46,2324.29,2315.78,2320.43,161.67215444,2026-04-23 13:45:00+00:00
1776952800000,2320.18,2324.83,2317.0,2320.48,51.23247348,2026-04-23 14:00:00+00:00
1776953700000,2320.48,2335.53,2319.17,2327.57,132.07408526,2026-04-23 14:15:00+00:00
1776954600000,2327.77,2332.98,2326.79,2331.89,79.31292233,2026-04-23 14:30:00+00:00
1776955500000,2332.19,2335.8,2329.51,2335.28,140.28355259,2026-04-23 14:45:00+00:00
1776956400000,2335.29,2335.81,2325.03,2330.61,65.06344702,2026-04-23 15:00:00+00:00
1776957300000,2330.44,2343.81,2329.11,2333.23,261.86497276,2026-04-23 15:15:00+00:00
1776958200000,2333.24,2340.98,2329.97,2337.3,175.62362051,2026-04-23 15:30:00+00:00
1776959100000,2337.24,2337.24,2329.32,2334.06,111.25436028,2026-04-23 15:45:00+00:00
1776960000000,2334.24,2334.89,2329.6,2331.43,49.07565643,2026-04-23 16:00:00+00:00
1776960900000,2331.27,2335.88,2329.38,2331.01,52.13752148,2026-04-23 16:15:00+00:00
1776961800000,2331.0,2334.7,2330.0,2332.46,48.22551053,2026-04-23 16:30:00+00:00
1776962700000,2331.99,2333.08,2324.99,2326.82,107.76351401,2026-04-23 16:45:00+00:00
1776963600000,2327.01,2330.35,2311.48,2318.85,1426.68027844,2026-04-23 17:00:00+00:00
1776964500000,2319.3,2319.3,2306.78,2310.01,569.08053586,2026-04-23 17:15:00+00:00
1776965400000,2310.33,2312.75,2290.5,2295.08,2828.14165448,2026-04-23 17:30:00+00:00
1776966300000,2295.48,2313.4,2286.81,2311.05,360.33734242,2026-04-23 17:45:00+00:00
1776967200000,2311.05,2320.29,2309.61,2315.49,429.68696649,2026-04-23 18:00:00+00:00
1776968100000,2314.7,2317.85,2309.52,2311.27,283.03537018,2026-04-23 18:15:00+00:00
1776969000000,2311.16,2316.99,2311.16,2315.45,53.43276453,2026-04-23 18:30:00+00:00
1776969900000,2315.01,2315.01,2305.61,2306.14,63.93625342,2026-04-23 18:45:00+00:00
1776970800000,2306.11,2310.58,2301.6,2309.53,111.02245281,2026-04-23 19:00:00+00:00
1776971700000,2309.55,2314.94,2309.55,2314.28,33.94540596,2026-04-23 19:15:00+00:00
1776972600000,2314.2,2314.99,2308.79,2311.45,52.01741969,2026-04-23 19:30:00+00:00
1776973500000,2311.45,2319.0,2311.25,2313.63,151.52904987,2026-04-23 19:45:00+00:00
1776974400000,2313.72,2325.64,2313.72,2321.82,290.87976559,2026-04-23 20:00:00+00:00
1776975300000,2321.82,2323.24,2319.0,2319.38,188.17652596,2026-04-23 20:15:00+00:00
1776976200000,2319.38,2329.58,2319.01,2328.15,208.58969079,2026-04-23 20:30:00+00:00
1776977100000,2328.65,2329.31,2322.65,2325.68,200.04103626,2026-04-23 20:45:00+00:00
1776978000000,2325.56,2326.58,2321.9,2321.91,186.66837051,2026-04-23 21:00:00+00:00
1776978900000,2321.91,2324.17,2321.33,2324.17,96.1751357,2026-04-23 21:15:00+00:00
1776979800000,2325.0,2329.6,2325.0,2329.08,82.90412049,2026-04-23 21:30:00+00:00
1776980700000,2328.75,2329.04,2322.8,2322.8,109.55350758,2026-04-23 21:45:00+00:00
1776981600000,2322.19,2332.46,2322.19,2330.89,110.2164241,2026-04-23 22:00:00+00:00
1776982500000,2331.14,2339.04,2329.33,2331.46,108.44424318,2026-04-23 22:15:00+00:00
1776983400000,2331.44,2336.59,2331.44,2336.59,42.07646253,2026-04-23 22:30:00+00:00
1776984300000,2336.6,2337.94,2331.57,2332.6,193.21434865,2026-04-23 22:45:00+00:00
1776985200000,2332.75,2333.62,2327.68,2328.1,138.08225244,2026-04-23 23:00:00+00:00
1776986100000,2328.09,2329.98,2325.09,2327.44,49.78474132,2026-04-23 23:15:00+00:00
1776987000000,2327.78,2332.0,2327.45,2331.88,21.3803031,2026-04-23 23:30:00+00:00
1776987900000,2331.88,2333.45,2330.81,2330.81,41.92327187,2026-04-23 23:45:00+00:00
1776988800000,2331.06,2333.31,2327.44,2332.37,111.53765435,2026-04-24 00:00:00+00:00
1776989700000,2332.44,2337.88,2330.91,2334.54,222.07299592,2026-04-24 00:15:00+00:00
1776990600000,2334.43,2336.75,2333.0,2333.0,235.81511695,2026-04-24 00:30:00+00:00
1776991500000,2332.86,2336.35,2330.92,2333.01,80.8459912,2026-04-24 00:45:00+00:00
1776992400000,2333.29,2333.29,2325.0,2326.23,79.69921464,2026-04-24 01:00:00+00:00
1776993300000,2326.27,2326.27,2321.71,2321.9,56.84009128,2026-04-24 01:15:00+00:00
1776994200000,2322.13,2326.49,2319.61,2321.8,52.3012646,2026-04-24 01:30:00+00:00
1776995100000,2322.07,2334.1,2321.68,2333.27,28.67975982,2026-04-24 01:45:00+00:00
1776996000000,2333.25,2335.4,2327.97,2329.75,79.2270543,2026-04-24 02:00:00+00:00
1776996900000,2329.6,2329.99,2325.01,2325.37,50.96161371,2026-04-24 02:15:00+00:00
1776997800000,2325.37,2330.0,2325.37,2329.58,64.99440249,2026-04-24 02:30:00+00:00
1776998700000,2329.94,2330.84,2315.64,2320.62,173.45257762,2026-04-24 02:45:00+00:00
1776999600000,2320.55,2321.82,2317.76,2320.76,109.99146063,2026-04-24 03:00:00+00:00
1777000500000,2319.95,2320.15,2310.0,2311.55,1311.71528471,2026-04-24 03:15:00+00:00
1777001400000,2311.54,2311.54,2302.05,2306.25,242.60049697,2026-04-24 03:30:00+00:00
1777002300000,2305.85,2309.47,2305.84,2308.94,29.79330116,2026-04-24 03:45:00+00:00
1777003200000,2308.95,2311.1,2307.22,2309.91,48.47873575,2026-04-24 04:00:00+00:00
1777004100000,2309.9,2311.99,2305.11,2305.71,98.88640083,2026-04-24 04:15:00+00:00
1777005000000,2305.72,2307.38,2301.5,2304.89,96.15943007,2026-04-24 04:30:00+00:00
1777005900000,2305.63,2309.44,2305.21,2306.98,33.69807174,2026-04-24 04:45:00+00:00
1777006800000,2306.99,2307.13,2303.33,2303.9,50.21065975,2026-04-24 05:00:00+00:00
1777007700000,2303.59,2305.6,2300.5,2305.6,46.29678078,2026-04-24 05:15:00+00:00
1777008600000,2305.6,2311.02,2305.6,2309.94,116.2249557,2026-04-24 05:30:00+00:00
1777009500000,2310.41,2317.18,2310.22,2315.5,64.96172776,2026-04-24 05:45:00+00:00
1777010400000,2315.69,2316.12,2313.18,2315.21,47.85806345,2026-04-24 06:00:00+00:00
1777011300000,2315.8,2317.17,2313.45,2314.2,85.04217212,2026-04-24 06:15:00+00:00
1777012200000,2313.79,2314.29,2309.74,2310.3,108.83662405,2026-04-24 06:30:00+00:00
1777013100000,2310.3,2313.32,2309.14,2309.48,38.90126474,2026-04-24 06:45:00+00:00
1777014000000,2309.48,2317.07,2309.46,2314.64,42.3902715,2026-04-24 07:00:00+00:00
1777014900000,2314.02,2315.29,2311.62,2314.44,71.0180364,2026-04-24 07:15:00+00:00
1777015800000,2314.82,2315.71,2312.22,2313.48,54.56625831,2026-04-24 07:30:00+00:00
1777016700000,2313.74,2315.59,2309.17,2310.12,85.61229208,2026-04-24 07:45:00+00:00
1777017600000,2312.11,2313.24,2307.76,2310.96,403.97079951,2026-04-24 08:00:00+00:00
1777018500000,2311.5,2323.3,2311.5,2316.91,111.66504506,2026-04-24 08:15:00+00:00
1777019400000,2316.51,2316.52,2312.95,2313.89,54.0330273,2026-04-24 08:30:00+00:00
1777020300000,2313.82,2318.46,2313.81,2315.72,51.91531498,2026-04-24 08:45:00+00:00
1777021200000,2315.55,2315.55,2304.19,2308.0,66.16417456,2026-04-24 09:00:00+00:00
1777022100000,2308.0,2310.88,2306.92,2308.67,77.94781257,2026-04-24 09:15:00+00:00
1777023000000,2308.66,2312.07,2308.27,2311.52,40.65845033,2026-04-24 09:30:00+00:00
1777023900000,2311.52,2311.53,2307.77,2309.99,227.0628255,2026-04-24 09:45:00+00:00
1777024800000,2309.99,2310.0,2306.1,2309.19,62.35784812,2026-04-24 10:00:00+00:00
1777025700000,2309.12,2316.62,2309.11,2314.49,13.87644594,2026-04-24 10:15:00+00:00
1777026600000,2314.21,2317.3,2313.61,2314.32,37.30124581,2026-04-24 10:30:00+00:00
1777027500000,2314.31,2319.61,2312.97,2316.68,115.19131547,2026-04-24 10:45:00+00:00
1777028400000,2316.42,2331.16,2316.41,2329.46,180.9525102,2026-04-24 11:00:00+00:00
1777029300000,2329.04,2332.12,2325.73,2332.12,201.33934303,2026-04-24 11:15:00+00:00
1777030200000,2331.88,2332.93,2328.53,2331.62,121.45550066,2026-04-24 11:30:00+00:00
1777031100000,2331.09,2331.28,2328.0,2328.74,97.4837755,2026-04-24 11:45:00+00:00
1777032000000,2328.42,2331.99,2328.01,2331.73,55.04363563,2026-04-24 12:00:00+00:00
1777032900000,2331.54,2332.0,2326.23,2328.71,53.22269403,2026-04-24 12:15:00+00:00
1777033800000,2328.71,2328.71,2324.15,2324.76,30.03072158,2026-04-24 12:30:00+00:00
1777034700000,2324.76,2327.02,2318.87,2325.67,50.12202374,2026-04-24 12:45:00+00:00
1777035600000,2325.58,2331.56,2325.58,2328.19,49.42162397,2026-04-24 13:00:00+00:00
1777036500000,2328.37,2329.11,2323.41,2324.6,90.27277991,2026-04-24 13:15:00+00:00
1777037400000,2323.94,2326.24,2320.0,2321.47,83.24254407,2026-04-24 13:30:00+00:00
1777038300000,2321.19,2322.43,2311.54,2317.92,167.40613854,2026-04-24 13:45:00+00:00
1777039200000,2317.82,2317.82,2308.39,2312.0,1445.07290271,2026-04-24 14:00:00+00:00
1777040100000,2311.53,2316.14,2305.0,2306.36,130.79569046,2026-04-24 14:15:00+00:00
1777041000000,2307.13,2317.61,2306.2,2316.72,46.92516056,2026-04-24 14:30:00+00:00
1777041900000,2317.12,2318.88,2312.01,2314.07,198.01708365,2026-04-24 14:45:00+00:00
1777042800000,2314.08,2314.08,2302.16,2308.4,76.75396374,2026-04-24 15:00:00+00:00
1777043700000,2309.36,2315.15,2307.39,2313.34,48.17033582,2026-04-24 15:15:00+00:00
1777044600000,2313.35,2325.92,2313.34,2324.89,132.01082328,2026-04-24 15:30:00+00:00
1777045500000,2325.93,2330.0,2320.39,2324.66,180.85885638,2026-04-24 15:45:00+00:00
1777046400000,2324.31,2325.04,2317.86,2317.86,148.14616034,2026-04-24 16:00:00+00:00
1777047300000,2317.47,2317.85,2312.59,2315.58,121.22065913,2026-04-24 16:15:00+00:00
1777048200000,2316.26,2322.26,2310.73,2314.19,63.82729501,2026-04-24 16:30:00+00:00
1777049100000,2314.27,2317.5,2312.15,2317.47,39.80141693,2026-04-24 16:45:00+00:00
1777050000000,2317.05,2319.58,2313.12,2319.57,769.81702624,2026-04-24 17:00:00+00:00
1777050900000,2319.58,2319.58,2314.63,2315.65,175.68282652,2026-04-24 17:15:00+00:00
1777051800000,2315.83,2316.31,2309.09,2315.06,63.63307455,2026-04-24 17:30:00+00:00
1777052700000,2315.07,2321.89,2313.3,2320.0,232.23208948,2026-04-24 17:45:00+00:00
1777053600000,2320.0,2321.67,2315.44,2315.44,48.32594467,2026-04-24 18:00:00+00:00
1777054500000,2315.07,2317.28,2310.55,2315.17,46.76727889,2026-04-24 18:15:00+00:00
1777055400000,2315.17,2321.09,2315.16,2318.76,47.78830618,2026-04-24 18:30:00+00:00
1777056300000,2318.84,2321.06,2317.63,2320.3,110.32215438,2026-04-24 18:45:00+00:00
1777057200000,2320.47,2325.4,2320.1,2321.76,69.67275452,2026-04-24 19:00:00+00:00
1777058100000,2322.1,2324.44,2320.15,2321.42,52.151855,2026-04-24 19:15:00+00:00
1777059000000,2321.42,2323.7,2320.42,2322.1,53.67898643,2026-04-24 19:30:00+00:00
1777059900000,2322.04,2322.96,2320.43,2322.12,218.49080931,2026-04-24 19:45:00+00:00
1777060800000,2321.89,2322.31,2318.49,2320.66,148.00878287,2026-04-24 20:00:00+00:00
1777061700000,2320.55,2320.55,2316.06,2317.59,72.76566287,2026-04-24 20:15:00+00:00
1777062600000,2317.56,2326.45,2317.56,2325.01,71.43296703,2026-04-24 20:30:00+00:00
1777063500000,2325.25,2328.96,2324.96,2327.09,126.37586642,2026-04-24 20:45:00+00:00
1777064400000,2327.04,2328.27,2316.68,2316.68,410.93463634,2026-04-24 21:00:00+00:00
1777065300000,2316.68,2320.0,2315.92,2317.93,57.98178582,2026-04-24 21:15:00+00:00
1777066200000,2317.91,2319.12,2313.67,2316.04,234.57202898,2026-04-24 21:30:00+00:00
1777067100000,2316.04,2317.85,2314.9,2315.93,38.70853751,2026-04-24 21:45:00+00:00
1777068000000,2315.82,2316.48,2314.19,2315.87,106.52659076,2026-04-24 22:00:00+00:00
1777068900000,2315.87,2315.87,2313.82,2313.88,10.69354683,2026-04-24 22:15:00+00:00
1777069800000,2313.88,2313.88,2307.72,2310.78,43.19786698,2026-04-24 22:30:00+00:00
1777070700000,2310.78,2312.71,2310.78,2312.71,119.59041718,2026-04-24 22:45:00+00:00
1777071600000,2312.71,2315.31,2312.71,2315.31,34.47962816,2026-04-24 23:00:00+00:00
1777072500000,2315.31,2315.84,2313.22,2315.29,22.36359963,2026-04-24 23:15:00+00:00
1777073400000,2315.3,2316.73,2315.29,2315.64,10.83664921,2026-04-24 23:30:00+00:00
1777074300000,2315.6,2316.02,2314.62,2315.72,56.50215595,2026-04-24 23:45:00+00:00
1777075200000,2315.74,2315.89,2313.24,2313.54,26.2808589,2026-04-25 00:00:00+00:00
1777076100000,2313.57,2313.83,2312.53,2312.82,32.56601592,2026-04-25 00:15:00+00:00
1777077000000,2312.78,2315.46,2312.16,2314.17,57.74052022,2026-04-25 00:30:00+00:00
1777077900000,2314.17,2316.51,2314.17,2316.29,8.98048915,2026-04-25 00:45:00+00:00
1777078800000,2316.29,2319.0,2316.28,2318.6,25.44165802,2026-04-25 01:00:00+00:00
1777079700000,2318.61,2320.62,2318.15,2318.42,47.313907,2026-04-25 01:15:00+00:00
1777080600000,2318.52,2320.3,2317.99,2320.24,9.32434428,2026-04-25 01:30:00+00:00
1777081500000,2320.24,2321.77,2319.19,2319.2,16.25532812,2026-04-25 01:45:00+00:00
1777082400000,2319.2,2319.66,2315.24,2318.21,56.62287097,2026-04-25 02:00:00+00:00
1777083300000,2317.84,2319.1,2316.91,2318.91,11.8846541,2026-04-25 02:15:00+00:00
1777084200000,2318.95,2319.07,2317.33,2317.34,30.13997889,2026-04-25 02:30:00+00:00
1777085100000,2318.05,2318.05,2317.34,2317.34,3.70193397,2026-04-25 02:45:00+00:00
1777086000000,2318.0,2320.51,2317.94,2318.22,6.1616646,2026-04-25 03:00:00+00:00
1777086900000,2318.22,2319.11,2316.14,2316.84,14.63004303,2026-04-25 03:15:00+00:00
1777087800000,2316.84,2318.83,2316.68,2318.62,51.75443214,2026-04-25 03:30:00+00:00
1777088700000,2318.63,2319.97,2318.44,2318.77,4.30358209,2026-04-25 03:45:00+00:00
1777089600000,2318.9,2319.51,2318.42,2319.46,12.86339341,2026-04-25 04:00:00+00:00
1777090500000,2319.16,2319.48,2318.5,2318.51,4.03641313,2026-04-25 04:15:00+00:00
1777091400000,2318.5,2318.51,2316.57,2317.51,8.88636838,2026-04-25 04:30:00+00:00
1777092300000,2317.1,2317.87,2317.1,2317.38,4.14552923,2026-04-25 04:45:00+00:00
1777093200000,2317.37,2317.37,2313.86,2314.33,21.07154927,2026-04-25 05:00:00+00:00
1777094100000,2314.33,2315.5,2313.89,2315.13,3.19990541,2026-04-25 05:15:00+00:00
1777095000000,2315.12,2316.89,2315.06,2315.84,15.77100413,2026-04-25 05:30:00+00:00
1777095900000,2315.82,2316.77,2315.82,2316.77,13.28410546,2026-04-25 05:45:00+00:00
1777096800000,2317.01,2317.24,2317.0,2317.24,27.09288446,2026-04-25 06:00:00+00:00
1777097700000,2317.24,2317.24,2315.23,2315.23,6.34260685,2026-04-25 06:15:00+00:00
1777098600000,2315.23,2317.0,2315.23,2316.36,28.82429443,2026-04-25 06:30:00+00:00
1777099500000,2316.35,2317.78,2315.56,2316.52,7.9920493,2026-04-25 06:45:00+00:00
1777100400000,2316.52,2316.52,2314.98,2315.02,7.84558347,2026-04-25 07:00:00+00:00
1777101300000,2315.03,2316.0,2315.02,2315.79,3.02381428,2026-04-25 07:15:00+00:00
1777102200000,2316.0,2317.43,2315.99,2316.7,51.33930407,2026-04-25 07:30:00+00:00
1777103100000,2316.7,2319.2,2316.69,2317.34,24.21727036,2026-04-25 07:45:00+00:00
1777104000000,2317.34,2319.0,2316.49,2318.24,18.15675429,2026-04-25 08:00:00+00:00
1777104900000,2318.3,2319.4,2317.94,2319.26,35.7065035,2026-04-25 08:15:00+00:00
1777105800000,2319.26,2321.44,2319.26,2320.43,12.66411207,2026-04-25 08:30:00+00:00
1777106700000,2320.43,2320.43,2319.46,2320.19,32.56115676,2026-04-25 08:45:00+00:00
1777107600000,2320.18,2320.41,2318.91,2319.99,15.11259442,2026-04-25 09:00:00+00:00
1777108500000,2319.89,2320.63,2317.6,2317.67,21.86161852,2026-04-25 09:15:00+00:00
1777109400000,2317.85,2323.39,2317.85,2322.2,64.10948699,2026-04-25 09:30:00+00:00
1777110300000,2322.16,2323.41,2319.36,2319.66,47.6600641,2026-04-25 09:45:00+00:00
1777111200000,2319.7,2321.89,2319.28,2320.0,41.40802908,2026-04-25 10:00:00+00:00
1777112100000,2320.0,2322.42,2319.99,2321.61,20.24380645,2026-04-25 10:15:00+00:00
1777113000000,2321.61,2323.22,2321.01,2321.01,384.2704438,2026-04-25 10:30:00+00:00
1777113900000,2321.01,2321.02,2319.62,2320.78,31.83307979,2026-04-25 10:45:00+00:00
1777114800000,2320.78,2320.78,2317.57,2317.69,17.41222392,2026-04-25 11:00:00+00:00
1777115700000,2317.69,2318.4,2314.38,2315.7,40.47707342,2026-04-25 11:15:00+00:00
1777116600000,2315.69,2315.84,2313.41,2313.41,39.38291947,2026-04-25 11:30:00+00:00
1777117500000,2313.28,2314.88,2311.43,2314.28,62.59750716,2026-04-25 11:45:00+00:00
1777118400000,2314.36,2317.28,2312.99,2316.42,112.20478805,2026-04-25 12:00:00+00:00
1777119300000,2316.43,2316.96,2315.8,2316.07,15.75258978,2026-04-25 12:15:00+00:00
1777120200000,2314.61,2315.48,2312.29,2313.53,31.77536178,2026-04-25 12:30:00+00:00
1777121100000,2313.53,2315.17,2313.52,2314.35,13.54316503,2026-04-25 12:45:00+00:00
1777122000000,2314.35,2317.0,2314.35,2317.0,30.35306593,2026-04-25 13:00:00+00:00
1777122900000,2317.0,2317.89,2316.25,2317.08,50.10715113,2026-04-25 13:15:00+00:00
1777123800000,2317.09,2317.82,2316.03,2317.77,16.74950672,2026-04-25 13:30:00+00:00
1777124700000,2317.86,2318.0,2317.01,2317.07,4.89808095,2026-04-25 13:45:00+00:00
1777125600000,2317.07,2319.0,2315.7,2317.49,36.08692232,2026-04-25 14:00:00+00:00
1777126500000,2318.54,2318.76,2316.0,2318.01,19.88227143,2026-04-25 14:15:00+00:00
1777127400000,2318.51,2318.54,2317.17,2317.75,4.71484923,2026-04-25 14:30:00+00:00
1777128300000,2317.75,2318.81,2316.49,2316.62,16.28822885,2026-04-25 14:45:00+00:00
1777129200000,2316.58,2317.46,2315.85,2316.78,6.13169722,2026-04-25 15:00:00+00:00
1777130100000,2316.98,2318.57,2316.78,2318.42,19.56349321,2026-04-25 15:15:00+00:00
1777131000000,2318.49,2318.96,2317.4,2317.4,17.53416451,2026-04-25 15:30:00+00:00
1777131900000,2317.4,2317.41,2298.25,2308.86,1411.36330422,2026-04-25 15:45:00+00:00
1777132800000,2308.87,2310.73,2306.1,2310.57,770.6381328,2026-04-25 16:00:00+00:00
1777133700000,2310.56,2311.34,2306.69,2308.73,53.41980258,2026-04-25 16:15:00+00:00
1777134600000,2308.73,2309.07,2301.51,2309.07,299.79675656,2026-04-25 16:30:00+00:00
1777135500000,2309.06,2310.5,2309.06,2309.41,16.32391266,2026-04-25 16:45:00+00:00
1777136400000,2309.42,2309.42,2308.44,2308.84,7.17793654,2026-04-25 17:00:00+00:00
1777137300000,2308.83,2314.04,2308.01,2309.66,120.94732802,2026-04-25 17:15:00+00:00
1777138200000,2309.67,2312.65,2308.33,2311.6,22.37219984,2026-04-25 17:30:00+00:00
1777139100000,2311.53,2311.75,2309.39,2309.84,56.13520449,2026-04-25 17:45:00+00:00
1777140000000,2309.5,2312.49,2309.24,2311.02,42.58273991,2026-04-25 18:00:00+00:00
1777140900000,2310.94,2312.53,2309.76,2312.53,99.17153832,2026-04-25 18:15:00+00:00
1777141800000,2312.47,2314.49,2312.17,2312.25,114.91400211,2026-04-25 18:30:00+00:00
1777142700000,2312.24,2313.92,2311.69,2312.42,36.79672496,2026-04-25 18:45:00+00:00
1777143600000,2312.08,2312.08,2310.54,2312.0,28.26315357,2026-04-25 19:00:00+00:00
1777144500000,2312.0,2312.89,2310.0,2310.01,55.88888141,2026-04-25 19:15:00+00:00
1777145400000,2310.01,2310.28,2307.75,2307.75,176.08757279,2026-04-25 19:30:00+00:00
1777146300000,2307.75,2311.14,2307.52,2310.56,26.4062144,2026-04-25 19:45:00+00:00
1777147200000,2310.52,2311.64,2309.29,2311.12,22.15522609,2026-04-25 20:00:00+00:00
1777148100000,2311.12,2312.69,2310.32,2311.89,99.04027401,2026-04-25 20:15:00+00:00
1777149000000,2312.06,2312.68,2311.69,2312.31,74.86373926,2026-04-25 20:30:00+00:00
1777149900000,2312.31,2313.89,2311.78,2313.8,31.91543384,2026-04-25 20:45:00+00:00
1777150800000,2313.65,2317.1,2313.65,2317.1,60.24666749,2026-04-25 21:00:00+00:00
1777151700000,2317.04,2317.73,2316.19,2316.6,21.70790823,2026-04-25 21:15:00+00:00
1777152600000,2316.2,2316.2,2313.72,2315.08,41.39111337,2026-04-25 21:30:00+00:00
1777153500000,2314.82,2316.66,2314.82,2316.62,22.03686765,2026-04-25 21:45:00+00:00
1777154400000,2316.49,2318.19,2316.12,2316.65,25.05072714,2026-04-25 22:00:00+00:00
1777155300000,2316.44,2317.59,2316.44,2317.07,26.78548162,2026-04-25 22:15:00+00:00
1777156200000,2317.5,2321.01,2317.5,2319.2,57.52150554,2026-04-25 22:30:00+00:00
1777157100000,2319.33,2319.49,2318.44,2318.92,27.82219086,2026-04-25 22:45:00+00:00
1777158000000,2318.42,2319.95,2317.49,2319.31,26.69810284,2026-04-25 23:00:00+00:00
1777158900000,2319.27,2319.27,2318.37,2319.26,27.01757398,2026-04-25 23:15:00+00:00
1777159800000,2319.25,2320.14,2319.25,2319.4,24.2240876,2026-04-25 23:30:00+00:00
1777160700000,2319.4,2319.97,2318.45,2319.82,28.37500718,2026-04-25 23:45:00+00:00
1777161600000,2319.82,2319.99,2316.63,2317.42,68.83765763,2026-04-26 00:00:00+00:00
1777162500000,2316.76,2316.76,2315.22,2315.59,13.92269976,2026-04-26 00:15:00+00:00
1777163400000,2315.89,2317.42,2315.59,2317.42,35.40128716,2026-04-26 00:30:00+00:00
1777164300000,2317.42,2318.69,2313.04,2315.34,85.58550848,2026-04-26 00:45:00+00:00
1777165200000,2315.34,2316.11,2313.93,2315.46,23.51034321,2026-04-26 01:00:00+00:00
1777166100000,2315.46,2317.33,2315.46,2316.46,9.68892371,2026-04-26 01:15:00+00:00
1777167000000,2316.47,2318.41,2315.71,2316.28,17.0954531,2026-04-26 01:30:00+00:00
1777167900000,2316.17,2317.0,2314.52,2314.53,38.62496742,2026-04-26 01:45:00+00:00
1777168800000,2314.53,2318.41,2314.52,2318.31,8.74272845,2026-04-26 02:00:00+00:00
1777169700000,2318.66,2318.87,2316.92,2318.42,7.49941077,2026-04-26 02:15:00+00:00
1777170600000,2318.42,2319.0,2316.31,2316.31,30.43868302,2026-04-26 02:30:00+00:00
1777171500000,2316.3,2316.46,2315.0,2315.86,18.27448921,2026-04-26 02:45:00+00:00
1777172400000,2315.76,2316.62,2314.42,2316.62,36.42525447,2026-04-26 03:00:00+00:00
1777173300000,2316.65,2316.96,2314.45,2314.45,7.6620295,2026-04-26 03:15:00+00:00
1777174200000,2312.79,2312.89,2307.57,2309.71,75.33403186,2026-04-26 03:30:00+00:00
1777175100000,2309.71,2310.44,2308.46,2310.22,38.14597378,2026-04-26 03:45:00+00:00
1777176000000,2310.23,2312.98,2309.54,2311.37,49.01650606,2026-04-26 04:00:00+00:00
1777176900000,2311.38,2312.08,2310.87,2310.89,19.31639643,2026-04-26 04:15:00+00:00
1777177800000,2311.17,2313.75,2310.88,2313.07,10.05583407,2026-04-26 04:30:00+00:00
1777178700000,2312.99,2319.72,2312.99,2317.99,28.10230022,2026-04-26 04:45:00+00:00
1777179600000,2317.89,2331.61,2317.89,2329.21,327.4090759,2026-04-26 05:00:00+00:00
1777180500000,2329.91,2336.42,2327.34,2331.51,236.4204272,2026-04-26 05:15:00+00:00
1777181400000,2331.58,2334.26,2328.99,2329.23,24.50426466,2026-04-26 05:30:00+00:00
1777182300000,2329.75,2329.75,2327.65,2328.29,29.62668972,2026-04-26 05:45:00+00:00
1777183200000,2328.29,2332.19,2328.29,2331.29,351.49495504,2026-04-26 06:00:00+00:00
1777184100000,2331.29,2331.29,2328.63,2330.34,127.50118555,2026-04-26 06:15:00+00:00
1777185000000,2329.81,2333.33,2329.81,2332.44,110.89627568,2026-04-26 06:30:00+00:00
1777185900000,2332.08,2332.42,2328.14,2330.14,100.18254371,2026-04-26 06:45:00+00:00
1777186800000,2330.14,2330.98,2328.99,2330.01,29.06343781,2026-04-26 07:00:00+00:00
1777187700000,2329.39,2330.99,2329.39,2330.77,12.27152883,2026-04-26 07:15:00+00:00
1777188600000,2330.78,2330.78,2329.1,2329.29,20.83277512,2026-04-26 07:30:00+00:00
1777189500000,2328.98,2332.56,2328.97,2331.59,11.33258411,2026-04-26 07:45:00+00:00
1777190400000,2331.73,2333.58,2331.59,2333.55,63.64937298,2026-04-26 08:00:00+00:00
1777191300000,2333.54,2333.54,2331.34,2332.4,8.43329341,2026-04-26 08:15:00+00:00
1777192200000,2332.41,2337.5,2331.96,2332.11,38.27042053,2026-04-26 08:30:00+00:00
1777193100000,2332.59,2333.83,2332.46,2332.69,35.40623193,2026-04-26 08:45:00+00:00
1777194000000,2332.7,2332.7,2330.25,2331.37,112.57496923,2026-04-26 09:00:00+00:00
1777194900000,2331.41,2333.72,2331.02,2332.4,19.60858891,2026-04-26 09:15:00+00:00
1777195800000,2332.4,2334.04,2332.0,2333.88,19.42262348,2026-04-26 09:30:00+00:00
1777196700000,2333.6,2335.46,2333.0,2335.18,5.3510961,2026-04-26 09:45:00+00:00
1777197600000,2334.98,2336.41,2332.69,2335.5,18.37265692,2026-04-26 10:00:00+00:00
1777198500000,2335.5,2335.97,2333.59,2333.6,11.13655074,2026-04-26 10:15:00+00:00
1777199400000,2333.6,2333.88,2332.58,2332.93,27.08022872,2026-04-26 10:30:00+00:00
1777200300000,2332.83,2333.14,2332.02,2332.94,4.33930002,2026-04-26 10:45:00+00:00
1777201200000,2332.95,2335.79,2332.94,2334.42,13.65114936,2026-04-26 11:00:00+00:00
1777202100000,2334.42,2338.0,2333.7,2336.55,18.34546274,2026-04-26 11:15:00+00:00
1777203000000,2336.64,2337.6,2335.33,2335.33,18.28425627,2026-04-26 11:30:00+00:00
1777203900000,2335.45,2337.66,2334.32,2336.84,146.51911452,2026-04-26 11:45:00+00:00
1777204800000,2336.84,2336.84,2330.17,2330.74,106.38067857,2026-04-26 12:00:00+00:00
1777205700000,2330.75,2333.63,2330.74,2331.54,49.28857611,2026-04-26 12:15:00+00:00
1777206600000,2331.55,2332.6,2330.99,2331.26,9.28467947,2026-04-26 12:30:00+00:00
1777207500000,2330.99,2330.99,2325.84,2328.42,257.38091211,2026-04-26 12:45:00+00:00
1777208400000,2328.43,2332.54,2328.43,2331.63,132.70783297,2026-04-26 13:00:00+00:00
1777209300000,2331.53,2332.38,2329.46,2330.98,20.0186604,2026-04-26 13:15:00+00:00
1777210200000,2330.86,2334.98,2330.72,2334.55,17.25957616,2026-04-26 13:30:00+00:00
1777211100000,2334.95,2336.46,2333.77,2335.68,86.76830817,2026-04-26 13:45:00+00:00
1777212000000,2335.51,2336.93,2334.21,2335.91,91.05413782,2026-04-26 14:00:00+00:00
1777212900000,2335.91,2352.32,2335.11,2350.12,1285.60769352,2026-04-26 14:15:00+00:00
1777213800000,2350.6,2351.43,2346.01,2347.39,169.79785931,2026-04-26 14:30:00+00:00
1777214700000,2347.28,2350.0,2345.12,2347.06,93.65083427,2026-04-26 14:45:00+00:00
1777215600000,2346.75,2348.32,2345.12,2346.99,37.10796038,2026-04-26 15:00:00+00:00
1777216500000,2346.99,2349.07,2345.22,2348.94,108.64296544,2026-04-26 15:15:00+00:00
1777217400000,2348.86,2349.18,2345.16,2346.59,98.95618876,2026-04-26 15:30:00+00:00
1777218300000,2346.6,2349.51,2345.01,2349.51,226.50149836,2026-04-26 15:45:00+00:00
1777219200000,2349.51,2349.77,2345.41,2345.41,199.7525548,2026-04-26 16:00:00+00:00
1777220100000,2345.42,2348.54,2345.41,2347.34,56.97088428,2026-04-26 16:15:00+00:00
1777221000000,2347.35,2348.65,2345.76,2345.98,80.01926354,2026-04-26 16:30:00+00:00
1777221900000,2345.97,2347.57,2343.25,2343.31,40.08748731,2026-04-26 16:45:00+00:00
1777222800000,2343.26,2345.94,2341.13,2345.65,12.91005935,2026-04-26 17:00:00+00:00
1777223700000,2345.65,2347.89,2345.64,2346.85,90.0641788,2026-04-26 17:15:00+00:00
1777224600000,2346.84,2347.88,2344.9,2347.52,192.60885164,2026-04-26 17:30:00+00:00
1777225500000,2347.52,2350.3,2347.45,2350.01,365.03294721,2026-04-26 17:45:00+00:00
1777226400000,2350.02,2367.54,2348.47,2364.21,1901.56457392,2026-04-26 18:00:00+00:00
1777227300000,2364.02,2369.7,2361.1,2361.69,466.84817128,2026-04-26 18:15:00+00:00
1777228200000,2361.9,2362.76,2358.69,2361.03,163.46097767,2026-04-26 18:30:00+00:00
1777229100000,2360.95,2363.25,2359.87,2362.63,41.64828118,2026-04-26 18:45:00+00:00
1777230000000,2362.57,2367.18,2360.68,2366.24,112.14541281,2026-04-26 19:00:00+00:00
1777230900000,2367.07,2376.85,2364.08,2366.24,393.96549025,2026-04-26 19:15:00+00:00
1777231800000,2366.26,2366.85,2364.31,2366.16,190.60732789,2026-04-26 19:30:00+00:00
1777232700000,2366.07,2371.39,2366.07,2368.23,102.68244056,2026-04-26 19:45:00+00:00
1777233600000,2368.24,2369.76,2366.12,2366.13,131.06073164,2026-04-26 20:00:00+00:00
1777234500000,2366.13,2368.43,2365.45,2367.22,351.21119721,2026-04-26 20:15:00+00:00
1777235400000,2367.06,2373.47,2365.98,2367.05,398.74894389,2026-04-26 20:30:00+00:00
1777236300000,2367.0,2367.99,2363.54,2363.54,243.17116483,2026-04-26 20:45:00+00:00
1777237200000,2363.25,2369.2,2362.81,2367.01,196.30709412,2026-04-26 21:00:00+00:00
1777238100000,2367.0,2368.74,2366.11,2366.11,42.57351157,2026-04-26 21:15:00+00:00
1777239000000,2366.11,2366.11,2353.06,2358.99,530.89799237,2026-04-26 21:30:00+00:00
1777239900000,2357.81,2371.13,2349.51,2365.07,291.22988712,2026-04-26 21:45:00+00:00
1777240800000,2365.15,2371.91,2364.43,2371.03,130.38335454,2026-04-26 22:00:00+00:00
1777241700000,2370.97,2380.0,2368.14,2368.14,261.36287232,2026-04-26 22:15:00+00:00
1777242600000,2368.37,2368.37,2353.01,2361.28,233.07620942,2026-04-26 22:30:00+00:00
1777243500000,2360.98,2366.76,2360.98,2362.38,284.33232261,2026-04-26 22:45:00+00:00
1777244400000,2362.38,2362.58,2357.5,2361.75,74.05179829,2026-04-26 23:00:00+00:00
1777245300000,2361.75,2368.98,2359.82,2362.98,43.51446062,2026-04-26 23:15:00+00:00
1777246200000,2362.13,2373.5,2359.44,2372.99,165.50654144,2026-04-26 23:30:00+00:00
1777247100000,2373.94,2378.96,2368.92,2369.5,104.12157153,2026-04-26 23:45:00+00:00
1777248000000,2369.5,2376.47,2367.0,2367.01,229.36085714,2026-04-27 00:00:00+00:00
1777248900000,2366.28,2367.83,2360.52,2363.34,415.4016586,2026-04-27 00:15:00+00:00
1777249800000,2363.3,2375.29,2361.64,2373.06,92.45171084,2026-04-27 00:30:00+00:00
1777250700000,2372.87,2391.33,2371.82,2389.94,738.25775921,2026-04-27 00:45:00+00:00
1777251600000,2390.17,2404.07,2387.32,2387.8,1232.74861417,2026-04-27 01:00:00+00:00
1777252500000,2387.66,2387.67,2378.14,2383.18,86.48040449,2026-04-27 01:15:00+00:00
1777253400000,2383.38,2389.54,2380.74,2387.51,32.43221261,2026-04-27 01:30:00+00:00
1777254300000,2388.29,2397.39,2388.03,2394.74,245.39364056,2026-04-27 01:45:00+00:00
1777255200000,2395.0,2395.7,2387.86,2390.34,76.38998141,2026-04-27 02:00:00+00:00
1777256100000,2390.34,2394.43,2388.85,2393.47,41.19819397,2026-04-27 02:15:00+00:00
1777257000000,2393.65,2397.49,2391.72,2392.54,33.98433079,2026-04-27 02:30:00+00:00
1777257900000,2392.55,2396.25,2392.14,2393.61,52.58262441,2026-04-27 02:45:00+00:00
1777258800000,2392.74,2397.78,2391.72,2396.24,92.58574909,2026-04-27 03:00:00+00:00
1777259700000,2396.23,2398.59,2393.9,2398.34,51.89573661,2026-04-27 03:15:00+00:00
1777260600000,2398.34,2400.4,2395.73,2399.96,78.7884776,2026-04-27 03:30:00+00:00
1777261500000,2400.0,2400.0,2394.23,2395.05,147.50562365,2026-04-27 03:45:00+00:00
1777262400000,2395.14,2396.46,2390.23,2391.65,98.23375354,2026-04-27 04:00:00+00:00
1777263300000,2390.79,2392.58,2389.24,2390.99,44.24638957,2026-04-27 04:15:00+00:00
1777264200000,2391.22,2392.0,2387.26,2387.8,60.83634342,2026-04-27 04:30:00+00:00
1777265100000,2387.81,2388.28,2380.96,2382.85,170.95121036,2026-04-27 04:45:00+00:00
1777266000000,2383.17,2383.67,2363.76,2363.76,264.93993484,2026-04-27 05:00:00+00:00
1777266900000,2363.34,2363.34,2329.26,2335.68,2629.79654451,2026-04-27 05:15:00+00:00
1777267800000,2333.02,2335.67,2321.0,2326.77,411.70641583,2026-04-27 05:30:00+00:00
1777268700000,2326.24,2326.55,2319.46,2323.58,267.68647292,2026-04-27 05:45:00+00:00
1777269600000,2323.51,2323.79,2318.05,2323.52,130.5563652,2026-04-27 06:00:00+00:00
1777270500000,2323.42,2329.34,2322.36,2326.14,392.7227431,2026-04-27 06:15:00+00:00
1777271400000,2326.14,2326.14,2313.68,2319.3,182.41741181,2026-04-27 06:30:00+00:00
1777272300000,2319.29,2324.43,2319.29,2322.1,85.18088381,2026-04-27 06:45:00+00:00
1777273200000,2321.21,2323.8,2318.05,2318.7,202.44084998,2026-04-27 07:00:00+00:00
1777274100000,2318.7,2321.7,2315.46,2320.27,123.43048439,2026-04-27 07:15:00+00:00
1777275000000,2320.38,2320.95,2316.42,2320.93,23.984002,2026-04-27 07:30:00+00:00
1777275900000,2320.86,2321.58,2316.79,2316.79,101.37839191,2026-04-27 07:45:00+00:00
1777276800000,2316.33,2319.8,2315.0,2316.29,61.72027656,2026-04-27 08:00:00+00:00
1777277700000,2316.7,2318.13,2311.18,2311.25,133.99399763,2026-04-27 08:15:00+00:00
1777278600000,2311.16,2314.65,2310.01,2312.59,98.89250364,2026-04-27 08:30:00+00:00
1777279500000,2312.74,2319.82,2312.74,2319.72,83.86158156,2026-04-27 08:45:00+00:00
1777280400000,2319.72,2320.98,2319.1,2320.7,33.66997676,2026-04-27 09:00:00+00:00
1777281300000,2321.35,2321.38,2315.6,2319.33,24.34576736,2026-04-27 09:15:00+00:00
1777282200000,2319.34,2325.48,2318.77,2323.9,272.14141063,2026-04-27 09:30:00+00:00
1777283100000,2324.03,2325.44,2321.88,2322.47,29.7018666,2026-04-27 09:45:00+00:00
1777284000000,2321.76,2323.95,2320.47,2321.73,7.98102522,2026-04-27 10:00:00+00:00
1777284900000,2321.73,2322.27,2319.0,2320.3,53.94944871,2026-04-27 10:15:00+00:00
1777285800000,2319.9,2321.58,2319.47,2319.71,21.9908799,2026-04-27 10:30:00+00:00
1777286700000,2319.67,2322.85,2319.66,2320.57,22.34378129,2026-04-27 10:45:00+00:00
1777287600000,2320.57,2321.92,2317.06,2318.64,23.07384745,2026-04-27 11:00:00+00:00
1777288500000,2318.64,2322.37,2318.31,2321.71,21.32531771,2026-04-27 11:15:00+00:00
1777289400000,2321.68,2322.37,2318.63,2319.88,100.03042568,2026-04-27 11:30:00+00:00
1777290300000,2319.87,2320.99,2318.87,2320.32,92.08637512,2026-04-27 11:45:00+00:00
1777291200000,2320.08,2321.04,2316.73,2319.98,28.21683111,2026-04-27 12:00:00+00:00
1777292100000,2319.98,2320.66,2315.45,2316.56,32.1189073,2026-04-27 12:15:00+00:00
1777293000000,2316.63,2317.47,2313.09,2315.58,36.79124623,2026-04-27 12:30:00+00:00
1777293900000,2315.37,2317.22,2313.0,2313.16,38.4072685,2026-04-27 12:45:00+00:00
1777294800000,2314.21,2317.1,2313.5,2314.72,37.83136709,2026-04-27 13:00:00+00:00
1777295700000,2314.64,2317.46,2313.62,2314.8,70.10928104,2026-04-27 13:15:00+00:00
1777296600000,2314.91,2319.5,2312.01,2315.63,159.75013909,2026-04-27 13:30:00+00:00
1777297500000,2315.86,2315.86,2300.84,2313.07,452.28409138,2026-04-27 13:45:00+00:00
1777298400000,2313.07,2316.25,2309.28,2314.09,136.50760318,2026-04-27 14:00:00+00:00
1777299300000,2314.44,2315.9,2310.98,2314.09,159.78610433,2026-04-27 14:15:00+00:00
1777300200000,2313.13,2326.99,2312.01,2326.3,335.65832037,2026-04-27 14:30:00+00:00
1777301100000,2326.33,2329.43,2313.5,2314.75,1181.18006156,2026-04-27 14:45:00+00:00
1777302000000,2315.1,2315.1,2288.4,2295.11,3240.09788318,2026-04-27 15:00:00+00:00
1777302900000,2295.08,2295.08,2264.68,2276.03,1855.55167776,2026-04-27 15:15:00+00:00
1777303800000,2276.55,2284.26,2275.21,2282.54,269.18689605,2026-04-27 15:30:00+00:00
1777304700000,2282.53,2282.53,2273.33,2274.15,197.80470347,2026-04-27 15:45:00+00:00
1777305600000,2274.89,2278.53,2270.25,2278.16,1340.6207185,2026-04-27 16:00:00+00:00
1777306500000,2278.11,2280.46,2276.61,2276.61,114.91948287,2026-04-27 16:15:00+00:00
1777307400000,2276.62,2279.18,2274.31,2275.11,281.54465662,2026-04-27 16:30:00+00:00
1777308300000,2275.16,2279.19,2275.01,2277.79,83.65104622,2026-04-27 16:45:00+00:00
1777309200000,2278.38,2283.18,2278.38,2281.97,66.40394794,2026-04-27 17:00:00+00:00
1777310100000,2281.97,2289.82,2279.79,2288.04,177.28353008,2026-04-27 17:15:00+00:00
1777311000000,2288.05,2292.81,2286.83,2291.08,149.99457836,2026-04-27 17:30:00+00:00
1777311900000,2290.85,2291.84,2287.25,2287.32,405.19638246,2026-04-27 17:45:00+00:00
1777312800000,2286.99,2289.57,2285.53,2288.14,74.57045194,2026-04-27 18:00:00+00:00
1777313700000,2288.59,2291.75,2284.32,2285.99,111.45037628,2026-04-27 18:15:00+00:00
1777314600000,2285.52,2289.0,2285.11,2288.93,188.97855398,2026-04-27 18:30:00+00:00
1777315500000,2288.93,2290.73,2287.99,2288.64,112.73688322,2026-04-27 18:45:00+00:00
1777316400000,2288.65,2290.45,2285.8,2290.16,339.74722666,2026-04-27 19:00:00+00:00
1777317300000,2290.1,2290.96,2280.02,2280.4,62.66613673,2026-04-27 19:15:00+00:00
1777318200000,2280.39,2287.87,2275.18,2286.91,183.31576343,2026-04-27 19:30:00+00:00
1777319100000,2286.91,2288.73,2286.69,2288.24,128.04923092,2026-04-27 19:45:00+00:00
1777320000000,2289.0,2296.0,2289.0,2290.86,400.9694601,2026-04-27 20:00:00+00:00
1777320900000,2291.09,2293.59,2291.09,2292.95,75.76530776,2026-04-27 20:15:00+00:00
1777321800000,2292.87,2295.15,2292.19,2292.44,46.35111112,2026-04-27 20:30:00+00:00
1777322700000,2292.38,2292.53,2291.15,2292.35,33.03600787,2026-04-27 20:45:00+00:00
1777323600000,2291.6,2291.6,2286.88,2289.01,423.03390371,2026-04-27 21:00:00+00:00
1777324500000,2288.73,2290.5,2287.61,2289.96,49.77966757,2026-04-27 21:15:00+00:00
1777325400000,2289.7,2292.33,2289.69,2290.72,36.64527823,2026-04-27 21:30:00+00:00
1777326300000,2290.65,2290.65,2287.01,2287.23,38.94042877,2026-04-27 21:45:00+00:00
1777327200000,2287.29,2289.75,2284.94,2289.15,31.62573455,2026-04-27 22:00:00+00:00
1777328100000,2289.9,2291.0,2288.68,2291.0,31.27816117,2026-04-27 22:15:00+00:00
1777329000000,2291.7,2293.73,2290.77,2293.51,48.84722374,2026-04-27 22:30:00+00:00
1777329900000,2293.73,2295.43,2293.6,2294.2,16.32780306,2026-04-27 22:45:00+00:00
1777330800000,2294.3,2294.76,2291.17,2291.55,32.49864442,2026-04-27 23:00:00+00:00
1777331700000,2291.54,2295.43,2291.54,2294.01,163.74658517,2026-04-27 23:15:00+00:00
1777332600000,2294.02,2299.44,2293.55,2298.89,75.39450174,2026-04-27 23:30:00+00:00
1777333500000,2299.11,2307.99,2297.91,2303.5,125.90255284,2026-04-27 23:45:00+00:00
1777334400000,2303.59,2306.14,2300.71,2303.93,46.28524991,2026-04-28 00:00:00+00:00
1777335300000,2303.18,2306.19,2299.45,2300.05,217.87547026,2026-04-28 00:15:00+00:00
1777336200000,2300.39,2307.78,2299.3,2306.68,82.51869505,2026-04-28 00:30:00+00:00
1777337100000,2306.61,2310.0,2306.3,2306.91,18.75537813,2026-04-28 00:45:00+00:00
1777338000000,2306.86,2308.61,2305.95,2307.58,71.39568181,2026-04-28 01:00:00+00:00
1777338900000,2307.59,2307.92,2303.99,2304.26,38.91954217,2026-04-28 01:15:00+00:00
1777339800000,2304.99,2305.32,2298.47,2298.63,22.51178986,2026-04-28 01:30:00+00:00
1777340700000,2298.87,2301.51,2297.83,2298.36,29.58273914,2026-04-28 01:45:00+00:00
1777341600000,2298.4,2300.68,2297.0,2298.43,72.59621942,2026-04-28 02:00:00+00:00
1777342500000,2298.24,2300.0,2293.17,2293.82,50.78771032,2026-04-28 02:15:00+00:00
1777343400000,2293.23,2295.46,2281.4,2281.48,1322.71247532,2026-04-28 02:30:00+00:00
1777344300000,2281.84,2289.16,2280.96,2288.81,50.60972518,2026-04-28 02:45:00+00:00
1777345200000,2288.75,2288.76,2282.22,2284.22,65.90759799,2026-04-28 03:00:00+00:00
1777346100000,2284.22,2285.67,2283.02,2284.73,76.21666331,2026-04-28 03:15:00+00:00
1777347000000,2284.76,2288.56,2284.71,2286.52,35.4625086,2026-04-28 03:30:00+00:00
1777347900000,2286.29,2290.79,2285.54,2290.56,43.60698947,2026-04-28 03:45:00+00:00
1777348800000,2290.65,2291.61,2288.42,2291.61,27.31620783,2026-04-28 04:00:00+00:00
1777349700000,2291.6,2293.73,2283.72,2286.4,58.45631808,2026-04-28 04:15:00+00:00
1777350600000,2286.13,2291.44,2283.71,2288.55,65.03854229,2026-04-28 04:30:00+00:00
1777351500000,2288.56,2290.79,2288.15,2288.47,38.69381987,2026-04-28 04:45:00+00:00
1777352400000,2288.4,2294.27,2288.4,2289.91,203.14377564,2026-04-28 05:00:00+00:00
1777353300000,2289.82,2296.92,2287.96,2294.46,15.57647089,2026-04-28 05:15:00+00:00
1777354200000,2294.43,2294.85,2286.75,2288.39,11.37708949,2026-04-28 05:30:00+00:00
1777355100000,2288.23,2290.28,2287.89,2287.89,46.53744957,2026-04-28 05:45:00+00:00
1777356000000,2287.92,2290.95,2287.73,2289.52,40.74164291,2026-04-28 06:00:00+00:00
1777356900000,2289.75,2290.0,2284.01,2285.79,51.26170515,2026-04-28 06:15:00+00:00
1777357800000,2285.79,2286.59,2270.02,2271.82,224.21065906,2026-04-28 06:30:00+00:00
1777358700000,2271.89,2278.93,2270.24,2277.68,72.79554662,2026-04-28 06:45:00+00:00
1777359600000,2277.47,2278.79,2273.4,2274.56,26.57961935,2026-04-28 07:00:00+00:00
1777360500000,2274.34,2278.23,2270.16,2277.96,190.43141962,2026-04-28 07:15:00+00:00
1777361400000,2277.94,2284.26,2277.22,2282.91,26.44191476,2026-04-28 07:30:00+00:00
1777362300000,2282.61,2288.17,2282.32,2287.22,138.5458236,2026-04-28 07:45:00+00:00
1777363200000,2287.23,2287.5,2283.69,2286.38,34.50145902,2026-04-28 08:00:00+00:00
1777364100000,2286.37,2289.83,2285.1,2289.62,25.87535016,2026-04-28 08:15:00+00:00
1777365000000,2290.0,2291.37,2285.0,2285.75,164.98076351,2026-04-28 08:30:00+00:00
1777365900000,2285.75,2287.0,2283.61,2286.49,19.30667313,2026-04-28 08:45:00+00:00
1777366800000,2286.5,2287.31,2284.5,2286.78,22.82206223,2026-04-28 09:00:00+00:00
1777367700000,2287.13,2288.64,2285.9,2288.22,23.78956129,2026-04-28 09:15:00+00:00
1777368600000,2288.29,2288.29,2283.01,2283.01,13.83121446,2026-04-28 09:30:00+00:00
1777369500000,2283.01,2283.48,2277.0,2282.1,33.85832122,2026-04-28 09:45:00+00:00
1777370400000,2282.1,2285.95,2281.69,2281.75,25.6904373,2026-04-28 10:00:00+00:00
1777371300000,2281.87,2283.52,2280.75,2282.55,13.77906737,2026-04-28 10:15:00+00:00
1777372200000,2282.54,2286.21,2282.54,2285.52,39.00573702,2026-04-28 10:30:00+00:00
1777373100000,2285.65,2287.06,2283.56,2283.83,35.87562642,2026-04-28 10:45:00+00:00
1777374000000,2283.84,2285.0,2277.01,2277.72,85.01049348,2026-04-28 11:00:00+00:00
1777374900000,2277.72,2278.74,2273.51,2276.23,175.62813449,2026-04-28 11:15:00+00:00
1777375800000,2276.35,2276.37,2272.0,2274.16,44.19249097,2026-04-28 11:30:00+00:00
1777376700000,2274.46,2275.21,2270.41,2274.45,59.67662032,2026-04-28 11:45:00+00:00
1777377600000,2274.46,2278.94,2273.54,2277.03,591.61060111,2026-04-28 12:00:00+00:00
1777378500000,2277.13,2280.3,2273.0,2273.38,141.40320415,2026-04-28 12:15:00+00:00
1777379400000,2273.21,2277.73,2272.0,2277.32,48.14088021,2026-04-28 12:30:00+00:00
1777380300000,2276.57,2279.34,2276.42,2277.37,15.98365257,2026-04-28 12:45:00+00:00
1777381200000,2277.65,2277.65,2257.1,2267.54,1496.18792302,2026-04-28 13:00:00+00:00
1777382100000,2267.53,2274.42,2264.58,2271.75,146.51100344,2026-04-28 13:15:00+00:00
1777383000000,2271.75,2278.48,2266.05,2277.82,367.05723087,2026-04-28 13:30:00+00:00
1777383900000,2276.68,2285.66,2270.76,2276.32,596.59761597,2026-04-28 13:45:00+00:00
1777384800000,2276.14,2276.4,2269.25,2272.52,130.34798811,2026-04-28 14:00:00+00:00
1777385700000,2272.52,2273.14,2264.23,2267.23,298.6833705,2026-04-28 14:15:00+00:00
1777386600000,2266.7,2270.9,2256.63,2270.9,2145.08148505,2026-04-28 14:30:00+00:00
1777387500000,2270.9,2273.43,2264.11,2273.43,227.39234849,2026-04-28 14:45:00+00:00
1777388400000,2273.41,2276.8,2270.0,2273.56,73.04473441,2026-04-28 15:00:00+00:00
1777389300000,2273.68,2275.53,2271.75,2273.69,61.39619178,2026-04-28 15:15:00+00:00
1777390200000,2273.1,2276.18,2269.52,2273.18,62.98728026,2026-04-28 15:30:00+00:00
1777391100000,2273.01,2280.32,2272.16,2278.82,173.44952254,2026-04-28 15:45:00+00:00
1777392000000,2279.56,2281.35,2275.66,2278.39,243.82635666,2026-04-28 16:00:00+00:00
1777392900000,2278.38,2280.43,2276.42,2277.71,53.89666985,2026-04-28 16:15:00+00:00
1777393800000,2277.34,2278.57,2273.8,2274.81,45.39129216,2026-04-28 16:30:00+00:00
1777394700000,2274.98,2287.47,2274.95,2286.0,633.21701161,2026-04-28 16:45:00+00:00
1777395600000,2286.0,2287.67,2280.61,2281.95,303.96913609,2026-04-28 17:00:00+00:00
1777396500000,2281.73,2286.28,2278.3,2285.86,71.01852218,2026-04-28 17:15:00+00:00
1777397400000,2284.8,2292.74,2284.8,2291.13,133.31016654,2026-04-28 17:30:00+00:00
1777398300000,2291.13,2292.25,2288.0,2290.15,59.54633387,2026-04-28 17:45:00+00:00
1777399200000,2290.17,2293.68,2287.34,2288.87,86.44746974,2026-04-28 18:00:00+00:00
1777400100000,2288.87,2294.93,2288.31,2293.87,170.59906421,2026-04-28 18:15:00+00:00
1777401000000,2293.87,2294.76,2290.46,2290.48,60.67577623,2026-04-28 18:30:00+00:00
1777401900000,2290.0,2297.67,2288.15,2296.73,116.56654929,2026-04-28 18:45:00+00:00
1777402800000,2296.53,2296.53,2292.0,2292.0,41.5323,2026-04-28 19:00:00+00:00
1777403700000,2292.0,2293.03,2290.0,2291.74,119.60681809,2026-04-28 19:15:00+00:00
1777404600000,2291.56,2298.93,2291.01,2298.93,52.01330546,2026-04-28 19:30:00+00:00
1777405500000,2298.91,2304.75,2297.65,2301.42,219.79908279,2026-04-28 19:45:00+00:00
1777406400000,2301.43,2305.0,2299.0,2299.94,78.96389348,2026-04-28 20:00:00+00:00
1777407300000,2299.94,2299.95,2296.57,2296.74,72.26484277,2026-04-28 20:15:00+00:00
1777408200000,2296.73,2298.68,2295.55,2295.61,114.76174723,2026-04-28 20:30:00+00:00
1777409100000,2295.56,2298.76,2295.51,2295.51,20.4908868,2026-04-28 20:45:00+00:00
1777410000000,2295.51,2296.5,2289.8,2291.01,63.0542716,2026-04-28 21:00:00+00:00
1777410900000,2291.44,2291.9,2287.15,2287.56,46.90267934,2026-04-28 21:15:00+00:00
1777411800000,2287.55,2289.98,2286.75,2286.86,43.56894393,2026-04-28 21:30:00+00:00
1777412700000,2286.84,2291.25,2286.13,2290.1,58.09415936,2026-04-28 21:45:00+00:00
1777413600000,2290.1,2294.11,2289.97,2290.0,85.89402704,2026-04-28 22:00:00+00:00
1777414500000,2289.74,2290.34,2288.84,2289.15,21.062995,2026-04-28 22:15:00+00:00
1777415400000,2289.11,2290.26,2287.0,2287.04,119.02739378,2026-04-28 22:30:00+00:00
1777416300000,2287.01,2287.01,2285.01,2285.84,36.40586247,2026-04-28 22:45:00+00:00
1777417200000,2286.03,2288.38,2283.89,2287.86,26.98687137,2026-04-28 23:00:00+00:00
1777418100000,2287.87,2288.46,2284.42,2285.82,13.08520631,2026-04-28 23:15:00+00:00
1777419000000,2285.76,2287.5,2284.56,2287.5,272.87042106,2026-04-28 23:30:00+00:00
1777419900000,2286.87,2289.93,2286.87,2289.05,20.20633755,2026-04-28 23:45:00+00:00
1777420800000,2288.78,2290.34,2287.0,2287.9,89.83496888,2026-04-29 00:00:00+00:00
1777421700000,2288.12,2288.87,2286.18,2286.74,82.60877452,2026-04-29 00:15:00+00:00
1777422600000,2286.54,2289.57,2285.08,2289.01,23.02953327,2026-04-29 00:30:00+00:00
1777423500000,2289.01,2293.57,2288.55,2291.96,79.34627143,2026-04-29 00:45:00+00:00
1777424400000,2292.35,2292.36,2281.32,2283.96,30.71368065,2026-04-29 01:00:00+00:00
1777425300000,2283.79,2285.49,2280.27,2282.32,224.83281769,2026-04-29 01:15:00+00:00
1777426200000,2281.66,2286.85,2279.01,2286.76,93.54671804,2026-04-29 01:30:00+00:00
1777427100000,2286.56,2296.41,2285.84,2292.03,58.95609427,2026-04-29 01:45:00+00:00
1777428000000,2292.15,2295.18,2291.07,2291.92,111.75284326,2026-04-29 02:00:00+00:00
1777428900000,2291.92,2293.2,2289.43,2289.43,33.64315064,2026-04-29 02:15:00+00:00
1777429800000,2289.44,2289.44,2284.51,2286.7,94.32086212,2026-04-29 02:30:00+00:00
1777430700000,2286.32,2288.78,2286.2,2288.74,53.67883372,2026-04-29 02:45:00+00:00
1777431600000,2288.6,2291.72,2287.62,2291.11,44.79122095,2026-04-29 03:00:00+00:00
1777432500000,2291.4,2301.44,2291.4,2299.95,302.23818556,2026-04-29 03:15:00+00:00
1777433400000,2300.41,2316.17,2298.13,2313.8,381.84427647,2026-04-29 03:30:00+00:00
1777434300000,2313.83,2315.07,2308.62,2311.0,85.54101428,2026-04-29 03:45:00+00:00
1777435200000,2311.49,2311.49,2309.19,2309.69,1053.71807429,2026-04-29 04:00:00+00:00
1777436100000,2309.61,2315.56,2309.61,2313.99,37.12802434,2026-04-29 04:15:00+00:00
1777437000000,2313.99,2342.83,2313.99,2334.26,427.91909746,2026-04-29 04:30:00+00:00
1777437900000,2334.27,2336.28,2326.67,2326.83,90.86723614,2026-04-29 04:45:00+00:00
1777438800000,2326.86,2329.43,2323.0,2325.06,52.42166369,2026-04-29 05:00:00+00:00
1777439700000,2325.06,2326.5,2323.85,2325.14,25.16564955,2026-04-29 05:15:00+00:00
1777440600000,2326.51,2326.55,2324.25,2326.31,61.67070183,2026-04-29 05:30:00+00:00
1777441500000,2326.41,2332.11,2326.29,2328.55,165.46925283,2026-04-29 05:45:00+00:00
1777442400000,2328.55,2335.21,2328.27,2330.15,80.6680743,2026-04-29 06:00:00+00:00
1777443300000,2330.87,2330.87,2327.5,2328.5,48.3620828,2026-04-29 06:15:00+00:00
1777444200000,2328.49,2328.51,2324.39,2325.56,104.53250969,2026-04-29 06:30:00+00:00
1777445100000,2325.87,2327.38,2320.85,2324.22,44.77796504,2026-04-29 06:45:00+00:00
1777446000000,2324.52,2326.12,2323.0,2325.98,51.39240044,2026-04-29 07:00:00+00:00
1777446900000,2325.95,2325.95,2322.5,2323.2,23.56503569,2026-04-29 07:15:00+00:00
1777447800000,2323.2,2329.55,2323.2,2326.96,18.1819948,2026-04-29 07:30:00+00:00
1777448700000,2326.68,2326.84,2321.5,2323.4,163.77596054,2026-04-29 07:45:00+00:00
1777449600000,2323.14,2325.0,2320.68,2324.27,78.19214913,2026-04-29 08:00:00+00:00
1777450500000,2323.75,2328.48,2323.68,2326.01,12.85132823,2026-04-29 08:15:00+00:00
1777451400000,2326.01,2326.01,2321.5,2325.13,6.53386606,2026-04-29 08:30:00+00:00
1777452300000,2325.49,2325.52,2323.76,2324.78,4.05947708,2026-04-29 08:45:00+00:00
1777453200000,2324.93,2327.56,2322.43,2326.76,19.46093528,2026-04-29 09:00:00+00:00
1777454100000,2326.92,2330.0,2326.54,2327.46,15.99849235,2026-04-29 09:15:00+00:00
1777455000000,2327.45,2332.56,2327.45,2330.31,123.92152531,2026-04-29 09:30:00+00:00
1777455900000,2330.31,2345.58,2330.3,2339.46,262.63312939,2026-04-29 09:45:00+00:00
1777456800000,2339.45,2343.99,2339.13,2343.99,130.16697833,2026-04-29 10:00:00+00:00
1777457700000,2343.82,2345.9,2341.27,2345.69,75.65388258,2026-04-29 10:15:00+00:00
1777458600000,2345.53,2345.63,2330.2,2331.72,40.39551298,2026-04-29 10:30:00+00:00
1777459500000,2331.78,2336.48,2331.78,2333.39,45.98446711,2026-04-29 10:45:00+00:00
1777460400000,2333.33,2334.8,2328.31,2333.02,64.33071098,2026-04-29 11:00:00+00:00
1777461300000,2333.08,2334.49,2329.16,2329.4,248.43366423,2026-04-29 11:15:00+00:00
1777462200000,2329.44,2335.78,2329.44,2330.08,27.16461723,2026-04-29 11:30:00+00:00
1777463100000,2330.41,2333.0,2330.14,2331.49,62.22533848,2026-04-29 11:45:00+00:00
1777464000000,2331.5,2331.73,2315.48,2320.05,1227.16635183,2026-04-29 12:00:00+00:00
1777464900000,2319.83,2323.55,2307.21,2313.58,705.51636089,2026-04-29 12:15:00+00:00
1777465800000,2314.0,2314.66,2308.16,2313.8,196.91241183,2026-04-29 12:30:00+00:00
1777466700000,2313.8,2316.73,2312.28,2315.77,64.66016686,2026-04-29 12:45:00+00:00
1777467600000,2315.8,2317.86,2312.27,2314.49,66.32674204,2026-04-29 13:00:00+00:00
1777468500000,2314.49,2315.84,2305.0,2306.52,212.68377042,2026-04-29 13:15:00+00:00
1777469400000,2306.88,2306.88,2293.71,2294.32,547.69060522,2026-04-29 13:30:00+00:00
1777470300000,2294.22,2304.58,2288.66,2302.51,273.20045366,2026-04-29 13:45:00+00:00
1777471200000,2302.48,2302.48,2293.55,2296.59,1284.39250585,2026-04-29 14:00:00+00:00
1777472100000,2296.59,2305.57,2293.76,2303.1,55.24773044,2026-04-29 14:15:00+00:00
1777473000000,2303.66,2306.93,2299.68,2299.78,173.69445411,2026-04-29 14:30:00+00:00
1777473900000,2300.37,2303.1,2297.5,2298.67,43.02506746,2026-04-29 14:45:00+00:00
1777474800000,2298.83,2300.73,2282.22,2284.06,850.42461333,2026-04-29 15:00:00+00:00
1777475700000,2283.73,2290.61,2282.06,2290.34,396.68385262,2026-04-29 15:15:00+00:00
1777476600000,2290.19,2292.33,2273.51,2273.51,331.26650647,2026-04-29 15:30:00+00:00
1777477500000,2273.51,2275.22,2263.06,2271.52,417.50980088,2026-04-29 15:45:00+00:00
1777478400000,2271.73,2278.38,2269.07,2276.19,251.71865069,2026-04-29 16:00:00+00:00
1777479300000,2276.27,2278.16,2271.14,2273.18,119.27024716,2026-04-29 16:15:00+00:00
1777480200000,2273.18,2274.08,2262.24,2267.07,415.10322264,2026-04-29 16:30:00+00:00
1777481100000,2266.69,2267.72,2264.59,2265.77,76.09633004,2026-04-29 16:45:00+00:00
1777482000000,2266.77,2271.33,2265.59,2267.92,40.72285856,2026-04-29 17:00:00+00:00
1777482900000,2267.91,2275.76,2266.14,2269.48,90.32409939,2026-04-29 17:15:00+00:00
1777483800000,2270.14,2274.81,2269.2,2274.81,84.73598354,2026-04-29 17:30:00+00:00
1777484700000,2274.73,2281.12,2271.57,2281.12,110.88288223,2026-04-29 17:45:00+00:00
1777485600000,2281.83,2288.84,2226.43,2241.09,1581.35928586,2026-04-29 18:00:00+00:00
1777486500000,2240.67,2246.47,2226.31,2231.71,484.34638112,2026-04-29 18:15:00+00:00
1777487400000,2231.19,2231.19,2220.0,2223.92,2425.32479616,2026-04-29 18:30:00+00:00
1777488300000,2223.91,2238.44,2222.56,2237.8,1701.48652508,2026-04-29 18:45:00+00:00
1777489200000,2238.84,2241.65,2226.5,2236.81,300.44507531,2026-04-29 19:00:00+00:00
1777490100000,2238.4,2238.91,2231.08,2234.2,101.29471847,2026-04-29 19:15:00+00:00
1777491000000,2234.19,2234.19,2225.04,2227.0,110.6350691,2026-04-29 19:30:00+00:00
1777491900000,2227.3,2234.05,2226.75,2232.12,119.80787208,2026-04-29 19:45:00+00:00
1777492800000,2232.38,2241.48,2230.0,2230.03,394.70537939,2026-04-29 20:00:00+00:00
1777493700000,2230.02,2239.78,2230.02,2239.48,211.5615992,2026-04-29 20:15:00+00:00
1777494600000,2239.31,2245.87,2237.93,2245.23,154.27119257,2026-04-29 20:30:00+00:00
1777495500000,2245.24,2247.47,2240.0,2240.0,153.55815916,2026-04-29 20:45:00+00:00
1777496400000,2240.01,2248.17,2238.4,2246.66,517.79850674,2026-04-29 21:00:00+00:00
1777497300000,2246.65,2248.77,2246.22,2247.08,88.24064422,2026-04-29 21:15:00+00:00
1777498200000,2246.67,2251.66,2245.0,2250.95,90.65463234,2026-04-29 21:30:00+00:00
1777499100000,2250.95,2264.68,2250.95,2252.68,190.72654143,2026-04-29 21:45:00+00:00
1777500000000,2252.35,2255.56,2250.0,2255.56,170.81056612,2026-04-29 22:00:00+00:00
1777500900000,2254.67,2256.53,2251.04,2251.17,139.82570396,2026-04-29 22:15:00+00:00
1777501800000,2251.17,2257.87,2251.17,2256.71,59.48408634,2026-04-29 22:30:00+00:00
1777502700000,2256.72,2257.75,2254.41,2257.07,182.99228128,2026-04-29 22:45:00+00:00
1777503600000,2257.03,2259.0,2252.25,2259.0,49.67141213,2026-04-29 23:00:00+00:00
1777504500000,2259.0,2259.0,2250.0,2252.64,47.77752281,2026-04-29 23:15:00+00:00
1777505400000,2252.44,2256.45,2252.44,2255.26,27.27548704,2026-04-29 23:30:00+00:00
1777506300000,2256.03,2257.05,2252.11,2252.11,111.7670699,2026-04-29 23:45:00+00:00
1777507200000,2252.12,2255.94,2252.11,2252.61,44.76656581,2026-04-30 00:00:00+00:00
1777508100000,2252.37,2254.78,2249.42,2253.37,162.15518856,2026-04-30 00:15:00+00:00
1777509000000,2253.74,2267.4,2253.74,2263.86,214.28256831,2026-04-30 00:30:00+00:00
1777509900000,2263.69,2274.0,2263.69,2272.23,323.06539018,2026-04-30 00:45:00+00:00
1777510800000,2271.44,2275.54,2267.05,2267.76,112.66600892,2026-04-30 01:00:00+00:00
1777511700000,2267.77,2275.2,2266.6,2274.63,58.63071236,2026-04-30 01:15:00+00:00
1777512600000,2274.96,2277.64,2269.95,2272.48,50.47640912,2026-04-30 01:30:00+00:00
1777513500000,2272.51,2275.57,2268.25,2268.48,100.89081253,2026-04-30 01:45:00+00:00
1777514400000,2268.41,2272.42,2268.41,2269.74,20.70333138,2026-04-30 02:00:00+00:00
1777515300000,2268.98,2271.39,2262.36,2262.48,212.83108158,2026-04-30 02:15:00+00:00
1777516200000,2262.12,2262.12,2235.55,2241.01,1471.16303276,2026-04-30 02:30:00+00:00
1777517100000,2241.0,2245.51,2236.7,2244.42,44.61697223,2026-04-30 02:45:00+00:00
1777518000000,2244.08,2248.11,2242.91,2245.53,20.18129327,2026-04-30 03:00:00+00:00
1777518900000,2245.9,2249.33,2243.88,2249.33,20.37383223,2026-04-30 03:15:00+00:00
1777519800000,2249.38,2254.1,2247.19,2253.35,33.99462426,2026-04-30 03:30:00+00:00
1777520700000,2252.75,2255.8,2252.75,2252.84,31.64765127,2026-04-30 03:45:00+00:00
1777521600000,2252.48,2253.31,2244.17,2248.95,38.70770889,2026-04-30 04:00:00+00:00
1777522500000,2249.86,2249.86,2243.0,2245.56,60.15699168,2026-04-30 04:15:00+00:00
1777523400000,2245.55,2245.55,2235.95,2236.38,174.45922677,2026-04-30 04:30:00+00:00
1777524300000,2237.06,2240.0,2237.06,2238.02,63.35722637,2026-04-30 04:45:00+00:00
1777525200000,2238.0,2244.02,2237.99,2243.38,988.83572623,2026-04-30 05:00:00+00:00
1777526100000,2243.39,2243.39,2230.78,2235.86,988.9592115,2026-04-30 05:15:00+00:00
1777527000000,2235.74,2247.27,2235.4,2244.12,577.42465824,2026-04-30 05:30:00+00:00
1777527900000,2244.27,2246.76,2241.51,2241.96,64.21836186,2026-04-30 05:45:00+00:00
1777528800000,2241.71,2244.86,2241.1,2242.71,12.43290055,2026-04-30 06:00:00+00:00
1777529700000,2242.71,2245.97,2242.71,2245.96,38.59666834,2026-04-30 06:15:00+00:00
1777530600000,2245.96,2250.99,2244.75,2245.06,42.22294508,2026-04-30 06:30:00+00:00
1777531500000,2244.77,2248.38,2243.92,2247.42,27.47560926,2026-04-30 06:45:00+00:00
1777532400000,2247.09,2250.51,2243.25,2248.77,140.10586295,2026-04-30 07:00:00+00:00
1777533300000,2248.78,2252.11,2248.63,2252.11,7.13367069,2026-04-30 07:15:00+00:00
1777534200000,2252.11,2258.33,2251.99,2257.05,143.5576221,2026-04-30 07:30:00+00:00
1777535100000,2257.46,2261.34,2255.7,2259.73,108.71534224,2026-04-30 07:45:00+00:00
1777536000000,2259.57,2261.44,2255.7,2259.12,251.28468888,2026-04-30 08:00:00+00:00
1777536900000,2259.09,2259.65,2255.06,2257.2,28.94268937,2026-04-30 08:15:00+00:00
1777537800000,2257.2,2259.83,2255.83,2259.83,18.95892557,2026-04-30 08:30:00+00:00
1777538700000,2259.82,2260.62,2255.24,2255.78,188.4525195,2026-04-30 08:45:00+00:00
1777539600000,2255.77,2258.03,2255.32,2257.86,77.55087295,2026-04-30 09:00:00+00:00
1777540500000,2258.0,2263.5,2255.18,2263.5,21.89615763,2026-04-30 09:15:00+00:00
1777541400000,2263.8,2270.0,2261.91,2262.14,29.3273543,2026-04-30 09:30:00+00:00
1777542300000,2262.36,2264.54,2261.12,2261.12,10.44098303,2026-04-30 09:45:00+00:00
1777543200000,2261.13,2264.34,2260.18,2260.18,59.34393508,2026-04-30 10:00:00+00:00
1777544100000,2260.19,2260.76,2255.91,2255.91,64.34177008,2026-04-30 10:15:00+00:00
1777545000000,2256.69,2262.38,2256.69,2260.49,45.37607676,2026-04-30 10:30:00+00:00
1777545900000,2260.52,2261.9,2258.64,2261.42,19.57083169,2026-04-30 10:45:00+00:00
1777546800000,2261.11,2271.79,2261.11,2267.35,50.58157477,2026-04-30 11:00:00+00:00
1777547700000,2266.82,2268.87,2265.0,2266.13,10.4938561,2026-04-30 11:15:00+00:00
1777548600000,2266.09,2266.8,2257.44,2257.89,181.98819185,2026-04-30 11:30:00+00:00
1777549500000,2257.44,2259.81,2251.79,2257.74,299.52988948,2026-04-30 11:45:00+00:00
1777550400000,2257.74,2260.71,2257.27,2259.64,49.17598081,2026-04-30 12:00:00+00:00
1777551300000,2259.64,2270.14,2259.64,2266.05,84.42889906,2026-04-30 12:15:00+00:00
1777552200000,2266.12,2267.88,2263.39,2263.39,51.42038498,2026-04-30 12:30:00+00:00
1777553100000,2263.47,2267.86,2263.47,2264.48,33.7642805,2026-04-30 12:45:00+00:00
1777554000000,2264.48,2267.46,2262.05,2262.88,53.97543408,2026-04-30 13:00:00+00:00
1777554900000,2262.89,2263.9,2257.1,2257.22,35.76557545,2026-04-30 13:15:00+00:00
1777555800000,2257.91,2270.0,2254.29,2270.0,66.64429177,2026-04-30 13:30:00+00:00
1777556700000,2270.24,2271.0,2260.54,2263.22,71.4411482,2026-04-30 13:45:00+00:00
1777557600000,2263.02,2269.93,2257.72,2260.24,113.0812728,2026-04-30 14:00:00+00:00
1777558500000,2260.97,2261.16,2241.65,2256.06,1471.49430007,2026-04-30 14:15:00+00:00
1777559400000,2257.56,2266.33,2254.07,2260.28,66.65889539,2026-04-30 14:30:00+00:00
1777560300000,2260.36,2266.16,2259.07,2261.82,33.8253794,2026-04-30 14:45:00+00:00
1777561200000,2261.18,2265.45,2257.1,2264.89,1076.05871932,2026-04-30 15:00:00+00:00
1777562100000,2265.13,2266.57,2262.53,2266.57,62.30460923,2026-04-30 15:15:00+00:00
1777563000000,2266.6,2273.99,2261.66,2263.52,62.93682913,2026-04-30 15:30:00+00:00
1777563900000,2263.54,2267.32,2259.37,2264.79,25.63155116,2026-04-30 15:45:00+00:00
1777564800000,2264.75,2266.34,2262.0,2264.55,43.50306815,2026-04-30 16:00:00+00:00
1777565700000,2264.52,2264.52,2259.01,2260.6,48.22838791,2026-04-30 16:15:00+00:00
1777566600000,2260.61,2262.16,2258.76,2259.37,330.33835439,2026-04-30 16:30:00+00:00
1777567500000,2259.38,2260.88,2254.71,2256.04,56.56895865,2026-04-30 16:45:00+00:00
1777568400000,2256.1,2258.55,2252.28,2254.74,60.04166955,2026-04-30 17:00:00+00:00
1777569300000,2254.73,2254.74,2250.86,2254.68,68.49490489,2026-04-30 17:15:00+00:00
1777570200000,2254.64,2258.83,2253.8,2254.81,25.06272354,2026-04-30 17:30:00+00:00
1777571100000,2254.82,2258.68,2254.7,2257.65,48.79203177,2026-04-30 17:45:00+00:00
1777572000000,2257.64,2261.62,2254.67,2255.86,51.15055825,2026-04-30 18:00:00+00:00
1777572900000,2255.86,2261.21,2254.92,2255.0,53.22916073,2026-04-30 18:15:00+00:00
1777573800000,2255.0,2261.64,2253.68,2260.43,33.12199966,2026-04-30 18:30:00+00:00
1777574700000,2260.42,2264.0,2259.21,2259.31,33.32672234,2026-04-30 18:45:00+00:00
1777575600000,2259.31,2264.17,2257.49,2263.25,68.81893979,2026-04-30 19:00:00+00:00
1777576500000,2263.26,2265.66,2262.18,2264.92,151.19135041,2026-04-30 19:15:00+00:00
1777577400000,2265.05,2266.05,2263.11,2264.44,34.23593116,2026-04-30 19:30:00+00:00
1777578300000,2264.44,2264.52,2260.03,2261.95,50.92474199,2026-04-30 19:45:00+00:00
1777579200000,2261.16,2263.79,2260.01,2263.19,226.78920037,2026-04-30 20:00:00+00:00
1777580100000,2263.78,2266.42,2261.72,2264.65,863.89736205,2026-04-30 20:15:00+00:00
1777581000000,2264.47,2265.23,2263.67,2264.53,87.20002615,2026-04-30 20:30:00+00:00
1777581900000,2264.52,2264.92,2262.69,2263.31,66.03426366,2026-04-30 20:45:00+00:00
1777582800000,2263.45,2264.0,2260.41,2263.31,81.78669451,2026-04-30 21:00:00+00:00
1777583700000,2263.32,2263.32,2256.81,2256.82,151.2928263,2026-04-30 21:15:00+00:00
1777584600000,2256.99,2259.99,2256.92,2259.21,45.93154389,2026-04-30 21:30:00+00:00
1777585500000,2258.84,2258.9,2253.58,2256.06,88.9228897,2026-04-30 21:45:00+00:00
1777586400000,2256.07,2258.02,2254.91,2257.6,16.00360687,2026-04-30 22:00:00+00:00
1777587300000,2257.61,2260.5,2257.6,2259.77,37.33352983,2026-04-30 22:15:00+00:00
1777588200000,2259.7,2259.83,2253.9,2256.41,87.48891448,2026-04-30 22:30:00+00:00
1777589100000,2256.35,2256.35,2251.73,2252.94,85.83253984,2026-04-30 22:45:00+00:00
1777590000000,2252.94,2256.03,2252.93,2255.25,9.10704005,2026-04-30 23:00:00+00:00
1777590900000,2255.25,2256.46,2254.74,2255.49,32.51709986,2026-04-30 23:15:00+00:00
1777591800000,2255.82,2257.76,2255.54,2257.31,58.71702367,2026-04-30 23:30:00+00:00
1777592700000,2256.69,2258.0,2255.28,2256.51,98.70574393,2026-04-30 23:45:00+00:00
1777593600000,2256.99,2262.99,2256.77,2261.51,53.71688074,2026-05-01 00:00:00+00:00
1777594500000,2261.81,2265.0,2260.12,2261.21,52.66495585,2026-05-01 00:15:00+00:00
1777595400000,2261.38,2262.81,2260.44,2262.81,27.87864756,2026-05-01 00:30:00+00:00
1777596300000,2262.65,2264.6,2258.07,2258.72,33.51648215,2026-05-01 00:45:00+00:00
1777597200000,2258.84,2264.26,2258.84,2262.85,36.60544018,2026-05-01 01:00:00+00:00
1777598100000,2264.37,2264.62,2260.93,2261.32,16.47992747,2026-05-01 01:15:00+00:00
1777599000000,2261.84,2265.05,2261.29,2265.01,15.98773338,2026-05-01 01:30:00+00:00
1777599900000,2264.78,2269.01,2264.13,2266.94,60.88861307,2026-05-01 01:45:00+00:00
1777600800000,2266.95,2269.28,2264.76,2266.09,78.64132153,2026-05-01 02:00:00+00:00
1777601700000,2266.11,2267.24,2264.4,2265.62,9.56745323,2026-05-01 02:15:00+00:00
1777602600000,2265.78,2267.27,2264.05,2265.47,76.73953847,2026-05-01 02:30:00+00:00
1777603500000,2265.43,2266.94,2264.5,2266.15,57.64490813,2026-05-01 02:45:00+00:00
1777604400000,2266.15,2269.98,2265.16,2268.71,24.9812015,2026-05-01 03:00:00+00:00
1777605300000,2268.69,2293.55,2268.68,2283.81,398.5971543,2026-05-01 03:15:00+00:00
1777606200000,2283.97,2286.98,2279.71,2283.14,49.44935595,2026-05-01 03:30:00+00:00
1777607100000,2283.16,2284.8,2281.04,2281.91,32.84750693,2026-05-01 03:45:00+00:00
1777608000000,2282.02,2283.89,2280.41,2282.33,28.49335096,2026-05-01 04:00:00+00:00
1777608900000,2283.1,2284.79,2277.16,2277.82,14.20169226,2026-05-01 04:15:00+00:00
1777609800000,2278.45,2280.19,2277.23,2280.19,44.93284919,2026-05-01 04:30:00+00:00
1777610700000,2279.88,2280.52,2278.7,2279.55,13.43800188,2026-05-01 04:45:00+00:00
1777611600000,2279.56,2285.21,2277.82,2283.44,29.63951519,2026-05-01 05:00:00+00:00
1777612500000,2283.6,2283.6,2281.36,2281.81,30.63005316,2026-05-01 05:15:00+00:00
1777613400000,2281.8,2282.51,2281.12,2282.51,26.63151762,2026-05-01 05:30:00+00:00
1777614300000,2282.5,2284.72,2281.67,2282.58,1078.11446795,2026-05-01 05:45:00+00:00
1777615200000,2282.92,2285.0,2282.06,2284.34,48.93963989,2026-05-01 06:00:00+00:00
1777616100000,2284.31,2285.54,2283.3,2283.57,107.90849255,2026-05-01 06:15:00+00:00
1777617000000,2283.51,2285.07,2277.22,2279.24,104.91426011,2026-05-01 06:30:00+00:00
1777617900000,2279.24,2280.0,2271.72,2276.63,67.36016703,2026-05-01 06:45:00+00:00
1777618800000,2276.72,2278.77,2275.14,2277.06,6.02646343,2026-05-01 07:00:00+00:00
1777619700000,2277.05,2278.04,2273.12,2273.78,9.70337859,2026-05-01 07:15:00+00:00
1777620600000,2273.79,2276.35,2272.74,2275.87,55.98280254,2026-05-01 07:30:00+00:00
1777621500000,2275.69,2280.36,2275.69,2278.82,23.91874052,2026-05-01 07:45:00+00:00
1777622400000,2279.05,2282.61,2276.77,2282.61,58.12599702,2026-05-01 08:00:00+00:00
1777623300000,2283.04,2287.49,2283.04,2285.58,76.26387288,2026-05-01 08:15:00+00:00
1777624200000,2285.77,2286.35,2283.84,2284.37,25.32388625,2026-05-01 08:30:00+00:00
1777625100000,2284.38,2286.94,2283.01,2286.22,87.39823785,2026-05-01 08:45:00+00:00
1777626000000,2286.23,2286.51,2282.71,2284.95,31.62835419,2026-05-01 09:00:00+00:00
1777626900000,2284.95,2285.02,2282.46,2283.98,5.09069852,2026-05-01 09:15:00+00:00
1777627800000,2283.98,2283.98,2282.21,2283.12,68.85946693,2026-05-01 09:30:00+00:00
1777628700000,2283.12,2283.12,2279.22,2281.47,60.48663219,2026-05-01 09:45:00+00:00
1777629600000,2281.04,2281.25,2276.83,2277.5,24.39069894,2026-05-01 10:00:00+00:00
1777630500000,2278.14,2285.31,2278.13,2282.64,82.85116436,2026-05-01 10:15:00+00:00
1777631400000,2282.87,2283.89,2278.99,2279.93,8.78154148,2026-05-01 10:30:00+00:00
1777632300000,2280.09,2282.06,2279.55,2281.85,13.10366129,2026-05-01 10:45:00+00:00
1777633200000,2281.85,2283.2,2281.1,2283.2,21.68772221,2026-05-01 11:00:00+00:00
1777634100000,2283.22,2291.75,2283.08,2284.5,55.88439578,2026-05-01 11:15:00+00:00
1777635000000,2284.58,2286.58,2283.56,2286.33,31.15907334,2026-05-01 11:30:00+00:00
1777635900000,2287.03,2287.03,2282.96,2286.3,26.68718327,2026-05-01 11:45:00+00:00
1777636800000,2286.14,2292.58,2283.39,2289.52,76.16189069,2026-05-01 12:00:00+00:00
1777637700000,2289.57,2304.66,2288.74,2304.41,791.85242237,2026-05-01 12:15:00+00:00
1777638600000,2304.14,2311.24,2302.85,2303.65,407.64286361,2026-05-01 12:30:00+00:00
1777639500000,2303.64,2305.73,2300.75,2300.75,112.45771948,2026-05-01 12:45:00+00:00
1777640400000,2300.75,2314.0,2300.75,2311.17,342.58232611,2026-05-01 13:00:00+00:00
1777641300000,2311.2,2313.13,2306.82,2307.14,104.04044522,2026-05-01 13:15:00+00:00
1777642200000,2307.14,2316.49,2305.91,2307.99,225.05050371,2026-05-01 13:30:00+00:00
1777643100000,2307.99,2322.96,2306.14,2317.44,1456.63971672,2026-05-01 13:45:00+00:00
1777644000000,2317.57,2325.18,2316.83,2320.0,340.59034429,2026-05-01 14:00:00+00:00
1777644900000,2319.02,2320.72,2308.0,2309.1,271.15334762,2026-05-01 14:15:00+00:00
1777645800000,2309.22,2310.01,2301.77,2305.61,559.05533413,2026-05-01 14:30:00+00:00
1777646700000,2305.62,2311.72,2304.57,2307.95,185.86517244,2026-05-01 14:45:00+00:00
1777647600000,2307.71,2310.0,2302.65,2309.83,125.56573055,2026-05-01 15:00:00+00:00
1777648500000,2309.99,2311.33,2307.08,2308.77,49.92269135,2026-05-01 15:15:00+00:00
1777649400000,2309.0,2316.37,2308.84,2313.74,651.11086631,2026-05-01 15:30:00+00:00
1777650300000,2313.75,2314.58,2298.9,2307.36,253.35980327,2026-05-01 15:45:00+00:00
1777651200000,2307.31,2313.97,2305.08,2305.2,68.46705045,2026-05-01 16:00:00+00:00
1777652100000,2305.08,2307.86,2299.3,2303.11,82.99369778,2026-05-01 16:15:00+00:00
1777653000000,2303.11,2304.51,2299.36,2301.4,196.190034,2026-05-01 16:30:00+00:00
1777653900000,2300.85,2305.21,2297.53,2301.59,85.30239341,2026-05-01 16:45:00+00:00
1777654800000,2301.39,2307.3,2298.54,2307.06,67.86513146,2026-05-01 17:00:00+00:00
1777655700000,2307.29,2307.29,2301.74,2303.04,17.37929828,2026-05-01 17:15:00+00:00
1777656600000,2303.16,2310.69,2302.14,2307.49,82.11232641,2026-05-01 17:30:00+00:00
1777657500000,2307.65,2312.92,2306.13,2311.59,260.5181819,2026-05-01 17:45:00+00:00
1777658400000,2311.61,2312.21,2308.0,2308.73,280.37062212,2026-05-01 18:00:00+00:00
1777659300000,2308.64,2311.32,2306.21,2309.59,122.06810677,2026-05-01 18:15:00+00:00
1777660200000,2310.19,2310.19,2305.14,2305.15,99.05286912,2026-05-01 18:30:00+00:00
1777661100000,2305.15,2307.27,2303.53,2304.21,41.57257669,2026-05-01 18:45:00+00:00
1777662000000,2304.28,2307.6,2303.29,2306.33,77.91016064,2026-05-01 19:00:00+00:00
1777662900000,2305.99,2307.52,2302.48,2306.1,163.2652512,2026-05-01 19:15:00+00:00
1777663800000,2306.11,2306.11,2303.95,2304.3,46.49310156,2026-05-01 19:30:00+00:00
1777664700000,2304.46,2306.34,2303.52,2305.46,250.26023939,2026-05-01 19:45:00+00:00
1777665600000,2304.88,2305.45,2302.75,2303.51,29.87905159,2026-05-01 20:00:00+00:00
1777666500000,2303.51,2303.51,2296.21,2300.01,115.95960416,2026-05-01 20:15:00+00:00
1777667400000,2300.0,2300.0,2291.26,2293.94,96.37450253,2026-05-01 20:30:00+00:00
1777668300000,2293.41,2294.88,2279.28,2284.88,219.71529247,2026-05-01 20:45:00+00:00
1777669200000,2284.8,2289.47,2283.72,2285.82,170.33702482,2026-05-01 21:00:00+00:00
1777670100000,2286.38,2291.07,2286.24,2289.77,111.82289671,2026-05-01 21:15:00+00:00
1777671000000,2289.72,2293.85,2287.07,2288.63,260.41528875,2026-05-01 21:30:00+00:00
1777671900000,2288.8,2292.26,2288.65,2292.26,62.91448012,2026-05-01 21:45:00+00:00
1777672800000,2292.26,2296.62,2292.22,2296.01,120.74015018,2026-05-01 22:00:00+00:00
1777673700000,2295.74,2299.25,2295.74,2296.82,244.57168157,2026-05-01 22:15:00+00:00
1777674600000,2296.69,2297.47,2293.34,2294.1,43.84530535,2026-05-01 22:30:00+00:00
1777675500000,2294.38,2294.49,2290.92,2292.93,14.18649465,2026-05-01 22:45:00+00:00
1777676400000,2292.98,2293.47,2291.15,2292.27,34.64290971,2026-05-01 23:00:00+00:00
1777677300000,2292.29,2293.05,2289.01,2289.01,28.3140098,2026-05-01 23:15:00+00:00
1777678200000,2289.19,2293.25,2289.18,2292.13,17.99107657,2026-05-01 23:30:00+00:00
1777679100000,2292.36,2295.42,2292.35,2295.4,12.44508248,2026-05-01 23:45:00+00:00
1777680000000,2295.4,2296.08,2293.43,2293.98,41.08917346,2026-05-02 00:00:00+00:00
1777680900000,2293.92,2297.26,2293.16,2295.44,23.99119628,2026-05-02 00:15:00+00:00
1777681800000,2295.57,2297.56,2294.25,2297.56,11.6240385,2026-05-02 00:30:00+00:00
1777682700000,2297.52,2298.59,2295.67,2297.35,9.95978042,2026-05-02 00:45:00+00:00
1777683600000,2297.35,2299.02,2295.66,2297.67,44.84075285,2026-05-02 01:00:00+00:00
1777684500000,2298.27,2298.28,2296.17,2297.11,9.235684,2026-05-02 01:15:00+00:00
1777685400000,2297.18,2300.0,2297.18,2297.97,52.11965928,2026-05-02 01:30:00+00:00
1777686300000,2298.69,2298.99,2297.47,2297.77,9.43980854,2026-05-02 01:45:00+00:00
1777687200000,2298.57,2299.09,2297.04,2297.65,7.44353506,2026-05-02 02:00:00+00:00
1777688100000,2297.1,2298.0,2295.26,2295.31,18.45501744,2026-05-02 02:15:00+00:00
1777689000000,2295.49,2299.73,2295.17,2298.74,49.87231664,2026-05-02 02:30:00+00:00
1777689900000,2298.73,2307.0,2298.73,2303.25,52.1436318,2026-05-02 02:45:00+00:00
1777690800000,2303.25,2304.78,2300.68,2302.33,14.05118809,2026-05-02 03:00:00+00:00
1777691700000,2302.0,2306.83,2300.68,2304.8,17.16282607,2026-05-02 03:15:00+00:00
1777692600000,2305.09,2307.76,2303.38,2303.41,48.96453348,2026-05-02 03:30:00+00:00
1777693500000,2303.28,2305.6,2303.27,2304.34,5.86912612,2026-05-02 03:45:00+00:00
1777694400000,2304.13,2304.81,2300.73,2302.24,21.89801276,2026-05-02 04:00:00+00:00
1777695300000,2301.96,2303.43,2301.79,2302.41,23.91767185,2026-05-02 04:15:00+00:00
1777696200000,2302.4,2303.51,2300.86,2301.73,53.56837647,2026-05-02 04:30:00+00:00
1777697100000,2301.73,2301.73,2299.5,2300.99,23.35586415,2026-05-02 04:45:00+00:00
1777698000000,2300.99,2301.12,2297.57,2298.0,9.82873049,2026-05-02 05:00:00+00:00
1777698900000,2297.99,2299.61,2296.61,2299.43,8.17716083,2026-05-02 05:15:00+00:00
1777699800000,2299.41,2300.74,2299.41,2299.85,10.87717212,2026-05-02 05:30:00+00:00
1777700700000,2299.8,2300.69,2299.5,2299.51,22.9204748,2026-05-02 05:45:00+00:00
1777701600000,2299.51,2302.39,2299.5,2299.51,6.85344861,2026-05-02 06:00:00+00:00
1777702500000,2299.51,2300.51,2297.17,2297.17,8.46516571,2026-05-02 06:15:00+00:00
1777703400000,2297.02,2301.66,2297.02,2301.66,14.08143188,2026-05-02 06:30:00+00:00
1777704300000,2301.57,2305.5,2301.57,2305.2,29.66093669,2026-05-02 06:45:00+00:00
1777705200000,2305.2,2305.89,2304.08,2304.58,6.43079119,2026-05-02 07:00:00+00:00
1777706100000,2304.68,2305.6,2304.61,2305.46,158.40282936,2026-05-02 07:15:00+00:00
1777707000000,2304.95,2305.19,2302.0,2302.01,8.21499699,2026-05-02 07:30:00+00:00
1777707900000,2302.0,2302.49,2300.56,2300.56,14.79918081,2026-05-02 07:45:00+00:00
1777708800000,2300.76,2301.1,2299.0,2301.08,2.59665946,2026-05-02 08:00:00+00:00
1777709700000,2301.07,2303.09,2300.23,2302.63,3.98983096,2026-05-02 08:15:00+00:00
1777710600000,2302.55,2304.19,2302.55,2304.17,31.82245751,2026-05-02 08:30:00+00:00
1777711500000,2304.18,2304.24,2303.3,2303.43,27.9945061,2026-05-02 08:45:00+00:00
1777712400000,2303.43,2304.96,2303.42,2304.72,8.84979589,2026-05-02 09:00:00+00:00
1777713300000,2304.91,2305.44,2304.91,2305.44,4.32444287,2026-05-02 09:15:00+00:00
1777714200000,2305.44,2307.0,2303.59,2305.76,35.70653706,2026-05-02 09:30:00+00:00
1777715100000,2305.66,2305.83,2305.12,2305.18,29.05428242,2026-05-02 09:45:00+00:00
1777716000000,2305.17,2305.18,2303.68,2304.96,22.64586917,2026-05-02 10:00:00+00:00
1777716900000,2304.5,2305.77,2303.98,2303.99,13.30914422,2026-05-02 10:15:00+00:00
1777717800000,2303.99,2304.18,2302.11,2302.74,30.20109731,2026-05-02 10:30:00+00:00
1777718700000,2302.75,2304.2,2302.74,2303.41,3.57608368,2026-05-02 10:45:00+00:00
1777719600000,2303.34,2303.34,2301.0,2301.19,38.62055742,2026-05-02 11:00:00+00:00
1777720500000,2301.18,2304.64,2301.18,2304.4,7.33884818,2026-05-02 11:15:00+00:00
1777721400000,2304.55,2304.58,2301.27,2301.73,14.65455047,2026-05-02 11:30:00+00:00
1777722300000,2301.73,2301.74,2300.01,2301.73,16.04579823,2026-05-02 11:45:00+00:00
1777723200000,2301.74,2302.77,2301.4,2301.52,37.06184008,2026-05-02 12:00:00+00:00
1777724100000,2301.55,2305.32,2301.54,2304.78,35.41584439,2026-05-02 12:15:00+00:00
1777725000000,2304.83,2305.46,2303.17,2304.45,11.58200806,2026-05-02 12:30:00+00:00
1777725900000,2304.34,2304.46,2302.82,2303.16,2.94903852,2026-05-02 12:45:00+00:00
1777726800000,2303.39,2311.51,2303.39,2310.6,233.61686443,2026-05-02 13:00:00+00:00
1777727700000,2310.59,2310.59,2307.37,2307.37,39.6548308,2026-05-02 13:15:00+00:00
1777728600000,2307.61,2308.97,2306.51,2308.91,14.45465219,2026-05-02 13:30:00+00:00
1777729500000,2308.9,2309.15,2306.87,2308.09,459.1597975,2026-05-02 13:45:00+00:00
1777730400000,2308.1,2308.43,2306.04,2306.04,34.89962098,2026-05-02 14:00:00+00:00
1777731300000,2306.05,2308.13,2305.0,2305.73,31.34468088,2026-05-02 14:15:00+00:00
1777732200000,2306.17,2307.86,2305.14,2305.54,38.17460435,2026-05-02 14:30:00+00:00
1777733100000,2305.69,2307.97,2305.69,2306.34,6.58185215,2026-05-02 14:45:00+00:00
1777734000000,2306.15,2308.9,2306.13,2307.58,40.93653949,2026-05-02 15:00:00+00:00
1777734900000,2307.64,2307.68,2305.23,2306.4,20.25340212,2026-05-02 15:15:00+00:00
1777735800000,2306.36,2307.55,2305.74,2307.23,40.69537267,2026-05-02 15:30:00+00:00
1777736700000,2307.14,2309.33,2307.09,2309.24,6.60701469,2026-05-02 15:45:00+00:00
1777737600000,2309.15,2311.72,2307.86,2311.1,29.51649227,2026-05-02 16:00:00+00:00
1777738500000,2311.09,2313.13,2308.18,2308.68,43.54964392,2026-05-02 16:15:00+00:00
1777739400000,2308.35,2309.36,2307.66,2307.98,28.61476387,2026-05-02 16:30:00+00:00
1777740300000,2307.91,2310.86,2307.71,2309.2,64.29451075,2026-05-02 16:45:00+00:00
1777741200000,2309.21,2309.7,2308.4,2308.79,20.36402177,2026-05-02 17:00:00+00:00
1777742100000,2308.59,2308.88,2306.87,2307.15,11.94647918,2026-05-02 17:15:00+00:00
1777743000000,2306.76,2308.21,2305.97,2305.98,15.34040853,2026-05-02 17:30:00+00:00
1777743900000,2305.99,2306.65,2305.52,2305.77,17.5524858,2026-05-02 17:45:00+00:00
1777744800000,2305.78,2305.96,2304.13,2305.7,265.82190676,2026-05-02 18:00:00+00:00
1777745700000,2305.67,2310.02,2305.67,2309.08,10.31387247,2026-05-02 18:15:00+00:00
1777746600000,2308.86,2310.99,2308.52,2309.1,19.3672526,2026-05-02 18:30:00+00:00
1777747500000,2309.1,2310.84,2308.82,2309.83,8.35254049,2026-05-02 18:45:00+00:00
1777748400000,2309.89,2311.98,2308.64,2311.96,117.10528644,2026-05-02 19:00:00+00:00
1777749300000,2311.83,2312.0,2310.46,2310.92,5.49389239,2026-05-02 19:15:00+00:00
1777750200000,2310.46,2312.0,2310.23,2311.99,33.68830025,2026-05-02 19:30:00+00:00
1777751100000,2312.0,2312.0,2310.91,2310.98,12.11815552,2026-05-02 19:45:00+00:00
1777752000000,2310.98,2310.98,2309.36,2309.6,15.53693849,2026-05-02 20:00:00+00:00
1777752900000,2309.55,2310.73,2309.43,2310.55,40.02136934,2026-05-02 20:15:00+00:00
1777753800000,2310.55,2311.72,2310.27,2310.4,33.85909573,2026-05-02 20:30:00+00:00
1777754700000,2310.61,2311.67,2310.4,2311.43,178.19084641,2026-05-02 20:45:00+00:00
1777755600000,2311.52,2311.95,2310.81,2310.81,82.65270749,2026-05-02 21:00:00+00:00
1777756500000,2310.81,2313.15,2310.81,2313.11,15.17320025,2026-05-02 21:15:00+00:00
1777757400000,2313.13,2341.44,2313.11,2328.04,810.82552204,2026-05-02 21:30:00+00:00
1777758300000,2328.51,2330.52,2324.26,2325.56,63.9802363,2026-05-02 21:45:00+00:00
1777759200000,2325.34,2327.49,2323.38,2325.24,140.85410544,2026-05-02 22:00:00+00:00
1777760100000,2325.24,2325.25,2317.61,2318.26,72.52633183,2026-05-02 22:15:00+00:00
1777761000000,2318.58,2324.72,2318.58,2321.03,79.37355183,2026-05-02 22:30:00+00:00
1777761900000,2321.36,2327.98,2321.27,2327.18,83.58739431,2026-05-02 22:45:00+00:00
1777762800000,2326.88,2326.89,2322.05,2322.9,81.30701114,2026-05-02 23:00:00+00:00
1777763700000,2322.91,2323.27,2321.14,2322.48,17.08506542,2026-05-02 23:15:00+00:00
1777764600000,2322.54,2323.43,2317.78,2318.0,29.77894687,2026-05-02 23:30:00+00:00
1777765500000,2318.2,2318.46,2314.01,2316.62,77.11519923,2026-05-02 23:45:00+00:00
1777766400000,2316.81,2317.24,2312.4,2313.42,99.89174747,2026-05-03 00:00:00+00:00
1777767300000,2313.0,2315.59,2309.12,2315.5,68.60540811,2026-05-03 00:15:00+00:00
1777768200000,2315.52,2316.77,2313.18,2313.43,21.5596252,2026-05-03 00:30:00+00:00
1777769100000,2313.63,2314.25,2310.68,2313.86,47.86229186,2026-05-03 00:45:00+00:00
1777770000000,2313.86,2313.86,2305.96,2308.86,36.96529332,2026-05-03 01:00:00+00:00
1777770900000,2309.38,2309.38,2305.0,2307.13,33.49694607,2026-05-03 01:15:00+00:00
1777771800000,2307.36,2307.36,2303.01,2304.1,46.78609742,2026-05-03 01:30:00+00:00
1777772700000,2304.06,2305.28,2302.89,2304.0,126.81209173,2026-05-03 01:45:00+00:00
1777773600000,2303.68,2306.96,2299.26,2302.28,98.38308637,2026-05-03 02:00:00+00:00
1777774500000,2302.74,2303.01,2299.3,2299.31,20.46116311,2026-05-03 02:15:00+00:00
1777775400000,2299.31,2302.1,2299.3,2300.5,26.15691061,2026-05-03 02:30:00+00:00
1777776300000,2300.44,2304.78,2300.17,2302.84,478.97848682,2026-05-03 02:45:00+00:00
1777777200000,2303.22,2303.22,2300.47,2300.51,5.36184364,2026-05-03 03:00:00+00:00
1777778100000,2300.44,2301.06,2299.6,2300.59,11.49653585,2026-05-03 03:15:00+00:00
1777779000000,2300.6,2303.71,2300.26,2300.26,71.68753586,2026-05-03 03:30:00+00:00
1777779900000,2300.31,2302.05,2300.28,2301.61,13.43582398,2026-05-03 03:45:00+00:00
1777780800000,2301.4,2302.4,2297.35,2300.26,65.97757029,2026-05-03 04:00:00+00:00
1777781700000,2300.3,2303.19,2300.3,2302.85,23.02396537,2026-05-03 04:15:00+00:00
1777782600000,2302.85,2303.73,2301.35,2301.51,8.86173479,2026-05-03 04:30:00+00:00
1777783500000,2301.34,2301.61,2301.0,2301.0,6.8252903,2026-05-03 04:45:00+00:00
1777784400000,2301.01,2304.7,2301.0,2303.92,8.10831686,2026-05-03 05:00:00+00:00
1777785300000,2303.93,2303.93,2302.4,2302.56,43.41230475,2026-05-03 05:15:00+00:00
1777786200000,2302.57,2303.44,2302.4,2302.4,176.66162707,2026-05-03 05:30:00+00:00
1777787100000,2302.4,2303.71,2302.1,2303.65,16.09845398,2026-05-03 05:45:00+00:00
1777788000000,2303.97,2303.97,2301.25,2301.25,33.93855426,2026-05-03 06:00:00+00:00
1777788900000,2301.21,2301.21,2300.0,2300.67,11.43582751,2026-05-03 06:15:00+00:00
1777789800000,2300.63,2301.95,2300.63,2301.42,13.19546596,2026-05-03 06:30:00+00:00
1777790700000,2301.46,2306.14,2301.46,2304.01,88.31033679,2026-05-03 06:45:00+00:00
1777791600000,2304.02,2310.96,2304.01,2307.4,32.5298543,2026-05-03 07:00:00+00:00
1777792500000,2307.39,2312.0,2307.39,2310.85,226.20750901,2026-05-03 07:15:00+00:00
1777793400000,2311.75,2313.26,2310.55,2310.55,20.40051234,2026-05-03 07:30:00+00:00
1777794300000,2310.07,2311.02,2308.41,2309.01,26.24778736,2026-05-03 07:45:00+00:00
1777795200000,2309.09,2312.32,2309.01,2310.84,10.40575161,2026-05-03 08:00:00+00:00
1777796100000,2310.57,2311.24,2308.19,2308.62,23.87666241,2026-05-03 08:15:00+00:00
1777797000000,2308.62,2310.08,2307.57,2310.06,4.17991704,2026-05-03 08:30:00+00:00
1777797900000,2309.78,2310.85,2308.18,2308.19,13.74117925,2026-05-03 08:45:00+00:00
1777798800000,2308.23,2308.34,2307.6,2308.09,2.84372686,2026-05-03 09:00:00+00:00
1777799700000,2308.09,2312.95,2308.08,2312.5,36.09824687,2026-05-03 09:15:00+00:00
1777800600000,2312.5,2320.8,2310.73,2315.65,139.550572,2026-05-03 09:30:00+00:00
1777801500000,2315.81,2317.0,2314.81,2316.36,52.55081222,2026-05-03 09:45:00+00:00
1777802400000,2316.34,2316.38,2312.0,2313.27,100.35321195,2026-05-03 10:00:00+00:00
1777803300000,2313.27,2313.48,2311.03,2311.06,12.04062495,2026-05-03 10:15:00+00:00
1777804200000,2311.1,2314.5,2311.1,2314.49,8.12084417,2026-05-03 10:30:00+00:00
1777805100000,2314.02,2314.2,2311.01,2311.26,15.116652,2026-05-03 10:45:00+00:00
1777806000000,2311.33,2315.9,2310.42,2314.71,12.67684806,2026-05-03 11:00:00+00:00
1777806900000,2314.45,2314.52,2313.52,2313.53,7.14540443,2026-05-03 11:15:00+00:00
1777807800000,2313.51,2323.14,2313.5,2321.07,138.26114863,2026-05-03 11:30:00+00:00
1777808700000,2321.53,2326.5,2319.14,2319.15,201.52279326,2026-05-03 11:45:00+00:00
1777809600000,2319.15,2332.33,2319.15,2329.69,179.4464184,2026-05-03 12:00:00+00:00
1777810500000,2329.79,2329.79,2325.01,2326.45,15.80818014,2026-05-03 12:15:00+00:00
1777811400000,2326.46,2326.46,2323.87,2325.21,46.0395958,2026-05-03 12:30:00+00:00
1777812300000,2325.11,2326.27,2323.15,2324.25,58.18741377,2026-05-03 12:45:00+00:00
1777813200000,2324.89,2328.0,2324.88,2327.21,45.81190808,2026-05-03 13:00:00+00:00
1777814100000,2327.3,2327.3,2323.3,2323.99,19.13527076,2026-05-03 13:15:00+00:00
1777815000000,2324.0,2326.68,2320.55,2321.98,140.87702894,2026-05-03 13:30:00+00:00
1777815900000,2322.15,2323.23,2321.37,2322.17,210.09977468,2026-05-03 13:45:00+00:00
1777816800000,2322.65,2326.31,2321.8,2325.44,20.55086263,2026-05-03 14:00:00+00:00
1777817700000,2325.44,2326.26,2321.04,2324.17,228.66661759,2026-05-03 14:15:00+00:00
1777818600000,2324.18,2325.72,2323.36,2325.41,34.30041995,2026-05-03 14:30:00+00:00
1777819500000,2325.55,2329.03,2323.3,2328.49,130.94821157,2026-05-03 14:45:00+00:00
1777820400000,2327.89,2330.19,2327.89,2328.39,139.88846883,2026-05-03 15:00:00+00:00
1777821300000,2328.38,2331.33,2328.22,2331.09,41.97150029,2026-05-03 15:15:00+00:00
1777822200000,2331.33,2332.33,2325.71,2327.38,104.14420721,2026-05-03 15:30:00+00:00
1777823100000,2327.39,2328.43,2325.0,2328.03,222.81513697,2026-05-03 15:45:00+00:00
1777824000000,2328.03,2330.28,2324.63,2324.64,18.72631147,2026-05-03 16:00:00+00:00
1777824900000,2324.64,2328.84,2321.93,2328.16,2666.20140257,2026-05-03 16:15:00+00:00
1777825800000,2328.17,2334.76,2328.17,2330.23,411.83558989,2026-05-03 16:30:00+00:00
1777826700000,2330.22,2330.7,2328.19,2328.27,27.02866528,2026-05-03 16:45:00+00:00
1777827600000,2328.28,2328.87,2324.3,2328.8,17.75824581,2026-05-03 17:00:00+00:00
1777828500000,2328.79,2335.51,2328.33,2332.8,3892.80427639,2026-05-03 17:15:00+00:00
1777829400000,2333.33,2335.57,2333.0,2333.4,783.8520124,2026-05-03 17:30:00+00:00
1777830300000,2333.41,2333.41,2330.6,2332.31,2048.95456814,2026-05-03 17:45:00+00:00
1777831200000,2332.31,2333.03,2329.27,2329.71,205.62467747,2026-05-03 18:00:00+00:00
1777832100000,2328.99,2333.09,2328.6,2331.81,318.36267479,2026-05-03 18:15:00+00:00
1777833000000,2332.46,2332.46,2329.51,2330.4,80.3620962,2026-05-03 18:30:00+00:00
1777833900000,2330.39,2332.69,2330.39,2330.88,150.77831881,2026-05-03 18:45:00+00:00
1777834800000,2330.9,2332.46,2330.0,2330.01,74.78326052,2026-05-03 19:00:00+00:00
1777835700000,2330.01,2330.15,2328.11,2328.26,177.85186386,2026-05-03 19:15:00+00:00
1777836600000,2328.25,2338.72,2327.98,2335.86,5019.29610267,2026-05-03 19:30:00+00:00
1777837500000,2335.74,2336.3,2333.92,2336.19,188.7851681,2026-05-03 19:45:00+00:00
1777838400000,2336.19,2336.81,2333.87,2334.13,63.72825544,2026-05-03 20:00:00+00:00
1777839300000,2333.85,2339.47,2332.23,2335.55,1488.85241038,2026-05-03 20:15:00+00:00
1777840200000,2335.56,2344.35,2335.14,2336.87,844.96763272,2026-05-03 20:30:00+00:00
1777841100000,2336.86,2337.28,2328.38,2329.57,185.8345129,2026-05-03 20:45:00+00:00
1777842000000,2330.0,2333.85,2325.76,2333.05,222.67503295,2026-05-03 21:00:00+00:00
1777842900000,2333.04,2333.27,2329.88,2330.16,75.53329913,2026-05-03 21:15:00+00:00
1777843800000,2329.91,2332.06,2315.5,2318.89,236.32670313,2026-05-03 21:30:00+00:00
1777844700000,2318.32,2324.53,2316.32,2323.8,88.24803116,2026-05-03 21:45:00+00:00
1777845600000,2323.96,2352.29,2323.96,2347.37,976.22610418,2026-05-03 22:00:00+00:00
1777846500000,2350.04,2355.95,2335.45,2338.0,311.46016228,2026-05-03 22:15:00+00:00
1777847400000,2338.0,2346.9,2335.08,2345.95,47.81136172,2026-05-03 22:30:00+00:00
1777848300000,2346.33,2351.05,2341.84,2343.38,51.22454536,2026-05-03 22:45:00+00:00
1777849200000,2343.68,2347.24,2336.38,2338.24,185.2132577,2026-05-03 23:00:00+00:00
1777850100000,2338.61,2338.71,2321.37,2326.67,258.08065783,2026-05-03 23:15:00+00:00
1777851000000,2325.89,2328.73,2323.97,2324.34,93.7018937,2026-05-03 23:30:00+00:00
1777851900000,2322.79,2325.37,2320.0,2322.47,112.80395357,2026-05-03 23:45:00+00:00
1777852800000,2322.56,2322.56,2314.63,2317.86,134.5157229,2026-05-04 00:00:00+00:00
1777853700000,2317.5,2317.5,2308.95,2312.96,102.91071362,2026-05-04 00:15:00+00:00
1777854600000,2312.55,2315.25,2309.9,2312.08,52.07924816,2026-05-04 00:30:00+00:00
1777855500000,2312.09,2319.89,2312.09,2318.8,128.59756594,2026-05-04 00:45:00+00:00
1777856400000,2318.8,2320.91,2312.99,2317.2,46.33220625,2026-05-04 01:00:00+00:00
1777857300000,2317.2,2320.2,2313.14,2320.2,84.28886701,2026-05-04 01:15:00+00:00
1777858200000,2319.95,2339.65,2319.94,2327.79,224.47751884,2026-05-04 01:30:00+00:00
1777859100000,2327.17,2353.29,2327.17,2350.21,574.04713898,2026-05-04 01:45:00+00:00
1777860000000,2351.02,2362.02,2345.65,2359.9,431.54970634,2026-05-04 02:00:00+00:00
1777860900000,2360.01,2371.06,2355.97,2362.99,654.96053669,2026-05-04 02:15:00+00:00
1777861800000,2363.0,2382.49,2363.0,2379.88,311.5050031,2026-05-04 02:30:00+00:00
1777862700000,2380.17,2387.0,2374.0,2374.0,335.51240258,2026-05-04 02:45:00+00:00
1777863600000,2374.59,2385.49,2371.45,2384.32,739.889114,2026-05-04 03:00:00+00:00
1777864500000,2384.61,2390.98,2378.33,2379.7,222.23049498,2026-05-04 03:15:00+00:00
1777865400000,2380.3,2384.12,2375.6,2378.0,87.50521335,2026-05-04 03:30:00+00:00
1777866300000,2378.0,2384.92,2377.35,2384.7,262.67864507,2026-05-04 03:45:00+00:00
1777867200000,2384.71,2387.8,2384.22,2385.75,97.67231481,2026-05-04 04:00:00+00:00
1777868100000,2386.0,2398.34,2384.6,2389.57,220.67376804,2026-05-04 04:15:00+00:00
1777869000000,2390.16,2393.55,2388.86,2391.8,211.55456821,2026-05-04 04:30:00+00:00
1777869900000,2391.95,2395.06,2388.79,2389.91,196.82367876,2026-05-04 04:45:00+00:00
1777870800000,2389.91,2390.9,2382.77,2383.85,356.90501936,2026-05-04 05:00:00+00:00
1777871700000,2383.89,2384.12,2376.93,2378.28,1326.54087194,2026-05-04 05:15:00+00:00
1777872600000,2377.3,2381.27,2375.13,2379.8,181.06847367,2026-05-04 05:30:00+00:00
1777873500000,2379.81,2379.81,2375.13,2376.06,222.96817627,2026-05-04 05:45:00+00:00
1777874400000,2375.78,2377.81,2371.21,2372.61,145.75605147,2026-05-04 06:00:00+00:00
1777875300000,2371.68,2371.7,2354.0,2360.36,286.05282949,2026-05-04 06:15:00+00:00
1777876200000,2361.72,2365.57,2360.0,2363.39,139.19965301,2026-05-04 06:30:00+00:00
1777877100000,2363.78,2372.01,2363.61,2367.88,97.14405532,2026-05-04 06:45:00+00:00
1777878000000,2368.22,2371.8,2366.59,2371.61,21.52651845,2026-05-04 07:00:00+00:00
1777878900000,2371.61,2373.13,2368.14,2369.03,79.84248525,2026-05-04 07:15:00+00:00
1777879800000,2368.92,2368.92,2362.89,2366.36,562.25476716,2026-05-04 07:30:00+00:00
1777880700000,2366.84,2369.12,2362.29,2362.45,21.44262408,2026-05-04 07:45:00+00:00
1777881600000,2362.47,2363.46,2357.79,2363.0,103.40752489,2026-05-04 08:00:00+00:00
1777882500000,2362.99,2363.38,2357.82,2359.9,93.8929921,2026-05-04 08:15:00+00:00
1777883400000,2359.94,2362.24,2358.68,2360.27,65.67499519,2026-05-04 08:30:00+00:00
1777884300000,2360.07,2363.27,2357.59,2359.58,51.9343722,2026-05-04 08:45:00+00:00
1777885200000,2359.71,2362.42,2357.59,2360.78,30.68923577,2026-05-04 09:00:00+00:00
1777886100000,2360.47,2364.69,2360.47,2362.22,78.99040404,2026-05-04 09:15:00+00:00
1777887000000,2362.11,2370.11,2361.28,2369.15,183.55014328,2026-05-04 09:30:00+00:00
1777887900000,2368.99,2370.57,2365.9,2367.97,84.5637231,2026-05-04 09:45:00+00:00
1777888800000,2368.19,2369.41,2322.94,2328.13,1385.10124483,2026-05-04 10:00:00+00:00
1777889700000,2328.29,2328.29,2313.68,2323.71,583.29376224,2026-05-04 10:15:00+00:00
1777890600000,2323.71,2346.26,2322.02,2341.06,358.01023304,2026-05-04 10:30:00+00:00
1777891500000,2341.06,2343.66,2335.5,2338.5,112.16333917,2026-05-04 10:45:00+00:00
1777892400000,2337.95,2342.8,2336.72,2341.25,195.30860911,2026-05-04 11:00:00+00:00
1777893300000,2341.58,2343.21,2335.5,2336.25,1488.83553771,2026-05-04 11:15:00+00:00
1777894200000,2336.24,2338.73,2332.96,2334.01,107.64233505,2026-05-04 11:30:00+00:00
1777895100000,2334.01,2338.73,2334.0,2337.03,43.83648215,2026-05-04 11:45:00+00:00
1777896000000,2337.03,2338.44,2332.96,2337.22,159.75392791,2026-05-04 12:00:00+00:00
1777896900000,2336.93,2343.25,2335.03,2340.64,39.3504044,2026-05-04 12:15:00+00:00
1777897800000,2340.65,2341.3,2336.95,2341.04,26.02974989,2026-05-04 12:30:00+00:00
1777898700000,2341.0,2341.42,2335.41,2335.47,28.44481103,2026-05-04 12:45:00+00:00
1777899600000,2335.35,2339.97,2326.01,2336.9,150.7079886,2026-05-04 13:00:00+00:00
1777900500000,2336.26,2340.06,2336.18,2338.39,67.72762426,2026-05-04 13:15:00+00:00
1777901400000,2338.7,2344.0,2336.19,2336.22,101.15892076,2026-05-04 13:30:00+00:00
1777902300000,2336.19,2342.09,2333.37,2336.25,95.254397,2026-05-04 13:45:00+00:00
1777903200000,2336.24,2341.04,2327.43,2340.52,129.05121547,2026-05-04 14:00:00+00:00
1777904100000,2340.36,2351.45,2340.0,2345.66,302.11509627,2026-05-04 14:15:00+00:00
1777905000000,2345.41,2358.3,2345.41,2353.04,251.55263573,2026-05-04 14:30:00+00:00
1777905900000,2353.04,2381.4,2353.04,2371.14,496.28408569,2026-05-04 14:45:00+00:00
1777906800000,2371.41,2374.57,2361.81,2364.68,1058.90648382,2026-05-04 15:00:00+00:00
1777907700000,2365.6,2370.12,2339.67,2346.86,338.63886032,2026-05-04 15:15:00+00:00
1777908600000,2348.16,2353.03,2342.28,2352.83,76.42199693,2026-05-04 15:30:00+00:00
1777909500000,2353.23,2353.23,2336.59,2349.03,170.31691218,2026-05-04 15:45:00+00:00
1777910400000,2349.86,2351.73,2337.18,2339.99,460.15615727,2026-05-04 16:00:00+00:00
1777911300000,2339.94,2363.95,2336.51,2357.31,311.71603419,2026-05-04 16:15:00+00:00
1777912200000,2357.71,2362.38,2354.55,2360.35,185.5234525,2026-05-04 16:30:00+00:00
1777913100000,2359.31,2359.93,2351.4,2355.05,114.63545543,2026-05-04 16:45:00+00:00
1777914000000,2354.95,2365.0,2353.49,2363.47,175.01751958,2026-05-04 17:00:00+00:00
1777914900000,2363.47,2370.0,2361.15,2367.1,138.20588234,2026-05-04 17:15:00+00:00
1777915800000,2367.0,2369.69,2364.13,2367.41,106.428349,2026-05-04 17:30:00+00:00
1777916700000,2366.96,2379.03,2366.47,2370.09,131.62438139,2026-05-04 17:45:00+00:00
1777917600000,2369.82,2374.95,2367.02,2371.76,243.27159591,2026-05-04 18:00:00+00:00
1777918500000,2371.36,2371.36,2359.0,2363.3,245.20904002,2026-05-04 18:15:00+00:00
1777919400000,2363.38,2365.9,2361.96,2362.43,47.53729033,2026-05-04 18:30:00+00:00
1777920300000,2362.44,2362.44,2357.24,2361.2,67.4494137,2026-05-04 18:45:00+00:00
1777921200000,2361.33,2363.82,2356.64,2362.21,121.27065682,2026-05-04 19:00:00+00:00
1777922100000,2362.23,2362.23,2354.88,2356.73,49.29819311,2026-05-04 19:15:00+00:00
1777923000000,2356.7,2357.3,2353.82,2355.5,275.57142097,2026-05-04 19:30:00+00:00
1777923900000,2354.87,2357.53,2353.29,2356.32,594.24042826,2026-05-04 19:45:00+00:00
1777924800000,2355.86,2357.04,2353.15,2356.4,17.35231252,2026-05-04 20:00:00+00:00
1777925700000,2356.13,2358.35,2350.23,2352.13,517.43681667,2026-05-04 20:15:00+00:00
1777926600000,2351.84,2352.4,2347.27,2349.01,86.60333455,2026-05-04 20:30:00+00:00
1777927500000,2349.01,2351.56,2349.01,2349.74,188.6830421,2026-05-04 20:45:00+00:00
1777928400000,2349.7,2357.19,2349.68,2356.95,21.56535582,2026-05-04 21:00:00+00:00
1777929300000,2357.16,2361.06,2355.7,2358.53,27.93218405,2026-05-04 21:15:00+00:00
1777930200000,2358.93,2362.51,2358.58,2361.25,39.67071484,2026-05-04 21:30:00+00:00
1777931100000,2361.25,2363.99,2360.42,2360.42,24.9071658,2026-05-04 21:45:00+00:00
1777932000000,2360.45,2365.01,2360.4,2363.78,77.13552086,2026-05-04 22:00:00+00:00
1777932900000,2363.7,2365.13,2359.54,2359.81,80.99915957,2026-05-04 22:15:00+00:00
1777933800000,2359.62,2359.62,2354.53,2354.71,54.80810824,2026-05-04 22:30:00+00:00
1777934700000,2354.59,2359.27,2353.1,2354.28,91.86877881,2026-05-04 22:45:00+00:00
1777935600000,2354.28,2354.28,2348.41,2350.38,66.28606553,2026-05-04 23:00:00+00:00
1777936500000,2350.56,2352.81,2348.6,2352.56,15.88283281,2026-05-04 23:15:00+00:00
1777937400000,2352.0,2352.01,2344.39,2344.57,159.52993199,2026-05-04 23:30:00+00:00
1777938300000,2344.44,2346.95,2344.44,2345.82,22.73735076,2026-05-04 23:45:00+00:00
1777939200000,2347.06,2351.6,2344.67,2350.96,58.28777437,2026-05-05 00:00:00+00:00
1777940100000,2350.96,2350.96,2348.2,2348.22,11.87508054,2026-05-05 00:15:00+00:00
1777941000000,2348.1,2356.0,2348.1,2353.92,48.79615343,2026-05-05 00:30:00+00:00
1777941900000,2355.02,2358.93,2354.28,2358.5,24.83750585,2026-05-05 00:45:00+00:00
1777942800000,2358.5,2360.56,2355.39,2359.58,42.93127824,2026-05-05 01:00:00+00:00
1777943700000,2360.08,2362.0,2359.22,2361.16,1064.30805369,2026-05-05 01:15:00+00:00
1777944600000,2361.16,2363.57,2356.5,2361.84,60.45661474,2026-05-05 01:30:00+00:00
1777945500000,2361.67,2364.47,2360.88,2362.03,46.03964103,2026-05-05 01:45:00+00:00
1777946400000,2361.83,2372.89,2359.56,2368.49,189.17490215,2026-05-05 02:00:00+00:00
1777947300000,2368.5,2372.45,2365.62,2367.4,37.0846913,2026-05-05 02:15:00+00:00
1777948200000,2367.05,2375.0,2367.05,2373.31,71.29993531,2026-05-05 02:30:00+00:00
1777949100000,2374.1,2376.54,2364.03,2367.54,33.15094345,2026-05-05 02:45:00+00:00
1777950000000,2367.57,2373.94,2364.06,2372.49,279.26010306,2026-05-05 03:00:00+00:00
1777950900000,2372.57,2377.0,2370.5,2376.79,63.24317783,2026-05-05 03:15:00+00:00
1777951800000,2376.91,2388.25,2375.57,2384.77,423.09621551,2026-05-05 03:30:00+00:00
1777952700000,2385.05,2385.71,2380.15,2382.06,45.17451288,2026-05-05 03:45:00+00:00
1777953600000,2381.88,2385.6,2378.34,2379.78,135.7006567,2026-05-05 04:00:00+00:00
1777954500000,2379.84,2384.44,2379.09,2379.49,100.06312944,2026-05-05 04:15:00+00:00
1777955400000,2379.67,2381.79,2378.15,2378.94,51.22664789,2026-05-05 04:30:00+00:00
1777956300000,2378.53,2384.01,2376.36,2381.1,68.26794565,2026-05-05 04:45:00+00:00
1777957200000,2380.83,2381.34,2377.27,2379.36,144.86310805,2026-05-05 05:00:00+00:00
1777958100000,2379.17,2386.5,2377.71,2384.52,156.26968786,2026-05-05 05:15:00+00:00
1777959000000,2384.39,2390.26,2382.15,2382.16,108.02166462,2026-05-05 05:30:00+00:00
1777959900000,2382.16,2382.16,2377.3,2379.99,82.56930524,2026-05-05 05:45:00+00:00
1777960800000,2379.98,2381.07,2376.39,2377.87,68.67881271,2026-05-05 06:00:00+00:00
1777961700000,2377.53,2377.53,2367.28,2371.1,90.0770696,2026-05-05 06:15:00+00:00
1777962600000,2370.9,2375.17,2370.89,2374.1,120.00442066,2026-05-05 06:30:00+00:00
1777963500000,2373.44,2378.72,2373.44,2378.72,28.18094137,2026-05-05 06:45:00+00:00
1777964400000,2378.29,2382.45,2375.54,2380.94,105.50227704,2026-05-05 07:00:00+00:00
1777965300000,2381.13,2384.94,2379.65,2382.67,514.53469802,2026-05-05 07:15:00+00:00
1777966200000,2382.66,2388.0,2382.31,2386.04,1145.37329115,2026-05-05 07:30:00+00:00
1777967100000,2386.04,2386.04,2379.35,2380.48,280.04405598,2026-05-05 07:45:00+00:00
1777968000000,2380.4,2384.11,2379.72,2384.11,21.04164987,2026-05-05 08:00:00+00:00
1777968900000,2383.93,2383.93,2377.62,2378.18,42.5315207,2026-05-05 08:15:00+00:00
1777969800000,2378.11,2379.75,2372.55,2373.75,52.37658063,2026-05-05 08:30:00+00:00
1777970700000,2374.01,2377.5,2373.9,2376.1,12.09441717,2026-05-05 08:45:00+00:00
1777971600000,2375.87,2376.27,2369.22,2369.22,52.24307837,2026-05-05 09:00:00+00:00
1777972500000,2369.21,2371.7,2367.29,2371.6,60.97474091,2026-05-05 09:15:00+00:00
1777973400000,2371.37,2374.02,2367.17,2368.78,44.68768003,2026-05-05 09:30:00+00:00
1777974300000,2369.28,2370.98,2366.83,2369.3,9.43681281,2026-05-05 09:45:00+00:00
1777975200000,2369.31,2372.09,2367.05,2370.25,14.90662255,2026-05-05 10:00:00+00:00
1777976100000,2370.25,2375.26,2370.06,2374.02,70.92947932,2026-05-05 10:15:00+00:00
1777977000000,2374.22,2378.7,2374.0,2376.17,35.76361013,2026-05-05 10:30:00+00:00
1777977900000,2376.46,2378.09,2373.35,2377.82,49.4923586,2026-05-05 10:45:00+00:00
1777978800000,2378.29,2378.7,2374.98,2378.17,46.56663552,2026-05-05 11:00:00+00:00
1777979700000,2377.92,2378.52,2372.97,2377.7,30.42309758,2026-05-05 11:15:00+00:00
1777980600000,2378.0,2383.0,2376.93,2381.58,48.95643139,2026-05-05 11:30:00+00:00
1777981500000,2381.57,2381.58,2375.0,2379.46,17.58801633,2026-05-05 11:45:00+00:00
1777982400000,2379.69,2382.2,2376.12,2382.2,23.18691373,2026-05-05 12:00:00+00:00
1777983300000,2382.14,2387.59,2381.43,2386.52,269.15138191,2026-05-05 12:15:00+00:00
1777984200000,2386.92,2389.33,2385.51,2388.72,99.49563562,2026-05-05 12:30:00+00:00
1777985100000,2388.89,2390.0,2386.02,2388.88,60.25042749,2026-05-05 12:45:00+00:00
1777986000000,2388.69,2397.6,2388.0,2395.32,498.8418907,2026-05-05 13:00:00+00:00
1777986900000,2395.32,2399.48,2388.94,2389.85,1451.50243719,2026-05-05 13:15:00+00:00
1777987800000,2390.43,2394.67,2383.5,2389.81,340.06684548,2026-05-05 13:30:00+00:00
1777988700000,2390.0,2398.0,2384.46,2388.66,250.34294818,2026-05-05 13:45:00+00:00
1777989600000,2388.82,2392.55,2380.84,2381.58,433.50928353,2026-05-05 14:00:00+00:00
1777990500000,2381.89,2384.99,2369.46,2384.95,554.24200682,2026-05-05 14:15:00+00:00
1777991400000,2384.0,2386.87,2372.03,2377.29,499.59570909,2026-05-05 14:30:00+00:00
1777992300000,2377.07,2381.6,2373.59,2379.03,179.47764382,2026-05-05 14:45:00+00:00
1777993200000,2378.84,2387.78,2375.59,2383.82,252.79471682,2026-05-05 15:00:00+00:00
1777994100000,2383.76,2385.01,2380.44,2384.56,81.44579014,2026-05-05 15:15:00+00:00
1777995000000,2384.95,2386.54,2382.72,2385.77,136.48477293,2026-05-05 15:30:00+00:00
1777995900000,2385.59,2386.89,2381.05,2381.41,42.8982655,2026-05-05 15:45:00+00:00
1777996800000,2381.41,2383.54,2379.6,2380.12,59.63820634,2026-05-05 16:00:00+00:00
1777997700000,2380.42,2382.77,2375.0,2376.74,79.77835103,2026-05-05 16:15:00+00:00
1777998600000,2376.44,2376.57,2361.29,2362.01,371.82226233,2026-05-05 16:30:00+00:00
1777999500000,2361.94,2369.08,2361.94,2365.81,110.06841364,2026-05-05 16:45:00+00:00
1778000400000,2365.79,2369.39,2359.4,2365.89,798.62775061,2026-05-05 17:00:00+00:00
1778001300000,2365.87,2368.19,2364.18,2365.65,211.1129327,2026-05-05 17:15:00+00:00
1778002200000,2365.89,2365.89,2360.4,2362.58,59.01446545,2026-05-05 17:30:00+00:00
1778003100000,2363.18,2363.86,2361.0,2363.2,62.49335227,2026-05-05 17:45:00+00:00
1778004000000,2363.21,2373.39,2363.03,2372.81,414.19210216,2026-05-05 18:00:00+00:00
1778004900000,2372.81,2373.0,2370.01,2372.94,1131.41472711,2026-05-05 18:15:00+00:00
1778005800000,2372.41,2372.41,2369.56,2371.49,128.93046312,2026-05-05 18:30:00+00:00
1778006700000,2371.49,2374.7,2370.74,2372.16,116.4899699,2026-05-05 18:45:00+00:00
1778007600000,2372.15,2372.82,2370.0,2370.01,41.59511907,2026-05-05 19:00:00+00:00
1778008500000,2370.01,2373.32,2370.01,2371.55,23.89517772,2026-05-05 19:15:00+00:00
1778009400000,2370.82,2374.33,2370.35,2373.6,86.14454679,2026-05-05 19:30:00+00:00
1778010300000,2374.01,2376.0,2369.5,2371.57,157.29678822,2026-05-05 19:45:00+00:00
1778011200000,2371.62,2381.55,2371.18,2380.45,125.9684361,2026-05-05 20:00:00+00:00
1778012100000,2380.27,2386.45,2378.18,2380.59,216.36327425,2026-05-05 20:15:00+00:00
1778013000000,2380.62,2386.54,2380.12,2384.02,699.58667763,2026-05-05 20:30:00+00:00
1778013900000,2383.71,2384.44,2382.0,2382.73,695.78746603,2026-05-05 20:45:00+00:00
1778014800000,2382.73,2388.0,2378.33,2378.33,118.07250793,2026-05-05 21:00:00+00:00
1778015700000,2378.11,2380.49,2374.48,2374.98,148.91347316,2026-05-05 21:15:00+00:00
1778016600000,2374.9,2375.14,2368.5,2371.65,129.23973271,2026-05-05 21:30:00+00:00
1778017500000,2371.45,2377.73,2370.66,2375.02,20.59138833,2026-05-05 21:45:00+00:00
1778018400000,2375.36,2381.83,2373.56,2374.69,31.93329842,2026-05-05 22:00:00+00:00
1778019300000,2374.82,2379.47,2373.08,2376.57,9.69576728,2026-05-05 22:15:00+00:00
1778020200000,2376.68,2376.68,2353.79,2361.96,475.31282168,2026-05-05 22:30:00+00:00
1778021100000,2361.78,2375.6,2358.97,2367.87,286.44384349,2026-05-05 22:45:00+00:00
1778022000000,2367.67,2369.82,2363.6,2369.29,62.49260993,2026-05-05 23:00:00+00:00
1778022900000,2369.5,2369.5,2357.43,2358.15,93.06450782,2026-05-05 23:15:00+00:00
1778023800000,2358.15,2360.89,2355.0,2359.39,62.04085341,2026-05-05 23:30:00+00:00
1778024700000,2359.37,2363.32,2359.37,2360.63,52.68746354,2026-05-05 23:45:00+00:00
1778025600000,2360.64,2366.03,2359.92,2363.97,179.73182457,2026-05-06 00:00:00+00:00
1778026500000,2364.2,2366.43,2356.98,2357.21,44.31957421,2026-05-06 00:15:00+00:00
1778027400000,2357.49,2362.66,2356.93,2360.81,82.65483974,2026-05-06 00:30:00+00:00
1778028300000,2360.8,2367.25,2354.3,2364.29,67.9783481,2026-05-06 00:45:00+00:00
1778029200000,2364.28,2368.66,2363.14,2368.41,17.04018021,2026-05-06 01:00:00+00:00
1778030100000,2369.09,2374.28,2368.56,2370.0,65.14349721,2026-05-06 01:15:00+00:00
1778031000000,2370.01,2373.25,2370.0,2370.55,60.96737944,2026-05-06 01:30:00+00:00
1778031900000,2370.56,2375.24,2369.98,2372.64,53.47354022,2026-05-06 01:45:00+00:00
1778032800000,2372.81,2373.0,2368.81,2370.58,25.39335449,2026-05-06 02:00:00+00:00
1778033700000,2370.97,2370.97,2363.04,2363.04,50.28502001,2026-05-06 02:15:00+00:00
1778034600000,2363.32,2365.66,2360.1,2364.13,41.7999953,2026-05-06 02:30:00+00:00
1778035500000,2363.97,2370.02,2363.77,2368.9,44.5844242,2026-05-06 02:45:00+00:00
1778036400000,2369.37,2372.97,2367.79,2368.73,40.14583258,2026-05-06 03:00:00+00:00
1778037300000,2367.92,2380.0,2367.92,2376.14,40.82807896,2026-05-06 03:15:00+00:00
1778038200000,2376.2,2379.9,2374.93,2375.87,151.20067023,2026-05-06 03:30:00+00:00
1778039100000,2375.88,2377.54,2373.98,2376.68,20.91060472,2026-05-06 03:45:00+00:00
1778040000000,2376.68,2378.43,2374.93,2375.72,33.40684011,2026-05-06 04:00:00+00:00
1778040900000,2376.49,2377.6,2372.58,2372.58,44.32962198,2026-05-06 04:15:00+00:00
1778041800000,2372.58,2372.58,2368.73,2371.25,30.60001464,2026-05-06 04:30:00+00:00
1778042700000,2371.16,2373.34,2361.69,2366.29,196.37388748,2026-05-06 04:45:00+00:00
1778043600000,2365.78,2366.56,2362.56,2363.73,147.3912273,2026-05-06 05:00:00+00:00
1778044500000,2363.61,2365.83,2363.16,2364.12,44.58302584,2026-05-06 05:15:00+00:00
1778045400000,2365.03,2365.22,2355.0,2360.27,168.34005459,2026-05-06 05:30:00+00:00
1778046300000,2360.25,2364.79,2360.25,2364.79,21.08551841,2026-05-06 05:45:00+00:00
1778047200000,2364.79,2366.63,2361.58,2363.28,21.5680045,2026-05-06 06:00:00+00:00
1778048100000,2363.15,2366.17,2360.76,2366.16,44.48679105,2026-05-06 06:15:00+00:00
1778049000000,2365.49,2369.81,2364.19,2369.66,185.47266511,2026-05-06 06:30:00+00:00
1778049900000,2369.93,2370.78,2368.01,2370.0,39.73867155,2026-05-06 06:45:00+00:00
1778050800000,2370.29,2373.48,2368.27,2370.01,32.97255133,2026-05-06 07:00:00+00:00
1778051700000,2371.25,2375.16,2370.0,2374.13,39.3434029,2026-05-06 07:15:00+00:00
1778052600000,2373.52,2373.52,2370.0,2371.35,18.28119389,2026-05-06 07:30:00+00:00
1778053500000,2371.41,2372.74,2369.43,2370.9,49.17573516,2026-05-06 07:45:00+00:00
1778054400000,2371.0,2378.64,2369.26,2376.53,138.67962504,2026-05-06 08:00:00+00:00
1778055300000,2376.36,2377.37,2375.03,2377.37,33.79273922,2026-05-06 08:15:00+00:00
1778056200000,2377.36,2386.01,2377.36,2382.01,158.18159325,2026-05-06 08:30:00+00:00
1778057100000,2382.61,2395.56,2380.11,2393.74,258.75953474,2026-05-06 08:45:00+00:00
1778058000000,2393.99,2395.89,2389.6,2391.34,254.45606014,2026-05-06 09:00:00+00:00
1778058900000,2391.34,2393.41,2384.84,2389.86,284.38495347,2026-05-06 09:15:00+00:00
1778059800000,2389.85,2417.62,2389.84,2417.61,1956.92400924,2026-05-06 09:30:00+00:00
1778060700000,2417.36,2417.36,2406.16,2412.3,328.41100273,2026-05-06 09:45:00+00:00
1778061600000,2412.41,2413.1,2406.38,2410.75,63.30409863,2026-05-06 10:00:00+00:00
1778062500000,2410.93,2413.56,2408.96,2410.36,522.94655378,2026-05-06 10:15:00+00:00
1778063400000,2410.68,2414.15,2408.75,2409.65,253.43590848,2026-05-06 10:30:00+00:00
1778064300000,2409.53,2414.17,2408.15,2410.13,171.69183239,2026-05-06 10:45:00+00:00
1778065200000,2409.95,2414.0,2408.54,2413.25,179.85162266,2026-05-06 11:00:00+00:00
1778066100000,2413.4,2423.0,2413.35,2414.98,356.78674579,2026-05-06 11:15:00+00:00
1778067000000,2414.85,2418.48,2410.0,2410.0,122.89741105,2026-05-06 11:30:00+00:00
1778067900000,2409.67,2413.88,2407.27,2409.91,199.88678344,2026-05-06 11:45:00+00:00
1778068800000,2409.92,2412.23,2403.53,2403.57,303.70414913,2026-05-06 12:00:00+00:00
1778069700000,2403.53,2413.0,2400.0,2409.67,150.77270262,2026-05-06 12:15:00+00:00
1778070600000,2409.6,2411.69,2407.34,2408.28,55.1032557,2026-05-06 12:30:00+00:00
1778071500000,2409.07,2411.02,2401.13,2404.94,228.57031506,2026-05-06 12:45:00+00:00
1778072400000,2404.94,2404.94,2384.44,2389.78,311.14851473,2026-05-06 13:00:00+00:00
1778073300000,2389.57,2393.31,2380.83,2383.01,175.17240631,2026-05-06 13:15:00+00:00
1778074200000,2383.03,2387.08,2374.93,2377.54,292.42571007,2026-05-06 13:30:00+00:00
1778075100000,2377.53,2377.53,2365.45,2369.8,1851.93523609,2026-05-06 13:45:00+00:00
1778076000000,2368.55,2369.57,2346.0,2358.26,675.82949069,2026-05-06 14:00:00+00:00
1778076900000,2358.19,2367.29,2354.98,2363.02,216.84806695,2026-05-06 14:15:00+00:00
1778077800000,2363.01,2369.9,2361.82,2369.9,282.15300892,2026-05-06 14:30:00+00:00
1778078700000,2369.88,2372.02,2357.79,2358.59,212.32931801,2026-05-06 14:45:00+00:00
1778079600000,2359.29,2361.88,2355.0,2355.85,143.64052198,2026-05-06 15:00:00+00:00
1778080500000,2356.32,2365.77,2356.32,2359.44,89.31673904,2026-05-06 15:15:00+00:00
1778081400000,2359.44,2361.54,2354.85,2358.98,242.8603626,2026-05-06 15:30:00+00:00
1778082300000,2359.9,2361.31,2357.3,2358.86,51.35163192,2026-05-06 15:45:00+00:00
1778083200000,2358.86,2366.33,2354.99,2363.57,324.29851179,2026-05-06 16:00:00+00:00
1778084100000,2363.16,2364.23,2350.86,2350.86,251.99871172,2026-05-06 16:15:00+00:00
1778085000000,2350.89,2359.66,2350.21,2358.56,69.01897124,2026-05-06 16:30:00+00:00
1778085900000,2358.51,2361.75,2357.22,2357.67,165.73728894,2026-05-06 16:45:00+00:00
1778086800000,2357.29,2360.0,2357.11,2359.63,98.93702391,2026-05-06 17:00:00+00:00
1778087700000,2358.89,2358.89,2351.98,2354.84,57.62644158,2026-05-06 17:15:00+00:00
1778088600000,2353.35,2354.62,2350.0,2352.76,81.49029905,2026-05-06 17:30:00+00:00
1778089500000,2352.79,2352.79,2348.0,2349.32,96.16784477,2026-05-06 17:45:00+00:00
1778090400000,2349.58,2350.84,2335.54,2348.84,324.55937465,2026-05-06 18:00:00+00:00
1778091300000,2348.85,2351.71,2345.21,2345.41,109.76854288,2026-05-06 18:15:00+00:00
1778092200000,2345.0,2347.5,2342.0,2345.75,148.08723205,2026-05-06 18:30:00+00:00
1778093100000,2345.8,2347.66,2343.3,2344.54,114.84209392,2026-05-06 18:45:00+00:00
1778094000000,2344.54,2347.37,2343.05,2344.84,46.23914904,2026-05-06 19:00:00+00:00
1778094900000,2344.78,2348.5,2342.64,2344.4,104.26740614,2026-05-06 19:15:00+00:00
1778095800000,2343.67,2346.79,2341.65,2345.12,74.46099484,2026-05-06 19:30:00+00:00
1778096700000,2345.14,2349.38,2345.01,2348.61,31.02817406,2026-05-06 19:45:00+00:00
1778097600000,2348.63,2355.62,2348.3,2353.87,1539.49634422,2026-05-06 20:00:00+00:00
1778098500000,2353.01,2356.57,2351.19,2353.13,74.74398123,2026-05-06 20:15:00+00:00
1778099400000,2353.13,2353.13,2345.65,2347.43,117.46013797,2026-05-06 20:30:00+00:00
1778100300000,2346.75,2350.61,2345.07,2350.6,186.92701455,2026-05-06 20:45:00+00:00
1778101200000,2350.63,2352.21,2346.08,2348.57,118.13834017,2026-05-06 21:00:00+00:00
1778102100000,2348.59,2351.34,2348.47,2351.22,27.68187866,2026-05-06 21:15:00+00:00
1778103000000,2351.25,2356.55,2350.0,2355.8,1550.78970186,2026-05-06 21:30:00+00:00
1778103900000,2355.29,2355.67,2352.41,2352.97,32.86176196,2026-05-06 21:45:00+00:00
1778104800000,2354.07,2354.81,2348.73,2350.57,216.43443296,2026-05-06 22:00:00+00:00
1778105700000,2350.16,2350.81,2344.63,2344.63,187.86316364,2026-05-06 22:15:00+00:00
1778106600000,2344.79,2348.33,2344.79,2347.9,40.2659101,2026-05-06 22:30:00+00:00
1778107500000,2348.06,2349.31,2345.0,2347.56,68.03897122,2026-05-06 22:45:00+00:00
1778108400000,2347.03,2347.03,2337.88,2344.11,191.22929872,2026-05-06 23:00:00+00:00
1778109300000,2344.18,2349.28,2343.51,2349.28,79.18696078,2026-05-06 23:15:00+00:00
1778110200000,2349.17,2349.22,2346.54,2349.02,24.65509197,2026-05-06 23:30:00+00:00
1778111100000,2349.02,2351.28,2347.25,2351.0,33.48429562,2026-05-06 23:45:00+00:00
1778112000000,2351.01,2351.95,2348.54,2349.87,44.2721195,2026-05-07 00:00:00+00:00
1778112900000,2350.03,2350.03,2345.0,2345.16,75.170038,2026-05-07 00:15:00+00:00
1778113800000,2345.15,2346.06,2335.06,2336.29,85.1283471,2026-05-07 00:30:00+00:00
1778114700000,2336.36,2338.99,2329.0,2329.0,181.2900542,2026-05-07 00:45:00+00:00
1778115600000,2329.11,2329.83,2313.44,2328.46,1273.44045839,2026-05-07 01:00:00+00:00
1778116500000,2328.46,2331.87,2320.88,2331.87,104.48634262,2026-05-07 01:15:00+00:00
1778117400000,2331.83,2334.64,2328.11,2334.45,116.91212268,2026-05-07 01:30:00+00:00
1778118300000,2334.44,2334.44,2326.68,2327.18,65.46906627,2026-05-07 01:45:00+00:00
1778119200000,2327.14,2327.36,2315.63,2315.67,103.6438654,2026-05-07 02:00:00+00:00
1778120100000,2315.67,2319.13,2314.21,2317.47,243.71697305,2026-05-07 02:15:00+00:00
1778121000000,2317.72,2321.16,2316.46,2317.51,72.31125758,2026-05-07 02:30:00+00:00
1778121900000,2317.66,2323.35,2316.29,2321.93,161.19998737,2026-05-07 02:45:00+00:00
1778122800000,2321.93,2322.41,2319.28,2319.74,23.21965367,2026-05-07 03:00:00+00:00
1778123700000,2319.93,2321.88,2315.5,2320.03,21.05869235,2026-05-07 03:15:00+00:00
1778124600000,2320.01,2323.18,2318.37,2322.85,275.64864893,2026-05-07 03:30:00+00:00
1778125500000,2323.35,2325.78,2321.67,2322.0,28.78635452,2026-05-07 03:45:00+00:00
1778126400000,2322.0,2324.42,2318.0,2324.37,63.31811345,2026-05-07 04:00:00+00:00
1778127300000,2323.69,2327.16,2323.69,2325.48,39.16786986,2026-05-07 04:15:00+00:00
1778128200000,2325.72,2327.08,2322.73,2323.76,26.49027421,2026-05-07 04:30:00+00:00
1778129100000,2324.41,2327.41,2324.41,2327.41,51.1178067,2026-05-07 04:45:00+00:00
1778130000000,2327.22,2332.9,2327.21,2331.11,44.8747827,2026-05-07 05:00:00+00:00
1778130900000,2331.31,2331.88,2329.53,2331.6,63.74767609,2026-05-07 05:15:00+00:00
1778131800000,2331.6,2333.41,2329.49,2331.3,89.78876743,2026-05-07 05:30:00+00:00
1778132700000,2331.11,2331.57,2329.1,2330.97,25.4765487,2026-05-07 05:45:00+00:00
1778133600000,2330.97,2330.97,2321.82,2321.82,50.04574978,2026-05-07 06:00:00+00:00
1778134500000,2321.38,2323.09,2320.0,2322.71,81.93131099,2026-05-07 06:15:00+00:00
1778135400000,2322.85,2336.45,2322.85,2335.82,185.88779412,2026-05-07 06:30:00+00:00
1778136300000,2335.93,2337.69,2332.82,2336.6,45.10865747,2026-05-07 06:45:00+00:00
1778137200000,2337.18,2342.82,2336.7,2342.82,71.98235801,2026-05-07 07:00:00+00:00
1778138100000,2342.81,2345.22,2338.98,2340.01,781.48893325,2026-05-07 07:15:00+00:00
1778139000000,2340.1,2346.13,2340.09,2345.21,97.83757258,2026-05-07 07:30:00+00:00
1778139900000,2345.2,2346.63,2341.72,2344.21,86.2774295,2026-05-07 07:45:00+00:00
1778140800000,2344.38,2346.0,2341.32,2342.01,336.29512253,2026-05-07 08:00:00+00:00
1778141700000,2342.05,2342.05,2335.64,2336.91,57.14240219,2026-05-07 08:15:00+00:00
1778142600000,2337.48,2340.63,2334.08,2334.08,34.48653553,2026-05-07 08:30:00+00:00
1778143500000,2334.11,2339.19,2332.0,2333.2,41.80343496,2026-05-07 08:45:00+00:00
1778144400000,2333.63,2334.96,2332.0,2334.54,45.54914149,2026-05-07 09:00:00+00:00
1778145300000,2334.69,2336.67,2328.99,2331.0,19.02536913,2026-05-07 09:15:00+00:00
1778146200000,2330.87,2333.14,2327.18,2328.05,45.95034418,2026-05-07 09:30:00+00:00
1778147100000,2327.71,2329.89,2327.3,2328.44,60.63126522,2026-05-07 09:45:00+00:00
1778148000000,2328.6,2330.93,2322.68,2325.94,23.96789909,2026-05-07 10:00:00+00:00
1778148900000,2325.4,2328.24,2317.35,2318.01,55.87509821,2026-05-07 10:15:00+00:00
1778149800000,2318.41,2327.06,2318.41,2327.06,19.41621219,2026-05-07 10:30:00+00:00
1778150700000,2327.05,2328.84,2326.07,2327.04,16.43438705,2026-05-07 10:45:00+00:00
1778151600000,2326.93,2330.75,2325.17,2329.22,42.11530344,2026-05-07 11:00:00+00:00
1778152500000,2329.05,2331.79,2327.7,2328.12,141.01414156,2026-05-07 11:15:00+00:00
1778153400000,2328.13,2331.41,2327.81,2330.34,61.21019107,2026-05-07 11:30:00+00:00
1778154300000,2330.3,2331.07,2325.83,2329.97,55.3152131,2026-05-07 11:45:00+00:00
1778155200000,2329.93,2335.83,2328.72,2335.83,40.20699974,2026-05-07 12:00:00+00:00
1778156100000,2335.58,2336.61,2332.02,2333.1,261.74951434,2026-05-07 12:15:00+00:00
1778157000000,2333.1,2336.08,2331.82,2332.98,126.86049641,2026-05-07 12:30:00+00:00
1778157900000,2333.1,2334.8,2330.92,2333.32,372.45693241,2026-05-07 12:45:00+00:00
1778158800000,2333.32,2333.32,2323.11,2323.85,32.39931087,2026-05-07 13:00:00+00:00
1778159700000,2323.94,2329.83,2323.4,2324.53,26.39276588,2026-05-07 13:15:00+00:00
1778160600000,2324.54,2324.54,2315.5,2315.5,730.48323541,2026-05-07 13:30:00+00:00
1778161500000,2315.3,2317.54,2305.53,2314.24,440.88871698,2026-05-07 13:45:00+00:00
1778162400000,2314.23,2318.37,2308.14,2317.64,106.87550112,2026-05-07 14:00:00+00:00
1778163300000,2317.01,2317.16,2308.97,2310.04,321.38388336,2026-05-07 14:15:00+00:00
1778164200000,2309.61,2309.73,2290.0,2296.17,2619.4154802,2026-05-07 14:30:00+00:00
1778165100000,2296.09,2301.69,2295.01,2298.67,1146.18580843,2026-05-07 14:45:00+00:00
1778166000000,2298.67,2304.82,2296.31,2298.94,354.20437576,2026-05-07 15:00:00+00:00
1778166900000,2298.83,2300.66,2286.0,2290.07,175.18730815,2026-05-07 15:15:00+00:00
1778167800000,2290.2,2298.89,2290.0,2296.1,201.96517455,2026-05-07 15:30:00+00:00
1778168700000,2296.11,2298.43,2292.95,2294.15,152.31728812,2026-05-07 15:45:00+00:00
1778169600000,2294.62,2294.74,2287.07,2289.77,462.60074372,2026-05-07 16:00:00+00:00
1778170500000,2289.76,2297.76,2285.61,2296.93,188.52675511,2026-05-07 16:15:00+00:00
1778171400000,2296.83,2297.2,2290.63,2294.27,30.5381425,2026-05-07 16:30:00+00:00
1778172300000,2294.28,2295.87,2289.73,2291.6,87.20766409,2026-05-07 16:45:00+00:00
1778173200000,2291.49,2294.94,2290.57,2293.16,68.06452979,2026-05-07 17:00:00+00:00
1778174100000,2292.65,2294.39,2280.22,2287.92,473.58047617,2026-05-07 17:15:00+00:00
1778175000000,2287.94,2293.02,2286.51,2291.42,203.77115303,2026-05-07 17:30:00+00:00
1778175900000,2291.66,2301.21,2290.14,2299.59,269.50819607,2026-05-07 17:45:00+00:00
1778176800000,2299.6,2303.98,2298.35,2300.59,143.98350051,2026-05-07 18:00:00+00:00
1778177700000,2300.32,2301.88,2299.36,2299.54,319.66433145,2026-05-07 18:15:00+00:00
1778178600000,2299.64,2303.87,2294.32,2295.7,130.24751007,2026-05-07 18:30:00+00:00
1778179500000,2295.7,2299.64,2291.72,2295.75,258.70874127,2026-05-07 18:45:00+00:00
1778180400000,2295.95,2296.66,2290.31,2295.09,292.70613628,2026-05-07 19:00:00+00:00
1778181300000,2294.84,2295.93,2290.0,2290.95,32.34309792,2026-05-07 19:15:00+00:00
1778182200000,2290.94,2296.89,2290.94,2293.62,195.08068507,2026-05-07 19:30:00+00:00
1778183100000,2293.62,2295.95,2288.2,2295.03,135.96929175,2026-05-07 19:45:00+00:00
1778184000000,2295.34,2302.52,2294.21,2295.0,1841.1774405,2026-05-07 20:00:00+00:00
1778184900000,2295.0,2295.77,2292.7,2294.29,237.71440313,2026-05-07 20:15:00+00:00
1778185800000,2294.28,2294.28,2288.06,2290.0,180.61745639,2026-05-07 20:30:00+00:00
1778186700000,2289.69,2290.61,2288.37,2288.71,212.82261133,2026-05-07 20:45:00+00:00
1778187600000,2288.87,2290.43,2281.34,2286.39,877.69165225,2026-05-07 21:00:00+00:00
1778188500000,2286.09,2293.31,2284.87,2293.3,18.25721271,2026-05-07 21:15:00+00:00
1778189400000,2293.36,2293.36,2289.99,2290.65,40.09909962,2026-05-07 21:30:00+00:00
1778190300000,2290.65,2291.92,2288.22,2288.22,54.59140002,2026-05-07 21:45:00+00:00
1778191200000,2287.68,2288.5,2280.42,2287.24,347.68054257,2026-05-07 22:00:00+00:00
1778192100000,2287.11,2289.78,2286.13,2286.37,79.54858952,2026-05-07 22:15:00+00:00
1778193000000,2286.06,2288.41,2281.46,2283.21,124.65351275,2026-05-07 22:30:00+00:00
1778193900000,2283.16,2287.81,2282.6,2287.13,42.45861061,2026-05-07 22:45:00+00:00
1778194800000,2287.14,2290.67,2285.79,2289.31,36.88467473,2026-05-07 23:00:00+00:00
1778195700000,2289.3,2290.15,2287.0,2289.06,30.20967307,2026-05-07 23:15:00+00:00
1778196600000,2289.04,2291.17,2287.02,2291.11,21.41436325,2026-05-07 23:30:00+00:00
1778197500000,2291.1,2292.5,2290.36,2290.77,27.24683542,2026-05-07 23:45:00+00:00
1778198400000,2290.8,2293.73,2290.76,2293.05,40.93694762,2026-05-08 00:00:00+00:00
1778199300000,2293.19,2293.6,2290.0,2290.13,35.24750407,2026-05-08 00:15:00+00:00
1778200200000,2290.13,2290.92,2287.24,2287.59,104.11306138,2026-05-08 00:30:00+00:00
1778201100000,2287.24,2287.25,2283.41,2286.22,84.01457531,2026-05-08 00:45:00+00:00
1778202000000,2286.22,2288.71,2282.77,2282.99,49.24467072,2026-05-08 01:00:00+00:00
1778202900000,2282.51,2285.53,2280.19,2285.4,65.37441815,2026-05-08 01:15:00+00:00
1778203800000,2285.39,2287.47,2283.78,2285.95,25.42224868,2026-05-08 01:30:00+00:00
1778204700000,2285.95,2286.3,2283.11,2284.69,23.98183506,2026-05-08 01:45:00+00:00
1778205600000,2284.69,2285.35,2272.47,2278.2,386.75842607,2026-05-08 02:00:00+00:00
1778206500000,2277.13,2277.44,2267.77,2275.78,337.09900711,2026-05-08 02:15:00+00:00
1778207400000,2275.78,2282.64,2275.27,2279.74,85.43101209,2026-05-08 02:30:00+00:00
1778208300000,2279.54,2281.59,2276.62,2278.61,7.70857764,2026-05-08 02:45:00+00:00
1778209200000,2278.54,2278.54,2265.02,2272.91,254.19009072,2026-05-08 03:00:00+00:00
1778210100000,2272.76,2279.24,2272.76,2278.28,148.88762515,2026-05-08 03:15:00+00:00
1778211000000,2278.62,2280.55,2278.62,2280.4,19.87076342,2026-05-08 03:30:00+00:00
1778211900000,2280.49,2281.06,2278.92,2279.07,56.50885577,2026-05-08 03:45:00+00:00
1778212800000,2279.07,2282.94,2279.06,2282.28,60.19005728,2026-05-08 04:00:00+00:00
1778213700000,2282.27,2284.3,2280.98,2281.47,11.57839825,2026-05-08 04:15:00+00:00
1778214600000,2282.26,2282.26,2276.37,2277.04,19.26976993,2026-05-08 04:30:00+00:00
1778215500000,2277.42,2282.03,2277.42,2281.8,12.14588879,2026-05-08 04:45:00+00:00
1778216400000,2281.8,2281.8,2279.79,2280.68,19.83350445,2026-05-08 05:00:00+00:00
1778217300000,2280.68,2282.1,2279.4,2279.97,32.06840884,2026-05-08 05:15:00+00:00
1778218200000,2279.94,2283.5,2279.94,2282.8,9.7008124,2026-05-08 05:30:00+00:00
1778219100000,2282.8,2283.65,2276.06,2276.16,92.9849399,2026-05-08 05:45:00+00:00
1778220000000,2275.3,2276.79,2270.15,2276.01,33.93782202,2026-05-08 06:00:00+00:00
1778220900000,2276.0,2278.28,2274.73,2274.73,13.93233648,2026-05-08 06:15:00+00:00
1778221800000,2274.73,2276.76,2268.73,2276.06,55.72755433,2026-05-08 06:30:00+00:00
1778222700000,2276.04,2276.04,2273.3,2274.1,26.93403049,2026-05-08 06:45:00+00:00
1778223600000,2275.0,2275.0,2267.92,2268.49,19.1867983,2026-05-08 07:00:00+00:00
1778224500000,2268.55,2271.3,2267.01,2269.5,35.39487957,2026-05-08 07:15:00+00:00
1778225400000,2270.16,2279.77,2270.16,2278.89,19.60712584,2026-05-08 07:30:00+00:00
1778226300000,2279.51,2282.64,2278.96,2281.34,109.83084727,2026-05-08 07:45:00+00:00
1778227200000,2281.1,2282.07,2279.61,2281.31,6.18501645,2026-05-08 08:00:00+00:00
1778228100000,2281.31,2282.46,2280.55,2281.76,12.47783619,2026-05-08 08:15:00+00:00
1778229000000,2281.77,2286.41,2281.76,2285.21,19.8192834,2026-05-08 08:30:00+00:00
1778229900000,2285.21,2288.64,2283.07,2283.27,162.16450817,2026-05-08 08:45:00+00:00
1778230800000,2283.18,2288.77,2280.13,2288.77,16.89656007,2026-05-08 09:00:00+00:00
1778231700000,2288.85,2291.31,2286.68,2287.28,30.8912243,2026-05-08 09:15:00+00:00
1778232600000,2287.18,2288.03,2285.33,2285.55,135.72944003,2026-05-08 09:30:00+00:00
1778233500000,2285.55,2285.55,2281.46,2284.26,25.29902141,2026-05-08 09:45:00+00:00
1778234400000,2283.84,2287.46,2281.48,2282.34,32.90117632,2026-05-08 10:00:00+00:00
1778235300000,2282.31,2284.06,2280.65,2283.0,14.05277262,2026-05-08 10:15:00+00:00
1778236200000,2283.0,2289.89,2283.0,2289.64,41.88072227,2026-05-08 10:30:00+00:00
1778237100000,2289.86,2290.27,2287.15,2287.63,87.67853397,2026-05-08 10:45:00+00:00
1778238000000,2287.63,2292.21,2287.62,2290.34,63.2286615,2026-05-08 11:00:00+00:00
1778238900000,2290.49,2293.72,2290.49,2293.1,52.23638588,2026-05-08 11:15:00+00:00
1778239800000,2293.1,2293.73,2289.65,2289.74,18.36776036,2026-05-08 11:30:00+00:00
1778240700000,2290.68,2296.65,2290.59,2295.5,113.49521989,2026-05-08 11:45:00+00:00
1778241600000,2295.51,2296.81,2290.67,2292.92,104.06253773,2026-05-08 12:00:00+00:00
1778242500000,2293.34,2293.61,2289.57,2292.12,27.77550969,2026-05-08 12:15:00+00:00
1778243400000,2293.15,2301.29,2289.58,2291.14,286.1281379,2026-05-08 12:30:00+00:00
1778244300000,2290.75,2290.79,2282.7,2284.42,55.81426859,2026-05-08 12:45:00+00:00
1778245200000,2284.42,2286.77,2275.55,2275.97,73.58761182,2026-05-08 13:00:00+00:00
1778246100000,2275.92,2279.68,2273.5,2273.5,105.5431641,2026-05-08 13:15:00+00:00
1778247000000,2273.95,2278.22,2269.14,2271.7,49.47582917,2026-05-08 13:30:00+00:00
1778247900000,2271.7,2277.32,2271.0,2275.56,50.24468905,2026-05-08 13:45:00+00:00
1778248800000,2275.78,2284.67,2274.72,2281.24,62.31122749,2026-05-08 14:00:00+00:00
1778249700000,2280.99,2292.1,2280.2,2282.07,140.42188707,2026-05-08 14:15:00+00:00
1778250600000,2281.82,2288.68,2273.54,2287.77,152.68024589,2026-05-08 14:30:00+00:00
1778251500000,2287.77,2289.66,2283.26,2285.54,98.26075404,2026-05-08 14:45:00+00:00
1778252400000,2285.5,2286.95,2280.0,2280.55,100.8219052,2026-05-08 15:00:00+00:00
1778253300000,2280.43,2281.95,2274.46,2277.03,229.27844359,2026-05-08 15:15:00+00:00
1778254200000,2277.37,2286.55,2274.53,2284.65,60.39938265,2026-05-08 15:30:00+00:00
1778255100000,2284.68,2293.73,2283.78,2292.0,106.42273316,2026-05-08 15:45:00+00:00
1778256000000,2292.0,2293.73,2288.08,2290.21,1628.33804367,2026-05-08 16:00:00+00:00
1778256900000,2290.0,2292.73,2287.99,2289.62,127.46342031,2026-05-08 16:15:00+00:00
1778257800000,2289.62,2291.25,2285.84,2291.22,49.74519364,2026-05-08 16:30:00+00:00
1778258700000,2291.22,2292.26,2288.91,2289.33,103.2848657,2026-05-08 16:45:00+00:00
1778259600000,2289.15,2297.78,2289.01,2295.77,108.71590245,2026-05-08 17:00:00+00:00
1778260500000,2295.57,2302.43,2295.31,2301.05,103.47530815,2026-05-08 17:15:00+00:00
1778261400000,2301.33,2314.16,2301.32,2309.34,190.84434835,2026-05-08 17:30:00+00:00
1778262300000,2309.58,2315.26,2300.0,2303.84,187.74972217,2026-05-08 17:45:00+00:00
1778263200000,2303.84,2312.58,2303.84,2312.06,195.1091325,2026-05-08 18:00:00+00:00
1778264100000,2312.61,2319.99,2309.87,2318.13,176.83835121,2026-05-08 18:15:00+00:00
1778265000000,2318.04,2320.44,2315.38,2318.51,160.02829385,2026-05-08 18:30:00+00:00
1778265900000,2318.51,2320.43,2313.25,2313.25,74.05944354,2026-05-08 18:45:00+00:00
1778266800000,2313.56,2319.31,2312.18,2317.21,53.32201593,2026-05-08 19:00:00+00:00
1778267700000,2318.36,2319.66,2314.66,2314.69,103.96809063,2026-05-08 19:15:00+00:00
1778268600000,2315.11,2318.27,2314.73,2315.54,108.64840571,2026-05-08 19:30:00+00:00
1778269500000,2315.86,2316.13,2313.65,2315.0,75.03176723,2026-05-08 19:45:00+00:00
1778270400000,2315.35,2316.45,2312.11,2313.27,58.51702068,2026-05-08 20:00:00+00:00
1778271300000,2313.08,2314.5,2311.0,2312.15,177.67213575,2026-05-08 20:15:00+00:00
1778272200000,2312.15,2312.15,2306.86,2308.02,63.6441241,2026-05-08 20:30:00+00:00
1778273100000,2308.36,2309.79,2304.89,2306.38,319.57623842,2026-05-08 20:45:00+00:00
1778274000000,2306.64,2308.78,2304.37,2305.23,84.66064389,2026-05-08 21:00:00+00:00
1778274900000,2305.92,2309.87,2305.36,2308.32,20.16413313,2026-05-08 21:15:00+00:00
1778275800000,2309.06,2313.56,2308.69,2313.32,103.60828388,2026-05-08 21:30:00+00:00
1778276700000,2313.21,2314.61,2310.28,2314.61,57.13043982,2026-05-08 21:45:00+00:00
1778277600000,2314.51,2318.5,2314.5,2317.81,273.32685882,2026-05-08 22:00:00+00:00
1778278500000,2317.58,2318.74,2312.55,2312.93,127.09808405,2026-05-08 22:15:00+00:00
1778279400000,2312.95,2314.66,2312.55,2312.55,21.82700391,2026-05-08 22:30:00+00:00
1778280300000,2312.55,2313.11,2310.7,2310.92,29.43001478,2026-05-08 22:45:00+00:00
1778281200000,2310.71,2310.74,2306.92,2306.93,53.45533262,2026-05-08 23:00:00+00:00
1778282100000,2306.87,2309.85,2306.17,2307.83,37.79539468,2026-05-08 23:15:00+00:00
1778283000000,2307.62,2307.62,2303.15,2304.48,25.47258974,2026-05-08 23:30:00+00:00
1778283900000,2304.24,2307.35,2304.24,2307.12,10.81379292,2026-05-08 23:45:00+00:00
1778284800000,2307.11,2307.16,2304.19,2305.79,156.10871129,2026-05-09 00:00:00+00:00
1778285700000,2305.79,2310.22,2305.78,2308.03,36.95754812,2026-05-09 00:15:00+00:00
1778286600000,2308.03,2311.19,2308.03,2310.68,70.52024019,2026-05-09 00:30:00+00:00
1778287500000,2310.68,2311.15,2307.18,2308.49,52.64201688,2026-05-09 00:45:00+00:00
1778288400000,2308.49,2313.47,2308.3,2313.47,28.85094065,2026-05-09 01:00:00+00:00
1778289300000,2313.84,2313.84,2309.62,2311.42,24.21064696,2026-05-09 01:15:00+00:00
1778290200000,2311.3,2316.68,2311.23,2315.58,57.26827629,2026-05-09 01:30:00+00:00
1778291100000,2316.41,2317.98,2313.95,2314.11,47.84457404,2026-05-09 01:45:00+00:00
1778292000000,2314.26,2318.23,2314.06,2317.32,42.51110014,2026-05-09 02:00:00+00:00
1778292900000,2317.31,2317.31,2314.97,2315.97,85.03818839,2026-05-09 02:15:00+00:00
1778293800000,2316.0,2320.0,2316.0,2317.53,23.96459445,2026-05-09 02:30:00+00:00
1778294700000,2318.12,2318.37,2316.88,2317.01,26.40996452,2026-05-09 02:45:00+00:00
1778295600000,2317.18,2319.0,2315.04,2317.95,35.03389113,2026-05-09 03:00:00+00:00
1778296500000,2318.84,2320.55,2315.86,2316.66,43.47423618,2026-05-09 03:15:00+00:00
1778297400000,2316.66,2316.66,2312.63,2313.66,41.6107616,2026-05-09 03:30:00+00:00
1778298300000,2313.64,2316.04,2313.63,2315.49,36.35945383,2026-05-09 03:45:00+00:00
1778299200000,2315.23,2324.37,2315.23,2321.55,83.81736896,2026-05-09 04:00:00+00:00
1778300100000,2321.55,2321.56,2316.27,2316.92,41.20836707,2026-05-09 04:15:00+00:00
1778301000000,2316.82,2317.33,2313.13,2313.13,41.51024983,2026-05-09 04:30:00+00:00
1778301900000,2313.36,2314.8,2311.56,2312.26,57.39261588,2026-05-09 04:45:00+00:00
1778302800000,2312.42,2314.54,2310.89,2313.74,19.24896983,2026-05-09 05:00:00+00:00
1778303700000,2313.65,2317.1,2313.54,2315.32,11.43420211,2026-05-09 05:15:00+00:00
1778304600000,2315.38,2318.16,2315.37,2317.23,13.91663264,2026-05-09 05:30:00+00:00
1778305500000,2316.79,2316.79,2314.42,2314.42,27.2364001,2026-05-09 05:45:00+00:00
1778306400000,2314.8,2318.8,2314.8,2318.46,50.44320662,2026-05-09 06:00:00+00:00
1778307300000,2318.5,2318.5,2315.46,2316.38,6.19839817,2026-05-09 06:15:00+00:00
1778308200000,2316.38,2318.43,2313.86,2314.65,19.73456092,2026-05-09 06:30:00+00:00
1778309100000,2314.62,2315.29,2312.75,2313.71,26.51520197,2026-05-09 06:45:00+00:00
1778310000000,2314.37,2315.48,2311.82,2312.76,41.58260089,2026-05-09 07:00:00+00:00
1778310900000,2312.83,2318.32,2312.83,2315.9,21.03353191,2026-05-09 07:15:00+00:00
1778311800000,2315.9,2317.18,2315.02,2315.43,20.30903301,2026-05-09 07:30:00+00:00
1778312700000,2315.75,2315.75,2314.37,2314.62,13.43939081,2026-05-09 07:45:00+00:00
1778313600000,2314.3,2319.04,2314.28,2318.7,23.27925927,2026-05-09 08:00:00+00:00
1778314500000,2318.37,2318.7,2317.92,2318.7,28.56540204,2026-05-09 08:15:00+00:00
1778315400000,2318.7,2319.84,2317.36,2317.36,18.7980634,2026-05-09 08:30:00+00:00
1778316300000,2317.35,2317.41,2315.87,2316.33,232.95911499,2026-05-09 08:45:00+00:00
1778317200000,2316.74,2316.74,2314.71,2315.1,56.78263539,2026-05-09 09:00:00+00:00
1778318100000,2315.06,2315.06,2311.15,2312.74,29.11071732,2026-05-09 09:15:00+00:00
1778319000000,2312.75,2315.03,2312.75,2313.57,12.13380452,2026-05-09 09:30:00+00:00
1778319900000,2313.24,2313.77,2312.08,2312.85,18.86176781,2026-05-09 09:45:00+00:00
1778320800000,2312.92,2313.16,2310.02,2312.53,37.82169827,2026-05-09 10:00:00+00:00
1778321700000,2312.64,2313.97,2311.5,2311.69,2.88614113,2026-05-09 10:15:00+00:00
1778322600000,2311.69,2314.41,2311.68,2314.33,141.32175877,2026-05-09 10:30:00+00:00
1778323500000,2314.33,2314.33,2312.14,2312.28,19.10576922,2026-05-09 10:45:00+00:00
1778324400000,2312.28,2314.97,2312.18,2314.96,22.86255228,2026-05-09 11:00:00+00:00
1778325300000,2314.36,2315.11,2313.34,2314.99,9.18136254,2026-05-09 11:15:00+00:00
1778326200000,2314.95,2315.02,2313.3,2313.42,21.60874722,2026-05-09 11:30:00+00:00
1778327100000,2313.66,2314.93,2313.59,2314.93,4.76309394,2026-05-09 11:45:00+00:00
1778328000000,2314.21,2316.66,2313.81,2313.81,13.2088287,2026-05-09 12:00:00+00:00
1778328900000,2314.01,2318.09,2313.01,2316.45,64.26606416,2026-05-09 12:15:00+00:00
1778329800000,2316.55,2316.55,2314.09,2315.02,70.8133111,2026-05-09 12:30:00+00:00
1778330700000,2315.01,2316.6,2315.01,2316.2,46.6946488,2026-05-09 12:45:00+00:00
1778331600000,2316.29,2316.35,2314.81,2315.24,10.88647037,2026-05-09 13:00:00+00:00
1778332500000,2315.8,2315.8,2313.0,2313.93,9.55613866,2026-05-09 13:15:00+00:00
1778333400000,2313.93,2314.8,2311.68,2312.88,35.36080709,2026-05-09 13:30:00+00:00
1778334300000,2312.89,2313.95,2312.13,2313.95,133.59248612,2026-05-09 13:45:00+00:00
1778335200000,2313.95,2314.87,2312.33,2313.35,9.53340758,2026-05-09 14:00:00+00:00
1778336100000,2313.27,2313.49,2305.91,2307.64,134.43539498,2026-05-09 14:15:00+00:00
1778337000000,2307.91,2308.72,2304.94,2308.47,150.00002289,2026-05-09 14:30:00+00:00
1778337900000,2308.78,2310.55,2305.54,2307.92,69.50945036,2026-05-09 14:45:00+00:00
1778338800000,2308.1,2309.34,2299.0,2302.89,1658.07994493,2026-05-09 15:00:00+00:00
1778339700000,2303.42,2310.49,2303.42,2310.41,57.9579917,2026-05-09 15:15:00+00:00
1778340600000,2310.15,2315.82,2309.92,2313.41,125.06754064,2026-05-09 15:30:00+00:00
1778341500000,2313.34,2317.0,2313.34,2316.99,84.15484913,2026-05-09 15:45:00+00:00
1778342400000,2317.0,2321.38,2315.33,2320.42,72.6518595,2026-05-09 16:00:00+00:00
1778343300000,2320.8,2324.49,2319.78,2319.78,859.53682789,2026-05-09 16:15:00+00:00
1778344200000,2319.57,2321.45,2317.45,2320.21,46.78152381,2026-05-09 16:30:00+00:00
1778345100000,2320.21,2320.94,2318.04,2320.04,96.32698353,2026-05-09 16:45:00+00:00
1778346000000,2319.85,2333.34,2319.85,2330.25,252.88369719,2026-05-09 17:00:00+00:00
1778346900000,2330.25,2331.62,2327.15,2331.54,161.26214376,2026-05-09 17:15:00+00:00
1778347800000,2331.61,2332.67,2330.61,2330.97,159.99783106,2026-05-09 17:30:00+00:00
1778348700000,2330.18,2330.97,2326.12,2329.17,142.96250343,2026-05-09 17:45:00+00:00
1778349600000,2329.16,2332.83,2329.16,2329.8,639.0463585,2026-05-09 18:00:00+00:00
1778350500000,2330.38,2337.42,2329.8,2336.34,114.33842596,2026-05-09 18:15:00+00:00
1778351400000,2336.3,2336.89,2330.34,2331.06,47.59599884,2026-05-09 18:30:00+00:00
1778352300000,2330.96,2330.97,2328.99,2330.05,45.05533893,2026-05-09 18:45:00+00:00
1778353200000,2330.05,2331.02,2328.46,2329.83,57.60722502,2026-05-09 19:00:00+00:00
1778354100000,2329.8,2329.8,2327.01,2328.27,41.99328003,2026-05-09 19:15:00+00:00
1778355000000,2328.53,2328.77,2327.14,2328.19,35.66437816,2026-05-09 19:30:00+00:00
1778355900000,2327.98,2332.83,2327.16,2331.98,43.81111936,2026-05-09 19:45:00+00:00
1778356800000,2331.98,2332.73,2328.0,2328.01,8.57261649,2026-05-09 20:00:00+00:00
1778357700000,2328.01,2329.44,2327.46,2328.49,21.10582956,2026-05-09 20:15:00+00:00
1778358600000,2329.18,2329.99,2327.19,2329.17,67.74287771,2026-05-09 20:30:00+00:00
1778359500000,2329.11,2330.01,2328.24,2329.07,24.5919648,2026-05-09 20:45:00+00:00
1778360400000,2329.08,2331.32,2328.93,2330.56,12.59174466,2026-05-09 21:00:00+00:00
1778361300000,2330.41,2330.71,2328.32,2330.38,12.62513907,2026-05-09 21:15:00+00:00
1778362200000,2330.27,2330.72,2328.84,2329.7,41.86309381,2026-05-09 21:30:00+00:00
1778363100000,2329.64,2331.47,2328.89,2330.71,11.4476153,2026-05-09 21:45:00+00:00
1778364000000,2330.71,2331.32,2329.2,2329.87,77.1539994,2026-05-09 22:00:00+00:00
1778364900000,2329.98,2331.48,2329.98,2330.95,29.75162954,2026-05-09 22:15:00+00:00
1778365800000,2330.67,2333.19,2327.07,2333.09,150.66145574,2026-05-09 22:30:00+00:00
1778366700000,2333.07,2333.07,2329.18,2329.77,269.87470436,2026-05-09 22:45:00+00:00
1778367600000,2329.82,2331.0,2327.36,2327.87,23.0749262,2026-05-09 23:00:00+00:00
1778368500000,2327.87,2327.87,2325.13,2326.1,45.64556918,2026-05-09 23:15:00+00:00
1778369400000,2326.08,2326.76,2324.12,2324.49,13.55159263,2026-05-09 23:30:00+00:00
1778370300000,2324.52,2327.93,2324.51,2326.17,17.88009281,2026-05-09 23:45:00+00:00
1778371200000,2326.17,2327.38,2324.0,2326.76,30.72366325,2026-05-10 00:00:00+00:00
1778372100000,2326.74,2329.35,2326.57,2327.09,21.39734599,2026-05-10 00:15:00+00:00
1778373000000,2327.09,2328.08,2325.16,2327.35,27.82983114,2026-05-10 00:30:00+00:00
1778373900000,2326.9,2326.9,2321.43,2323.32,51.59269421,2026-05-10 00:45:00+00:00
1778374800000,2323.32,2323.32,2321.08,2322.01,35.29880937,2026-05-10 01:00:00+00:00
1778375700000,2321.93,2323.82,2319.54,2319.55,62.95487443,2026-05-10 01:15:00+00:00
1778376600000,2319.55,2321.14,2318.12,2319.72,44.38469766,2026-05-10 01:30:00+00:00
1778377500000,2319.72,2324.14,2319.72,2322.92,39.18064792,2026-05-10 01:45:00+00:00
1778378400000,2323.39,2323.39,2319.9,2321.07,66.26250068,2026-05-10 02:00:00+00:00
1778379300000,2320.95,2326.4,2320.67,2325.86,25.18750966,2026-05-10 02:15:00+00:00
1778380200000,2325.58,2326.96,2324.09,2325.3,19.05519322,2026-05-10 02:30:00+00:00
1778381100000,2325.77,2327.36,2325.31,2326.51,5.12627168,2026-05-10 02:45:00+00:00
1778382000000,2327.61,2328.98,2326.95,2328.62,34.13398065,2026-05-10 03:00:00+00:00
1778382900000,2327.8,2327.93,2325.12,2325.23,4.5718903,2026-05-10 03:15:00+00:00
1778383800000,2325.74,2332.76,2323.44,2328.6,157.21755359,2026-05-10 03:30:00+00:00
1778384700000,2328.61,2329.46,2327.23,2327.23,10.03869326,2026-05-10 03:45:00+00:00
1778385600000,2327.44,2328.12,2325.98,2325.99,47.33295498,2026-05-10 04:00:00+00:00
1778386500000,2327.21,2328.89,2325.82,2328.89,6.64847061,2026-05-10 04:15:00+00:00
1778387400000,2329.04,2330.55,2327.52,2327.52,5.45951902,2026-05-10 04:30:00+00:00
1778388300000,2327.52,2328.9,2326.83,2328.35,3.12748926,2026-05-10 04:45:00+00:00
1778389200000,2328.04,2328.53,2326.44,2328.1,19.47705738,2026-05-10 05:00:00+00:00
1778390100000,2328.84,2329.85,2327.99,2328.56,11.20657895,2026-05-10 05:15:00+00:00
1778391000000,2329.11,2329.66,2327.74,2327.86,7.6573661,2026-05-10 05:30:00+00:00
1778391900000,2327.79,2328.52,2326.15,2326.89,4.03144408,2026-05-10 05:45:00+00:00
1778392800000,2326.89,2328.6,2326.89,2328.29,14.75475554,2026-05-10 06:00:00+00:00
1778393700000,2328.48,2328.75,2326.32,2326.6,215.61264468,2026-05-10 06:15:00+00:00
1778394600000,2326.43,2329.73,2326.43,2329.08,78.64812399,2026-05-10 06:30:00+00:00
1778395500000,2328.85,2329.99,2328.53,2328.91,39.30690553,2026-05-10 06:45:00+00:00
1778396400000,2329.11,2331.0,2327.25,2327.25,12.23431645,2026-05-10 07:00:00+00:00
1778397300000,2327.6,2330.3,2327.6,2329.17,8.73814893,2026-05-10 07:15:00+00:00
1778398200000,2329.04,2329.75,2327.79,2328.56,69.86409572,2026-05-10 07:30:00+00:00
1778399100000,2328.82,2329.63,2326.98,2327.29,48.14785458,2026-05-10 07:45:00+00:00
1778400000000,2327.18,2330.4,2326.77,2328.1,12.07505738,2026-05-10 08:00:00+00:00
1778400900000,2328.07,2331.1,2327.79,2330.25,42.49434033,2026-05-10 08:15:00+00:00
1778401800000,2330.69,2331.31,2328.78,2328.83,10.96142301,2026-05-10 08:30:00+00:00
1778402700000,2328.84,2329.97,2328.78,2329.78,156.46715488,2026-05-10 08:45:00+00:00
1778403600000,2329.94,2333.66,2329.53,2330.2,69.02577909,2026-05-10 09:00:00+00:00
1778404500000,2330.42,2330.83,2329.07,2329.17,2.89788858,2026-05-10 09:15:00+00:00
1778405400000,2328.8,2329.76,2327.04,2327.27,8.3575254,2026-05-10 09:30:00+00:00
1778406300000,2327.37,2328.77,2326.78,2328.07,4.98348205,2026-05-10 09:45:00+00:00
1778407200000,2328.05,2328.74,2324.12,2324.48,41.48952065,2026-05-10 10:00:00+00:00
1778408100000,2324.61,2326.78,2323.54,2326.2,44.79724514,2026-05-10 10:15:00+00:00
1778409000000,2326.23,2326.79,2323.54,2323.55,4.40019506,2026-05-10 10:30:00+00:00
1778409900000,2323.54,2325.88,2323.54,2325.72,6.36070243,2026-05-10 10:45:00+00:00
1778410800000,2325.72,2327.32,2323.54,2323.86,53.67118862,2026-05-10 11:00:00+00:00
1778411700000,2323.86,2325.15,2318.99,2321.85,69.39123952,2026-05-10 11:15:00+00:00
1778412600000,2321.6,2321.7,2319.95,2320.98,9.70914755,2026-05-10 11:30:00+00:00
1778413500000,2321.12,2323.16,2321.0,2322.37,15.45327236,2026-05-10 11:45:00+00:00
1778414400000,2322.31,2323.19,2320.44,2323.0,6.3096045,2026-05-10 12:00:00+00:00
1778415300000,2323.16,2324.62,2322.86,2323.83,5.2542842,2026-05-10 12:15:00+00:00
1778416200000,2323.84,2324.99,2322.33,2323.71,8.72336569,2026-05-10 12:30:00+00:00
1778417100000,2323.67,2324.32,2322.82,2323.71,6.38126564,2026-05-10 12:45:00+00:00
1778418000000,2323.76,2328.94,2323.14,2328.38,941.96714452,2026-05-10 13:00:00+00:00
1778418900000,2328.16,2331.31,2326.71,2329.23,906.95181027,2026-05-10 13:15:00+00:00
1778419800000,2329.24,2330.61,2327.84,2329.33,21.5440727,2026-05-10 13:30:00+00:00
1778420700000,2329.08,2330.33,2328.19,2329.9,84.35454878,2026-05-10 13:45:00+00:00
1778421600000,2329.67,2330.4,2328.41,2329.36,33.05108321,2026-05-10 14:00:00+00:00
1778422500000,2328.98,2328.98,2327.01,2327.4,371.46697432,2026-05-10 14:15:00+00:00
1778423400000,2327.66,2334.34,2326.68,2330.43,533.02240849,2026-05-10 14:30:00+00:00
1778424300000,2330.43,2332.17,2327.0,2330.25,28.47424175,2026-05-10 14:45:00+00:00
1778425200000,2330.76,2337.0,2330.76,2335.0,161.04672115,2026-05-10 15:00:00+00:00
1778426100000,2335.0,2335.48,2333.32,2334.52,22.09165753,2026-05-10 15:15:00+00:00
1778427000000,2334.53,2342.81,2334.5,2341.26,152.68717027,2026-05-10 15:30:00+00:00
1778427900000,2341.27,2350.9,2340.8,2347.29,250.50799901,2026-05-10 15:45:00+00:00
1778428800000,2347.5,2350.0,2345.0,2346.07,187.80387647,2026-05-10 16:00:00+00:00
1778429700000,2346.19,2346.19,2339.97,2345.14,140.695871,2026-05-10 16:15:00+00:00
1778430600000,2344.93,2349.47,2344.18,2345.96,93.25647684,2026-05-10 16:30:00+00:00
1778431500000,2346.04,2349.97,2345.16,2349.62,64.12118588,2026-05-10 16:45:00+00:00
1778432400000,2349.99,2354.38,2345.24,2349.08,247.89994698,2026-05-10 17:00:00+00:00
1778433300000,2348.84,2357.69,2348.59,2354.99,143.03960073,2026-05-10 17:15:00+00:00
1778434200000,2354.99,2358.49,2352.36,2355.0,237.63185914,2026-05-10 17:30:00+00:00
1778435100000,2355.0,2366.82,2355.0,2363.68,745.44103765,2026-05-10 17:45:00+00:00
1778436000000,2364.0,2366.55,2363.25,2364.04,84.42996581,2026-05-10 18:00:00+00:00
1778436900000,2364.51,2365.5,2360.68,2361.51,122.3911612,2026-05-10 18:15:00+00:00
1778437800000,2361.67,2363.37,2356.34,2356.49,217.45081507,2026-05-10 18:30:00+00:00
1778438700000,2356.41,2359.61,2356.18,2358.39,405.29177857,2026-05-10 18:45:00+00:00
1778439600000,2358.39,2358.45,2350.82,2358.15,105.02150366,2026-05-10 19:00:00+00:00
1778440500000,2357.18,2366.46,2357.17,2366.21,351.55226436,2026-05-10 19:15:00+00:00
1778441400000,2366.1,2366.41,2362.32,2364.64,107.04388117,2026-05-10 19:30:00+00:00
1778442300000,2364.52,2366.3,2359.07,2365.78,4065.39214291,2026-05-10 19:45:00+00:00
1778443200000,2365.64,2370.59,2351.82,2354.44,2018.62700839,2026-05-10 20:00:00+00:00
1778444100000,2354.45,2356.52,2347.7,2353.48,365.18094194,2026-05-10 20:15:00+00:00
1778445000000,2353.04,2353.04,2335.53,2335.83,1763.12773805,2026-05-10 20:30:00+00:00
1778445900000,2335.52,2335.52,2312.06,2328.26,1624.48332454,2026-05-10 20:45:00+00:00
1778446800000,2328.48,2334.82,2323.93,2326.0,871.34258889,2026-05-10 21:00:00+00:00
1778447700000,2326.0,2334.9,2324.71,2334.65,87.80816781,2026-05-10 21:15:00+00:00
1778448600000,2334.78,2336.71,2329.82,2335.42,104.12088619,2026-05-10 21:30:00+00:00
1778449500000,2335.78,2335.96,2330.31,2330.89,497.52054981,2026-05-10 21:45:00+00:00
1778450400000,2330.74,2346.65,2328.5,2342.37,209.31697863,2026-05-10 22:00:00+00:00
1778451300000,2342.95,2360.88,2339.73,2355.0,262.28451082,2026-05-10 22:15:00+00:00
1778452200000,2355.37,2373.61,2352.49,2365.93,449.53824184,2026-05-10 22:30:00+00:00
1778453100000,2365.93,2378.73,2365.93,2373.3,605.44324877,2026-05-10 22:45:00+00:00
1778454000000,2374.13,2382.07,2374.13,2378.69,243.68500583,2026-05-10 23:00:00+00:00
1778454900000,2379.72,2381.27,2370.43,2373.99,403.18890078,2026-05-10 23:15:00+00:00
1778455800000,2375.07,2379.64,2372.1,2378.37,311.48207543,2026-05-10 23:30:00+00:00
1778456700000,2379.0,2379.0,2368.21,2370.56,869.74164244,2026-05-10 23:45:00+00:00
1778457600000,2371.13,2373.91,2363.4,2363.4,2212.75256564,2026-05-11 00:00:00+00:00
1778458500000,2363.41,2363.41,2351.14,2355.09,855.90604424,2026-05-11 00:15:00+00:00
1778459400000,2355.48,2363.15,2351.08,2354.6,278.98117841,2026-05-11 00:30:00+00:00
1778460300000,2354.36,2356.89,2345.11,2352.59,96.20041215,2026-05-11 00:45:00+00:00
1778461200000,2352.43,2359.26,2345.82,2355.91,98.57312339,2026-05-11 01:00:00+00:00
1778462100000,2356.16,2364.79,2355.14,2361.9,65.10347431,2026-05-11 01:15:00+00:00
1778463000000,2361.8,2364.78,2356.96,2358.07,509.02552015,2026-05-11 01:30:00+00:00
1778463900000,2356.71,2361.21,2355.15,2358.99,20.00812268,2026-05-11 01:45:00+00:00
1778464800000,2358.33,2360.32,2353.24,2354.3,131.7031717,2026-05-11 02:00:00+00:00
1778465700000,2354.02,2354.02,2347.37,2349.65,42.86343347,2026-05-11 02:15:00+00:00
1778466600000,2349.9,2350.43,2343.31,2344.31,52.17286076,2026-05-11 02:30:00+00:00
1778467500000,2344.23,2346.88,2343.3,2344.34,7.36473146,2026-05-11 02:45:00+00:00
1778468400000,2345.13,2345.13,2326.67,2326.74,415.98476431,2026-05-11 03:00:00+00:00
1778469300000,2326.67,2331.15,2322.6,2325.21,264.58274311,2026-05-11 03:15:00+00:00
1778470200000,2325.16,2328.69,2320.0,2328.69,303.41814783,2026-05-11 03:30:00+00:00
1778471100000,2328.86,2329.97,2327.43,2329.97,30.42905909,2026-05-11 03:45:00+00:00
1778472000000,2329.97,2330.56,2326.11,2328.07,110.89719553,2026-05-11 04:00:00+00:00
1778472900000,2327.83,2331.78,2327.83,2331.16,18.78934583,2026-05-11 04:15:00+00:00
1778473800000,2331.16,2334.25,2331.16,2334.25,26.51175396,2026-05-11 04:30:00+00:00
1778474700000,2334.25,2334.91,2329.45,2333.47,100.92190364,2026-05-11 04:45:00+00:00
1778475600000,2332.21,2334.1,2331.6,2333.14,43.41857543,2026-05-11 05:00:00+00:00
1778476500000,2333.14,2337.55,2332.91,2336.99,145.30893235,2026-05-11 05:15:00+00:00
1778477400000,2336.99,2339.51,2333.55,2333.79,124.22411515,2026-05-11 05:30:00+00:00
1778478300000,2333.78,2336.99,2333.03,2334.53,236.36767445,2026-05-11 05:45:00+00:00
1778479200000,2334.44,2339.49,2332.84,2336.88,85.2465949,2026-05-11 06:00:00+00:00
1778480100000,2336.29,2340.0,2334.5,2338.28,44.45243848,2026-05-11 06:15:00+00:00
1778481000000,2338.28,2340.88,2331.33,2332.52,72.41761478,2026-05-11 06:30:00+00:00
1778481900000,2332.52,2333.55,2330.19,2333.31,20.97151269,2026-05-11 06:45:00+00:00
1778482800000,2333.32,2333.32,2329.0,2330.05,217.88709693,2026-05-11 07:00:00+00:00
1778483700000,2330.52,2332.85,2328.17,2329.69,19.2208407,2026-05-11 07:15:00+00:00
1778484600000,2330.36,2330.89,2327.84,2328.47,12.21780457,2026-05-11 07:30:00+00:00
1778485500000,2328.77,2330.94,2328.38,2329.98,4.37942439,2026-05-11 07:45:00+00:00
1778486400000,2330.13,2331.73,2326.5,2329.26,51.72161106,2026-05-11 08:00:00+00:00
1778487300000,2329.8,2333.36,2327.41,2327.41,26.91704221,2026-05-11 08:15:00+00:00
1778488200000,2327.39,2333.89,2326.8,2333.64,56.02871325,2026-05-11 08:30:00+00:00
1778489100000,2333.6,2334.07,2329.07,2329.64,113.44066533,2026-05-11 08:45:00+00:00
1778490000000,2329.54,2335.68,2329.54,2335.67,29.93315849,2026-05-11 09:00:00+00:00
1778490900000,2335.68,2336.54,2335.01,2335.42,15.14841085,2026-05-11 09:15:00+00:00
1778491800000,2335.23,2335.59,2332.46,2334.54,24.75031223,2026-05-11 09:30:00+00:00
1778492700000,2334.11,2337.27,2333.78,2335.07,113.4247167,2026-05-11 09:45:00+00:00
1778493600000,2335.41,2338.09,2334.04,2336.15,10.39401705,2026-05-11 10:00:00+00:00
1778494500000,2335.91,2338.73,2335.69,2337.23,51.0777386,2026-05-11 10:15:00+00:00
1778495400000,2336.85,2337.36,2329.7,2332.01,15.01849591,2026-05-11 10:30:00+00:00
1778496300000,2332.01,2333.81,2329.52,2329.52,94.97522103,2026-05-11 10:45:00+00:00
1778497200000,2329.52,2332.09,2327.67,2330.37,17.14866547,2026-05-11 11:00:00+00:00
1778498100000,2330.3,2334.35,2330.1,2332.85,32.85464852,2026-05-11 11:15:00+00:00
1778499000000,2333.08,2335.1,2333.06,2334.61,28.40125493,2026-05-11 11:30:00+00:00
1778499900000,2334.55,2335.29,2331.4,2334.79,27.94849968,2026-05-11 11:45:00+00:00
1778500800000,2335.38,2335.38,2328.79,2330.01,279.50620792,2026-05-11 12:00:00+00:00
1778501700000,2330.0,2337.71,2328.98,2336.27,42.4164974,2026-05-11 12:15:00+00:00
1778502600000,2336.27,2338.41,2332.16,2332.5,87.46112396,2026-05-11 12:30:00+00:00
1778503500000,2332.31,2334.63,2327.81,2329.45,68.44652487,2026-05-11 12:45:00+00:00
1778504400000,2328.82,2331.99,2327.9,2330.69,74.41613924,2026-05-11 13:00:00+00:00
1778505300000,2330.51,2330.84,2324.66,2326.81,55.03746046,2026-05-11 13:15:00+00:00
1778506200000,2326.81,2328.78,2314.18,2325.05,377.21702538,2026-05-11 13:30:00+00:00
1778507100000,2324.94,2326.22,2318.92,2321.7,57.15938451,2026-05-11 13:45:00+00:00
1778508000000,2321.52,2327.89,2321.52,2325.77,78.03114085,2026-05-11 14:00:00+00:00
1778508900000,2325.77,2326.2,2312.7,2312.7,78.79277891,2026-05-11 14:15:00+00:00
1778509800000,2312.33,2316.43,2303.59,2311.68,441.15415968,2026-05-11 14:30:00+00:00
1778510700000,2311.75,2316.95,2309.3,2315.44,284.09586022,2026-05-11 14:45:00+00:00
1778511600000,2315.39,2322.77,2312.42,2320.21,238.1946296,2026-05-11 15:00:00+00:00
1778512500000,2320.56,2333.5,2318.84,2332.1,279.74393866,2026-05-11 15:15:00+00:00
1778513400000,2332.1,2334.66,2327.04,2327.17,121.78461236,2026-05-11 15:30:00+00:00
1778514300000,2327.01,2333.86,2326.25,2332.64,74.06397033,2026-05-11 15:45:00+00:00
1778515200000,2332.64,2340.5,2330.24,2338.78,104.30003355,2026-05-11 16:00:00+00:00
1778516100000,2338.84,2340.38,2334.66,2336.16,101.29589796,2026-05-11 16:15:00+00:00
1778517000000,2336.17,2338.1,2327.15,2328.98,69.98590578,2026-05-11 16:30:00+00:00
1778517900000,2328.96,2333.4,2328.96,2329.41,64.21811494,2026-05-11 16:45:00+00:00
1778518800000,2329.16,2329.79,2323.15,2327.13,48.34923424,2026-05-11 17:00:00+00:00
1778519700000,2327.25,2329.74,2326.94,2329.07,28.7100427,2026-05-11 17:15:00+00:00
1778520600000,2328.99,2340.0,2327.89,2340.0,58.96655399,2026-05-11 17:30:00+00:00
1778521500000,2339.55,2342.79,2335.92,2335.93,191.15900412,2026-05-11 17:45:00+00:00
1778522400000,2336.07,2342.85,2335.93,2340.51,82.71971264,2026-05-11 18:00:00+00:00
1778523300000,2340.37,2341.13,2336.0,2340.63,57.24792841,2026-05-11 18:15:00+00:00
1778524200000,2340.65,2343.17,2338.3,2338.49,114.16886126,2026-05-11 18:30:00+00:00
1778525100000,2338.49,2343.27,2334.39,2334.59,148.95901397,2026-05-11 18:45:00+00:00
1778526000000,2334.97,2339.29,2331.23,2338.03,84.45448487,2026-05-11 19:00:00+00:00
1778526900000,2338.02,2342.11,2336.24,2336.99,106.37339559,2026-05-11 19:15:00+00:00
1778527800000,2336.98,2343.35,2336.55,2341.21,189.43509284,2026-05-11 19:30:00+00:00
1778528700000,2341.16,2341.16,2338.37,2339.93,27.14804205,2026-05-11 19:45:00+00:00
1778529600000,2339.98,2344.46,2336.27,2337.56,414.69715933,2026-05-11 20:00:00+00:00
1778530500000,2337.57,2339.61,2336.11,2337.79,152.76450345,2026-05-11 20:15:00+00:00
1778531400000,2338.01,2340.89,2336.12,2337.58,69.26686584,2026-05-11 20:30:00+00:00
1778532300000,2337.27,2340.69,2336.69,2337.49,41.84010364,2026-05-11 20:45:00+00:00
1778533200000,2337.68,2340.36,2337.43,2339.68,131.68390718,2026-05-11 21:00:00+00:00
1778534100000,2339.76,2340.3,2336.12,2336.72,140.29985081,2026-05-11 21:15:00+00:00
1778535000000,2336.71,2340.57,2336.71,2339.74,31.76175082,2026-05-11 21:30:00+00:00
1778535900000,2339.74,2341.43,2338.31,2340.26,49.31330852,2026-05-11 21:45:00+00:00
1778536800000,2340.26,2344.85,2340.0,2341.7,32.98820336,2026-05-11 22:00:00+00:00
1778537700000,2341.96,2342.68,2336.71,2338.27,95.78083378,2026-05-11 22:15:00+00:00
1778538600000,2338.17,2340.42,2338.07,2339.7,44.35356252,2026-05-11 22:30:00+00:00
1778539500000,2340.13,2343.74,2339.56,2341.01,44.77596536,2026-05-11 22:45:00+00:00
1778540400000,2341.01,2341.01,2337.2,2338.37,22.65135516,2026-05-11 23:00:00+00:00
1778541300000,2338.55,2339.35,2335.57,2335.57,17.88585033,2026-05-11 23:15:00+00:00
1778542200000,2335.0,2341.0,2334.63,2340.73,33.36082561,2026-05-11 23:30:00+00:00
1778543100000,2340.73,2341.0,2338.95,2339.4,20.66248437,2026-05-11 23:45:00+00:00
1778544000000,2339.26,2340.2,2335.6,2335.81,182.24797813,2026-05-12 00:00:00+00:00
1778544900000,2335.91,2337.34,2332.95,2334.06,175.95078052,2026-05-12 00:15:00+00:00
1778545800000,2334.06,2336.46,2332.0,2332.01,447.18691088,2026-05-12 00:30:00+00:00
1778546700000,2332.0,2335.52,2332.0,2332.92,54.02110566,2026-05-12 00:45:00+00:00
1778547600000,2332.98,2334.95,2324.72,2325.51,335.80847857,2026-05-12 01:00:00+00:00
1778548500000,2325.15,2326.58,2319.01,2323.17,94.06128206,2026-05-12 01:15:00+00:00
1778549400000,2322.89,2323.2,2295.0,2308.17,797.85618446,2026-05-12 01:30:00+00:00
1778550300000,2307.91,2314.81,2306.08,2310.8,95.0862192,2026-05-12 01:45:00+00:00
1778551200000,2310.59,2316.25,2308.74,2315.23,41.6959157,2026-05-12 02:00:00+00:00
1778552100000,2315.0,2315.0,2306.94,2314.08,155.98107616,2026-05-12 02:15:00+00:00
1778553000000,2314.23,2314.23,2308.4,2310.54,38.00278532,2026-05-12 02:30:00+00:00
1778553900000,2309.91,2314.82,2309.9,2314.26,89.26594625,2026-05-12 02:45:00+00:00
1778554800000,2315.17,2316.31,2310.93,2312.61,39.08146435,2026-05-12 03:00:00+00:00
1778555700000,2312.57,2313.22,2310.47,2311.42,51.76515944,2026-05-12 03:15:00+00:00
1778556600000,2311.42,2313.47,2311.41,2312.38,89.25144993,2026-05-12 03:30:00+00:00
1778557500000,2312.42,2312.42,2306.96,2308.69,125.23010652,2026-05-12 03:45:00+00:00
1778558400000,2308.71,2308.79,2306.29,2306.29,51.55100578,2026-05-12 04:00:00+00:00
1778559300000,2306.29,2311.73,2305.48,2311.41,44.03929299,2026-05-12 04:15:00+00:00
1778560200000,2311.28,2313.06,2311.28,2311.28,18.03308653,2026-05-12 04:30:00+00:00
1778561100000,2312.65,2313.65,2309.99,2310.29,83.27031571,2026-05-12 04:45:00+00:00
1778562000000,2310.13,2312.28,2308.84,2309.41,34.78632103,2026-05-12 05:00:00+00:00
1778562900000,2310.21,2312.91,2309.98,2312.56,50.22651523,2026-05-12 05:15:00+00:00
1778563800000,2312.3,2313.31,2309.33,2311.78,38.17200167,2026-05-12 05:30:00+00:00
1778564700000,2311.72,2312.1,2309.42,2309.42,10.01771855,2026-05-12 05:45:00+00:00
1778565600000,2309.41,2311.33,2308.13,2311.33,84.10640453,2026-05-12 06:00:00+00:00
1778566500000,2311.33,2313.05,2310.18,2310.19,13.62228136,2026-05-12 06:15:00+00:00
1778567400000,2309.55,2309.72,2305.62,2305.83,12.31595288,2026-05-12 06:30:00+00:00
1778568300000,2305.84,2307.6,2302.01,2303.2,37.88801745,2026-05-12 06:45:00+00:00
1778569200000,2303.21,2303.59,2295.03,2302.3,193.00783456,2026-05-12 07:00:00+00:00
1778570100000,2302.69,2303.22,2298.35,2300.56,30.95409157,2026-05-12 07:15:00+00:00
1778571000000,2300.0,2300.53,2296.08,2296.08,29.2462907,2026-05-12 07:30:00+00:00
1778571900000,2296.08,2299.18,2290.99,2295.0,110.11879563,2026-05-12 07:45:00+00:00
1778572800000,2294.16,2295.26,2284.0,2284.55,175.14565783,2026-05-12 08:00:00+00:00
1778573700000,2284.55,2288.03,2280.5,2286.71,85.16291148,2026-05-12 08:15:00+00:00
1778574600000,2286.75,2291.15,2286.75,2291.1,38.7993796,2026-05-12 08:30:00+00:00
1778575500000,2291.14,2291.91,2285.6,2287.17,59.7579276,2026-05-12 08:45:00+00:00
1778576400000,2286.67,2288.24,2282.68,2283.55,114.25618918,2026-05-12 09:00:00+00:00
1778577300000,2283.54,2284.46,2280.02,2284.13,105.75355845,2026-05-12 09:15:00+00:00
1778578200000,2284.04,2293.62,2283.99,2293.29,24.19409091,2026-05-12 09:30:00+00:00
1778579100000,2293.73,2293.99,2289.19,2291.78,56.82550608,2026-05-12 09:45:00+00:00
1778580000000,2291.77,2292.84,2290.6,2291.15,56.32186957,2026-05-12 10:00:00+00:00
1778580900000,2291.16,2292.03,2287.59,2288.28,24.74437331,2026-05-12 10:15:00+00:00
1778581800000,2288.31,2288.69,2282.71,2284.37,144.10066574,2026-05-12 10:30:00+00:00
1778582700000,2284.23,2286.47,2281.21,2285.47,37.93753148,2026-05-12 10:45:00+00:00
1778583600000,2285.6,2286.7,2278.58,2282.92,118.39871939,2026-05-12 11:00:00+00:00
1778584500000,2282.76,2283.85,2278.93,2282.67,38.76051331,2026-05-12 11:15:00+00:00
1778585400000,2282.92,2286.15,2282.89,2286.06,25.28928244,2026-05-12 11:30:00+00:00
1778586300000,2285.94,2286.35,2283.46,2286.32,32.08205842,2026-05-12 11:45:00+00:00
1778587200000,2286.35,2288.33,2281.83,2287.31,44.10426379,2026-05-12 12:00:00+00:00
1778588100000,2287.51,2290.38,2285.26,2290.33,103.70565118,2026-05-12 12:15:00+00:00
1778589000000,2290.38,2293.14,2280.41,2286.72,184.50452355,2026-05-12 12:30:00+00:00
1778589900000,2286.71,2290.01,2285.77,2288.43,3022.0825333,2026-05-12 12:45:00+00:00
1778590800000,2288.34,2291.66,2287.86,2287.86,46.00950435,2026-05-12 13:00:00+00:00
1778591700000,2287.64,2287.64,2282.3,2284.06,26.61303808,2026-05-12 13:15:00+00:00
1778592600000,2284.07,2284.59,2274.71,2279.3,508.555086,2026-05-12 13:30:00+00:00
1778593500000,2279.28,2282.6,2266.98,2270.45,428.20539577,2026-05-12 13:45:00+00:00
1778594400000,2270.72,2279.18,2267.82,2278.61,1708.14845465,2026-05-12 14:00:00+00:00
1778595300000,2278.62,2280.0,2270.89,2273.55,2030.45211192,2026-05-12 14:15:00+00:00
1778596200000,2273.34,2278.99,2262.15,2276.86,332.77506057,2026-05-12 14:30:00+00:00
1778597100000,2276.67,2276.7,2266.1,2267.67,63.03905635,2026-05-12 14:45:00+00:00
1778598000000,2267.92,2273.6,2266.13,2271.73,40.28485724,2026-05-12 15:00:00+00:00
1778598900000,2271.71,2271.72,2256.68,2258.32,247.59758426,2026-05-12 15:15:00+00:00
1778599800000,2258.56,2267.45,2258.56,2263.31,179.66867593,2026-05-12 15:30:00+00:00
1778600700000,2263.5,2265.9,2259.49,2261.41,77.00540977,2026-05-12 15:45:00+00:00
1778601600000,2261.14,2267.89,2259.0,2267.03,142.64918026,2026-05-12 16:00:00+00:00
1778602500000,2265.51,2270.31,2265.11,2268.36,81.48348538,2026-05-12 16:15:00+00:00
1778603400000,2267.68,2268.21,2262.24,2264.3,61.37892241,2026-05-12 16:30:00+00:00
1778604300000,2264.07,2265.31,2256.0,2263.13,122.54943545,2026-05-12 16:45:00+00:00
1778605200000,2263.24,2269.99,2263.24,2269.81,159.05772043,2026-05-12 17:00:00+00:00
1778606100000,2270.0,2275.12,2270.0,2274.96,287.22251618,2026-05-12 17:15:00+00:00
1778607000000,2274.44,2276.73,2273.33,2276.49,95.3245597,2026-05-12 17:30:00+00:00
1778607900000,2276.54,2277.19,2274.05,2276.07,48.86674654,2026-05-12 17:45:00+00:00
1778608800000,2276.32,2278.13,2274.32,2276.43,81.89709003,2026-05-12 18:00:00+00:00
1778609700000,2276.67,2277.95,2276.0,2276.55,40.53903252,2026-05-12 18:15:00+00:00
1778610600000,2276.68,2282.0,2276.68,2281.68,756.68099596,2026-05-12 18:30:00+00:00
1778611500000,2281.68,2283.46,2278.38,2278.41,36.05552325,2026-05-12 18:45:00+00:00
1778612400000,2278.59,2285.27,2278.59,2283.78,62.73667171,2026-05-12 19:00:00+00:00
1778613300000,2284.0,2284.58,2281.08,2283.13,189.82475947,2026-05-12 19:15:00+00:00
1778614200000,2282.64,2286.05,2282.03,2282.57,17.29164802,2026-05-12 19:30:00+00:00
1778615100000,2282.57,2286.64,2282.57,2284.57,64.24230336,2026-05-12 19:45:00+00:00
1778616000000,2284.58,2286.74,2283.59,2284.72,174.43092411,2026-05-12 20:00:00+00:00
1778616900000,2284.72,2285.51,2283.58,2284.92,473.98579177,2026-05-12 20:15:00+00:00
1778617800000,2284.91,2284.92,2281.23,2283.2,289.45243639,2026-05-12 20:30:00+00:00
1778618700000,2283.0,2285.02,2280.67,2284.59,258.12652114,2026-05-12 20:45:00+00:00
1778619600000,2284.56,2287.01,2283.64,2285.94,47.72011713,2026-05-12 21:00:00+00:00
1778620500000,2285.27,2286.82,2284.71,2285.65,28.44745213,2026-05-12 21:15:00+00:00
1778621400000,2285.65,2286.79,2283.77,2284.56,172.36826634,2026-05-12 21:30:00+00:00
1778622300000,2284.53,2285.11,2281.48,2285.11,235.60939798,2026-05-12 21:45:00+00:00
1778623200000,2285.11,2290.61,2285.11,2286.14,37.78447866,2026-05-12 22:00:00+00:00
1778624100000,2286.16,2288.92,2285.38,2285.38,47.80800013,2026-05-12 22:15:00+00:00
1778625000000,2285.39,2285.99,2283.34,2283.75,21.14347965,2026-05-12 22:30:00+00:00
1778625900000,2283.75,2284.17,2281.91,2281.91,17.06415041,2026-05-12 22:45:00+00:00
1778626800000,2281.89,2283.54,2278.17,2279.4,231.85588744,2026-05-12 23:00:00+00:00
1778627700000,2279.65,2283.2,2279.64,2282.68,182.76307347,2026-05-12 23:15:00+00:00
1778628600000,2282.61,2282.81,2276.47,2277.87,38.98750632,2026-05-12 23:30:00+00:00
1778629500000,2277.86,2277.86,2273.18,2274.63,36.97941703,2026-05-12 23:45:00+00:00
1778630400000,2274.53,2277.76,2273.31,2277.0,16.06775685,2026-05-13 00:00:00+00:00
1778631300000,2277.03,2285.99,2277.03,2282.77,10.73498315,2026-05-13 00:15:00+00:00
1778632200000,2283.04,2285.75,2282.32,2284.01,39.45584359,2026-05-13 00:30:00+00:00
1778633100000,2284.01,2284.01,2280.19,2281.23,39.15533813,2026-05-13 00:45:00+00:00
1778634000000,2281.19,2291.5,2280.67,2288.0,84.65934573,2026-05-13 01:00:00+00:00
1778634900000,2288.01,2293.41,2286.63,2291.6,79.74689703,2026-05-13 01:15:00+00:00
1778635800000,2291.61,2293.86,2289.91,2292.3,121.74537568,2026-05-13 01:30:00+00:00
1778636700000,2292.31,2294.42,2288.42,2289.3,38.8313382,2026-05-13 01:45:00+00:00
1778637600000,2289.3,2293.5,2286.74,2291.83,23.35756038,2026-05-13 02:00:00+00:00
1778638500000,2291.99,2299.17,2290.38,2294.39,166.35476994,2026-05-13 02:15:00+00:00
1778639400000,2294.62,2296.06,2293.53,2294.87,15.8940635,2026-05-13 02:30:00+00:00
1778640300000,2294.88,2295.0,2292.24,2293.02,19.18836632,2026-05-13 02:45:00+00:00
1778641200000,2293.03,2296.24,2291.77,2293.69,7.0092558,2026-05-13 03:00:00+00:00
1778642100000,2293.75,2297.52,2293.12,2297.52,58.24434021,2026-05-13 03:15:00+00:00
1778643000000,2297.22,2301.9,2297.15,2301.53,269.34431528,2026-05-13 03:30:00+00:00
1778643900000,2301.97,2302.81,2300.62,2301.39,83.5378071,2026-05-13 03:45:00+00:00
1778644800000,2301.42,2303.43,2299.5,2299.56,48.7343225,2026-05-13 04:00:00+00:00
1778645700000,2300.17,2301.63,2298.32,2300.09,31.06620895,2026-05-13 04:15:00+00:00
1778646600000,2301.82,2306.36,2301.82,2304.19,20.93787231,2026-05-13 04:30:00+00:00
1778647500000,2304.2,2307.56,2303.53,2305.91,43.91835873,2026-05-13 04:45:00+00:00
1778648400000,2305.91,2307.1,2302.86,2303.68,18.40976624,2026-05-13 05:00:00+00:00
1778649300000,2303.04,2303.1,2299.93,2301.92,12.81177091,2026-05-13 05:15:00+00:00
1778650200000,2301.91,2301.91,2296.36,2296.54,38.34610405,2026-05-13 05:30:00+00:00
1778651100000,2296.55,2299.0,2295.33,2296.69,114.69177165,2026-05-13 05:45:00+00:00
1778652000000,2296.69,2302.77,2296.69,2302.77,408.76502949,2026-05-13 06:00:00+00:00
1778652900000,2302.72,2303.9,2300.7,2301.95,14.70709554,2026-05-13 06:15:00+00:00
1778653800000,2303.06,2304.15,2301.07,2304.15,14.12583641,2026-05-13 06:30:00+00:00
1778654700000,2304.08,2304.15,2300.53,2300.97,1.98660002,2026-05-13 06:45:00+00:00
1778655600000,2301.21,2302.16,2299.89,2300.06,11.68699488,2026-05-13 07:00:00+00:00
1778656500000,2300.07,2302.05,2296.34,2298.19,159.7105149,2026-05-13 07:15:00+00:00
1778657400000,2298.0,2300.3,2297.0,2300.3,10.72689775,2026-05-13 07:30:00+00:00
1778658300000,2300.51,2300.57,2297.7,2299.99,18.17775428,2026-05-13 07:45:00+00:00
1778659200000,2299.99,2302.82,2299.98,2301.15,17.98025142,2026-05-13 08:00:00+00:00
1778660100000,2301.18,2305.1,2301.16,2302.17,43.59301417,2026-05-13 08:15:00+00:00
1778661000000,2302.23,2314.16,2300.03,2313.19,79.23377969,2026-05-13 08:30:00+00:00
1778661900000,2313.18,2316.0,2311.74,2316.0,299.49217168,2026-05-13 08:45:00+00:00
1778662800000,2316.0,2321.68,2314.06,2318.45,1437.23511229,2026-05-13 09:00:00+00:00
1778663700000,2319.26,2320.0,2315.95,2317.95,37.12765051,2026-05-13 09:15:00+00:00
1778664600000,2317.99,2322.57,2317.99,2320.57,497.70702163,2026-05-13 09:30:00+00:00
1778665500000,2320.59,2321.64,2318.65,2320.3,29.12970838,2026-05-13 09:45:00+00:00
1778666400000,2320.3,2320.81,2314.19,2314.2,27.10008893,2026-05-13 10:00:00+00:00
1778667300000,2314.19,2315.82,2308.78,2309.02,174.31923513,2026-05-13 10:15:00+00:00
1778668200000,2309.34,2310.44,2305.55,2305.89,48.1060583,2026-05-13 10:30:00+00:00
1778669100000,2306.32,2308.72,2305.33,2308.11,21.87012296,2026-05-13 10:45:00+00:00
1778670000000,2308.11,2308.11,2298.14,2300.0,18.79757326,2026-05-13 11:00:00+00:00
1778670900000,2299.38,2304.8,2298.33,2300.46,61.53375977,2026-05-13 11:15:00+00:00
1778671800000,2300.52,2305.0,2300.52,2305.0,29.95880704,2026-05-13 11:30:00+00:00
1778672700000,2305.86,2307.01,2300.0,2301.04,42.84515087,2026-05-13 11:45:00+00:00
1778673600000,2301.02,2306.42,2300.93,2304.82,36.96933226,2026-05-13 12:00:00+00:00
1778674500000,2305.1,2305.94,2292.01,2297.32,90.75664938,2026-05-13 12:15:00+00:00
1778675400000,2297.19,2297.19,2269.25,2280.9,504.79331164,2026-05-13 12:30:00+00:00
1778676300000,2280.44,2285.2,2280.26,2283.61,198.32155078,2026-05-13 12:45:00+00:00
1778677200000,2283.58,2287.28,2282.83,2285.06,138.79242753,2026-05-13 13:00:00+00:00
1778678100000,2284.37,2286.37,2279.19,2279.5,77.43946027,2026-05-13 13:15:00+00:00
1778679000000,2279.12,2282.47,2266.45,2269.12,1576.96085629,2026-05-13 13:30:00+00:00
1778679900000,2269.66,2269.66,2258.31,2261.6,327.08835815,2026-05-13 13:45:00+00:00
1778680800000,2261.59,2265.3,2250.0,2262.39,491.21598627,2026-05-13 14:00:00+00:00
1778681700000,2262.33,2269.77,2261.02,2267.36,365.09521609,2026-05-13 14:15:00+00:00
1778682600000,2266.96,2267.81,2263.86,2264.57,820.3400165,2026-05-13 14:30:00+00:00
1778683500000,2264.47,2267.57,2261.4,2266.72,48.54386308,2026-05-13 14:45:00+00:00
1778684400000,2266.73,2268.82,2255.92,2256.34,159.7947935,2026-05-13 15:00:00+00:00
1778685300000,2256.34,2258.75,2250.69,2252.61,303.92476222,2026-05-13 15:15:00+00:00
1778686200000,2252.62,2255.0,2250.82,2251.8,178.30656718,2026-05-13 15:30:00+00:00
1778687100000,2251.8,2252.59,2233.1,2236.71,362.68127801,2026-05-13 15:45:00+00:00
1778688000000,2235.47,2244.75,2234.88,2244.4,224.58228124,2026-05-13 16:00:00+00:00
1778688900000,2244.2,2249.22,2241.75,2248.46,100.90051726,2026-05-13 16:15:00+00:00
1778689800000,2248.46,2252.58,2247.05,2251.17,177.60522612,2026-05-13 16:30:00+00:00
1778690700000,2250.92,2252.38,2248.57,2249.67,394.84809559,2026-05-13 16:45:00+00:00
1778691600000,2249.66,2254.83,2249.66,2253.2,105.16280165,2026-05-13 17:00:00+00:00
1778692500000,2253.46,2257.64,2251.46,2256.38,107.28934316,2026-05-13 17:15:00+00:00
1778693400000,2256.39,2257.01,2254.14,2256.43,45.95284956,2026-05-13 17:30:00+00:00
1778694300000,2256.34,2260.5,2255.99,2257.49,165.08019853,2026-05-13 17:45:00+00:00
1778695200000,2258.36,2262.32,2257.79,2261.56,43.98381511,2026-05-13 18:00:00+00:00
1778696100000,2261.55,2267.01,2260.72,2264.74,1129.64138535,2026-05-13 18:15:00+00:00
1778697000000,2264.82,2266.0,2262.3,2262.3,53.74234713,2026-05-13 18:30:00+00:00
1778697900000,2261.71,2262.19,2258.33,2258.84,204.18362382,2026-05-13 18:45:00+00:00
1778698800000,2258.67,2259.93,2252.22,2254.44,400.37417831,2026-05-13 19:00:00+00:00
1778699700000,2254.41,2254.44,2250.27,2253.33,65.42548405,2026-05-13 19:15:00+00:00
1778700600000,2253.18,2257.75,2253.03,2255.92,69.68206778,2026-05-13 19:30:00+00:00
1778701500000,2255.11,2256.42,2253.93,2255.67,58.3738805,2026-05-13 19:45:00+00:00
1778702400000,2255.5,2260.0,2255.5,2258.05,37.10521506,2026-05-13 20:00:00+00:00
1778703300000,2258.06,2261.22,2258.05,2259.28,55.06814951,2026-05-13 20:15:00+00:00
1778704200000,2259.28,2262.94,2259.21,2262.31,28.57925101,2026-05-13 20:30:00+00:00
1778705100000,2263.03,2263.58,2261.02,2262.85,28.41177076,2026-05-13 20:45:00+00:00
1778706000000,2263.06,2263.29,2252.88,2256.65,101.01852646,2026-05-13 21:00:00+00:00
1778706900000,2256.77,2256.81,2254.09,2255.04,44.24829183,2026-05-13 21:15:00+00:00
1778707800000,2254.62,2256.56,2254.44,2256.26,28.88631167,2026-05-13 21:30:00+00:00
1778708700000,2256.14,2258.75,2254.41,2255.03,52.66933124,2026-05-13 21:45:00+00:00
1778709600000,2255.04,2255.93,2250.13,2254.99,216.32773502,2026-05-13 22:00:00+00:00
1778710500000,2255.0,2255.0,2250.89,2253.32,121.30872582,2026-05-13 22:15:00+00:00
1778711400000,2253.06,2256.38,2251.46,2256.37,68.89167271,2026-05-13 22:30:00+00:00
1778712300000,2256.33,2259.32,2256.26,2258.55,20.75040119,2026-05-13 22:45:00+00:00
1778713200000,2258.55,2260.29,2257.73,2259.39,29.30040046,2026-05-13 23:00:00+00:00
1778714100000,2259.38,2260.0,2254.41,2254.55,303.0667279,2026-05-13 23:15:00+00:00
1778715000000,2256.93,2257.33,2253.87,2256.63,40.21529269,2026-05-13 23:30:00+00:00
1778715900000,2256.64,2258.42,2255.88,2257.79,53.41533024,2026-05-13 23:45:00+00:00
1778716800000,2257.79,2264.94,2257.78,2264.94,127.68522727,2026-05-14 00:00:00+00:00
1778717700000,2264.95,2266.76,2261.87,2262.98,120.30049878,2026-05-14 00:15:00+00:00
1778718600000,2263.09,2267.61,2263.09,2266.6,75.29263954,2026-05-14 00:30:00+00:00
1778719500000,2266.95,2268.81,2264.7,2266.29,19.47502019,2026-05-14 00:45:00+00:00
1778720400000,2265.7,2268.0,2263.94,2264.24,34.71477749,2026-05-14 01:00:00+00:00
1778721300000,2264.88,2265.03,2260.95,2261.63,39.63705406,2026-05-14 01:15:00+00:00
1778722200000,2261.89,2263.38,2259.27,2260.91,15.33498596,2026-05-14 01:30:00+00:00
1778723100000,2262.04,2266.05,2260.01,2264.38,49.55566975,2026-05-14 01:45:00+00:00
1778724000000,2264.14,2265.72,2260.92,2261.21,36.85607225,2026-05-14 02:00:00+00:00
1778724900000,2261.64,2262.9,2260.06,2262.79,15.89947865,2026-05-14 02:15:00+00:00
1778725800000,2262.79,2262.79,2257.98,2260.1,36.55713571,2026-05-14 02:30:00+00:00
1778726700000,2260.02,2260.09,2245.98,2250.49,56.74548485,2026-05-14 02:45:00+00:00
1778727600000,2250.49,2254.33,2242.33,2248.59,87.67622467,2026-05-14 03:00:00+00:00
1778728500000,2248.6,2250.34,2238.5,2249.47,1122.78051051,2026-05-14 03:15:00+00:00
1778729400000,2249.73,2251.51,2244.27,2246.71,23.70439907,2026-05-14 03:30:00+00:00
1778730300000,2246.7,2246.71,2238.0,2241.32,30.0804838,2026-05-14 03:45:00+00:00
1778731200000,2241.3,2248.31,2238.5,2248.28,12.52145445,2026-05-14 04:00:00+00:00
1778732100000,2248.29,2252.11,2247.71,2250.73,44.92914287,2026-05-14 04:15:00+00:00
1778733000000,2250.89,2253.95,2250.7,2252.59,66.5118742,2026-05-14 04:30:00+00:00
1778733900000,2252.73,2256.56,2251.48,2255.38,8.29806039,2026-05-14 04:45:00+00:00
1778734800000,2255.7,2257.6,2255.11,2256.04,51.82795072,2026-05-14 05:00:00+00:00
1778735700000,2255.84,2260.25,2254.88,2260.25,15.82102552,2026-05-14 05:15:00+00:00
1778736600000,2260.25,2263.5,2260.25,2262.93,27.37834935,2026-05-14 05:30:00+00:00
1778737500000,2263.02,2272.19,2263.02,2267.65,44.81783079,2026-05-14 05:45:00+00:00
1778738400000,2267.6,2274.0,2267.32,2272.67,84.33616983,2026-05-14 06:00:00+00:00
1778739300000,2272.67,2272.68,2269.51,2269.51,10.28336374,2026-05-14 06:15:00+00:00
1778740200000,2269.51,2269.83,2266.02,2267.93,61.69232417,2026-05-14 06:30:00+00:00
1778741100000,2268.49,2268.57,2266.63,2266.63,6.34365854,2026-05-14 06:45:00+00:00
1778742000000,2266.9,2268.88,2263.23,2264.07,11.53966741,2026-05-14 07:00:00+00:00
1778742900000,2264.01,2266.99,2263.23,2265.72,4.73375362,2026-05-14 07:15:00+00:00
1778743800000,2265.72,2269.58,2265.71,2268.5,16.1695467,2026-05-14 07:30:00+00:00
1778744700000,2268.4,2268.4,2264.9,2264.9,7.81156229,2026-05-14 07:45:00+00:00
1778745600000,2264.51,2268.64,2261.49,2267.23,12.54502108,2026-05-14 08:00:00+00:00
1778746500000,2267.39,2268.33,2264.85,2266.18,35.38157641,2026-05-14 08:15:00+00:00
1778747400000,2265.41,2270.1,2265.41,2267.94,8.37187064,2026-05-14 08:30:00+00:00
1778748300000,2267.95,2267.95,2264.64,2265.46,16.49498759,2026-05-14 08:45:00+00:00
1778749200000,2265.66,2266.59,2263.16,2263.47,21.03813654,2026-05-14 09:00:00+00:00
1778750100000,2263.17,2263.81,2259.02,2260.26,17.4183048,2026-05-14 09:15:00+00:00
1778751000000,2260.22,2260.22,2252.05,2255.45,92.5599848,2026-05-14 09:30:00+00:00
1778751900000,2255.41,2257.11,2253.57,2256.89,15.15195493,2026-05-14 09:45:00+00:00
1778752800000,2256.68,2263.52,2256.03,2260.19,40.69664118,2026-05-14 10:00:00+00:00
1778753700000,2260.2,2263.92,2260.17,2263.05,13.0273972,2026-05-14 10:15:00+00:00
1778754600000,2262.72,2262.86,2254.76,2256.29,28.70051803,2026-05-14 10:30:00+00:00
1778755500000,2256.29,2262.61,2256.29,2261.08,22.18987032,2026-05-14 10:45:00+00:00
1778756400000,2261.09,2263.11,2258.14,2258.14,8.23164848,2026-05-14 11:00:00+00:00
1778757300000,2258.15,2259.92,2254.42,2255.8,61.97217415,2026-05-14 11:15:00+00:00
1778758200000,2255.8,2256.56,2253.03,2253.53,53.66128291,2026-05-14 11:30:00+00:00
1778759100000,2253.57,2255.82,2252.11,2253.1,166.38537779,2026-05-14 11:45:00+00:00
1778760000000,2252.84,2254.5,2251.06,2251.88,38.79082071,2026-05-14 12:00:00+00:00
1778760900000,2251.63,2254.28,2247.68,2253.24,156.89676992,2026-05-14 12:15:00+00:00
1778761800000,2253.25,2262.86,2252.76,2259.03,85.20595366,2026-05-14 12:30:00+00:00
1778762700000,2259.04,2260.94,2258.14,2260.29,26.07407986,2026-05-14 12:45:00+00:00
1778763600000,2260.3,2262.61,2259.17,2261.71,112.45994573,2026-05-14 13:00:00+00:00
1778764500000,2261.84,2264.16,2255.9,2260.57,37.62652833,2026-05-14 13:15:00+00:00
1778765400000,2260.15,2260.87,2248.91,2254.47,126.84994396,2026-05-14 13:30:00+00:00
1778766300000,2254.46,2260.7,2248.51,2249.13,86.66312887,2026-05-14 13:45:00+00:00
1778767200000,2248.0,2257.76,2246.16,2256.16,53.24163923,2026-05-14 14:00:00+00:00
1778768100000,2256.15,2268.0,2255.24,2264.26,89.18822413,2026-05-14 14:15:00+00:00
1778769000000,2264.22,2270.65,2262.81,2270.03,676.7094301,2026-05-14 14:30:00+00:00
1778769900000,2270.03,2288.5,2270.03,2285.67,1738.71670375,2026-05-14 14:45:00+00:00
1778770800000,2285.67,2290.0,2280.42,2282.25,348.46804148,2026-05-14 15:00:00+00:00
1778771700000,2282.25,2291.5,2281.76,2287.4,1086.86942023,2026-05-14 15:15:00+00:00
1778772600000,2287.49,2290.4,2281.9,2287.04,365.07382958,2026-05-14 15:30:00+00:00
1778773500000,2288.23,2298.44,2288.01,2298.39,221.17126519,2026-05-14 15:45:00+00:00
1778774400000,2298.07,2312.99,2296.17,2307.46,1251.15459167,2026-05-14 16:00:00+00:00
1778775300000,2307.47,2309.15,2303.25,2305.34,101.69735468,2026-05-14 16:15:00+00:00
1778776200000,2306.26,2311.11,2301.48,2310.83,130.47805181,2026-05-14 16:30:00+00:00
1778777100000,2311.09,2317.1,2293.73,2316.0,312.02278752,2026-05-14 16:45:00+00:00
1778778000000,2316.04,2318.43,2309.0,2309.0,281.6309291,2026-05-14 17:00:00+00:00
1778778900000,2309.08,2309.16,2296.44,2297.68,285.41277247,2026-05-14 17:15:00+00:00
1778779800000,2297.7,2307.77,2296.52,2305.85,86.62758334,2026-05-14 17:30:00+00:00
1778780700000,2305.95,2314.08,2305.95,2307.97,199.32872214,2026-05-14 17:45:00+00:00
1778781600000,2307.97,2314.77,2302.93,2314.77,108.7624252,2026-05-14 18:00:00+00:00
1778782500000,2314.76,2316.35,2310.85,2314.53,77.12823618,2026-05-14 18:15:00+00:00
1778783400000,2314.36,2314.45,2306.63,2308.02,135.63068667,2026-05-14 18:30:00+00:00
1778784300000,2307.95,2311.69,2307.34,2309.37,82.36788938,2026-05-14 18:45:00+00:00
1778785200000,2309.37,2311.92,2304.59,2305.68,66.65608429,2026-05-14 19:00:00+00:00
1778786100000,2305.01,2306.06,2297.13,2297.85,155.71611972,2026-05-14 19:15:00+00:00
1778787000000,2297.6,2302.79,2297.53,2300.0,71.33609896,2026-05-14 19:30:00+00:00
1778787900000,2299.99,2300.59,2297.29,2298.26,219.29330399,2026-05-14 19:45:00+00:00
1778788800000,2298.0,2301.17,2293.74,2293.74,116.53837825,2026-05-14 20:00:00+00:00
1778789700000,2293.73,2296.72,2288.45,2290.43,91.41853527,2026-05-14 20:15:00+00:00
1778790600000,2290.69,2292.86,2288.37,2292.86,321.25172238,2026-05-14 20:30:00+00:00
1778791500000,2292.98,2298.75,2292.82,2297.21,54.75084058,2026-05-14 20:45:00+00:00
1778792400000,2298.09,2298.92,2292.81,2292.83,14.72524215,2026-05-14 21:00:00+00:00
1778793300000,2292.71,2296.11,2290.0,2295.68,13.88455521,2026-05-14 21:15:00+00:00
1778794200000,2294.96,2299.22,2294.96,2298.35,28.01262467,2026-05-14 21:30:00+00:00
1778795100000,2298.35,2298.63,2296.01,2296.99,44.2595653,2026-05-14 21:45:00+00:00
1778796000000,2296.98,2299.53,2294.95,2299.53,60.04544802,2026-05-14 22:00:00+00:00
1778796900000,2299.53,2299.53,2295.09,2296.06,16.42197156,2026-05-14 22:15:00+00:00
1778797800000,2295.99,2299.87,2295.98,2299.03,12.51201545,2026-05-14 22:30:00+00:00
1778798700000,2299.3,2300.74,2297.15,2297.75,17.51473703,2026-05-14 22:45:00+00:00
1778799600000,2297.76,2298.0,2290.0,2293.02,67.28739735,2026-05-14 23:00:00+00:00
1778800500000,2293.27,2296.51,2291.0,2295.78,15.62280627,2026-05-14 23:15:00+00:00
1778801400000,2295.97,2296.0,2291.47,2291.54,60.30882266,2026-05-14 23:30:00+00:00
1778802300000,2291.73,2291.73,2280.21,2282.72,257.83967819,2026-05-14 23:45:00+00:00
1778803200000,2282.71,2290.86,2281.98,2290.27,59.45889697,2026-05-15 00:00:00+00:00
1778804100000,2291.6,2293.15,2290.2,2292.86,53.5685396,2026-05-15 00:15:00+00:00
1778805000000,2292.86,2299.78,2284.68,2286.99,145.55014773,2026-05-15 00:30:00+00:00
1778805900000,2286.99,2292.08,2286.99,2290.8,32.17413133,2026-05-15 00:45:00+00:00
1778806800000,2290.99,2293.85,2290.3,2291.15,237.41379056,2026-05-15 01:00:00+00:00
1778807700000,2291.47,2293.89,2286.13,2286.13,14.36130731,2026-05-15 01:15:00+00:00
1778808600000,2285.98,2289.45,2280.0,2285.12,169.46477149,2026-05-15 01:30:00+00:00
1778809500000,2285.3,2285.3,2272.99,2274.97,228.77196681,2026-05-15 01:45:00+00:00
1778810400000,2275.38,2277.93,2266.5,2268.59,197.81143994,2026-05-15 02:00:00+00:00
1778811300000,2268.19,2271.13,2263.7,2264.21,212.60081819,2026-05-15 02:15:00+00:00
1778812200000,2264.34,2271.77,2260.1,2271.38,55.68137745,2026-05-15 02:30:00+00:00
1778813100000,2271.58,2279.16,2269.82,2275.67,30.72803577,2026-05-15 02:45:00+00:00
1778814000000,2276.05,2278.68,2271.04,2273.78,37.6937295,2026-05-15 03:00:00+00:00
1778814900000,2274.29,2275.86,2272.15,2275.86,48.4930307,2026-05-15 03:15:00+00:00
1778815800000,2275.86,2275.86,2268.01,2271.75,122.8854158,2026-05-15 03:30:00+00:00
1778816700000,2271.74,2273.78,2269.09,2272.9,36.77222341,2026-05-15 03:45:00+00:00
1778817600000,2272.89,2273.15,2268.47,2270.78,113.29705249,2026-05-15 04:00:00+00:00
1778818500000,2270.81,2272.94,2266.72,2267.98,41.13059865,2026-05-15 04:15:00+00:00
1778819400000,2267.89,2269.99,2266.28,2267.07,11.66019536,2026-05-15 04:30:00+00:00
1778820300000,2267.07,2267.66,2262.27,2262.27,69.45638158,2026-05-15 04:45:00+00:00
1778821200000,2262.29,2265.67,2261.15,2265.67,78.67717442,2026-05-15 05:00:00+00:00
1778822100000,2265.67,2266.59,2262.14,2263.03,119.88413525,2026-05-15 05:15:00+00:00
1778823000000,2263.25,2263.25,2237.19,2246.26,656.14595686,2026-05-15 05:30:00+00:00
1778823900000,2246.27,2248.76,2242.09,2245.04,204.79529359,2026-05-15 05:45:00+00:00
1778824800000,2244.87,2250.14,2243.78,2248.25,72.49376007,2026-05-15 06:00:00+00:00
1778825700000,2248.39,2252.74,2247.29,2252.74,14.74503031,2026-05-15 06:15:00+00:00
1778826600000,2252.85,2255.73,2252.34,2255.14,50.20733352,2026-05-15 06:30:00+00:00
1778827500000,2255.66,2256.37,2253.74,2254.83,26.90192497,2026-05-15 06:45:00+00:00
1778828400000,2254.89,2261.69,2253.22,2261.52,17.45796341,2026-05-15 07:00:00+00:00
1778829300000,2261.65,2270.72,2258.7,2266.44,72.4158106,2026-05-15 07:15:00+00:00
1778830200000,2266.4,2266.4,2263.01,2265.87,39.24444167,2026-05-15 07:30:00+00:00
1778831100000,2265.73,2267.08,2264.91,2265.01,28.60502442,2026-05-15 07:45:00+00:00
1778832000000,2265.01,2265.01,2258.28,2259.76,17.77642706,2026-05-15 08:00:00+00:00
1778832900000,2259.89,2259.9,2252.87,2253.72,43.56233389,2026-05-15 08:15:00+00:00
1778833800000,2253.2,2258.08,2250.03,2257.24,31.55489092,2026-05-15 08:30:00+00:00
1778834700000,2257.5,2257.5,2254.19,2256.87,16.59685873,2026-05-15 08:45:00+00:00
1778835600000,2256.91,2258.99,2254.56,2255.35,31.72367012,2026-05-15 09:00:00+00:00
1778836500000,2255.38,2257.5,2252.62,2257.35,60.13374651,2026-05-15 09:15:00+00:00
1778837400000,2257.25,2259.0,2252.65,2252.65,64.81093873,2026-05-15 09:30:00+00:00
1778838300000,2252.73,2254.8,2250.66,2254.34,122.24482157,2026-05-15 09:45:00+00:00
1778839200000,2254.38,2258.59,2252.48,2258.25,22.38777511,2026-05-15 10:00:00+00:00
1778840100000,2258.19,2258.2,2252.99,2254.19,60.84026219,2026-05-15 10:15:00+00:00
1778841000000,2254.1,2256.11,2252.67,2255.55,30.72922732,2026-05-15 10:30:00+00:00
1778841900000,2255.99,2264.22,2255.99,2261.83,52.93516898,2026-05-15 10:45:00+00:00
1778842800000,2262.31,2263.71,2257.02,2259.61,20.00941438,2026-05-15 11:00:00+00:00
1778843700000,2260.16,2261.83,2257.71,2259.61,19.08993121,2026-05-15 11:15:00+00:00
1778844600000,2259.61,2260.29,2257.07,2258.23,23.22639597,2026-05-15 11:30:00+00:00
1778845500000,2258.2,2261.57,2256.86,2257.01,20.645759,2026-05-15 11:45:00+00:00
1778846400000,2256.88,2257.73,2252.11,2252.11,87.01899188,2026-05-15 12:00:00+00:00
1778847300000,2251.68,2260.04,2251.21,2258.38,70.40071823,2026-05-15 12:15:00+00:00
1778848200000,2258.05,2258.05,2252.85,2253.77,18.02952215,2026-05-15 12:30:00+00:00
1778849100000,2253.21,2254.95,2251.92,2253.75,12.82411742,2026-05-15 12:45:00+00:00
1778850000000,2253.75,2253.75,2245.01,2246.88,138.67796695,2026-05-15 13:00:00+00:00
1778850900000,2245.5,2249.75,2245.01,2246.67,15.28905239,2026-05-15 13:15:00+00:00
1778851800000,2246.89,2246.89,2223.5,2223.82,4224.73900996,2026-05-15 13:30:00+00:00
1778852700000,2223.38,2229.99,2209.99,2212.56,1545.48540428,2026-05-15 13:45:00+00:00
1778853600000,2212.78,2222.84,2203.5,2220.15,1427.24655722,2026-05-15 14:00:00+00:00
1778854500000,2220.24,2222.82,2210.9,2212.6,187.30867848,2026-05-15 14:15:00+00:00
1778855400000,2212.46,2217.52,2209.57,2212.89,215.85810261,2026-05-15 14:30:00+00:00
1778856300000,2212.91,2215.73,2206.84,2212.52,353.86233144,2026-05-15 14:45:00+00:00
1778857200000,2212.51,2216.38,2209.0,2214.94,154.42414025,2026-05-15 15:00:00+00:00
1778858100000,2214.85,2221.49,2212.3,2214.12,292.5501035,2026-05-15 15:15:00+00:00
1778859000000,2215.76,2220.25,2215.74,2217.42,78.91928392,2026-05-15 15:30:00+00:00
1778859900000,2217.43,2222.68,2215.28,2222.29,102.77422467,2026-05-15 15:45:00+00:00
1778860800000,2221.92,2224.24,2220.06,2223.24,75.68919863,2026-05-15 16:00:00+00:00
1778861700000,2222.5,2228.5,2222.49,2227.32,68.34756501,2026-05-15 16:15:00+00:00
1778862600000,2227.38,2229.33,2223.85,2224.1,178.98523512,2026-05-15 16:30:00+00:00
1778863500000,2224.15,2224.15,2218.07,2223.38,34.5997531,2026-05-15 16:45:00+00:00
1778864400000,2223.39,2231.57,2223.38,2225.39,218.50573263,2026-05-15 17:00:00+00:00
1778865300000,2225.83,2229.29,2223.67,2226.36,370.69174112,2026-05-15 17:15:00+00:00
1778866200000,2226.35,2229.27,2225.28,2227.01,466.70962275,2026-05-15 17:30:00+00:00
1778867100000,2226.89,2228.64,2225.96,2228.55,18.89773879,2026-05-15 17:45:00+00:00
1778868000000,2228.46,2231.88,2228.46,2231.07,121.44592665,2026-05-15 18:00:00+00:00
1778868900000,2230.87,2230.88,2224.06,2227.94,73.83490933,2026-05-15 18:15:00+00:00
1778869800000,2227.97,2228.27,2223.77,2227.23,97.20503223,2026-05-15 18:30:00+00:00
1778870700000,2227.15,2227.95,2224.46,2227.44,42.58531635,2026-05-15 18:45:00+00:00
1778871600000,2227.02,2227.02,2221.42,2222.66,73.45699101,2026-05-15 19:00:00+00:00
1778872500000,2222.65,2224.65,2221.98,2223.57,35.95284433,2026-05-15 19:15:00+00:00
1778873400000,2223.57,2227.3,2221.93,2222.22,109.30617384,2026-05-15 19:30:00+00:00
1778874300000,2222.22,2224.59,2220.92,2222.08,115.61696492,2026-05-15 19:45:00+00:00
1778875200000,2222.18,2224.59,2218.3,2222.1,189.28573467,2026-05-15 20:00:00+00:00
1778876100000,2222.13,2223.91,2218.52,2223.91,21.95351964,2026-05-15 20:15:00+00:00
1778877000000,2224.1,2224.1,2218.41,2219.12,337.34448963,2026-05-15 20:30:00+00:00
1778877900000,2218.93,2219.51,2215.96,2218.87,136.27041349,2026-05-15 20:45:00+00:00
1778878800000,2218.85,2223.89,2218.82,2223.15,16.6342945,2026-05-15 21:00:00+00:00
1778879700000,2223.39,2223.4,2219.16,2219.87,118.33581404,2026-05-15 21:15:00+00:00
1778880600000,2219.86,2220.5,2218.01,2218.91,30.13966971,2026-05-15 21:30:00+00:00
1778881500000,2219.19,2219.19,2213.36,2214.92,106.05047592,2026-05-15 21:45:00+00:00
1778882400000,2215.8,2220.96,2215.8,2219.62,28.24623157,2026-05-15 22:00:00+00:00
1778883300000,2219.62,2221.95,2218.82,2219.56,30.48680746,2026-05-15 22:15:00+00:00
1778884200000,2219.67,2222.19,2219.67,2221.67,16.19423134,2026-05-15 22:30:00+00:00
1778885100000,2221.49,2222.95,2221.43,2222.41,172.62605626,2026-05-15 22:45:00+00:00
1778886000000,2222.42,2222.42,2221.44,2221.64,15.72582493,2026-05-15 23:00:00+00:00
1778886900000,2221.44,2224.02,2221.44,2223.15,50.86257567,2026-05-15 23:15:00+00:00
1778887800000,2223.53,2224.67,2222.04,2224.6,17.19591168,2026-05-15 23:30:00+00:00
1778888700000,2224.59,2224.59,2222.96,2223.6,39.86795087,2026-05-15 23:45:00+00:00
1778889600000,2223.6,2227.13,2222.27,2226.97,108.75954374,2026-05-16 00:00:00+00:00
1778890500000,2226.88,2229.99,2225.77,2229.15,49.48707132,2026-05-16 00:15:00+00:00
1778891400000,2229.05,2229.96,2226.84,2226.84,27.1633546,2026-05-16 00:30:00+00:00
1778892300000,2226.84,2227.78,2225.0,2225.01,153.86093094,2026-05-16 00:45:00+00:00
1778893200000,2225.01,2227.4,2225.0,2227.17,292.5203622,2026-05-16 01:00:00+00:00
1778894100000,2227.4,2229.07,2222.96,2223.13,34.25242211,2026-05-16 01:15:00+00:00
1778895000000,2222.92,2224.61,2222.17,2223.03,44.38543026,2026-05-16 01:30:00+00:00
1778895900000,2223.11,2229.67,2223.11,2228.9,21.98759958,2026-05-16 01:45:00+00:00
1778896800000,2228.31,2229.94,2227.67,2229.38,275.03846271,2026-05-16 02:00:00+00:00
1778897700000,2229.3,2229.3,2226.89,2227.26,8.09145735,2026-05-16 02:15:00+00:00
1778898600000,2227.26,2227.9,2225.79,2226.98,13.0159069,2026-05-16 02:30:00+00:00
1778899500000,2226.93,2228.15,2226.76,2228.15,4.2907622,2026-05-16 02:45:00+00:00
1778900400000,2228.54,2229.27,2228.2,2228.61,4.34528426,2026-05-16 03:00:00+00:00
1778901300000,2228.3,2229.25,2228.28,2228.89,9.87361951,2026-05-16 03:15:00+00:00
1778902200000,2229.0,2229.02,2226.77,2226.77,10.86159705,2026-05-16 03:30:00+00:00
1778903100000,2226.76,2227.44,2225.95,2226.94,24.16218787,2026-05-16 03:45:00+00:00
1778904000000,2226.95,2227.17,2225.46,2225.46,32.37231196,2026-05-16 04:00:00+00:00
1778904900000,2225.47,2225.47,2223.95,2223.95,21.79450162,2026-05-16 04:15:00+00:00
1778905800000,2223.94,2223.94,2217.75,2222.36,32.97987679,2026-05-16 04:30:00+00:00
1778906700000,2221.76,2224.88,2221.74,2224.88,10.23110344,2026-05-16 04:45:00+00:00
1778907600000,2224.88,2224.96,2222.27,2224.68,11.01044112,2026-05-16 05:00:00+00:00
1778908500000,2224.59,2225.95,2224.06,2225.78,2.12940265,2026-05-16 05:15:00+00:00
1778909400000,2225.78,2225.79,2222.93,2225.2,21.93395009,2026-05-16 05:30:00+00:00
1778910300000,2224.56,2225.87,2223.62,2223.62,4.26218546,2026-05-16 05:45:00+00:00
1778911200000,2223.63,2225.74,2220.67,2221.32,123.369055,2026-05-16 06:00:00+00:00
1778912100000,2221.31,2221.7,2217.26,2219.31,60.60382598,2026-05-16 06:15:00+00:00
1778913000000,2219.18,2220.75,2214.74,2215.34,27.62881506,2026-05-16 06:30:00+00:00
1778913900000,2215.34,2217.23,2208.01,2214.28,187.54311613,2026-05-16 06:45:00+00:00
1778914800000,2214.47,2214.82,2182.18,2190.76,2090.44597278,2026-05-16 07:00:00+00:00
1778915700000,2190.71,2194.37,2180.21,2191.66,118.48160988,2026-05-16 07:15:00+00:00
1778916600000,2191.61,2199.7,2187.7,2197.52,110.20198935,2026-05-16 07:30:00+00:00
1778917500000,2197.28,2197.28,2192.25,2193.89,24.75286396,2026-05-16 07:45:00+00:00
1778918400000,2193.78,2195.81,2193.22,2193.22,16.17619669,2026-05-16 08:00:00+00:00
1778919300000,2193.22,2194.61,2191.14,2194.08,39.99168143,2026-05-16 08:15:00+00:00
1778920200000,2194.04,2195.11,2192.23,2193.72,43.99564975,2026-05-16 08:30:00+00:00
1778921100000,2194.01,2194.04,2191.72,2192.18,19.6137038,2026-05-16 08:45:00+00:00
1778922000000,2192.14,2192.18,2182.23,2184.4,43.70157342,2026-05-16 09:00:00+00:00
1778922900000,2185.56,2185.7,2162.88,2169.17,627.33239533,2026-05-16 09:15:00+00:00
1778923800000,2169.17,2175.73,2169.16,2174.61,91.21290305,2026-05-16 09:30:00+00:00
1778924700000,2174.61,2176.45,2169.81,2172.71,61.94900829,2026-05-16 09:45:00+00:00
1778925600000,2171.99,2173.33,2166.88,2170.58,161.99867615,2026-05-16 10:00:00+00:00
1778926500000,2170.57,2172.05,2162.11,2166.28,41.91587497,2026-05-16 10:15:00+00:00
1778927400000,2165.71,2173.85,2165.71,2170.13,78.91378558,2026-05-16 10:30:00+00:00
1778928300000,2170.08,2173.15,2169.83,2173.08,10.44588698,2026-05-16 10:45:00+00:00
1778929200000,2173.07,2177.71,2173.07,2177.21,66.09045381,2026-05-16 11:00:00+00:00
1778930100000,2175.91,2178.46,2175.0,2177.9,160.81511783,2026-05-16 11:15:00+00:00
1778931000000,2177.64,2179.64,2176.58,2178.62,49.60039261,2026-05-16 11:30:00+00:00
1778931900000,2178.61,2178.61,2175.33,2175.37,14.23367813,2026-05-16 11:45:00+00:00
1778932800000,2175.37,2177.63,2175.01,2175.25,67.94483718,2026-05-16 12:00:00+00:00
1778933700000,2175.41,2178.02,2172.99,2174.8,103.50694582,2026-05-16 12:15:00+00:00
1778934600000,2175.02,2177.59,2175.02,2177.59,37.32047163,2026-05-16 12:30:00+00:00
1778935500000,2177.45,2178.41,2175.42,2175.42,92.19736816,2026-05-16 12:45:00+00:00
1778936400000,2175.43,2175.53,2172.02,2172.27,24.39925465,2026-05-16 13:00:00+00:00
1778937300000,2172.25,2176.59,2171.31,2176.25,23.92081815,2026-05-16 13:15:00+00:00
1778938200000,2176.21,2178.41,2172.86,2176.32,53.79090178,2026-05-16 13:30:00+00:00
1778939100000,2176.31,2177.89,2175.07,2175.88,42.93778212,2026-05-16 13:45:00+00:00
1778940000000,2176.13,2177.96,2172.62,2173.86,102.4621325,2026-05-16 14:00:00+00:00
1778940900000,2173.86,2177.1,2173.2,2175.46,269.87756649,2026-05-16 14:15:00+00:00
1778941800000,2175.68,2181.75,2175.68,2181.67,53.03504449,2026-05-16 14:30:00+00:00
1778942700000,2181.73,2186.94,2177.43,2179.08,52.27707194,2026-05-16 14:45:00+00:00
1778943600000,2179.09,2182.39,2177.71,2178.12,23.06943329,2026-05-16 15:00:00+00:00
1778944500000,2178.62,2179.18,2176.07,2177.17,20.56419098,2026-05-16 15:15:00+00:00
1778945400000,2177.17,2181.41,2177.16,2181.0,52.05351719,2026-05-16 15:30:00+00:00
1778946300000,2181.14,2182.5,2178.24,2178.86,67.50913642,2026-05-16 15:45:00+00:00
1778947200000,2178.93,2182.44,2175.0,2175.18,722.50766853,2026-05-16 16:00:00+00:00
1778948100000,2175.03,2177.79,2173.95,2176.66,18.93125339,2026-05-16 16:15:00+00:00
1778949000000,2176.4,2176.94,2169.54,2170.93,62.4463164,2026-05-16 16:30:00+00:00
1778949900000,2171.18,2174.24,2171.18,2173.12,44.38882255,2026-05-16 16:45:00+00:00
1778950800000,2173.34,2176.57,2173.3,2176.0,71.19541876,2026-05-16 17:00:00+00:00
1778951700000,2176.0,2177.53,2174.61,2177.37,44.52558231,2026-05-16 17:15:00+00:00
1778952600000,2177.49,2178.68,2177.47,2178.5,14.39054644,2026-05-16 17:30:00+00:00
1778953500000,2178.38,2179.57,2177.62,2177.94,10.94997523,2026-05-16 17:45:00+00:00
1778954400000,2177.78,2179.97,2176.86,2178.02,35.36234949,2026-05-16 18:00:00+00:00
1778955300000,2178.02,2178.05,2175.28,2177.45,18.15921418,2026-05-16 18:15:00+00:00
1778956200000,2177.45,2179.0,2177.16,2178.45,18.69886656,2026-05-16 18:30:00+00:00
1778957100000,2178.35,2183.28,2178.34,2180.43,215.82433217,2026-05-16 18:45:00+00:00
1778958000000,2180.43,2180.49,2179.37,2179.96,50.16602891,2026-05-16 19:00:00+00:00
1778958900000,2179.79,2180.61,2178.79,2180.43,51.83457155,2026-05-16 19:15:00+00:00
1778959800000,2180.14,2180.14,2179.19,2179.5,52.38839763,2026-05-16 19:30:00+00:00
1778960700000,2179.64,2181.86,2178.02,2178.65,15.85421956,2026-05-16 19:45:00+00:00
1778961600000,2178.65,2182.14,2178.65,2180.93,19.65160665,2026-05-16 20:00:00+00:00
1778962500000,2181.18,2181.84,2180.95,2181.18,14.62349483,2026-05-16 20:15:00+00:00
1778963400000,2180.96,2180.96,2178.9,2179.79,8.95511056,2026-05-16 20:30:00+00:00
1778964300000,2179.78,2181.12,2179.78,2180.92,6.01334909,2026-05-16 20:45:00+00:00
1778965200000,2180.53,2182.62,2180.5,2181.82,71.81862214,2026-05-16 21:00:00+00:00
1778966100000,2181.87,2181.87,2179.92,2181.08,14.68084904,2026-05-16 21:15:00+00:00
1778967000000,2181.08,2181.94,2180.48,2181.86,13.37003244,2026-05-16 21:30:00+00:00
1778967900000,2181.86,2182.55,2180.81,2181.55,68.84271436,2026-05-16 21:45:00+00:00
1778968800000,2181.55,2182.0,2179.23,2180.89,22.16967752,2026-05-16 22:00:00+00:00
1778969700000,2181.33,2181.97,2181.01,2181.51,16.04060336,2026-05-16 22:15:00+00:00
1778970600000,2181.5,2181.59,2180.17,2180.75,12.03017993,2026-05-16 22:30:00+00:00
1778971500000,2180.78,2180.78,2179.3,2179.46,73.75084405,2026-05-16 22:45:00+00:00
1778972400000,2179.47,2179.76,2178.2,2179.59,85.9533216,2026-05-16 23:00:00+00:00
1778973300000,2179.86,2182.0,2179.86,2180.94,11.86514934,2026-05-16 23:15:00+00:00
1778974200000,2181.01,2181.67,2180.39,2181.03,21.4187524,2026-05-16 23:30:00+00:00
1778975100000,2181.04,2181.89,2179.23,2179.99,7.4472317,2026-05-16 23:45:00+00:00
1778976000000,2179.95,2184.38,2179.81,2182.96,771.82538093,2026-05-17 00:00:00+00:00
1778976900000,2182.93,2183.86,2180.74,2182.51,475.29376917,2026-05-17 00:15:00+00:00
1778977800000,2182.52,2183.04,2179.69,2179.82,517.07772327,2026-05-17 00:30:00+00:00
1778978700000,2180.51,2180.82,2172.46,2176.22,1595.26486906,2026-05-17 00:45:00+00:00
1778979600000,2176.25,2182.06,2173.14,2180.32,609.53936545,2026-05-17 01:00:00+00:00
1778980500000,2180.32,2180.32,2174.47,2176.11,1055.53463676,2026-05-17 01:15:00+00:00
1778981400000,2176.34,2176.34,2166.57,2169.24,775.70035517,2026-05-17 01:30:00+00:00
1778982300000,2169.09,2173.4,2168.36,2168.78,54.56198961,2026-05-17 01:45:00+00:00
1778983200000,2168.63,2173.99,2168.62,2171.31,16.5266695,2026-05-17 02:00:00+00:00
1778984100000,2171.41,2174.13,2170.33,2174.13,195.98134059,2026-05-17 02:15:00+00:00
1778985000000,2174.12,2175.05,2172.62,2174.08,40.2607894,2026-05-17 02:30:00+00:00
1778985900000,2173.6,2174.24,2171.13,2173.36,37.70086475,2026-05-17 02:45:00+00:00
1778986800000,2173.36,2177.63,2173.35,2176.59,9.27570484,2026-05-17 03:00:00+00:00
1778987700000,2176.47,2177.72,2176.12,2177.33,70.7051062,2026-05-17 03:15:00+00:00
1778988600000,2177.31,2180.45,2177.28,2179.12,73.23167911,2026-05-17 03:30:00+00:00
1778989500000,2179.03,2182.65,2178.96,2180.05,427.96490751,2026-05-17 03:45:00+00:00
1778990400000,2180.32,2183.61,2179.96,2181.73,14.37940319,2026-05-17 04:00:00+00:00
1778991300000,2181.75,2187.27,2181.3,2184.83,120.60376254,2026-05-17 04:15:00+00:00
1778992200000,2184.31,2188.22,2182.78,2187.31,98.6985098,2026-05-17 04:30:00+00:00
1778993100000,2187.69,2188.43,2186.35,2186.69,21.58404664,2026-05-17 04:45:00+00:00
1778994000000,2186.45,2193.41,2185.98,2190.26,21.02729299,2026-05-17 05:00:00+00:00
1778994900000,2190.0,2190.0,2187.42,2187.49,22.37562064,2026-05-17 05:15:00+00:00
1778995800000,2187.43,2189.01,2186.9,2187.53,15.71846394,2026-05-17 05:30:00+00:00
1778996700000,2187.53,2188.22,2184.73,2184.88,7.24864191,2026-05-17 05:45:00+00:00
1778997600000,2184.93,2187.1,2184.93,2185.72,23.50795336,2026-05-17 06:00:00+00:00
1778998500000,2185.78,2186.02,2180.71,2183.01,15.54863728,2026-05-17 06:15:00+00:00
1778999400000,2183.17,2184.12,2181.09,2181.35,19.07022081,2026-05-17 06:30:00+00:00
1779000300000,2181.51,2183.87,2181.51,2183.76,13.1997948,2026-05-17 06:45:00+00:00
1779001200000,2183.76,2183.76,2182.88,2183.57,12.15667899,2026-05-17 07:00:00+00:00
1779002100000,2183.04,2185.51,2181.62,2183.77,8.98720964,2026-05-17 07:15:00+00:00
1779003000000,2183.97,2187.31,2183.05,2184.9,25.78833778,2026-05-17 07:30:00+00:00
1779003900000,2185.0,2185.96,2184.82,2185.57,4.30199243,2026-05-17 07:45:00+00:00
1779004800000,2185.46,2186.28,2184.56,2184.57,5.97128815,2026-05-17 08:00:00+00:00
1779005700000,2184.5,2184.51,2182.22,2183.73,9.1497632,2026-05-17 08:15:00+00:00
1779006600000,2183.64,2185.39,2183.63,2183.93,6.30395502,2026-05-17 08:30:00+00:00
1779007500000,2184.93,2185.14,2183.97,2184.52,4.49984864,2026-05-17 08:45:00+00:00
1779008400000,2184.64,2188.32,2184.63,2188.32,8.98197709,2026-05-17 09:00:00+00:00
1779009300000,2188.31,2188.88,2187.7,2188.09,2.97836244,2026-05-17 09:15:00+00:00
1779010200000,2188.2,2188.25,2186.04,2186.82,25.0943632,2026-05-17 09:30:00+00:00
1779011100000,2186.82,2190.52,2186.82,2189.18,13.77775549,2026-05-17 09:45:00+00:00
1779012000000,2189.13,2196.23,2189.12,2194.07,112.13072857,2026-05-17 10:00:00+00:00
1779012900000,2193.62,2197.0,2192.84,2195.01,22.91549307,2026-05-17 10:15:00+00:00
1779013800000,2195.0,2196.79,2193.02,2193.14,91.47904938,2026-05-17 10:30:00+00:00
1779014700000,2193.64,2194.14,2192.17,2193.18,15.65198616,2026-05-17 10:45:00+00:00
1779015600000,2193.19,2193.86,2190.0,2190.01,30.18268903,2026-05-17 11:00:00+00:00
1779016500000,2190.01,2190.43,2187.28,2187.9,67.88188793,2026-05-17 11:15:00+00:00
1779017400000,2187.92,2193.07,2187.43,2192.31,14.30659262,2026-05-17 11:30:00+00:00
1779018300000,2191.9,2192.5,2191.0,2191.31,21.31285171,2026-05-17 11:45:00+00:00
1779019200000,2191.31,2192.42,2191.3,2192.41,19.52971383,2026-05-17 12:00:00+00:00
1779020100000,2191.92,2193.49,2191.67,2193.36,26.84243677,2026-05-17 12:15:00+00:00
1779021000000,2193.11,2197.0,2193.0,2196.01,135.94372017,2026-05-17 12:30:00+00:00
1779021900000,2196.23,2197.01,2192.53,2193.22,30.74017506,2026-05-17 12:45:00+00:00
1779022800000,2193.22,2194.3,2190.0,2190.0,18.70287907,2026-05-17 13:00:00+00:00
1779023700000,2190.0,2191.06,2187.08,2191.05,18.52414969,2026-05-17 13:15:00+00:00
1779024600000,2191.29,2193.46,2190.06,2192.54,15.89901854,2026-05-17 13:30:00+00:00
1779025500000,2192.63,2193.92,2189.24,2191.11,42.54382347,2026-05-17 13:45:00+00:00
1779026400000,2191.23,2191.23,2186.46,2186.52,79.29238666,2026-05-17 14:00:00+00:00
1779027300000,2186.71,2188.72,2178.0,2186.7,77.76130877,2026-05-17 14:15:00+00:00
1779028200000,2186.57,2187.91,2182.46,2184.25,20.24220603,2026-05-17 14:30:00+00:00
1779029100000,2184.26,2187.18,2184.26,2185.85,18.55700424,2026-05-17 14:45:00+00:00
1779030000000,2185.76,2187.63,2183.81,2186.24,43.92583304,2026-05-17 15:00:00+00:00
1779030900000,2186.01,2186.01,2180.67,2182.13,22.19783288,2026-05-17 15:15:00+00:00
1779031800000,2182.14,2185.48,2182.08,2184.46,44.63369585,2026-05-17 15:30:00+00:00
1779032700000,2184.46,2186.2,2184.45,2185.26,29.690396,2026-05-17 15:45:00+00:00
1779033600000,2185.34,2187.74,2183.89,2184.34,25.57861022,2026-05-17 16:00:00+00:00
1779034500000,2184.27,2185.84,2183.39,2185.63,12.21498397,2026-05-17 16:15:00+00:00
1779035400000,2185.83,2186.52,2184.99,2186.27,10.56910081,2026-05-17 16:30:00+00:00
1779036300000,2185.96,2186.16,2181.23,2181.56,48.24897541,2026-05-17 16:45:00+00:00
1779037200000,2181.56,2182.41,2177.2,2177.78,17.03992887,2026-05-17 17:00:00+00:00
1779038100000,2177.85,2179.57,2176.0,2178.43,178.88179677,2026-05-17 17:15:00+00:00
1779039000000,2178.44,2181.55,2176.16,2181.21,18.32277562,2026-05-17 17:30:00+00:00
1779039900000,2181.27,2183.77,2180.5,2182.69,34.1189955,2026-05-17 17:45:00+00:00
1779040800000,2182.74,2186.58,2182.24,2182.76,29.13128261,2026-05-17 18:00:00+00:00
1779041700000,2182.63,2183.28,2178.1,2182.61,39.37734987,2026-05-17 18:15:00+00:00
1779042600000,2182.69,2184.56,2181.84,2182.91,20.15639145,2026-05-17 18:30:00+00:00
1779043500000,2182.67,2187.17,2181.66,2187.16,201.96942234,2026-05-17 18:45:00+00:00
1779044400000,2187.25,2188.53,2186.29,2187.49,48.17796439,2026-05-17 19:00:00+00:00
1779045300000,2187.49,2190.0,2187.26,2187.67,30.55138251,2026-05-17 19:15:00+00:00
1779046200000,2187.89,2191.9,2187.77,2190.91,35.10506201,2026-05-17 19:30:00+00:00
1779047100000,2190.93,2192.49,2189.49,2191.41,54.75449942,2026-05-17 19:45:00+00:00
1779048000000,2191.07,2192.46,2188.0,2188.93,18.24868108,2026-05-17 20:00:00+00:00
1779048900000,2188.75,2188.91,2185.92,2188.05,72.51606656,2026-05-17 20:15:00+00:00
1779049800000,2188.19,2189.9,2186.75,2188.06,23.80427589,2026-05-17 20:30:00+00:00
1779050700000,2188.15,2188.78,2187.6,2188.73,26.65610745,2026-05-17 20:45:00+00:00
1779051600000,2188.62,2188.62,2185.95,2188.08,52.0715419,2026-05-17 21:00:00+00:00
1779052500000,2188.07,2191.26,2187.62,2191.11,35.0292903,2026-05-17 21:15:00+00:00
1779053400000,2191.18,2193.21,2190.56,2191.93,25.47661229,2026-05-17 21:30:00+00:00
1779054300000,2192.05,2192.4,2190.26,2190.66,26.30004079,2026-05-17 21:45:00+00:00
1779055200000,2190.59,2190.59,2178.2,2182.38,48.25240768,2026-05-17 22:00:00+00:00
1779056100000,2183.09,2184.13,2176.6,2180.1,111.25841098,2026-05-17 22:15:00+00:00
1779057000000,2180.03,2183.52,2176.93,2181.18,11.09216007,2026-05-17 22:30:00+00:00
1779057900000,2181.18,2181.18,2173.32,2178.43,69.35650994,2026-05-17 22:45:00+00:00
1779058800000,2178.57,2178.64,2170.0,2172.62,111.91025111,2026-05-17 23:00:00+00:00
1779059700000,2172.24,2175.38,2165.29,2169.87,258.29470153,2026-05-17 23:15:00+00:00
1779060600000,2169.74,2172.0,1914.69,2119.51,7414.52238676,2026-05-17 23:30:00+00:00
1779061500000,2119.02,2130.47,2115.38,2129.74,597.72569469,2026-05-17 23:45:00+00:00
1779062400000,2129.31,2130.46,2110.64,2119.28,675.633229,2026-05-18 00:00:00+00:00
1779063300000,2119.79,2125.42,2105.9,2112.34,1752.4467653,2026-05-18 00:15:00+00:00
1779064200000,2111.89,2114.57,2103.29,2108.35,401.6651396,2026-05-18 00:30:00+00:00
1779065100000,2107.83,2114.47,2105.99,2114.47,167.95865839,2026-05-18 00:45:00+00:00
1779066000000,2114.42,2119.2,2111.17,2112.35,112.66963811,2026-05-18 01:00:00+00:00
1779066900000,2112.19,2113.0,2105.63,2110.14,247.49890411,2026-05-18 01:15:00+00:00
1779067800000,2109.88,2111.89,2108.52,2110.0,171.70486699,2026-05-18 01:30:00+00:00
1779068700000,2109.83,2120.1,2106.42,2116.32,399.8552968,2026-05-18 01:45:00+00:00
1779069600000,2116.32,2122.72,2115.0,2122.4,121.75719322,2026-05-18 02:00:00+00:00
1779070500000,2122.38,2122.76,2117.28,2119.1,96.15790597,2026-05-18 02:15:00+00:00
1779071400000,2119.05,2119.89,2113.4,2116.6,458.48772014,2026-05-18 02:30:00+00:00
1779072300000,2116.47,2119.25,2112.0,2115.07,44.96409598,2026-05-18 02:45:00+00:00
1779073200000,2115.58,2122.48,2115.4,2116.63,19.80914369,2026-05-18 03:00:00+00:00
1779074100000,2116.72,2119.88,2116.13,2119.43,45.96158076,2026-05-18 03:15:00+00:00
1779075000000,2118.8,2120.59,2114.72,2120.59,32.46958042,2026-05-18 03:30:00+00:00
1779075900000,2120.16,2120.48,2116.02,2117.27,86.62558453,2026-05-18 03:45:00+00:00
1779076800000,2117.22,2121.82,2116.45,2121.07,192.68550005,2026-05-18 04:00:00+00:00
1779077700000,2120.85,2121.21,2113.44,2113.75,79.08111092,2026-05-18 04:15:00+00:00
1779078600000,2114.4,2120.96,2113.72,2120.79,101.85069213,2026-05-18 04:30:00+00:00
1779079500000,2121.0,2124.43,2119.01,2123.68,47.93622534,2026-05-18 04:45:00+00:00
1779080400000,2123.71,2124.71,2121.65,2122.49,87.73702632,2026-05-18 05:00:00+00:00
1779081300000,2121.81,2123.64,2118.35,2123.36,98.55868175,2026-05-18 05:15:00+00:00
1779082200000,2123.26,2123.65,2116.57,2118.28,124.5829467,2026-05-18 05:30:00+00:00
1779083100000,2118.27,2119.94,2116.18,2117.22,40.51507392,2026-05-18 05:45:00+00:00
1779084000000,2117.29,2119.95,2110.74,2117.0,229.89089373,2026-05-18 06:00:00+00:00
1779084900000,2117.62,2120.13,2108.87,2112.26,215.27382649,2026-05-18 06:15:00+00:00
1779085800000,2112.25,2116.22,2109.79,2116.22,36.84139687,2026-05-18 06:30:00+00:00
1779086700000,2116.66,2118.75,2115.86,2117.35,26.25185474,2026-05-18 06:45:00+00:00
1779087600000,2117.74,2120.83,2114.97,2116.16,31.41979282,2026-05-18 07:00:00+00:00
1779088500000,2116.37,2120.24,2111.26,2118.68,6.86745309,2026-05-18 07:15:00+00:00
1779089400000,2118.8,2121.71,2114.0,2114.63,411.775691,2026-05-18 07:30:00+00:00
1779090300000,2114.55,2123.84,2114.55,2120.14,7230.56830587,2026-05-18 07:45:00+00:00
1779091200000,2120.1,2123.01,2119.9,2120.03,22.28278083,2026-05-18 08:00:00+00:00
1779092100000,2120.02,2121.5,2118.82,2120.05,35.56007578,2026-05-18 08:15:00+00:00
1779093000000,2120.0,2120.01,2116.11,2117.59,125.40659199,2026-05-18 08:30:00+00:00
1779093900000,2117.59,2120.97,2116.86,2120.23,43.52255547,2026-05-18 08:45:00+00:00
1779094800000,2120.29,2120.79,2115.0,2117.27,339.07778166,2026-05-18 09:00:00+00:00
1779095700000,2117.01,2118.48,2115.99,2117.14,4.79525402,2026-05-18 09:15:00+00:00
1779096600000,2116.87,2118.98,2115.41,2116.61,62.60155646,2026-05-18 09:30:00+00:00
1779097500000,2116.62,2117.74,2115.52,2115.75,32.37350516,2026-05-18 09:45:00+00:00
1779098400000,2115.75,2115.76,2111.48,2112.66,26.93513306,2026-05-18 10:00:00+00:00
1779099300000,2112.67,2115.43,2112.67,2114.66,93.43704447,2026-05-18 10:15:00+00:00
1779100200000,2114.97,2115.97,2112.08,2113.11,73.81167768,2026-05-18 10:30:00+00:00
1779101100000,2113.06,2116.26,2113.06,2113.17,13.42467765,2026-05-18 10:45:00+00:00
1779102000000,2113.15,2113.72,2109.03,2112.08,36.73178026,2026-05-18 11:00:00+00:00
1779102900000,2111.95,2115.08,2111.57,2113.63,116.53838176,2026-05-18 11:15:00+00:00
1779103800000,2112.4,2137.96,2112.21,2135.51,239.63285201,2026-05-18 11:30:00+00:00
1779104700000,2136.1,2136.1,2131.22,2132.62,101.44983844,2026-05-18 11:45:00+00:00
1779105600000,2132.94,2146.29,2132.94,2142.61,221.98226287,2026-05-18 12:00:00+00:00
1779106500000,2142.62,2150.03,2140.85,2143.79,748.19088984,2026-05-18 12:15:00+00:00
1779107400000,2143.71,2154.54,2142.16,2153.05,560.69313983,2026-05-18 12:30:00+00:00
1779108300000,2154.22,2155.79,2148.95,2150.55,81.3253795,2026-05-18 12:45:00+00:00
1779109200000,2150.14,2150.2,2144.07,2147.24,1677.97912482,2026-05-18 13:00:00+00:00
1779110100000,2146.7,2146.72,2141.64,2141.72,126.50472507,2026-05-18 13:15:00+00:00
1779111000000,2141.75,2141.75,2118.73,2123.88,1751.25868106,2026-05-18 13:30:00+00:00
1779111900000,2124.14,2136.14,2122.13,2130.21,104.23151157,2026-05-18 13:45:00+00:00
1779112800000,2129.98,2129.98,2122.55,2123.29,170.56948267,2026-05-18 14:00:00+00:00
1779113700000,2123.64,2127.12,2114.0,2115.76,81.13354262,2026-05-18 14:15:00+00:00
1779114600000,2115.77,2117.9,2098.43,2112.55,2355.72938381,2026-05-18 14:30:00+00:00
1779115500000,2112.72,2113.79,2105.87,2108.48,107.05887344,2026-05-18 14:45:00+00:00
1779116400000,2109.15,2110.08,2094.29,2103.23,675.12243657,2026-05-18 15:00:00+00:00
1779117300000,2102.19,2102.9,2094.84,2096.1,319.10912856,2026-05-18 15:15:00+00:00
1779118200000,2096.1,2107.15,2092.61,2105.94,585.03527861,2026-05-18 15:30:00+00:00
1779119100000,2106.17,2109.13,2102.39,2105.49,199.84741126,2026-05-18 15:45:00+00:00
1779120000000,2106.25,2110.91,2100.26,2105.59,195.41272565,2026-05-18 16:00:00+00:00
1779120900000,2105.59,2109.22,2091.5,2091.7,618.41479392,2026-05-18 16:15:00+00:00
1779121800000,2092.08,2098.34,2088.55,2097.0,422.24343491,2026-05-18 16:30:00+00:00
1779122700000,2097.0,2100.75,2096.47,2096.48,308.95768144,2026-05-18 16:45:00+00:00
1779123600000,2096.48,2106.12,2094.43,2101.03,346.44254512,2026-05-18 17:00:00+00:00
1779124500000,2102.22,2105.55,2102.03,2105.32,32.95624441,2026-05-18 17:15:00+00:00
1779125400000,2105.33,2106.58,2102.13,2106.03,91.78758648,2026-05-18 17:30:00+00:00
1779126300000,2106.23,2108.33,2104.72,2106.83,35.18546927,2026-05-18 17:45:00+00:00
1779127200000,2106.63,2107.76,2099.12,2099.51,53.97241867,2026-05-18 18:00:00+00:00
1779128100000,2099.28,2099.28,2075.0,2087.58,611.19741446,2026-05-18 18:15:00+00:00
1779129000000,2087.38,2090.51,2083.37,2085.55,136.49594979,2026-05-18 18:30:00+00:00
1779129900000,2085.69,2088.26,2078.84,2079.79,271.95559513,2026-05-18 18:45:00+00:00
1779130800000,2080.0,2111.12,2078.16,2103.05,2422.40317453,2026-05-18 19:00:00+00:00
1779131700000,2104.63,2107.57,2100.76,2104.18,282.11065379,2026-05-18 19:15:00+00:00
1779132600000,2104.09,2115.65,2103.33,2115.01,1335.25622126,2026-05-18 19:30:00+00:00
1779133500000,2115.0,2126.97,2114.53,2122.97,394.84203765,2026-05-18 19:45:00+00:00
1779134400000,2123.0,2127.66,2121.39,2126.03,508.02590377,2026-05-18 20:00:00+00:00
1779135300000,2125.58,2127.66,2122.91,2126.95,57.30687239,2026-05-18 20:15:00+00:00
1779136200000,2126.94,2128.64,2120.66,2120.66,72.19623085,2026-05-18 20:30:00+00:00
1779137100000,2120.81,2120.81,2113.55,2116.06,1187.11327568,2026-05-18 20:45:00+00:00
1779138000000,2115.96,2122.37,2113.35,2120.27,70.65522337,2026-05-18 21:00:00+00:00
1779138900000,2120.6,2132.88,2120.6,2129.17,1650.38988397,2026-05-18 21:15:00+00:00
1779139800000,2129.17,2140.91,2129.17,2135.63,502.89691687,2026-05-18 21:30:00+00:00
1779140700000,2135.67,2137.64,2132.08,2135.78,21.15961648,2026-05-18 21:45:00+00:00
1779141600000,2135.71,2137.8,2131.8,2135.73,73.89831281,2026-05-18 22:00:00+00:00
1779142500000,2134.95,2140.35,2134.3,2138.12,156.65768355,2026-05-18 22:15:00+00:00
1779143400000,2138.09,2140.13,2132.59,2133.64,1169.62995939,2026-05-18 22:30:00+00:00
1779144300000,2133.43,2134.31,2128.84,2134.26,52.99739491,2026-05-18 22:45:00+00:00
1779145200000,2134.3,2137.52,2134.18,2134.99,20.04500342,2026-05-18 23:00:00+00:00
1779146100000,2133.95,2133.95,2131.32,2131.32,8.42430701,2026-05-18 23:15:00+00:00
1779147000000,2131.31,2133.52,2128.49,2133.33,124.33690907,2026-05-18 23:30:00+00:00
1779147900000,2133.32,2133.32,2126.38,2128.63,738.43303346,2026-05-18 23:45:00+00:00
1779148800000,2128.81,2132.35,2127.26,2131.44,85.1109041,2026-05-19 00:00:00+00:00
1779149700000,2131.3,2144.99,2130.26,2138.34,99.4235774,2026-05-19 00:15:00+00:00
1779150600000,2138.67,2139.64,2134.21,2136.14,76.42061384,2026-05-19 00:30:00+00:00
1779151500000,2136.12,2141.07,2134.7,2134.78,518.15572168,2026-05-19 00:45:00+00:00
1779152400000,2134.71,2136.95,2131.0,2134.07,509.82853099,2026-05-19 01:00:00+00:00
1779153300000,2134.36,2134.53,2121.68,2124.06,93.51219638,2026-05-19 01:15:00+00:00
1779154200000,2124.47,2131.23,2122.84,2129.78,91.43185767,2026-05-19 01:30:00+00:00
1779155100000,2129.95,2130.03,2123.96,2123.97,58.35077248,2026-05-19 01:45:00+00:00
1779156000000,2123.53,2124.72,2118.09,2123.48,23.63420885,2026-05-19 02:00:00+00:00
1779156900000,2123.71,2134.31,2122.42,2129.83,16.58133807,2026-05-19 02:15:00+00:00
1779157800000,2129.73,2129.73,2124.1,2124.55,10.68730721,2026-05-19 02:30:00+00:00
1779158700000,2124.71,2126.52,2120.65,2121.7,17.73203473,2026-05-19 02:45:00+00:00
1779159600000,2121.66,2126.22,2120.67,2126.22,31.4873237,2026-05-19 03:00:00+00:00
1779160500000,2127.2,2131.1,2125.21,2126.82,11.06520605,2026-05-19 03:15:00+00:00
1779161400000,2127.28,2131.08,2127.15,2131.08,10.01045568,2026-05-19 03:30:00+00:00
1779162300000,2130.89,2132.74,2129.16,2129.76,11.58280903,2026-05-19 03:45:00+00:00
1779163200000,2129.84,2135.05,2127.96,2133.83,19.32863512,2026-05-19 04:00:00+00:00
1779164100000,2133.94,2134.26,2126.68,2127.98,79.14622393,2026-05-19 04:15:00+00:00
1779165000000,2128.13,2132.73,2128.13,2132.14,49.59373333,2026-05-19 04:30:00+00:00
1779165900000,2132.41,2133.79,2131.94,2132.33,36.7678393,2026-05-19 04:45:00+00:00
1779166800000,2132.34,2133.08,2128.22,2129.16,21.3752488,2026-05-19 05:00:00+00:00
1779167700000,2129.38,2129.38,2122.11,2127.87,17.4062854,2026-05-19 05:15:00+00:00
1779168600000,2128.4,2134.69,2127.25,2131.46,26.61638473,2026-05-19 05:30:00+00:00
1779169500000,2131.5,2135.76,2130.95,2133.64,9.06172933,2026-05-19 05:45:00+00:00
1779170400000,2133.65,2134.88,2132.07,2134.87,17.65547322,2026-05-19 06:00:00+00:00
1779171300000,2134.64,2135.0,2131.13,2133.69,35.08159687,2026-05-19 06:15:00+00:00
1779172200000,2133.78,2139.33,2132.45,2138.55,1515.03613689,2026-05-19 06:30:00+00:00
1779173100000,2138.35,2141.1,2135.57,2136.34,538.48225653,2026-05-19 06:45:00+00:00
1779174000000,2135.69,2139.75,2133.86,2137.62,18.7081852,2026-05-19 07:00:00+00:00
1779174900000,2138.13,2139.34,2136.06,2136.62,55.25699788,2026-05-19 07:15:00+00:00
1779175800000,2137.16,2141.55,2136.47,2141.35,7.38236971,2026-05-19 07:30:00+00:00
1779176700000,2140.5,2145.12,2138.94,2139.67,1368.22414549,2026-05-19 07:45:00+00:00
1779177600000,2139.48,2139.87,2132.3,2132.79,56.26092705,2026-05-19 08:00:00+00:00
1779178500000,2132.79,2136.2,2129.44,2133.43,210.48056863,2026-05-19 08:15:00+00:00
1779179400000,2132.72,2139.36,2131.93,2136.31,11.43671631,2026-05-19 08:30:00+00:00
1779180300000,2135.73,2136.87,2131.74,2132.0,238.69561241,2026-05-19 08:45:00+00:00
1779181200000,2132.06,2132.56,2129.85,2130.34,7.67438185,2026-05-19 09:00:00+00:00
1779182100000,2130.25,2130.25,2113.72,2113.72,47.18528841,2026-05-19 09:15:00+00:00
1779183000000,2115.68,2117.37,2110.97,2114.31,147.99934646,2026-05-19 09:30:00+00:00
1779183900000,2114.25,2114.73,2110.0,2112.73,123.15367232,2026-05-19 09:45:00+00:00
1779184800000,2112.81,2113.82,2107.6,2113.82,118.62506942,2026-05-19 10:00:00+00:00
1779185700000,2113.81,2114.96,2111.86,2114.66,24.82249601,2026-05-19 10:15:00+00:00
1779186600000,2114.93,2120.07,2108.0,2108.71,139.01094188,2026-05-19 10:30:00+00:00
1779187500000,2108.2,2118.86,2105.76,2116.79,96.31716924,2026-05-19 10:45:00+00:00
1779188400000,2116.8,2118.52,2115.82,2116.44,89.87691422,2026-05-19 11:00:00+00:00
1779189300000,2116.64,2117.62,2111.86,2113.25,32.24305138,2026-05-19 11:15:00+00:00
1779190200000,2113.23,2114.33,2107.69,2107.69,51.52285268,2026-05-19 11:30:00+00:00
1779191100000,2107.97,2111.0,2107.97,2109.41,47.01417637,2026-05-19 11:45:00+00:00
1779192000000,2108.95,2112.28,2106.88,2112.28,132.07344761,2026-05-19 12:00:00+00:00
1779192900000,2112.08,2115.13,2112.07,2114.75,98.17615222,2026-05-19 12:15:00+00:00
1779193800000,2115.31,2117.25,2112.31,2115.96,441.58473749,2026-05-19 12:30:00+00:00
1779194700000,2115.88,2117.5,2115.32,2117.2,42.16565484,2026-05-19 12:45:00+00:00
1779195600000,2117.2,2118.21,2110.0,2113.22,16.58809754,2026-05-19 13:00:00+00:00
1779196500000,2112.85,2113.4,2106.1,2106.36,97.63595131,2026-05-19 13:15:00+00:00
1779197400000,2106.37,2125.08,2106.37,2111.41,218.25197414,2026-05-19 13:30:00+00:00
1779198300000,2111.2,2123.47,2111.02,2117.27,157.34369846,2026-05-19 13:45:00+00:00
1779199200000,2117.26,2121.72,2108.91,2108.92,1297.55976892,2026-05-19 14:00:00+00:00
1779200100000,2108.92,2109.92,2097.42,2105.19,408.80772488,2026-05-19 14:15:00+00:00
1779201000000,2105.48,2110.0,2099.01,2105.14,1259.86759959,2026-05-19 14:30:00+00:00
1779201900000,2105.14,2105.68,2092.13,2105.12,229.21165576,2026-05-19 14:45:00+00:00
1779202800000,2104.85,2109.73,2102.85,2108.61,190.74464313,2026-05-19 15:00:00+00:00
1779203700000,2108.61,2110.82,2102.47,2104.98,128.95528377,2026-05-19 15:15:00+00:00
1779204600000,2104.65,2111.35,2104.65,2108.06,121.75589479,2026-05-19 15:30:00+00:00
1779205500000,2108.35,2110.0,2105.51,2108.28,45.96820337,2026-05-19 15:45:00+00:00
1779206400000,2108.29,2110.0,2105.42,2106.19,53.86695646,2026-05-19 16:00:00+00:00
1779207300000,2106.24,2110.75,2106.24,2110.29,79.41535029,2026-05-19 16:15:00+00:00
1779208200000,2110.48,2115.79,2110.31,2115.79,38.27106901,2026-05-19 16:30:00+00:00
1779209100000,2116.21,2120.27,2115.07,2119.62,163.12655499,2026-05-19 16:45:00+00:00
1779210000000,2119.63,2121.32,2117.85,2120.83,54.3269188,2026-05-19 17:00:00+00:00
1779210900000,2120.92,2122.56,2117.1,2117.99,1541.6989756,2026-05-19 17:15:00+00:00
1779211800000,2117.85,2118.29,2112.25,2114.81,1041.83869452,2026-05-19 17:30:00+00:00
1779212700000,2114.8,2114.8,2110.96,2114.1,49.55507081,2026-05-19 17:45:00+00:00
1779213600000,2113.75,2116.91,2112.21,2116.27,96.01431204,2026-05-19 18:00:00+00:00
1779214500000,2116.28,2117.81,2109.6,2111.18,661.62156365,2026-05-19 18:15:00+00:00
1779215400000,2110.87,2114.7,2108.33,2113.64,701.34248839,2026-05-19 18:30:00+00:00
1779216300000,2113.64,2115.6,2112.02,2113.25,170.54758309,2026-05-19 18:45:00+00:00
1779217200000,2113.08,2120.0,2113.08,2120.0,340.52023635,2026-05-19 19:00:00+00:00
1779218100000,2120.0,2121.25,2109.85,2110.52,407.94238152,2026-05-19 19:15:00+00:00
1779219000000,2110.48,2114.19,2108.53,2112.49,397.39681645,2026-05-19 19:30:00+00:00
1779219900000,2112.65,2112.96,2109.2,2110.89,91.99558022,2026-05-19 19:45:00+00:00
1779220800000,2110.89,2114.65,2110.88,2114.06,23.96130631,2026-05-19 20:00:00+00:00
1779221700000,2114.05,2114.34,2112.8,2113.76,30.80374122,2026-05-19 20:15:00+00:00
1779222600000,2113.84,2116.42,2113.4,2114.24,118.6519221,2026-05-19 20:30:00+00:00
1779223500000,2114.18,2117.16,2114.18,2116.81,50.78900337,2026-05-19 20:45:00+00:00
1779224400000,2116.81,2118.78,2115.5,2117.53,33.9696696,2026-05-19 21:00:00+00:00
1779225300000,2117.66,2118.38,2116.16,2116.72,22.50526413,2026-05-19 21:15:00+00:00
1779226200000,2116.77,2118.63,2116.41,2117.2,18.15478597,2026-05-19 21:30:00+00:00
1779227100000,2116.5,2117.95,2115.01,2115.01,10.58544389,2026-05-19 21:45:00+00:00
1779228000000,2115.08,2115.08,2108.0,2108.01,116.92092469,2026-05-19 22:00:00+00:00
1779228900000,2108.0,2108.0,2101.77,2102.5,194.69134829,2026-05-19 22:15:00+00:00
1779229800000,2102.5,2106.82,2101.0,2105.73,278.47817586,2026-05-19 22:30:00+00:00
1779230700000,2105.89,2106.31,2104.55,2104.6,10.92886392,2026-05-19 22:45:00+00:00
1779231600000,2104.6,2110.16,2102.8,2109.51,64.1380011,2026-05-19 23:00:00+00:00
1779232500000,2109.61,2114.18,2109.51,2113.87,11.09622404,2026-05-19 23:15:00+00:00
1779233400000,2113.87,2116.49,2113.11,2113.57,102.75964954,2026-05-19 23:30:00+00:00
1779234300000,2113.61,2113.61,2108.96,2109.86,225.52371289,2026-05-19 23:45:00+00:00
1779235200000,2109.86,2112.38,2102.88,2103.49,290.35392841,2026-05-20 00:00:00+00:00
1779236100000,2102.87,2107.63,2101.89,2107.05,410.38237209,2026-05-20 00:15:00+00:00
1779237000000,2107.39,2113.49,2105.07,2108.13,66.93311592,2026-05-20 00:30:00+00:00
1779237900000,2108.14,2110.19,2107.0,2108.39,124.8507197,2026-05-20 00:45:00+00:00
1779238800000,2109.09,2115.0,2106.73,2113.51,31.13947692,2026-05-20 01:00:00+00:00
1779239700000,2113.23,2113.23,2101.24,2101.37,68.21557958,2026-05-20 01:15:00+00:00
1779240600000,2101.81,2106.97,2101.81,2104.01,244.39329172,2026-05-20 01:30:00+00:00
1779241500000,2105.53,2116.41,2104.27,2113.49,158.87973669,2026-05-20 01:45:00+00:00
1779242400000,2113.29,2114.44,2109.67,2111.27,20.02088399,2026-05-20 02:00:00+00:00
1779243300000,2111.46,2114.73,2110.13,2110.44,68.4437303,2026-05-20 02:15:00+00:00
1779244200000,2110.41,2110.41,2105.25,2106.15,20.93276853,2026-05-20 02:30:00+00:00
1779245100000,2105.66,2108.24,2104.96,2107.26,19.57561287,2026-05-20 02:45:00+00:00
1779246000000,2106.97,2106.97,2104.11,2106.0,10.4940643,2026-05-20 03:00:00+00:00
1779246900000,2105.76,2113.98,2105.75,2113.36,6.77455068,2026-05-20 03:15:00+00:00
1779247800000,2113.17,2113.17,2109.81,2110.39,10.97970297,2026-05-20 03:30:00+00:00
1779248700000,2110.05,2110.65,2108.28,2109.72,22.93642859,2026-05-20 03:45:00+00:00
1779249600000,2109.72,2112.33,2109.72,2112.16,11.97370978,2026-05-20 04:00:00+00:00
1779250500000,2112.38,2112.84,2111.1,2111.1,52.94968849,2026-05-20 04:15:00+00:00
1779251400000,2111.19,2111.37,2105.81,2108.69,42.04534675,2026-05-20 04:30:00+00:00
1779252300000,2108.74,2111.19,2108.74,2111.11,11.02970578,2026-05-20 04:45:00+00:00
1779253200000,2111.29,2124.42,2111.29,2122.0,142.11389278,2026-05-20 05:00:00+00:00
1779254100000,2122.46,2123.43,2120.65,2121.88,70.50784275,2026-05-20 05:15:00+00:00
1779255000000,2122.11,2129.37,2122.11,2124.39,162.55542784,2026-05-20 05:30:00+00:00
1779255900000,2124.01,2124.87,2122.85,2123.67,5.58828505,2026-05-20 05:45:00+00:00
1779256800000,2123.62,2125.76,2123.62,2125.09,9.75717925,2026-05-20 06:00:00+00:00
1779257700000,2125.1,2130.5,2125.1,2127.35,484.38746305,2026-05-20 06:15:00+00:00
1779258600000,2127.33,2129.2,2124.63,2129.08,44.9625383,2026-05-20 06:30:00+00:00
1779259500000,2129.16,2131.8,2127.43,2131.05,2792.24992969,2026-05-20 06:45:00+00:00
1779260400000,2131.33,2131.77,2128.38,2129.39,90.47415113,2026-05-20 07:00:00+00:00
1779261300000,2129.15,2133.98,2127.36,2131.26,52.19542906,2026-05-20 07:15:00+00:00
1779262200000,2131.34,2132.24,2129.68,2130.58,24.97997981,2026-05-20 07:30:00+00:00
1779263100000,2130.57,2130.57,2126.12,2127.08,22.78774424,2026-05-20 07:45:00+00:00
1779264000000,2127.08,2130.04,2126.56,2127.9,47.33046963,2026-05-20 08:00:00+00:00
1779264900000,2127.74,2129.28,2126.62,2128.73,12.82267828,2026-05-20 08:15:00+00:00
1779265800000,2129.31,2135.0,2129.31,2134.18,355.95630393,2026-05-20 08:30:00+00:00
1779266700000,2134.09,2134.09,2129.1,2129.46,41.33123336,2026-05-20 08:45:00+00:00
1779267600000,2129.31,2130.02,2126.18,2127.11,41.88217447,2026-05-20 09:00:00+00:00
1779268500000,2127.09,2129.24,2125.78,2129.24,34.74396034,2026-05-20 09:15:00+00:00
1779269400000,2128.97,2130.68,2128.61,2128.68,9.218163,2026-05-20 09:30:00+00:00
1779270300000,2128.23,2128.27,2126.18,2127.04,119.37675624,2026-05-20 09:45:00+00:00
1779271200000,2127.05,2131.64,2127.04,2130.09,13.80381251,2026-05-20 10:00:00+00:00
1779272100000,2130.21,2131.32,2129.25,2130.86,41.53427943,2026-05-20 10:15:00+00:00
1779273000000,2130.71,2134.63,2129.88,2129.93,40.13085777,2026-05-20 10:30:00+00:00
1779273900000,2129.93,2131.17,2128.51,2128.62,33.61294243,2026-05-20 10:45:00+00:00
1779274800000,2128.62,2130.01,2127.38,2127.38,11.74526054,2026-05-20 11:00:00+00:00
1779275700000,2127.4,2128.75,2125.97,2125.97,31.63551484,2026-05-20 11:15:00+00:00
1779276600000,2126.0,2128.39,2123.14,2123.56,95.09183469,2026-05-20 11:30:00+00:00
1779277500000,2124.34,2126.33,2122.43,2126.3,26.02036654,2026-05-20 11:45:00+00:00
1779278400000,2126.04,2130.36,2124.95,2128.82,14.16714311,2026-05-20 12:00:00+00:00
1779279300000,2128.45,2130.41,2125.24,2128.86,19.85931794,2026-05-20 12:15:00+00:00
1779280200000,2129.01,2131.2,2129.01,2130.17,828.8347452,2026-05-20 12:30:00+00:00
1779281100000,2130.17,2138.47,2129.43,2132.23,39.78308426,2026-05-20 12:45:00+00:00
1779282000000,2132.23,2133.65,2128.58,2128.91,57.87696619,2026-05-20 13:00:00+00:00
1779282900000,2129.21,2129.58,2124.08,2124.35,21.11083057,2026-05-20 13:15:00+00:00
1779283800000,2124.88,2125.44,2113.9,2119.14,327.17012521,2026-05-20 13:30:00+00:00
1779284700000,2119.14,2125.81,2115.92,2118.57,123.69254281,2026-05-20 13:45:00+00:00
1779285600000,2118.57,2123.21,2112.24,2120.88,113.61538321,2026-05-20 14:00:00+00:00
1779286500000,2120.93,2137.0,2120.93,2129.16,1146.87788843,2026-05-20 14:15:00+00:00
1779287400000,2129.42,2134.66,2127.37,2131.45,186.10649001,2026-05-20 14:30:00+00:00
1779288300000,2131.56,2136.53,2130.63,2133.68,108.74545229,2026-05-20 14:45:00+00:00
1779289200000,2133.4,2134.23,2126.87,2127.78,111.7330228,2026-05-20 15:00:00+00:00
1779290100000,2127.85,2147.16,2127.85,2136.84,375.18381329,2026-05-20 15:15:00+00:00
1779291000000,2137.34,2138.64,2130.68,2133.78,26.31487292,2026-05-20 15:30:00+00:00
1779291900000,2133.81,2138.63,2132.54,2134.6,197.80849914,2026-05-20 15:45:00+00:00
1779292800000,2134.77,2138.18,2134.67,2135.94,40.38470154,2026-05-20 16:00:00+00:00
1779293700000,2135.59,2135.59,2122.45,2124.74,164.94891175,2026-05-20 16:15:00+00:00
1779294600000,2124.89,2134.05,2122.99,2133.08,163.60853954,2026-05-20 16:30:00+00:00
1779295500000,2133.78,2136.01,2131.15,2133.19,231.97068028,2026-05-20 16:45:00+00:00
1779296400000,2133.6,2138.35,2130.45,2137.16,192.28720471,2026-05-20 17:00:00+00:00
1779297300000,2136.96,2145.87,2135.43,2143.13,1288.10232936,2026-05-20 17:15:00+00:00
1779298200000,2143.12,2145.83,2140.26,2142.5,87.69422568,2026-05-20 17:30:00+00:00
1779299100000,2142.5,2144.01,2137.73,2138.61,91.7201644,2026-05-20 17:45:00+00:00
1779300000000,2138.46,2139.12,2134.81,2136.25,81.90169107,2026-05-20 18:00:00+00:00
1779300900000,2136.09,2138.46,2131.68,2133.63,94.74459569,2026-05-20 18:15:00+00:00
1779301800000,2133.43,2135.0,2131.84,2133.59,22.68098642,2026-05-20 18:30:00+00:00
1779302700000,2133.0,2133.0,2128.85,2130.02,66.8609437,2026-05-20 18:45:00+00:00
1779303600000,2129.94,2131.03,2127.02,2129.73,637.85776773,2026-05-20 19:00:00+00:00
1779304500000,2129.81,2135.77,2128.82,2135.44,47.7289605,2026-05-20 19:15:00+00:00
1779305400000,2135.45,2138.9,2134.67,2138.41,75.11761438,2026-05-20 19:30:00+00:00
1779306300000,2138.41,2139.21,2135.46,2137.36,54.28491938,2026-05-20 19:45:00+00:00
1779307200000,2137.15,2138.64,2133.5,2138.53,68.33666408,2026-05-20 20:00:00+00:00
1779308100000,2138.21,2138.23,2127.86,2134.36,129.39389814,2026-05-20 20:15:00+00:00
1779309000000,2134.68,2135.22,2131.76,2133.54,37.73069499,2026-05-20 20:30:00+00:00
1779309900000,2133.56,2135.0,2132.81,2134.23,54.35212064,2026-05-20 20:45:00+00:00
1779310800000,2133.89,2136.73,2132.08,2135.65,78.058917,2026-05-20 21:00:00+00:00
1779311700000,2135.52,2135.54,2131.2,2131.34,59.62747497,2026-05-20 21:15:00+00:00
1779312600000,2130.54,2132.28,2129.46,2130.21,25.25092511,2026-05-20 21:30:00+00:00
1779313500000,2130.55,2131.94,2128.51,2128.6,35.94778034,2026-05-20 21:45:00+00:00
1779314400000,2128.66,2128.66,2117.21,2120.1,84.18296309,2026-05-20 22:00:00+00:00
1779315300000,2120.13,2124.93,2116.36,2124.38,71.33830654,2026-05-20 22:15:00+00:00
1779316200000,2124.46,2126.56,2121.08,2123.98,57.56569416,2026-05-20 22:30:00+00:00
1779317100000,2123.98,2126.43,2123.97,2126.43,86.31531037,2026-05-20 22:45:00+00:00
1779318000000,2126.19,2126.19,2122.1,2122.21,38.86858396,2026-05-20 23:00:00+00:00
1779318900000,2122.94,2123.45,2120.82,2123.34,74.3827751,2026-05-20 23:15:00+00:00
1779319800000,2123.4,2125.98,2122.5,2125.19,19.78696933,2026-05-20 23:30:00+00:00
1779320700000,2124.3,2127.84,2124.2,2127.3,21.34240591,2026-05-20 23:45:00+00:00
1779321600000,2127.39,2130.69,2126.1,2130.47,70.24923391,2026-05-21 00:00:00+00:00
1779322500000,2130.46,2133.02,2129.7,2133.02,14.64107831,2026-05-21 00:15:00+00:00
1779323400000,2133.24,2134.97,2131.89,2134.84,11.94923882,2026-05-21 00:30:00+00:00
1779324300000,2134.83,2142.88,2134.49,2140.86,120.66691601,2026-05-21 00:45:00+00:00
1779325200000,2140.94,2145.99,2140.94,2145.99,105.34475818,2026-05-21 01:00:00+00:00
1779326100000,2145.99,2155.0,2140.06,2141.37,122.47255617,2026-05-21 01:15:00+00:00
1779327000000,2141.17,2142.16,2138.12,2140.12,1158.1769058,2026-05-21 01:30:00+00:00
1779327900000,2139.97,2144.08,2137.37,2138.9,53.6025573,2026-05-21 01:45:00+00:00
1779328800000,2139.12,2140.86,2138.01,2139.78,36.02560175,2026-05-21 02:00:00+00:00
1779329700000,2139.4,2145.72,2139.1,2143.57,36.44276333,2026-05-21 02:15:00+00:00
1779330600000,2143.07,2144.69,2141.84,2142.21,10.41956212,2026-05-21 02:30:00+00:00
1779331500000,2142.19,2142.39,2140.0,2140.0,56.28404392,2026-05-21 02:45:00+00:00
1779332400000,2139.59,2141.5,2138.93,2140.2,27.18897097,2026-05-21 03:00:00+00:00
1779333300000,2140.24,2144.0,2139.18,2143.48,56.90929269,2026-05-21 03:15:00+00:00
1779334200000,2143.39,2144.0,2142.57,2144.0,19.69061634,2026-05-21 03:30:00+00:00
1779335100000,2143.76,2144.99,2142.74,2143.86,72.99597493,2026-05-21 03:45:00+00:00
1779336000000,2143.69,2146.76,2142.13,2142.13,46.0084992,2026-05-21 04:00:00+00:00
1779336900000,2142.59,2144.63,2142.58,2143.01,16.53159153,2026-05-21 04:15:00+00:00
1779337800000,2143.01,2143.8,2140.75,2141.88,39.88150721,2026-05-21 04:30:00+00:00
1779338700000,2141.64,2143.38,2141.04,2142.75,46.46172101,2026-05-21 04:45:00+00:00
1779339600000,2142.76,2145.8,2140.0,2140.0,12.21119666,2026-05-21 05:00:00+00:00
1779340500000,2140.0,2142.5,2139.33,2139.54,20.14689725,2026-05-21 05:15:00+00:00
1779341400000,2139.31,2139.33,2137.45,2137.81,114.85365231,2026-05-21 05:30:00+00:00
1779342300000,2137.8,2138.42,2131.19,2134.11,117.6502767,2026-05-21 05:45:00+00:00
1779343200000,2134.28,2136.0,2132.42,2132.98,86.43325336,2026-05-21 06:00:00+00:00
1779344100000,2132.98,2135.97,2130.95,2133.06,55.83177062,2026-05-21 06:15:00+00:00
1779345000000,2133.19,2134.94,2128.98,2129.38,10.65899854,2026-05-21 06:30:00+00:00
1779345900000,2129.48,2129.48,2125.85,2126.21,18.61651884,2026-05-21 06:45:00+00:00
1779346800000,2126.58,2128.54,2125.61,2126.83,31.77693961,2026-05-21 07:00:00+00:00
1779347700000,2126.26,2127.68,2122.26,2126.69,72.54624311,2026-05-21 07:15:00+00:00
1779348600000,2126.7,2129.63,2126.7,2129.61,69.82710605,2026-05-21 07:30:00+00:00
1779349500000,2129.65,2134.31,2129.65,2132.94,52.51990561,2026-05-21 07:45:00+00:00
1779350400000,2133.04,2144.2,2132.84,2144.2,21.20563643,2026-05-21 08:00:00+00:00
1779351300000,2144.25,2145.98,2136.32,2139.43,59.12586783,2026-05-21 08:15:00+00:00
1779352200000,2139.31,2139.31,2134.29,2135.27,64.07166214,2026-05-21 08:30:00+00:00
1779353100000,2135.35,2136.9,2133.87,2136.34,51.35113201,2026-05-21 08:45:00+00:00
1779354000000,2135.85,2138.41,2134.8,2136.11,44.99048839,2026-05-21 09:00:00+00:00
1779354900000,2136.11,2137.09,2135.07,2135.5,11.41453485,2026-05-21 09:15:00+00:00
1779355800000,2135.25,2136.43,2126.27,2126.99,86.48205698,2026-05-21 09:30:00+00:00
1779356700000,2126.67,2128.39,2125.96,2125.96,38.35946457,2026-05-21 09:45:00+00:00
1779357600000,2125.49,2127.18,2125.16,2126.36,28.43876373,2026-05-21 10:00:00+00:00
1779358500000,2126.39,2127.42,2108.73,2114.38,1902.93911128,2026-05-21 10:15:00+00:00
1779359400000,2114.23,2116.92,2107.14,2114.11,117.19175243,2026-05-21 10:30:00+00:00
1779360300000,2113.96,2113.96,2110.0,2112.52,88.62630793,2026-05-21 10:45:00+00:00
1779361200000,2111.9,2116.08,2110.0,2116.01,43.96545528,2026-05-21 11:00:00+00:00
1779362100000,2116.61,2117.3,2114.01,2115.97,30.78011568,2026-05-21 11:15:00+00:00
1779363000000,2115.94,2117.66,2113.48,2113.79,33.89688159,2026-05-21 11:30:00+00:00
1779363900000,2113.79,2115.51,2113.07,2113.08,25.27850078,2026-05-21 11:45:00+00:00
1779364800000,2113.08,2114.72,2110.89,2111.27,25.44406496,2026-05-21 12:00:00+00:00
1779365700000,2111.3,2113.49,2110.64,2111.11,30.19369614,2026-05-21 12:15:00+00:00
1779366600000,2111.07,2117.27,2110.07,2115.34,82.85780316,2026-05-21 12:30:00+00:00
1779367500000,2115.23,2117.66,2114.69,2114.85,48.68693242,2026-05-21 12:45:00+00:00
1779368400000,2115.25,2117.09,2114.02,2115.67,39.25880984,2026-05-21 13:00:00+00:00
1779369300000,2115.53,2116.37,2113.86,2116.37,28.27064463,2026-05-21 13:15:00+00:00
1779370200000,2117.03,2117.34,2103.07,2104.16,154.57730612,2026-05-21 13:30:00+00:00
1779371100000,2105.56,2122.48,2105.56,2118.48,89.42905665,2026-05-21 13:45:00+00:00
1779372000000,2118.57,2122.84,2115.7,2118.34,2582.78212529,2026-05-21 14:00:00+00:00
1779372900000,2118.57,2119.92,2109.53,2118.52,472.324069,2026-05-21 14:15:00+00:00
1779373800000,2118.45,2123.42,2115.86,2116.99,36.40127613,2026-05-21 14:30:00+00:00
1779374700000,2117.0,2120.96,2113.82,2119.84,225.72868689,2026-05-21 14:45:00+00:00
1779375600000,2119.85,2131.65,2117.41,2127.91,114.38529543,2026-05-21 15:00:00+00:00
1779376500000,2127.84,2135.03,2127.3,2134.05,75.96706657,2026-05-21 15:15:00+00:00
1779377400000,2133.71,2134.25,2124.92,2129.4,83.73272432,2026-05-21 15:30:00+00:00
1779378300000,2129.55,2135.88,2128.36,2130.22,140.68634909,2026-05-21 15:45:00+00:00
1779379200000,2130.23,2134.24,2129.86,2131.02,200.10412647,2026-05-21 16:00:00+00:00
1779380100000,2131.23,2131.64,2126.51,2128.6,49.00363312,2026-05-21 16:15:00+00:00
1779381000000,2128.6,2131.55,2121.66,2122.07,79.95391754,2026-05-21 16:30:00+00:00
1779381900000,2122.17,2125.75,2121.1,2125.47,19.51647676,2026-05-21 16:45:00+00:00
1779382800000,2125.54,2136.05,2123.72,2133.64,94.22000228,2026-05-21 17:00:00+00:00
1779383700000,2133.58,2146.0,2133.58,2145.64,269.05199827,2026-05-21 17:15:00+00:00
1779384600000,2145.4,2148.53,2142.65,2144.77,179.28778605,2026-05-21 17:30:00+00:00
1779385500000,2145.4,2151.5,2140.29,2145.07,262.32655249,2026-05-21 17:45:00+00:00
1779386400000,2144.71,2146.05,2137.38,2138.07,109.58592836,2026-05-21 18:00:00+00:00
1779387300000,2138.23,2142.06,2136.44,2137.63,64.62647888,2026-05-21 18:15:00+00:00
1779388200000,2137.61,2139.21,2136.36,2137.38,22.52525742,2026-05-21 18:30:00+00:00
1779389100000,2137.49,2137.49,2120.0,2124.43,332.61752156,2026-05-21 18:45:00+00:00
1779390000000,2124.43,2132.55,2124.42,2130.45,92.42036737,2026-05-21 19:00:00+00:00
1779390900000,2130.87,2133.03,2130.08,2131.36,46.270993,2026-05-21 19:15:00+00:00
1779391800000,2131.84,2137.12,2131.84,2135.53,138.91355354,2026-05-21 19:30:00+00:00
1779392700000,2135.52,2142.82,2134.89,2140.37,203.5844216,2026-05-21 19:45:00+00:00
1779393600000,2140.98,2141.27,2137.68,2138.68,131.91324445,2026-05-21 20:00:00+00:00
1779394500000,2138.77,2138.89,2136.0,2136.05,1350.18111229,2026-05-21 20:15:00+00:00
1779395400000,2136.15,2138.89,2135.21,2136.03,1156.16924978,2026-05-21 20:30:00+00:00
1779396300000,2136.69,2139.66,2135.01,2136.24,34.15226259,2026-05-21 20:45:00+00:00
1779397200000,2136.24,2138.3,2135.75,2136.04,24.89164352,2026-05-21 21:00:00+00:00
1779398100000,2136.43,2136.85,2135.66,2136.08,16.39007014,2026-05-21 21:15:00+00:00
1779399000000,2137.07,2137.1,2134.04,2134.71,101.39860177,2026-05-21 21:30:00+00:00
1779399900000,2134.73,2134.78,2132.18,2132.82,23.72733903,2026-05-21 21:45:00+00:00
1779400800000,2133.16,2134.9,2130.88,2132.69,41.81942524,2026-05-21 22:00:00+00:00
1779401700000,2132.45,2132.45,2130.88,2132.44,24.34793339,2026-05-21 22:15:00+00:00
1779402600000,2132.45,2133.61,2128.96,2130.91,41.10628533,2026-05-21 22:30:00+00:00
1779403500000,2130.91,2131.33,2129.27,2129.85,10.99520452,2026-05-21 22:45:00+00:00
1779404400000,2129.8,2132.37,2127.28,2127.28,11.98697134,2026-05-21 23:00:00+00:00
1779405300000,2127.26,2131.08,2125.0,2130.86,48.15645419,2026-05-21 23:15:00+00:00
1779406200000,2131.06,2134.46,2130.85,2133.79,32.58276224,2026-05-21 23:30:00+00:00
1779407100000,2133.78,2134.54,2131.0,2131.98,110.53052867,2026-05-21 23:45:00+00:00
1779408000000,2131.85,2132.15,2128.24,2128.74,110.88677674,2026-05-22 00:00:00+00:00
1779408900000,2128.45,2131.99,2128.02,2129.71,24.55026981,2026-05-22 00:15:00+00:00
1779409800000,2130.9,2132.85,2128.2,2129.42,10.84005721,2026-05-22 00:30:00+00:00
1779410700000,2129.18,2130.36,2127.13,2127.13,95.98619133,2026-05-22 00:45:00+00:00
1779411600000,2127.16,2131.63,2125.32,2131.63,7.80206999,2026-05-22 01:00:00+00:00
1779412500000,2131.56,2131.57,2126.7,2127.53,51.56309035,2026-05-22 01:15:00+00:00
1779413400000,2127.44,2129.77,2123.83,2129.65,126.62605646,2026-05-22 01:30:00+00:00
1779414300000,2129.61,2134.85,2129.61,2133.54,17.62323621,2026-05-22 01:45:00+00:00
1779415200000,2133.83,2137.12,2133.83,2135.81,46.65234062,2026-05-22 02:00:00+00:00
1779416100000,2136.3,2137.38,2133.45,2134.59,16.01793147,2026-05-22 02:15:00+00:00
1779417000000,2134.87,2135.83,2132.23,2134.34,21.2102672,2026-05-22 02:30:00+00:00
1779417900000,2134.72,2137.38,2133.66,2135.88,105.89334656,2026-05-22 02:45:00+00:00
1779418800000,2135.75,2138.91,2134.41,2134.42,16.18007151,2026-05-22 03:00:00+00:00
1779419700000,2134.42,2135.91,2133.1,2135.71,57.17071125,2026-05-22 03:15:00+00:00
1779420600000,2136.0,2136.82,2134.99,2135.46,18.21550504,2026-05-22 03:30:00+00:00
1779421500000,2135.34,2136.81,2135.27,2135.72,34.25097856,2026-05-22 03:45:00+00:00
1779422400000,2135.76,2138.87,2135.76,2138.32,25.50231434,2026-05-22 04:00:00+00:00
1779423300000,2138.38,2138.91,2135.37,2135.45,18.93801336,2026-05-22 04:15:00+00:00
1779424200000,2135.65,2136.15,2132.59,2132.6,21.39920424,2026-05-22 04:30:00+00:00
1779425100000,2132.59,2132.66,2130.4,2131.74,37.11615201,2026-05-22 04:45:00+00:00
1779426000000,2131.64,2133.76,2129.93,2132.61,7.98617649,2026-05-22 05:00:00+00:00
1779426900000,2132.56,2133.31,2128.36,2129.7,18.59906333,2026-05-22 05:15:00+00:00
1779427800000,2130.29,2131.02,2125.71,2128.89,34.61049919,2026-05-22 05:30:00+00:00
1779428700000,2129.1,2131.59,2125.56,2126.92,20.62072668,2026-05-22 05:45:00+00:00
1779429600000,2126.95,2128.0,2125.16,2127.95,9.60964889,2026-05-22 06:00:00+00:00
1779430500000,2127.63,2127.63,2124.4,2124.74,12.00163631,2026-05-22 06:15:00+00:00
1779431400000,2125.43,2125.43,2123.43,2124.32,17.12947113,2026-05-22 06:30:00+00:00
1779432300000,2124.59,2125.62,2121.96,2123.28,20.24750958,2026-05-22 06:45:00+00:00
1779433200000,2123.33,2126.34,2120.21,2125.91,43.66197219,2026-05-22 07:00:00+00:00
1779434100000,2125.28,2129.89,2125.28,2128.98,6.16443123,2026-05-22 07:15:00+00:00
1779435000000,2129.38,2129.94,2126.99,2128.39,25.61264441,2026-05-22 07:30:00+00:00
1779435900000,2128.33,2128.39,2126.37,2126.37,9.742684,2026-05-22 07:45:00+00:00
1779436800000,2126.38,2127.99,2124.31,2125.89,12.06042035,2026-05-22 08:00:00+00:00
1779437700000,2125.81,2130.59,2125.81,2129.43,25.44399265,2026-05-22 08:15:00+00:00
1779438600000,2129.5,2129.71,2116.74,2121.54,162.57870078,2026-05-22 08:30:00+00:00
1779439500000,2121.87,2122.48,2119.25,2119.75,151.22304763,2026-05-22 08:45:00+00:00
1779440400000,2119.76,2121.4,2118.18,2118.36,35.36762358,2026-05-22 09:00:00+00:00
1779441300000,2118.35,2121.55,2116.71,2119.8,79.77681729,2026-05-22 09:15:00+00:00
1779442200000,2119.79,2121.44,2117.61,2121.43,65.56968183,2026-05-22 09:30:00+00:00
1779443100000,2121.43,2122.34,2118.92,2121.56,25.92897599,2026-05-22 09:45:00+00:00
1779444000000,2121.26,2122.15,2119.63,2121.1,12.0292859,2026-05-22 10:00:00+00:00
1779444900000,2121.01,2122.16,2118.79,2121.88,58.93667127,2026-05-22 10:15:00+00:00
1779445800000,2121.87,2123.06,2119.8,2121.98,14.85053084,2026-05-22 10:30:00+00:00
1779446700000,2121.86,2122.42,2120.03,2120.12,35.73121352,2026-05-22 10:45:00+00:00
1779447600000,2120.13,2122.07,2120.13,2120.45,31.43971347,2026-05-22 11:00:00+00:00
1779448500000,2120.01,2122.06,2117.9,2121.9,29.42623159,2026-05-22 11:15:00+00:00
1779449400000,2121.99,2125.25,2121.99,2123.7,30.95837989,2026-05-22 11:30:00+00:00
1779450300000,2123.7,2128.0,2123.43,2127.74,56.9279025,2026-05-22 11:45:00+00:00
1779451200000,2128.25,2134.84,2127.0,2132.93,586.2917831,2026-05-22 12:00:00+00:00
1779452100000,2133.01,2135.7,2128.98,2129.39,39.02273323,2026-05-22 12:15:00+00:00
1779453000000,2129.38,2130.15,2128.04,2129.5,37.00837766,2026-05-22 12:30:00+00:00
1779453900000,2129.5,2133.03,2129.5,2132.4,75.732156,2026-05-22 12:45:00+00:00
1779454800000,2132.4,2133.36,2129.9,2131.57,147.20311693,2026-05-22 13:00:00+00:00
1779455700000,2131.57,2133.19,2127.41,2127.53,57.57197616,2026-05-22 13:15:00+00:00
1779456600000,2127.6,2129.74,2121.74,2125.36,127.4503051,2026-05-22 13:30:00+00:00
1779457500000,2126.62,2128.33,2123.83,2127.08,42.83067068,2026-05-22 13:45:00+00:00
1779458400000,2127.64,2127.64,2118.83,2121.44,81.65371901,2026-05-22 14:00:00+00:00
1779459300000,2121.42,2122.88,2110.98,2115.51,1512.30149539,2026-05-22 14:15:00+00:00
1779460200000,2115.72,2118.54,2114.86,2117.49,1563.99324775,2026-05-22 14:30:00+00:00
1779461100000,2117.39,2118.1,2114.48,2114.62,247.75951499,2026-05-22 14:45:00+00:00
1779462000000,2114.49,2120.66,2112.7,2114.77,114.12252973,2026-05-22 15:00:00+00:00
1779462900000,2114.88,2118.59,2111.01,2118.14,118.1671175,2026-05-22 15:15:00+00:00
1779463800000,2118.75,2122.96,2114.48,2115.91,76.80619867,2026-05-22 15:30:00+00:00
1779464700000,2115.9,2118.63,2114.54,2117.21,23.87124915,2026-05-22 15:45:00+00:00
1779465600000,2117.12,2120.34,2115.85,2118.35,78.30617796,2026-05-22 16:00:00+00:00
1779466500000,2118.29,2119.9,2115.78,2118.44,27.46466724,2026-05-22 16:15:00+00:00
1779467400000,2118.38,2119.79,2116.82,2117.39,10.31196069,2026-05-22 16:30:00+00:00
1779468300000,2117.62,2121.51,2117.62,2120.44,19.24021344,2026-05-22 16:45:00+00:00
1779469200000,2120.57,2124.52,2120.57,2122.72,51.70238295,2026-05-22 17:00:00+00:00
1779470100000,2123.0,2126.97,2116.78,2126.03,91.55595567,2026-05-22 17:15:00+00:00
1779471000000,2126.45,2127.62,2121.82,2124.55,26.44948012,2026-05-22 17:30:00+00:00
1779471900000,2124.17,2124.17,2116.98,2117.04,53.74375785,2026-05-22 17:45:00+00:00
1779472800000,2117.04,2117.25,2113.01,2117.08,128.84243783,2026-05-22 18:00:00+00:00
1779473700000,2117.3,2119.17,2115.65,2116.24,33.93942643,2026-05-22 18:15:00+00:00
1779474600000,2116.24,2116.79,2105.18,2105.58,124.0436332,2026-05-22 18:30:00+00:00
1779475500000,2105.66,2105.66,2082.77,2097.49,1739.76038031,2026-05-22 18:45:00+00:00
1779476400000,2097.5,2100.68,2084.72,2086.99,660.37408584,2026-05-22 19:00:00+00:00
1779477300000,2086.99,2091.12,2080.4,2082.99,762.86637669,2026-05-22 19:15:00+00:00
1779478200000,2083.0,2083.0,2055.64,2063.4,1203.60274826,2026-05-22 19:30:00+00:00
1779479100000,2063.28,2067.38,2059.64,2062.55,353.56954686,2026-05-22 19:45:00+00:00
1779480000000,2063.29,2073.37,2062.68,2070.0,429.15672127,2026-05-22 20:00:00+00:00
1779480900000,2070.01,2072.37,2067.24,2070.71,159.13668241,2026-05-22 20:15:00+00:00
1779481800000,2070.7,2071.14,2063.67,2070.37,321.45656811,2026-05-22 20:30:00+00:00
1779482700000,2069.89,2076.68,2068.11,2070.92,598.95036582,2026-05-22 20:45:00+00:00
1779483600000,2070.78,2072.49,2069.09,2070.62,69.52246625,2026-05-22 21:00:00+00:00
1779484500000,2070.4,2073.36,2069.31,2073.36,32.4279345,2026-05-22 21:15:00+00:00
1779485400000,2073.01,2076.68,2072.69,2073.68,155.97730372,2026-05-22 21:30:00+00:00
1779486300000,2074.31,2077.19,2074.01,2076.01,52.27902678,2026-05-22 21:45:00+00:00
1779487200000,2076.0,2076.95,2072.79,2074.76,46.13492208,2026-05-22 22:00:00+00:00
1779488100000,2074.79,2074.81,2070.14,2070.41,115.19858916,2026-05-22 22:15:00+00:00
1779489000000,2070.4,2072.46,2064.18,2066.68,171.28906255,2026-05-22 22:30:00+00:00
1779489900000,2066.72,2071.41,2066.58,2070.33,81.87832306,2026-05-22 22:45:00+00:00
1779490800000,2070.42,2075.07,2070.42,2074.71,91.96351266,2026-05-22 23:00:00+00:00
1779491700000,2074.71,2074.71,2067.54,2067.54,38.10100186,2026-05-22 23:15:00+00:00
1779492600000,2066.53,2072.18,2065.44,2071.36,45.87648786,2026-05-22 23:30:00+00:00
1779493500000,2071.23,2071.23,2055.67,2063.58,392.41830843,2026-05-22 23:45:00+00:00
1779494400000,2063.54,2068.42,2061.29,2063.93,116.9899939,2026-05-23 00:00:00+00:00
1779495300000,2063.94,2066.21,2061.52,2065.37,50.94232069,2026-05-23 00:15:00+00:00
1779496200000,2065.54,2065.54,2050.01,2058.87,207.74687684,2026-05-23 00:30:00+00:00
1779497100000,2058.84,2063.43,2058.21,2062.49,87.57654275,2026-05-23 00:45:00+00:00
1779498000000,2062.6,2066.84,2061.83,2061.83,114.9567296,2026-05-23 01:00:00+00:00
1779498900000,2062.12,2066.58,2059.94,2066.31,104.2684418,2026-05-23 01:15:00+00:00
1779499800000,2066.31,2066.55,2063.75,2064.74,65.69262309,2026-05-23 01:30:00+00:00
1779500700000,2064.84,2067.24,2061.52,2066.89,47.71489468,2026-05-23 01:45:00+00:00
1779501600000,2066.73,2067.96,2064.14,2064.14,37.25220501,2026-05-23 02:00:00+00:00
1779502500000,2065.34,2066.13,2063.13,2064.02,22.51131244,2026-05-23 02:15:00+00:00
1779503400000,2064.16,2065.28,2063.0,2065.19,22.94087675,2026-05-23 02:30:00+00:00
1779504300000,2064.54,2066.79,2064.54,2066.17,16.8751096,2026-05-23 02:45:00+00:00
1779505200000,2066.32,2067.42,2066.11,2067.28,19.81474391,2026-05-23 03:00:00+00:00
1779506100000,2067.28,2067.28,2066.65,2067.28,19.50282225,2026-05-23 03:15:00+00:00
1779507000000,2067.28,2068.91,2067.27,2068.78,25.89493802,2026-05-23 03:30:00+00:00
1779507900000,2068.74,2068.91,2067.88,2068.42,16.03556451,2026-05-23 03:45:00+00:00
1779508800000,2068.51,2068.51,2067.32,2068.21,24.55081875,2026-05-23 04:00:00+00:00
1779509700000,2068.21,2068.21,2064.2,2064.61,31.08945268,2026-05-23 04:15:00+00:00
1779510600000,2064.62,2067.28,2063.8,2063.85,8.55560578,2026-05-23 04:30:00+00:00
1779511500000,2063.84,2065.35,2063.84,2064.59,7.46674965,2026-05-23 04:45:00+00:00
1779512400000,2064.83,2065.48,2062.88,2063.42,36.41175074,2026-05-23 05:00:00+00:00
1779513300000,2063.56,2065.23,2059.45,2061.81,28.32720456,2026-05-23 05:15:00+00:00
1779514200000,2061.33,2063.84,2061.02,2063.83,5.55145799,2026-05-23 05:30:00+00:00
1779515100000,2063.83,2063.98,2061.76,2062.46,73.35120217,2026-05-23 05:45:00+00:00
1779516000000,2062.46,2063.47,2060.99,2061.58,116.62022378,2026-05-23 06:00:00+00:00
1779516900000,2061.67,2061.72,2060.22,2060.22,11.76529635,2026-05-23 06:15:00+00:00
1779517800000,2060.23,2061.39,2059.2,2060.46,31.81384196,2026-05-23 06:30:00+00:00
1779518700000,2060.66,2060.67,2058.44,2059.3,5.69032167,2026-05-23 06:45:00+00:00
1779519600000,2059.31,2060.82,2054.91,2058.64,60.11006831,2026-05-23 07:00:00+00:00
1779520500000,2058.34,2058.34,2054.63,2055.49,51.48075399,2026-05-23 07:15:00+00:00
1779521400000,2055.5,2057.0,2050.99,2055.38,52.44950039,2026-05-23 07:30:00+00:00
1779522300000,2055.37,2055.37,2001.74,2026.22,4226.74936104,2026-05-23 07:45:00+00:00
1779523200000,2026.15,2029.63,2020.32,2027.6,270.62043711,2026-05-23 08:00:00+00:00
1779524100000,2027.2,2029.73,2024.97,2024.97,81.85482434,2026-05-23 08:15:00+00:00
1779525000000,2025.03,2025.66,2018.8,2021.85,88.01106492,2026-05-23 08:30:00+00:00
1779525900000,2021.64,2028.08,2020.76,2027.89,92.62493342,2026-05-23 08:45:00+00:00
1779526800000,2027.84,2028.46,2025.95,2025.95,28.1637787,2026-05-23 09:00:00+00:00
1779527700000,2026.15,2027.73,2025.96,2027.09,22.67014671,2026-05-23 09:15:00+00:00
1779528600000,2027.1,2027.69,2025.08,2027.14,208.50069051,2026-05-23 09:30:00+00:00
1779529500000,2026.74,2027.73,2025.0,2025.0,40.89298752,2026-05-23 09:45:00+00:00
1779530400000,2025.0,2028.27,2024.68,2027.29,45.59893201,2026-05-23 10:00:00+00:00
1779531300000,2027.95,2028.25,2026.33,2027.57,29.92706181,2026-05-23 10:15:00+00:00
1779532200000,2027.51,2030.19,2026.91,2029.74,17.14388394,2026-05-23 10:30:00+00:00
1779533100000,2030.22,2031.1,2028.67,2029.19,26.92370513,2026-05-23 10:45:00+00:00
1779534000000,2029.19,2033.04,2028.5,2031.22,49.21143276,2026-05-23 11:00:00+00:00
1779534900000,2031.24,2032.69,2030.92,2031.66,10.8331975,2026-05-23 11:15:00+00:00
1779535800000,2031.65,2031.7,2028.59,2029.0,14.08307081,2026-05-23 11:30:00+00:00
1779536700000,2029.0,2030.57,2028.5,2029.38,22.66700246,2026-05-23 11:45:00+00:00
1779537600000,2029.36,2029.93,2027.48,2027.48,7.92002343,2026-05-23 12:00:00+00:00
1779538500000,2026.99,2028.0,2025.18,2026.93,63.77995291,2026-05-23 12:15:00+00:00
1779539400000,2026.94,2029.21,2026.93,2028.38,8.41015676,2026-05-23 12:30:00+00:00
1779540300000,2028.38,2028.99,2027.71,2028.5,45.95518844,2026-05-23 12:45:00+00:00
1779541200000,2028.91,2037.06,2028.9,2036.75,217.76095824,2026-05-23 13:00:00+00:00
1779542100000,2036.74,2043.36,2036.74,2039.99,1314.02153104,2026-05-23 13:15:00+00:00
1779543000000,2040.53,2042.07,2036.14,2037.65,43.86895973,2026-05-23 13:30:00+00:00
1779543900000,2037.86,2043.32,2037.86,2042.19,45.5011978,2026-05-23 13:45:00+00:00
1779544800000,2042.59,2044.44,2039.02,2043.89,70.07984016,2026-05-23 14:00:00+00:00
1779545700000,2043.89,2045.21,2042.58,2044.33,86.95541497,2026-05-23 14:15:00+00:00
1779546600000,2044.79,2051.12,2043.75,2050.84,202.74478648,2026-05-23 14:30:00+00:00
1779547500000,2050.72,2061.97,2050.14,2059.24,293.33842528,2026-05-23 14:45:00+00:00
1779548400000,2059.25,2065.91,2057.66,2064.84,93.99938693,2026-05-23 15:00:00+00:00
1779549300000,2064.62,2064.62,2058.25,2059.28,228.03608227,2026-05-23 15:15:00+00:00
1779550200000,2059.05,2059.05,2053.24,2054.95,96.9257245,2026-05-23 15:30:00+00:00
1779551100000,2054.95,2058.26,2054.81,2058.12,85.04739451,2026-05-23 15:45:00+00:00
1779552000000,2057.92,2062.27,2056.74,2056.88,70.27813208,2026-05-23 16:00:00+00:00
1779552900000,2056.81,2058.26,2054.95,2056.6,14.08395192,2026-05-23 16:15:00+00:00
1779553800000,2056.67,2061.34,2056.67,2059.95,23.15293786,2026-05-23 16:30:00+00:00
1779554700000,2060.32,2062.0,2058.04,2059.35,11.0135415,2026-05-23 16:45:00+00:00
1779555600000,2059.23,2061.01,2056.61,2060.75,35.57305393,2026-05-23 17:00:00+00:00
1779556500000,2061.02,2062.0,2058.33,2060.46,112.41907104,2026-05-23 17:15:00+00:00
1779557400000,2061.67,2062.65,2059.26,2059.84,10.77149806,2026-05-23 17:30:00+00:00
1779558300000,2060.03,2062.95,2058.66,2061.47,39.33882835,2026-05-23 17:45:00+00:00
1779559200000,2061.73,2076.52,2061.4,2072.19,240.79587137,2026-05-23 18:00:00+00:00
1779560100000,2073.0,2080.54,2070.07,2072.67,180.7528532,2026-05-23 18:15:00+00:00
1779561000000,2073.73,2079.0,2073.73,2076.22,118.66955195,2026-05-23 18:30:00+00:00
1779561900000,2075.74,2075.83,2071.13,2071.83,523.76748217,2026-05-23 18:45:00+00:00
1779562800000,2071.79,2072.28,2067.69,2070.22,684.77871884,2026-05-23 19:00:00+00:00
1779563700000,2069.66,2077.84,2069.66,2076.92,131.11665418,2026-05-23 19:15:00+00:00
1779564600000,2076.89,2078.02,2073.25,2074.19,50.6360511,2026-05-23 19:30:00+00:00
1779565500000,2074.79,2076.57,2073.21,2074.82,12.08352649,2026-05-23 19:45:00+00:00
1779566400000,2075.8,2081.0,2072.19,2077.42,55.65110931,2026-05-23 20:00:00+00:00
1779567300000,2077.57,2080.74,2075.14,2075.14,82.80577282,2026-05-23 20:15:00+00:00
1779568200000,2075.13,2130.0,2073.86,2127.78,1399.59203786,2026-05-23 20:30:00+00:00
1779569100000,2127.17,2143.82,2121.97,2143.8,1354.13763981,2026-05-23 20:45:00+00:00
1779570000000,2143.31,2147.52,2123.89,2124.06,731.25529411,2026-05-23 21:00:00+00:00
1779570900000,2124.14,2128.27,2113.54,2113.54,406.77936167,2026-05-23 21:15:00+00:00
1779571800000,2113.4,2121.52,2103.87,2112.05,232.72720555,2026-05-23 21:30:00+00:00
1779572700000,2112.0,2115.49,2107.64,2113.79,82.58654822,2026-05-23 21:45:00+00:00
1779573600000,2113.79,2117.62,2112.77,2112.77,26.88380289,2026-05-23 22:00:00+00:00
1779574500000,2112.96,2114.0,2108.47,2109.1,25.62274772,2026-05-23 22:15:00+00:00
1779575400000,2109.3,2111.25,2100.89,2111.25,188.34204318,2026-05-23 22:30:00+00:00
1779576300000,2111.24,2115.44,2109.55,2114.14,45.98421417,2026-05-23 22:45:00+00:00
1779577200000,2114.13,2116.83,2111.8,2115.51,48.70173963,2026-05-23 23:00:00+00:00
1779578100000,2115.52,2117.65,2113.65,2114.37,14.4217607,2026-05-23 23:15:00+00:00
1779579000000,2114.44,2118.87,2114.44,2116.0,148.27157579,2026-05-23 23:30:00+00:00
1779579900000,2116.01,2117.55,2115.04,2115.28,40.28157518,2026-05-23 23:45:00+00:00
1779580800000,2115.28,2116.27,2112.31,2113.01,82.78257979,2026-05-24 00:00:00+00:00
1779581700000,2113.96,2114.15,2110.43,2112.92,13.64681879,2026-05-24 00:15:00+00:00
1779582600000,2113.11,2117.5,2113.11,2114.01,17.94330513,2026-05-24 00:30:00+00:00
1779583500000,2113.9,2118.52,2113.9,2116.31,105.08907972,2026-05-24 00:45:00+00:00
1779584400000,2116.65,2119.01,2116.15,2117.89,213.83996547,2026-05-24 01:00:00+00:00
1779585300000,2117.88,2122.0,2116.63,2120.57,389.83040615,2026-05-24 01:15:00+00:00
1779586200000,2120.41,2121.62,2117.36,2117.72,89.78072573,2026-05-24 01:30:00+00:00
1779587100000,2117.72,2120.2,2116.83,2119.74,18.972151,2026-05-24 01:45:00+00:00
1779588000000,2119.9,2122.21,2118.2,2120.92,36.88107944,2026-05-24 02:00:00+00:00
1779588900000,2121.27,2122.31,2115.61,2117.15,29.96974597,2026-05-24 02:15:00+00:00
1779589800000,2117.16,2121.34,2117.16,2120.81,14.63885604,2026-05-24 02:30:00+00:00
1779590700000,2120.69,2122.2,2120.03,2120.03,7.78661107,2026-05-24 02:45:00+00:00
1779591600000,2119.92,2124.0,2118.94,2121.31,9.99739475,2026-05-24 03:00:00+00:00
1779592500000,2121.15,2121.42,2120.01,2121.42,7.2307019,2026-05-24 03:15:00+00:00
1779593400000,2121.47,2121.47,2114.41,2114.82,52.30617968,2026-05-24 03:30:00+00:00
1779594300000,2115.06,2116.99,2115.06,2116.71,21.61238613,2026-05-24 03:45:00+00:00
1779595200000,2116.63,2120.37,2116.63,2120.37,47.49980191,2026-05-24 04:00:00+00:00
1779596100000,2120.44,2121.25,2118.23,2118.23,6.15562312,2026-05-24 04:15:00+00:00
1779597000000,2118.41,2119.18,2117.65,2119.1,4.34731623,2026-05-24 04:30:00+00:00
1779597900000,2119.11,2119.17,2117.18,2118.34,20.46457136,2026-05-24 04:45:00+00:00
1779598800000,2117.6,2117.82,2115.75,2115.76,54.88888326,2026-05-24 05:00:00+00:00
1779599700000,2115.76,2115.76,2112.25,2113.68,22.61310693,2026-05-24 05:15:00+00:00
1779600600000,2113.68,2114.54,2111.65,2111.65,11.69133948,2026-05-24 05:30:00+00:00
1779601500000,2111.61,2118.33,2111.6,2117.5,15.51900172,2026-05-24 05:45:00+00:00
1779602400000,2117.44,2120.45,2117.44,2119.84,17.86775914,2026-05-24 06:00:00+00:00
1779603300000,2119.45,2119.45,2115.87,2116.57,50.17157165,2026-05-24 06:15:00+00:00
1779604200000,2116.56,2118.25,2115.03,2118.03,30.28042578,2026-05-24 06:30:00+00:00
1779605100000,2118.69,2127.0,2118.24,2125.32,50.47609498,2026-05-24 06:45:00+00:00
1779606000000,2125.37,2126.54,2121.69,2121.99,25.10795892,2026-05-24 07:00:00+00:00
1779606900000,2121.41,2122.64,2120.6,2121.0,49.05417796,2026-05-24 07:15:00+00:00
1779607800000,2121.12,2121.13,2119.52,2119.53,43.51115764,2026-05-24 07:30:00+00:00
1779608700000,2119.56,2119.56,2117.16,2117.83,59.33708132,2026-05-24 07:45:00+00:00
1779609600000,2118.44,2119.37,2117.18,2117.19,8.83171006,2026-05-24 08:00:00+00:00
1779610500000,2117.19,2120.61,2117.18,2119.35,29.55278321,2026-05-24 08:15:00+00:00
1779611400000,2119.08,2120.48,2117.5,2118.16,28.33867238,2026-05-24 08:30:00+00:00
1779612300000,2118.17,2118.95,2117.47,2117.74,15.73768158,2026-05-24 08:45:00+00:00
1779613200000,2117.74,2119.98,2116.7,2118.91,38.58387202,2026-05-24 09:00:00+00:00
1779614100000,2119.45,2121.45,2117.39,2117.9,44.58377294,2026-05-24 09:15:00+00:00
1779615000000,2118.64,2121.26,2117.27,2120.72,91.92836549,2026-05-24 09:30:00+00:00
1779615900000,2119.87,2121.1,2119.29,2120.66,6.15708728,2026-05-24 09:45:00+00:00
1779616800000,2120.91,2120.91,2117.06,2117.72,2.89731988,2026-05-24 10:00:00+00:00
1779617700000,2117.8,2127.85,2117.03,2122.12,124.23344925,2026-05-24 10:15:00+00:00
1779618600000,2122.97,2122.97,2117.66,2117.96,119.25750418,2026-05-24 10:30:00+00:00
1779619500000,2117.96,2119.97,2117.27,2119.65,29.69821815,2026-05-24 10:45:00+00:00
1779620400000,2119.65,2123.87,2119.64,2123.0,34.88874614,2026-05-24 11:00:00+00:00
1779621300000,2122.91,2124.91,2121.53,2122.34,16.23691215,2026-05-24 11:15:00+00:00
1779622200000,2122.43,2124.22,2122.17,2122.74,6.6575679,2026-05-24 11:30:00+00:00
1779623100000,2122.71,2124.45,2122.16,2122.79,12.94333184,2026-05-24 11:45:00+00:00
1779624000000,2122.8,2122.8,2120.11,2120.43,22.54935579,2026-05-24 12:00:00+00:00
1779624900000,2120.43,2120.88,2116.23,2116.23,49.65996442,2026-05-24 12:15:00+00:00
1779625800000,2116.21,2118.0,2115.01,2118.0,53.8816329,2026-05-24 12:30:00+00:00
1779626700000,2117.99,2118.0,2116.99,2117.2,20.0700759,2026-05-24 12:45:00+00:00
1779627600000,2117.41,2118.38,2115.52,2116.32,36.94812134,2026-05-24 13:00:00+00:00
1779628500000,2117.05,2118.27,2113.32,2115.56,121.60807554,2026-05-24 13:15:00+00:00
1779629400000,2115.41,2118.03,2112.78,2116.57,65.25385453,2026-05-24 13:30:00+00:00
1779630300000,2116.81,2117.23,2103.39,2107.61,90.70182714,2026-05-24 13:45:00+00:00
1779631200000,2107.62,2109.38,2089.09,2090.58,619.56177916,2026-05-24 14:00:00+00:00
1779632100000,2093.02,2097.7,2075.82,2091.88,1458.23731838,2026-05-24 14:15:00+00:00
1779633000000,2091.77,2095.0,2091.1,2092.68,83.88011681,2026-05-24 14:30:00+00:00
1779633900000,2093.79,2096.16,2091.41,2095.12,18.93669011,2026-05-24 14:45:00+00:00
1779634800000,2095.43,2097.38,2094.12,2095.99,85.32868025,2026-05-24 15:00:00+00:00
1779635700000,2095.89,2096.99,2092.1,2094.65,198.73565869,2026-05-24 15:15:00+00:00
1779636600000,2094.63,2096.41,2091.71,2093.29,39.38717267,2026-05-24 15:30:00+00:00
1779637500000,2093.3,2094.88,2091.48,2092.99,21.07712828,2026-05-24 15:45:00+00:00
1779638400000,2093.0,2101.31,2092.86,2100.61,978.90072232,2026-05-24 16:00:00+00:00
1779639300000,2100.63,2105.54,2097.64,2099.56,258.06223675,2026-05-24 16:15:00+00:00
1779640200000,2099.51,2099.53,2093.86,2095.54,79.86268033,2026-05-24 16:30:00+00:00
1779641100000,2095.44,2102.29,2095.2,2101.04,336.12195073,2026-05-24 16:45:00+00:00
1779642000000,2100.98,2103.0,2099.92,2100.66,52.10147014,2026-05-24 17:00:00+00:00
1779642900000,2101.66,2101.66,2098.94,2099.53,55.08659094,2026-05-24 17:15:00+00:00
1779643800000,2099.33,2103.32,2098.93,2102.83,39.28016542,2026-05-24 17:30:00+00:00
1779644700000,2102.83,2103.81,2100.45,2100.46,23.33380502,2026-05-24 17:45:00+00:00
1779645600000,2100.46,2102.2,2100.45,2100.57,959.05219195,2026-05-24 18:00:00+00:00
1779646500000,2100.87,2102.33,2098.96,2098.96,1187.70850471,2026-05-24 18:15:00+00:00
1779647400000,2098.97,2099.5,2095.58,2096.54,91.57543945,2026-05-24 18:30:00+00:00
1779648300000,2096.72,2098.26,2095.03,2097.76,526.06341449,2026-05-24 18:45:00+00:00
1779649200000,2097.34,2099.99,2096.4,2096.4,12.16311602,2026-05-24 19:00:00+00:00
1779650100000,2096.07,2098.0,2094.32,2094.52,285.79477976,2026-05-24 19:15:00+00:00
1779651000000,2094.53,2097.0,2093.5,2095.31,314.0239729,2026-05-24 19:30:00+00:00
1779651900000,2095.31,2099.37,2095.3,2098.12,1009.84214853,2026-05-24 19:45:00+00:00
1779652800000,2098.11,2099.02,2091.13,2092.79,103.76035187,2026-05-24 20:00:00+00:00
1779653700000,2092.64,2094.0,2090.0,2091.84,107.29188756,2026-05-24 20:15:00+00:00
1779654600000,2091.84,2093.54,2091.1,2092.83,570.12869848,2026-05-24 20:30:00+00:00
1779655500000,2093.66,2093.66,2088.03,2090.2,137.32587038,2026-05-24 20:45:00+00:00
1779656400000,2090.2,2096.17,2090.13,2096.17,28.02339548,2026-05-24 21:00:00+00:00
1779657300000,2096.17,2096.17,2083.18,2086.26,100.97559043,2026-05-24 21:15:00+00:00
1779658200000,2086.5,2087.91,2065.4,2067.56,632.45408108,2026-05-24 21:30:00+00:00
1779659100000,2066.95,2072.42,2060.78,2068.01,218.85960693,2026-05-24 21:45:00+00:00
1779660000000,2068.21,2097.19,2068.01,2095.09,134.50678075,2026-05-24 22:00:00+00:00
1779660900000,2095.43,2096.31,2091.25,2093.05,28.79022935,2026-05-24 22:15:00+00:00
1779661800000,2093.12,2096.81,2084.32,2088.72,88.68996379,2026-05-24 22:30:00+00:00
1779662700000,2088.73,2095.82,2088.64,2089.15,27.17202464,2026-05-24 22:45:00+00:00
1779663600000,2089.81,2094.6,2089.81,2091.87,35.03083082,2026-05-24 23:00:00+00:00
1779664500000,2093.84,2093.84,2088.79,2090.91,26.60956855,2026-05-24 23:15:00+00:00
1779665400000,2090.57,2103.8,2090.57,2103.65,530.67467916,2026-05-24 23:30:00+00:00
1779666300000,2103.35,2103.35,2097.46,2097.46,147.64648215,2026-05-24 23:45:00+00:00
1779667200000,2097.36,2105.28,2097.35,2102.61,64.50446351,2026-05-25 00:00:00+00:00
1779668100000,2102.95,2104.12,2100.63,2103.55,21.29313857,2026-05-25 00:15:00+00:00
1779669000000,2104.01,2106.39,2101.94,2102.46,33.63140878,2026-05-25 00:30:00+00:00
1779669900000,2102.3,2105.38,2100.67,2101.13,34.05106002,2026-05-25 00:45:00+00:00
1779670800000,2102.61,2104.27,2100.0,2103.1,26.33629139,2026-05-25 01:00:00+00:00
1779671700000,2104.4,2104.93,2102.23,2103.01,11.46366646,2026-05-25 01:15:00+00:00
1779672600000,2103.45,2104.2,2099.43,2100.33,1153.05459228,2026-05-25 01:30:00+00:00
1779673500000,2099.95,2101.31,2090.93,2091.54,185.97919352,2026-05-25 01:45:00+00:00
1779674400000,2091.84,2110.74,2091.84,2105.45,183.44330342,2026-05-25 02:00:00+00:00
1779675300000,2105.35,2105.35,2094.94,2097.7,104.55217886,2026-05-25 02:15:00+00:00
1779676200000,2097.82,2099.39,2093.89,2096.17,32.25291494,2026-05-25 02:30:00+00:00
1779677100000,2096.17,2097.49,2094.47,2095.73,52.74638119,2026-05-25 02:45:00+00:00
1779678000000,2095.73,2097.47,2092.94,2093.07,96.89059494,2026-05-25 03:00:00+00:00
1779678900000,2093.42,2094.93,2092.51,2092.98,15.2670814,2026-05-25 03:15:00+00:00
1779679800000,2093.12,2094.58,2089.92,2094.51,64.23426461,2026-05-25 03:30:00+00:00
1779680700000,2094.35,2094.74,2091.58,2092.99,44.30889599,2026-05-25 03:45:00+00:00
1779681600000,2093.07,2094.61,2091.1,2091.69,10.217568,2026-05-25 04:00:00+00:00
1779682500000,2091.63,2095.7,2089.92,2095.7,17.94504841,2026-05-25 04:15:00+00:00
1779683400000,2096.01,2100.27,2095.23,2100.27,31.49836687,2026-05-25 04:30:00+00:00
1779684300000,2100.28,2104.91,2099.52,2103.25,107.36302571,2026-05-25 04:45:00+00:00
1779685200000,2103.28,2107.84,2101.97,2107.42,67.06247572,2026-05-25 05:00:00+00:00
1779686100000,2107.42,2108.9,2106.0,2106.47,33.53702722,2026-05-25 05:15:00+00:00
1779687000000,2106.46,2108.29,2105.64,2108.07,35.0075272,2026-05-25 05:30:00+00:00
1779687900000,2107.99,2108.04,2105.31,2105.59,54.55596899,2026-05-25 05:45:00+00:00
1779688800000,2105.59,2108.61,2101.96,2101.96,76.4609269,2026-05-25 06:00:00+00:00
1779689700000,2100.92,2100.92,2096.93,2098.92,26.88154778,2026-05-25 06:15:00+00:00
1779690600000,2098.92,2106.5,2098.92,2105.69,1533.64733277,2026-05-25 06:30:00+00:00
1779691500000,2104.26,2110.0,2104.09,2106.98,4597.25853152,2026-05-25 06:45:00+00:00
1779692400000,2106.98,2116.01,2106.97,2109.55,3658.48989145,2026-05-25 07:00:00+00:00
1779693300000,2109.55,2112.2,2105.08,2105.66,105.64009951,2026-05-25 07:15:00+00:00
1779694200000,2105.49,2109.0,2105.0,2108.37,1056.48623967,2026-05-25 07:30:00+00:00
1779695100000,2108.19,2114.45,2108.18,2114.36,1541.89932251,2026-05-25 07:45:00+00:00
1779696000000,2114.47,2114.47,2109.84,2110.34,120.61647977,2026-05-25 08:00:00+00:00
1779696900000,2110.47,2111.12,2109.61,2110.4,64.21105119,2026-05-25 08:15:00+00:00
1779697800000,2110.4,2113.42,2110.4,2113.16,60.84049341,2026-05-25 08:30:00+00:00
1779698700000,2113.15,2115.63,2112.25,2114.88,52.28804701,2026-05-25 08:45:00+00:00
1779699600000,2114.88,2119.57,2114.16,2116.73,85.49468763,2026-05-25 09:00:00+00:00
1779700500000,2116.75,2117.62,2115.67,2117.37,22.50650544,2026-05-25 09:15:00+00:00
1779701400000,2117.56,2122.48,2115.92,2116.35,105.88832357,2026-05-25 09:30:00+00:00
1779702300000,2116.45,2118.64,2114.93,2114.97,26.34820867,2026-05-25 09:45:00+00:00
1779703200000,2114.56,2117.0,2113.8,2116.68,9.0405562,2026-05-25 10:00:00+00:00
1779704100000,2117.26,2118.87,2113.31,2115.08,46.64998151,2026-05-25 10:15:00+00:00
1779705000000,2115.18,2115.88,2113.62,2113.94,15.30039594,2026-05-25 10:30:00+00:00
1779705900000,2114.07,2115.02,2112.81,2114.85,164.16478947,2026-05-25 10:45:00+00:00
1779706800000,2114.86,2115.05,2113.15,2114.0,41.37823984,2026-05-25 11:00:00+00:00
1779707700000,2113.99,2114.0,2113.09,2113.39,43.70395116,2026-05-25 11:15:00+00:00
1779708600000,2113.82,2118.28,2113.51,2116.8,25.68276024,2026-05-25 11:30:00+00:00
1779709500000,2116.8,2118.0,2112.45,2113.21,16.46712326,2026-05-25 11:45:00+00:00
1779710400000,2113.21,2113.22,2110.48,2113.22,21.31677707,2026-05-25 12:00:00+00:00
1779711300000,2113.22,2116.52,2112.19,2115.99,66.13926127,2026-05-25 12:15:00+00:00
1779712200000,2115.99,2116.52,2114.0,2115.34,15.11843737,2026-05-25 12:30:00+00:00
1779713100000,2115.33,2117.57,2112.91,2115.8,45.19515119,2026-05-25 12:45:00+00:00
1779714000000,2115.81,2117.62,2112.7,2113.86,30.25714805,2026-05-25 13:00:00+00:00
1779714900000,2113.86,2114.93,2112.25,2113.01,33.9577708,2026-05-25 13:15:00+00:00
1779715800000,2113.06,2114.65,2113.05,2114.48,14.72216718,2026-05-25 13:30:00+00:00
1779716700000,2114.77,2114.77,2113.06,2114.26,15.10218282,2026-05-25 13:45:00+00:00
1779717600000,2114.26,2120.01,2113.82,2117.74,18.24359419,2026-05-25 14:00:00+00:00
1779718500000,2117.75,2125.84,2117.75,2125.82,41.60980592,2026-05-25 14:15:00+00:00
1779719400000,2125.77,2125.77,2120.96,2122.68,1121.5363768,2026-05-25 14:30:00+00:00
1779720300000,2122.68,2128.0,2122.67,2126.6,162.24293935,2026-05-25 14:45:00+00:00
1779721200000,2126.61,2135.94,2125.87,2128.36,86.25916599,2026-05-25 15:00:00+00:00
1779722100000,2128.36,2129.8,2123.03,2123.64,49.15861637,2026-05-25 15:15:00+00:00
1779723000000,2123.16,2125.1,2120.84,2123.4,12.87449837,2026-05-25 15:30:00+00:00
1779723900000,2123.41,2126.36,2121.61,2125.24,28.41159,2026-05-25 15:45:00+00:00
1779724800000,2125.19,2126.15,2123.09,2123.17,14.52528722,2026-05-25 16:00:00+00:00
1779725700000,2123.28,2126.47,2123.28,2125.67,32.68125433,2026-05-25 16:15:00+00:00
1779726600000,2125.66,2128.6,2124.99,2128.29,36.68855128,2026-05-25 16:30:00+00:00
1779727500000,2128.29,2139.33,2128.09,2134.67,66.32066101,2026-05-25 16:45:00+00:00
1779728400000,2134.56,2139.08,2132.73,2133.01,68.65455575,2026-05-25 17:00:00+00:00
1779729300000,2133.02,2133.45,2129.36,2133.42,48.17958798,2026-05-25 17:15:00+00:00
1779730200000,2133.46,2133.46,2129.8,2130.53,47.89276646,2026-05-25 17:30:00+00:00
1779731100000,2130.46,2130.57,2126.58,2126.85,44.03186417,2026-05-25 17:45:00+00:00
1779732000000,2126.91,2132.02,2126.72,2130.58,35.09787718,2026-05-25 18:00:00+00:00
1779732900000,2130.2,2130.63,2127.77,2130.0,99.6879282,2026-05-25 18:15:00+00:00
1779733800000,2129.89,2129.99,2125.57,2126.68,28.41253359,2026-05-25 18:30:00+00:00
1779734700000,2126.63,2127.18,2124.61,2125.0,28.908839,2026-05-25 18:45:00+00:00
1779735600000,2124.98,2125.27,2120.42,2123.83,149.83482674,2026-05-25 19:00:00+00:00
1779736500000,2123.83,2123.83,2121.44,2123.47,7.79732876,2026-05-25 19:15:00+00:00
1779737400000,2123.47,2124.01,2115.0,2117.77,75.4106139,2026-05-25 19:30:00+00:00
1779738300000,2118.06,2119.71,2117.8,2119.66,204.38652668,2026-05-25 19:45:00+00:00
1779739200000,2119.62,2121.12,2118.57,2119.52,41.30706455,2026-05-25 20:00:00+00:00
1779740100000,2119.5,2120.57,2116.78,2116.78,31.85670324,2026-05-25 20:15:00+00:00
1779741000000,2116.78,2117.74,2108.2,2110.65,43.13164117,2026-05-25 20:30:00+00:00
1779741900000,2110.65,2114.03,2105.72,2107.23,62.38247146,2026-05-25 20:45:00+00:00
1779742800000,2106.72,2111.14,2106.48,2110.04,9.5984107,2026-05-25 21:00:00+00:00
1779743700000,2109.36,2110.0,2106.79,2109.99,66.98497736,2026-05-25 21:15:00+00:00
1779744600000,2110.0,2110.0,2106.97,2107.57,44.41967405,2026-05-25 21:30:00+00:00
1779745500000,2107.51,2109.82,2106.95,2109.05,49.93956154,2026-05-25 21:45:00+00:00
1779746400000,2109.09,2113.39,2106.43,2112.05,23.0528317,2026-05-25 22:00:00+00:00
1779747300000,2112.04,2113.3,2107.71,2109.07,21.14177497,2026-05-25 22:15:00+00:00
1779748200000,2108.79,2108.79,2100.39,2105.0,55.96560486,2026-05-25 22:30:00+00:00
1779749100000,2104.98,2107.16,2101.78,2101.78,42.31748264,2026-05-25 22:45:00+00:00
1779750000000,2101.6,2107.61,2100.69,2106.82,16.92969482,2026-05-25 23:00:00+00:00
1779750900000,2106.84,2108.0,2106.1,2106.38,13.2072121,2026-05-25 23:15:00+00:00
1779751800000,2106.64,2110.98,2106.31,2109.75,109.7037194,2026-05-25 23:30:00+00:00
1779752700000,2109.65,2111.7,2109.01,2111.05,74.8285077,2026-05-25 23:45:00+00:00
1779753600000,2110.97,2111.9,2109.0,2109.02,220.54884891,2026-05-26 00:00:00+00:00
1779754500000,2109.1,2109.81,2105.12,2105.18,658.6547038,2026-05-26 00:15:00+00:00
1779755400000,2104.55,2106.74,2092.95,2093.89,149.42313361,2026-05-26 00:30:00+00:00
1779756300000,2094.11,2097.82,2083.24,2096.04,659.94326483,2026-05-26 00:45:00+00:00
1779757200000,2095.61,2097.76,2088.74,2096.54,95.77940644,2026-05-26 01:00:00+00:00
1779758100000,2096.36,2098.11,2092.69,2095.4,11.80549783,2026-05-26 01:15:00+00:00
1779759000000,2095.25,2095.25,2086.18,2086.26,75.5826073,2026-05-26 01:30:00+00:00
1779759900000,2088.96,2094.52,2088.72,2092.46,33.87157832,2026-05-26 01:45:00+00:00
1779760800000,2092.42,2093.53,2088.72,2092.95,24.69679699,2026-05-26 02:00:00+00:00
1779761700000,2091.62,2091.94,2086.82,2086.82,30.52511181,2026-05-26 02:15:00+00:00
1779762600000,2087.51,2090.11,2085.49,2085.85,63.53180353,2026-05-26 02:30:00+00:00
1779763500000,2085.98,2089.46,2083.23,2086.16,31.76244778,2026-05-26 02:45:00+00:00
1779764400000,2086.86,2087.78,2083.24,2083.47,54.94639312,2026-05-26 03:00:00+00:00
1779765300000,2083.54,2085.83,2082.89,2085.35,80.41035272,2026-05-26 03:15:00+00:00
1779766200000,2086.41,2091.66,2086.24,2090.05,102.28420818,2026-05-26 03:30:00+00:00
1779767100000,2089.96,2091.37,2089.02,2091.14,18.84487216,2026-05-26 03:45:00+00:00
1779768000000,2091.17,2092.71,2088.06,2088.8,151.19197176,2026-05-26 04:00:00+00:00
1779768900000,2089.24,2092.02,2086.72,2091.97,15.24508159,2026-05-26 04:15:00+00:00
1779769800000,2092.4,2093.61,2091.42,2092.72,32.20651944,2026-05-26 04:30:00+00:00
1779770700000,2092.94,2094.29,2091.69,2091.85,136.40536264,2026-05-26 04:45:00+00:00
1779771600000,2091.85,2094.11,2090.1,2093.92,918.53530652,2026-05-26 05:00:00+00:00
1779772500000,2093.06,2097.25,2093.06,2096.84,11.3280149,2026-05-26 05:15:00+00:00
1779773400000,2096.83,2101.29,2096.08,2100.78,37.96890629,2026-05-26 05:30:00+00:00
1779774300000,2100.72,2100.72,2096.53,2098.86,30.12410909,2026-05-26 05:45:00+00:00
1779775200000,2098.66,2099.17,2096.07,2098.05,5.6176203,2026-05-26 06:00:00+00:00
1779776100000,2098.11,2098.34,2093.18,2095.21,34.42396672,2026-05-26 06:15:00+00:00
1779777000000,2095.03,2101.86,2095.03,2100.11,28.9117325,2026-05-26 06:30:00+00:00
1779777900000,2100.44,2100.71,2099.33,2099.39,24.1231798,2026-05-26 06:45:00+00:00
1779778800000,2099.6,2100.18,2091.17,2092.03,50.86113368,2026-05-26 07:00:00+00:00
1779779700000,2091.83,2095.54,2088.95,2094.77,179.74349827,2026-05-26 07:15:00+00:00
1779780600000,2094.78,2095.07,2090.92,2093.18,24.0743492,2026-05-26 07:30:00+00:00
1779781500000,2093.41,2098.8,2091.33,2093.47,28.53349571,2026-05-26 07:45:00+00:00
1779782400000,2093.13,2096.81,2092.75,2096.53,11.76588312,2026-05-26 08:00:00+00:00
1779783300000,2096.13,2097.78,2095.38,2096.16,3.86209168,2026-05-26 08:15:00+00:00
1779784200000,2096.0,2097.17,2093.94,2097.17,69.62807119,2026-05-26 08:30:00+00:00
1779785100000,2097.08,2097.16,2093.18,2095.25,22.56527053,2026-05-26 08:45:00+00:00
1779786000000,2095.15,2095.72,2092.77,2093.44,29.19895197,2026-05-26 09:00:00+00:00
1779786900000,2093.44,2097.39,2092.59,2094.77,58.84348915,2026-05-26 09:15:00+00:00
1779787800000,2095.63,2096.65,2093.13,2094.39,15.25384272,2026-05-26 09:30:00+00:00
1779788700000,2094.38,2095.07,2092.97,2094.47,14.40066486,2026-05-26 09:45:00+00:00
1779789600000,2094.47,2097.63,2092.22,2097.38,44.82432036,2026-05-26 10:00:00+00:00
1779790500000,2097.55,2120.0,2097.55,2118.57,108.56597663,2026-05-26 10:15:00+00:00
1779791400000,2118.65,2134.41,2118.65,2131.89,205.4227141,2026-05-26 10:30:00+00:00
1779792300000,2132.06,2133.05,2124.31,2125.14,113.76431157,2026-05-26 10:45:00+00:00
1779793200000,2125.17,2127.98,2124.0,2124.0,73.99652211,2026-05-26 11:00:00+00:00
1779794100000,2123.83,2123.83,2117.0,2117.82,25.73557954,2026-05-26 11:15:00+00:00
1779795000000,2117.82,2121.12,2116.3,2119.37,79.92274746,2026-05-26 11:30:00+00:00
1779795900000,2119.1,2120.82,2118.65,2118.65,34.16788424,2026-05-26 11:45:00+00:00
1779796800000,2118.61,2120.62,2109.24,2115.49,225.29576868,2026-05-26 12:00:00+00:00
1779797700000,2115.37,2117.12,2110.86,2114.27,45.89498915,2026-05-26 12:15:00+00:00
1779798600000,2114.3,2117.74,2114.21,2117.08,28.08025752,2026-05-26 12:30:00+00:00
1779799500000,2117.29,2124.29,2117.28,2123.5,81.62816954,2026-05-26 12:45:00+00:00
1779800400000,2123.99,2124.24,2119.61,2120.67,198.99702015,2026-05-26 13:00:00+00:00
1779801300000,2120.92,2120.93,2112.93,2113.86,263.6619747,2026-05-26 13:15:00+00:00
1779802200000,2113.87,2117.05,2107.64,2115.41,189.67752801,2026-05-26 13:30:00+00:00
1779803100000,2115.34,2129.5,2115.34,2122.12,396.74035908,2026-05-26 13:45:00+00:00
1779804000000,2122.61,2128.78,2121.66,2128.66,1040.60293027,2026-05-26 14:00:00+00:00
1779804900000,2129.37,2138.18,2127.61,2135.87,599.14879634,2026-05-26 14:15:00+00:00
1779805800000,2135.77,2136.71,2104.7,2108.82,442.99142325,2026-05-26 14:30:00+00:00
1779806700000,2109.65,2116.07,2105.39,2107.07,100.71156772,2026-05-26 14:45:00+00:00
1779807600000,2106.85,2109.45,2097.0,2107.87,198.76479028,2026-05-26 15:00:00+00:00
1779808500000,2108.59,2109.4,2094.1,2095.7,225.87041822,2026-05-26 15:15:00+00:00
1779809400000,2096.38,2097.17,2084.38,2089.48,450.97400248,2026-05-26 15:30:00+00:00
1779810300000,2088.97,2089.12,2076.24,2085.38,123.38010022,2026-05-26 15:45:00+00:00
1779811200000,2084.67,2087.17,2070.01,2075.99,169.48414342,2026-05-26 16:00:00+00:00
1779812100000,2075.73,2082.39,2075.73,2079.73,112.83761475,2026-05-26 16:15:00+00:00
1779813000000,2079.77,2082.0,2073.3,2077.47,159.95068788,2026-05-26 16:30:00+00:00
1779813900000,2077.33,2079.28,2071.8,2076.71,155.59733665,2026-05-26 16:45:00+00:00
1779814800000,2076.87,2081.3,2074.97,2077.75,220.5133593,2026-05-26 17:00:00+00:00
1779815700000,2077.71,2077.71,2062.29,2062.3,539.40991157,2026-05-26 17:15:00+00:00
1779816600000,2062.29,2064.1,2052.53,2063.47,533.23384811,2026-05-26 17:30:00+00:00
1779817500000,2063.48,2070.84,2062.76,2068.13,106.57003633,2026-05-26 17:45:00+00:00
1779818400000,2067.86,2074.08,2066.27,2072.55,104.40603744,2026-05-26 18:00:00+00:00
1779819300000,2072.63,2077.85,2071.99,2072.37,54.46667526,2026-05-26 18:15:00+00:00
1779820200000,2072.77,2073.34,2064.31,2064.42,254.64516056,2026-05-26 18:30:00+00:00
1779821100000,2064.5,2068.89,2063.15,2064.91,95.83987014,2026-05-26 18:45:00+00:00
1779822000000,2065.28,2067.04,2063.69,2064.1,157.31852164,2026-05-26 19:00:00+00:00
1779822900000,2063.83,2068.44,2062.39,2067.85,81.12401881,2026-05-26 19:15:00+00:00
1779823800000,2067.9,2072.96,2067.89,2072.27,271.256579,2026-05-26 19:30:00+00:00
1779824700000,2072.16,2073.75,2070.84,2071.04,68.30464525,2026-05-26 19:45:00+00:00
1779825600000,2071.09,2073.97,2071.08,2073.35,58.77972881,2026-05-26 20:00:00+00:00
1779826500000,2073.14,2074.91,2071.15,2074.73,43.38505596,2026-05-26 20:15:00+00:00
1779827400000,2074.74,2074.99,2070.88,2073.34,73.76733581,2026-05-26 20:30:00+00:00
1779828300000,2073.28,2075.0,2073.16,2074.99,54.89177794,2026-05-26 20:45:00+00:00
1779829200000,2074.99,2075.64,2066.6,2068.65,243.073805,2026-05-26 21:00:00+00:00
1779830100000,2068.31,2072.76,2068.31,2072.63,25.06947223,2026-05-26 21:15:00+00:00
1779831000000,2072.67,2075.0,2071.57,2074.32,38.18180744,2026-05-26 21:30:00+00:00
1779831900000,2074.26,2075.26,2068.25,2069.83,45.41553748,2026-05-26 21:45:00+00:00
1779832800000,2069.85,2073.16,2067.34,2069.29,30.49874375,2026-05-26 22:00:00+00:00
1779833700000,2068.8,2069.28,2066.72,2067.0,62.78231948,2026-05-26 22:15:00+00:00
1779834600000,2067.3,2068.8,2065.11,2065.32,63.07982477,2026-05-26 22:30:00+00:00
1779835500000,2065.02,2066.58,2062.88,2065.33,249.26260803,2026-05-26 22:45:00+00:00
1779836400000,2065.34,2071.3,2065.34,2070.69,102.27941852,2026-05-26 23:00:00+00:00
1779837300000,2070.51,2071.15,2069.63,2070.74,12.86266339,2026-05-26 23:15:00+00:00
1779838200000,2070.73,2073.66,2070.73,2072.59,125.06038848,2026-05-26 23:30:00+00:00
1779839100000,2073.2,2073.69,2070.07,2070.8,6.54960912,2026-05-26 23:45:00+00:00
1779840000000,2070.91,2076.73,2070.91,2075.8,37.63154943,2026-05-27 00:00:00+00:00
1779840900000,2075.8,2075.8,2071.76,2074.89,63.97696407,2026-05-27 00:15:00+00:00
1779841800000,2074.92,2078.72,2074.0,2076.74,29.92807741,2026-05-27 00:30:00+00:00
1779842700000,2077.1,2080.95,2077.05,2080.51,40.97975207,2026-05-27 00:45:00+00:00
1779843600000,2080.29,2080.64,2076.86,2078.54,10.33462558,2026-05-27 01:00:00+00:00
1779844500000,2078.53,2078.53,2070.02,2071.84,40.96116872,2026-05-27 01:15:00+00:00
1779845400000,2071.93,2073.11,2068.75,2070.96,31.39174121,2026-05-27 01:30:00+00:00
1779846300000,2070.96,2074.26,2070.45,2071.56,135.55259226,2026-05-27 01:45:00+00:00
1779847200000,2071.57,2072.63,2068.63,2071.42,230.03653046,2026-05-27 02:00:00+00:00
1779848100000,2071.45,2072.11,2066.67,2068.59,22.50713114,2026-05-27 02:15:00+00:00
1779849000000,2068.55,2071.1,2066.45,2066.9,39.76837803,2026-05-27 02:30:00+00:00
1779849900000,2067.24,2073.22,2067.24,2073.22,24.4250332,2026-05-27 02:45:00+00:00
1779850800000,2073.12,2077.03,2072.23,2074.0,127.00707913,2026-05-27 03:00:00+00:00
1779851700000,2074.0,2074.91,2071.65,2073.71,69.7987744,2026-05-27 03:15:00+00:00
1779852600000,2073.95,2074.83,2070.08,2070.61,600.48762667,2026-05-27 03:30:00+00:00
1779853500000,2070.61,2070.79,2066.12,2067.09,38.19691751,2026-05-27 03:45:00+00:00
1779854400000,2066.79,2068.08,2065.45,2065.45,5.89520474,2026-05-27 04:00:00+00:00
1779855300000,2065.74,2065.76,2060.0,2061.78,118.21610651,2026-05-27 04:15:00+00:00
1779856200000,2061.64,2062.29,2053.67,2060.09,661.4090135,2026-05-27 04:30:00+00:00
1779857100000,2060.09,2069.95,2060.09,2069.7,29.26853827,2026-05-27 04:45:00+00:00
1779858000000,2069.12,2070.64,2068.98,2070.22,12.37433264,2026-05-27 05:00:00+00:00
1779858900000,2070.0,2074.38,2068.85,2073.17,9.0115823,2026-05-27 05:15:00+00:00
1779859800000,2073.17,2074.18,2070.39,2071.41,29.8246972,2026-05-27 05:30:00+00:00
1779860700000,2071.59,2075.36,2071.32,2074.42,27.27145359,2026-05-27 05:45:00+00:00
1779861600000,2074.35,2076.09,2072.57,2073.02,18.29098653,2026-05-27 06:00:00+00:00
1779862500000,2073.03,2074.76,2071.65,2074.73,22.7774934,2026-05-27 06:15:00+00:00
1779863400000,2074.87,2077.26,2074.61,2077.22,32.41124272,2026-05-27 06:30:00+00:00
1779864300000,2077.26,2078.07,2074.66,2076.14,28.79939846,2026-05-27 06:45:00+00:00
1779865200000,2076.17,2077.4,2072.82,2074.05,16.96894873,2026-05-27 07:00:00+00:00
1779866100000,2074.06,2076.43,2073.28,2075.93,7.13850553,2026-05-27 07:15:00+00:00
1779867000000,2076.98,2079.17,2075.31,2076.25,30.68186623,2026-05-27 07:30:00+00:00
1779867900000,2076.6,2081.03,2076.6,2080.7,90.11989856,2026-05-27 07:45:00+00:00
1779868800000,2080.53,2084.54,2080.4,2082.35,139.58764217,2026-05-27 08:00:00+00:00
1779869700000,2083.23,2093.32,2081.06,2091.26,116.78804398,2026-05-27 08:15:00+00:00
1779870600000,2091.21,2091.25,2088.58,2089.39,54.92714476,2026-05-27 08:30:00+00:00
1779871500000,2089.58,2090.01,2081.17,2081.99,78.3513784,2026-05-27 08:45:00+00:00
1779872400000,2082.31,2082.4,2076.29,2077.38,17.80071418,2026-05-27 09:00:00+00:00
1779873300000,2077.55,2080.91,2075.44,2077.92,17.99767112,2026-05-27 09:15:00+00:00
1779874200000,2078.23,2084.61,2077.52,2082.99,29.78589196,2026-05-27 09:30:00+00:00
1779875100000,2082.99,2083.63,2078.82,2080.09,51.34510976,2026-05-27 09:45:00+00:00
1779876000000,2080.1,2082.23,2078.1,2082.23,51.37267399,2026-05-27 10:00:00+00:00
1779876900000,2083.41,2084.47,2081.52,2082.18,10.62958412,2026-05-27 10:15:00+00:00
1779877800000,2082.18,2083.3,2078.05,2078.42,37.85127073,2026-05-27 10:30:00+00:00
1779878700000,2078.36,2078.56,2076.23,2076.97,21.1160061,2026-05-27 10:45:00+00:00
1779879600000,2076.17,2081.19,2076.16,2079.21,28.51179676,2026-05-27 11:00:00+00:00
1779880500000,2079.35,2082.02,2078.46,2079.67,18.89399245,2026-05-27 11:15:00+00:00
1779881400000,2079.64,2081.82,2075.3,2079.28,53.86700247,2026-05-27 11:30:00+00:00
1779882300000,2079.13,2079.14,2076.48,2076.63,42.45318278,2026-05-27 11:45:00+00:00
1779883200000,2077.29,2077.72,2071.71,2073.35,65.36564814,2026-05-27 12:00:00+00:00
1779884100000,2073.27,2093.43,2071.87,2081.82,251.5583262,2026-05-27 12:15:00+00:00
1779885000000,2081.74,2084.5,2080.22,2081.68,147.24807911,2026-05-27 12:30:00+00:00
1779885900000,2081.82,2081.82,2075.3,2075.3,22.26218573,2026-05-27 12:45:00+00:00
1779886800000,2075.54,2077.44,2069.06,2071.26,116.21603166,2026-05-27 13:00:00+00:00
1779887700000,2071.62,2071.88,2064.65,2065.76,262.32039833,2026-05-27 13:15:00+00:00
1779888600000,2065.21,2068.0,2048.14,2050.12,582.97214435,2026-05-27 13:30:00+00:00
1779889500000,2050.15,2061.09,2050.15,2060.9,376.65383961,2026-05-27 13:45:00+00:00
1779890400000,2060.81,2067.65,2057.44,2058.42,446.05164977,2026-05-27 14:00:00+00:00
1779891300000,2058.76,2063.99,2051.9,2053.67,206.37266808,2026-05-27 14:15:00+00:00
1779892200000,2054.09,2059.06,2051.65,2055.86,202.40625807,2026-05-27 14:30:00+00:00
1779893100000,2056.61,2060.61,2056.16,2058.98,96.54874638,2026-05-27 14:45:00+00:00
1779894000000,2058.98,2064.7,2058.24,2063.35,93.55051269,2026-05-27 15:00:00+00:00
1779894900000,2063.28,2072.32,2062.99,2069.26,453.82169711,2026-05-27 15:15:00+00:00
1779895800000,2069.72,2075.19,2065.41,2066.21,521.55984772,2026-05-27 15:30:00+00:00
1779896700000,2067.19,2072.97,2064.31,2068.09,268.75235952,2026-05-27 15:45:00+00:00
1779897600000,2068.05,2070.76,2064.37,2067.35,239.81705334,2026-05-27 16:00:00+00:00
1779898500000,2067.33,2067.33,2058.71,2062.46,118.44774341,2026-05-27 16:15:00+00:00
1779899400000,2062.45,2063.61,2056.54,2062.11,774.49905496,2026-05-27 16:30:00+00:00
1779900300000,2062.13,2067.34,2061.54,2066.73,88.6764633,2026-05-27 16:45:00+00:00
1779901200000,2066.65,2066.65,2051.94,2053.45,94.94804359,2026-05-27 17:00:00+00:00
1779902100000,2053.31,2058.29,2051.23,2054.99,557.27565265,2026-05-27 17:15:00+00:00
1779903000000,2054.98,2055.86,2049.16,2051.19,169.56778361,2026-05-27 17:30:00+00:00
1779903900000,2051.13,2054.47,2042.0,2048.42,396.27047092,2026-05-27 17:45:00+00:00
1779904800000,2048.41,2050.05,2040.04,2042.31,264.89736546,2026-05-27 18:00:00+00:00
1779905700000,2042.7,2049.01,2041.42,2048.65,303.05147424,2026-05-27 18:15:00+00:00
1779906600000,2048.65,2051.56,2046.29,2050.68,57.39927592,2026-05-27 18:30:00+00:00
1779907500000,2050.96,2052.96,2050.07,2052.73,88.18005268,2026-05-27 18:45:00+00:00
1779908400000,2052.77,2054.38,2051.07,2054.38,75.96865116,2026-05-27 19:00:00+00:00
1779909300000,2054.33,2056.5,2051.89,2054.03,27.70382458,2026-05-27 19:15:00+00:00
1779910200000,2054.12,2057.11,2052.35,2052.45,52.28008197,2026-05-27 19:30:00+00:00
1779911100000,2053.14,2053.99,2050.23,2053.97,39.21217605,2026-05-27 19:45:00+00:00
1779912000000,2053.58,2059.62,2053.48,2059.62,28.31389103,2026-05-27 20:00:00+00:00
1779912900000,2059.64,2061.89,2056.0,2057.12,41.38571899,2026-05-27 20:15:00+00:00
1779913800000,2056.88,2058.52,2054.74,2058.52,29.65345937,2026-05-27 20:30:00+00:00
1779914700000,2059.0,2060.65,2058.69,2060.49,25.86446282,2026-05-27 20:45:00+00:00
1779915600000,2059.48,2059.49,2055.46,2055.77,77.42700104,2026-05-27 21:00:00+00:00
1779916500000,2055.69,2056.74,2052.94,2052.94,104.06164736,2026-05-27 21:15:00+00:00
1779917400000,2052.79,2052.87,2021.16,2029.75,790.18391153,2026-05-27 21:30:00+00:00
1779918300000,2029.75,2031.38,2013.0,2018.28,1048.200229,2026-05-27 21:45:00+00:00
1779919200000,2018.28,2030.97,2013.5,2021.88,580.21111858,2026-05-27 22:00:00+00:00
1779920100000,2021.65,2027.51,2017.55,2026.62,65.45131729,2026-05-27 22:15:00+00:00
1779921000000,2025.83,2029.97,2022.9,2027.67,132.46827192,2026-05-27 22:30:00+00:00
1779921900000,2027.21,2027.94,2022.52,2022.52,66.48752996,2026-05-27 22:45:00+00:00
1779922800000,2022.51,2023.8,2020.36,2023.14,132.8148407,2026-05-27 23:00:00+00:00
1779923700000,2024.01,2027.12,2015.29,2016.27,120.70284972,2026-05-27 23:15:00+00:00
1779924600000,2016.13,2020.32,2015.86,2019.86,58.9646101,2026-05-27 23:30:00+00:00
1779925500000,2019.1,2022.8,2017.66,2021.81,55.82790205,2026-05-27 23:45:00+00:00
1779926400000,2021.72,2023.45,2018.46,2018.78,15.56180715,2026-05-28 00:00:00+00:00
1779927300000,2018.59,2024.58,2017.56,2021.01,90.0374288,2026-05-28 00:15:00+00:00
1779928200000,2021.31,2024.48,2020.7,2024.43,34.12268383,2026-05-28 00:30:00+00:00
1779929100000,2024.42,2025.69,2021.13,2025.24,40.62020451,2026-05-28 00:45:00+00:00
1779930000000,2025.12,2025.87,2021.84,2023.09,48.83512355,2026-05-28 01:00:00+00:00
1779930900000,2023.3,2024.38,2009.66,2013.55,142.67703446,2026-05-28 01:15:00+00:00
1779931800000,2013.56,2018.63,2011.48,2015.84,64.31753816,2026-05-28 01:30:00+00:00
1779932700000,2015.89,2019.84,2015.56,2016.93,477.12866344,2026-05-28 01:45:00+00:00
1779933600000,2016.93,2018.48,2013.36,2017.91,97.30251799,2026-05-28 02:00:00+00:00
1779934500000,2018.42,2018.59,2012.99,2014.17,167.36682797,2026-05-28 02:15:00+00:00
1779935400000,2014.24,2016.44,2011.9,2015.06,145.92946986,2026-05-28 02:30:00+00:00
1779936300000,2015.06,2017.11,2013.51,2013.98,167.44299352,2026-05-28 02:45:00+00:00
1779937200000,2014.29,2017.44,2007.9,2010.73,55.78062286,2026-05-28 03:00:00+00:00
1779938100000,2010.65,2011.35,1968.14,1984.86,2456.12770907,2026-05-28 03:15:00+00:00
1779939000000,1985.03,1989.63,1980.31,1981.06,344.69492915,2026-05-28 03:30:00+00:00
1779939900000,1981.62,1985.71,1974.46,1978.04,2176.51446263,2026-05-28 03:45:00+00:00
1779940800000,1978.2,1983.21,1964.34,1975.85,703.4090166,2026-05-28 04:00:00+00:00
1779941700000,1976.0,1977.43,1970.84,1977.08,249.12360689,2026-05-28 04:15:00+00:00
1779942600000,1977.05,1981.9,1976.09,1979.83,143.46273242,2026-05-28 04:30:00+00:00
1779943500000,1979.41,1979.41,1975.26,1978.62,187.63942799,2026-05-28 04:45:00+00:00
1779944400000,1978.61,1980.09,1975.69,1976.46,95.8931097,2026-05-28 05:00:00+00:00
1779945300000,1976.42,1977.06,1972.31,1972.9,91.1048416,2026-05-28 05:15:00+00:00
1779946200000,1972.47,1977.08,1972.22,1976.62,255.66219528,2026-05-28 05:30:00+00:00
1779947100000,1976.54,1976.78,1972.59,1974.99,150.56618304,2026-05-28 05:45:00+00:00
1779948000000,1974.99,1976.48,1974.46,1975.57,93.5917836,2026-05-28 06:00:00+00:00
1779948900000,1975.32,1976.94,1973.01,1974.32,137.93848798,2026-05-28 06:15:00+00:00
1779949800000,1974.46,1974.61,1969.27,1972.62,90.57049895,2026-05-28 06:30:00+00:00
1779950700000,1972.86,1981.18,1972.86,1980.57,135.07993664,2026-05-28 06:45:00+00:00
1779951600000,1980.58,1983.53,1979.09,1983.53,206.60813177,2026-05-28 07:00:00+00:00
1779952500000,1983.53,1988.54,1983.29,1985.41,280.28628474,2026-05-28 07:15:00+00:00
1779953400000,1985.93,1992.9,1985.93,1991.86,41.47205938,2026-05-28 07:30:00+00:00
1779954300000,1991.75,1992.13,1989.12,1991.73,49.39711955,2026-05-28 07:45:00+00:00
1779955200000,1991.74,1992.2,1986.73,1989.38,107.8820357,2026-05-28 08:00:00+00:00
1779956100000,1989.43,1989.43,1982.51,1983.33,59.03410389,2026-05-28 08:15:00+00:00
1779957000000,1983.35,1987.0,1981.49,1985.75,36.7911863,2026-05-28 08:30:00+00:00
1779957900000,1985.89,1988.0,1984.71,1984.71,129.77686555,2026-05-28 08:45:00+00:00
1779958800000,1984.85,1987.62,1981.39,1984.18,105.01219812,2026-05-28 09:00:00+00:00
1779959700000,1984.82,1987.99,1984.09,1987.07,33.00900281,2026-05-28 09:15:00+00:00
1779960600000,1987.75,1990.0,1986.34,1989.95,18.92836424,2026-05-28 09:30:00+00:00
1779961500000,1989.96,1992.19,1989.69,1990.59,55.23497841,2026-05-28 09:45:00+00:00
1779962400000,1990.58,1994.67,1990.34,1992.31,65.40547665,2026-05-28 10:00:00+00:00
1779963300000,1992.23,1993.15,1986.92,1989.03,19.94967642,2026-05-28 10:15:00+00:00
1779964200000,1989.6,1991.93,1988.83,1991.01,10.67706178,2026-05-28 10:30:00+00:00
1779965100000,1991.01,1991.88,1986.05,1987.18,92.05258057,2026-05-28 10:45:00+00:00
1779966000000,1987.18,1989.26,1984.65,1987.75,123.93284035,2026-05-28 11:00:00+00:00
1779966900000,1987.84,1988.68,1983.86,1984.49,83.19342182,2026-05-28 11:15:00+00:00
1779967800000,1984.47,1987.32,1982.99,1987.32,176.65519432,2026-05-28 11:30:00+00:00
1779968700000,1986.57,1987.0,1984.04,1986.4,263.16960667,2026-05-28 11:45:00+00:00
1779969600000,1986.31,1987.0,1983.63,1984.01,197.02697312,2026-05-28 12:00:00+00:00
1779970500000,1984.01,1984.42,1978.68,1982.54,271.34199151,2026-05-28 12:15:00+00:00
1779971400000,1982.59,1989.95,1982.59,1987.72,176.79891002,2026-05-28 12:30:00+00:00
1779972300000,1987.72,1990.93,1987.26,1988.56,214.61027506,2026-05-28 12:45:00+00:00
1779973200000,1988.56,1991.85,1983.44,1983.72,167.67514339,2026-05-28 13:00:00+00:00
1779974100000,1983.57,1985.19,1976.01,1983.43,150.40323803,2026-05-28 13:15:00+00:00
1779975000000,1983.38,1983.38,1972.11,1972.75,1087.32899094,2026-05-28 13:30:00+00:00
1779975900000,1972.8,1982.1,1972.8,1978.09,340.00506424,2026-05-28 13:45:00+00:00
1779976800000,1978.1,1991.91,1964.66,1990.31,565.9707972,2026-05-28 14:00:00+00:00
1779977700000,1989.93,1999.06,1983.88,1986.42,1930.97103726,2026-05-28 14:15:00+00:00
1779978600000,1986.41,1988.93,1978.19,1981.13,198.59573183,2026-05-28 14:30:00+00:00
1779979500000,1980.87,1990.62,1979.6,1990.57,176.17407099,2026-05-28 14:45:00+00:00
1779980400000,1990.33,1995.81,1985.66,1986.6,259.78126448,2026-05-28 15:00:00+00:00
1779981300000,1986.0,1989.54,1980.0,1989.54,782.2742178,2026-05-28 15:15:00+00:00
1779982200000,1989.53,1989.53,1984.17,1988.63,31.3028317,2026-05-28 15:30:00+00:00
1779983100000,1988.99,1992.0,1985.56,1987.25,578.76879061,2026-05-28 15:45:00+00:00
1779984000000,1987.41,1994.14,1981.91,1992.73,112.60625565,2026-05-28 16:00:00+00:00
1779984900000,1992.29,2000.97,1990.34,1995.59,131.18853506,2026-05-28 16:15:00+00:00
1779985800000,1995.71,2002.99,1995.33,2002.99,114.25435545,2026-05-28 16:30:00+00:00
1779986700000,2002.99,2011.08,2002.56,2009.97,551.90095725,2026-05-28 16:45:00+00:00
1779987600000,2009.97,2012.93,2005.78,2011.76,107.74745725,2026-05-28 17:00:00+00:00
1779988500000,2012.54,2013.7,2009.0,2012.23,89.7484854,2026-05-28 17:15:00+00:00
1779989400000,2011.72,2018.49,2011.09,2015.97,1780.7481473,2026-05-28 17:30:00+00:00
1779990300000,2015.96,2023.8,2015.7,2016.49,486.47740376,2026-05-28 17:45:00+00:00
1779991200000,2016.49,2024.15,2015.37,2021.27,162.02085781,2026-05-28 18:00:00+00:00
1779992100000,2021.1,2022.99,2017.27,2018.86,269.68775514,2026-05-28 18:15:00+00:00
1779993000000,2018.94,2021.99,2018.94,2020.89,181.07028609,2026-05-28 18:30:00+00:00
1779993900000,2020.88,2027.41,2020.28,2021.97,197.60714347,2026-05-28 18:45:00+00:00
1779994800000,2022.05,2022.05,2014.98,2016.98,159.89583175,2026-05-28 19:00:00+00:00
1779995700000,2016.93,2020.18,2015.58,2020.18,139.22457618,2026-05-28 19:15:00+00:00
1779996600000,2020.28,2021.35,2015.11,2015.62,103.16067978,2026-05-28 19:30:00+00:00
1779997500000,2015.62,2017.0,2011.01,2011.06,127.00543739,2026-05-28 19:45:00+00:00
1779998400000,2011.54,2013.02,2003.71,2010.44,691.51033404,2026-05-28 20:00:00+00:00
1779999300000,2010.4,2016.99,2009.61,2016.92,67.84889433,2026-05-28 20:15:00+00:00
1780000200000,2016.93,2016.98,2013.11,2016.41,235.88441408,2026-05-28 20:30:00+00:00
1780001100000,2016.3,2016.3,2011.01,2011.11,16.70231905,2026-05-28 20:45:00+00:00
1780002000000,2011.22,2018.01,2010.47,2017.31,122.28530155,2026-05-28 21:00:00+00:00
1780002900000,2017.32,2020.74,2016.62,2018.1,121.61863906,2026-05-28 21:15:00+00:00
1780003800000,2018.06,2021.44,2018.05,2020.11,56.88467725,2026-05-28 21:30:00+00:00
1780004700000,2020.85,2020.86,2017.08,2017.11,26.55772221,2026-05-28 21:45:00+00:00
1780005600000,2017.13,2019.82,2012.56,2013.38,151.86248663,2026-05-28 22:00:00+00:00
1780006500000,2013.37,2013.37,2008.25,2008.25,113.40449478,2026-05-28 22:15:00+00:00
1780007400000,2008.67,2009.37,2002.57,2003.26,95.08040698,2026-05-28 22:30:00+00:00
1780008300000,2003.31,2007.33,2002.72,2002.72,38.78347467,2026-05-28 22:45:00+00:00
1780009200000,2002.8,2005.37,2002.73,2005.29,2155.4847814,2026-05-28 23:00:00+00:00
1780010100000,2005.37,2008.06,2003.53,2007.57,57.81759641,2026-05-28 23:15:00+00:00
1780011000000,2007.57,2008.4,2004.26,2005.96,55.31810814,2026-05-28 23:30:00+00:00
1780011900000,2005.98,2007.52,2003.47,2006.96,67.07414803,2026-05-28 23:45:00+00:00
1780012800000,2006.93,2013.61,2006.91,2012.04,83.98253928,2026-05-29 00:00:00+00:00
1780013700000,2011.97,2013.66,2009.98,2011.81,710.91160387,2026-05-29 00:15:00+00:00
1780014600000,2011.77,2014.14,2010.3,2013.49,535.56481792,2026-05-29 00:30:00+00:00
1780015500000,2013.49,2013.49,2008.57,2009.22,69.73876453,2026-05-29 00:45:00+00:00
1780016400000,2009.28,2013.72,2009.28,2010.63,48.81194144,2026-05-29 01:00:00+00:00
1780017300000,2010.64,2012.0,2004.86,2005.54,44.81453948,2026-05-29 01:15:00+00:00
1780018200000,2005.22,2006.07,2003.19,2006.07,78.4703441,2026-05-29 01:30:00+00:00
1780019100000,2006.07,2007.93,2003.35,2005.77,58.41903687,2026-05-29 01:45:00+00:00
1780020000000,2005.31,2007.37,2004.1,2006.59,252.09326981,2026-05-29 02:00:00+00:00
1780020900000,2006.6,2007.08,1998.85,1999.42,92.29055712,2026-05-29 02:15:00+00:00
1780021800000,1998.96,2002.99,1997.0,1997.45,92.16238993,2026-05-29 02:30:00+00:00
1780022700000,1998.19,1999.54,1994.74,1996.22,38.404018,2026-05-29 02:45:00+00:00
1780023600000,1996.55,2005.15,1996.52,2004.1,20.06397795,2026-05-29 03:00:00+00:00
1780024500000,2004.15,2004.15,2001.11,2001.89,168.17624826,2026-05-29 03:15:00+00:00
1780025400000,2001.78,2002.36,1999.22,2000.49,32.40729567,2026-05-29 03:30:00+00:00
1780026300000,2000.49,2001.12,1998.6,1999.88,42.03129934,2026-05-29 03:45:00+00:00
1780027200000,1999.98,2001.99,1995.12,1997.78,113.18266919,2026-05-29 04:00:00+00:00
1780028100000,1997.79,2001.7,1996.9,2001.7,22.4360885,2026-05-29 04:15:00+00:00
1780029000000,2001.71,2003.98,2001.41,2003.02,95.19230974,2026-05-29 04:30:00+00:00
1780029900000,2003.02,2005.55,2003.02,2005.52,13.09334632,2026-05-29 04:45:00+00:00
1780030800000,2005.55,2011.99,2005.54,2009.34,34.64222861,2026-05-29 05:00:00+00:00
1780031700000,2009.7,2010.15,2007.45,2008.33,34.51622571,2026-05-29 05:15:00+00:00
1780032600000,2008.32,2008.33,2005.99,2006.9,13.99680053,2026-05-29 05:30:00+00:00
1780033500000,2006.89,2011.68,2006.42,2011.21,68.12263446,2026-05-29 05:45:00+00:00
1780034400000,2011.21,2012.74,2009.63,2012.13,41.16144952,2026-05-29 06:00:00+00:00
1780035300000,2012.14,2018.89,2012.14,2012.39,194.01457011,2026-05-29 06:15:00+00:00
1780036200000,2012.34,2013.19,2010.89,2011.98,22.13606523,2026-05-29 06:30:00+00:00
1780037100000,2011.99,2015.77,2011.84,2015.27,57.61890998,2026-05-29 06:45:00+00:00
1780038000000,2015.34,2016.85,2014.37,2016.21,54.25998875,2026-05-29 07:00:00+00:00
1780038900000,2016.13,2016.22,2012.58,2013.32,60.95501026,2026-05-29 07:15:00+00:00
1780039800000,2013.2,2013.2,2001.12,2001.48,93.57312801,2026-05-29 07:30:00+00:00
1780040700000,2001.46,2004.69,2000.44,2004.69,26.36410227,2026-05-29 07:45:00+00:00
1780041600000,2004.68,2008.23,2004.38,2004.38,35.58719164,2026-05-29 08:00:00+00:00
1780042500000,2005.02,2010.62,2004.44,2007.13,35.97451617,2026-05-29 08:15:00+00:00
1780043400000,2007.1,2007.44,2005.79,2006.35,23.638765,2026-05-29 08:30:00+00:00
1780044300000,2006.36,2006.84,2002.83,2003.38,21.49196671,2026-05-29 08:45:00+00:00
1780045200000,2003.35,2010.24,2003.19,2010.14,32.04548693,2026-05-29 09:00:00+00:00
1780046100000,2010.31,2013.07,2010.31,2012.81,30.36949394,2026-05-29 09:15:00+00:00
1780047000000,2012.77,2012.79,2008.34,2010.15,24.13872793,2026-05-29 09:30:00+00:00
1780047900000,2010.15,2012.02,2008.96,2011.92,159.77766771,2026-05-29 09:45:00+00:00
1780048800000,2011.89,2011.89,2010.12,2010.92,98.80155065,2026-05-29 10:00:00+00:00
1780049700000,2010.96,2011.02,2008.77,2008.81,57.02371856,2026-05-29 10:15:00+00:00
1780050600000,2008.82,2011.26,2007.0,2008.22,10.03781983,2026-05-29 10:30:00+00:00
1780051500000,2007.97,2009.75,2007.46,2008.59,11.32685379,2026-05-29 10:45:00+00:00
1780052400000,2008.58,2010.24,2006.96,2009.35,77.94344399,2026-05-29 11:00:00+00:00
1780053300000,2009.21,2011.48,2006.56,2007.29,51.61517042,2026-05-29 11:15:00+00:00
1780054200000,2007.3,2008.25,2003.6,2004.58,34.82026254,2026-05-29 11:30:00+00:00
1780055100000,2004.66,2005.37,2000.06,2004.64,26.6604019,2026-05-29 11:45:00+00:00
1780056000000,2004.65,2004.65,1996.95,1998.56,531.24790964,2026-05-29 12:00:00+00:00
1780056900000,1998.55,2001.44,1997.08,1998.79,176.72179764,2026-05-29 12:15:00+00:00
1780057800000,1998.82,2000.02,1992.64,1995.69,205.55951381,2026-05-29 12:30:00+00:00
1780058700000,1995.7,1999.41,1992.23,1997.01,53.84596244,2026-05-29 12:45:00+00:00
1780059600000,1997.01,1997.01,1991.62,1993.14,66.0346938,2026-05-29 13:00:00+00:00
1780060500000,1993.15,1994.0,1990.69,1993.73,94.75486073,2026-05-29 13:15:00+00:00
1780061400000,1993.73,1999.58,1985.17,1999.28,421.02980054,2026-05-29 13:30:00+00:00
1780062300000,1999.28,2003.11,1994.27,1996.4,403.00716965,2026-05-29 13:45:00+00:00
1780063200000,1996.21,1998.18,1989.05,1992.43,105.55237933,2026-05-29 14:00:00+00:00
1780064100000,1992.54,1993.5,1974.05,1984.1,2383.29911012,2026-05-29 14:15:00+00:00
1780065000000,1984.1,1990.31,1980.45,1982.05,131.85891007,2026-05-29 14:30:00+00:00
1780065900000,1982.4,2000.85,1981.31,1999.13,1127.99415973,2026-05-29 14:45:00+00:00
1780066800000,1999.13,2018.67,1996.28,2016.88,900.76086164,2026-05-29 15:00:00+00:00
1780067700000,2016.83,2023.29,2009.63,2022.18,1805.12944161,2026-05-29 15:15:00+00:00
1780068600000,2022.11,2043.0,2022.11,2028.08,2687.91825291,2026-05-29 15:30:00+00:00
1780069500000,2027.97,2031.01,2024.0,2028.04,321.95076523,2026-05-29 15:45:00+00:00
1780070400000,2028.38,2037.33,2027.82,2033.9,299.7279498,2026-05-29 16:00:00+00:00
1780071300000,2033.88,2034.11,2019.22,2022.46,512.71287517,2026-05-29 16:15:00+00:00
1780072200000,2022.0,2039.67,2021.75,2039.25,662.39044571,2026-05-29 16:30:00+00:00
1780073100000,2039.08,2039.71,2032.83,2037.63,175.57260801,2026-05-29 16:45:00+00:00
1780074000000,2037.55,2040.88,2031.03,2039.61,1004.74075897,2026-05-29 17:00:00+00:00
1780074900000,2039.35,2040.6,2034.61,2036.62,193.95313721,2026-05-29 17:15:00+00:00
1780075800000,2036.62,2037.99,2034.96,2035.3,64.75077586,2026-05-29 17:30:00+00:00
1780076700000,2035.3,2035.3,2023.39,2026.0,286.49844265,2026-05-29 17:45:00+00:00
1780077600000,2026.0,2028.73,2023.02,2026.66,524.36019318,2026-05-29 18:00:00+00:00
1780078500000,2026.73,2026.9,2019.79,2021.23,755.59558294,2026-05-29 18:15:00+00:00
1780079400000,2021.34,2024.22,2019.86,2022.34,286.52810523,2026-05-29 18:30:00+00:00
1780080300000,2022.44,2022.44,2004.41,2008.71,2791.55381197,2026-05-29 18:45:00+00:00
1780081200000,2008.78,2014.04,2006.5,2010.36,551.55668917,2026-05-29 19:00:00+00:00
1780082100000,2010.35,2010.67,2002.03,2008.29,113.24414341,2026-05-29 19:15:00+00:00
1780083000000,2008.63,2019.3,2008.63,2018.42,256.18902171,2026-05-29 19:30:00+00:00
1780083900000,2018.43,2018.92,2014.28,2014.28,38.14732614,2026-05-29 19:45:00+00:00
1780084800000,2014.46,2017.97,2012.81,2016.38,34.18887809,2026-05-29 20:00:00+00:00
1780085700000,2016.2,2020.99,2015.02,2018.34,96.58947118,2026-05-29 20:15:00+00:00
1780086600000,2018.42,2019.67,2016.96,2018.26,43.22851698,2026-05-29 20:30:00+00:00
1780087500000,2018.34,2019.02,2013.79,2015.37,720.52225342,2026-05-29 20:45:00+00:00
1780088400000,2015.51,2020.24,2014.08,2018.74,3016.31727347,2026-05-29 21:00:00+00:00
1780089300000,2018.85,2018.85,2008.69,2009.47,338.28667351,2026-05-29 21:15:00+00:00
1780090200000,2009.47,2013.12,2008.2,2012.74,40.62444577,2026-05-29 21:30:00+00:00
1780091100000,2012.74,2013.39,2005.67,2006.46,30.27489127,2026-05-29 21:45:00+00:00
1780092000000,2006.79,2008.54,2005.19,2007.36,110.26886938,2026-05-29 22:00:00+00:00
1780092900000,2007.37,2014.34,2006.8,2012.23,69.00159626,2026-05-29 22:15:00+00:00
1780093800000,2012.27,2013.36,2009.9,2011.4,27.68629136,2026-05-29 22:30:00+00:00
1780094700000,2011.41,2012.88,2008.38,2011.08,24.89836639,2026-05-29 22:45:00+00:00
1780095600000,2011.04,2011.23,2007.27,2008.04,47.16869302,2026-05-29 23:00:00+00:00
1780096500000,2008.19,2009.85,2005.08,2006.02,17.13218244,2026-05-29 23:15:00+00:00
1780097400000,2006.5,2009.32,2004.17,2009.32,67.79040021,2026-05-29 23:30:00+00:00
1780098300000,2009.26,2012.03,2008.46,2011.61,44.03225179,2026-05-29 23:45:00+00:00
1780099200000,2011.65,2013.27,2009.28,2011.66,23.0808287,2026-05-30 00:00:00+00:00
1780100100000,2011.67,2013.12,2010.25,2010.25,13.67975282,2026-05-30 00:15:00+00:00
1780101000000,2010.25,2012.11,2008.01,2011.19,18.1403494,2026-05-30 00:30:00+00:00
1780101900000,2011.22,2013.33,2011.15,2012.29,38.709923,2026-05-30 00:45:00+00:00
1780102800000,2012.14,2015.89,2010.83,2014.83,20.55008812,2026-05-30 01:00:00+00:00
1780103700000,2014.84,2017.69,2014.01,2017.62,61.83310803,2026-05-30 01:15:00+00:00
1780104600000,2017.61,2018.77,2014.4,2014.85,33.19316144,2026-05-30 01:30:00+00:00
1780105500000,2014.85,2016.93,2014.59,2016.91,63.93547513,2026-05-30 01:45:00+00:00
1780106400000,2016.84,2018.25,2016.59,2017.13,61.08424425,2026-05-30 02:00:00+00:00
1780107300000,2017.13,2017.66,2014.32,2015.0,54.20926392,2026-05-30 02:15:00+00:00
1780108200000,2015.0,2017.31,2014.99,2017.31,2612.47658544,2026-05-30 02:30:00+00:00
1780109100000,2017.15,2017.98,2016.34,2017.92,33.42283479,2026-05-30 02:45:00+00:00
1780110000000,2017.99,2019.86,2016.73,2019.71,61.39219883,2026-05-30 03:00:00+00:00
1780110900000,2019.71,2020.88,2017.43,2017.43,107.57125582,2026-05-30 03:15:00+00:00
1780111800000,2017.22,2017.22,2012.31,2012.76,43.51653295,2026-05-30 03:30:00+00:00
1780112700000,2012.6,2014.51,2012.57,2013.89,7.65124455,2026-05-30 03:45:00+00:00
1780113600000,2013.98,2015.03,2006.98,2012.29,43.0678859,2026-05-30 04:00:00+00:00
1780114500000,2012.42,2012.42,2005.74,2007.09,30.98826666,2026-05-30 04:15:00+00:00
1780115400000,2006.45,2006.45,1999.65,2003.91,190.55961357,2026-05-30 04:30:00+00:00
1780116300000,2004.23,2007.85,2003.21,2007.73,139.57099179,2026-05-30 04:45:00+00:00
1780117200000,2007.74,2016.8,2005.31,2011.27,858.65996046,2026-05-30 05:00:00+00:00
1780118100000,2011.49,2013.7,2010.42,2010.65,65.93256688,2026-05-30 05:15:00+00:00
1780119000000,2010.39,2012.97,2010.25,2012.45,8.31082001,2026-05-30 05:30:00+00:00
1780119900000,2012.88,2014.23,2012.69,2013.01,10.47452289,2026-05-30 05:45:00+00:00
1780120800000,2013.1,2013.11,2010.18,2011.92,7.04473494,2026-05-30 06:00:00+00:00
1780121700000,2011.86,2013.76,2011.26,2013.76,8.8889382,2026-05-30 06:15:00+00:00
1780122600000,2013.77,2017.22,2013.77,2016.37,38.75617375,2026-05-30 06:30:00+00:00
1780123500000,2016.38,2016.4,2013.71,2014.81,25.56705669,2026-05-30 06:45:00+00:00
1780124400000,2014.35,2014.63,2012.2,2012.99,9.30555719,2026-05-30 07:00:00+00:00
1780125300000,2012.99,2014.92,2012.35,2014.71,13.53541882,2026-05-30 07:15:00+00:00
1780126200000,2014.51,2014.51,2011.21,2011.52,11.00385541,2026-05-30 07:30:00+00:00
1780127100000,2011.35,2013.53,2011.21,2013.53,11.04079922,2026-05-30 07:45:00+00:00
1780128000000,2013.59,2013.59,2011.96,2012.25,21.83484047,2026-05-30 08:00:00+00:00
1780128900000,2012.26,2013.58,2011.04,2012.56,25.29212966,2026-05-30 08:15:00+00:00
1780129800000,2012.44,2012.99,2011.49,2011.94,28.21605672,2026-05-30 08:30:00+00:00
1780130700000,2011.66,2012.23,2011.26,2011.36,4.05985925,2026-05-30 08:45:00+00:00
1780131600000,2011.33,2012.99,2011.24,2012.84,30.992837,2026-05-30 09:00:00+00:00
1780132500000,2012.83,2014.18,2011.87,2013.5,32.25613155,2026-05-30 09:15:00+00:00
1780133400000,2013.5,2013.51,2012.71,2012.76,81.11170597,2026-05-30 09:30:00+00:00
1780134300000,2012.77,2014.0,2012.77,2013.96,10.58848841,2026-05-30 09:45:00+00:00
1780135200000,2013.97,2015.21,2013.82,2014.48,78.09398147,2026-05-30 10:00:00+00:00
1780136100000,2014.69,2019.15,2014.69,2016.13,132.98989643,2026-05-30 10:15:00+00:00
1780137000000,2016.14,2017.65,2016.14,2017.51,26.14144366,2026-05-30 10:30:00+00:00
1780137900000,2017.55,2017.55,2014.52,2014.99,10.30185308,2026-05-30 10:45:00+00:00
1780138800000,2014.99,2015.22,2013.66,2014.18,9.24816299,2026-05-30 11:00:00+00:00
1780139700000,2014.2,2014.42,2012.52,2013.72,10.65050168,2026-05-30 11:15:00+00:00
1780140600000,2013.86,2015.99,2013.86,2015.99,8.59636018,2026-05-30 11:30:00+00:00
1780141500000,2015.77,2015.78,2014.05,2014.6,14.85616338,2026-05-30 11:45:00+00:00
1780142400000,2014.68,2014.98,2014.29,2014.41,8.70651211,2026-05-30 12:00:00+00:00
1780143300000,2014.55,2016.59,2014.55,2016.01,14.24222276,2026-05-30 12:15:00+00:00
1780144200000,2016.01,2016.82,2014.91,2014.94,13.73418335,2026-05-30 12:30:00+00:00
1780145100000,2014.94,2017.54,2014.5,2017.09,28.134554,2026-05-30 12:45:00+00:00
1780146000000,2017.08,2018.6,2017.0,2017.34,6.42123625,2026-05-30 13:00:00+00:00
1780146900000,2017.35,2019.44,2016.75,2017.61,14.05216348,2026-05-30 13:15:00+00:00
1780147800000,2017.82,2017.82,2014.61,2016.84,12.1037484,2026-05-30 13:30:00+00:00
1780148700000,2016.84,2017.9,2016.07,2017.89,7.4946847,2026-05-30 13:45:00+00:00
1780149600000,2017.9,2022.74,2017.87,2020.22,66.04490729,2026-05-30 14:00:00+00:00
1780150500000,2020.66,2025.86,2018.97,2024.61,142.96669452,2026-05-30 14:15:00+00:00
1780151400000,2024.61,2027.48,2023.92,2026.22,108.76236841,2026-05-30 14:30:00+00:00
1780152300000,2026.22,2026.22,2022.68,2023.77,228.76798167,2026-05-30 14:45:00+00:00
1780153200000,2023.86,2028.94,2021.6,2028.32,31.23264893,2026-05-30 15:00:00+00:00
1780154100000,2028.33,2028.38,2022.28,2023.73,39.09674911,2026-05-30 15:15:00+00:00
1780155000000,2023.92,2024.45,2021.76,2021.9,20.35650479,2026-05-30 15:30:00+00:00
1780155900000,2021.97,2024.84,2021.72,2023.49,65.59259387,2026-05-30 15:45:00+00:00
1780156800000,2023.58,2025.34,2021.85,2024.59,61.68538263,2026-05-30 16:00:00+00:00
1780157700000,2024.54,2024.84,2022.07,2022.7,19.04516717,2026-05-30 16:15:00+00:00
1780158600000,2022.75,2025.28,2022.56,2023.71,71.36083667,2026-05-30 16:30:00+00:00
1780159500000,2023.71,2024.35,2022.26,2023.9,85.12153732,2026-05-30 16:45:00+00:00
1780160400000,2023.9,2024.26,2021.63,2023.09,16.39966851,2026-05-30 17:00:00+00:00
1780161300000,2023.15,2026.21,2022.39,2023.41,131.00493045,2026-05-30 17:15:00+00:00
1780162200000,2023.36,2023.36,2016.71,2021.28,221.22113261,2026-05-30 17:30:00+00:00
1780163100000,2021.24,2024.01,2021.24,2024.01,23.66148173,2026-05-30 17:45:00+00:00
1780164000000,2024.0,2024.99,2023.23,2023.99,46.16854085,2026-05-30 18:00:00+00:00
1780164900000,2023.97,2025.64,2021.57,2021.88,227.52195539,2026-05-30 18:15:00+00:00
1780165800000,2021.88,2025.99,2021.88,2025.99,16.8449054,2026-05-30 18:30:00+00:00
1780166700000,2025.99,2026.98,2023.65,2024.58,19.50387495,2026-05-30 18:45:00+00:00
1780167600000,2024.59,2024.59,2022.74,2023.25,8.719331,2026-05-30 19:00:00+00:00
1780168500000,2023.37,2024.82,2022.17,2022.49,16.85475892,2026-05-30 19:15:00+00:00
1780169400000,2022.52,2024.41,2022.04,2023.6,32.89001921,2026-05-30 19:30:00+00:00
1780170300000,2024.22,2025.99,2024.22,2025.56,233.28871121,2026-05-30 19:45:00+00:00
1780171200000,2025.57,2026.45,2024.34,2025.48,116.43642797,2026-05-30 20:00:00+00:00
1780172100000,2025.46,2026.07,2025.13,2025.14,52.74250623,2026-05-30 20:15:00+00:00
1780173000000,2025.14,2025.14,2023.0,2023.5,31.95360191,2026-05-30 20:30:00+00:00
1780173900000,2023.51,2024.54,2022.71,2023.84,13.48429304,2026-05-30 20:45:00+00:00
1780174800000,2023.85,2026.91,2023.85,2026.91,14.19366565,2026-05-30 21:00:00+00:00
1780175700000,2026.91,2028.01,2025.9,2027.86,49.22631435,2026-05-30 21:15:00+00:00
1780176600000,2027.85,2027.99,2026.03,2027.14,32.55392537,2026-05-30 21:30:00+00:00
1780177500000,2026.55,2027.22,2024.95,2024.95,19.21321962,2026-05-30 21:45:00+00:00
1780178400000,2025.44,2025.44,2018.71,2021.46,622.38435766,2026-05-30 22:00:00+00:00
1780179300000,2021.86,2022.92,2020.32,2021.26,90.14080665,2026-05-30 22:15:00+00:00
1780180200000,2021.24,2021.44,2017.88,2017.88,24.01437018,2026-05-30 22:30:00+00:00
1780181100000,2017.91,2020.81,2017.82,2020.39,19.89105804,2026-05-30 22:45:00+00:00
1780182000000,2020.38,2022.95,2017.91,2018.2,34.07013335,2026-05-30 23:00:00+00:00
1780182900000,2018.37,2020.21,2017.39,2019.28,62.73877145,2026-05-30 23:15:00+00:00
1780183800000,2019.14,2019.14,2017.15,2017.46,16.15134174,2026-05-30 23:30:00+00:00
1780184700000,2017.46,2019.76,2017.46,2019.12,35.93493875,2026-05-30 23:45:00+00:00
1780185600000,2019.32,2020.94,2017.59,2019.59,15.04625431,2026-05-31 00:00:00+00:00
1780186500000,2019.59,2024.58,2019.0,2022.51,33.74150689,2026-05-31 00:15:00+00:00
1780187400000,2022.51,2023.41,2020.99,2021.99,12.91654974,2026-05-31 00:30:00+00:00
1780188300000,2021.99,2024.01,2020.89,2023.84,4.39085328,2026-05-31 00:45:00+00:00
1780189200000,2023.84,2026.17,2023.79,2025.08,18.60488158,2026-05-31 01:00:00+00:00
1780190100000,2025.1,2030.93,2025.1,2026.97,374.86978988,2026-05-31 01:15:00+00:00
1780191000000,2026.95,2030.15,2026.01,2026.02,22.86083607,2026-05-31 01:30:00+00:00
1780191900000,2026.02,2028.41,2025.63,2025.87,43.69258674,2026-05-31 01:45:00+00:00
1780192800000,2025.87,2029.4,2025.68,2029.39,16.69242998,2026-05-31 02:00:00+00:00
1780193700000,2029.4,2034.71,2025.07,2025.07,256.89853902,2026-05-31 02:15:00+00:00
1780194600000,2025.01,2029.01,2024.94,2026.79,224.81358711,2026-05-31 02:30:00+00:00
1780195500000,2026.93,2031.85,2025.98,2031.12,22.18187705,2026-05-31 02:45:00+00:00
1780196400000,2031.08,2032.0,2029.08,2030.6,9.51292763,2026-05-31 03:00:00+00:00
1780197300000,2030.61,2033.58,2029.58,2032.91,30.95354926,2026-05-31 03:15:00+00:00
1780198200000,2032.97,2033.02,2030.46,2031.44,15.87583627,2026-05-31 03:30:00+00:00
1780199100000,2031.44,2032.13,2030.38,2030.38,10.3192411,2026-05-31 03:45:00+00:00
1780200000000,2030.42,2030.66,2028.36,2028.59,9.40254926,2026-05-31 04:00:00+00:00
1780200900000,2028.57,2031.58,2028.55,2031.01,7.43690283,2026-05-31 04:15:00+00:00
1780201800000,2030.53,2030.76,2029.23,2030.32,21.04443995,2026-05-31 04:30:00+00:00
1780202700000,2030.31,2031.05,2029.51,2030.77,6.18725968,2026-05-31 04:45:00+00:00
1780203600000,2030.77,2030.77,2028.97,2028.98,11.77856996,2026-05-31 05:00:00+00:00
1780204500000,2029.28,2029.4,2027.77,2028.8,56.98495485,2026-05-31 05:15:00+00:00
1780205400000,2028.81,2029.91,2027.62,2027.76,11.89018073,2026-05-31 05:30:00+00:00
1780206300000,2027.92,2027.92,2026.33,2027.12,22.65860951,2026-05-31 05:45:00+00:00
1780207200000,2027.1,2027.1,2025.38,2026.08,27.24800533,2026-05-31 06:00:00+00:00
1780208100000,2026.07,2027.15,2025.96,2026.33,8.18432119,2026-05-31 06:15:00+00:00
1780209000000,2026.37,2027.22,2026.0,2027.11,9.70346261,2026-05-31 06:30:00+00:00
1780209900000,2027.1,2027.11,2026.33,2027.01,147.78185838,2026-05-31 06:45:00+00:00
1780210800000,2027.01,2027.01,2023.34,2023.41,57.66743824,2026-05-31 07:00:00+00:00
1780211700000,2023.39,2023.98,2021.81,2022.5,88.5780592,2026-05-31 07:15:00+00:00
1780212600000,2022.5,2022.5,2020.0,2020.44,11.57390916,2026-05-31 07:30:00+00:00
1780213500000,2020.45,2022.33,2020.11,2020.99,24.39184437,2026-05-31 07:45:00+00:00
1780214400000,2020.99,2024.62,2020.98,2022.51,27.89172024,2026-05-31 08:00:00+00:00
1780215300000,2022.51,2024.55,2022.51,2023.62,20.67036899,2026-05-31 08:15:00+00:00
1780216200000,2023.61,2023.62,2020.01,2020.53,8.67703859,2026-05-31 08:30:00+00:00
1780217100000,2020.53,2025.99,2020.17,2024.33,38.7089952,2026-05-31 08:45:00+00:00
1780218000000,2024.63,2024.84,2021.81,2022.52,9.29307102,2026-05-31 09:00:00+00:00
1780218900000,2022.32,2024.27,2021.84,2023.77,8.85150362,2026-05-31 09:15:00+00:00
1780219800000,2023.77,2024.99,2022.93,2024.06,16.50063748,2026-05-31 09:30:00+00:00
1780220700000,2024.02,2024.99,2016.29,2017.86,383.32451712,2026-05-31 09:45:00+00:00
1780221600000,2018.17,2018.55,2015.11,2017.19,284.13116811,2026-05-31 10:00:00+00:00
1780222500000,2017.08,2017.08,2012.9,2015.01,88.20439356,2026-05-31 10:15:00+00:00
1780223400000,2015.18,2016.5,2014.1,2014.99,20.51753606,2026-05-31 10:30:00+00:00
1780224300000,2015.05,2018.07,2014.06,2017.87,25.84760698,2026-05-31 10:45:00+00:00
1780225200000,2017.87,2020.93,2017.83,2018.73,17.7750503,2026-05-31 11:00:00+00:00
1780226100000,2018.95,2019.94,2017.92,2019.94,19.31829022,2026-05-31 11:15:00+00:00
1780227000000,2019.93,2020.94,2018.77,2019.45,26.73902732,2026-05-31 11:30:00+00:00
1780227900000,2019.79,2020.23,2018.87,2020.18,11.94477432,2026-05-31 11:45:00+00:00
1780228800000,2020.12,2020.46,2016.47,2018.86,21.77043234,2026-05-31 12:00:00+00:00
1780229700000,2018.84,2021.9,2018.84,2020.06,23.51576681,2026-05-31 12:15:00+00:00
1780230600000,2020.06,2021.98,2019.38,2021.55,49.36197331,2026-05-31 12:30:00+00:00
1780231500000,2021.76,2021.82,2018.19,2018.92,6.97430159,2026-05-31 12:45:00+00:00
1780232400000,2018.93,2021.38,2018.22,2020.84,11.80762756,2026-05-31 13:00:00+00:00
1780233300000,2020.79,2023.18,2020.69,2021.31,148.75607539,2026-05-31 13:15:00+00:00
1780234200000,2021.44,2022.01,2019.19,2019.47,17.44215124,2026-05-31 13:30:00+00:00
1780235100000,2019.41,2019.74,2017.03,2017.37,367.55260296,2026-05-31 13:45:00+00:00
1780236000000,2017.41,2018.32,2010.92,2012.35,146.78383527,2026-05-31 14:00:00+00:00
1780236900000,2012.94,2015.39,2003.41,2008.18,424.68527626,2026-05-31 14:15:00+00:00
1780237800000,2008.18,2010.73,2005.21,2006.06,42.28554433,2026-05-31 14:30:00+00:00
1780238700000,2006.33,2009.16,2003.07,2005.47,240.55125736,2026-05-31 14:45:00+00:00
1780239600000,2005.65,2008.64,2004.57,2008.4,147.43415582,2026-05-31 15:00:00+00:00
1780240500000,2008.27,2012.3,2007.89,2010.46,289.7101533,2026-05-31 15:15:00+00:00
1780241400000,2010.9,2011.21,2006.04,2006.86,295.82478704,2026-05-31 15:30:00+00:00
1780242300000,2007.1,2010.45,2006.83,2007.7,26.71084383,2026-05-31 15:45:00+00:00
1780243200000,2007.69,2009.29,2003.83,2004.64,58.45728927,2026-05-31 16:00:00+00:00
1780244100000,2004.41,2006.6,2001.01,2004.45,228.24430797,2026-05-31 16:15:00+00:00
1780245000000,2004.6,2004.6,1995.96,1997.88,175.49966766,2026-05-31 16:30:00+00:00
1780245900000,1997.52,1999.99,1996.59,1999.21,86.53740463,2026-05-31 16:45:00+00:00
1780246800000,1999.25,2000.87,1994.71,1997.32,472.94942321,2026-05-31 17:00:00+00:00
1780247700000,1997.31,2000.02,1997.15,1999.82,33.27741281,2026-05-31 17:15:00+00:00
1780248600000,1999.85,2004.48,1999.82,2002.23,21.96518395,2026-05-31 17:30:00+00:00
1780249500000,2002.4,2004.57,2002.12,2002.98,15.63199486,2026-05-31 17:45:00+00:00
1780250400000,2002.98,2002.98,1999.28,2000.08,243.54145725,2026-05-31 18:00:00+00:00
1780251300000,1999.73,2000.92,1998.2,2000.07,259.85731946,2026-05-31 18:15:00+00:00
1780252200000,2000.11,2002.08,1997.83,1997.83,32.36181996,2026-05-31 18:30:00+00:00
1780253100000,1997.83,1997.99,1996.29,1997.76,58.83214134,2026-05-31 18:45:00+00:00
1780254000000,1997.72,1999.68,1995.63,1995.91,121.85525262,2026-05-31 19:00:00+00:00
1780254900000,1995.94,1997.43,1992.61,1994.62,53.70116287,2026-05-31 19:15:00+00:00
1780255800000,1994.78,1995.83,1991.58,1995.41,31.56041629,2026-05-31 19:30:00+00:00
1780256700000,1995.15,1996.99,1995.05,1996.84,24.25760514,2026-05-31 19:45:00+00:00
1780257600000,1996.82,2000.98,1996.82,1998.47,59.48676723,2026-05-31 20:00:00+00:00
1780258500000,1998.67,2001.74,1998.26,2000.15,19.65327526,2026-05-31 20:15:00+00:00
1780259400000,2000.03,2000.69,2000.0,2000.16,22.86458404,2026-05-31 20:30:00+00:00
1780260300000,2000.16,2005.02,2000.16,2003.96,23.39803892,2026-05-31 20:45:00+00:00
1780261200000,2004.09,2004.54,2002.37,2003.78,46.62561072,2026-05-31 21:00:00+00:00
1780262100000,2003.78,2007.36,2003.78,2004.5,296.20805938,2026-05-31 21:15:00+00:00
1780263000000,2004.5,2006.99,2003.78,2006.39,97.74197602,2026-05-31 21:30:00+00:00
1780263900000,2006.39,2010.97,2006.39,2009.35,84.92721817,2026-05-31 21:45:00+00:00
1780264800000,2009.36,2011.81,2001.99,2008.68,121.84329302,2026-05-31 22:00:00+00:00
1780265700000,2008.77,2010.13,2004.68,2006.77,30.34115407,2026-05-31 22:15:00+00:00
1780266600000,2006.92,2011.17,2006.92,2008.36,48.69348257,2026-05-31 22:30:00+00:00
1780267500000,2008.37,2010.93,2008.17,2009.29,29.39825442,2026-05-31 22:45:00+00:00
1780268400000,2009.62,2019.75,2009.42,2011.0,142.73601578,2026-05-31 23:00:00+00:00
1780269300000,2010.99,2012.24,2005.54,2005.8,57.10372804,2026-05-31 23:15:00+00:00
1780270200000,2005.83,2005.83,1997.3,2000.22,107.8125443,2026-05-31 23:30:00+00:00
1780271100000,2000.35,2004.44,2000.09,2004.09,47.57620676,2026-05-31 23:45:00+00:00
1780272000000,2004.07,2012.01,2003.39,2008.0,683.0480544,2026-06-01 00:00:00+00:00
1780272900000,2008.0,2014.14,2005.4,2014.04,151.42011794,2026-06-01 00:15:00+00:00
1780273800000,2013.87,2017.99,2009.19,2012.95,56.42185373,2026-06-01 00:30:00+00:00
1780274700000,2012.78,2016.69,2011.71,2012.48,356.63309116,2026-06-01 00:45:00+00:00
1780275600000,2012.6,2013.7,2002.12,2003.09,310.66924909,2026-06-01 01:00:00+00:00
1780276500000,2003.39,2004.64,1999.07,2002.7,90.30993733,2026-06-01 01:15:00+00:00
1780277400000,2001.38,2004.05,1997.34,1999.14,45.45266061,2026-06-01 01:30:00+00:00
1780278300000,1998.56,2001.56,1991.93,1992.14,498.45037785,2026-06-01 01:45:00+00:00
1780279200000,1992.07,2003.29,1989.01,2002.86,428.38009105,2026-06-01 02:00:00+00:00
1780280100000,2002.68,2002.68,1999.78,2001.81,45.52540998,2026-06-01 02:15:00+00:00
1780281000000,2001.94,2014.89,1999.23,2009.25,42.93357884,2026-06-01 02:30:00+00:00
1780281900000,2009.0,2011.16,2007.67,2008.93,39.04728547,2026-06-01 02:45:00+00:00
1780282800000,2008.71,2014.99,2008.71,2010.79,125.92787488,2026-06-01 03:00:00+00:00
1780283700000,2010.82,2013.97,2008.33,2012.33,34.8295838,2026-06-01 03:15:00+00:00
1780284600000,2012.34,2014.51,2008.58,2009.33,46.29060501,2026-06-01 03:30:00+00:00
1780285500000,2009.33,2011.41,2006.0,2006.56,29.2841757,2026-06-01 03:45:00+00:00
1780286400000,2006.44,2009.27,2000.01,2000.61,22.45313321,2026-06-01 04:00:00+00:00
1780287300000,2000.6,2001.37,1992.66,1993.34,94.15182798,2026-06-01 04:15:00+00:00
1780288200000,1993.34,1997.06,1993.33,1997.04,27.01411728,2026-06-01 04:30:00+00:00
1780289100000,1997.05,1999.39,1991.64,1997.24,53.84456017,2026-06-01 04:45:00+00:00
1780290000000,1997.24,1998.6,1994.96,1996.62,33.73792701,2026-06-01 05:00:00+00:00
1780290900000,1996.75,1998.63,1990.48,1990.48,52.44848553,2026-06-01 05:15:00+00:00
1780291800000,1990.57,1993.44,1989.5,1993.13,78.98643362,2026-06-01 05:30:00+00:00
1780292700000,1993.19,1995.3,1991.3,1991.91,20.99843661,2026-06-01 05:45:00+00:00
1780293600000,1991.97,1992.32,1986.05,1989.3,149.58035166,2026-06-01 06:00:00+00:00
1780294500000,1989.65,1990.2,1982.2,1983.83,113.12828442,2026-06-01 06:15:00+00:00
1780295400000,1983.83,1985.99,1980.0,1980.01,57.30494757,2026-06-01 06:30:00+00:00
1780296300000,1980.0,1986.47,1977.57,1985.33,167.59182984,2026-06-01 06:45:00+00:00
1780297200000,1985.33,1987.77,1982.21,1986.29,143.90640002,2026-06-01 07:00:00+00:00
1780298100000,1986.28,1987.29,1982.84,1983.41,26.83554263,2026-06-01 07:15:00+00:00
1780299000000,1982.14,1982.8,1977.73,1980.7,51.08713643,2026-06-01 07:30:00+00:00
1780299900000,1980.81,1981.29,1969.15,1974.24,365.52245254,2026-06-01 07:45:00+00:00
1780300800000,1974.02,1977.08,1972.99,1976.21,277.83658149,2026-06-01 08:00:00+00:00
1780301700000,1976.19,1976.51,1972.0,1973.23,545.29658896,2026-06-01 08:15:00+00:00
1780302600000,1973.54,1979.71,1969.37,1976.69,136.5968735,2026-06-01 08:30:00+00:00
1780303500000,1976.88,1982.28,1976.47,1981.3,43.35362753,2026-06-01 08:45:00+00:00
1780304400000,1981.5,1984.53,1981.44,1982.83,33.7554047,2026-06-01 09:00:00+00:00
1780305300000,1982.84,1987.47,1982.84,1984.22,83.14351175,2026-06-01 09:15:00+00:00
1780306200000,1984.29,1986.06,1982.69,1985.07,177.69700581,2026-06-01 09:30:00+00:00
1780307100000,1985.29,1987.03,1984.06,1985.16,20.13082611,2026-06-01 09:45:00+00:00
1780308000000,1985.16,1986.86,1982.65,1982.8,42.22082776,2026-06-01 10:00:00+00:00
1780308900000,1982.73,1983.64,1979.97,1980.76,48.86986847,2026-06-01 10:15:00+00:00
1780309800000,1980.99,1984.72,1979.01,1982.37,47.05641487,2026-06-01 10:30:00+00:00
1780310700000,1982.38,1984.58,1981.38,1981.88,14.14438803,2026-06-01 10:45:00+00:00
1780311600000,1981.9,1983.27,1980.88,1981.52,18.03482829,2026-06-01 11:00:00+00:00
1780312500000,1981.52,1983.85,1981.19,1981.52,160.35468671,2026-06-01 11:15:00+00:00
1780313400000,1981.52,1983.58,1979.61,1983.58,12.07567488,2026-06-01 11:30:00+00:00
1780314300000,1983.59,1984.18,1975.55,1978.75,185.66381973,2026-06-01 11:45:00+00:00
1780315200000,1979.52,1982.06,1966.21,1974.57,505.81911612,2026-06-01 12:00:00+00:00
1780316100000,1974.43,1985.97,1974.18,1984.79,250.08759474,2026-06-01 12:15:00+00:00
1780317000000,1984.81,1990.81,1982.2,1990.62,62.70573274,2026-06-01 12:30:00+00:00
1780317900000,1990.61,1991.45,1985.6,1986.42,130.53822041,2026-06-01 12:45:00+00:00
1780318800000,1987.35,1987.55,1970.47,1973.61,142.29526537,2026-06-01 13:00:00+00:00
1780319700000,1973.03,1978.55,1970.44,1974.19,126.45239724,2026-06-01 13:15:00+00:00
1780320600000,1974.2,1980.87,1970.89,1972.14,136.55268242,2026-06-01 13:30:00+00:00
1780321500000,1972.25,1977.7,1955.14,1967.94,1579.47127066,2026-06-01 13:45:00+00:00
1780322400000,1968.4,1974.14,1962.9,1966.99,188.18967202,2026-06-01 14:00:00+00:00
1780323300000,1966.2,1968.84,1962.96,1965.06,353.9133251,2026-06-01 14:15:00+00:00
1780324200000,1965.32,1966.98,1962.0,1964.48,140.0810581,2026-06-01 14:30:00+00:00
1780325100000,1964.47,1968.03,1962.0,1965.19,120.16291487,2026-06-01 14:45:00+00:00
1780326000000,1965.19,1970.99,1965.15,1967.03,169.28021277,2026-06-01 15:00:00+00:00
1780326900000,1967.04,1967.51,1957.24,1958.82,296.89439239,2026-06-01 15:15:00+00:00
1780327800000,1958.82,1977.12,1958.76,1971.01,1296.42370549,2026-06-01 15:30:00+00:00
1780328700000,1971.11,1971.95,1964.0,1965.5,84.05220398,2026-06-01 15:45:00+00:00
1780329600000,1965.49,1968.75,1955.55,1963.97,300.7774614,2026-06-01 16:00:00+00:00
1780330500000,1963.84,1967.83,1961.39,1967.83,143.63173736,2026-06-01 16:15:00+00:00
1780331400000,1967.84,1970.63,1966.48,1968.86,42.71317215,2026-06-01 16:30:00+00:00
1780332300000,1968.87,1975.47,1968.87,1975.17,1643.73501792,2026-06-01 16:45:00+00:00
1780333200000,1975.26,1982.08,1975.26,1980.84,272.39457369,2026-06-01 17:00:00+00:00
1780334100000,1980.88,1988.52,1978.76,1988.52,279.2745399,2026-06-01 17:15:00+00:00
1780335000000,1988.38,1990.5,1983.41,1990.49,258.62765357,2026-06-01 17:30:00+00:00
1780335900000,1990.5,1993.86,1987.8,1988.48,209.89193033,2026-06-01 17:45:00+00:00
1780336800000,1988.01,1989.09,1980.95,1982.21,45.34945839,2026-06-01 18:00:00+00:00
1780337700000,1982.1,1988.85,1980.95,1988.85,92.26432662,2026-06-01 18:15:00+00:00
1780338600000,1989.23,1992.25,1988.3,1989.77,101.31378565,2026-06-01 18:30:00+00:00
1780339500000,1989.77,1993.33,1988.75,1990.37,91.69324995,2026-06-01 18:45:00+00:00
1780340400000,1990.37,1992.97,1989.65,1992.37,360.24540526,2026-06-01 19:00:00+00:00
1780341300000,1992.36,1999.99,1989.84,1998.83,1457.52189895,2026-06-01 19:15:00+00:00
1780342200000,1999.01,2005.88,1998.81,2003.49,1847.03631037,2026-06-01 19:30:00+00:00
1780343100000,2003.5,2003.5,2000.55,2001.99,236.27568338,2026-06-01 19:45:00+00:00
1780344000000,2001.98,2001.98,1998.76,2000.0,219.49264426,2026-06-01 20:00:00+00:00
1780344900000,2000.0,2003.79,1998.37,2001.98,207.95984787,2026-06-01 20:15:00+00:00
1780345800000,2001.99,2005.56,2001.91,2004.99,268.39621421,2026-06-01 20:30:00+00:00
1780346700000,2004.99,2005.03,2000.88,2003.19,61.22734394,2026-06-01 20:45:00+00:00
1780347600000,2003.01,2005.99,1992.57,1996.95,160.94969346,2026-06-01 21:00:00+00:00
1780348500000,1996.96,1997.48,1990.49,1992.17,107.52429699,2026-06-01 21:15:00+00:00
1780349400000,1992.42,1993.1,1990.05,1991.07,242.39135491,2026-06-01 21:30:00+00:00
1780350300000,1990.63,1996.24,1990.42,1991.63,198.37666153,2026-06-01 21:45:00+00:00
1780351200000,1991.71,1991.71,1981.69,1988.04,189.88745644,2026-06-01 22:00:00+00:00
1780352100000,1987.63,2000.0,1986.85,1997.04,202.10713187,2026-06-01 22:15:00+00:00
1780353000000,1997.24,1998.35,1989.57,1992.41,86.41872416,2026-06-01 22:30:00+00:00
1780353900000,1993.02,2002.83,1993.01,2001.67,41.77017045,2026-06-01 22:45:00+00:00
1780354800000,2001.53,2003.51,1998.53,1999.73,61.07165087,2026-06-01 23:00:00+00:00
1780355700000,1999.71,2004.92,1995.91,1995.91,64.80610845,2026-06-01 23:15:00+00:00
1780356600000,1995.98,2004.85,1995.6,2002.28,61.3919598,2026-06-01 23:30:00+00:00
1780357500000,2002.29,2004.96,2001.02,2003.99,38.03239466,2026-06-01 23:45:00+00:00
1780358400000,2003.94,2004.1,2000.66,2000.8,70.84731337,2026-06-02 00:00:00+00:00
1780359300000,2000.99,2001.98,1995.86,1997.16,540.46709464,2026-06-02 00:15:00+00:00
1780360200000,1998.03,1999.54,1993.02,1994.99,164.3999986,2026-06-02 00:30:00+00:00
1780361100000,1995.21,1997.22,1993.58,1993.94,22.40865622,2026-06-02 00:45:00+00:00
1780362000000,1993.98,1995.5,1990.12,1995.48,63.11659621,2026-06-02 01:00:00+00:00
1780362900000,1995.72,1996.32,1989.27,1989.27,109.9524644,2026-06-02 01:15:00+00:00
1780363800000,1989.37,1990.85,1980.0,1984.38,212.84385528,2026-06-02 01:30:00+00:00
1780364700000,1983.73,1983.73,1976.61,1977.38,58.84366163,2026-06-02 01:45:00+00:00
1780365600000,1977.4,1978.66,1959.96,1968.99,743.75286297,2026-06-02 02:00:00+00:00
1780366500000,1969.86,1987.0,1965.86,1985.78,261.80833671,2026-06-02 02:15:00+00:00
1780367400000,1986.08,1990.99,1982.15,1982.86,145.47498483,2026-06-02 02:30:00+00:00
1780368300000,1982.86,1992.79,1982.02,1992.79,105.13475581,2026-06-02 02:45:00+00:00
1780369200000,1993.74,1999.37,1992.26,1995.69,80.69049085,2026-06-02 03:00:00+00:00
1780370100000,1995.69,1998.99,1993.58,1997.78,74.18039462,2026-06-02 03:15:00+00:00
1780371000000,1997.78,2002.15,1996.57,2000.98,70.43734584,2026-06-02 03:30:00+00:00
1780371900000,2000.99,2001.88,1999.03,2001.07,28.29308315,2026-06-02 03:45:00+00:00
1780372800000,2000.98,2002.78,1993.95,1995.78,43.87754683,2026-06-02 04:00:00+00:00
1780373700000,1995.24,2003.33,1995.24,2001.71,91.03563309,2026-06-02 04:15:00+00:00
1780374600000,2001.41,2001.92,1997.99,1998.99,71.4304568,2026-06-02 04:30:00+00:00
1780375500000,1998.99,1998.99,1993.19,1993.95,31.75205595,2026-06-02 04:45:00+00:00
1780376400000,1993.94,1997.72,1987.0,1997.47,96.78021109,2026-06-02 05:00:00+00:00
1780377300000,1996.98,1996.98,1988.36,1989.15,25.46378327,2026-06-02 05:15:00+00:00
1780378200000,1988.95,1992.64,1984.11,1988.11,109.27837491,2026-06-02 05:30:00+00:00
1780379100000,1988.42,1988.43,1981.9,1981.95,98.12361829,2026-06-02 05:45:00+00:00
1780380000000,1982.01,1985.13,1977.65,1979.44,84.34191508,2026-06-02 06:00:00+00:00
1780380900000,1979.37,1982.26,1977.01,1982.06,35.05019774,2026-06-02 06:15:00+00:00
1780381800000,1982.34,1985.96,1981.29,1981.29,91.53007447,2026-06-02 06:30:00+00:00
1780382700000,1981.59,1984.58,1975.45,1979.5,227.52162948,2026-06-02 06:45:00+00:00
1780383600000,1979.69,1981.05,1971.54,1978.58,508.33559815,2026-06-02 07:00:00+00:00
1780384500000,1978.58,1986.98,1974.24,1975.3,65.90507125,2026-06-02 07:15:00+00:00
1780385400000,1976.0,1985.98,1976.0,1983.47,42.30745492,2026-06-02 07:30:00+00:00
1780386300000,1983.46,1983.46,1979.09,1979.11,13.55152058,2026-06-02 07:45:00+00:00
1780387200000,1979.13,1980.77,1976.33,1980.77,41.37692332,2026-06-02 08:00:00+00:00
1780388100000,1981.07,1985.81,1977.31,1982.62,51.84552432,2026-06-02 08:15:00+00:00
1780389000000,1982.92,1985.33,1978.18,1978.94,24.08930455,2026-06-02 08:30:00+00:00
1780389900000,1978.3,1979.44,1972.0,1975.9,1019.85097929,2026-06-02 08:45:00+00:00
1780390800000,1976.05,1976.46,1968.43,1969.83,76.05780352,2026-06-02 09:00:00+00:00
1780391700000,1969.76,1970.02,1964.04,1966.33,280.62975055,2026-06-02 09:15:00+00:00
1780392600000,1966.33,1972.97,1965.37,1969.37,196.32575802,2026-06-02 09:30:00+00:00
1780393500000,1969.68,1973.26,1967.04,1972.06,141.65355043,2026-06-02 09:45:00+00:00
1780394400000,1972.12,1977.16,1968.53,1974.79,96.94313589,2026-06-02 10:00:00+00:00
1780395300000,1974.92,1977.27,1973.37,1976.6,23.92926511,2026-06-02 10:15:00+00:00
1780396200000,1976.63,1977.27,1972.49,1973.18,39.55926895,2026-06-02 10:30:00+00:00
1780397100000,1973.19,1980.72,1973.19,1980.62,71.44730947,2026-06-02 10:45:00+00:00
1780398000000,1980.41,1980.5,1976.68,1977.99,162.91848724,2026-06-02 11:00:00+00:00
1780398900000,1977.99,1977.99,1974.42,1974.69,36.4523632,2026-06-02 11:15:00+00:00
1780399800000,1974.7,1977.05,1973.11,1976.14,148.14152272,2026-06-02 11:30:00+00:00
1780400700000,1975.77,1979.06,1975.76,1976.0,136.23560969,2026-06-02 11:45:00+00:00
1780401600000,1975.79,1979.02,1972.49,1975.1,219.6830083,2026-06-02 12:00:00+00:00
1780402500000,1974.9,1980.0,1971.89,1976.79,332.13935044,2026-06-02 12:15:00+00:00
1780403400000,1976.79,1977.25,1970.0,1976.1,115.0065099,2026-06-02 12:30:00+00:00
1780404300000,1976.1,1976.84,1972.71,1973.77,110.36336414,2026-06-02 12:45:00+00:00
1780405200000,1973.54,1976.77,1970.43,1970.52,206.38325545,2026-06-02 13:00:00+00:00
1780406100000,1971.02,1977.73,1971.02,1976.67,53.91864085,2026-06-02 13:15:00+00:00
1780407000000,1976.68,1978.78,1967.84,1973.68,459.59116088,2026-06-02 13:30:00+00:00
1780407900000,1973.82,1976.14,1968.97,1971.36,79.01369227,2026-06-02 13:45:00+00:00
1780408800000,1971.54,1971.54,1956.74,1965.08,572.56988498,2026-06-02 14:00:00+00:00
1780409700000,1964.64,1964.71,1923.0,1933.95,1260.23669714,2026-06-02 14:15:00+00:00
1780410600000,1933.41,1944.11,1928.72,1931.85,1480.75923549,2026-06-02 14:30:00+00:00
1780411500000,1932.5,1941.92,1932.07,1938.08,289.13806021,2026-06-02 14:45:00+00:00
1780412400000,1938.02,1938.1,1928.3,1931.19,420.74150717,2026-06-02 15:00:00+00:00
1780413300000,1931.19,1931.19,1905.0,1909.35,2088.28390561,2026-06-02 15:15:00+00:00
1780414200000,1909.43,1909.66,1888.0,1906.07,2274.68391425,2026-06-02 15:30:00+00:00
1780415100000,1906.06,1916.9,1903.67,1912.19,596.62529034,2026-06-02 15:45:00+00:00
1780416000000,1911.85,1930.95,1906.78,1929.82,1707.46169583,2026-06-02 16:00:00+00:00
1780416900000,1930.18,1940.0,1925.42,1928.33,727.79989278,2026-06-02 16:15:00+00:00
1780417800000,1928.22,1928.6,1920.11,1921.71,2626.18307166,2026-06-02 16:30:00+00:00
1780418700000,1921.7,1927.09,1916.45,1917.29,224.20370836,2026-06-02 16:45:00+00:00
1780419600000,1917.47,1924.35,1916.37,1922.12,1282.76941823,2026-06-02 17:00:00+00:00
1780420500000,1922.05,1927.92,1919.98,1925.14,428.34409828,2026-06-02 17:15:00+00:00
1780421400000,1924.92,1928.02,1920.06,1920.86,1910.02082595,2026-06-02 17:30:00+00:00
1780422300000,1920.87,1921.92,1917.96,1921.14,100.9126021,2026-06-02 17:45:00+00:00
1780423200000,1921.2,1924.66,1920.0,1920.0,153.59964126,2026-06-02 18:00:00+00:00
1780424100000,1920.01,1920.91,1910.0,1910.61,318.43057805,2026-06-02 18:15:00+00:00
1780425000000,1910.76,1911.98,1906.7,1909.12,1014.14625492,2026-06-02 18:30:00+00:00
1780425900000,1909.13,1910.7,1901.62,1910.19,535.45150403,2026-06-02 18:45:00+00:00
1780426800000,1910.2,1913.49,1908.13,1911.99,69.29501494,2026-06-02 19:00:00+00:00
1780427700000,1911.99,1912.5,1900.89,1901.87,493.80657059,2026-06-02 19:15:00+00:00
1780428600000,1901.55,1902.93,1879.61,1899.38,1816.14200018,2026-06-02 19:30:00+00:00
1780429500000,1899.61,1914.25,1897.35,1909.6,208.78461886,2026-06-02 19:45:00+00:00
1780430400000,1909.33,1915.55,1904.2,1911.0,192.56039113,2026-06-02 20:00:00+00:00
1780431300000,1911.21,1911.21,1893.0,1893.88,419.50798088,2026-06-02 20:15:00+00:00
1780432200000,1893.82,1902.05,1893.45,1898.25,418.11713783,2026-06-02 20:30:00+00:00
1780433100000,1898.24,1907.91,1897.0,1904.15,464.17434658,2026-06-02 20:45:00+00:00
1780434000000,1904.14,1908.03,1897.66,1899.18,121.86167073,2026-06-02 21:00:00+00:00
1780434900000,1899.19,1908.29,1899.19,1906.28,107.06909038,2026-06-02 21:15:00+00:00
1780435800000,1906.4,1907.06,1901.57,1902.19,179.22997601,2026-06-02 21:30:00+00:00
1780436700000,1902.19,1902.53,1894.86,1897.83,112.4097047,2026-06-02 21:45:00+00:00
1780437600000,1897.78,1898.6,1886.05,1886.33,321.11866818,2026-06-02 22:00:00+00:00
1780438500000,1886.58,1906.58,1871.21,1898.91,949.69596881,2026-06-02 22:15:00+00:00
1780439400000,1898.5,1899.02,1886.47,1889.77,254.5573223,2026-06-02 22:30:00+00:00
1780440300000,1889.46,1889.46,1859.89,1865.08,1136.21674365,2026-06-02 22:45:00+00:00
1780441200000,1866.25,1870.23,1854.27,1869.04,798.53508959,2026-06-02 23:00:00+00:00
1780442100000,1869.85,1870.69,1836.76,1845.23,1482.03171734,2026-06-02 23:15:00+00:00
1780443000000,1846.0,1854.39,1837.92,1853.26,426.37100063,2026-06-02 23:30:00+00:00
1780443900000,1853.57,1860.0,1851.43,1857.22,176.96950319,2026-06-02 23:45:00+00:00
1780444800000,1857.22,1865.97,1852.55,1865.65,586.98719079,2026-06-03 00:00:00+00:00
1780445700000,1865.38,1871.64,1861.12,1861.15,416.36328586,2026-06-03 00:15:00+00:00
1780446600000,1861.16,1869.91,1858.31,1867.62,116.1285628,2026-06-03 00:30:00+00:00
1780447500000,1867.6,1869.51,1865.0,1865.0,637.84295607,2026-06-03 00:45:00+00:00
1780448400000,1865.01,1865.01,1853.45,1856.7,391.71804086,2026-06-03 01:00:00+00:00
1780449300000,1856.7,1866.47,1856.33,1865.42,202.85183202,2026-06-03 01:15:00+00:00
1780450200000,1865.67,1867.24,1847.76,1848.66,211.25731353,2026-06-03 01:30:00+00:00
1780451100000,1849.83,1865.11,1849.68,1862.2,87.15649983,2026-06-03 01:45:00+00:00
1780452000000,1862.21,1862.21,1855.0,1858.01,73.24972949,2026-06-03 02:00:00+00:00
1780452900000,1857.53,1860.17,1850.47,1851.64,160.5951225,2026-06-03 02:15:00+00:00
1780453800000,1851.26,1857.04,1850.24,1853.0,93.70702577,2026-06-03 02:30:00+00:00
1780454700000,1853.0,1853.97,1849.06,1851.74,101.41267012,2026-06-03 02:45:00+00:00
1780455600000,1851.7,1853.99,1845.0,1849.88,2517.18579738,2026-06-03 03:00:00+00:00
1780456500000,1850.25,1852.82,1840.0,1841.31,491.71781736,2026-06-03 03:15:00+00:00
1780457400000,1841.55,1845.77,1822.02,1822.43,458.60149971,2026-06-03 03:30:00+00:00
1780458300000,1822.32,1832.74,1815.19,1825.5,281.9725574,2026-06-03 03:45:00+00:00
1780459200000,1825.65,1844.17,1825.64,1837.71,169.96668816,2026-06-03 04:00:00+00:00
1780460100000,1837.87,1845.55,1836.04,1843.24,103.33154157,2026-06-03 04:15:00+00:00
1780461000000,1842.56,1842.68,1836.87,1842.2,107.54094254,2026-06-03 04:30:00+00:00
1780461900000,1842.14,1849.05,1838.31,1848.23,78.65416086,2026-06-03 04:45:00+00:00
1780462800000,1848.55,1870.64,1847.51,1866.25,620.27931898,2026-06-03 05:00:00+00:00
1780463700000,1866.02,1871.47,1863.4,1867.34,357.5012683,2026-06-03 05:15:00+00:00
1780464600000,1867.39,1867.39,1856.54,1862.94,900.91108806,2026-06-03 05:30:00+00:00
1780465500000,1862.77,1873.29,1862.17,1870.95,204.99428478,2026-06-03 05:45:00+00:00
1780466400000,1870.93,1873.05,1868.81,1871.9,133.79145902,2026-06-03 06:00:00+00:00
1780467300000,1871.93,1872.58,1869.41,1869.72,158.6798145,2026-06-03 06:15:00+00:00
1780468200000,1869.52,1881.29,1868.79,1878.18,582.76322029,2026-06-03 06:30:00+00:00
1780469100000,1878.19,1879.29,1867.91,1869.56,1922.97891536,2026-06-03 06:45:00+00:00
1780470000000,1869.22,1873.99,1865.82,1871.32,357.226744,2026-06-03 07:00:00+00:00
1780470900000,1870.39,1876.96,1869.74,1874.51,274.27929357,2026-06-03 07:15:00+00:00
1780471800000,1874.49,1877.24,1871.3,1873.72,71.99754549,2026-06-03 07:30:00+00:00
1780472700000,1874.34,1877.5,1874.01,1875.94,105.27399103,2026-06-03 07:45:00+00:00
1780473600000,1875.91,1877.17,1872.37,1872.37,83.13701108,2026-06-03 08:00:00+00:00
1780474500000,1872.47,1873.99,1871.09,1872.75,53.80496144,2026-06-03 08:15:00+00:00
1780475400000,1872.81,1878.68,1872.43,1877.6,109.88102422,2026-06-03 08:30:00+00:00
1780476300000,1877.6,1880.74,1875.52,1877.56,129.60214439,2026-06-03 08:45:00+00:00
1780477200000,1877.54,1880.46,1876.37,1876.37,97.1835262,2026-06-03 09:00:00+00:00
1780478100000,1876.38,1877.44,1874.72,1874.83,84.07465506,2026-06-03 09:15:00+00:00
1780479000000,1874.23,1874.57,1869.76,1869.76,156.87305917,2026-06-03 09:30:00+00:00
1780479900000,1869.88,1884.83,1867.57,1873.66,291.22265297,2026-06-03 09:45:00+00:00
1780480800000,1873.65,1889.46,1872.29,1882.68,221.19356884,2026-06-03 10:00:00+00:00
1780481700000,1882.68,1883.9,1880.0,1883.1,71.74173689,2026-06-03 10:15:00+00:00
1780482600000,1883.28,1885.45,1880.14,1880.99,51.48009846,2026-06-03 10:30:00+00:00
1780483500000,1880.79,1882.53,1879.74,1882.19,28.91699842,2026-06-03 10:45:00+00:00
1780484400000,1882.25,1884.66,1880.73,1884.66,65.91004751,2026-06-03 11:00:00+00:00
1780485300000,1884.68,1885.34,1882.19,1884.21,66.44225284,2026-06-03 11:15:00+00:00
1780486200000,1884.25,1884.25,1877.18,1878.77,137.78019834,2026-06-03 11:30:00+00:00
1780487100000,1878.76,1878.76,1873.89,1875.55,106.04413253,2026-06-03 11:45:00+00:00
1780488000000,1875.55,1876.71,1870.27,1871.77,137.94957895,2026-06-03 12:00:00+00:00
1780488900000,1871.98,1871.98,1865.84,1871.0,109.78433511,2026-06-03 12:15:00+00:00
1780489800000,1871.04,1877.13,1865.69,1870.14,54.47669742,2026-06-03 12:30:00+00:00
1780490700000,1869.97,1877.31,1869.53,1873.72,60.52309324,2026-06-03 12:45:00+00:00
1780491600000,1874.19,1877.13,1867.39,1871.68,372.40542018,2026-06-03 13:00:00+00:00
1780492500000,1871.68,1875.46,1865.97,1865.97,112.51129772,2026-06-03 13:15:00+00:00
1780493400000,1865.52,1874.33,1861.25,1862.17,139.2758784,2026-06-03 13:30:00+00:00
1780494300000,1862.29,1869.21,1858.93,1864.59,1076.09091173,2026-06-03 13:45:00+00:00
1780495200000,1864.69,1865.63,1859.15,1862.71,390.55981518,2026-06-03 14:00:00+00:00
1780496100000,1862.99,1863.27,1852.0,1855.11,476.58851788,2026-06-03 14:15:00+00:00
1780497000000,1855.3,1859.0,1850.44,1851.22,243.49424121,2026-06-03 14:30:00+00:00
1780497900000,1851.2,1856.34,1850.44,1855.8,37.21629506,2026-06-03 14:45:00+00:00
1780498800000,1855.86,1856.86,1845.11,1848.54,245.74248193,2026-06-03 15:00:00+00:00
1780499700000,1848.59,1853.91,1842.22,1850.95,171.40847834,2026-06-03 15:15:00+00:00
1780500600000,1850.79,1853.0,1840.38,1842.98,240.61673586,2026-06-03 15:30:00+00:00
1780501500000,1842.09,1843.73,1833.76,1834.22,479.33997578,2026-06-03 15:45:00+00:00
1780502400000,1834.59,1841.65,1829.0,1833.92,745.70023575,2026-06-03 16:00:00+00:00
1780503300000,1833.92,1835.94,1808.7,1816.65,499.2701038,2026-06-03 16:15:00+00:00
1780504200000,1816.71,1826.56,1814.86,1826.47,567.21821797,2026-06-03 16:30:00+00:00
1780505100000,1826.5,1830.61,1823.7,1830.15,336.57921041,2026-06-03 16:45:00+00:00
1780506000000,1830.19,1830.94,1816.38,1818.04,277.88490281,2026-06-03 17:00:00+00:00
1780506900000,1818.02,1827.98,1817.98,1826.85,112.55816211,2026-06-03 17:15:00+00:00
1780507800000,1826.97,1836.77,1824.25,1833.71,167.33135409,2026-06-03 17:30:00+00:00
1780508700000,1833.57,1833.69,1821.59,1825.69,162.40889095,2026-06-03 17:45:00+00:00
1780509600000,1825.69,1830.34,1823.24,1827.27,119.21893846,2026-06-03 18:00:00+00:00
1780510500000,1827.26,1827.26,1819.31,1823.07,213.90034622,2026-06-03 18:15:00+00:00
1780511400000,1823.25,1830.14,1820.57,1828.01,133.9196739,2026-06-03 18:30:00+00:00
1780512300000,1828.18,1831.97,1828.01,1829.99,57.41415209,2026-06-03 18:45:00+00:00
1780513200000,1829.99,1830.97,1823.85,1825.38,82.96388089,2026-06-03 19:00:00+00:00
1780514100000,1825.38,1825.89,1811.89,1813.46,312.39716345,2026-06-03 19:15:00+00:00
1780515000000,1813.46,1820.36,1811.0,1817.63,111.98047109,2026-06-03 19:30:00+00:00
1780515900000,1817.56,1820.45,1794.23,1800.99,1231.10615112,2026-06-03 19:45:00+00:00
1780516800000,1800.81,1810.45,1791.0,1809.2,212.53607605,2026-06-03 20:00:00+00:00
1780517700000,1809.0,1809.0,1794.77,1808.0,443.77678314,2026-06-03 20:15:00+00:00
1780518600000,1807.83,1807.83,1791.01,1791.14,523.97129719,2026-06-03 20:30:00+00:00
1780519500000,1791.58,1793.41,1767.33,1779.27,1463.80672482,2026-06-03 20:45:00+00:00
1780520400000,1779.12,1800.85,1775.76,1795.49,414.11979201,2026-06-03 21:00:00+00:00
1780521300000,1795.41,1801.42,1795.41,1799.65,367.19969639,2026-06-03 21:15:00+00:00
1780522200000,1799.64,1836.45,1798.43,1826.48,1899.04605497,2026-06-03 21:30:00+00:00
1780523100000,1826.2,1847.2,1822.63,1847.0,1767.53546192,2026-06-03 21:45:00+00:00
1780524000000,1847.39,1848.75,1834.38,1836.0,1009.9756852,2026-06-03 22:00:00+00:00
1780524900000,1835.94,1835.94,1824.72,1827.49,352.40165694,2026-06-03 22:15:00+00:00
1780525800000,1827.02,1832.84,1820.85,1828.3,228.96773678,2026-06-03 22:30:00+00:00
1780526700000,1827.77,1828.93,1821.15,1825.69,97.88122451,2026-06-03 22:45:00+00:00
1780527600000,1825.99,1827.95,1815.0,1820.94,251.50338522,2026-06-03 23:00:00+00:00
1780528500000,1819.51,1822.83,1814.19,1819.52,54.27070055,2026-06-03 23:15:00+00:00
1780529400000,1819.99,1822.99,1811.88,1813.76,119.45332481,2026-06-03 23:30:00+00:00
1780530300000,1814.14,1817.74,1810.26,1810.58,49.9379048,2026-06-03 23:45:00+00:00
1780531200000,1810.52,1818.41,1807.84,1814.41,200.13419807,2026-06-04 00:00:00+00:00
1780532100000,1814.66,1817.15,1783.2,1783.2,879.54797255,2026-06-04 00:15:00+00:00
1780533000000,1782.23,1801.66,1780.18,1798.35,776.96546007,2026-06-04 00:30:00+00:00
1780533900000,1795.17,1795.48,1782.87,1791.16,324.34417519,2026-06-04 00:45:00+00:00
1780534800000,1791.44,1798.08,1782.92,1784.12,435.04653447,2026-06-04 01:00:00+00:00
1780535700000,1784.27,1784.64,1763.25,1771.56,567.10224764,2026-06-04 01:15:00+00:00
1780536600000,1771.03,1785.78,1771.03,1779.81,458.55899502,2026-06-04 01:30:00+00:00
1780537500000,1779.26,1780.12,1753.0,1756.89,981.78501873,2026-06-04 01:45:00+00:00
1780538400000,1757.97,1759.76,1716.0,1743.45,2930.58450138,2026-06-04 02:00:00+00:00
1780539300000,1743.97,1770.29,1734.55,1765.07,771.02242123,2026-06-04 02:15:00+00:00
1780540200000,1764.95,1774.83,1761.86,1772.04,787.51423878,2026-06-04 02:30:00+00:00
1780541100000,1772.04,1776.29,1763.56,1765.16,571.38702644,2026-06-04 02:45:00+00:00
1780542000000,1766.6,1794.95,1764.89,1791.15,1434.48682933,2026-06-04 03:00:00+00:00
1780542900000,1791.15,1798.49,1790.64,1792.6,149.71356287,2026-06-04 03:15:00+00:00
1780543800000,1792.59,1811.63,1792.59,1806.28,381.44882175,2026-06-04 03:30:00+00:00
1780544700000,1806.24,1810.01,1804.13,1807.03,573.01983216,2026-06-04 03:45:00+00:00
1780545600000,1806.99,1815.01,1805.8,1811.88,210.6271093,2026-06-04 04:00:00+00:00
1780546500000,1811.88,1815.94,1807.14,1809.15,75.18495538,2026-06-04 04:15:00+00:00
1780547400000,1808.65,1810.46,1801.68,1804.9,109.56379028,2026-06-04 04:30:00+00:00
1780548300000,1805.13,1805.98,1801.01,1803.04,136.57970618,2026-06-04 04:45:00+00:00
1780549200000,1803.3,1803.3,1781.87,1790.69,212.93186124,2026-06-04 05:00:00+00:00
1780550100000,1790.71,1793.18,1781.97,1783.29,285.54329625,2026-06-04 05:15:00+00:00
1780551000000,1782.66,1792.77,1779.23,1791.69,120.41196727,2026-06-04 05:30:00+00:00
1780551900000,1791.82,1791.95,1779.66,1782.28,232.79853245,2026-06-04 05:45:00+00:00
1780552800000,1782.3,1788.71,1780.18,1788.39,66.81721004,2026-06-04 06:00:00+00:00
1780553700000,1788.34,1800.0,1786.92,1795.63,155.8700922,2026-06-04 06:15:00+00:00
1780554600000,1795.62,1799.21,1789.66,1796.28,150.31073636,2026-06-04 06:30:00+00:00
1780555500000,1796.28,1796.28,1785.6,1788.1,217.39682112,2026-06-04 06:45:00+00:00
1780556400000,1787.98,1788.35,1776.55,1780.67,123.87086408,2026-06-04 07:00:00+00:00
1780557300000,1782.86,1782.86,1771.45,1775.91,126.38673559,2026-06-04 07:15:00+00:00
1780558200000,1776.1,1784.68,1775.61,1782.75,565.58764088,2026-06-04 07:30:00+00:00
1780559100000,1782.72,1782.73,1775.13,1775.87,23.66715353,2026-06-04 07:45:00+00:00
1780560000000,1775.62,1780.87,1765.99,1766.58,82.90526214,2026-06-04 08:00:00+00:00
1780560900000,1765.9,1771.4,1762.57,1769.45,240.19843894,2026-06-04 08:15:00+00:00
1780561800000,1769.92,1776.76,1765.18,1766.58,103.84725071,2026-06-04 08:30:00+00:00
1780562700000,1766.84,1774.44,1766.83,1771.31,77.26025662,2026-06-04 08:45:00+00:00
1780563600000,1771.32,1771.32,1755.92,1759.09,259.83368271,2026-06-04 09:00:00+00:00
1780564500000,1758.76,1759.57,1745.17,1747.12,1772.90754522,2026-06-04 09:15:00+00:00
1780565400000,1746.92,1751.48,1742.77,1749.97,2678.12115605,2026-06-04 09:30:00+00:00
1780566300000,1750.47,1763.93,1750.47,1763.93,212.03146853,2026-06-04 09:45:00+00:00
1780567200000,1763.99,1764.42,1751.41,1753.59,197.19550463,2026-06-04 10:00:00+00:00
1780568100000,1753.54,1758.57,1750.27,1753.21,111.66029659,2026-06-04 10:15:00+00:00
1780569000000,1753.02,1760.8,1750.86,1751.32,280.02167194,2026-06-04 10:30:00+00:00
1780569900000,1751.45,1751.58,1728.2,1734.41,848.91876799,2026-06-04 10:45:00+00:00
1780570800000,1734.97,1742.57,1730.53,1734.4,940.74326265,2026-06-04 11:00:00+00:00
1780571700000,1734.55,1749.45,1733.53,1746.28,244.14432154,2026-06-04 11:15:00+00:00
1780572600000,1746.07,1752.4,1736.98,1739.75,221.831456,2026-06-04 11:30:00+00:00
1780573500000,1739.6,1749.52,1739.6,1749.51,98.89235979,2026-06-04 11:45:00+00:00
1780574400000,1749.41,1754.93,1742.51,1745.32,166.71755882,2026-06-04 12:00:00+00:00
1780575300000,1745.4,1767.26,1745.18,1765.38,351.35988535,2026-06-04 12:15:00+00:00
1780576200000,1765.5,1780.73,1763.86,1773.22,150.40026891,2026-06-04 12:30:00+00:00
1780577100000,1773.17,1781.4,1770.01,1776.4,165.1924282,2026-06-04 12:45:00+00:00
1780578000000,1776.21,1777.99,1771.37,1771.37,182.78187957,2026-06-04 13:00:00+00:00
1780578900000,1771.35,1772.99,1754.16,1760.74,159.02187911,2026-06-04 13:15:00+00:00
1780579800000,1761.46,1788.27,1760.73,1776.35,451.92679105,2026-06-04 13:30:00+00:00
1780580700000,1777.17,1784.19,1773.49,1783.85,199.56376063,2026-06-04 13:45:00+00:00
1780581600000,1783.85,1791.93,1776.58,1787.78,222.33456426,2026-06-04 14:00:00+00:00
1780582500000,1788.11,1789.63,1778.33,1780.18,115.55855776,2026-06-04 14:15:00+00:00
1780583400000,1780.18,1780.18,1768.96,1770.01,285.01050611,2026-06-04 14:30:00+00:00
1780584300000,1770.6,1773.19,1765.11,1772.48,246.26207963,2026-06-04 14:45:00+00:00
1780585200000,1772.78,1789.41,1769.69,1786.99,196.17860257,2026-06-04 15:00:00+00:00
1780586100000,1786.98,1787.99,1772.16,1777.24,281.75454202,2026-06-04 15:15:00+00:00
1780587000000,1776.99,1778.52,1772.35,1773.37,161.55104131,2026-06-04 15:30:00+00:00
1780587900000,1773.11,1777.98,1768.68,1775.7,204.44896214,2026-06-04 15:45:00+00:00
1780588800000,1775.02,1776.36,1769.32,1770.51,387.67141974,2026-06-04 16:00:00+00:00
1780589700000,1770.28,1776.18,1767.87,1768.32,74.30058088,2026-06-04 16:15:00+00:00
1780590600000,1768.17,1777.0,1764.26,1775.82,1833.16019395,2026-06-04 16:30:00+00:00
1780591500000,1775.9,1778.67,1767.43,1770.2,49.6150945,2026-06-04 16:45:00+00:00
1780592400000,1770.11,1773.8,1767.0,1770.55,132.30273563,2026-06-04 17:00:00+00:00
1780593300000,1770.41,1770.41,1760.57,1762.35,204.85795444,2026-06-04 17:15:00+00:00
1780594200000,1762.35,1763.82,1752.33,1755.92,197.64327763,2026-06-04 17:30:00+00:00
1780595100000,1755.99,1772.85,1753.12,1765.78,335.61880031,2026-06-04 17:45:00+00:00
1780596000000,1765.7,1767.46,1758.17,1758.22,190.12457795,2026-06-04 18:00:00+00:00
1780596900000,1758.47,1777.03,1758.47,1777.03,404.01318357,2026-06-04 18:15:00+00:00
1780597800000,1777.05,1781.38,1770.75,1772.82,158.37223577,2026-06-04 18:30:00+00:00
1780598700000,1772.79,1778.73,1770.43,1774.01,90.93376001,2026-06-04 18:45:00+00:00
1780599600000,1773.98,1774.69,1768.88,1774.66,57.09162338,2026-06-04 19:00:00+00:00
1780600500000,1775.38,1784.66,1774.13,1783.44,141.27550968,2026-06-04 19:15:00+00:00
1780601400000,1782.72,1783.6,1775.34,1776.37,54.90746048,2026-06-04 19:30:00+00:00
1780602300000,1776.03,1776.89,1771.34,1775.02,210.16911875,2026-06-04 19:45:00+00:00
1780603200000,1774.08,1775.24,1762.35,1770.01,175.14360228,2026-06-04 20:00:00+00:00
1780604100000,1770.46,1772.9,1765.3,1767.9,124.46421444,2026-06-04 20:15:00+00:00
1780605000000,1767.99,1772.78,1767.63,1770.99,36.78450347,2026-06-04 20:30:00+00:00
1780605900000,1770.39,1772.97,1767.09,1772.48,173.41855199,2026-06-04 20:45:00+00:00
1780606800000,1772.88,1780.96,1771.26,1776.2,177.75225424,2026-06-04 21:00:00+00:00
1780607700000,1776.31,1776.61,1767.0,1768.22,132.21403684,2026-06-04 21:15:00+00:00
1780608600000,1768.22,1768.6,1756.0,1766.34,185.42080886,2026-06-04 21:30:00+00:00
1780609500000,1766.34,1767.79,1759.35,1759.95,167.90575296,2026-06-04 21:45:00+00:00
1780610400000,1759.55,1766.95,1752.38,1755.59,179.40445051,2026-06-04 22:00:00+00:00
1780611300000,1754.99,1760.88,1754.99,1758.19,82.79738586,2026-06-04 22:15:00+00:00
1780612200000,1757.65,1761.27,1751.27,1758.56,87.04900712,2026-06-04 22:30:00+00:00
1780613100000,1758.39,1768.0,1755.16,1767.1,130.07495214,2026-06-04 22:45:00+00:00
1780614000000,1766.63,1774.4,1765.8,1768.42,108.16422742,2026-06-04 23:00:00+00:00
1780614900000,1767.74,1768.08,1755.63,1758.78,131.81107905,2026-06-04 23:15:00+00:00
1780615800000,1759.29,1768.07,1758.58,1767.98,37.61997871,2026-06-04 23:30:00+00:00
1780616700000,1767.99,1770.31,1765.13,1768.9,133.33474366,2026-06-04 23:45:00+00:00
1780617600000,1768.61,1768.61,1761.87,1762.23,49.2650274,2026-06-05 00:00:00+00:00
1780618500000,1762.28,1770.71,1758.83,1770.71,62.47975957,2026-06-05 00:15:00+00:00
1780619400000,1770.26,1772.18,1766.04,1766.92,68.0050878,2026-06-05 00:30:00+00:00
1780620300000,1766.77,1769.7,1756.62,1757.45,75.44911255,2026-06-05 00:45:00+00:00
1780621200000,1757.79,1757.79,1745.2,1753.99,160.49149652,2026-06-05 01:00:00+00:00
1780622100000,1753.65,1756.99,1746.9,1753.1,123.08435653,2026-06-05 01:15:00+00:00
1780623000000,1753.89,1761.69,1750.28,1755.04,90.53969219,2026-06-05 01:30:00+00:00
1780623900000,1754.38,1755.14,1750.0,1751.54,45.59246244,2026-06-05 01:45:00+00:00
1780624800000,1751.54,1752.72,1741.83,1745.64,77.88062696,2026-06-05 02:00:00+00:00
1780625700000,1745.24,1748.74,1735.04,1735.04,729.80715088,2026-06-05 02:15:00+00:00
1780626600000,1735.0,1740.0,1726.07,1734.12,203.10869432,2026-06-05 02:30:00+00:00
1780627500000,1734.08,1738.38,1728.34,1728.34,183.43033326,2026-06-05 02:45:00+00:00
1780628400000,1728.67,1729.87,1720.75,1722.59,365.66653578,2026-06-05 03:00:00+00:00
1780629300000,1722.9,1737.02,1722.59,1728.59,130.33346233,2026-06-05 03:15:00+00:00
1780630200000,1728.93,1737.89,1727.27,1729.95,195.56951681,2026-06-05 03:30:00+00:00
1780631100000,1729.92,1733.98,1725.95,1727.43,110.22686637,2026-06-05 03:45:00+00:00
1780632000000,1727.99,1732.82,1717.03,1724.85,314.50608331,2026-06-05 04:00:00+00:00
1780632900000,1725.15,1734.32,1717.01,1734.32,239.58358675,2026-06-05 04:15:00+00:00
1780633800000,1733.43,1734.05,1726.93,1728.23,80.75769046,2026-06-05 04:30:00+00:00
1780634700000,1728.03,1744.0,1723.36,1742.45,177.38685318,2026-06-05 04:45:00+00:00
1780635600000,1742.77,1745.2,1730.0,1731.19,121.19542492,2026-06-05 05:00:00+00:00
1780636500000,1730.87,1735.63,1725.0,1732.87,100.31306178,2026-06-05 05:15:00+00:00
1780637400000,1732.6,1733.51,1695.82,1698.13,1311.43727617,2026-06-05 05:30:00+00:00
1780638300000,1698.04,1702.18,1680.0,1682.99,873.40512606,2026-06-05 05:45:00+00:00
1780639200000,1682.52,1687.64,1664.61,1670.19,1250.40939305,2026-06-05 06:00:00+00:00
1780640100000,1669.6,1674.79,1623.37,1642.79,2026.30941661,2026-06-05 06:15:00+00:00
1780641000000,1643.85,1668.27,1642.05,1664.15,3734.52895242,2026-06-05 06:30:00+00:00
1780641900000,1663.36,1665.0,1651.99,1654.93,1897.33998957,2026-06-05 06:45:00+00:00
1780642800000,1654.99,1656.38,1632.66,1637.51,1418.69532513,2026-06-05 07:00:00+00:00
1780643700000,1636.99,1661.78,1636.99,1656.15,1004.62265104,2026-06-05 07:15:00+00:00
1780644600000,1655.94,1672.58,1651.91,1672.58,382.89935801,2026-06-05 07:30:00+00:00
1780645500000,1672.64,1678.54,1670.08,1677.74,684.1631029,2026-06-05 07:45:00+00:00
1780646400000,1677.84,1678.56,1665.86,1667.81,583.62482052,2026-06-05 08:00:00+00:00
1780647300000,1667.99,1671.6,1661.74,1670.97,309.04591165,2026-06-05 08:15:00+00:00
1780648200000,1671.84,1674.35,1666.41,1667.06,131.37822761,2026-06-05 08:30:00+00:00
1780649100000,1664.52,1667.99,1659.07,1661.88,165.45361728,2026-06-05 08:45:00+00:00
1780650000000,1662.63,1685.56,1661.56,1684.99,1064.26442441,2026-06-05 09:00:00+00:00
1780650900000,1685.78,1688.09,1675.5,1683.63,861.60040067,2026-06-05 09:15:00+00:00
1780651800000,1683.65,1683.96,1675.75,1677.34,339.56103711,2026-06-05 09:30:00+00:00
1780652700000,1677.53,1684.2,1677.53,1681.97,84.54641574,2026-06-05 09:45:00+00:00
1780653600000,1681.58,1683.92,1671.47,1676.0,200.16505958,2026-06-05 10:00:00+00:00
1780654500000,1675.99,1676.5,1670.9,1676.36,237.20678564,2026-06-05 10:15:00+00:00
1780655400000,1675.66,1680.54,1671.76,1678.75,111.64249833,2026-06-05 10:30:00+00:00
1780656300000,1678.71,1678.71,1671.48,1675.42,58.5491738,2026-06-05 10:45:00+00:00
1780657200000,1675.55,1675.63,1666.85,1669.41,288.29314664,2026-06-05 11:00:00+00:00
1780658100000,1668.9,1680.84,1667.43,1676.32,486.88612359,2026-06-05 11:15:00+00:00
1780659000000,1676.55,1677.27,1666.02,1667.0,191.77633945,2026-06-05 11:30:00+00:00
1780659900000,1666.43,1669.59,1661.63,1662.08,448.53069555,2026-06-05 11:45:00+00:00
1780660800000,1662.09,1668.1,1651.02,1659.16,810.78188271,2026-06-05 12:00:00+00:00
1780661700000,1659.16,1669.74,1659.16,1662.49,89.86115227,2026-06-05 12:15:00+00:00
1780662600000,1662.7,1669.15,1645.05,1655.07,675.32567258,2026-06-05 12:30:00+00:00
1780663500000,1655.83,1657.57,1650.45,1656.01,204.06018816,2026-06-05 12:45:00+00:00
1780664400000,1656.05,1670.26,1655.88,1665.8,503.04703595,2026-06-05 13:00:00+00:00
1780665300000,1665.8,1673.25,1662.85,1664.82,316.85414094,2026-06-05 13:15:00+00:00
1780666200000,1664.68,1675.82,1651.43,1653.89,235.73589545,2026-06-05 13:30:00+00:00
1780667100000,1653.99,1654.99,1612.33,1613.93,1900.62744816,2026-06-05 13:45:00+00:00
1780668000000,1613.93,1623.47,1591.91,1612.29,1657.93083433,2026-06-05 14:00:00+00:00
1780668900000,1614.4,1621.62,1595.71,1602.89,806.92654878,2026-06-05 14:15:00+00:00
1780669800000,1603.04,1621.81,1595.63,1608.0,921.46368083,2026-06-05 14:30:00+00:00
1780670700000,1608.56,1617.46,1594.87,1600.38,696.77400164,2026-06-05 14:45:00+00:00
1780671600000,1600.38,1601.99,1579.01,1582.19,1400.04567667,2026-06-05 15:00:00+00:00
1780672500000,1583.42,1603.68,1579.09,1593.66,851.30812702,2026-06-05 15:15:00+00:00
1780673400000,1592.48,1598.37,1571.49,1583.01,869.85745319,2026-06-05 15:30:00+00:00
1780674300000,1583.59,1587.43,1575.31,1582.93,891.44242152,2026-06-05 15:45:00+00:00
1780675200000,1582.6,1593.92,1547.0,1587.38,1975.38466543,2026-06-05 16:00:00+00:00
1780676100000,1586.12,1608.21,1581.29,1593.05,1834.6753181,2026-06-05 16:15:00+00:00
1780677000000,1592.87,1597.25,1578.59,1582.51,1252.76727785,2026-06-05 16:30:00+00:00
1780677900000,1582.03,1611.25,1582.03,1607.36,931.22694661,2026-06-05 16:45:00+00:00
1780678800000,1607.4,1612.15,1594.21,1597.86,337.28161217,2026-06-05 17:00:00+00:00
1780679700000,1598.33,1599.02,1586.17,1588.75,537.53723764,2026-06-05 17:15:00+00:00
1780680600000,1587.97,1602.58,1587.41,1591.81,505.85468413,2026-06-05 17:30:00+00:00
1780681500000,1591.73,1594.31,1588.25,1593.18,386.01015765,2026-06-05 17:45:00+00:00
1780682400000,1593.24,1597.42,1587.5,1588.46,362.80247118,2026-06-05 18:00:00+00:00
1780683300000,1587.88,1588.99,1562.72,1564.16,831.13317218,2026-06-05 18:15:00+00:00
1780684200000,1564.11,1573.99,1554.47,1563.94,1594.4254366,2026-06-05 18:30:00+00:00
1780685100000,1563.9,1564.34,1545.46,1552.89,1477.65990842,2026-06-05 18:45:00+00:00
1780686000000,1551.84,1559.5,1542.69,1550.83,947.02261827,2026-06-05 19:00:00+00:00
1780686900000,1550.07,1560.19,1539.72,1559.38,3144.94724488,2026-06-05 19:15:00+00:00
1780687800000,1559.53,1560.26,1545.27,1552.54,313.00147124,2026-06-05 19:30:00+00:00
1780688700000,1553.73,1578.54,1553.52,1573.57,420.17290615,2026-06-05 19:45:00+00:00
1780689600000,1573.06,1590.01,1556.56,1582.82,2005.35027694,2026-06-05 20:00:00+00:00
1780690500000,1583.23,1600.26,1580.11,1594.88,3887.71192636,2026-06-05 20:15:00+00:00
1780691400000,1594.36,1602.06,1590.74,1598.61,422.82105424,2026-06-05 20:30:00+00:00
1780692300000,1598.19,1607.78,1595.29,1603.24,758.30315163,2026-06-05 20:45:00+00:00
1780693200000,1603.31,1614.98,1602.35,1612.64,544.73940236,2026-06-05 21:00:00+00:00
1780694100000,1612.68,1615.24,1607.08,1611.24,576.41335611,2026-06-05 21:15:00+00:00
1780695000000,1611.08,1616.22,1605.72,1613.55,803.31853858,2026-06-05 21:30:00+00:00
1780695900000,1613.56,1619.07,1609.17,1609.6,170.81005883,2026-06-05 21:45:00+00:00
1780696800000,1609.3,1609.74,1589.34,1593.53,1567.03855863,2026-06-05 22:00:00+00:00
1780697700000,1594.06,1602.59,1591.72,1594.52,431.42087207,2026-06-05 22:15:00+00:00
1780698600000,1594.39,1605.29,1592.34,1599.27,289.90683012,2026-06-05 22:30:00+00:00
1780699500000,1598.89,1602.0,1592.42,1597.21,260.94673465,2026-06-05 22:45:00+00:00
1780700400000,1597.01,1602.8,1592.04,1592.04,480.0180478,2026-06-05 23:00:00+00:00
1780701300000,1592.04,1592.4,1570.45,1573.82,522.54745393,2026-06-05 23:15:00+00:00
1780702200000,1573.99,1574.64,1560.91,1571.8,277.05957889,2026-06-05 23:30:00+00:00
1780703100000,1571.62,1583.35,1568.01,1583.16,167.46916925,2026-06-05 23:45:00+00:00
1780704000000,1582.96,1600.42,1582.64,1597.95,329.870819,2026-06-06 00:00:00+00:00
1780704900000,1597.98,1599.94,1590.12,1595.76,83.92256966,2026-06-06 00:15:00+00:00
1780705800000,1595.3,1599.33,1592.0,1593.21,309.47523476,2026-06-06 00:30:00+00:00
1780706700000,1592.64,1597.92,1590.84,1592.73,131.24594037,2026-06-06 00:45:00+00:00
1780707600000,1592.73,1596.43,1584.33,1584.71,127.14875046,2026-06-06 01:00:00+00:00
1780708500000,1585.43,1592.63,1578.0,1592.63,116.57843914,2026-06-06 01:15:00+00:00
1780709400000,1592.2,1592.2,1582.05,1584.18,148.10312526,2026-06-06 01:30:00+00:00
1780710300000,1584.18,1587.62,1579.79,1582.76,158.12593386,2026-06-06 01:45:00+00:00
1780711200000,1582.76,1583.0,1575.31,1575.55,136.61815922,2026-06-06 02:00:00+00:00
1780712100000,1575.3,1578.26,1566.36,1573.05,73.87490534,2026-06-06 02:15:00+00:00
1780713000000,1572.6,1580.62,1571.11,1576.87,49.8485353,2026-06-06 02:30:00+00:00
1780713900000,1576.34,1585.52,1574.16,1576.48,80.93146641,2026-06-06 02:45:00+00:00
1780714800000,1575.69,1575.71,1568.35,1569.91,69.59949793,2026-06-06 03:00:00+00:00
1780715700000,1570.28,1571.73,1562.1,1566.03,125.8140285,2026-06-06 03:15:00+00:00
1780716600000,1566.1,1566.11,1555.56,1561.82,195.30511004,2026-06-06 03:30:00+00:00
1780717500000,1561.99,1567.41,1559.05,1563.11,220.81748914,2026-06-06 03:45:00+00:00
1780718400000,1563.02,1568.7,1537.92,1541.21,824.1353526,2026-06-06 04:00:00+00:00
1780719300000,1541.21,1548.25,1529.2,1533.83,878.20381412,2026-06-06 04:15:00+00:00
1780720200000,1533.61,1534.43,1510.5,1519.74,1564.93576644,2026-06-06 04:30:00+00:00
1780721100000,1519.74,1529.21,1514.53,1521.85,586.8266551,2026-06-06 04:45:00+00:00
1780722000000,1522.69,1529.84,1505.75,1517.49,594.56227328,2026-06-06 05:00:00+00:00
1780722900000,1517.23,1564.86,1517.23,1548.91,878.63407294,2026-06-06 05:15:00+00:00
1780723800000,1548.95,1561.7,1548.37,1559.88,276.49948153,2026-06-06 05:30:00+00:00
1780724700000,1559.63,1567.64,1556.81,1566.23,256.93905221,2026-06-06 05:45:00+00:00
1780725600000,1566.04,1576.65,1566.04,1574.96,265.31240253,2026-06-06 06:00:00+00:00
1780726500000,1575.12,1580.61,1570.45,1574.18,140.21324983,2026-06-06 06:15:00+00:00
1780727400000,1574.01,1578.05,1562.83,1562.83,130.93724067,2026-06-06 06:30:00+00:00
1780728300000,1563.05,1565.8,1555.76,1559.19,200.16752572,2026-06-06 06:45:00+00:00
1780729200000,1559.4,1574.65,1555.62,1573.48,207.25311042,2026-06-06 07:00:00+00:00
1780730100000,1573.86,1578.76,1565.38,1566.5,1116.94049656,2026-06-06 07:15:00+00:00
1780731000000,1567.0,1576.47,1566.49,1576.47,1577.58723339,2026-06-06 07:30:00+00:00
1780731900000,1576.29,1577.29,1573.86,1574.27,84.04922959,2026-06-06 07:45:00+00:00
1780732800000,1574.39,1577.99,1569.42,1577.13,253.61316337,2026-06-06 08:00:00+00:00
1780733700000,1577.21,1587.65,1572.92,1586.35,200.29691442,2026-06-06 08:15:00+00:00
1780734600000,1585.47,1592.45,1582.92,1587.38,180.36643102,2026-06-06 08:30:00+00:00
1780735500000,1585.98,1586.99,1581.19,1581.19,85.54813168,2026-06-06 08:45:00+00:00
1780736400000,1581.71,1585.99,1576.97,1580.5,113.20167435,2026-06-06 09:00:00+00:00
1780737300000,1580.5,1586.5,1576.42,1586.26,62.25495598,2026-06-06 09:15:00+00:00
1780738200000,1586.46,1587.88,1577.6,1579.16,38.05155995,2026-06-06 09:30:00+00:00
1780739100000,1578.54,1579.73,1565.65,1569.44,88.65997611,2026-06-06 09:45:00+00:00
1780740000000,1569.93,1569.93,1555.31,1555.76,456.50034449,2026-06-06 10:00:00+00:00
1780740900000,1556.27,1560.71,1551.82,1554.13,139.95875743,2026-06-06 10:15:00+00:00
1780741800000,1553.65,1554.29,1535.98,1543.84,452.17103048,2026-06-06 10:30:00+00:00
1780742700000,1543.54,1548.69,1534.78,1548.29,537.19563172,2026-06-06 10:45:00+00:00
1780743600000,1547.39,1556.45,1546.47,1553.96,106.75877692,2026-06-06 11:00:00+00:00
1780744500000,1553.88,1563.89,1552.72,1563.22,96.06480981,2026-06-06 11:15:00+00:00
1780745400000,1563.36,1565.21,1559.09,1559.98,73.79036296,2026-06-06 11:30:00+00:00
1780746300000,1560.0,1566.2,1555.73,1557.64,36.68890593,2026-06-06 11:45:00+00:00
1780747200000,1557.99,1564.89,1557.98,1562.79,156.72262653,2026-06-06 12:00:00+00:00
1780748100000,1562.96,1563.98,1554.23,1554.49,84.82930432,2026-06-06 12:15:00+00:00
1780749000000,1554.19,1562.56,1551.33,1561.01,324.52795298,2026-06-06 12:30:00+00:00
1780749900000,1561.4,1575.17,1560.15,1570.48,146.9261611,2026-06-06 12:45:00+00:00
1780750800000,1570.45,1572.1,1566.18,1567.53,98.45021698,2026-06-06 13:00:00+00:00
1780751700000,1567.03,1570.39,1560.95,1560.95,51.88916748,2026-06-06 13:15:00+00:00
1780752600000,1561.01,1562.98,1553.53,1562.98,203.04909606,2026-06-06 13:30:00+00:00
1780753500000,1562.98,1566.34,1555.14,1556.16,128.38502032,2026-06-06 13:45:00+00:00
1780754400000,1556.26,1563.28,1555.51,1560.48,77.95066803,2026-06-06 14:00:00+00:00
1780755300000,1560.4,1565.17,1557.47,1559.38,127.66772061,2026-06-06 14:15:00+00:00
1780756200000,1560.07,1564.1,1558.21,1562.82,74.99444401,2026-06-06 14:30:00+00:00
1780757100000,1562.64,1566.02,1556.49,1557.1,160.95244328,2026-06-06 14:45:00+00:00
1780758000000,1557.12,1560.23,1548.44,1551.27,211.37467599,2026-06-06 15:00:00+00:00
1780758900000,1551.16,1557.23,1544.93,1555.02,263.51256589,2026-06-06 15:15:00+00:00
1780759800000,1555.01,1563.47,1552.28,1562.93,123.87378684,2026-06-06 15:30:00+00:00
1780760700000,1562.7,1564.66,1557.84,1559.45,79.54868587,2026-06-06 15:45:00+00:00
1780761600000,1559.51,1564.99,1556.63,1560.07,118.00123228,2026-06-06 16:00:00+00:00
1780762500000,1559.47,1560.94,1554.15,1555.79,184.90419176,2026-06-06 16:15:00+00:00
1780763400000,1555.64,1561.68,1553.09,1561.68,834.84157717,2026-06-06 16:30:00+00:00
1780764300000,1560.76,1564.56,1559.56,1562.08,54.83864153,2026-06-06 16:45:00+00:00
1780765200000,1562.43,1565.52,1557.51,1561.44,50.60174582,2026-06-06 17:00:00+00:00
1780766100000,1561.75,1562.05,1555.98,1557.76,114.13586322,2026-06-06 17:15:00+00:00
1780767000000,1559.03,1563.58,1551.45,1554.99,299.86425713,2026-06-06 17:30:00+00:00
1780767900000,1555.04,1556.68,1546.0,1552.88,241.25697041,2026-06-06 17:45:00+00:00
1780768800000,1552.71,1555.23,1549.25,1551.24,212.58862344,2026-06-06 18:00:00+00:00
1780769700000,1551.01,1565.0,1550.2,1564.27,248.86921281,2026-06-06 18:15:00+00:00
1780770600000,1562.67,1562.76,1555.41,1556.33,103.70263579,2026-06-06 18:30:00+00:00
1780771500000,1556.34,1557.9,1551.95,1555.77,85.77139435,2026-06-06 18:45:00+00:00
1780772400000,1555.77,1562.39,1554.1,1560.01,92.17428052,2026-06-06 19:00:00+00:00
1780773300000,1560.0,1560.0,1555.15,1555.39,90.64744773,2026-06-06 19:15:00+00:00
1780774200000,1555.49,1556.03,1552.86,1554.44,85.83586558,2026-06-06 19:30:00+00:00
1780775100000,1554.45,1557.57,1553.51,1553.85,382.72516313,2026-06-06 19:45:00+00:00
1780776000000,1553.79,1555.52,1550.55,1552.74,87.79964951,2026-06-06 20:00:00+00:00
1780776900000,1552.37,1554.2,1550.31,1551.7,138.05459115,2026-06-06 20:15:00+00:00
1780777800000,1551.92,1558.65,1550.42,1558.01,180.66352365,2026-06-06 20:30:00+00:00
1780778700000,1558.61,1558.99,1554.78,1556.52,169.01583788,2026-06-06 20:45:00+00:00
1780779600000,1556.86,1562.13,1556.86,1559.63,93.56821991,2026-06-06 21:00:00+00:00
1780780500000,1559.83,1563.2,1558.62,1561.0,78.59318719,2026-06-06 21:15:00+00:00
1780781400000,1560.63,1564.13,1559.48,1560.6,31.91834662,2026-06-06 21:30:00+00:00
1780782300000,1560.46,1561.76,1557.21,1557.5,39.62664862,2026-06-06 21:45:00+00:00
1780783200000,1557.45,1559.95,1552.66,1554.82,127.12585563,2026-06-06 22:00:00+00:00
1780784100000,1555.06,1560.98,1551.13,1552.6,144.1115462,2026-06-06 22:15:00+00:00
1780785000000,1552.74,1557.41,1552.66,1556.64,197.42078852,2026-06-06 22:30:00+00:00
1780785900000,1556.87,1560.81,1556.86,1558.38,72.00947607,2026-06-06 22:45:00+00:00
1780786800000,1557.64,1562.99,1557.27,1562.06,70.86481859,2026-06-06 23:00:00+00:00
1780787700000,1561.85,1561.92,1556.23,1559.9,39.46816575,2026-06-06 23:15:00+00:00
1780788600000,1559.91,1568.23,1559.64,1566.86,156.67559481,2026-06-06 23:30:00+00:00
1780789500000,1566.97,1569.19,1565.8,1568.99,99.78712599,2026-06-06 23:45:00+00:00
1780790400000,1568.94,1571.6,1564.85,1565.59,166.58343865,2026-06-07 00:00:00+00:00
1780791300000,1565.62,1568.64,1563.3,1565.45,86.55700526,2026-06-07 00:15:00+00:00
1780792200000,1565.9,1570.71,1565.1,1565.1,48.85923174,2026-06-07 00:30:00+00:00
1780793100000,1564.91,1566.37,1564.22,1564.22,41.93018619,2026-06-07 00:45:00+00:00
1780794000000,1564.2,1586.73,1563.69,1586.47,498.03243786,2026-06-07 01:00:00+00:00
1780794900000,1585.36,1595.91,1582.98,1595.51,261.67607407,2026-06-07 01:15:00+00:00
1780795800000,1595.32,1595.49,1585.05,1587.71,107.80180651,2026-06-07 01:30:00+00:00
1780796700000,1588.01,1591.36,1584.77,1589.85,928.96478366,2026-06-07 01:45:00+00:00
1780797600000,1589.51,1593.0,1587.2,1589.3,135.56712539,2026-06-07 02:00:00+00:00
1780798500000,1588.2,1588.93,1581.8,1584.48,219.87169675,2026-06-07 02:15:00+00:00
1780799400000,1584.05,1586.15,1581.95,1585.5,250.29829105,2026-06-07 02:30:00+00:00
1780800300000,1585.5,1593.38,1585.5,1591.98,186.12211444,2026-06-07 02:45:00+00:00
1780801200000,1592.08,1592.26,1589.05,1592.26,96.73145624,2026-06-07 03:00:00+00:00
1780802100000,1592.43,1600.0,1590.69,1595.41,172.51069034,2026-06-07 03:15:00+00:00
1780803000000,1595.18,1597.39,1590.23,1594.14,74.30013966,2026-06-07 03:30:00+00:00
1780803900000,1594.06,1594.32,1591.23,1593.93,139.29741899,2026-06-07 03:45:00+00:00
1780804800000,1594.22,1594.5,1587.3,1588.39,105.92488722,2026-06-07 04:00:00+00:00
1780805700000,1588.46,1590.4,1584.72,1586.08,70.6858221,2026-06-07 04:15:00+00:00
1780806600000,1585.91,1598.84,1585.91,1595.27,246.83709545,2026-06-07 04:30:00+00:00
1780807500000,1595.61,1597.38,1593.87,1596.73,31.05125376,2026-06-07 04:45:00+00:00
1780808400000,1596.59,1605.69,1592.8,1599.68,371.4033243,2026-06-07 05:00:00+00:00
1780809300000,1599.52,1607.81,1597.63,1603.04,408.76242075,2026-06-07 05:15:00+00:00
1780810200000,1603.01,1607.81,1599.53,1607.05,166.89839322,2026-06-07 05:30:00+00:00
1780811100000,1606.8,1607.14,1602.1,1603.36,123.0275762,2026-06-07 05:45:00+00:00
1780812000000,1603.36,1603.76,1597.86,1599.71,110.96922707,2026-06-07 06:00:00+00:00
1780812900000,1599.96,1620.85,1598.01,1617.4,452.65147082,2026-06-07 06:15:00+00:00
1780813800000,1617.56,1622.21,1612.53,1613.79,426.38905677,2026-06-07 06:30:00+00:00
1780814700000,1613.85,1615.42,1610.29,1611.52,118.44048373,2026-06-07 06:45:00+00:00
1780815600000,1611.7,1613.99,1606.91,1609.72,140.71384721,2026-06-07 07:00:00+00:00
1780816500000,1610.26,1613.4,1608.14,1613.4,132.53686309,2026-06-07 07:15:00+00:00
1780817400000,1613.16,1614.54,1609.75,1611.53,227.55620042,2026-06-07 07:30:00+00:00
1780818300000,1611.67,1615.83,1610.82,1614.54,118.71684682,2026-06-07 07:45:00+00:00
1780819200000,1614.72,1615.63,1608.02,1612.58,157.11529171,2026-06-07 08:00:00+00:00
1780820100000,1612.81,1618.53,1609.48,1617.99,143.58050213,2026-06-07 08:15:00+00:00
1780821000000,1617.98,1621.28,1614.98,1620.9,237.86692335,2026-06-07 08:30:00+00:00
1780821900000,1621.28,1641.7,1621.28,1640.39,640.15584764,2026-06-07 08:45:00+00:00
1780822800000,1640.61,1642.67,1636.76,1642.4,360.04421095,2026-06-07 09:00:00+00:00
1780823700000,1642.54,1648.01,1636.2,1641.1,315.72584426,2026-06-07 09:15:00+00:00
1780824600000,1641.01,1641.01,1632.5,1633.03,356.85852259,2026-06-07 09:30:00+00:00
1780825500000,1633.52,1635.54,1628.98,1632.85,451.97469557,2026-06-07 09:45:00+00:00
1780826400000,1632.99,1634.14,1627.44,1628.41,445.39411106,2026-06-07 10:00:00+00:00
1780827300000,1628.25,1634.77,1628.18,1633.35,127.42316115,2026-06-07 10:15:00+00:00
1780828200000,1632.98,1634.59,1628.58,1629.52,501.33895732,2026-06-07 10:30:00+00:00
1780829100000,1629.53,1629.54,1623.84,1625.0,317.60652283,2026-06-07 10:45:00+00:00
1780830000000,1625.0,1627.35,1622.11,1626.25,179.22529984,2026-06-07 11:00:00+00:00
1780830900000,1626.24,1630.49,1625.38,1628.71,176.74044024,2026-06-07 11:15:00+00:00
1780831800000,1628.46,1632.51,1626.25,1631.78,62.31580817,2026-06-07 11:30:00+00:00
1780832700000,1631.98,1633.65,1628.76,1629.52,102.20854066,2026-06-07 11:45:00+00:00
1780833600000,1629.45,1630.46,1609.65,1611.82,185.45564522,2026-06-07 12:00:00+00:00
1780834500000,1612.29,1617.54,1609.02,1610.04,483.91136217,2026-06-07 12:15:00+00:00
1780835400000,1610.57,1617.2,1606.79,1615.04,358.79310471,2026-06-07 12:30:00+00:00
1780836300000,1615.6,1621.38,1615.6,1619.52,183.91632165,2026-06-07 12:45:00+00:00
1780837200000,1619.51,1621.5,1612.91,1619.62,2529.64886942,2026-06-07 13:00:00+00:00
1780838100000,1619.99,1622.1,1615.29,1620.31,267.60475207,2026-06-07 13:15:00+00:00
1780839000000,1620.48,1621.76,1615.16,1617.1,38.58337083,2026-06-07 13:30:00+00:00
1780839900000,1616.93,1619.12,1614.97,1617.4,29.83746396,2026-06-07 13:45:00+00:00
1780840800000,1616.84,1620.25,1616.27,1618.18,570.63212663,2026-06-07 14:00:00+00:00
1780841700000,1618.19,1632.12,1617.24,1629.32,205.60930956,2026-06-07 14:15:00+00:00
1780842600000,1629.97,1639.1,1623.79,1625.74,401.73951047,2026-06-07 14:30:00+00:00
1780843500000,1625.79,1627.69,1621.48,1627.69,88.94846051,2026-06-07 14:45:00+00:00
1780844400000,1627.65,1627.65,1620.53,1626.03,67.39068014,2026-06-07 15:00:00+00:00
1780845300000,1626.16,1632.03,1622.99,1631.64,3492.74111595,2026-06-07 15:15:00+00:00
1780846200000,1631.32,1635.78,1630.29,1632.07,53.6989594,2026-06-07 15:30:00+00:00
1780847100000,1632.33,1632.4,1626.52,1629.3,87.08677514,2026-06-07 15:45:00+00:00
1780848000000,1629.3,1630.58,1622.82,1629.84,2751.44042787,2026-06-07 16:00:00+00:00
1780848900000,1629.59,1632.52,1626.89,1627.86,746.39984798,2026-06-07 16:15:00+00:00
1780849800000,1627.73,1631.32,1627.15,1629.22,297.81819431,2026-06-07 16:30:00+00:00
1780850700000,1629.23,1632.99,1625.61,1627.98,83.07410425,2026-06-07 16:45:00+00:00
1780851600000,1627.99,1638.8,1627.51,1634.38,4652.19100444,2026-06-07 17:00:00+00:00
1780852500000,1634.72,1637.19,1633.0,1634.99,295.96783596,2026-06-07 17:15:00+00:00
1780853400000,1635.29,1637.75,1632.48,1633.37,164.43858022,2026-06-07 17:30:00+00:00
1780854300000,1632.76,1633.32,1628.37,1631.21,113.98954583,2026-06-07 17:45:00+00:00
1780855200000,1631.21,1634.57,1630.22,1634.29,91.57313864,2026-06-07 18:00:00+00:00
1780856100000,1634.25,1634.37,1628.7,1632.65,56.48975492,2026-06-07 18:15:00+00:00
1780857000000,1632.62,1635.72,1632.62,1633.71,64.41616587,2026-06-07 18:30:00+00:00
1780857900000,1633.7,1634.99,1628.52,1629.49,1106.33815018,2026-06-07 18:45:00+00:00
1780858800000,1629.47,1629.92,1612.94,1616.5,376.63032505,2026-06-07 19:00:00+00:00
1780859700000,1616.0,1616.0,1603.93,1609.67,941.65419944,2026-06-07 19:15:00+00:00
1780860600000,1610.23,1611.52,1606.55,1606.73,163.36495419,2026-06-07 19:30:00+00:00
1780861500000,1607.27,1617.11,1605.49,1612.85,196.79640528,2026-06-07 19:45:00+00:00
1780862400000,1612.44,1622.48,1608.87,1620.62,1549.10795572,2026-06-07 20:00:00+00:00
1780863300000,1620.6,1630.89,1618.29,1624.26,91.60114917,2026-06-07 20:15:00+00:00
1780864200000,1624.22,1626.67,1622.09,1623.88,96.9829267,2026-06-07 20:30:00+00:00
1780865100000,1623.89,1629.74,1623.72,1628.08,73.92619353,2026-06-07 20:45:00+00:00
1780866000000,1627.99,1631.27,1623.52,1629.98,35.46888222,2026-06-07 21:00:00+00:00
1780866900000,1629.82,1630.99,1626.86,1627.92,38.08477405,2026-06-07 21:15:00+00:00
1780867800000,1627.69,1629.9,1624.53,1625.16,480.104569,2026-06-07 21:30:00+00:00
1780868700000,1625.17,1633.5,1625.17,1633.5,407.11772415,2026-06-07 21:45:00+00:00
1780869600000,1633.5,1708.09,1628.43,1701.49,2122.10112134,2026-06-07 22:00:00+00:00
1780870500000,1702.63,1719.0,1667.89,1675.14,2091.78673253,2026-06-07 22:15:00+00:00
1780871400000,1675.18,1688.32,1669.06,1680.49,1302.57556492,2026-06-07 22:30:00+00:00
1780872300000,1681.45,1686.04,1670.98,1671.44,2586.52609948,2026-06-07 22:45:00+00:00
1780873200000,1671.66,1681.02,1669.72,1679.98,330.61652716,2026-06-07 23:00:00+00:00
1780874100000,1679.49,1684.76,1671.63,1683.98,773.24239438,2026-06-07 23:15:00+00:00
1780875000000,1684.2,1685.08,1678.64,1683.73,355.57429311,2026-06-07 23:30:00+00:00
1780875900000,1683.98,1690.37,1679.49,1690.22,261.2185715,2026-06-07 23:45:00+00:00
1780876800000,1689.82,1690.71,1683.08,1684.92,93.16459228,2026-06-08 00:00:00+00:00
1780877700000,1685.67,1697.26,1683.4,1697.26,211.79822527,2026-06-08 00:15:00+00:00
1780878600000,1697.25,1711.05,1694.64,1702.14,668.50751595,2026-06-08 00:30:00+00:00
1780879500000,1702.0,1706.98,1692.72,1697.17,364.08703426,2026-06-08 00:45:00+00:00
1780880400000,1697.26,1699.26,1682.96,1683.24,377.86519927,2026-06-08 01:00:00+00:00
1780881300000,1682.47,1683.05,1672.88,1674.01,350.37694437,2026-06-08 01:15:00+00:00
1780882200000,1674.18,1683.15,1670.87,1681.95,255.80963791,2026-06-08 01:30:00+00:00
1780883100000,1682.11,1687.84,1679.96,1686.56,356.97216078,2026-06-08 01:45:00+00:00
1780884000000,1686.99,1688.96,1680.34,1684.72,380.65667228,2026-06-08 02:00:00+00:00
1780884900000,1684.44,1687.07,1679.31,1684.47,88.61494178,2026-06-08 02:15:00+00:00
1780885800000,1684.99,1685.17,1677.82,1682.73,1206.59758769,2026-06-08 02:30:00+00:00
1780886700000,1682.47,1684.01,1679.28,1683.51,74.01899789,2026-06-08 02:45:00+00:00
1780887600000,1683.16,1694.13,1678.98,1687.53,2704.20163687,2026-06-08 03:00:00+00:00
1780888500000,1687.29,1687.9,1679.86,1680.05,90.50111192,2026-06-08 03:15:00+00:00
1780889400000,1680.22,1682.54,1676.61,1677.42,142.94809095,2026-06-08 03:30:00+00:00
1780890300000,1678.21,1679.2,1676.49,1678.78,233.4044283,2026-06-08 03:45:00+00:00
1780891200000,1678.79,1680.01,1664.31,1668.24,537.50333954,2026-06-08 04:00:00+00:00
1780892100000,1668.81,1668.99,1661.86,1665.93,124.36523201,2026-06-08 04:15:00+00:00
1780893000000,1665.79,1666.99,1655.23,1656.86,153.59078406,2026-06-08 04:30:00+00:00
1780893900000,1656.86,1663.7,1656.19,1656.2,141.84407523,2026-06-08 04:45:00+00:00
1780894800000,1656.36,1658.99,1647.8,1648.76,291.77697382,2026-06-08 05:00:00+00:00
1780895700000,1647.67,1656.76,1646.69,1655.88,149.29021355,2026-06-08 05:15:00+00:00
1780896600000,1655.8,1655.81,1644.64,1646.57,72.85764703,2026-06-08 05:30:00+00:00
1780897500000,1646.47,1652.6,1646.47,1652.47,154.3972543,2026-06-08 05:45:00+00:00
1780898400000,1652.47,1663.67,1652.4,1663.0,414.25428516,2026-06-08 06:00:00+00:00
1780899300000,1662.74,1668.86,1660.59,1667.93,57.97666346,2026-06-08 06:15:00+00:00
1780900200000,1667.27,1667.27,1661.77,1666.04,200.59561414,2026-06-08 06:30:00+00:00
1780901100000,1666.13,1666.71,1662.84,1665.52,310.42181791,2026-06-08 06:45:00+00:00
1780902000000,1665.62,1671.58,1661.07,1667.41,109.96963462,2026-06-08 07:00:00+00:00
1780902900000,1667.3,1675.58,1664.6,1672.49,142.67272356,2026-06-08 07:15:00+00:00
1780903800000,1672.51,1677.78,1670.88,1671.7,472.54942782,2026-06-08 07:30:00+00:00
1780904700000,1671.1,1676.33,1670.81,1672.32,871.26790247,2026-06-08 07:45:00+00:00
1780905600000,1672.25,1672.25,1664.55,1667.99,76.40029819,2026-06-08 08:00:00+00:00
1780906500000,1667.64,1668.6,1661.41,1665.59,115.58519966,2026-06-08 08:15:00+00:00
1780907400000,1665.58,1667.94,1661.98,1664.3,60.65561121,2026-06-08 08:30:00+00:00
1780908300000,1664.04,1664.19,1658.0,1660.25,314.30015974,2026-06-08 08:45:00+00:00
1780909200000,1660.07,1664.59,1656.76,1663.37,29.25902964,2026-06-08 09:00:00+00:00
1780910100000,1663.85,1667.94,1661.13,1661.6,82.68321621,2026-06-08 09:15:00+00:00
1780911000000,1661.31,1664.75,1656.32,1661.99,411.36254506,2026-06-08 09:30:00+00:00
1780911900000,1661.88,1670.39,1661.35,1669.91,91.434558,2026-06-08 09:45:00+00:00
1780912800000,1669.67,1670.99,1666.09,1668.44,157.89712332,2026-06-08 10:00:00+00:00
1780913700000,1668.5,1668.76,1662.51,1664.39,117.67845308,2026-06-08 10:15:00+00:00
1780914600000,1664.4,1675.06,1662.36,1670.48,300.92085371,2026-06-08 10:30:00+00:00
1780915500000,1670.07,1671.48,1668.08,1670.99,56.05119667,2026-06-08 10:45:00+00:00
1780916400000,1671.01,1680.3,1666.6,1679.38,143.01644512,2026-06-08 11:00:00+00:00
1780917300000,1680.04,1693.37,1679.31,1687.22,433.09143665,2026-06-08 11:15:00+00:00
1780918200000,1687.39,1695.84,1684.03,1687.44,306.89326406,2026-06-08 11:30:00+00:00
1780919100000,1688.13,1688.13,1680.9,1683.07,145.95704904,2026-06-08 11:45:00+00:00
1780920000000,1682.6,1688.05,1666.38,1667.07,369.06446444,2026-06-08 12:00:00+00:00
1780920900000,1666.87,1677.99,1666.87,1677.8,82.05594288,2026-06-08 12:15:00+00:00
1780921800000,1677.8,1694.98,1676.75,1691.02,207.50113519,2026-06-08 12:30:00+00:00
1780922700000,1691.31,1697.19,1686.38,1693.05,537.62835785,2026-06-08 12:45:00+00:00
1780923600000,1693.45,1694.89,1689.47,1690.99,203.91439417,2026-06-08 13:00:00+00:00
1780924500000,1691.1,1696.16,1686.42,1687.89,464.22305904,2026-06-08 13:15:00+00:00
1780925400000,1687.78,1691.18,1680.25,1680.27,211.77473779,2026-06-08 13:30:00+00:00
1780926300000,1681.85,1687.74,1677.18,1681.85,112.36316686,2026-06-08 13:45:00+00:00
1780927200000,1680.61,1687.83,1676.65,1686.78,122.81289407,2026-06-08 14:00:00+00:00
1780928100000,1686.58,1686.71,1679.97,1684.16,1021.64125761,2026-06-08 14:15:00+00:00
1780929000000,1683.7,1688.5,1681.86,1686.02,102.6506103,2026-06-08 14:30:00+00:00
1780929900000,1686.07,1693.62,1683.12,1690.02,256.41087363,2026-06-08 14:45:00+00:00
1780930800000,1690.78,1703.99,1689.91,1703.26,215.9450392,2026-06-08 15:00:00+00:00
1780931700000,1703.29,1705.15,1693.86,1695.75,152.01096926,2026-06-08 15:15:00+00:00
1780932600000,1695.26,1695.3,1689.19,1692.99,246.04046232,2026-06-08 15:30:00+00:00
1780933500000,1693.0,1699.21,1688.58,1690.22,265.74881336,2026-06-08 15:45:00+00:00
1780934400000,1690.7,1697.19,1683.96,1694.32,1259.63143727,2026-06-08 16:00:00+00:00
1780935300000,1694.26,1702.91,1694.26,1697.35,685.12006586,2026-06-08 16:15:00+00:00
1780936200000,1697.34,1697.34,1689.56,1691.76,462.62010143,2026-06-08 16:30:00+00:00
1780937100000,1691.96,1692.11,1682.04,1682.76,88.52976052,2026-06-08 16:45:00+00:00
1780938000000,1682.0,1683.39,1674.88,1677.48,298.57846003,2026-06-08 17:00:00+00:00
1780938900000,1677.77,1686.99,1677.77,1685.46,137.45028412,2026-06-08 17:15:00+00:00
1780939800000,1685.62,1685.73,1676.88,1680.05,1098.55795067,2026-06-08 17:30:00+00:00
1780940700000,1680.38,1685.99,1680.0,1685.99,993.22397322,2026-06-08 17:45:00+00:00
1780941600000,1685.99,1691.64,1685.82,1687.93,110.30150958,2026-06-08 18:00:00+00:00
1780942500000,1687.3,1687.95,1684.14,1687.47,296.36266047,2026-06-08 18:15:00+00:00
1780943400000,1687.47,1688.99,1680.59,1682.78,177.62468567,2026-06-08 18:30:00+00:00
1780944300000,1682.81,1685.87,1678.39,1684.08,215.66602473,2026-06-08 18:45:00+00:00
1780945200000,1684.01,1688.82,1680.68,1683.68,262.36914217,2026-06-08 19:00:00+00:00
1780946100000,1683.74,1689.22,1681.0,1685.73,81.12871574,2026-06-08 19:15:00+00:00
1780947000000,1686.55,1689.81,1685.0,1689.18,327.10672197,2026-06-08 19:30:00+00:00
1780947900000,1689.29,1689.63,1682.9,1684.45,182.19197359,2026-06-08 19:45:00+00:00
1780948800000,1684.48,1688.39,1681.24,1682.26,1063.02633185,2026-06-08 20:00:00+00:00
1780949700000,1682.42,1685.35,1679.15,1679.15,253.43950343,2026-06-08 20:15:00+00:00
1780950600000,1679.23,1688.33,1678.74,1686.62,128.27581682,2026-06-08 20:30:00+00:00
1780951500000,1686.59,1688.92,1685.78,1688.32,64.96834478,2026-06-08 20:45:00+00:00
1780952400000,1688.99,1713.33,1688.99,1708.99,459.13183808,2026-06-08 21:00:00+00:00
1780953300000,1708.73,1712.1,1704.05,1708.89,221.77098247,2026-06-08 21:15:00+00:00
1780954200000,1708.95,1713.32,1707.03,1713.26,337.42080334,2026-06-08 21:30:00+00:00
1780955100000,1713.27,1713.33,1703.46,1703.47,57.27062755,2026-06-08 21:45:00+00:00
1780956000000,1703.45,1703.45,1690.56,1690.7,1124.79022493,2026-06-08 22:00:00+00:00
1780956900000,1691.36,1696.55,1688.9,1694.72,79.26669556,2026-06-08 22:15:00+00:00
1780957800000,1694.58,1696.37,1691.46,1696.06,54.39452598,2026-06-08 22:30:00+00:00
1780958700000,1696.07,1703.38,1694.47,1702.54,138.26080865,2026-06-08 22:45:00+00:00
1780959600000,1702.62,1713.33,1701.85,1711.65,936.26812263,2026-06-08 23:00:00+00:00
1780960500000,1711.51,1711.66,1694.28,1696.99,140.91476168,2026-06-08 23:15:00+00:00
1780961400000,1696.93,1699.15,1692.7,1696.03,52.24515331,2026-06-08 23:30:00+00:00
1780962300000,1695.32,1695.32,1687.08,1689.91,196.79587726,2026-06-08 23:45:00+00:00
1780963200000,1689.81,1691.25,1683.31,1685.24,84.0151773,2026-06-09 00:00:00+00:00
1780964100000,1684.77,1695.94,1672.89,1674.61,401.57527345,2026-06-09 00:15:00+00:00
1780965000000,1675.13,1676.48,1664.32,1671.66,730.96570008,2026-06-09 00:30:00+00:00
1780965900000,1669.53,1670.04,1660.0,1662.99,357.16513658,2026-06-09 00:45:00+00:00
1780966800000,1662.85,1667.0,1658.34,1664.57,666.15380732,2026-06-09 01:00:00+00:00
1780967700000,1663.08,1672.75,1663.08,1670.22,1021.78913942,2026-06-09 01:15:00+00:00
1780968600000,1669.71,1673.5,1667.11,1669.02,310.16292813,2026-06-09 01:30:00+00:00
1780969500000,1669.14,1671.91,1666.0,1668.45,432.84091175,2026-06-09 01:45:00+00:00
1780970400000,1668.45,1671.67,1667.04,1667.04,64.67083587,2026-06-09 02:00:00+00:00
1780971300000,1666.94,1666.94,1660.6,1664.64,701.61919408,2026-06-09 02:15:00+00:00
1780972200000,1664.69,1665.81,1654.12,1660.38,2175.59702076,2026-06-09 02:30:00+00:00
1780973100000,1660.84,1667.4,1659.31,1666.75,347.68792709,2026-06-09 02:45:00+00:00
1780974000000,1667.29,1668.96,1664.39,1668.11,66.14205289,2026-06-09 03:00:00+00:00
1780974900000,1668.09,1670.29,1666.28,1667.9,142.18101541,2026-06-09 03:15:00+00:00
1780975800000,1667.94,1668.95,1663.15,1667.71,52.44541808,2026-06-09 03:30:00+00:00
1780976700000,1667.84,1669.24,1664.68,1668.84,152.85991615,2026-06-09 03:45:00+00:00
1780977600000,1668.7,1671.45,1664.73,1669.15,104.56671004,2026-06-09 04:00:00+00:00
1780978500000,1668.33,1669.4,1665.66,1665.67,194.83538431,2026-06-09 04:15:00+00:00
1780979400000,1665.67,1690.0,1664.0,1684.71,1133.218546,2026-06-09 04:30:00+00:00
1780980300000,1684.62,1695.0,1682.59,1685.78,645.37578594,2026-06-09 04:45:00+00:00
1780981200000,1685.28,1687.66,1680.35,1686.74,128.44194479,2026-06-09 05:00:00+00:00
1780982100000,1686.22,1690.24,1686.2,1687.07,272.45256615,2026-06-09 05:15:00+00:00
1780983000000,1686.91,1693.6,1686.05,1690.43,63.5196227,2026-06-09 05:30:00+00:00
1780983900000,1689.63,1691.08,1686.51,1687.24,29.18210825,2026-06-09 05:45:00+00:00
1780984800000,1687.24,1690.01,1684.44,1688.2,83.18150517,2026-06-09 06:00:00+00:00
1780985700000,1688.2,1694.21,1686.83,1691.24,52.95846842,2026-06-09 06:15:00+00:00
1780986600000,1691.31,1692.02,1686.37,1687.56,110.83530613,2026-06-09 06:30:00+00:00
1780987500000,1687.98,1689.66,1683.0,1684.76,70.05041769,2026-06-09 06:45:00+00:00
1780988400000,1684.8,1690.27,1684.8,1685.47,57.737746,2026-06-09 07:00:00+00:00
1780989300000,1685.4,1688.51,1674.75,1675.23,307.27314225,2026-06-09 07:15:00+00:00
1780990200000,1675.3,1680.6,1674.89,1679.85,83.36946175,2026-06-09 07:30:00+00:00
1780991100000,1679.77,1680.83,1677.94,1678.79,76.35483988,2026-06-09 07:45:00+00:00
1780992000000,1679.12,1679.75,1668.72,1674.0,208.62192445,2026-06-09 08:00:00+00:00
1780992900000,1674.17,1676.23,1671.69,1675.16,34.10495036,2026-06-09 08:15:00+00:00
1780993800000,1674.32,1678.55,1673.03,1678.11,56.57473728,2026-06-09 08:30:00+00:00
1780994700000,1676.98,1677.73,1673.68,1674.46,20.15899739,2026-06-09 08:45:00+00:00
1780995600000,1674.45,1675.99,1672.21,1675.99,101.69051502,2026-06-09 09:00:00+00:00
1780996500000,1675.99,1678.99,1674.59,1674.7,236.05792365,2026-06-09 09:15:00+00:00
1780997400000,1673.93,1674.38,1664.53,1668.5,219.72695574,2026-06-09 09:30:00+00:00
1780998300000,1668.47,1670.15,1668.2,1669.62,5.91569381,2026-06-09 09:45:00+00:00
1780999200000,1669.62,1672.2,1666.64,1671.04,139.19018824,2026-06-09 10:00:00+00:00
1781000100000,1672.03,1673.22,1669.77,1672.2,36.22979076,2026-06-09 10:15:00+00:00
1781001000000,1672.21,1672.45,1668.44,1671.01,13.91466499,2026-06-09 10:30:00+00:00
1781001900000,1671.01,1675.18,1669.5,1673.97,131.8816099,2026-06-09 10:45:00+00:00
1781002800000,1673.52,1674.04,1667.63,1667.73,147.4603174,2026-06-09 11:00:00+00:00
1781003700000,1668.22,1668.68,1665.45,1667.88,145.27056366,2026-06-09 11:15:00+00:00
1781004600000,1667.82,1671.43,1666.62,1670.49,60.07800825,2026-06-09 11:30:00+00:00
1781005500000,1670.98,1672.51,1668.62,1671.54,51.07968646,2026-06-09 11:45:00+00:00
1781006400000,1670.8,1682.72,1670.48,1680.35,242.4354463,2026-06-09 12:00:00+00:00
1781007300000,1680.43,1680.94,1675.17,1676.19,61.20505279,2026-06-09 12:15:00+00:00
1781008200000,1676.18,1678.01,1672.91,1673.33,68.19064599,2026-06-09 12:30:00+00:00
1781009100000,1673.24,1676.67,1670.88,1675.78,107.65168145,2026-06-09 12:45:00+00:00
1781010000000,1676.32,1679.23,1674.11,1674.94,86.80480435,2026-06-09 13:00:00+00:00
1781010900000,1674.89,1676.01,1665.9,1669.69,335.10188437,2026-06-09 13:15:00+00:00
1781011800000,1669.54,1673.79,1662.41,1672.1,1600.35835405,2026-06-09 13:30:00+00:00
1781012700000,1672.11,1677.53,1665.96,1666.81,1265.517947,2026-06-09 13:45:00+00:00
1781013600000,1665.92,1669.46,1655.84,1655.84,596.27193658,2026-06-09 14:00:00+00:00
1781014500000,1655.84,1658.04,1636.68,1638.0,2368.09241128,2026-06-09 14:15:00+00:00
1781015400000,1638.2,1644.54,1634.54,1636.18,2699.48467562,2026-06-09 14:30:00+00:00
1781016300000,1636.13,1644.98,1633.12,1644.98,1710.37446395,2026-06-09 14:45:00+00:00
1781017200000,1645.02,1652.09,1640.11,1650.78,547.92987579,2026-06-09 15:00:00+00:00
1781018100000,1650.25,1651.75,1638.48,1638.72,3437.81919957,2026-06-09 15:15:00+00:00
1781019000000,1639.0,1643.9,1635.89,1639.95,1437.63686384,2026-06-09 15:30:00+00:00
1781019900000,1640.98,1642.71,1633.13,1635.96,286.26955388,2026-06-09 15:45:00+00:00
1781020800000,1635.37,1637.78,1624.18,1628.0,440.0534357,2026-06-09 16:00:00+00:00
1781021700000,1628.34,1631.38,1621.06,1629.25,199.54323481,2026-06-09 16:15:00+00:00
1781022600000,1629.19,1633.82,1613.08,1627.71,1374.66110491,2026-06-09 16:30:00+00:00
1781023500000,1627.38,1632.82,1623.87,1631.55,2596.68424588,2026-06-09 16:45:00+00:00
1781024400000,1630.99,1643.89,1630.98,1640.5,1171.44955672,2026-06-09 17:00:00+00:00
1781025300000,1640.14,1648.49,1639.96,1643.41,421.40844469,2026-06-09 17:15:00+00:00
1781026200000,1643.41,1647.71,1641.73,1642.71,71.22486739,2026-06-09 17:30:00+00:00
1781027100000,1642.59,1644.4,1638.64,1642.28,1004.14354902,2026-06-09 17:45:00+00:00
1781028000000,1641.73,1645.7,1639.02,1643.96,139.06152148,2026-06-09 18:00:00+00:00
1781028900000,1644.04,1654.35,1643.15,1647.64,128.08540112,2026-06-09 18:15:00+00:00
1781029800000,1647.73,1651.87,1645.45,1645.72,113.96567563,2026-06-09 18:30:00+00:00
1781030700000,1646.12,1652.0,1646.12,1651.35,153.84164688,2026-06-09 18:45:00+00:00
1781031600000,1651.35,1653.63,1647.73,1648.03,212.22097014,2026-06-09 19:00:00+00:00
1781032500000,1648.09,1651.53,1647.06,1650.36,131.80583281,2026-06-09 19:15:00+00:00
1781033400000,1650.62,1657.12,1647.05,1651.59,108.76224194,2026-06-09 19:30:00+00:00
1781034300000,1651.4,1657.16,1646.37,1656.18,146.55621113,2026-06-09 19:45:00+00:00
1781035200000,1656.16,1660.62,1654.32,1660.62,123.95822379,2026-06-09 20:00:00+00:00
1781036100000,1660.61,1662.05,1654.77,1657.5,1024.97272132,2026-06-09 20:15:00+00:00
1781037000000,1657.49,1661.16,1654.23,1659.92,126.8811271,2026-06-09 20:30:00+00:00
1781037900000,1659.53,1659.53,1657.03,1659.3,57.85233096,2026-06-09 20:45:00+00:00
1781038800000,1659.3,1660.21,1656.93,1657.68,79.02249814,2026-06-09 21:00:00+00:00
1781039700000,1658.1,1658.72,1650.0,1650.11,193.10888784,2026-06-09 21:15:00+00:00
1781040600000,1650.24,1651.99,1649.19,1649.87,67.28891644,2026-06-09 21:30:00+00:00
1781041500000,1649.95,1650.7,1646.37,1648.35,490.25133079,2026-06-09 21:45:00+00:00
1781042400000,1648.5,1650.99,1644.16,1650.76,267.40288093,2026-06-09 22:00:00+00:00
1781043300000,1650.73,1653.79,1646.62,1646.99,375.72019222,2026-06-09 22:15:00+00:00
1781044200000,1646.99,1649.49,1643.34,1644.97,565.36755465,2026-06-09 22:30:00+00:00
1781045100000,1645.68,1645.68,1638.65,1638.99,142.52132427,2026-06-09 22:45:00+00:00
1781046000000,1638.99,1640.23,1635.87,1637.92,73.11080996,2026-06-09 23:00:00+00:00
1781046900000,1637.9,1641.52,1633.84,1634.34,58.87099431,2026-06-09 23:15:00+00:00
1781047800000,1634.34,1636.18,1629.5,1635.69,228.11763736,2026-06-09 23:30:00+00:00
1781048700000,1635.99,1639.6,1635.42,1638.31,29.53922204,2026-06-09 23:45:00+00:00
1781049600000,1638.31,1643.51,1636.89,1641.23,1410.41661627,2026-06-10 00:00:00+00:00
1781050500000,1641.42,1642.58,1638.16,1642.43,27.16696126,2026-06-10 00:15:00+00:00
1781051400000,1642.43,1642.52,1629.0,1630.97,52.58905523,2026-06-10 00:30:00+00:00
1781052300000,1630.99,1645.37,1630.24,1644.64,159.44370056,2026-06-10 00:45:00+00:00
1781053200000,1644.74,1645.92,1637.97,1641.03,29.01644067,2026-06-10 01:00:00+00:00
1781054100000,1641.4,1644.27,1639.67,1640.9,40.81866317,2026-06-10 01:15:00+00:00
1781055000000,1641.11,1642.61,1632.7,1634.08,122.08531732,2026-06-10 01:30:00+00:00
1781055900000,1634.23,1640.69,1633.7,1637.79,92.22446297,2026-06-10 01:45:00+00:00
1781056800000,1637.99,1642.28,1633.02,1633.13,152.1885093,2026-06-10 02:00:00+00:00
1781057700000,1633.33,1633.33,1625.0,1630.28,83.41867236,2026-06-10 02:15:00+00:00
1781058600000,1630.28,1631.62,1621.98,1624.28,129.05127049,2026-06-10 02:30:00+00:00
1781059500000,1624.27,1624.99,1620.71,1623.1,781.31091461,2026-06-10 02:45:00+00:00
1781060400000,1623.04,1628.94,1622.75,1627.19,135.68914738,2026-06-10 03:00:00+00:00
1781061300000,1627.22,1634.92,1625.42,1634.84,61.60698911,2026-06-10 03:15:00+00:00
1781062200000,1635.13,1635.13,1628.08,1629.84,39.35276091,2026-06-10 03:30:00+00:00
1781063100000,1630.11,1631.59,1628.08,1629.41,38.96272796,2026-06-10 03:45:00+00:00
1781064000000,1629.41,1629.99,1626.16,1629.13,188.00985607,2026-06-10 04:00:00+00:00
1781064900000,1629.38,1631.6,1628.32,1629.6,48.97277799,2026-06-10 04:15:00+00:00
1781065800000,1629.49,1629.49,1621.35,1623.35,1027.59769453,2026-06-10 04:30:00+00:00
1781066700000,1623.66,1626.81,1622.35,1624.54,1395.21893399,2026-06-10 04:45:00+00:00
1781067600000,1624.54,1626.16,1620.73,1620.82,96.47617253,2026-06-10 05:00:00+00:00
1781068500000,1621.32,1624.6,1615.26,1624.6,118.07759862,2026-06-10 05:15:00+00:00
1781069400000,1624.84,1625.79,1621.54,1623.23,24.53030822,2026-06-10 05:30:00+00:00
1781070300000,1624.34,1628.36,1621.5,1626.94,654.68294484,2026-06-10 05:45:00+00:00
1781071200000,1626.96,1629.18,1625.16,1627.61,352.9970656,2026-06-10 06:00:00+00:00
1781072100000,1627.67,1630.7,1626.39,1627.41,97.37078469,2026-06-10 06:15:00+00:00
1781073000000,1627.28,1631.76,1621.63,1629.96,147.20316584,2026-06-10 06:30:00+00:00
1781073900000,1629.96,1632.78,1628.99,1630.94,60.38280032,2026-06-10 06:45:00+00:00
1781074800000,1630.95,1633.96,1629.98,1632.35,155.25760614,2026-06-10 07:00:00+00:00
1781075700000,1632.37,1637.43,1632.37,1635.53,325.32383944,2026-06-10 07:15:00+00:00
1781076600000,1635.37,1642.03,1634.87,1639.45,686.68856222,2026-06-10 07:30:00+00:00
1781077500000,1639.63,1641.37,1635.28,1638.88,5071.84561663,2026-06-10 07:45:00+00:00
1781078400000,1638.73,1639.75,1634.19,1635.23,221.61302302,2026-06-10 08:00:00+00:00
1781079300000,1635.74,1637.78,1631.18,1632.8,46.25337801,2026-06-10 08:15:00+00:00
1781080200000,1632.73,1634.06,1621.08,1621.08,1537.63428017,2026-06-10 08:30:00+00:00
1781081100000,1621.07,1621.77,1616.65,1620.0,774.51898072,2026-06-10 08:45:00+00:00
1781082000000,1620.09,1622.04,1612.49,1612.49,137.18183297,2026-06-10 09:00:00+00:00
1781082900000,1612.36,1618.82,1604.53,1618.01,385.67933496,2026-06-10 09:15:00+00:00
1781083800000,1617.5,1622.34,1616.78,1620.36,32.81431376,2026-06-10 09:30:00+00:00
1781084700000,1619.75,1624.0,1616.02,1622.49,251.23732388,2026-06-10 09:45:00+00:00
1781085600000,1622.56,1622.64,1617.76,1620.5,40.85676697,2026-06-10 10:00:00+00:00
1781086500000,1619.48,1624.25,1617.1,1623.29,110.27132388,2026-06-10 10:15:00+00:00
1781087400000,1623.49,1627.98,1623.4,1624.97,39.12414848,2026-06-10 10:30:00+00:00
1781088300000,1625.13,1628.29,1623.92,1627.07,41.72921682,2026-06-10 10:45:00+00:00
1781089200000,1627.12,1628.55,1611.81,1620.61,479.18294213,2026-06-10 11:00:00+00:00
1781090100000,1620.09,1622.99,1612.09,1615.55,129.1612307,2026-06-10 11:15:00+00:00
1781091000000,1617.22,1620.26,1614.72,1619.19,239.04945309,2026-06-10 11:30:00+00:00
1781091900000,1618.86,1622.47,1618.0,1618.65,32.48082952,2026-06-10 11:45:00+00:00
1781092800000,1618.7,1623.59,1614.48,1622.03,334.65778585,2026-06-10 12:00:00+00:00
1781093700000,1621.83,1623.99,1619.86,1623.91,102.78880923,2026-06-10 12:15:00+00:00
1781094600000,1623.98,1644.0,1623.29,1637.58,647.41099773,2026-06-10 12:30:00+00:00
1781095500000,1637.59,1640.25,1634.24,1634.24,141.20172121,2026-06-10 12:45:00+00:00
1781096400000,1634.18,1635.47,1631.67,1633.34,63.71271567,2026-06-10 13:00:00+00:00
1781097300000,1633.0,1637.42,1631.43,1635.78,138.4853362,2026-06-10 13:15:00+00:00
1781098200000,1635.61,1666.74,1634.44,1666.24,2152.93675786,2026-06-10 13:30:00+00:00
1781099100000,1665.17,1665.67,1649.77,1650.17,1192.66992064,2026-06-10 13:45:00+00:00
1781100000000,1650.26,1653.85,1645.5,1645.5,274.68546223,2026-06-10 14:00:00+00:00
1781100900000,1645.89,1649.59,1641.28,1645.2,141.40276633,2026-06-10 14:15:00+00:00
1781101800000,1645.15,1646.99,1637.61,1642.32,113.54271756,2026-06-10 14:30:00+00:00
1781102700000,1641.69,1645.55,1635.49,1645.37,235.52967105,2026-06-10 14:45:00+00:00
1781103600000,1645.68,1651.51,1634.87,1638.54,548.23603587,2026-06-10 15:00:00+00:00
1781104500000,1637.57,1649.27,1635.26,1647.69,109.2911848,2026-06-10 15:15:00+00:00
1781105400000,1647.53,1653.31,1645.86,1653.22,124.37373594,2026-06-10 15:30:00+00:00
1781106300000,1653.06,1662.88,1641.1,1656.59,663.3499972,2026-06-10 15:45:00+00:00
1781107200000,1656.66,1657.21,1649.65,1649.65,249.6692332,2026-06-10 16:00:00+00:00
1781108100000,1649.97,1652.46,1642.28,1647.67,144.39002959,2026-06-10 16:15:00+00:00
1781109000000,1647.65,1650.25,1643.22,1643.22,99.33508012,2026-06-10 16:30:00+00:00
1781109900000,1643.36,1643.36,1631.0,1640.61,186.98839592,2026-06-10 16:45:00+00:00
1781110800000,1640.96,1645.87,1636.09,1637.72,191.96520029,2026-06-10 17:00:00+00:00
1781111700000,1637.48,1641.75,1626.48,1627.57,145.29698849,2026-06-10 17:15:00+00:00
1781112600000,1626.9,1629.8,1621.28,1622.84,1395.96938815,2026-06-10 17:30:00+00:00
1781113500000,1622.29,1634.31,1622.07,1630.91,1284.65208991,2026-06-10 17:45:00+00:00
1781114400000,1630.89,1633.69,1626.84,1628.68,133.10163517,2026-06-10 18:00:00+00:00
1781115300000,1629.36,1634.43,1625.52,1634.21,56.5974996,2026-06-10 18:15:00+00:00
1781116200000,1634.81,1634.81,1623.98,1624.99,239.34437423,2026-06-10 18:30:00+00:00
1781117100000,1624.48,1629.44,1621.18,1629.0,226.42596685,2026-06-10 18:45:00+00:00
1781118000000,1629.07,1630.96,1624.73,1625.17,112.58616453,2026-06-10 19:00:00+00:00
1781118900000,1625.21,1626.74,1621.16,1625.91,249.58359025,2026-06-10 19:15:00+00:00
1781119800000,1625.59,1631.56,1625.28,1630.57,167.85660727,2026-06-10 19:30:00+00:00
1781120700000,1630.34,1630.59,1624.5,1628.41,365.09484184,2026-06-10 19:45:00+00:00
1781121600000,1627.77,1628.39,1621.58,1625.18,127.48331134,2026-06-10 20:00:00+00:00
1781122500000,1625.13,1634.3,1622.04,1631.22,260.45509522,2026-06-10 20:15:00+00:00
1781123400000,1631.17,1631.17,1628.44,1628.62,145.47843722,2026-06-10 20:30:00+00:00
1781124300000,1628.1,1629.77,1624.08,1628.98,238.36532662,2026-06-10 20:45:00+00:00
1781125200000,1628.75,1628.75,1613.54,1616.2,324.65821983,2026-06-10 21:00:00+00:00
1781126100000,1616.7,1621.92,1614.88,1617.23,87.82893493,2026-06-10 21:15:00+00:00
1781127000000,1617.2,1623.1,1617.2,1622.12,86.79909907,2026-06-10 21:30:00+00:00
1781127900000,1622.31,1622.44,1602.91,1609.61,345.33855024,2026-06-10 21:45:00+00:00
1781128800000,1609.62,1611.92,1603.41,1609.05,505.7423862,2026-06-10 22:00:00+00:00
1781129700000,1609.13,1611.99,1603.65,1608.95,562.32468336,2026-06-10 22:15:00+00:00
1781130600000,1608.93,1620.46,1608.93,1618.57,2066.15782071,2026-06-10 22:30:00+00:00
1781131500000,1619.26,1619.26,1615.38,1615.38,221.21891062,2026-06-10 22:45:00+00:00
1781132400000,1615.38,1615.46,1610.17,1611.18,325.44471684,2026-06-10 23:00:00+00:00
1781133300000,1610.85,1620.36,1608.0,1620.36,350.0849291,2026-06-10 23:15:00+00:00
1781134200000,1620.29,1623.2,1618.05,1622.0,290.8363571,2026-06-10 23:30:00+00:00
1781135100000,1621.37,1622.14,1618.74,1620.37,73.39577836,2026-06-10 23:45:00+00:00
1781136000000,1620.01,1625.07,1620.01,1624.49,105.05028648,2026-06-11 00:00:00+00:00
1781136900000,1624.47,1632.47,1624.47,1628.72,115.80119127,2026-06-11 00:15:00+00:00
1781137800000,1628.99,1629.63,1624.9,1626.01,45.70578352,2026-06-11 00:30:00+00:00
1781138700000,1625.98,1629.99,1625.71,1627.09,38.99584102,2026-06-11 00:45:00+00:00
1781139600000,1627.09,1638.13,1627.08,1637.46,275.73128955,2026-06-11 01:00:00+00:00
1781140500000,1636.22,1639.73,1635.41,1638.77,256.01868334,2026-06-11 01:15:00+00:00
1781141400000,1638.76,1645.96,1636.88,1643.23,92.4816249,2026-06-11 01:30:00+00:00
1781142300000,1642.62,1644.8,1640.75,1641.48,45.24970195,2026-06-11 01:45:00+00:00
1781143200000,1641.29,1642.6,1638.16,1638.89,52.20435999,2026-06-11 02:00:00+00:00
1781144100000,1638.98,1640.5,1632.74,1633.16,33.77712299,2026-06-11 02:15:00+00:00
1781145000000,1633.08,1634.3,1629.01,1633.32,100.50092569,2026-06-11 02:30:00+00:00
1781145900000,1632.55,1643.16,1631.29,1638.94,168.85598984,2026-06-11 02:45:00+00:00
1781146800000,1638.79,1641.42,1634.05,1635.41,70.3167122,2026-06-11 03:00:00+00:00
1781147700000,1635.49,1638.01,1634.48,1637.41,66.00071268,2026-06-11 03:15:00+00:00
1781148600000,1637.41,1648.85,1637.41,1643.7,135.61203135,2026-06-11 03:30:00+00:00
1781149500000,1643.58,1659.02,1643.44,1651.35,835.88717315,2026-06-11 03:45:00+00:00
1781150400000,1651.76,1652.14,1649.01,1650.07,176.97837702,2026-06-11 04:00:00+00:00
1781151300000,1649.96,1651.73,1648.81,1648.86,51.08863581,2026-06-11 04:15:00+00:00
1781152200000,1649.12,1654.84,1648.14,1653.49,67.69617545,2026-06-11 04:30:00+00:00
1781153100000,1653.66,1657.17,1653.65,1654.62,78.92566837,2026-06-11 04:45:00+00:00
1781154000000,1654.63,1654.63,1648.47,1649.04,32.35652921,2026-06-11 05:00:00+00:00
1781154900000,1649.03,1651.38,1645.62,1646.48,49.87686913,2026-06-11 05:15:00+00:00
1781155800000,1646.87,1649.57,1646.35,1649.09,42.44552908,2026-06-11 05:30:00+00:00
1781156700000,1649.28,1649.77,1645.93,1645.93,46.76851347,2026-06-11 05:45:00+00:00
1781157600000,1645.93,1655.1,1644.3,1654.93,74.60708084,2026-06-11 06:00:00+00:00
1781158500000,1654.99,1659.83,1654.99,1656.98,165.44683565,2026-06-11 06:15:00+00:00
1781159400000,1656.98,1661.0,1656.63,1658.02,74.79183094,2026-06-11 06:30:00+00:00
1781160300000,1657.6,1658.15,1652.46,1653.04,68.71273732,2026-06-11 06:45:00+00:00
1781161200000,1653.04,1653.04,1650.62,1652.23,50.67341036,2026-06-11 07:00:00+00:00
1781162100000,1652.22,1656.25,1651.82,1655.07,49.12007631,2026-06-11 07:15:00+00:00
1781163000000,1655.1,1655.99,1649.9,1650.84,38.92250272,2026-06-11 07:30:00+00:00
1781163900000,1650.83,1652.99,1650.83,1652.68,228.01228927,2026-06-11 07:45:00+00:00
1781164800000,1652.68,1657.16,1652.68,1656.13,61.52114798,2026-06-11 08:00:00+00:00
1781165700000,1656.11,1659.14,1654.7,1659.01,47.90716421,2026-06-11 08:15:00+00:00
1781166600000,1659.01,1660.99,1658.49,1658.63,69.68731606,2026-06-11 08:30:00+00:00
1781167500000,1658.64,1661.38,1657.01,1657.8,135.59468606,2026-06-11 08:45:00+00:00
1781168400000,1657.81,1658.71,1655.04,1655.99,103.62549538,2026-06-11 09:00:00+00:00
1781169300000,1656.08,1656.46,1654.38,1654.98,169.57747416,2026-06-11 09:15:00+00:00
1781170200000,1654.99,1658.96,1654.99,1657.56,56.84824827,2026-06-11 09:30:00+00:00
1781171100000,1657.64,1659.94,1656.94,1657.31,153.53157415,2026-06-11 09:45:00+00:00
1781172000000,1657.06,1657.99,1656.0,1656.01,44.70864837,2026-06-11 10:00:00+00:00
1781172900000,1656.01,1656.51,1652.2,1654.87,2780.18516556,2026-06-11 10:15:00+00:00
1781173800000,1654.81,1656.99,1654.62,1655.09,138.68555572,2026-06-11 10:30:00+00:00
1781174700000,1655.09,1659.32,1655.04,1657.2,64.39828826,2026-06-11 10:45:00+00:00
1781175600000,1657.1,1660.56,1655.08,1660.55,126.34721235,2026-06-11 11:00:00+00:00
1781176500000,1660.46,1662.49,1657.83,1661.58,59.09572536,2026-06-11 11:15:00+00:00
1781177400000,1661.58,1664.28,1659.31,1660.9,80.30336397,2026-06-11 11:30:00+00:00
1781178300000,1660.81,1673.03,1660.53,1665.07,392.87747893,2026-06-11 11:45:00+00:00
1781179200000,1665.03,1665.3,1657.59,1659.49,123.25428175,2026-06-11 12:00:00+00:00
1781180100000,1659.49,1659.99,1644.57,1647.42,620.23550351,2026-06-11 12:15:00+00:00
1781181000000,1646.67,1651.4,1641.7,1650.64,348.54983557,2026-06-11 12:30:00+00:00
1781181900000,1650.63,1652.9,1647.81,1650.21,242.92710031,2026-06-11 12:45:00+00:00
1781182800000,1650.18,1650.18,1646.64,1647.89,58.89235935,2026-06-11 13:00:00+00:00
1781183700000,1647.89,1652.84,1645.7,1647.12,50.84002275,2026-06-11 13:15:00+00:00
1781184600000,1647.12,1650.49,1641.87,1648.24,1915.16971662,2026-06-11 13:30:00+00:00
1781185500000,1648.52,1657.46,1648.04,1651.14,494.46768099,2026-06-11 13:45:00+00:00
1781186400000,1651.15,1653.26,1641.06,1643.46,387.97671214,2026-06-11 14:00:00+00:00
1781187300000,1642.47,1647.75,1636.84,1647.75,210.27761174,2026-06-11 14:15:00+00:00
1781188200000,1647.81,1651.45,1644.17,1649.25,44.73254319,2026-06-11 14:30:00+00:00
1781189100000,1649.39,1653.38,1641.21,1641.71,263.5491866,2026-06-11 14:45:00+00:00
1781190000000,1641.46,1645.91,1634.11,1643.7,1835.68089501,2026-06-11 15:00:00+00:00
1781190900000,1643.24,1647.99,1641.53,1644.54,184.25678537,2026-06-11 15:15:00+00:00
1781191800000,1644.41,1648.41,1640.92,1642.91,146.83021084,2026-06-11 15:30:00+00:00
1781192700000,1642.95,1643.57,1639.27,1643.53,235.73907085,2026-06-11 15:45:00+00:00
1781193600000,1643.53,1646.92,1641.49,1646.68,151.43214099,2026-06-11 16:00:00+00:00
1781194500000,1646.68,1647.52,1638.01,1640.19,226.25114407,2026-06-11 16:15:00+00:00
1781195400000,1640.2,1645.82,1637.12,1641.09,259.6554858,2026-06-11 16:30:00+00:00
1781196300000,1641.05,1641.48,1637.3,1637.62,201.45217478,2026-06-11 16:45:00+00:00
1781197200000,1637.63,1639.38,1632.09,1634.66,360.35440193,2026-06-11 17:00:00+00:00
1781198100000,1634.63,1652.04,1631.07,1651.18,936.35678182,2026-06-11 17:15:00+00:00
1781199000000,1651.86,1680.0,1651.86,1675.63,1023.55893815,2026-06-11 17:30:00+00:00
1781199900000,1675.49,1691.84,1671.73,1686.34,2309.49439748,2026-06-11 17:45:00+00:00
1781200800000,1686.34,1689.73,1675.43,1681.25,173.85053055,2026-06-11 18:00:00+00:00
1781201700000,1681.25,1685.91,1676.0,1678.88,325.29027907,2026-06-11 18:15:00+00:00
1781202600000,1678.78,1684.98,1678.11,1684.98,149.79665217,2026-06-11 18:30:00+00:00
1781203500000,1684.89,1685.27,1681.54,1682.13,112.48020246,2026-06-11 18:45:00+00:00
1781204400000,1682.15,1683.99,1674.11,1677.62,456.42838042,2026-06-11 19:00:00+00:00
1781205300000,1676.58,1682.23,1676.57,1678.28,132.75306488,2026-06-11 19:15:00+00:00
1781206200000,1678.12,1691.39,1678.12,1683.81,250.10826373,2026-06-11 19:30:00+00:00
1781207100000,1684.15,1684.15,1679.39,1679.82,155.75828014,2026-06-11 19:45:00+00:00
1781208000000,1680.04,1681.44,1676.79,1677.7,143.89864132,2026-06-11 20:00:00+00:00
1781208900000,1677.59,1677.71,1667.68,1669.01,216.32852309,2026-06-11 20:15:00+00:00
1781209800000,1668.84,1671.37,1665.79,1666.99,251.85772142,2026-06-11 20:30:00+00:00
1781210700000,1666.98,1670.8,1666.42,1670.62,37.77167694,2026-06-11 20:45:00+00:00
1781211600000,1670.62,1682.01,1670.62,1680.13,763.2611507,2026-06-11 21:00:00+00:00
1781212500000,1679.8,1680.6,1676.79,1677.3,45.96421128,2026-06-11 21:15:00+00:00
1781213400000,1677.45,1678.98,1676.47,1678.82,23.56062943,2026-06-11 21:30:00+00:00
1781214300000,1678.82,1678.99,1674.2,1675.34,81.05803337,2026-06-11 21:45:00+00:00
1781215200000,1675.4,1681.05,1675.29,1679.73,220.49028382,2026-06-11 22:00:00+00:00
1781216100000,1679.31,1681.32,1673.98,1676.5,190.94808455,2026-06-11 22:15:00+00:00
1781217000000,1676.46,1680.06,1674.57,1674.57,34.09302916,2026-06-11 22:30:00+00:00
1781217900000,1674.55,1676.98,1673.84,1674.6,27.88689306,2026-06-11 22:45:00+00:00
1781218800000,1674.58,1674.58,1669.79,1671.86,318.79485316,2026-06-11 23:00:00+00:00
1781219700000,1671.29,1672.0,1668.51,1668.79,74.76051018,2026-06-11 23:15:00+00:00
1781220600000,1668.99,1677.45,1668.98,1674.98,59.75918516,2026-06-11 23:30:00+00:00
1781221500000,1674.99,1675.46,1670.24,1671.53,13.57436497,2026-06-11 23:45:00+00:00
1781222400000,1671.6,1680.62,1668.48,1673.61,2129.89905117,2026-06-12 00:00:00+00:00
1781223300000,1673.99,1673.99,1668.04,1671.9,76.0024866,2026-06-12 00:15:00+00:00
1781224200000,1671.21,1675.26,1670.44,1672.63,172.06486771,2026-06-12 00:30:00+00:00
1781225100000,1672.7,1674.31,1670.96,1670.96,61.34102963,2026-06-12 00:45:00+00:00
1781226000000,1671.16,1671.16,1666.32,1667.32,47.56714334,2026-06-12 01:00:00+00:00
1781226900000,1667.62,1669.54,1659.51,1661.56,114.60814917,2026-06-12 01:15:00+00:00
1781227800000,1661.53,1663.46,1660.52,1662.9,73.28234358,2026-06-12 01:30:00+00:00
1781228700000,1663.37,1665.02,1663.14,1664.98,38.58630029,2026-06-12 01:45:00+00:00
1781229600000,1664.99,1675.21,1664.98,1673.3,147.81180668,2026-06-12 02:00:00+00:00
1781230500000,1673.29,1673.3,1669.88,1670.77,35.07296007,2026-06-12 02:15:00+00:00
1781231400000,1670.78,1675.11,1670.57,1674.72,58.38229014,2026-06-12 02:30:00+00:00
1781232300000,1674.99,1675.06,1672.99,1673.37,15.01756509,2026-06-12 02:45:00+00:00
1781233200000,1673.43,1674.2,1671.64,1671.64,97.60275656,2026-06-12 03:00:00+00:00
1781234100000,1671.77,1671.79,1666.9,1669.54,31.54623007,2026-06-12 03:15:00+00:00
1781235000000,1669.31,1671.7,1668.2,1669.18,18.08038089,2026-06-12 03:30:00+00:00
1781235900000,1669.36,1670.63,1668.84,1670.59,47.80369151,2026-06-12 03:45:00+00:00
1781236800000,1670.59,1670.68,1667.15,1667.98,23.68472702,2026-06-12 04:00:00+00:00
1781237700000,1667.98,1676.26,1667.98,1674.9,267.94075162,2026-06-12 04:15:00+00:00
1781238600000,1675.2,1679.13,1675.0,1676.62,166.97850704,2026-06-12 04:30:00+00:00
1781239500000,1676.61,1677.21,1675.12,1675.12,30.53278656,2026-06-12 04:45:00+00:00
1781240400000,1675.13,1675.29,1664.84,1666.14,216.68589231,2026-06-12 05:00:00+00:00
1781241300000,1666.0,1668.74,1665.35,1666.39,103.81075513,2026-06-12 05:15:00+00:00
1781242200000,1666.38,1666.99,1660.98,1662.74,26.19321427,2026-06-12 05:30:00+00:00
1781243100000,1662.79,1663.21,1660.04,1661.96,73.11966907,2026-06-12 05:45:00+00:00
1781244000000,1661.99,1664.16,1659.49,1660.2,50.59508926,2026-06-12 06:00:00+00:00
1781244900000,1660.42,1660.43,1656.52,1657.92,48.36423014,2026-06-12 06:15:00+00:00
1781245800000,1657.66,1657.7,1650.35,1652.56,80.72830306,2026-06-12 06:30:00+00:00
1781246700000,1652.98,1657.24,1652.98,1655.25,26.69512997,2026-06-12 06:45:00+00:00
1781247600000,1655.27,1658.92,1655.18,1655.18,23.79327261,2026-06-12 07:00:00+00:00
1781248500000,1655.36,1657.76,1654.37,1656.73,42.01903444,2026-06-12 07:15:00+00:00
1781249400000,1656.73,1659.17,1656.73,1658.86,48.33516311,2026-06-12 07:30:00+00:00
1781250300000,1658.87,1662.67,1657.58,1660.25,333.68393599,2026-06-12 07:45:00+00:00
1781251200000,1659.92,1665.8,1659.92,1665.46,25.37136142,2026-06-12 08:00:00+00:00
1781252100000,1665.16,1677.11,1665.01,1672.51,178.57352305,2026-06-12 08:15:00+00:00
1781253000000,1672.85,1673.24,1668.76,1668.8,24.97052675,2026-06-12 08:30:00+00:00
1781253900000,1668.97,1671.9,1667.89,1671.29,17.24571538,2026-06-12 08:45:00+00:00
1781254800000,1671.21,1672.99,1669.24,1672.63,43.58947185,2026-06-12 09:00:00+00:00
1781255700000,1672.98,1677.98,1672.97,1677.98,55.49967775,2026-06-12 09:15:00+00:00
1781256600000,1677.89,1681.87,1677.89,1680.8,83.34550971,2026-06-12 09:30:00+00:00
1781257500000,1680.66,1683.14,1678.3,1678.36,107.2398072,2026-06-12 09:45:00+00:00
1781258400000,1678.26,1680.98,1676.26,1677.24,119.78944778,2026-06-12 10:00:00+00:00
1781259300000,1677.61,1677.8,1670.02,1671.17,42.585934,2026-06-12 10:15:00+00:00
1781260200000,1671.17,1675.09,1671.17,1672.96,46.46867816,2026-06-12 10:30:00+00:00
1781261100000,1673.22,1674.54,1672.71,1673.26,21.6830878,2026-06-12 10:45:00+00:00
1781262000000,1673.11,1676.03,1672.47,1674.56,31.14635469,2026-06-12 11:00:00+00:00
1781262900000,1674.52,1676.21,1672.83,1674.51,26.2981078,2026-06-12 11:15:00+00:00
1781263800000,1674.09,1674.09,1670.05,1673.42,46.04322951,2026-06-12 11:30:00+00:00
1781264700000,1673.42,1674.79,1672.08,1672.08,39.17726606,2026-06-12 11:45:00+00:00
1781265600000,1672.08,1672.08,1667.54,1669.12,38.33065288,2026-06-12 12:00:00+00:00
1781266500000,1669.01,1669.72,1664.94,1665.54,186.66559947,2026-06-12 12:15:00+00:00
1781267400000,1665.38,1667.82,1663.08,1664.0,54.65969768,2026-06-12 12:30:00+00:00
1781268300000,1663.98,1666.06,1661.38,1664.82,211.32574692,2026-06-12 12:45:00+00:00
1781269200000,1664.9,1665.9,1662.57,1665.19,28.39061685,2026-06-12 13:00:00+00:00
1781270100000,1665.45,1667.42,1662.07,1663.99,99.99868045,2026-06-12 13:15:00+00:00
1781271000000,1664.02,1664.64,1651.42,1655.37,294.12604597,2026-06-12 13:30:00+00:00
1781271900000,1655.06,1657.92,1652.18,1655.3,563.18907826,2026-06-12 13:45:00+00:00
1781272800000,1655.69,1666.73,1654.83,1664.34,272.25706616,2026-06-12 14:00:00+00:00
1781273700000,1664.83,1669.99,1660.46,1669.09,74.9374036,2026-06-12 14:15:00+00:00
1781274600000,1668.91,1674.96,1665.54,1667.64,280.95719229,2026-06-12 14:30:00+00:00
1781275500000,1667.21,1684.49,1665.04,1684.13,285.78066222,2026-06-12 14:45:00+00:00
1781276400000,1684.13,1689.66,1678.18,1688.34,334.14775751,2026-06-12 15:00:00+00:00
1781277300000,1688.43,1689.05,1681.23,1681.26,145.17996812,2026-06-12 15:15:00+00:00
1781278200000,1681.41,1681.41,1668.43,1669.97,182.0865064,2026-06-12 15:30:00+00:00
1781279100000,1670.43,1671.02,1657.73,1658.9,495.72903102,2026-06-12 15:45:00+00:00
1781280000000,1658.92,1672.78,1656.68,1670.27,775.74653548,2026-06-12 16:00:00+00:00
1781280900000,1670.26,1674.49,1665.53,1669.42,150.93060868,2026-06-12 16:15:00+00:00
1781281800000,1669.42,1674.28,1665.51,1667.93,120.14179387,2026-06-12 16:30:00+00:00
1781282700000,1668.42,1671.46,1666.6,1671.46,59.66995217,2026-06-12 16:45:00+00:00
1781283600000,1671.47,1676.83,1669.58,1670.81,110.40742017,2026-06-12 17:00:00+00:00
1781284500000,1670.0,1671.37,1666.34,1669.5,494.10497063,2026-06-12 17:15:00+00:00
1781285400000,1669.55,1670.74,1666.87,1667.86,65.29228018,2026-06-12 17:30:00+00:00
1781286300000,1667.91,1669.59,1666.83,1667.71,91.14500482,2026-06-12 17:45:00+00:00
1781287200000,1667.71,1670.55,1662.64,1667.0,199.82504273,2026-06-12 18:00:00+00:00
1781288100000,1666.98,1667.26,1662.89,1666.27,47.89489611,2026-06-12 18:15:00+00:00
1781289000000,1666.26,1671.98,1665.12,1670.75,115.39908787,2026-06-12 18:30:00+00:00
1781289900000,1670.3,1671.08,1665.39,1665.68,28.06165951,2026-06-12 18:45:00+00:00
1781290800000,1665.73,1669.03,1665.73,1668.08,32.22852873,2026-06-12 19:00:00+00:00
1781291700000,1668.29,1670.09,1666.96,1668.7,23.95845973,2026-06-12 19:15:00+00:00
1781292600000,1668.59,1670.93,1664.38,1665.43,230.96300088,2026-06-12 19:30:00+00:00
1781293500000,1665.67,1666.65,1663.84,1665.34,59.67408103,2026-06-12 19:45:00+00:00
1781294400000,1665.11,1666.99,1663.24,1666.01,317.54614787,2026-06-12 20:00:00+00:00
1781295300000,1666.32,1666.43,1664.31,1665.56,19.80363192,2026-06-12 20:15:00+00:00
1781296200000,1665.43,1666.35,1664.88,1665.52,22.82678091,2026-06-12 20:30:00+00:00
1781297100000,1664.98,1665.31,1661.11,1664.24,29.66984051,2026-06-12 20:45:00+00:00
1781298000000,1664.24,1666.53,1662.35,1666.26,389.9014067,2026-06-12 21:00:00+00:00
1781298900000,1666.21,1667.17,1665.25,1665.46,100.3246098,2026-06-12 21:15:00+00:00
1781299800000,1665.45,1666.11,1664.58,1664.97,26.63948651,2026-06-12 21:30:00+00:00
1781300700000,1664.87,1664.87,1662.39,1663.64,62.92384271,2026-06-12 21:45:00+00:00
1781301600000,1663.63,1664.27,1662.29,1663.08,38.57055916,2026-06-12 22:00:00+00:00
1781302500000,1663.29,1666.06,1662.37,1664.32,566.26659061,2026-06-12 22:15:00+00:00
1781303400000,1664.29,1664.99,1660.49,1661.5,24.74417918,2026-06-12 22:30:00+00:00
1781304300000,1661.67,1661.99,1660.01,1661.51,997.74675978,2026-06-12 22:45:00+00:00
1781305200000,1661.52,1661.72,1658.59,1660.28,117.7663485,2026-06-12 23:00:00+00:00
1781306100000,1660.28,1662.07,1659.5,1661.24,24.76638088,2026-06-12 23:15:00+00:00
1781307000000,1661.24,1663.74,1660.63,1662.25,25.00736986,2026-06-12 23:30:00+00:00
1781307900000,1662.25,1665.6,1662.18,1665.21,1663.63907635,2026-06-12 23:45:00+00:00
1781308800000,1665.32,1666.92,1664.68,1666.92,25.42197761,2026-06-13 00:00:00+00:00
1781309700000,1666.99,1667.99,1665.56,1665.77,142.1590992,2026-06-13 00:15:00+00:00
1781310600000,1665.55,1667.93,1665.53,1666.16,69.63743784,2026-06-13 00:30:00+00:00
1781311500000,1665.96,1667.47,1664.9,1666.9,15.88551922,2026-06-13 00:45:00+00:00
1781312400000,1666.9,1668.76,1666.89,1667.78,40.65886092,2026-06-13 01:00:00+00:00
1781313300000,1667.88,1668.56,1665.94,1667.31,23.27842661,2026-06-13 01:15:00+00:00
1781314200000,1667.31,1674.76,1667.07,1671.7,371.26273917,2026-06-13 01:30:00+00:00
1781315100000,1671.71,1674.43,1671.71,1672.65,33.18865991,2026-06-13 01:45:00+00:00
1781316000000,1672.99,1673.34,1671.39,1671.68,41.08673259,2026-06-13 02:00:00+00:00
1781316900000,1671.68,1671.98,1668.92,1669.13,46.45891603,2026-06-13 02:15:00+00:00
1781317800000,1669.18,1669.53,1666.23,1666.3,29.0403446,2026-06-13 02:30:00+00:00
1781318700000,1666.3,1667.44,1664.75,1667.32,38.08959071,2026-06-13 02:45:00+00:00
1781319600000,1667.33,1668.42,1667.0,1667.0,23.70157393,2026-06-13 03:00:00+00:00
1781320500000,1667.08,1667.22,1662.27,1663.47,848.91498636,2026-06-13 03:15:00+00:00
1781321400000,1663.47,1664.48,1663.41,1664.45,60.41300028,2026-06-13 03:30:00+00:00
1781322300000,1664.44,1665.15,1664.15,1664.16,19.28905291,2026-06-13 03:45:00+00:00
1781323200000,1664.35,1664.86,1662.68,1663.53,15.90578224,2026-06-13 04:00:00+00:00
1781324100000,1663.39,1665.73,1663.36,1664.66,33.48111588,2026-06-13 04:15:00+00:00
1781325000000,1664.66,1667.26,1664.66,1666.99,76.50719927,2026-06-13 04:30:00+00:00
1781325900000,1666.98,1666.99,1663.61,1663.99,12.0081807,2026-06-13 04:45:00+00:00
1781326800000,1663.99,1664.55,1662.78,1663.98,20.92046002,2026-06-13 05:00:00+00:00
1781327700000,1663.66,1664.16,1663.0,1663.79,8.33425004,2026-06-13 05:15:00+00:00
1781328600000,1663.61,1664.56,1663.36,1663.36,47.21309007,2026-06-13 05:30:00+00:00
1781329500000,1663.51,1663.99,1661.49,1663.99,52.36785232,2026-06-13 05:45:00+00:00
1781330400000,1663.99,1665.12,1663.28,1663.96,1873.6301354,2026-06-13 06:00:00+00:00
1781331300000,1663.95,1665.38,1663.15,1665.38,7.10890995,2026-06-13 06:15:00+00:00
1781332200000,1665.38,1666.72,1665.38,1666.21,32.24115557,2026-06-13 06:30:00+00:00
1781333100000,1666.21,1669.06,1666.21,1669.06,50.92653428,2026-06-13 06:45:00+00:00
1781334000000,1668.98,1669.17,1667.49,1669.12,8.0984857,2026-06-13 07:00:00+00:00
1781334900000,1668.85,1673.72,1667.82,1672.49,157.8777579,2026-06-13 07:15:00+00:00
1781335800000,1672.4,1672.47,1671.43,1672.46,16.04861661,2026-06-13 07:30:00+00:00
1781336700000,1672.39,1675.99,1672.39,1675.14,106.1452544,2026-06-13 07:45:00+00:00
1781337600000,1675.21,1678.91,1672.7,1674.6,231.46822556,2026-06-13 08:00:00+00:00
1781338500000,1674.45,1675.65,1673.35,1674.36,36.39388694,2026-06-13 08:15:00+00:00
1781339400000,1674.31,1676.84,1673.96,1675.49,35.77656017,2026-06-13 08:30:00+00:00
1781340300000,1675.46,1675.58,1673.53,1673.71,30.7454577,2026-06-13 08:45:00+00:00
1781341200000,1673.7,1675.09,1673.5,1674.15,121.53709243,2026-06-13 09:00:00+00:00
1781342100000,1673.98,1674.62,1672.29,1672.75,9.17421932,2026-06-13 09:15:00+00:00
1781343000000,1672.76,1673.73,1672.62,1673.55,19.36936309,2026-06-13 09:30:00+00:00
1781343900000,1673.67,1673.69,1672.21,1672.58,19.04779185,2026-06-13 09:45:00+00:00
1781344800000,1672.75,1673.48,1672.0,1672.23,21.54027708,2026-06-13 10:00:00+00:00
1781345700000,1672.47,1672.98,1671.75,1672.58,125.66716423,2026-06-13 10:15:00+00:00
1781346600000,1672.55,1674.55,1672.55,1674.27,67.82238112,2026-06-13 10:30:00+00:00
1781347500000,1674.18,1674.98,1671.97,1672.99,56.02744728,2026-06-13 10:45:00+00:00
1781348400000,1672.99,1676.32,1672.63,1676.11,52.39449181,2026-06-13 11:00:00+00:00
1781349300000,1676.4,1677.6,1676.0,1677.51,50.48424854,2026-06-13 11:15:00+00:00
1781350200000,1677.5,1677.5,1676.16,1676.57,31.17321869,2026-06-13 11:30:00+00:00
1781351100000,1676.57,1677.55,1675.69,1677.41,43.39384415,2026-06-13 11:45:00+00:00
1781352000000,1677.41,1677.41,1676.33,1676.6,34.1800149,2026-06-13 12:00:00+00:00
1781352900000,1676.02,1677.45,1675.95,1676.2,44.91626396,2026-06-13 12:15:00+00:00
1781353800000,1676.14,1677.99,1676.14,1677.44,32.14037138,2026-06-13 12:30:00+00:00
1781354700000,1677.44,1682.16,1677.44,1679.33,183.32801157,2026-06-13 12:45:00+00:00
1781355600000,1679.53,1679.53,1677.51,1678.46,48.93401273,2026-06-13 13:00:00+00:00
1781356500000,1678.45,1680.23,1677.61,1679.27,46.27648188,2026-06-13 13:15:00+00:00
1781357400000,1679.53,1680.22,1678.31,1679.26,517.15864158,2026-06-13 13:30:00+00:00
1781358300000,1679.26,1680.23,1676.08,1677.0,441.40964527,2026-06-13 13:45:00+00:00
1781359200000,1676.99,1680.45,1676.68,1679.52,92.364698,2026-06-13 14:00:00+00:00
1781360100000,1679.22,1679.88,1677.25,1678.01,23.39785776,2026-06-13 14:15:00+00:00
1781361000000,1678.0,1679.61,1678.0,1678.62,37.9952672,2026-06-13 14:30:00+00:00
1781361900000,1678.5,1679.7,1678.27,1678.65,526.14181619,2026-06-13 14:45:00+00:00
1781362800000,1678.82,1680.48,1677.75,1680.24,95.65986372,2026-06-13 15:00:00+00:00
1781363700000,1680.38,1682.44,1679.54,1682.12,33.91476275,2026-06-13 15:15:00+00:00
1781364600000,1682.37,1684.94,1678.38,1678.72,95.78575912,2026-06-13 15:30:00+00:00
1781365500000,1679.0,1681.91,1678.47,1681.43,53.74412569,2026-06-13 15:45:00+00:00
1781366400000,1681.43,1681.43,1673.8,1673.97,58.29283644,2026-06-13 16:00:00+00:00
1781367300000,1674.27,1674.27,1670.47,1671.74,112.97981369,2026-06-13 16:15:00+00:00
1781368200000,1672.04,1673.6,1671.02,1673.55,30.35782803,2026-06-13 16:30:00+00:00
1781369100000,1673.55,1678.93,1672.12,1675.36,81.65828054,2026-06-13 16:45:00+00:00
1781370000000,1675.36,1676.88,1673.37,1673.73,585.40846105,2026-06-13 17:00:00+00:00
1781370900000,1673.73,1676.34,1673.02,1676.34,33.85406787,2026-06-13 17:15:00+00:00
1781371800000,1676.4,1677.19,1675.81,1676.56,63.39106317,2026-06-13 17:30:00+00:00
1781372700000,1676.61,1677.07,1672.11,1673.27,1681.01765891,2026-06-13 17:45:00+00:00
1781373600000,1673.27,1675.75,1673.06,1675.7,29.47375981,2026-06-13 18:00:00+00:00
1781374500000,1675.69,1679.01,1675.06,1678.87,60.10734304,2026-06-13 18:15:00+00:00
1781375400000,1678.87,1681.63,1678.87,1681.15,43.59544191,2026-06-13 18:30:00+00:00
1781376300000,1681.15,1681.15,1675.31,1677.39,66.15983973,2026-06-13 18:45:00+00:00
1781377200000,1677.39,1678.45,1676.79,1676.99,38.79811521,2026-06-13 19:00:00+00:00
1781378100000,1676.98,1676.99,1675.06,1675.65,45.50060219,2026-06-13 19:15:00+00:00
1781379000000,1675.65,1678.98,1675.65,1678.34,50.56770221,2026-06-13 19:30:00+00:00
1781379900000,1678.34,1679.12,1678.01,1678.01,21.25329897,2026-06-13 19:45:00+00:00
1781380800000,1678.01,1678.01,1675.66,1676.49,32.14207131,2026-06-13 20:00:00+00:00
1781381700000,1676.49,1677.29,1675.61,1675.7,43.05425203,2026-06-13 20:15:00+00:00
1781382600000,1675.7,1675.7,1674.55,1674.6,144.92338115,2026-06-13 20:30:00+00:00
1781383500000,1674.6,1675.91,1674.59,1675.82,31.15702566,2026-06-13 20:45:00+00:00
1781384400000,1675.74,1676.42,1673.68,1674.15,527.3249223,2026-06-13 21:00:00+00:00
1781385300000,1674.32,1676.38,1674.32,1675.46,33.7305517,2026-06-13 21:15:00+00:00
1781386200000,1675.46,1696.32,1675.45,1686.56,1737.25448596,2026-06-13 21:30:00+00:00
1781387100000,1686.88,1688.43,1684.03,1685.52,712.57328204,2026-06-13 21:45:00+00:00
1781388000000,1685.53,1685.53,1682.14,1682.39,72.31570025,2026-06-13 22:00:00+00:00
1781388900000,1682.39,1684.22,1682.15,1684.06,25.00743938,2026-06-13 22:15:00+00:00
1781389800000,1684.2,1684.93,1682.54,1682.79,29.29231153,2026-06-13 22:30:00+00:00
1781390700000,1682.96,1682.98,1681.19,1681.19,37.62301124,2026-06-13 22:45:00+00:00
1781391600000,1681.18,1681.23,1680.12,1680.72,21.6967783,2026-06-13 23:00:00+00:00
1781392500000,1680.72,1683.57,1679.22,1679.87,29.24501693,2026-06-13 23:15:00+00:00
1781393400000,1679.86,1680.56,1679.45,1679.48,38.65426842,2026-06-13 23:30:00+00:00
1781394300000,1679.48,1680.48,1677.45,1680.48,387.44571208,2026-06-13 23:45:00+00:00
1781395200000,1680.35,1680.35,1678.58,1679.08,29.99393549,2026-06-14 00:00:00+00:00
1781396100000,1679.08,1680.35,1678.03,1679.7,17.37274913,2026-06-14 00:15:00+00:00
1781397000000,1679.46,1682.59,1679.2,1681.74,39.10962371,2026-06-14 00:30:00+00:00
1781397900000,1681.74,1682.49,1680.57,1681.13,17.89538298,2026-06-14 00:45:00+00:00
1781398800000,1681.14,1684.98,1679.49,1684.11,57.49605095,2026-06-14 01:00:00+00:00
1781399700000,1683.78,1688.99,1683.78,1686.06,188.71572228,2026-06-14 01:15:00+00:00
1781400600000,1686.06,1686.06,1683.69,1683.69,19.41067865,2026-06-14 01:30:00+00:00
1781401500000,1683.72,1685.78,1683.1,1683.27,27.35387659,2026-06-14 01:45:00+00:00
1781402400000,1683.27,1684.38,1682.34,1684.38,1761.56888085,2026-06-14 02:00:00+00:00
1781403300000,1684.37,1684.74,1681.58,1681.99,44.24254935,2026-06-14 02:15:00+00:00
1781404200000,1681.99,1682.81,1680.97,1681.35,32.13598146,2026-06-14 02:30:00+00:00
1781405100000,1681.2,1682.01,1680.64,1681.89,20.83105163,2026-06-14 02:45:00+00:00
1781406000000,1681.89,1682.4,1680.69,1681.48,15.72215087,2026-06-14 03:00:00+00:00
1781406900000,1681.45,1682.2,1681.12,1681.84,7.91625212,2026-06-14 03:15:00+00:00
1781407800000,1681.84,1681.84,1679.2,1679.2,21.89282105,2026-06-14 03:30:00+00:00
1781408700000,1679.21,1681.22,1679.21,1680.87,38.91437296,2026-06-14 03:45:00+00:00
1781409600000,1680.98,1681.31,1679.22,1680.13,29.89443469,2026-06-14 04:00:00+00:00
1781410500000,1680.12,1680.82,1680.11,1680.13,20.38754435,2026-06-14 04:15:00+00:00
1781411400000,1680.12,1680.12,1675.67,1676.37,863.54957619,2026-06-14 04:30:00+00:00
1781412300000,1676.81,1677.67,1675.66,1677.56,52.3697371,2026-06-14 04:45:00+00:00
1781413200000,1677.07,1678.21,1676.41,1676.65,44.48570518,2026-06-14 05:00:00+00:00
1781414100000,1677.07,1677.07,1674.45,1674.84,74.23655161,2026-06-14 05:15:00+00:00
1781415000000,1674.85,1677.44,1673.66,1677.06,48.9639832,2026-06-14 05:30:00+00:00
1781415900000,1677.18,1677.96,1677.04,1677.54,21.83017529,2026-06-14 05:45:00+00:00
1781416800000,1677.46,1680.99,1677.39,1680.6,22.54864362,2026-06-14 06:00:00+00:00
1781417700000,1680.69,1680.69,1676.29,1677.53,22.53644119,2026-06-14 06:15:00+00:00
1781418600000,1678.36,1678.71,1675.58,1676.01,10.3132819,2026-06-14 06:30:00+00:00
1781419500000,1676.17,1676.18,1674.69,1675.64,4.25862433,2026-06-14 06:45:00+00:00
1781420400000,1675.69,1675.69,1672.92,1673.99,72.5976255,2026-06-14 07:00:00+00:00
1781421300000,1673.99,1676.25,1673.99,1675.89,8.82879896,2026-06-14 07:15:00+00:00
1781422200000,1675.89,1675.89,1673.1,1673.1,9.39141428,2026-06-14 07:30:00+00:00
1781423100000,1673.19,1675.49,1673.06,1675.02,16.84896983,2026-06-14 07:45:00+00:00
1781424000000,1675.03,1675.91,1673.55,1675.31,52.79269879,2026-06-14 08:00:00+00:00
1781424900000,1675.32,1677.15,1675.32,1676.44,92.3373083,2026-06-14 08:15:00+00:00
1781425800000,1676.54,1677.41,1676.25,1676.36,33.32201728,2026-06-14 08:30:00+00:00
1781426700000,1676.36,1676.6,1674.19,1674.65,4.90207131,2026-06-14 08:45:00+00:00
1781427600000,1674.69,1675.36,1673.65,1673.94,8.10121621,2026-06-14 09:00:00+00:00
1781428500000,1673.96,1673.96,1668.01,1670.17,74.15312157,2026-06-14 09:15:00+00:00
1781429400000,1670.16,1676.13,1670.04,1676.13,22.22102654,2026-06-14 09:30:00+00:00
1781430300000,1676.27,1677.63,1675.99,1677.63,52.63779721,2026-06-14 09:45:00+00:00
1781431200000,1677.62,1677.62,1674.34,1675.02,22.05603705,2026-06-14 10:00:00+00:00
1781432100000,1675.02,1677.19,1674.5,1675.48,11.59967953,2026-06-14 10:15:00+00:00
1781433000000,1675.48,1676.5,1675.16,1675.16,7.82410101,2026-06-14 10:30:00+00:00
1781433900000,1675.16,1675.31,1672.07,1672.35,4.14194633,2026-06-14 10:45:00+00:00
1781434800000,1672.36,1673.5,1671.36,1673.5,16.34393394,2026-06-14 11:00:00+00:00
1781435700000,1673.49,1674.1,1671.93,1674.1,20.711286,2026-06-14 11:15:00+00:00
1781436600000,1673.76,1675.76,1673.76,1675.26,10.83651895,2026-06-14 11:30:00+00:00
1781437500000,1674.91,1674.97,1672.79,1672.94,4.84989456,2026-06-14 11:45:00+00:00
1781438400000,1672.94,1673.42,1671.88,1672.27,10.75393414,2026-06-14 12:00:00+00:00
1781439300000,1672.18,1673.51,1671.92,1672.0,13.60527615,2026-06-14 12:15:00+00:00
1781440200000,1672.07,1672.08,1665.2,1667.62,175.06685579,2026-06-14 12:30:00+00:00
1781441100000,1667.61,1667.61,1664.96,1665.82,100.67467816,2026-06-14 12:45:00+00:00
1781442000000,1665.98,1667.9,1665.2,1666.98,18.21021827,2026-06-14 13:00:00+00:00
1781442900000,1666.99,1667.77,1664.44,1664.75,18.12853797,2026-06-14 13:15:00+00:00
1781443800000,1664.75,1667.12,1663.75,1667.11,29.73689693,2026-06-14 13:30:00+00:00
1781444700000,1667.08,1667.38,1664.22,1665.32,64.3065718,2026-06-14 13:45:00+00:00
1781445600000,1665.38,1665.67,1663.45,1665.47,31.38017423,2026-06-14 14:00:00+00:00
1781446500000,1665.49,1668.65,1662.72,1663.99,16.67377559,2026-06-14 14:15:00+00:00
1781447400000,1663.91,1664.04,1653.69,1654.9,388.1943042,2026-06-14 14:30:00+00:00
1781448300000,1654.91,1658.09,1654.91,1658.09,21.74230891,2026-06-14 14:45:00+00:00
1781449200000,1658.09,1662.89,1658.09,1661.89,24.22705283,2026-06-14 15:00:00+00:00
1781450100000,1661.89,1663.09,1660.36,1662.16,27.29517667,2026-06-14 15:15:00+00:00
1781451000000,1662.2,1663.01,1660.18,1662.03,95.31323294,2026-06-14 15:30:00+00:00
1781451900000,1662.02,1663.35,1661.03,1661.97,15.17790187,2026-06-14 15:45:00+00:00
1781452800000,1661.9,1665.07,1661.88,1664.52,43.03800966,2026-06-14 16:00:00+00:00
1781453700000,1664.51,1666.7,1663.82,1666.29,28.80060651,2026-06-14 16:15:00+00:00
1781454600000,1666.29,1666.91,1665.71,1665.98,17.20078175,2026-06-14 16:30:00+00:00
1781455500000,1665.99,1665.99,1658.34,1660.27,51.82303015,2026-06-14 16:45:00+00:00
1781456400000,1660.26,1663.37,1659.6,1663.37,136.77397816,2026-06-14 17:00:00+00:00
1781457300000,1663.37,1664.89,1663.04,1663.04,21.99996731,2026-06-14 17:15:00+00:00
1781458200000,1663.02,1665.4,1660.45,1662.99,63.65895886,2026-06-14 17:30:00+00:00
1781459100000,1662.99,1663.69,1660.13,1661.11,100.65297692,2026-06-14 17:45:00+00:00
1781460000000,1661.22,1661.99,1660.01,1660.99,24.6902736,2026-06-14 18:00:00+00:00
1781460900000,1660.99,1661.38,1657.83,1659.1,45.55746957,2026-06-14 18:15:00+00:00
1781461800000,1659.11,1660.0,1658.46,1660.0,60.21213058,2026-06-14 18:30:00+00:00
1781462700000,1659.99,1660.72,1659.46,1660.71,23.62056303,2026-06-14 18:45:00+00:00
1781463600000,1660.72,1664.03,1660.18,1664.03,119.88220241,2026-06-14 19:00:00+00:00
1781464500000,1664.08,1666.38,1664.08,1665.32,114.38626963,2026-06-14 19:15:00+00:00
1781465400000,1665.31,1666.4,1664.27,1664.27,59.19572482,2026-06-14 19:30:00+00:00
1781466300000,1664.27,1664.28,1664.27,1664.27,4.45872594,2026-06-14 19:45:00+00:00
1781467200000,1664.28,1665.5,1661.6,1662.66,131.83213366,2026-06-14 20:00:00+00:00
1781468100000,1662.66,1666.79,1662.65,1666.23,84.70146127,2026-06-14 20:15:00+00:00
1781469000000,1666.18,1672.67,1666.18,1670.61,138.52352748,2026-06-14 20:30:00+00:00
1781469900000,1670.63,1671.46,1669.86,1670.08,872.95581903,2026-06-14 20:45:00+00:00
1781470800000,1670.01,1671.66,1669.29,1671.66,50.75781731,2026-06-14 21:00:00+00:00
1781471700000,1671.65,1713.06,1671.65,1701.09,989.51612147,2026-06-14 21:15:00+00:00
1781472600000,1700.22,1723.0,1698.32,1715.53,852.43428302,2026-06-14 21:30:00+00:00
1781473500000,1715.02,1731.63,1715.02,1718.45,2558.22068406,2026-06-14 21:45:00+00:00
1781474400000,1719.65,1728.15,1710.51,1719.9,1075.06037973,2026-06-14 22:00:00+00:00
1781475300000,1720.54,1723.69,1715.51,1720.16,575.40510431,2026-06-14 22:15:00+00:00
1781476200000,1720.75,1726.61,1717.23,1723.91,544.80194206,2026-06-14 22:30:00+00:00
1781477100000,1725.22,1726.41,1719.55,1721.65,133.93590325,2026-06-14 22:45:00+00:00
1781478000000,1721.77,1725.0,1716.26,1723.57,70.67676671,2026-06-14 23:00:00+00:00
1781478900000,1724.58,1725.25,1719.71,1723.1,83.33358449,2026-06-14 23:15:00+00:00
1781479800000,1723.46,1725.02,1719.01,1719.01,104.25877525,2026-06-14 23:30:00+00:00
1781480700000,1719.02,1725.17,1719.02,1725.08,54.80118151,2026-06-14 23:45:00+00:00
1781481600000,1725.1,1730.98,1724.1,1730.59,368.18809806,2026-06-15 00:00:00+00:00
1781482500000,1730.59,1730.59,1723.11,1725.16,278.70670265,2026-06-15 00:15:00+00:00
1781483400000,1725.15,1725.15,1719.0,1719.6,101.88123285,2026-06-15 00:30:00+00:00
1781484300000,1720.42,1721.34,1719.0,1719.9,83.64674299,2026-06-15 00:45:00+00:00
1781485200000,1720.08,1720.09,1711.41,1716.44,80.1045928,2026-06-15 01:00:00+00:00
1781486100000,1716.81,1716.81,1708.57,1711.75,103.3875877,2026-06-15 01:15:00+00:00
1781487000000,1710.77,1720.39,1710.37,1720.14,167.67019744,2026-06-15 01:30:00+00:00
1781487900000,1720.58,1720.63,1714.49,1715.13,732.71664598,2026-06-15 01:45:00+00:00
1781488800000,1715.14,1720.72,1713.5,1719.87,736.58680144,2026-06-15 02:00:00+00:00
1781489700000,1720.73,1725.62,1720.06,1720.15,77.06649339,2026-06-15 02:15:00+00:00
1781490600000,1720.2,1721.65,1718.92,1719.26,67.74631056,2026-06-15 02:30:00+00:00
1781491500000,1719.27,1719.27,1715.37,1716.0,19.19008857,2026-06-15 02:45:00+00:00
1781492400000,1716.0,1722.61,1714.67,1721.8,362.14796828,2026-06-15 03:00:00+00:00
1781493300000,1722.36,1722.36,1719.46,1720.3,33.22493998,2026-06-15 03:15:00+00:00
1781494200000,1720.31,1722.0,1718.85,1721.33,451.65508857,2026-06-15 03:30:00+00:00
1781495100000,1722.25,1722.97,1719.53,1719.61,20.6303765,2026-06-15 03:45:00+00:00
1781496000000,1719.97,1719.97,1716.68,1717.7,45.98730782,2026-06-15 04:00:00+00:00
1781496900000,1717.7,1719.36,1716.57,1717.5,44.51946891,2026-06-15 04:15:00+00:00
1781497800000,1717.88,1718.08,1715.46,1716.0,14.5391781,2026-06-15 04:30:00+00:00
1781498700000,1716.0,1718.24,1715.91,1716.34,100.38764024,2026-06-15 04:45:00+00:00
1781499600000,1716.1,1717.33,1714.91,1717.01,27.04563974,2026-06-15 05:00:00+00:00
1781500500000,1716.85,1721.41,1716.84,1720.15,51.19202191,2026-06-15 05:15:00+00:00
1781501400000,1720.15,1720.75,1716.04,1716.42,89.3767473,2026-06-15 05:30:00+00:00
1781502300000,1716.31,1720.12,1716.31,1719.55,192.42767438,2026-06-15 05:45:00+00:00
1781503200000,1719.55,1721.97,1719.1,1720.45,74.22764254,2026-06-15 06:00:00+00:00
1781504100000,1720.48,1722.0,1719.25,1721.47,54.70833325,2026-06-15 06:15:00+00:00
1781505000000,1721.49,1721.72,1717.39,1717.77,110.8375927,2026-06-15 06:30:00+00:00
1781505900000,1718.0,1721.19,1717.97,1718.95,33.98223012,2026-06-15 06:45:00+00:00
1781506800000,1719.1,1722.25,1716.46,1720.23,125.5053855,2026-06-15 07:00:00+00:00
1781507700000,1719.92,1722.47,1719.92,1721.2,5.63696167,2026-06-15 07:15:00+00:00
1781508600000,1721.27,1721.27,1716.47,1717.14,54.2912862,2026-06-15 07:30:00+00:00
1781509500000,1717.24,1718.22,1715.1,1715.51,1774.21551219,2026-06-15 07:45:00+00:00
1781510400000,1715.49,1718.67,1714.18,1718.58,145.08020388,2026-06-15 08:00:00+00:00
1781511300000,1718.58,1719.3,1715.29,1716.76,15.8262157,2026-06-15 08:15:00+00:00
1781512200000,1717.62,1720.17,1717.21,1720.1,63.65073709,2026-06-15 08:30:00+00:00
1781513100000,1720.03,1720.39,1718.05,1719.36,936.63724355,2026-06-15 08:45:00+00:00
1781514000000,1719.28,1720.25,1718.49,1718.61,17.30324837,2026-06-15 09:00:00+00:00
1781514900000,1718.62,1725.39,1718.61,1720.85,126.80499555,2026-06-15 09:15:00+00:00
1781515800000,1720.84,1720.9,1711.02,1714.11,95.92066734,2026-06-15 09:30:00+00:00
1781516700000,1714.51,1717.62,1712.86,1717.62,48.41019292,2026-06-15 09:45:00+00:00
1781517600000,1717.53,1722.18,1717.42,1722.09,76.63420603,2026-06-15 10:00:00+00:00
1781518500000,1722.0,1724.94,1721.87,1723.97,39.42095513,2026-06-15 10:15:00+00:00
1781519400000,1723.97,1727.23,1723.29,1727.21,65.13023009,2026-06-15 10:30:00+00:00
1781520300000,1727.21,1749.11,1726.14,1736.69,2235.53450213,2026-06-15 10:45:00+00:00
1781521200000,1736.63,1741.02,1733.21,1740.0,439.92354598,2026-06-15 11:00:00+00:00
1781522100000,1739.93,1766.77,1739.93,1760.84,956.64253864,2026-06-15 11:15:00+00:00
1781523000000,1760.89,1763.81,1758.51,1760.86,655.96444786,2026-06-15 11:30:00+00:00
1781523900000,1760.85,1765.33,1758.93,1763.67,216.99779958,2026-06-15 11:45:00+00:00
1781524800000,1763.76,1765.0,1760.51,1764.12,137.00900825,2026-06-15 12:00:00+00:00
1781525700000,1764.3,1764.77,1759.6,1764.0,101.50380395,2026-06-15 12:15:00+00:00
1781526600000,1764.0,1773.85,1762.17,1773.63,492.86114238,2026-06-15 12:30:00+00:00
1781527500000,1773.51,1776.5,1772.02,1776.38,456.66269082,2026-06-15 12:45:00+00:00
1781528400000,1776.47,1796.69,1773.67,1792.98,741.36824031,2026-06-15 13:00:00+00:00
1781529300000,1792.77,1825.98,1792.77,1819.21,4460.48531745,2026-06-15 13:15:00+00:00
1781530200000,1819.23,1820.0,1807.2,1811.96,1181.2027014,2026-06-15 13:30:00+00:00
1781531100000,1811.66,1816.96,1810.03,1813.23,230.0904623,2026-06-15 13:45:00+00:00
1781532000000,1813.12,1813.94,1803.45,1809.4,759.69815231,2026-06-15 14:00:00+00:00
1781532900000,1809.17,1813.28,1806.74,1811.99,155.8092943,2026-06-15 14:15:00+00:00
1781533800000,1811.99,1812.87,1808.26,1811.19,117.2825339,2026-06-15 14:30:00+00:00
1781534700000,1811.19,1816.83,1811.0,1812.94,306.84911655,2026-06-15 14:45:00+00:00
1781535600000,1813.19,1816.65,1812.39,1815.4,122.15005699,2026-06-15 15:00:00+00:00
1781536500000,1814.99,1819.57,1814.0,1815.45,378.96980381,2026-06-15 15:15:00+00:00
1781537400000,1815.47,1831.26,1812.94,1828.45,2193.76825891,2026-06-15 15:30:00+00:00
1781538300000,1829.19,1848.02,1829.19,1843.81,3671.44132728,2026-06-15 15:45:00+00:00
1781539200000,1844.0,1846.39,1837.7,1843.13,1090.8026878,2026-06-15 16:00:00+00:00
1781540100000,1842.95,1843.39,1836.91,1841.32,228.26091074,2026-06-15 16:15:00+00:00
1781541000000,1841.28,1845.16,1838.98,1842.75,508.58326101,2026-06-15 16:30:00+00:00
1781541900000,1842.75,1845.63,1838.89,1842.0,1005.08717228,2026-06-15 16:45:00+00:00
1781542800000,1841.92,1842.23,1825.0,1831.24,2753.79749079,2026-06-15 17:00:00+00:00
1781543700000,1830.6,1832.3,1826.02,1829.49,112.33272586,2026-06-15 17:15:00+00:00
1781544600000,1829.22,1831.2,1823.25,1829.68,116.91494384,2026-06-15 17:30:00+00:00
1781545500000,1829.59,1831.11,1826.56,1827.93,182.49853908,2026-06-15 17:45:00+00:00
1781546400000,1828.41,1831.15,1825.47,1829.74,176.42615126,2026-06-15 18:00:00+00:00
1781547300000,1829.91,1830.91,1827.45,1829.22,102.02834165,2026-06-15 18:15:00+00:00
1781548200000,1828.78,1830.23,1825.57,1829.19,109.48199244,2026-06-15 18:30:00+00:00
1781549100000,1829.18,1834.73,1827.46,1827.46,233.60686673,2026-06-15 18:45:00+00:00
1781550000000,1827.46,1832.61,1825.52,1831.85,1010.68948726,2026-06-15 19:00:00+00:00
1781550900000,1831.94,1833.82,1811.12,1817.36,1961.08406679,2026-06-15 19:15:00+00:00
1781551800000,1818.08,1829.31,1817.85,1828.35,178.1053924,2026-06-15 19:30:00+00:00
1781552700000,1828.35,1829.46,1817.84,1820.56,704.10670285,2026-06-15 19:45:00+00:00
1781553600000,1820.87,1825.28,1818.04,1823.14,262.03834975,2026-06-15 20:00:00+00:00
1781554500000,1822.75,1823.36,1819.22,1820.66,94.34866303,2026-06-15 20:15:00+00:00
1781555400000,1820.66,1822.81,1818.58,1818.85,87.61065708,2026-06-15 20:30:00+00:00
1781556300000,1818.58,1818.58,1814.7,1815.34,250.51754794,2026-06-15 20:45:00+00:00
1781557200000,1815.77,1820.55,1815.02,1819.32,156.73409938,2026-06-15 21:00:00+00:00
1781558100000,1819.3,1819.32,1814.7,1814.7,534.70617831,2026-06-15 21:15:00+00:00
1781559000000,1814.37,1817.14,1812.04,1815.46,349.00684542,2026-06-15 21:30:00+00:00
1781559900000,1815.28,1815.65,1808.75,1810.24,258.60394257,2026-06-15 21:45:00+00:00
1781560800000,1810.62,1812.36,1807.76,1808.04,243.13481233,2026-06-15 22:00:00+00:00
1781561700000,1808.51,1809.77,1788.37,1791.61,1606.31983508,2026-06-15 22:15:00+00:00
1781562600000,1790.77,1796.77,1785.0,1792.49,588.78550322,2026-06-15 22:30:00+00:00
1781563500000,1792.47,1793.58,1787.84,1788.8,120.60255116,2026-06-15 22:45:00+00:00
1781564400000,1788.47,1790.69,1786.08,1789.31,2540.29712964,2026-06-15 23:00:00+00:00
1781565300000,1789.42,1790.99,1784.22,1788.35,154.64463226,2026-06-15 23:15:00+00:00
1781566200000,1788.53,1789.51,1782.09,1789.51,109.13875629,2026-06-15 23:30:00+00:00
1781567100000,1789.8,1795.56,1789.8,1795.36,123.20066139,2026-06-15 23:45:00+00:00
1781568000000,1795.37,1797.92,1792.49,1796.54,700.20774919,2026-06-16 00:00:00+00:00
1781568900000,1796.54,1797.77,1790.46,1791.79,833.20958698,2026-06-16 00:15:00+00:00
1781569800000,1791.72,1800.75,1791.71,1797.42,141.08331234,2026-06-16 00:30:00+00:00
1781570700000,1797.32,1797.32,1787.35,1788.69,2026.73020954,2026-06-16 00:45:00+00:00
1781571600000,1788.69,1794.19,1788.19,1790.94,100.19809465,2026-06-16 01:00:00+00:00
1781572500000,1790.93,1795.59,1789.63,1795.07,474.36614144,2026-06-16 01:15:00+00:00
1781573400000,1794.95,1796.43,1793.88,1794.72,271.53632433,2026-06-16 01:30:00+00:00
1781574300000,1794.72,1796.6,1790.51,1791.17,188.81903512,2026-06-16 01:45:00+00:00
1781575200000,1791.18,1793.12,1783.26,1783.27,1011.1530532,2026-06-16 02:00:00+00:00
1781576100000,1783.97,1786.08,1772.08,1772.87,201.95949549,2026-06-16 02:15:00+00:00
1781577000000,1772.62,1775.01,1767.41,1773.68,299.87441172,2026-06-16 02:30:00+00:00
1781577900000,1773.86,1774.5,1767.03,1769.26,358.60165583,2026-06-16 02:45:00+00:00
1781578800000,1769.14,1773.59,1767.9,1773.39,382.60914747,2026-06-16 03:00:00+00:00
1781579700000,1773.46,1779.07,1763.89,1777.14,540.69472904,2026-06-16 03:15:00+00:00
1781580600000,1776.93,1779.79,1775.77,1779.39,1151.37454632,2026-06-16 03:30:00+00:00
1781581500000,1779.39,1779.74,1776.96,1778.22,576.41199169,2026-06-16 03:45:00+00:00
1781582400000,1778.19,1782.23,1775.28,1776.03,99.00287355,2026-06-16 04:00:00+00:00
1781583300000,1776.03,1776.03,1767.35,1767.73,147.68494291,2026-06-16 04:15:00+00:00
1781584200000,1767.22,1767.22,1758.33,1762.17,1753.41826541,2026-06-16 04:30:00+00:00
1781585100000,1762.71,1763.25,1757.74,1760.24,308.66972204,2026-06-16 04:45:00+00:00
1781586000000,1759.65,1764.84,1759.65,1762.18,35.70923953,2026-06-16 05:00:00+00:00
1781586900000,1761.61,1764.75,1760.03,1762.53,191.71970478,2026-06-16 05:15:00+00:00
1781587800000,1762.6,1763.31,1759.69,1761.81,25.78298573,2026-06-16 05:30:00+00:00
1781588700000,1762.54,1763.49,1760.77,1761.28,55.24613538,2026-06-16 05:45:00+00:00
1781589600000,1761.08,1764.84,1761.08,1764.84,48.43555485,2026-06-16 06:00:00+00:00
1781590500000,1764.84,1767.6,1762.8,1767.42,137.45186913,2026-06-16 06:15:00+00:00
1781591400000,1767.4,1771.77,1765.56,1769.43,282.34985219,2026-06-16 06:30:00+00:00
1781592300000,1769.39,1772.85,1769.3,1770.4,74.00258767,2026-06-16 06:45:00+00:00
1781593200000,1770.41,1772.79,1768.0,1769.18,72.53072073,2026-06-16 07:00:00+00:00
1781594100000,1768.8,1772.78,1768.73,1772.02,49.4388589,2026-06-16 07:15:00+00:00
1781595000000,1771.94,1775.5,1771.2,1771.49,62.02194752,2026-06-16 07:30:00+00:00
1781595900000,1771.49,1774.22,1770.67,1772.84,21.59955414,2026-06-16 07:45:00+00:00
1781596800000,1772.87,1777.6,1772.29,1776.24,106.31490487,2026-06-16 08:00:00+00:00
1781597700000,1776.82,1784.58,1774.96,1781.78,531.26909445,2026-06-16 08:15:00+00:00
1781598600000,1782.01,1786.09,1780.61,1785.69,164.74303709,2026-06-16 08:30:00+00:00
1781599500000,1785.78,1806.32,1784.48,1800.54,542.19452539,2026-06-16 08:45:00+00:00
1781600400000,1801.61,1804.75,1797.12,1799.18,82.79601673,2026-06-16 09:00:00+00:00
1781601300000,1799.38,1799.38,1786.76,1789.63,74.18518616,2026-06-16 09:15:00+00:00
1781602200000,1789.74,1793.51,1788.02,1791.03,163.98772908,2026-06-16 09:30:00+00:00
1781603100000,1792.17,1793.07,1785.27,1788.51,45.06427496,2026-06-16 09:45:00+00:00
1781604000000,1788.51,1790.95,1787.84,1788.17,34.58334348,2026-06-16 10:00:00+00:00
1781604900000,1788.17,1798.79,1788.17,1798.63,55.44320487,2026-06-16 10:15:00+00:00
1781605800000,1798.4,1798.53,1793.65,1795.52,32.76194567,2026-06-16 10:30:00+00:00
1781606700000,1795.4,1797.45,1791.57,1792.83,70.47703276,2026-06-16 10:45:00+00:00
1781607600000,1792.68,1798.45,1792.5,1793.64,111.49642276,2026-06-16 11:00:00+00:00
1781608500000,1793.64,1797.03,1789.7,1791.95,763.52715362,2026-06-16 11:15:00+00:00
1781609400000,1791.99,1794.14,1790.37,1794.14,28.2668719,2026-06-16 11:30:00+00:00
1781610300000,1794.13,1798.04,1793.48,1797.88,79.29757414,2026-06-16 11:45:00+00:00
1781611200000,1798.38,1807.6,1795.33,1806.41,142.44825329,2026-06-16 12:00:00+00:00
1781612100000,1807.84,1821.6,1807.84,1818.92,261.73454062,2026-06-16 12:15:00+00:00
1781613000000,1819.15,1837.9,1813.13,1816.53,478.41835809,2026-06-16 12:30:00+00:00
1781613900000,1815.48,1817.15,1808.68,1813.48,394.33587434,2026-06-16 12:45:00+00:00
1781614800000,1813.3,1815.68,1790.69,1800.97,1499.73703612,2026-06-16 13:00:00+00:00
1781615700000,1801.7,1807.76,1799.63,1799.63,212.1845482,2026-06-16 13:15:00+00:00
1781616600000,1800.66,1806.51,1793.29,1802.91,172.97799018,2026-06-16 13:30:00+00:00
1781617500000,1802.92,1804.94,1795.21,1796.1,140.81470221,2026-06-16 13:45:00+00:00
1781618400000,1796.27,1803.74,1792.59,1794.35,102.64487914,2026-06-16 14:00:00+00:00
1781619300000,1794.5,1796.2,1770.5,1770.84,1681.05787693,2026-06-16 14:15:00+00:00
1781620200000,1770.96,1780.62,1762.78,1777.66,444.01266018,2026-06-16 14:30:00+00:00
1781621100000,1777.8,1782.8,1777.04,1778.89,135.58125423,2026-06-16 14:45:00+00:00
1781622000000,1779.09,1785.06,1776.91,1784.02,609.66456855,2026-06-16 15:00:00+00:00
1781622900000,1784.56,1785.05,1774.62,1778.36,125.3703145,2026-06-16 15:15:00+00:00
1781623800000,1779.31,1786.47,1777.21,1778.38,79.84063002,2026-06-16 15:30:00+00:00
1781624700000,1777.95,1785.75,1773.36,1781.23,123.19328156,2026-06-16 15:45:00+00:00
1781625600000,1781.23,1783.55,1777.32,1777.51,98.25442068,2026-06-16 16:00:00+00:00
1781626500000,1776.71,1778.45,1772.17,1777.95,35.38036984,2026-06-16 16:15:00+00:00
1781627400000,1777.95,1779.09,1772.05,1777.82,568.27112295,2026-06-16 16:30:00+00:00
1781628300000,1778.53,1778.78,1774.54,1776.03,102.57401439,2026-06-16 16:45:00+00:00
1781629200000,1776.57,1780.85,1776.23,1778.92,544.76046291,2026-06-16 17:00:00+00:00
1781630100000,1778.5,1783.19,1778.04,1780.39,172.8260131,2026-06-16 17:15:00+00:00
1781631000000,1780.38,1784.33,1778.89,1782.46,65.35735808,2026-06-16 17:30:00+00:00
1781631900000,1783.01,1797.81,1783.01,1793.75,515.84469654,2026-06-16 17:45:00+00:00
1781632800000,1793.92,1806.84,1792.14,1803.21,558.07831638,2026-06-16 18:00:00+00:00
1781633700000,1802.56,1802.78,1791.6,1793.6,151.87018556,2026-06-16 18:15:00+00:00
1781634600000,1793.89,1797.0,1791.25,1794.9,136.00351527,2026-06-16 18:30:00+00:00
1781635500000,1794.8,1800.84,1794.06,1797.37,31.9350309,2026-06-16 18:45:00+00:00
1781636400000,1797.42,1797.42,1789.0,1792.83,34.82105773,2026-06-16 19:00:00+00:00
1781637300000,1792.81,1796.0,1788.45,1795.7,1152.68899771,2026-06-16 19:15:00+00:00
1781638200000,1796.0,1799.36,1794.08,1796.19,41.06102256,2026-06-16 19:30:00+00:00
1781639100000,1796.55,1800.14,1790.98,1792.69,2138.24508837,2026-06-16 19:45:00+00:00
1781640000000,1793.49,1793.91,1787.75,1792.8,4189.92818697,2026-06-16 20:00:00+00:00
1781640900000,1792.8,1796.34,1786.02,1788.3,4348.92683792,2026-06-16 20:15:00+00:00
1781641800000,1788.92,1796.76,1788.22,1796.56,2065.90714211,2026-06-16 20:30:00+00:00
1781642700000,1796.49,1796.91,1794.73,1796.43,62.46763696,2026-06-16 20:45:00+00:00
1781643600000,1796.38,1798.43,1794.0,1797.89,97.70233194,2026-06-16 21:00:00+00:00
1781644500000,1797.89,1798.48,1792.0,1792.43,128.58187619,2026-06-16 21:15:00+00:00
1781645400000,1792.37,1793.22,1789.21,1793.22,58.63432291,2026-06-16 21:30:00+00:00
1781646300000,1793.75,1795.0,1792.81,1794.84,253.7986439,2026-06-16 21:45:00+00:00
1781647200000,1794.84,1797.59,1791.76,1796.37,128.71324396,2026-06-16 22:00:00+00:00
1781648100000,1796.18,1797.55,1789.46,1792.5,39.23769125,2026-06-16 22:15:00+00:00
1781649000000,1792.5,1793.55,1790.73,1790.73,25.93252343,2026-06-16 22:30:00+00:00
1781649900000,1790.73,1795.0,1789.13,1794.56,134.4271552,2026-06-16 22:45:00+00:00
1781650800000,1794.61,1797.13,1792.29,1794.35,15.20619364,2026-06-16 23:00:00+00:00
1781651700000,1794.34,1794.34,1790.35,1793.72,46.84732598,2026-06-16 23:15:00+00:00
1781652600000,1793.81,1794.76,1791.86,1791.86,25.05075494,2026-06-16 23:30:00+00:00
1781653500000,1791.61,1792.06,1789.63,1791.29,12.29058865,2026-06-16 23:45:00+00:00
1781654400000,1792.17,1794.89,1791.33,1792.25,41.45681289,2026-06-17 00:00:00+00:00
1781655300000,1792.26,1793.95,1790.76,1792.37,27.23116945,2026-06-17 00:15:00+00:00
1781656200000,1792.51,1796.6,1790.45,1795.99,54.94407933,2026-06-17 00:30:00+00:00
1781657100000,1795.68,1797.76,1791.03,1792.65,134.38963106,2026-06-17 00:45:00+00:00
1781658000000,1792.53,1795.23,1790.89,1792.21,69.29996807,2026-06-17 01:00:00+00:00
1781658900000,1792.29,1792.44,1777.82,1783.98,1427.43388001,2026-06-17 01:15:00+00:00
1781659800000,1784.19,1792.13,1780.85,1789.27,173.66666783,2026-06-17 01:30:00+00:00
1781660700000,1788.98,1797.38,1788.98,1795.95,95.53288545,2026-06-17 01:45:00+00:00
1781661600000,1796.19,1796.84,1794.13,1795.82,36.05704958,2026-06-17 02:00:00+00:00
1781662500000,1795.93,1808.8,1793.99,1803.42,171.69606679,2026-06-17 02:15:00+00:00
1781663400000,1802.98,1802.99,1787.57,1792.99,186.49751168,2026-06-17 02:30:00+00:00
1781664300000,1792.99,1794.17,1790.6,1793.98,40.06654326,2026-06-17 02:45:00+00:00
1781665200000,1793.97,1793.98,1790.18,1790.19,43.72983934,2026-06-17 03:00:00+00:00
1781666100000,1790.19,1790.19,1786.61,1788.9,74.91004845,2026-06-17 03:15:00+00:00
1781667000000,1789.51,1794.89,1789.5,1791.68,59.92997094,2026-06-17 03:30:00+00:00
1781667900000,1791.79,1793.64,1790.01,1791.87,68.85152236,2026-06-17 03:45:00+00:00
1781668800000,1792.11,1794.97,1790.91,1792.24,18.28225472,2026-06-17 04:00:00+00:00
1781669700000,1792.37,1793.9,1790.89,1793.39,39.28347705,2026-06-17 04:15:00+00:00
1781670600000,1792.97,1794.61,1792.15,1794.05,23.96184786,2026-06-17 04:30:00+00:00
1781671500000,1794.04,1799.95,1792.59,1792.83,61.12339542,2026-06-17 04:45:00+00:00
1781672400000,1792.8,1797.89,1789.64,1789.92,86.50969714,2026-06-17 05:00:00+00:00
1781673300000,1790.05,1792.72,1788.0,1792.56,32.81771308,2026-06-17 05:15:00+00:00
1781674200000,1792.58,1795.35,1791.65,1795.21,22.86285072,2026-06-17 05:30:00+00:00
1781675100000,1795.2,1795.81,1790.5,1792.66,112.57657324,2026-06-17 05:45:00+00:00
1781676000000,1792.66,1794.3,1791.46,1794.09,44.55503413,2026-06-17 06:00:00+00:00
1781676900000,1793.98,1795.51,1787.16,1787.73,24.33313848,2026-06-17 06:15:00+00:00
1781677800000,1787.59,1790.71,1785.23,1787.28,17.01396395,2026-06-17 06:30:00+00:00
1781678700000,1787.27,1789.87,1786.31,1788.71,38.7901599,2026-06-17 06:45:00+00:00
1781679600000,1788.8,1790.03,1785.01,1789.96,36.44433549,2026-06-17 07:00:00+00:00
1781680500000,1789.84,1790.53,1782.71,1783.75,110.42979583,2026-06-17 07:15:00+00:00
1781681400000,1783.6,1786.43,1782.64,1785.97,302.18480213,2026-06-17 07:30:00+00:00
1781682300000,1785.49,1785.83,1777.71,1783.51,94.28410634,2026-06-17 07:45:00+00:00
1781683200000,1783.29,1784.75,1777.58,1777.58,99.12314097,2026-06-17 08:00:00+00:00
1781684100000,1777.58,1778.58,1773.88,1774.73,170.92632575,2026-06-17 08:15:00+00:00
1781685000000,1773.89,1773.89,1760.37,1761.13,231.33026371,2026-06-17 08:30:00+00:00
1781685900000,1761.33,1765.85,1759.4,1763.77,143.57352313,2026-06-17 08:45:00+00:00
1781686800000,1763.63,1768.77,1763.63,1767.88,50.71032163,2026-06-17 09:00:00+00:00
1781687700000,1768.0,1775.14,1767.0,1772.47,53.4382258,2026-06-17 09:15:00+00:00
1781688600000,1772.88,1774.51,1770.39,1771.14,25.02810405,2026-06-17 09:30:00+00:00
1781689500000,1770.83,1774.3,1768.51,1771.05,33.58878012,2026-06-17 09:45:00+00:00
1781690400000,1771.52,1774.38,1767.46,1770.95,45.72850376,2026-06-17 10:00:00+00:00
1781691300000,1771.07,1772.73,1768.51,1770.22,11.8516552,2026-06-17 10:15:00+00:00
1781692200000,1770.68,1772.69,1770.05,1771.29,111.43204464,2026-06-17 10:30:00+00:00
1781693100000,1771.3,1772.33,1766.01,1766.92,21.41988753,2026-06-17 10:45:00+00:00
1781694000000,1766.96,1769.33,1758.07,1763.3,40.80032683,2026-06-17 11:00:00+00:00
1781694900000,1763.49,1767.32,1759.2,1764.85,63.27576437,2026-06-17 11:15:00+00:00
1781695800000,1765.01,1766.15,1763.33,1764.05,97.24455188,2026-06-17 11:30:00+00:00
1781696700000,1764.18,1766.33,1762.31,1762.52,169.97656252,2026-06-17 11:45:00+00:00
1781697600000,1762.65,1763.75,1759.61,1762.95,221.24400292,2026-06-17 12:00:00+00:00
1781698500000,1762.99,1762.99,1742.18,1745.5,806.03685735,2026-06-17 12:15:00+00:00
1781699400000,1745.26,1754.28,1742.0,1754.06,794.19822889,2026-06-17 12:30:00+00:00
1781700300000,1754.36,1758.06,1753.1,1757.99,92.4207814,2026-06-17 12:45:00+00:00
1781701200000,1758.01,1760.81,1755.57,1759.96,133.97285472,2026-06-17 13:00:00+00:00
1781702100000,1759.97,1759.97,1753.2,1755.72,73.80795905,2026-06-17 13:15:00+00:00
1781703000000,1757.12,1769.15,1753.65,1763.75,1769.66641626,2026-06-17 13:30:00+00:00
1781703900000,1765.67,1769.86,1759.63,1760.5,1255.26162003,2026-06-17 13:45:00+00:00
1781704800000,1759.58,1761.77,1753.58,1759.91,1146.59092691,2026-06-17 14:00:00+00:00
1781705700000,1760.21,1764.02,1751.52,1754.06,104.68810543,2026-06-17 14:15:00+00:00
1781706600000,1754.76,1757.41,1751.54,1754.88,77.05827476,2026-06-17 14:30:00+00:00
1781707500000,1754.39,1759.29,1740.72,1753.96,281.65952885,2026-06-17 14:45:00+00:00
1781708400000,1753.96,1758.18,1750.13,1758.18,127.26326271,2026-06-17 15:00:00+00:00
1781709300000,1758.17,1764.3,1756.07,1761.52,101.97628825,2026-06-17 15:15:00+00:00
1781710200000,1762.12,1766.89,1760.06,1764.45,54.2790048,2026-06-17 15:30:00+00:00
1781711100000,1766.02,1775.46,1764.83,1772.04,115.68623013,2026-06-17 15:45:00+00:00
1781712000000,1771.94,1775.79,1769.54,1774.41,139.14149531,2026-06-17 16:00:00+00:00
1781712900000,1773.61,1791.65,1772.62,1784.25,304.54093298,2026-06-17 16:15:00+00:00
1781713800000,1783.63,1783.63,1771.54,1773.48,141.1233546,2026-06-17 16:30:00+00:00
1781714700000,1773.68,1774.37,1768.98,1770.9,2656.3061783,2026-06-17 16:45:00+00:00
1781715600000,1770.78,1773.05,1766.91,1771.05,146.57298575,2026-06-17 17:00:00+00:00
1781716500000,1770.8,1777.88,1770.21,1776.81,272.38782708,2026-06-17 17:15:00+00:00
1781717400000,1776.63,1779.1,1773.01,1773.55,40.49448852,2026-06-17 17:30:00+00:00
1781718300000,1773.64,1794.11,1772.37,1787.64,307.62989278,2026-06-17 17:45:00+00:00
1781719200000,1787.12,1787.74,1745.97,1764.18,513.03102526,2026-06-17 18:00:00+00:00
1781720100000,1763.74,1772.19,1762.15,1763.83,106.24157753,2026-06-17 18:15:00+00:00
1781721000000,1765.58,1785.57,1760.85,1783.15,615.93262095,2026-06-17 18:30:00+00:00
1781721900000,1782.61,1784.13,1765.89,1768.81,198.54090287,2026-06-17 18:45:00+00:00
1781722800000,1768.95,1773.86,1761.72,1770.98,342.30218917,2026-06-17 19:00:00+00:00
1781723700000,1770.52,1770.52,1735.74,1739.75,505.84188515,2026-06-17 19:15:00+00:00
1781724600000,1740.0,1747.49,1730.32,1732.64,841.23071203,2026-06-17 19:30:00+00:00
1781725500000,1732.78,1737.56,1728.06,1733.4,882.59005939,2026-06-17 19:45:00+00:00
1781726400000,1733.02,1742.32,1731.55,1736.77,979.77993435,2026-06-17 20:00:00+00:00
1781727300000,1738.11,1740.04,1736.16,1737.86,329.10635733,2026-06-17 20:15:00+00:00
1781728200000,1738.25,1743.38,1734.81,1734.97,376.83172303,2026-06-17 20:30:00+00:00
1781729100000,1734.88,1746.19,1734.6,1745.9,230.17104716,2026-06-17 20:45:00+00:00
1781730000000,1745.87,1746.34,1741.16,1741.4,90.49608037,2026-06-17 21:00:00+00:00
1781730900000,1741.27,1743.79,1740.86,1742.36,119.49234686,2026-06-17 21:15:00+00:00
1781731800000,1742.09,1744.25,1737.88,1739.1,52.10245053,2026-06-17 21:30:00+00:00
1781732700000,1738.15,1738.32,1735.04,1737.39,178.40207838,2026-06-17 21:45:00+00:00
1781733600000,1737.92,1738.62,1724.8,1734.48,800.82205421,2026-06-17 22:00:00+00:00
1781734500000,1734.08,1742.93,1733.45,1741.95,84.98281283,2026-06-17 22:15:00+00:00
1781735400000,1741.92,1743.55,1740.46,1741.67,84.11922526,2026-06-17 22:30:00+00:00
1781736300000,1741.75,1744.88,1738.62,1738.72,112.84677922,2026-06-17 22:45:00+00:00
1781737200000,1738.9,1744.58,1738.71,1741.78,186.61746849,2026-06-17 23:00:00+00:00
1781738100000,1742.69,1749.52,1742.33,1748.64,62.99377965,2026-06-17 23:15:00+00:00
1781739000000,1748.48,1749.17,1746.07,1746.44,73.65802492,2026-06-17 23:30:00+00:00
1781739900000,1746.31,1748.99,1745.55,1748.99,10.99202108,2026-06-17 23:45:00+00:00
1781740800000,1748.97,1755.48,1748.39,1753.95,132.99929886,2026-06-18 00:00:00+00:00
1781741700000,1754.38,1755.21,1751.09,1752.99,29.98206625,2026-06-18 00:15:00+00:00
1781742600000,1753.25,1757.37,1751.3,1754.02,124.42806651,2026-06-18 00:30:00+00:00
1781743500000,1753.86,1754.85,1750.19,1751.6,31.69373117,2026-06-18 00:45:00+00:00
1781744400000,1751.43,1761.2,1751.25,1759.89,61.30292371,2026-06-18 01:00:00+00:00
1781745300000,1760.1,1760.1,1754.6,1755.57,78.76971486,2026-06-18 01:15:00+00:00
1781746200000,1755.63,1760.42,1755.46,1756.02,37.39527214,2026-06-18 01:30:00+00:00
1781747100000,1755.8,1755.8,1751.61,1753.26,59.50651352,2026-06-18 01:45:00+00:00
1781748000000,1753.78,1756.75,1752.61,1752.69,188.58798848,2026-06-18 02:00:00+00:00
1781748900000,1752.61,1757.24,1748.82,1756.07,30.96093606,2026-06-18 02:15:00+00:00
1781749800000,1756.04,1756.75,1753.38,1755.76,27.61935227,2026-06-18 02:30:00+00:00
1781750700000,1755.9,1755.9,1753.76,1754.33,10.40069419,2026-06-18 02:45:00+00:00
1781751600000,1753.63,1754.03,1749.18,1749.89,21.98227369,2026-06-18 03:00:00+00:00
1781752500000,1749.74,1750.62,1743.35,1743.35,55.15604074,2026-06-18 03:15:00+00:00
1781753400000,1742.95,1746.16,1740.01,1740.26,300.27618067,2026-06-18 03:30:00+00:00
1781754300000,1740.45,1744.81,1740.16,1742.0,37.49678953,2026-06-18 03:45:00+00:00
1781755200000,1742.38,1743.51,1729.67,1733.42,227.71168807,2026-06-18 04:00:00+00:00
1781756100000,1734.26,1737.4,1729.43,1732.95,383.13470654,2026-06-18 04:15:00+00:00
1781757000000,1733.65,1735.25,1730.74,1731.03,34.74802231,2026-06-18 04:30:00+00:00
1781757900000,1730.71,1731.95,1727.93,1729.84,66.23496869,2026-06-18 04:45:00+00:00
1781758800000,1728.54,1730.92,1720.51,1727.02,324.17892478,2026-06-18 05:00:00+00:00
1781759700000,1726.83,1729.3,1725.35,1727.61,18.06061309,2026-06-18 05:15:00+00:00
1781760600000,1727.46,1729.27,1723.61,1727.04,22.89072795,2026-06-18 05:30:00+00:00
1781761500000,1727.06,1729.32,1725.26,1729.08,27.21214921,2026-06-18 05:45:00+00:00
1781762400000,1729.12,1732.44,1724.44,1726.9,140.18490629,2026-06-18 06:00:00+00:00
1781763300000,1727.64,1728.64,1723.95,1728.6,26.7762284,2026-06-18 06:15:00+00:00
1781764200000,1728.91,1734.04,1728.49,1734.04,33.04453707,2026-06-18 06:30:00+00:00
1781765100000,1734.0,1734.71,1732.14,1734.69,104.28528213,2026-06-18 06:45:00+00:00
1781766000000,1733.76,1734.18,1731.01,1732.05,19.45616894,2026-06-18 07:00:00+00:00
1781766900000,1733.27,1744.53,1733.27,1743.88,47.03398671,2026-06-18 07:15:00+00:00
1781767800000,1743.3,1751.5,1742.03,1747.58,26.24007293,2026-06-18 07:30:00+00:00
1781768700000,1747.14,1748.79,1745.51,1748.0,163.10714764,2026-06-18 07:45:00+00:00
1781769600000,1747.95,1751.51,1744.47,1746.22,78.87939376,2026-06-18 08:00:00+00:00
1781770500000,1746.1,1749.4,1746.1,1747.98,30.62734253,2026-06-18 08:15:00+00:00
1781771400000,1748.12,1751.22,1748.09,1749.02,72.82528148,2026-06-18 08:30:00+00:00
1781772300000,1748.62,1749.13,1745.05,1745.57,68.56833422,2026-06-18 08:45:00+00:00
1781773200000,1746.12,1746.12,1743.22,1745.79,39.81008937,2026-06-18 09:00:00+00:00
1781774100000,1746.01,1750.17,1742.17,1742.17,14.04673484,2026-06-18 09:15:00+00:00
1781775000000,1742.03,1745.53,1741.19,1745.53,6.71990139,2026-06-18 09:30:00+00:00
1781775900000,1745.55,1747.24,1744.19,1744.74,17.5734501,2026-06-18 09:45:00+00:00
1781776800000,1744.78,1745.19,1740.2,1740.2,68.58335469,2026-06-18 10:00:00+00:00
1781777700000,1740.0,1741.74,1738.2,1740.37,23.5522624,2026-06-18 10:15:00+00:00
1781778600000,1740.76,1741.79,1738.44,1739.27,210.11971152,2026-06-18 10:30:00+00:00
1781779500000,1738.73,1750.92,1738.6,1745.92,15.76811129,2026-06-18 10:45:00+00:00
1781780400000,1745.46,1748.01,1742.81,1744.52,60.32605364,2026-06-18 11:00:00+00:00
1781781300000,1744.4,1745.28,1739.59,1743.76,50.27885451,2026-06-18 11:15:00+00:00
1781782200000,1744.51,1745.71,1737.6,1741.25,43.43738965,2026-06-18 11:30:00+00:00
1781783100000,1741.67,1742.43,1737.98,1741.53,22.62561355,2026-06-18 11:45:00+00:00
1781784000000,1741.51,1745.39,1740.44,1743.29,41.84304672,2026-06-18 12:00:00+00:00
1781784900000,1743.6,1750.39,1742.29,1749.22,182.61297298,2026-06-18 12:15:00+00:00
1781785800000,1750.0,1750.81,1745.85,1747.47,163.9797874,2026-06-18 12:30:00+00:00
1781786700000,1746.98,1749.3,1745.03,1748.78,86.8714448,2026-06-18 12:45:00+00:00
1781787600000,1748.69,1750.07,1746.75,1747.87,19.45777801,2026-06-18 13:00:00+00:00
1781788500000,1747.89,1750.08,1746.8,1747.75,109.41126005,2026-06-18 13:15:00+00:00
1781789400000,1747.61,1748.57,1729.55,1730.23,124.555508,2026-06-18 13:30:00+00:00
1781790300000,1729.69,1740.58,1727.49,1733.49,379.60651451,2026-06-18 13:45:00+00:00
1781791200000,1734.62,1737.91,1728.66,1729.14,72.53812456,2026-06-18 14:00:00+00:00
1781792100000,1729.79,1742.64,1727.46,1732.0,230.56599436,2026-06-18 14:15:00+00:00
1781793000000,1731.37,1741.97,1730.38,1737.15,108.74254017,2026-06-18 14:30:00+00:00
1781793900000,1737.06,1739.99,1729.42,1737.71,131.3375684,2026-06-18 14:45:00+00:00
1781794800000,1737.48,1737.51,1730.26,1731.46,150.53916178,2026-06-18 15:00:00+00:00
1781795700000,1730.58,1731.88,1715.26,1717.86,477.05503658,2026-06-18 15:15:00+00:00
1781796600000,1717.93,1723.64,1695.85,1696.89,3853.75735358,2026-06-18 15:30:00+00:00
1781797500000,1696.87,1697.92,1677.82,1680.15,1006.27647212,2026-06-18 15:45:00+00:00
1781798400000,1679.95,1690.2,1678.37,1687.7,858.38821996,2026-06-18 16:00:00+00:00
1781799300000,1687.54,1689.08,1681.88,1684.84,718.98689553,2026-06-18 16:15:00+00:00
1781800200000,1684.85,1686.67,1680.88,1684.8,274.82754582,2026-06-18 16:30:00+00:00
1781801100000,1684.95,1686.66,1682.16,1684.4,207.26332703,2026-06-18 16:45:00+00:00
1781802000000,1684.74,1684.88,1679.02,1681.5,355.09307513,2026-06-18 17:00:00+00:00
1781802900000,1681.43,1684.0,1669.56,1677.72,794.16906787,2026-06-18 17:15:00+00:00
1781803800000,1678.07,1684.1,1677.62,1679.87,250.04624933,2026-06-18 17:30:00+00:00
1781804700000,1679.59,1683.19,1674.73,1677.4,188.13650772,2026-06-18 17:45:00+00:00
1781805600000,1677.1,1679.68,1675.28,1677.7,318.3269259,2026-06-18 18:00:00+00:00
1781806500000,1676.95,1687.15,1674.24,1685.0,280.74056869,2026-06-18 18:15:00+00:00
1781807400000,1684.99,1685.11,1679.47,1683.44,194.55970351,2026-06-18 18:30:00+00:00
1781808300000,1683.49,1686.32,1680.4,1683.38,274.04474119,2026-06-18 18:45:00+00:00
1781809200000,1683.22,1684.61,1680.53,1684.04,90.0683945,2026-06-18 19:00:00+00:00
1781810100000,1684.07,1689.97,1683.76,1689.01,151.86056831,2026-06-18 19:15:00+00:00
1781811000000,1689.64,1700.94,1689.01,1700.79,215.41551791,2026-06-18 19:30:00+00:00
1781811900000,1700.57,1705.0,1699.32,1702.94,141.18406086,2026-06-18 19:45:00+00:00
1781812800000,1703.38,1712.49,1703.38,1710.34,261.58033138,2026-06-18 20:00:00+00:00
1781813700000,1709.53,1714.42,1706.25,1711.31,275.72095459,2026-06-18 20:15:00+00:00
1781814600000,1711.29,1713.27,1709.41,1711.22,96.68568327,2026-06-18 20:30:00+00:00
1781815500000,1711.26,1711.37,1708.07,1708.28,95.31236961,2026-06-18 20:45:00+00:00
1781816400000,1708.28,1709.83,1700.9,1702.29,100.8143846,2026-06-18 21:00:00+00:00
1781817300000,1702.22,1704.78,1700.13,1703.86,183.71870592,2026-06-18 21:15:00+00:00
1781818200000,1703.86,1707.67,1702.95,1704.69,54.25582471,2026-06-18 21:30:00+00:00
1781819100000,1704.11,1707.75,1703.33,1706.4,48.49393184,2026-06-18 21:45:00+00:00
1781820000000,1706.4,1706.47,1703.55,1704.88,67.38238465,2026-06-18 22:00:00+00:00
1781820900000,1704.98,1705.52,1699.87,1701.34,64.29528172,2026-06-18 22:15:00+00:00
1781821800000,1701.33,1702.94,1698.01,1702.94,378.58502818,2026-06-18 22:30:00+00:00
1781822700000,1702.92,1706.56,1701.46,1704.81,52.23435937,2026-06-18 22:45:00+00:00
1781823600000,1704.84,1706.05,1701.52,1701.52,42.253534,2026-06-18 23:00:00+00:00
1781824500000,1701.7,1707.08,1701.7,1706.96,13.35925747,2026-06-18 23:15:00+00:00
1781825400000,1707.26,1709.58,1707.26,1707.41,19.84239194,2026-06-18 23:30:00+00:00
1781826300000,1707.08,1710.56,1706.82,1709.09,39.75297297,2026-06-18 23:45:00+00:00
1781827200000,1709.03,1709.68,1706.86,1708.2,78.79424946,2026-06-19 00:00:00+00:00
1781828100000,1708.94,1712.79,1707.88,1710.81,69.64094229,2026-06-19 00:15:00+00:00
1781829000000,1711.35,1714.02,1711.08,1713.73,75.27892318,2026-06-19 00:30:00+00:00
1781829900000,1713.86,1713.97,1710.72,1711.59,21.2501684,2026-06-19 00:45:00+00:00
1781830800000,1712.01,1717.71,1708.63,1710.03,73.5803439,2026-06-19 01:00:00+00:00
1781831700000,1710.19,1714.58,1707.58,1707.78,16.47338478,2026-06-19 01:15:00+00:00
1781832600000,1707.57,1708.42,1704.32,1707.84,361.70431377,2026-06-19 01:30:00+00:00
1781833500000,1707.83,1711.81,1707.83,1711.6,26.22687611,2026-06-19 01:45:00+00:00
1781834400000,1711.69,1713.19,1708.65,1708.65,22.41528992,2026-06-19 02:00:00+00:00
1781835300000,1709.07,1710.25,1702.28,1702.31,95.50273654,2026-06-19 02:15:00+00:00
1781836200000,1702.34,1704.03,1700.66,1702.37,55.4092784,2026-06-19 02:30:00+00:00
1781837100000,1701.29,1706.27,1699.25,1705.17,76.25365677,2026-06-19 02:45:00+00:00
1781838000000,1705.12,1705.99,1693.27,1693.27,149.45382717,2026-06-19 03:00:00+00:00
1781838900000,1693.5,1699.84,1680.26,1697.91,1177.63054016,2026-06-19 03:15:00+00:00
1781839800000,1697.33,1697.89,1691.19,1694.68,49.36552451,2026-06-19 03:30:00+00:00
1781840700000,1694.35,1697.27,1692.86,1695.82,278.23339598,2026-06-19 03:45:00+00:00
1781841600000,1695.76,1698.79,1688.63,1698.12,147.62024773,2026-06-19 04:00:00+00:00
1781842500000,1698.15,1701.18,1692.95,1693.19,25.50261436,2026-06-19 04:15:00+00:00
1781843400000,1693.19,1693.6,1686.35,1690.6,21.15744726,2026-06-19 04:30:00+00:00
1781844300000,1690.3,1692.2,1684.92,1687.5,38.25896297,2026-06-19 04:45:00+00:00
1781845200000,1687.93,1695.49,1687.89,1695.49,57.03089932,2026-06-19 05:00:00+00:00
1781846100000,1694.79,1694.85,1690.95,1691.71,20.27284862,2026-06-19 05:15:00+00:00
1781847000000,1692.1,1694.52,1690.02,1693.87,32.40493856,2026-06-19 05:30:00+00:00
1781847900000,1693.29,1695.94,1693.29,1695.94,17.23830975,2026-06-19 05:45:00+00:00
1781848800000,1695.94,1698.26,1694.99,1698.2,150.73013994,2026-06-19 06:00:00+00:00
1781849700000,1698.31,1700.2,1697.12,1699.86,22.11675018,2026-06-19 06:15:00+00:00
1781850600000,1699.42,1701.7,1694.82,1698.94,36.41125721,2026-06-19 06:30:00+00:00
1781851500000,1698.18,1699.71,1695.25,1699.37,15.93920599,2026-06-19 06:45:00+00:00
1781852400000,1698.67,1699.42,1695.31,1695.62,85.79617955,2026-06-19 07:00:00+00:00
1781853300000,1694.99,1696.63,1692.33,1694.63,9.20424515,2026-06-19 07:15:00+00:00
1781854200000,1694.84,1697.63,1688.52,1690.8,40.97164334,2026-06-19 07:30:00+00:00
1781855100000,1691.03,1695.65,1690.21,1693.81,40.63656319,2026-06-19 07:45:00+00:00
1781856000000,1694.14,1695.42,1692.32,1694.99,14.63517749,2026-06-19 08:00:00+00:00
1781856900000,1694.82,1697.12,1693.76,1695.06,8.35346211,2026-06-19 08:15:00+00:00
1781857800000,1694.92,1697.27,1692.41,1694.27,41.48334209,2026-06-19 08:30:00+00:00
1781858700000,1694.26,1696.26,1694.03,1695.84,18.97727144,2026-06-19 08:45:00+00:00
1781859600000,1696.04,1697.62,1688.74,1690.21,93.1778721,2026-06-19 09:00:00+00:00
1781860500000,1690.12,1692.69,1688.74,1689.92,55.85163483,2026-06-19 09:15:00+00:00
1781861400000,1690.09,1692.95,1690.09,1691.29,6.57839126,2026-06-19 09:30:00+00:00
1781862300000,1690.69,1691.16,1686.91,1687.62,205.04599137,2026-06-19 09:45:00+00:00
1781863200000,1687.6,1691.67,1686.97,1689.52,30.33451268,2026-06-19 10:00:00+00:00
1781864100000,1689.51,1689.51,1685.6,1688.41,24.47172668,2026-06-19 10:15:00+00:00
1781865000000,1688.48,1688.48,1685.5,1687.17,34.04038679,2026-06-19 10:30:00+00:00
1781865900000,1686.92,1692.95,1686.29,1691.26,66.02054626,2026-06-19 10:45:00+00:00
1781866800000,1691.27,1692.09,1687.26,1687.73,230.90795925,2026-06-19 11:00:00+00:00
1781867700000,1688.49,1692.69,1687.53,1691.26,12.20423609,2026-06-19 11:15:00+00:00
1781868600000,1691.25,1692.24,1690.6,1691.88,8.81480137,2026-06-19 11:30:00+00:00
1781869500000,1691.43,1692.32,1689.64,1689.97,13.8715108,2026-06-19 11:45:00+00:00
1781870400000,1690.3,1692.47,1689.13,1689.13,117.10405279,2026-06-19 12:00:00+00:00
1781871300000,1688.28,1688.28,1685.83,1687.81,79.53415538,2026-06-19 12:15:00+00:00
1781872200000,1687.82,1689.08,1682.86,1685.2,183.47710197,2026-06-19 12:30:00+00:00
1781873100000,1684.71,1694.14,1678.0,1693.6,154.26443488,2026-06-19 12:45:00+00:00
1781874000000,1693.7,1697.63,1690.73,1692.49,96.51260683,2026-06-19 13:00:00+00:00
1781874900000,1692.49,1692.53,1685.86,1689.33,35.66972735,2026-06-19 13:15:00+00:00
1781875800000,1689.64,1701.65,1689.45,1699.99,81.0405144,2026-06-19 13:30:00+00:00
1781876700000,1699.67,1710.33,1699.67,1701.8,362.75465184,2026-06-19 13:45:00+00:00
1781877600000,1701.84,1703.97,1695.92,1697.08,25.52988026,2026-06-19 14:00:00+00:00
1781878500000,1697.08,1703.38,1695.23,1702.04,69.21130553,2026-06-19 14:15:00+00:00
1781879400000,1702.38,1705.97,1700.37,1703.84,54.81898446,2026-06-19 14:30:00+00:00
1781880300000,1704.57,1707.89,1703.33,1705.46,75.75534366,2026-06-19 14:45:00+00:00
1781881200000,1705.43,1705.94,1702.45,1704.51,48.13332857,2026-06-19 15:00:00+00:00
1781882100000,1704.87,1705.96,1696.78,1698.17,85.94970334,2026-06-19 15:15:00+00:00
1781883000000,1698.22,1710.48,1698.22,1707.87,404.83351391,2026-06-19 15:30:00+00:00
1781883900000,1707.24,1708.19,1705.22,1706.11,42.03319545,2026-06-19 15:45:00+00:00
1781884800000,1706.11,1709.87,1703.1,1709.87,136.13342713,2026-06-19 16:00:00+00:00
1781885700000,1709.91,1709.97,1705.83,1706.56,1171.76172325,2026-06-19 16:15:00+00:00
1781886600000,1706.08,1706.23,1702.99,1703.7,24.29663718,2026-06-19 16:30:00+00:00
1781887500000,1703.7,1703.7,1693.25,1694.8,55.4984926,2026-06-19 16:45:00+00:00
1781888400000,1695.15,1696.4,1692.35,1695.19,88.78366892,2026-06-19 17:00:00+00:00
1781889300000,1695.95,1700.26,1692.75,1694.69,106.18161064,2026-06-19 17:15:00+00:00
1781890200000,1695.0,1700.5,1695.0,1700.46,114.81520937,2026-06-19 17:30:00+00:00
1781891100000,1700.1,1704.51,1698.79,1703.53,50.09904726,2026-06-19 17:45:00+00:00
1781892000000,1703.2,1703.69,1701.11,1703.25,87.22397848,2026-06-19 18:00:00+00:00
1781892900000,1703.27,1703.87,1701.3,1701.8,47.77638415,2026-06-19 18:15:00+00:00
1781893800000,1701.79,1702.76,1697.16,1699.3,28.35880856,2026-06-19 18:30:00+00:00
1781894700000,1699.49,1701.56,1699.49,1701.32,22.33230478,2026-06-19 18:45:00+00:00
1781895600000,1701.3,1702.83,1698.14,1700.49,25.93953213,2026-06-19 19:00:00+00:00
1781896500000,1700.62,1701.13,1697.18,1698.43,231.11360043,2026-06-19 19:15:00+00:00
1781897400000,1698.45,1699.66,1697.04,1699.16,24.24803272,2026-06-19 19:30:00+00:00
1781898300000,1699.15,1702.31,1698.56,1699.73,42.31617393,2026-06-19 19:45:00+00:00
1781899200000,1699.63,1702.72,1699.63,1701.74,21.66880086,2026-06-19 20:00:00+00:00
1781900100000,1701.37,1701.59,1697.29,1700.93,19.09925354,2026-06-19 20:15:00+00:00
1781901000000,1701.25,1702.5,1699.74,1701.34,16.9016656,2026-06-19 20:30:00+00:00
1781901900000,1701.14,1707.71,1701.02,1707.42,77.02746773,2026-06-19 20:45:00+00:00
1781902800000,1707.19,1707.19,1703.9,1706.77,234.62734998,2026-06-19 21:00:00+00:00
1781903700000,1706.76,1706.76,1703.07,1703.27,24.07758399,2026-06-19 21:15:00+00:00
1781904600000,1703.24,1703.99,1701.16,1701.17,22.07483823,2026-06-19 21:30:00+00:00
1781905500000,1700.94,1702.27,1700.0,1700.45,72.20406044,2026-06-19 21:45:00+00:00
1781906400000,1700.45,1701.48,1699.12,1701.48,25.74255585,2026-06-19 22:00:00+00:00
1781907300000,1701.17,1708.22,1700.99,1706.69,118.94616942,2026-06-19 22:15:00+00:00
1781908200000,1706.69,1707.17,1704.29,1706.89,72.97273612,2026-06-19 22:30:00+00:00
1781909100000,1706.55,1707.69,1705.28,1705.98,76.7223606,2026-06-19 22:45:00+00:00
1781910000000,1706.16,1706.54,1703.62,1704.19,24.84448761,2026-06-19 23:00:00+00:00
1781910900000,1703.99,1706.74,1703.57,1706.38,37.96937358,2026-06-19 23:15:00+00:00
1781911800000,1706.2,1706.95,1705.47,1705.91,9.93575495,2026-06-19 23:30:00+00:00
1781912700000,1706.18,1713.28,1705.03,1709.67,744.48435141,2026-06-19 23:45:00+00:00
1781913600000,1709.46,1711.47,1706.84,1708.26,98.28369647,2026-06-20 00:00:00+00:00
1781914500000,1708.18,1710.59,1706.95,1710.59,24.55965364,2026-06-20 00:15:00+00:00
1781915400000,1710.29,1715.66,1707.8,1709.34,327.12385468,2026-06-20 00:30:00+00:00
1781916300000,1709.34,1709.75,1707.02,1707.1,26.7544355,2026-06-20 00:45:00+00:00
1781917200000,1707.27,1707.7,1705.21,1706.64,28.29286403,2026-06-20 01:00:00+00:00
1781918100000,1706.63,1708.66,1705.59,1707.79,41.25526807,2026-06-20 01:15:00+00:00
1781919000000,1707.59,1711.69,1707.12,1707.29,29.5459535,2026-06-20 01:30:00+00:00
1781919900000,1707.29,1708.66,1707.24,1707.77,19.01680277,2026-06-20 01:45:00+00:00
1781920800000,1708.27,1708.78,1705.38,1705.67,24.21208642,2026-06-20 02:00:00+00:00
1781921700000,1705.45,1705.45,1702.42,1702.78,29.11612764,2026-06-20 02:15:00+00:00
1781922600000,1702.8,1706.35,1702.8,1704.39,20.21743152,2026-06-20 02:30:00+00:00
1781923500000,1704.31,1706.03,1703.17,1703.31,103.81316323,2026-06-20 02:45:00+00:00
1781924400000,1703.31,1705.31,1702.94,1705.21,41.14643288,2026-06-20 03:00:00+00:00
1781925300000,1705.15,1706.67,1705.15,1706.35,10.30003757,2026-06-20 03:15:00+00:00
1781926200000,1706.17,1707.59,1704.84,1706.43,16.65438568,2026-06-20 03:30:00+00:00
1781927100000,1706.46,1706.84,1705.43,1706.52,20.58389895,2026-06-20 03:45:00+00:00
1781928000000,1706.46,1707.22,1704.85,1705.95,6.30038411,2026-06-20 04:00:00+00:00
1781928900000,1705.94,1711.27,1705.93,1711.24,91.47988735,2026-06-20 04:15:00+00:00
1781929800000,1711.23,1713.77,1709.35,1713.11,19.8384073,2026-06-20 04:30:00+00:00
1781930700000,1713.14,1713.17,1711.04,1711.18,6.77458198,2026-06-20 04:45:00+00:00
1781931600000,1711.79,1730.87,1710.67,1728.44,1883.36605668,2026-06-20 05:00:00+00:00
1781932500000,1728.94,1728.94,1720.0,1720.69,54.59953483,2026-06-20 05:15:00+00:00
1781933400000,1720.82,1725.69,1720.82,1721.72,60.3521704,2026-06-20 05:30:00+00:00
1781934300000,1721.84,1724.97,1720.51,1724.51,148.4116038,2026-06-20 05:45:00+00:00
1781935200000,1724.51,1724.98,1722.66,1724.04,21.50744967,2026-06-20 06:00:00+00:00
1781936100000,1724.86,1728.28,1723.55,1725.62,335.99518336,2026-06-20 06:15:00+00:00
1781937000000,1726.3,1726.3,1723.06,1725.25,11.27783588,2026-06-20 06:30:00+00:00
1781937900000,1725.12,1726.7,1724.23,1726.21,26.57502072,2026-06-20 06:45:00+00:00
1781938800000,1725.96,1725.97,1721.67,1723.6,33.41262195,2026-06-20 07:00:00+00:00
1781939700000,1723.69,1726.59,1723.63,1726.02,21.53219078,2026-06-20 07:15:00+00:00
1781940600000,1726.47,1727.72,1725.6,1725.94,21.23358427,2026-06-20 07:30:00+00:00
1781941500000,1725.83,1726.75,1722.95,1724.01,228.58022158,2026-06-20 07:45:00+00:00
1781942400000,1724.22,1725.14,1721.46,1723.4,44.89112859,2026-06-20 08:00:00+00:00
1781943300000,1723.96,1724.77,1722.37,1722.44,63.33009768,2026-06-20 08:15:00+00:00
1781944200000,1722.01,1722.64,1720.76,1721.5,12.52197343,2026-06-20 08:30:00+00:00
1781945100000,1721.69,1721.81,1719.76,1721.14,27.94059363,2026-06-20 08:45:00+00:00
1781946000000,1721.44,1725.48,1721.44,1724.5,131.68395688,2026-06-20 09:00:00+00:00
1781946900000,1724.63,1724.75,1721.93,1722.32,13.92053658,2026-06-20 09:15:00+00:00
1781947800000,1722.17,1728.23,1722.17,1726.95,75.17461024,2026-06-20 09:30:00+00:00
1781948700000,1727.21,1728.42,1725.91,1727.37,15.76073621,2026-06-20 09:45:00+00:00
1781949600000,1726.74,1727.34,1724.94,1725.94,26.25912306,2026-06-20 10:00:00+00:00
1781950500000,1725.93,1727.8,1725.57,1726.28,28.52394441,2026-06-20 10:15:00+00:00
1781951400000,1726.56,1726.75,1723.86,1724.63,32.89154143,2026-06-20 10:30:00+00:00
1781952300000,1724.58,1726.57,1724.58,1726.19,26.22159945,2026-06-20 10:45:00+00:00
1781953200000,1726.19,1727.16,1724.64,1725.1,9.27907266,2026-06-20 11:00:00+00:00
1781954100000,1725.16,1726.84,1724.67,1724.93,11.71261336,2026-06-20 11:15:00+00:00
1781955000000,1725.31,1726.57,1724.64,1726.57,16.18382974,2026-06-20 11:30:00+00:00
1781955900000,1726.25,1729.67,1725.64,1725.65,60.03629209,2026-06-20 11:45:00+00:00
1781956800000,1725.65,1728.65,1725.48,1728.11,35.0138616,2026-06-20 12:00:00+00:00
1781957700000,1728.19,1728.29,1725.86,1727.84,38.08970934,2026-06-20 12:15:00+00:00
1781958600000,1727.72,1727.72,1723.24,1724.0,29.08949765,2026-06-20 12:30:00+00:00
1781959500000,1724.01,1725.36,1722.28,1725.33,31.70960738,2026-06-20 12:45:00+00:00
1781960400000,1725.35,1725.7,1722.65,1722.65,13.52300978,2026-06-20 13:00:00+00:00
1781961300000,1722.57,1724.22,1711.01,1712.93,60.31822219,2026-06-20 13:15:00+00:00
1781962200000,1713.35,1717.65,1713.12,1716.63,36.78432558,2026-06-20 13:30:00+00:00
1781963100000,1716.73,1717.89,1714.81,1716.87,145.56781258,2026-06-20 13:45:00+00:00
1781964000000,1716.01,1716.01,1706.76,1707.4,119.4375313,2026-06-20 14:00:00+00:00
1781964900000,1707.27,1711.5,1707.27,1711.5,29.54114976,2026-06-20 14:15:00+00:00
1781965800000,1711.32,1717.73,1710.52,1717.73,73.30711286,2026-06-20 14:30:00+00:00
1781966700000,1718.04,1745.12,1717.33,1731.89,619.66209862,2026-06-20 14:45:00+00:00
1781967600000,1731.89,1735.32,1727.85,1733.97,140.42443528,2026-06-20 15:00:00+00:00
1781968500000,1734.08,1747.05,1731.85,1740.71,597.64442108,2026-06-20 15:15:00+00:00
1781969400000,1740.71,1742.01,1736.75,1737.99,191.89075448,2026-06-20 15:30:00+00:00
1781970300000,1737.45,1740.0,1735.95,1738.65,30.19860686,2026-06-20 15:45:00+00:00
1781971200000,1739.13,1739.13,1733.28,1734.51,88.55706685,2026-06-20 16:00:00+00:00
1781972100000,1735.27,1736.77,1731.24,1731.61,213.88925089,2026-06-20 16:15:00+00:00
1781973000000,1731.86,1732.38,1729.28,1730.58,29.53576255,2026-06-20 16:30:00+00:00
1781973900000,1730.61,1732.71,1730.0,1732.0,18.64091874,2026-06-20 16:45:00+00:00
1781974800000,1732.0,1732.0,1727.57,1728.64,30.26080868,2026-06-20 17:00:00+00:00
1781975700000,1728.64,1728.93,1725.1,1727.39,66.199974,2026-06-20 17:15:00+00:00
1781976600000,1727.91,1729.23,1719.07,1724.46,388.55124535,2026-06-20 17:30:00+00:00
1781977500000,1724.09,1725.73,1723.41,1724.8,46.99280505,2026-06-20 17:45:00+00:00
1781978400000,1724.62,1729.4,1724.62,1725.5,50.43567239,2026-06-20 18:00:00+00:00
1781979300000,1725.97,1728.42,1725.74,1727.72,11.19850385,2026-06-20 18:15:00+00:00
1781980200000,1728.14,1728.14,1724.65,1725.64,21.93460408,2026-06-20 18:30:00+00:00
1781981100000,1725.63,1726.48,1724.12,1724.75,24.2634099,2026-06-20 18:45:00+00:00
1781982000000,1724.54,1726.33,1723.41,1725.62,45.55882778,2026-06-20 19:00:00+00:00
1781982900000,1725.84,1726.46,1724.1,1724.74,31.69548421,2026-06-20 19:15:00+00:00
1781983800000,1724.69,1727.74,1724.11,1727.3,28.15284972,2026-06-20 19:30:00+00:00
1781984700000,1727.54,1727.78,1726.6,1727.28,49.26400233,2026-06-20 19:45:00+00:00
1781985600000,1727.18,1728.73,1726.63,1727.91,20.49657752,2026-06-20 20:00:00+00:00
1781986500000,1727.81,1728.73,1726.77,1726.77,38.66379491,2026-06-20 20:15:00+00:00
1781987400000,1726.81,1726.87,1724.61,1726.41,23.06783128,2026-06-20 20:30:00+00:00
1781988300000,1726.22,1729.19,1726.22,1728.69,25.03541922,2026-06-20 20:45:00+00:00
1781989200000,1728.94,1735.3,1728.3,1733.09,35.55155129,2026-06-20 21:00:00+00:00
1781990100000,1733.0,1733.21,1730.34,1730.5,41.52216299,2026-06-20 21:15:00+00:00
1781991000000,1731.34,1734.75,1730.4,1734.29,39.25693998,2026-06-20 21:30:00+00:00
1781991900000,1734.55,1736.01,1732.13,1733.74,33.93253781,2026-06-20 21:45:00+00:00
1781992800000,1733.52,1738.0,1731.15,1736.38,63.57919985,2026-06-20 22:00:00+00:00
1781993700000,1736.96,1742.4,1734.48,1740.98,101.05884229,2026-06-20 22:15:00+00:00
1781994600000,1740.9,1743.86,1738.66,1740.85,89.98011827,2026-06-20 22:30:00+00:00
1781995500000,1741.28,1742.75,1739.2,1741.62,27.18800132,2026-06-20 22:45:00+00:00
1781996400000,1741.62,1741.9,1739.82,1739.82,84.43196971,2026-06-20 23:00:00+00:00
1781997300000,1739.85,1741.9,1738.79,1738.8,72.86411215,2026-06-20 23:15:00+00:00
1781998200000,1738.81,1740.86,1738.8,1740.01,38.41555397,2026-06-20 23:30:00+00:00
1781999100000,1739.8,1739.8,1739.0,1739.0,21.63903698,2026-06-20 23:45:00+00:00
1782000000000,1739.0,1739.05,1735.53,1736.36,26.93099134,2026-06-21 00:00:00+00:00
1782000900000,1736.54,1737.22,1733.61,1735.1,391.1077603,2026-06-21 00:15:00+00:00
1782001800000,1735.22,1737.61,1734.57,1736.2,33.83224988,2026-06-21 00:30:00+00:00
1782002700000,1736.02,1736.47,1734.43,1735.32,8.71436347,2026-06-21 00:45:00+00:00
1782003600000,1735.49,1736.0,1734.23,1734.23,8.79628066,2026-06-21 01:00:00+00:00
1782004500000,1733.43,1734.0,1732.46,1733.18,69.00776118,2026-06-21 01:15:00+00:00
1782005400000,1733.13,1735.97,1732.4,1735.18,52.490398,2026-06-21 01:30:00+00:00
1782006300000,1735.19,1737.67,1734.71,1734.73,68.59584716,2026-06-21 01:45:00+00:00
1782007200000,1734.73,1735.96,1733.71,1734.64,43.76919329,2026-06-21 02:00:00+00:00
1782008100000,1735.08,1735.3,1734.26,1734.71,15.58651446,2026-06-21 02:15:00+00:00
1782009000000,1734.72,1735.15,1734.11,1734.73,13.58308449,2026-06-21 02:30:00+00:00
1782009900000,1734.62,1735.72,1734.11,1734.11,11.70776279,2026-06-21 02:45:00+00:00
1782010800000,1734.19,1734.27,1731.62,1733.75,18.83679014,2026-06-21 03:00:00+00:00
1782011700000,1734.23,1738.83,1732.83,1734.66,42.02332896,2026-06-21 03:15:00+00:00
1782012600000,1735.05,1737.65,1734.84,1736.3,13.57921473,2026-06-21 03:30:00+00:00
1782013500000,1737.01,1737.62,1736.23,1736.26,4.52077307,2026-06-21 03:45:00+00:00
1782014400000,1735.88,1736.23,1733.31,1733.97,8.29479207,2026-06-21 04:00:00+00:00
1782015300000,1734.81,1738.19,1734.56,1737.23,36.86833527,2026-06-21 04:15:00+00:00
1782016200000,1737.22,1738.57,1735.48,1735.48,33.3437265,2026-06-21 04:30:00+00:00
1782017100000,1735.68,1735.69,1730.0,1730.81,45.71114205,2026-06-21 04:45:00+00:00
1782018000000,1731.17,1731.76,1729.08,1729.7,23.3400308,2026-06-21 05:00:00+00:00
1782018900000,1729.69,1732.68,1728.43,1732.68,604.06868535,2026-06-21 05:15:00+00:00
1782019800000,1732.68,1733.92,1731.64,1731.98,20.20894246,2026-06-21 05:30:00+00:00
1782020700000,1731.91,1731.91,1730.01,1731.05,33.22070021,2026-06-21 05:45:00+00:00
1782021600000,1731.05,1733.19,1730.35,1732.79,20.83110812,2026-06-21 06:00:00+00:00
1782022500000,1732.49,1734.61,1731.77,1734.51,21.02490325,2026-06-21 06:15:00+00:00
1782023400000,1733.82,1736.02,1732.91,1734.97,10.34757438,2026-06-21 06:30:00+00:00
1782024300000,1734.91,1735.06,1733.7,1733.75,23.04597988,2026-06-21 06:45:00+00:00
1782025200000,1733.75,1733.75,1731.98,1732.93,38.16447886,2026-06-21 07:00:00+00:00
1782026100000,1732.96,1733.62,1731.01,1731.01,28.47037314,2026-06-21 07:15:00+00:00
1782027000000,1731.0,1732.0,1730.8,1731.51,16.88606923,2026-06-21 07:30:00+00:00
1782027900000,1731.51,1732.39,1730.0,1730.13,17.92234138,2026-06-21 07:45:00+00:00
1782028800000,1730.14,1730.73,1727.66,1729.01,37.04404221,2026-06-21 08:00:00+00:00
1782029700000,1729.0,1729.0,1727.04,1727.25,27.59961691,2026-06-21 08:15:00+00:00
1782030600000,1727.39,1727.87,1721.73,1726.27,61.55920236,2026-06-21 08:30:00+00:00
1782031500000,1725.81,1726.88,1724.6,1726.83,22.86739688,2026-06-21 08:45:00+00:00
1782032400000,1727.0,1727.9,1725.5,1725.5,27.92537965,2026-06-21 09:00:00+00:00
1782033300000,1725.51,1727.76,1724.26,1726.76,99.08617717,2026-06-21 09:15:00+00:00
1782034200000,1726.85,1732.24,1726.85,1729.31,17.54129413,2026-06-21 09:30:00+00:00
1782035100000,1729.3,1731.11,1729.3,1730.7,37.47457938,2026-06-21 09:45:00+00:00
1782036000000,1730.69,1732.92,1729.84,1732.36,23.78209047,2026-06-21 10:00:00+00:00
1782036900000,1732.06,1734.91,1731.2,1732.61,14.86412503,2026-06-21 10:15:00+00:00
1782037800000,1732.23,1732.24,1730.23,1730.24,9.18047939,2026-06-21 10:30:00+00:00
1782038700000,1730.41,1732.12,1728.79,1729.34,135.04839275,2026-06-21 10:45:00+00:00
1782039600000,1729.42,1732.7,1727.82,1730.29,50.07556847,2026-06-21 11:00:00+00:00
1782040500000,1729.57,1729.57,1717.0,1725.9,68.7986389,2026-06-21 11:15:00+00:00
1782041400000,1725.59,1725.59,1721.78,1724.0,26.57316674,2026-06-21 11:30:00+00:00
1782042300000,1724.0,1725.74,1721.21,1722.5,36.55399709,2026-06-21 11:45:00+00:00
1782043200000,1722.99,1724.06,1719.6,1719.7,39.34385759,2026-06-21 12:00:00+00:00
1782044100000,1719.5,1719.5,1715.21,1717.27,42.53855659,2026-06-21 12:15:00+00:00
1782045000000,1717.02,1719.12,1716.0,1718.36,68.77043812,2026-06-21 12:30:00+00:00
1782045900000,1718.36,1724.87,1718.36,1723.87,39.633874,2026-06-21 12:45:00+00:00
1782046800000,1723.87,1725.53,1722.11,1724.21,32.45472833,2026-06-21 13:00:00+00:00
1782047700000,1724.21,1725.51,1723.0,1723.92,43.29867526,2026-06-21 13:15:00+00:00
1782048600000,1724.14,1724.7,1719.75,1720.78,115.05701966,2026-06-21 13:30:00+00:00
1782049500000,1720.66,1722.93,1720.44,1722.92,83.72888627,2026-06-21 13:45:00+00:00
1782050400000,1723.05,1723.92,1720.55,1721.54,53.16433567,2026-06-21 14:00:00+00:00
1782051300000,1721.29,1722.41,1719.65,1720.28,21.42029067,2026-06-21 14:15:00+00:00
1782052200000,1720.2,1724.28,1720.12,1723.29,9.85035834,2026-06-21 14:30:00+00:00
1782053100000,1723.23,1725.8,1721.72,1725.8,24.22530588,2026-06-21 14:45:00+00:00
1782054000000,1725.99,1729.91,1725.09,1727.11,58.611909,2026-06-21 15:00:00+00:00
1782054900000,1726.97,1729.55,1726.97,1729.55,39.18130187,2026-06-21 15:15:00+00:00
1782055800000,1729.55,1730.0,1727.66,1728.91,25.04906925,2026-06-21 15:30:00+00:00
1782056700000,1728.81,1729.19,1728.41,1729.01,406.79469923,2026-06-21 15:45:00+00:00
1782057600000,1729.0,1729.0,1723.93,1725.0,438.41284937,2026-06-21 16:00:00+00:00
1782058500000,1725.24,1726.64,1724.35,1725.0,21.04822823,2026-06-21 16:15:00+00:00
1782059400000,1725.01,1725.01,1719.95,1723.3,51.64639703,2026-06-21 16:30:00+00:00
1782060300000,1723.3,1727.65,1723.3,1725.92,45.45456136,2026-06-21 16:45:00+00:00
1782061200000,1726.13,1729.03,1725.74,1727.62,407.43141365,2026-06-21 17:00:00+00:00
1782062100000,1728.04,1728.22,1724.6,1724.82,29.30209393,2026-06-21 17:15:00+00:00
1782063000000,1724.82,1725.31,1723.99,1725.24,57.97652776,2026-06-21 17:30:00+00:00
1782063900000,1725.72,1727.22,1725.28,1725.28,16.51662683,2026-06-21 17:45:00+00:00
1782064800000,1725.24,1725.57,1719.54,1721.5,88.58588859,2026-06-21 18:00:00+00:00
1782065700000,1721.5,1723.82,1721.5,1723.49,12.89140407,2026-06-21 18:15:00+00:00
1782066600000,1723.5,1735.0,1723.5,1732.5,2463.35187512,2026-06-21 18:30:00+00:00
1782067500000,1732.49,1737.01,1731.05,1733.5,2200.60979012,2026-06-21 18:45:00+00:00
1782068400000,1733.5,1739.2,1732.49,1734.71,1227.14906662,2026-06-21 19:00:00+00:00
1782069300000,1734.57,1734.57,1731.64,1732.4,244.2629242,2026-06-21 19:15:00+00:00
1782070200000,1732.16,1733.63,1731.85,1733.17,27.40135709,2026-06-21 19:30:00+00:00
1782071100000,1733.48,1734.41,1731.91,1732.33,13.29889576,2026-06-21 19:45:00+00:00
1782072000000,1732.44,1733.48,1729.43,1729.57,20.13270403,2026-06-21 20:00:00+00:00
1782072900000,1729.71,1730.47,1727.64,1728.42,34.39740502,2026-06-21 20:15:00+00:00
1782073800000,1728.81,1729.5,1724.5,1725.75,39.3669554,2026-06-21 20:30:00+00:00
1782074700000,1725.68,1725.75,1715.12,1719.11,159.8025895,2026-06-21 20:45:00+00:00
1782075600000,1719.17,1720.25,1700.86,1708.17,610.39340134,2026-06-21 21:00:00+00:00
1782076500000,1708.09,1715.12,1700.2,1712.97,293.03057008,2026-06-21 21:15:00+00:00
1782077400000,1712.77,1722.18,1712.77,1718.44,384.45940621,2026-06-21 21:30:00+00:00
1782078300000,1718.59,1719.66,1715.22,1716.25,58.30081309,2026-06-21 21:45:00+00:00
1782079200000,1716.24,1718.59,1710.68,1713.69,194.11054634,2026-06-21 22:00:00+00:00
1782080100000,1714.32,1716.95,1713.56,1713.61,214.30286622,2026-06-21 22:15:00+00:00
1782081000000,1711.98,1713.72,1707.0,1712.92,127.10120686,2026-06-21 22:30:00+00:00
1782081900000,1712.77,1717.61,1712.36,1715.54,65.19157363,2026-06-21 22:45:00+00:00
1782082800000,1714.9,1714.9,1708.33,1709.72,418.51330344,2026-06-21 23:00:00+00:00
1782083700000,1709.6,1714.13,1708.64,1711.43,1007.43625609,2026-06-21 23:15:00+00:00
1782084600000,1711.59,1712.02,1702.9,1704.31,101.28158813,2026-06-21 23:30:00+00:00
1782085500000,1704.52,1706.86,1703.02,1704.98,36.56428577,2026-06-21 23:45:00+00:00
1782086400000,1704.99,1713.12,1704.99,1710.94,87.47434917,2026-06-22 00:00:00+00:00
1782087300000,1710.71,1718.98,1710.7,1718.33,30.53835436,2026-06-22 00:15:00+00:00
1782088200000,1718.33,1729.68,1717.35,1723.76,101.37085812,2026-06-22 00:30:00+00:00
1782089100000,1723.81,1726.23,1719.08,1725.05,104.85153326,2026-06-22 00:45:00+00:00
1782090000000,1726.18,1727.73,1722.49,1723.23,72.21886967,2026-06-22 01:00:00+00:00
1782090900000,1725.27,1760.12,1724.85,1750.76,990.08629656,2026-06-22 01:15:00+00:00
1782091800000,1750.6,1752.01,1739.85,1742.52,492.1004958,2026-06-22 01:30:00+00:00
1782092700000,1743.15,1744.7,1741.33,1743.38,48.32773091,2026-06-22 01:45:00+00:00
1782093600000,1741.82,1742.98,1737.05,1738.67,100.95318445,2026-06-22 02:00:00+00:00
1782094500000,1738.45,1742.53,1737.49,1739.98,265.90090037,2026-06-22 02:15:00+00:00
1782095400000,1739.7,1743.43,1738.31,1740.86,52.29452057,2026-06-22 02:30:00+00:00
1782096300000,1740.99,1740.99,1735.13,1735.13,54.22021931,2026-06-22 02:45:00+00:00
1782097200000,1735.14,1735.39,1725.13,1729.63,113.6991513,2026-06-22 03:00:00+00:00
1782098100000,1731.14,1737.8,1730.96,1734.22,42.87461819,2026-06-22 03:15:00+00:00
1782099000000,1734.7,1738.92,1732.47,1732.53,42.8147794,2026-06-22 03:30:00+00:00
1782099900000,1732.73,1733.49,1725.42,1728.14,172.09742467,2026-06-22 03:45:00+00:00
1782100800000,1728.13,1731.61,1725.69,1730.12,17.65330791,2026-06-22 04:00:00+00:00
1782101700000,1730.24,1732.24,1728.86,1732.23,67.91451666,2026-06-22 04:15:00+00:00
1782102600000,1732.64,1732.99,1729.14,1729.75,227.55482693,2026-06-22 04:30:00+00:00
1782103500000,1729.89,1733.8,1729.89,1733.24,44.52275806,2026-06-22 04:45:00+00:00
1782104400000,1733.11,1735.99,1731.98,1735.34,55.5208996,2026-06-22 05:00:00+00:00
1782105300000,1735.33,1737.25,1734.0,1736.12,56.52957428,2026-06-22 05:15:00+00:00
1782106200000,1736.13,1737.34,1734.19,1735.72,6.24409559,2026-06-22 05:30:00+00:00
1782107100000,1735.51,1735.82,1733.62,1734.68,51.38277825,2026-06-22 05:45:00+00:00
1782108000000,1734.68,1737.27,1732.54,1735.92,221.41206946,2026-06-22 06:00:00+00:00
1782108900000,1735.89,1737.52,1733.91,1734.51,176.15497723,2026-06-22 06:15:00+00:00
1782109800000,1734.5,1734.5,1731.14,1732.59,55.51525371,2026-06-22 06:30:00+00:00
1782110700000,1732.39,1733.78,1731.05,1733.31,56.67962935,2026-06-22 06:45:00+00:00
1782111600000,1733.01,1743.74,1733.0,1742.44,161.7196081,2026-06-22 07:00:00+00:00
1782112500000,1742.44,1746.57,1742.44,1746.06,700.66246765,2026-06-22 07:15:00+00:00
1782113400000,1746.01,1749.02,1746.0,1746.0,192.45958621,2026-06-22 07:30:00+00:00
1782114300000,1746.01,1746.85,1743.45,1744.31,82.96388613,2026-06-22 07:45:00+00:00
1782115200000,1744.93,1749.1,1741.5,1749.1,44.25308746,2026-06-22 08:00:00+00:00
1782116100000,1749.58,1749.89,1744.08,1744.37,42.89870428,2026-06-22 08:15:00+00:00
1782117000000,1744.37,1747.06,1741.9,1747.06,67.93863417,2026-06-22 08:30:00+00:00
1782117900000,1747.42,1748.65,1744.6,1746.07,30.14469787,2026-06-22 08:45:00+00:00
1782118800000,1746.02,1748.43,1745.66,1747.29,11.47600884,2026-06-22 09:00:00+00:00
1782119700000,1746.8,1747.13,1743.93,1744.45,48.57210212,2026-06-22 09:15:00+00:00
1782120600000,1744.3,1746.93,1742.43,1744.92,42.47720432,2026-06-22 09:30:00+00:00
1782121500000,1744.96,1745.79,1743.94,1744.07,79.06814185,2026-06-22 09:45:00+00:00
1782122400000,1743.86,1749.43,1743.2,1747.69,49.65333367,2026-06-22 10:00:00+00:00
1782123300000,1747.62,1748.78,1745.37,1745.76,10.03062511,2026-06-22 10:15:00+00:00
1782124200000,1745.7,1748.84,1745.08,1745.08,15.11594699,2026-06-22 10:30:00+00:00
1782125100000,1745.37,1748.31,1745.37,1746.74,77.54343596,2026-06-22 10:45:00+00:00
1782126000000,1746.99,1755.17,1745.76,1750.52,149.22745734,2026-06-22 11:00:00+00:00
1782126900000,1749.96,1752.94,1747.13,1751.15,155.46758068,2026-06-22 11:15:00+00:00
1782127800000,1750.89,1763.78,1750.81,1761.72,577.05647361,2026-06-22 11:30:00+00:00
1782128700000,1762.0,1772.86,1760.66,1766.06,211.55799443,2026-06-22 11:45:00+00:00
1782129600000,1766.25,1769.24,1762.56,1764.35,356.63675025,2026-06-22 12:00:00+00:00
1782130500000,1763.23,1767.28,1761.69,1764.8,82.80863415,2026-06-22 12:15:00+00:00
1782131400000,1764.81,1764.96,1759.9,1762.26,60.19900499,2026-06-22 12:30:00+00:00
1782132300000,1762.37,1764.98,1760.36,1762.07,1731.1542045,2026-06-22 12:45:00+00:00
1782133200000,1762.0,1764.26,1761.05,1762.36,105.5544821,2026-06-22 13:00:00+00:00
1782134100000,1762.44,1764.03,1760.51,1761.88,48.54771109,2026-06-22 13:15:00+00:00
1782135000000,1762.49,1777.82,1760.6,1772.49,842.94316324,2026-06-22 13:30:00+00:00
1782135900000,1771.86,1774.81,1770.31,1774.81,742.58165881,2026-06-22 13:45:00+00:00
1782136800000,1775.58,1776.15,1764.84,1765.33,189.00724844,2026-06-22 14:00:00+00:00
1782137700000,1766.09,1766.09,1752.98,1753.6,484.47995449,2026-06-22 14:15:00+00:00
1782138600000,1753.26,1757.55,1750.0,1752.0,289.59675613,2026-06-22 14:30:00+00:00
1782139500000,1751.45,1756.56,1748.74,1752.79,265.15818991,2026-06-22 14:45:00+00:00
1782140400000,1752.74,1755.82,1749.69,1753.63,106.20392017,2026-06-22 15:00:00+00:00
1782141300000,1753.7,1754.91,1749.55,1751.62,317.2790442,2026-06-22 15:15:00+00:00
1782142200000,1752.13,1753.8,1750.55,1752.68,69.14916294,2026-06-22 15:30:00+00:00
1782143100000,1752.64,1753.08,1740.8,1742.91,131.10356249,2026-06-22 15:45:00+00:00
1782144000000,1743.16,1744.47,1735.23,1740.24,142.81138427,2026-06-22 16:00:00+00:00
1782144900000,1739.51,1742.94,1737.76,1740.1,303.68112942,2026-06-22 16:15:00+00:00
1782145800000,1740.18,1740.21,1732.89,1736.0,176.24140331,2026-06-22 16:30:00+00:00
1782146700000,1736.27,1740.23,1732.06,1738.2,142.6003663,2026-06-22 16:45:00+00:00
1782147600000,1738.2,1741.0,1737.52,1739.49,380.93633108,2026-06-22 17:00:00+00:00
1782148500000,1739.51,1740.31,1732.01,1732.51,71.9050162,2026-06-22 17:15:00+00:00
1782149400000,1732.33,1734.0,1730.0,1733.26,243.209327,2026-06-22 17:30:00+00:00
1782150300000,1733.34,1740.18,1733.34,1739.19,44.17656715,2026-06-22 17:45:00+00:00
1782151200000,1739.18,1744.56,1739.16,1743.75,108.23880073,2026-06-22 18:00:00+00:00
1782152100000,1743.75,1745.28,1739.32,1739.81,45.59391254,2026-06-22 18:15:00+00:00
1782153000000,1739.81,1741.17,1738.02,1738.31,87.7671036,2026-06-22 18:30:00+00:00
1782153900000,1738.3,1738.3,1728.11,1731.56,850.04083621,2026-06-22 18:45:00+00:00
1782154800000,1731.76,1733.96,1728.43,1733.13,117.29362029,2026-06-22 19:00:00+00:00
1782155700000,1733.3,1735.02,1727.93,1730.1,157.5321301,2026-06-22 19:15:00+00:00
1782156600000,1729.64,1733.91,1729.04,1731.69,48.35881419,2026-06-22 19:30:00+00:00
1782157500000,1731.81,1733.67,1728.37,1732.93,498.69754718,2026-06-22 19:45:00+00:00
1782158400000,1732.21,1737.53,1732.21,1734.79,301.44373841,2026-06-22 20:00:00+00:00
1782159300000,1734.78,1735.88,1730.18,1731.69,51.11223258,2026-06-22 20:15:00+00:00
1782160200000,1731.69,1734.84,1731.68,1734.24,57.12592144,2026-06-22 20:30:00+00:00
1782161100000,1734.01,1734.37,1729.55,1732.49,71.6851045,2026-06-22 20:45:00+00:00
1782162000000,1732.49,1735.07,1732.11,1733.79,55.69672659,2026-06-22 21:00:00+00:00
1782162900000,1733.79,1733.79,1730.0,1732.33,127.05082274,2026-06-22 21:15:00+00:00
1782163800000,1732.32,1732.33,1725.51,1727.85,116.81587804,2026-06-22 21:30:00+00:00
1782164700000,1727.39,1731.01,1727.08,1731.01,40.53566222,2026-06-22 21:45:00+00:00
1782165600000,1730.78,1733.9,1730.19,1731.86,180.09408156,2026-06-22 22:00:00+00:00
1782166500000,1731.86,1731.86,1715.99,1719.83,618.91710782,2026-06-22 22:15:00+00:00
1782167400000,1720.4,1723.23,1715.54,1716.77,586.7492624,2026-06-22 22:30:00+00:00
1782168300000,1717.65,1722.9,1717.24,1722.15,90.91124056,2026-06-22 22:45:00+00:00
1782169200000,1721.33,1724.22,1721.33,1722.35,92.46731364,2026-06-22 23:00:00+00:00
1782170100000,1721.48,1725.43,1719.52,1724.83,55.99020215,2026-06-22 23:15:00+00:00
1782171000000,1724.32,1728.23,1723.25,1725.32,50.63920785,2026-06-22 23:30:00+00:00
1782171900000,1725.01,1727.41,1724.01,1726.64,133.07110256,2026-06-22 23:45:00+00:00
1782172800000,1726.12,1726.18,1722.37,1723.17,52.98495289,2026-06-23 00:00:00+00:00
1782173700000,1723.81,1725.06,1718.7,1719.91,31.9942253,2026-06-23 00:15:00+00:00
1782174600000,1720.02,1727.58,1720.02,1727.42,626.96645436,2026-06-23 00:30:00+00:00
1782175500000,1727.42,1729.42,1725.33,1729.42,16.96330888,2026-06-23 00:45:00+00:00
1782176400000,1729.35,1734.46,1729.34,1730.36,62.08180282,2026-06-23 01:00:00+00:00
1782177300000,1730.63,1733.32,1729.8,1731.6,98.75415829,2026-06-23 01:15:00+00:00
1782178200000,1731.09,1732.85,1725.22,1726.93,59.09931939,2026-06-23 01:30:00+00:00
1782179100000,1726.21,1729.41,1718.68,1729.4,116.62024952,2026-06-23 01:45:00+00:00
1782180000000,1728.86,1729.97,1724.3,1727.46,81.9456074,2026-06-23 02:00:00+00:00
1782180900000,1727.39,1730.31,1727.39,1728.95,681.53112283,2026-06-23 02:15:00+00:00
1782181800000,1728.77,1730.6,1728.25,1730.6,172.2648751,2026-06-23 02:30:00+00:00
1782182700000,1730.13,1732.37,1729.16,1730.77,22.48088991,2026-06-23 02:45:00+00:00
1782183600000,1730.63,1730.75,1723.93,1726.28,30.55028493,2026-06-23 03:00:00+00:00
1782184500000,1726.56,1728.72,1725.15,1727.37,16.28475543,2026-06-23 03:15:00+00:00
1782185400000,1727.01,1727.44,1724.53,1725.66,18.91135352,2026-06-23 03:30:00+00:00
1782186300000,1725.67,1728.1,1725.67,1727.88,20.27968264,2026-06-23 03:45:00+00:00
1782187200000,1727.88,1728.97,1726.43,1728.26,10.58309042,2026-06-23 04:00:00+00:00
1782188100000,1728.63,1728.63,1723.05,1725.9,30.82454246,2026-06-23 04:15:00+00:00
1782189000000,1725.9,1725.9,1721.0,1721.43,30.57529076,2026-06-23 04:30:00+00:00
1782189900000,1721.28,1722.37,1716.45,1716.97,136.04721977,2026-06-23 04:45:00+00:00
1782190800000,1717.26,1719.54,1715.79,1717.38,799.52969925,2026-06-23 05:00:00+00:00
1782191700000,1717.2,1718.07,1707.81,1711.56,1434.13552662,2026-06-23 05:15:00+00:00
1782192600000,1711.7,1712.72,1709.65,1712.5,212.42906278,2026-06-23 05:30:00+00:00
1782193500000,1712.3,1712.97,1710.36,1711.69,29.47799556,2026-06-23 05:45:00+00:00
1782194400000,1711.76,1711.76,1701.34,1705.11,155.25920644,2026-06-23 06:00:00+00:00
1782195300000,1705.5,1707.13,1679.73,1685.33,1242.74831465,2026-06-23 06:15:00+00:00
1782196200000,1685.41,1690.48,1682.09,1688.87,282.81598722,2026-06-23 06:30:00+00:00
1782197100000,1687.5,1691.19,1687.5,1690.16,72.74443434,2026-06-23 06:45:00+00:00
1782198000000,1690.4,1692.9,1689.69,1692.32,59.55047711,2026-06-23 07:00:00+00:00
1782198900000,1692.31,1694.56,1691.0,1691.46,44.29471463,2026-06-23 07:15:00+00:00
1782199800000,1691.35,1691.58,1685.48,1685.48,176.38510137,2026-06-23 07:30:00+00:00
1782200700000,1685.66,1687.44,1680.93,1681.08,191.32588064,2026-06-23 07:45:00+00:00
1782201600000,1680.94,1682.63,1672.17,1673.69,401.80434561,2026-06-23 08:00:00+00:00
1782202500000,1673.7,1673.7,1633.1,1640.84,3668.18780381,2026-06-23 08:15:00+00:00
1782203400000,1640.48,1649.91,1640.3,1648.17,168.27600617,2026-06-23 08:30:00+00:00
1782204300000,1647.24,1648.0,1644.65,1645.75,152.57935325,2026-06-23 08:45:00+00:00
1782205200000,1646.18,1650.0,1646.18,1649.13,82.74665837,2026-06-23 09:00:00+00:00
1782206100000,1649.13,1652.5,1648.68,1652.34,154.2170808,2026-06-23 09:15:00+00:00
1782207000000,1652.34,1652.34,1646.57,1647.92,186.6729437,2026-06-23 09:30:00+00:00
1782207900000,1647.65,1650.0,1647.65,1649.14,81.59114016,2026-06-23 09:45:00+00:00
1782208800000,1649.03,1656.41,1648.9,1653.7,116.76139448,2026-06-23 10:00:00+00:00
1782209700000,1653.95,1654.08,1651.22,1652.06,232.34471248,2026-06-23 10:15:00+00:00
1782210600000,1651.71,1652.18,1647.64,1648.14,145.48448111,2026-06-23 10:30:00+00:00
1782211500000,1648.46,1650.91,1647.58,1650.73,178.82241284,2026-06-23 10:45:00+00:00
1782212400000,1650.74,1653.73,1650.69,1653.73,424.34809559,2026-06-23 11:00:00+00:00
1782213300000,1653.77,1660.76,1653.37,1658.52,525.57667769,2026-06-23 11:15:00+00:00
1782214200000,1658.39,1660.92,1657.57,1659.17,248.74384402,2026-06-23 11:30:00+00:00
1782215100000,1659.18,1662.16,1656.39,1658.91,107.81900003,2026-06-23 11:45:00+00:00
1782216000000,1658.93,1660.27,1655.45,1655.92,727.50759719,2026-06-23 12:00:00+00:00
1782216900000,1656.49,1657.96,1655.0,1656.72,37.92820579,2026-06-23 12:15:00+00:00
1782217800000,1656.74,1658.82,1654.17,1656.34,75.3716579,2026-06-23 12:30:00+00:00
1782218700000,1656.3,1656.4,1651.83,1652.97,581.12425125,2026-06-23 12:45:00+00:00
1782219600000,1652.71,1653.1,1647.92,1650.64,114.01150631,2026-06-23 13:00:00+00:00
1782220500000,1649.9,1650.17,1645.7,1647.27,1010.65819972,2026-06-23 13:15:00+00:00
1782221400000,1646.85,1660.11,1643.33,1657.44,335.74199739,2026-06-23 13:30:00+00:00
1782222300000,1656.52,1662.1,1654.17,1661.22,132.55864677,2026-06-23 13:45:00+00:00
1782223200000,1660.84,1665.42,1658.11,1665.42,291.43936274,2026-06-23 14:00:00+00:00
1782224100000,1665.47,1667.89,1656.57,1660.0,125.90297702,2026-06-23 14:15:00+00:00
1782225000000,1660.04,1669.54,1657.95,1661.17,82.85031191,2026-06-23 14:30:00+00:00
1782225900000,1661.61,1663.99,1658.27,1660.21,1104.42975773,2026-06-23 14:45:00+00:00
1782226800000,1660.29,1660.98,1653.8,1654.81,281.51332274,2026-06-23 15:00:00+00:00
1782227700000,1654.95,1654.95,1649.72,1652.18,133.55830638,2026-06-23 15:15:00+00:00
1782228600000,1651.85,1658.75,1651.85,1654.46,671.52063708,2026-06-23 15:30:00+00:00
1782229500000,1653.29,1657.29,1649.35,1657.29,136.66861672,2026-06-23 15:45:00+00:00
1782230400000,1657.33,1671.46,1655.89,1666.73,946.59913291,2026-06-23 16:00:00+00:00
1782231300000,1666.1,1666.1,1659.21,1660.16,120.50416013,2026-06-23 16:15:00+00:00
1782232200000,1660.16,1660.92,1658.67,1660.47,84.59312641,2026-06-23 16:30:00+00:00
1782233100000,1660.46,1660.86,1656.68,1657.62,100.7398829,2026-06-23 16:45:00+00:00
1782234000000,1657.27,1659.04,1653.47,1655.92,81.27459264,2026-06-23 17:00:00+00:00
1782234900000,1655.92,1661.56,1655.84,1660.75,57.95974289,2026-06-23 17:15:00+00:00
1782235800000,1660.75,1663.11,1656.0,1657.5,62.46209272,2026-06-23 17:30:00+00:00
1782236700000,1657.53,1658.62,1653.0,1655.01,158.4362417,2026-06-23 17:45:00+00:00
1782237600000,1654.9,1658.58,1653.18,1656.04,169.1456267,2026-06-23 18:00:00+00:00
1782238500000,1656.1,1657.69,1654.4,1655.68,37.55327509,2026-06-23 18:15:00+00:00
1782239400000,1655.21,1655.21,1648.13,1649.36,421.63356652,2026-06-23 18:30:00+00:00
1782240300000,1649.01,1655.16,1648.14,1653.16,724.31952657,2026-06-23 18:45:00+00:00
1782241200000,1653.31,1659.86,1653.16,1657.56,89.79457902,2026-06-23 19:00:00+00:00
1782242100000,1657.68,1659.52,1654.77,1659.47,225.05640231,2026-06-23 19:15:00+00:00
1782243000000,1659.59,1660.7,1656.14,1656.97,116.33127469,2026-06-23 19:30:00+00:00
1782243900000,1656.26,1661.46,1655.5,1660.64,290.16366022,2026-06-23 19:45:00+00:00
1782244800000,1660.45,1665.01,1660.45,1662.01,233.1769718,2026-06-23 20:00:00+00:00
1782245700000,1662.35,1663.36,1660.15,1661.98,152.96247791,2026-06-23 20:15:00+00:00
1782246600000,1661.67,1661.91,1660.0,1661.28,450.55194529,2026-06-23 20:30:00+00:00
1782247500000,1661.28,1662.0,1659.6,1661.9,219.39705485,2026-06-23 20:45:00+00:00
1782248400000,1661.98,1665.02,1661.72,1663.12,117.95505314,2026-06-23 21:00:00+00:00
1782249300000,1663.12,1664.49,1662.36,1664.36,19.07609981,2026-06-23 21:15:00+00:00
1782250200000,1664.5,1665.29,1663.7,1664.83,149.62890789,2026-06-23 21:30:00+00:00
1782251100000,1664.81,1666.09,1663.76,1664.5,38.0824744,2026-06-23 21:45:00+00:00
1782252000000,1664.83,1669.58,1664.61,1669.39,98.95259477,2026-06-23 22:00:00+00:00
1782252900000,1669.38,1670.95,1662.1,1663.18,129.23655387,2026-06-23 22:15:00+00:00
1782253800000,1663.29,1664.5,1661.44,1661.44,22.50563986,2026-06-23 22:30:00+00:00
1782254700000,1661.5,1663.46,1661.02,1662.67,807.85618937,2026-06-23 22:45:00+00:00
1782255600000,1662.46,1662.46,1657.96,1659.34,82.46205295,2026-06-23 23:00:00+00:00
1782256500000,1659.35,1663.37,1659.35,1662.32,44.07567264,2026-06-23 23:15:00+00:00
1782257400000,1662.28,1662.63,1659.96,1660.38,328.78831376,2026-06-23 23:30:00+00:00
1782258300000,1660.58,1667.05,1660.58,1665.12,98.06745734,2026-06-23 23:45:00+00:00
1782259200000,1665.12,1670.36,1665.11,1668.39,890.68471678,2026-06-24 00:00:00+00:00
1782260100000,1669.26,1669.99,1665.55,1666.15,48.2723149,2026-06-24 00:15:00+00:00
1782261000000,1667.06,1671.85,1665.49,1668.47,976.78800066,2026-06-24 00:30:00+00:00
1782261900000,1668.34,1671.29,1667.01,1668.97,326.22276745,2026-06-24 00:45:00+00:00
1782262800000,1669.23,1670.5,1664.46,1670.28,48.25887056,2026-06-24 01:00:00+00:00
1782263700000,1670.23,1670.47,1664.14,1668.93,36.83723511,2026-06-24 01:15:00+00:00
1782264600000,1669.58,1677.83,1669.58,1672.45,1799.38240157,2026-06-24 01:30:00+00:00
1782265500000,1672.46,1675.01,1670.16,1670.55,573.66794444,2026-06-24 01:45:00+00:00
1782266400000,1670.68,1671.47,1666.66,1669.66,44.42843052,2026-06-24 02:00:00+00:00
1782267300000,1669.6,1669.6,1662.81,1665.58,91.58871701,2026-06-24 02:15:00+00:00
1782268200000,1665.66,1667.22,1661.81,1665.65,80.60689315,2026-06-24 02:30:00+00:00
1782269100000,1665.82,1665.94,1661.83,1662.01,20.32705027,2026-06-24 02:45:00+00:00
1782270000000,1662.33,1663.4,1660.22,1661.8,16.16645648,2026-06-24 03:00:00+00:00
1782270900000,1661.56,1661.56,1656.01,1661.44,97.90737201,2026-06-24 03:15:00+00:00
1782271800000,1661.92,1666.48,1661.92,1666.27,26.30537877,2026-06-24 03:30:00+00:00
1782272700000,1667.04,1667.34,1664.36,1664.36,24.32047016,2026-06-24 03:45:00+00:00
1782273600000,1664.74,1665.31,1661.96,1662.73,31.34355693,2026-06-24 04:00:00+00:00
1782274500000,1662.72,1664.52,1656.44,1657.34,1385.15852128,2026-06-24 04:15:00+00:00
1782275400000,1657.44,1663.27,1657.44,1662.45,20.1613448,2026-06-24 04:30:00+00:00
1782276300000,1662.4,1668.58,1662.4,1667.13,1209.21178295,2026-06-24 04:45:00+00:00
1782277200000,1667.03,1669.3,1665.62,1667.14,12.01321184,2026-06-24 05:00:00+00:00
1782278100000,1667.54,1671.05,1667.51,1671.05,23.78012831,2026-06-24 05:15:00+00:00
1782279000000,1671.01,1677.19,1670.51,1673.43,25.85207199,2026-06-24 05:30:00+00:00
1782279900000,1673.31,1674.38,1670.7,1672.41,33.60944026,2026-06-24 05:45:00+00:00
1782280800000,1672.38,1672.75,1668.76,1671.43,25.21107723,2026-06-24 06:00:00+00:00
1782281700000,1671.55,1674.42,1670.57,1672.81,17.4111805,2026-06-24 06:15:00+00:00
1782282600000,1673.13,1674.59,1672.51,1672.51,32.39052613,2026-06-24 06:30:00+00:00
1782283500000,1672.5,1674.09,1671.47,1672.84,15.86837438,2026-06-24 06:45:00+00:00
1782284400000,1672.84,1676.08,1671.03,1676.08,51.72851066,2026-06-24 07:00:00+00:00
1782285300000,1675.81,1675.81,1671.19,1671.5,20.5146733,2026-06-24 07:15:00+00:00
1782286200000,1670.97,1673.46,1668.78,1669.64,46.63486354,2026-06-24 07:30:00+00:00
1782287100000,1670.23,1671.47,1668.95,1670.54,92.75659679,2026-06-24 07:45:00+00:00
1782288000000,1671.28,1671.89,1667.16,1668.47,136.04764705,2026-06-24 08:00:00+00:00
1782288900000,1668.81,1670.69,1667.33,1667.67,34.14647398,2026-06-24 08:15:00+00:00
1782289800000,1668.3,1673.12,1668.18,1671.21,35.71279024,2026-06-24 08:30:00+00:00
1782290700000,1671.78,1672.66,1670.32,1671.18,40.23605065,2026-06-24 08:45:00+00:00
1782291600000,1671.19,1671.19,1666.16,1668.02,17.90320774,2026-06-24 09:00:00+00:00
1782292500000,1668.41,1668.42,1665.44,1665.44,35.64019593,2026-06-24 09:15:00+00:00
1782293400000,1665.52,1665.52,1662.99,1664.9,12.50803688,2026-06-24 09:30:00+00:00
1782294300000,1664.45,1666.0,1664.12,1665.17,46.75630168,2026-06-24 09:45:00+00:00
1782295200000,1664.89,1664.89,1662.13,1664.31,42.83891519,2026-06-24 10:00:00+00:00
1782296100000,1663.54,1665.42,1661.12,1663.34,32.31805167,2026-06-24 10:15:00+00:00
1782297000000,1663.4,1665.84,1662.15,1664.87,91.43276512,2026-06-24 10:30:00+00:00
1782297900000,1664.45,1664.52,1661.36,1661.67,16.4320636,2026-06-24 10:45:00+00:00
1782298800000,1661.51,1662.95,1656.4,1656.94,47.58466094,2026-06-24 11:00:00+00:00
1782299700000,1656.5,1657.93,1654.0,1655.87,30.8577534,2026-06-24 11:15:00+00:00
1782300600000,1657.13,1667.13,1657.13,1667.13,53.43334047,2026-06-24 11:30:00+00:00
1782301500000,1667.35,1689.37,1666.41,1676.03,2273.60347897,2026-06-24 11:45:00+00:00
1782302400000,1677.38,1678.94,1673.71,1676.21,80.99032041,2026-06-24 12:00:00+00:00
1782303300000,1676.65,1677.55,1673.81,1674.42,86.94364592,2026-06-24 12:15:00+00:00
1782304200000,1674.81,1676.01,1671.87,1674.29,474.3427226,2026-06-24 12:30:00+00:00
1782305100000,1674.12,1674.12,1668.52,1669.4,51.55449695,2026-06-24 12:45:00+00:00
1782306000000,1669.39,1670.02,1649.98,1653.05,468.91757846,2026-06-24 13:00:00+00:00
1782306900000,1653.04,1658.33,1641.35,1650.16,1978.33606163,2026-06-24 13:15:00+00:00
1782307800000,1649.62,1660.72,1642.59,1645.98,917.60293367,2026-06-24 13:30:00+00:00
1782308700000,1646.03,1652.6,1638.65,1642.9,3459.69233458,2026-06-24 13:45:00+00:00
1782309600000,1642.66,1648.31,1636.15,1643.16,2004.71004216,2026-06-24 14:00:00+00:00
1782310500000,1643.44,1648.1,1635.37,1645.94,306.9055554,2026-06-24 14:15:00+00:00
1782311400000,1646.68,1654.32,1643.94,1648.04,156.90984741,2026-06-24 14:30:00+00:00
1782312300000,1647.85,1650.83,1641.0,1644.77,277.75268637,2026-06-24 14:45:00+00:00
1782313200000,1644.94,1645.25,1635.0,1638.53,346.27054329,2026-06-24 15:00:00+00:00
1782314100000,1637.13,1648.7,1636.7,1641.91,278.69981088,2026-06-24 15:15:00+00:00
1782315000000,1641.89,1641.89,1622.0,1624.65,2362.62064166,2026-06-24 15:30:00+00:00
1782315900000,1624.81,1625.1,1614.25,1616.59,366.60207917,2026-06-24 15:45:00+00:00
1782316800000,1615.9,1626.16,1613.8,1625.4,263.15223396,2026-06-24 16:00:00+00:00
1782317700000,1625.93,1633.43,1623.61,1629.6,414.98125368,2026-06-24 16:15:00+00:00
1782318600000,1629.62,1630.1,1617.96,1621.23,226.45076846,2026-06-24 16:30:00+00:00
1782319500000,1620.7,1620.7,1583.06,1587.49,3459.05543709,2026-06-24 16:45:00+00:00
1782320400000,1587.77,1595.21,1581.26,1585.45,1040.27350174,2026-06-24 17:00:00+00:00
1782321300000,1585.99,1587.81,1565.0,1574.83,1590.27951923,2026-06-24 17:15:00+00:00
1782322200000,1574.37,1576.86,1562.0,1565.63,1122.05100335,2026-06-24 17:30:00+00:00
1782323100000,1565.54,1567.58,1551.12,1558.81,1474.68080828,2026-06-24 17:45:00+00:00
1782324000000,1559.03,1567.33,1555.28,1565.53,1622.59206114,2026-06-24 18:00:00+00:00
1782324900000,1566.32,1582.52,1566.32,1575.52,475.08025668,2026-06-24 18:15:00+00:00
1782325800000,1575.94,1577.69,1572.4,1573.79,282.25506084,2026-06-24 18:30:00+00:00
1782326700000,1573.0,1573.8,1566.12,1569.73,275.02278432,2026-06-24 18:45:00+00:00
1782327600000,1570.0,1574.33,1564.91,1569.76,550.17912329,2026-06-24 19:00:00+00:00
1782328500000,1568.36,1574.83,1566.17,1573.21,310.5911827,2026-06-24 19:15:00+00:00
1782329400000,1572.98,1580.22,1570.1,1577.34,597.80225539,2026-06-24 19:30:00+00:00
1782330300000,1578.42,1582.6,1576.05,1582.17,336.08141725,2026-06-24 19:45:00+00:00
1782331200000,1581.89,1609.25,1576.59,1606.2,2145.49601404,2026-06-24 20:00:00+00:00
1782332100000,1608.01,1614.83,1605.34,1610.73,384.012727,2026-06-24 20:15:00+00:00
1782333000000,1610.97,1614.99,1605.59,1610.35,466.07592559,2026-06-24 20:30:00+00:00
1782333900000,1609.79,1619.89,1609.09,1610.87,402.43009563,2026-06-24 20:45:00+00:00
1782334800000,1611.35,1612.36,1603.57,1606.88,109.11971649,2026-06-24 21:00:00+00:00
1782335700000,1606.98,1609.84,1606.1,1609.02,204.00580086,2026-06-24 21:15:00+00:00
1782336600000,1609.23,1617.48,1607.97,1615.82,88.21787262,2026-06-24 21:30:00+00:00
1782337500000,1615.82,1619.29,1613.05,1619.02,435.22204395,2026-06-24 21:45:00+00:00
1782338400000,1618.99,1626.94,1617.24,1617.25,529.57448403,2026-06-24 22:00:00+00:00
1782339300000,1617.18,1617.18,1612.86,1613.34,131.89334931,2026-06-24 22:15:00+00:00
1782340200000,1613.34,1615.53,1612.7,1614.29,141.3570609,2026-06-24 22:30:00+00:00
1782341100000,1614.82,1614.92,1611.05,1612.69,21.12043789,2026-06-24 22:45:00+00:00
1782342000000,1612.59,1614.84,1611.18,1613.98,39.48212506,2026-06-24 23:00:00+00:00
1782342900000,1614.57,1619.58,1612.99,1616.91,46.27575507,2026-06-24 23:15:00+00:00
1782343800000,1617.07,1619.83,1615.4,1617.33,51.81617044,2026-06-24 23:30:00+00:00
1782344700000,1617.36,1620.35,1615.37,1619.85,26.01964674,2026-06-24 23:45:00+00:00
1782345600000,1619.86,1623.77,1619.37,1622.71,47.14775229,2026-06-25 00:00:00+00:00
1782346500000,1622.24,1622.84,1617.9,1617.9,78.02429855,2026-06-25 00:15:00+00:00
1782347400000,1617.95,1620.0,1616.29,1616.29,132.13099621,2026-06-25 00:30:00+00:00
1782348300000,1616.56,1618.99,1614.23,1616.46,125.27899625,2026-06-25 00:45:00+00:00
1782349200000,1616.73,1619.35,1612.94,1614.31,62.62030881,2026-06-25 01:00:00+00:00
1782350100000,1614.3,1619.21,1612.33,1616.1,143.72561354,2026-06-25 01:15:00+00:00
1782351000000,1616.36,1619.42,1616.36,1616.4,112.63951445,2026-06-25 01:30:00+00:00
1782351900000,1616.78,1621.41,1616.15,1618.3,154.8516561,2026-06-25 01:45:00+00:00
1782352800000,1618.27,1618.33,1612.4,1612.99,92.20233619,2026-06-25 02:00:00+00:00
1782353700000,1613.71,1617.93,1612.65,1617.8,47.56972374,2026-06-25 02:15:00+00:00
1782354600000,1617.73,1617.73,1613.43,1613.65,101.03210458,2026-06-25 02:30:00+00:00
1782355500000,1613.71,1618.0,1613.33,1618.0,37.85947865,2026-06-25 02:45:00+00:00
1782356400000,1618.47,1621.29,1615.47,1616.02,33.26610644,2026-06-25 03:00:00+00:00
1782357300000,1616.01,1618.27,1614.4,1616.93,73.98234496,2026-06-25 03:15:00+00:00
1782358200000,1616.86,1617.5,1613.81,1614.81,104.24829908,2026-06-25 03:30:00+00:00
1782359100000,1614.37,1617.77,1614.04,1616.86,76.91101223,2026-06-25 03:45:00+00:00
1782360000000,1617.07,1617.68,1615.03,1615.51,68.05805746,2026-06-25 04:00:00+00:00
1782360900000,1615.48,1618.18,1614.8,1616.85,22.90072343,2026-06-25 04:15:00+00:00
1782361800000,1616.54,1619.29,1614.68,1619.29,29.17224233,2026-06-25 04:30:00+00:00
1782362700000,1619.78,1633.32,1619.78,1632.37,328.18581852,2026-06-25 04:45:00+00:00
1782363600000,1632.33,1646.88,1631.11,1641.69,666.53251683,2026-06-25 05:00:00+00:00
1782364500000,1642.34,1647.88,1639.19,1645.11,200.64335279,2026-06-25 05:15:00+00:00
1782365400000,1644.84,1648.96,1642.58,1642.58,397.36653602,2026-06-25 05:30:00+00:00
1782366300000,1642.19,1645.66,1641.43,1642.93,15.13601041,2026-06-25 05:45:00+00:00
1782367200000,1642.93,1646.7,1641.84,1644.84,10.05747734,2026-06-25 06:00:00+00:00
1782368100000,1644.51,1647.68,1643.48,1646.0,80.77435575,2026-06-25 06:15:00+00:00
1782369000000,1645.77,1652.65,1644.46,1651.79,141.77392545,2026-06-25 06:30:00+00:00
1782369900000,1652.04,1657.06,1649.63,1651.35,109.87801239,2026-06-25 06:45:00+00:00
1782370800000,1651.35,1652.73,1648.89,1650.67,26.19437761,2026-06-25 07:00:00+00:00
1782371700000,1650.52,1653.5,1650.2,1652.3,149.95114095,2026-06-25 07:15:00+00:00
1782372600000,1652.41,1657.04,1652.17,1655.42,169.02307777,2026-06-25 07:30:00+00:00
1782373500000,1655.41,1656.06,1652.41,1654.33,23.52284342,2026-06-25 07:45:00+00:00
1782374400000,1654.86,1656.01,1651.93,1652.22,69.56947859,2026-06-25 08:00:00+00:00
1782375300000,1652.08,1652.09,1648.69,1651.17,29.74746309,2026-06-25 08:15:00+00:00
1782376200000,1651.01,1651.01,1649.23,1650.51,126.00431785,2026-06-25 08:30:00+00:00
1782377100000,1650.51,1651.74,1649.08,1649.51,21.39453016,2026-06-25 08:45:00+00:00
1782378000000,1650.57,1652.72,1650.45,1651.7,54.34637547,2026-06-25 09:00:00+00:00
1782378900000,1651.11,1651.47,1645.03,1646.34,25.96701831,2026-06-25 09:15:00+00:00
1782379800000,1645.67,1647.61,1644.86,1646.01,29.42772571,2026-06-25 09:30:00+00:00
1782380700000,1646.15,1646.59,1644.29,1646.54,11.88509077,2026-06-25 09:45:00+00:00
1782381600000,1646.42,1646.85,1644.8,1646.19,12.00748524,2026-06-25 10:00:00+00:00
1782382500000,1646.07,1647.31,1640.43,1641.07,25.08381128,2026-06-25 10:15:00+00:00
1782383400000,1641.5,1641.5,1634.73,1634.73,229.75870248,2026-06-25 10:30:00+00:00
1782384300000,1634.38,1636.04,1631.72,1634.28,61.90391965,2026-06-25 10:45:00+00:00
1782385200000,1634.27,1635.67,1626.23,1634.38,174.41351386,2026-06-25 11:00:00+00:00
1782386100000,1634.33,1635.72,1628.05,1628.52,130.12961874,2026-06-25 11:15:00+00:00
1782387000000,1629.5,1632.31,1629.22,1629.84,185.18124917,2026-06-25 11:30:00+00:00
1782387900000,1629.73,1630.83,1626.04,1630.8,102.65010374,2026-06-25 11:45:00+00:00
1782388800000,1631.07,1632.18,1627.66,1628.78,110.55916582,2026-06-25 12:00:00+00:00
1782389700000,1628.96,1629.37,1622.79,1624.58,28.07918675,2026-06-25 12:15:00+00:00
1782390600000,1625.23,1647.25,1625.23,1634.73,902.30147674,2026-06-25 12:30:00+00:00
1782391500000,1634.21,1637.62,1632.02,1633.18,153.11730982,2026-06-25 12:45:00+00:00
1782392400000,1633.07,1637.77,1632.18,1635.97,256.60932365,2026-06-25 13:00:00+00:00
1782393300000,1636.1,1636.51,1631.11,1632.23,1412.75493671,2026-06-25 13:15:00+00:00
1782394200000,1631.59,1634.05,1589.21,1589.47,1250.13705838,2026-06-25 13:30:00+00:00
1782395100000,1590.2,1597.07,1530.0,1536.0,4921.11490978,2026-06-25 13:45:00+00:00
1782396000000,1536.15,1572.44,1536.08,1563.04,2230.83054277,2026-06-25 14:00:00+00:00
1782396900000,1563.01,1568.5,1548.21,1561.21,745.96232143,2026-06-25 14:15:00+00:00
1782397800000,1561.78,1589.23,1557.72,1564.68,568.67072586,2026-06-25 14:30:00+00:00
1782398700000,1564.95,1576.07,1561.99,1566.04,441.9421378,2026-06-25 14:45:00+00:00
1782399600000,1565.98,1565.98,1550.64,1552.09,381.64503029,2026-06-25 15:00:00+00:00
1782400500000,1551.88,1563.49,1542.65,1558.65,444.84973484,2026-06-25 15:15:00+00:00
1782401400000,1559.35,1564.11,1553.2,1556.88,216.94715011,2026-06-25 15:30:00+00:00
1782402300000,1557.75,1570.46,1557.16,1567.68,1721.36656933,2026-06-25 15:45:00+00:00
1782403200000,1567.97,1585.15,1566.16,1575.1,1356.90896542,2026-06-25 16:00:00+00:00
1782404100000,1575.37,1576.12,1571.02,1574.28,420.40519416,2026-06-25 16:15:00+00:00
1782405000000,1574.28,1574.28,1560.1,1561.58,648.137358,2026-06-25 16:30:00+00:00
1782405900000,1561.19,1561.67,1555.68,1559.71,200.21299981,2026-06-25 16:45:00+00:00
1782406800000,1559.72,1567.01,1555.59,1565.22,116.02635735,2026-06-25 17:00:00+00:00
1782407700000,1566.12,1572.43,1563.58,1567.88,306.60366344,2026-06-25 17:15:00+00:00
1782408600000,1567.9,1572.12,1566.5,1568.87,103.92264969,2026-06-25 17:30:00+00:00
1782409500000,1567.37,1572.57,1564.43,1572.57,253.18494735,2026-06-25 17:45:00+00:00
1782410400000,1572.72,1574.76,1562.77,1563.72,87.51052898,2026-06-25 18:00:00+00:00
1782411300000,1563.09,1574.26,1562.74,1571.2,173.36766091,2026-06-25 18:15:00+00:00
1782412200000,1571.03,1571.13,1558.4,1561.31,219.85155158,2026-06-25 18:30:00+00:00
1782413100000,1561.45,1567.88,1559.12,1564.86,168.75659326,2026-06-25 18:45:00+00:00
1782414000000,1564.88,1565.56,1555.62,1556.86,111.34918178,2026-06-25 19:00:00+00:00
1782414900000,1556.9,1558.47,1552.95,1557.52,511.99282263,2026-06-25 19:15:00+00:00
1782415800000,1557.58,1560.16,1555.8,1556.0,110.27007766,2026-06-25 19:30:00+00:00
1782416700000,1556.11,1558.46,1552.64,1556.69,222.42861353,2026-06-25 19:45:00+00:00
1782417600000,1557.75,1567.42,1557.08,1564.06,521.9133631,2026-06-25 20:00:00+00:00
1782418500000,1564.8,1567.82,1564.8,1565.43,266.09812145,2026-06-25 20:15:00+00:00
1782419400000,1565.29,1565.77,1558.4,1560.77,49.17149801,2026-06-25 20:30:00+00:00
1782420300000,1560.71,1560.71,1554.45,1557.61,458.53253635,2026-06-25 20:45:00+00:00
1782421200000,1557.79,1562.19,1557.74,1561.57,162.03643964,2026-06-25 21:00:00+00:00
1782422100000,1562.25,1565.91,1561.18,1565.63,94.53014898,2026-06-25 21:15:00+00:00
1782423000000,1565.63,1575.3,1565.62,1573.07,131.8469628,2026-06-25 21:30:00+00:00
1782423900000,1572.66,1580.28,1571.04,1578.17,476.61402088,2026-06-25 21:45:00+00:00
1782424800000,1578.09,1580.99,1567.61,1567.61,355.50689138,2026-06-25 22:00:00+00:00
1782425700000,1567.83,1571.46,1564.37,1566.88,177.14213783,2026-06-25 22:15:00+00:00
1782426600000,1566.54,1570.26,1566.25,1568.75,111.11863618,2026-06-25 22:30:00+00:00
1782427500000,1568.72,1570.5,1566.18,1568.03,52.86599932,2026-06-25 22:45:00+00:00
1782428400000,1567.77,1570.45,1565.53,1570.45,27.48602193,2026-06-25 23:00:00+00:00
1782429300000,1570.51,1576.8,1570.2,1575.8,294.74679381,2026-06-25 23:15:00+00:00
1782430200000,1575.26,1577.47,1569.41,1570.39,166.81875209,2026-06-25 23:30:00+00:00
1782431100000,1569.89,1569.89,1562.61,1565.05,608.01711259,2026-06-25 23:45:00+00:00
1782432000000,1565.17,1569.16,1565.17,1568.57,125.2426024,2026-06-26 00:00:00+00:00
1782432900000,1569.02,1569.09,1564.77,1566.68,117.20388634,2026-06-26 00:15:00+00:00
1782433800000,1566.71,1568.54,1564.78,1566.87,24.54689474,2026-06-26 00:30:00+00:00
1782434700000,1567.05,1567.28,1561.8,1562.3,124.01869368,2026-06-26 00:45:00+00:00
1782435600000,1562.48,1566.45,1556.96,1562.4,170.72702338,2026-06-26 01:00:00+00:00
1782436500000,1562.49,1565.01,1555.85,1555.85,102.90069693,2026-06-26 01:15:00+00:00
1782437400000,1555.56,1558.63,1553.16,1556.88,62.07307816,2026-06-26 01:30:00+00:00
1782438300000,1556.42,1560.24,1555.47,1557.27,42.08962148,2026-06-26 01:45:00+00:00
1782439200000,1558.31,1558.6,1519.29,1520.88,1615.10082613,2026-06-26 02:00:00+00:00
1782440100000,1522.67,1537.04,1518.3,1534.97,5699.93317752,2026-06-26 02:15:00+00:00
1782441000000,1535.21,1539.57,1528.65,1532.9,252.54077827,2026-06-26 02:30:00+00:00
1782441900000,1533.6,1533.6,1520.32,1522.24,481.7933241,2026-06-26 02:45:00+00:00
1782442800000,1522.26,1531.74,1510.0,1530.9,4750.73780189,2026-06-26 03:00:00+00:00
1782443700000,1530.25,1533.87,1523.6,1530.29,880.04328745,2026-06-26 03:15:00+00:00
1782444600000,1530.29,1538.15,1526.91,1538.04,849.37256522,2026-06-26 03:30:00+00:00
1782445500000,1538.23,1560.92,1537.98,1555.46,786.44122875,2026-06-26 03:45:00+00:00
1782446400000,1555.68,1556.0,1550.38,1552.74,465.48874636,2026-06-26 04:00:00+00:00
1782447300000,1552.73,1557.76,1548.32,1550.63,92.68850669,2026-06-26 04:15:00+00:00
1782448200000,1549.47,1552.05,1546.97,1550.13,207.41094803,2026-06-26 04:30:00+00:00
1782449100000,1550.15,1550.15,1545.58,1546.58,38.23743674,2026-06-26 04:45:00+00:00
1782450000000,1547.87,1550.06,1546.22,1549.86,161.44400676,2026-06-26 05:00:00+00:00
1782450900000,1550.79,1556.49,1548.53,1555.26,117.45546699,2026-06-26 05:15:00+00:00
1782451800000,1554.86,1556.64,1552.54,1552.75,381.83782221,2026-06-26 05:30:00+00:00
1782452700000,1553.14,1554.67,1550.19,1553.53,27.28331591,2026-06-26 05:45:00+00:00
1782453600000,1553.61,1553.61,1541.71,1543.99,148.98977921,2026-06-26 06:00:00+00:00
1782454500000,1544.08,1558.65,1543.99,1557.96,283.97186368,2026-06-26 06:15:00+00:00
1782455400000,1557.05,1570.46,1555.96,1570.46,124.09659716,2026-06-26 06:30:00+00:00
1782456300000,1569.87,1571.12,1565.7,1568.56,52.03514413,2026-06-26 06:45:00+00:00
1782457200000,1568.72,1575.14,1568.28,1574.79,31.82577731,2026-06-26 07:00:00+00:00
1782458100000,1574.99,1578.59,1573.47,1576.28,381.42833827,2026-06-26 07:15:00+00:00
1782459000000,1576.08,1583.46,1576.08,1579.22,313.67975653,2026-06-26 07:30:00+00:00
1782459900000,1577.32,1580.69,1577.32,1579.31,130.49799984,2026-06-26 07:45:00+00:00
1782460800000,1578.47,1579.75,1568.95,1570.9,327.23807217,2026-06-26 08:00:00+00:00
1782461700000,1570.91,1572.74,1567.86,1570.58,238.80531254,2026-06-26 08:15:00+00:00
1782462600000,1570.53,1570.6,1564.53,1564.53,61.9325939,2026-06-26 08:30:00+00:00
1782463500000,1564.54,1566.94,1561.37,1563.63,74.14962132,2026-06-26 08:45:00+00:00
1782464400000,1564.36,1564.36,1558.01,1561.0,254.8363151,2026-06-26 09:00:00+00:00
1782465300000,1560.91,1561.01,1558.18,1560.34,665.93189833,2026-06-26 09:15:00+00:00
1782466200000,1560.34,1564.26,1558.71,1561.47,142.53987515,2026-06-26 09:30:00+00:00
1782467100000,1561.28,1561.7,1547.32,1550.48,404.86119073,2026-06-26 09:45:00+00:00
1782468000000,1550.49,1552.53,1547.8,1550.79,143.71423255,2026-06-26 10:00:00+00:00
1782468900000,1550.91,1553.18,1549.64,1551.02,47.7390485,2026-06-26 10:15:00+00:00
1782469800000,1550.9,1552.58,1542.71,1548.15,85.33494735,2026-06-26 10:30:00+00:00
1782470700000,1547.57,1548.42,1543.68,1546.2,176.15456988,2026-06-26 10:45:00+00:00
1782471600000,1546.06,1552.72,1544.99,1549.02,40.52576816,2026-06-26 11:00:00+00:00
1782472500000,1549.27,1549.27,1543.03,1544.28,78.36240365,2026-06-26 11:15:00+00:00
1782473400000,1544.23,1547.24,1543.72,1545.23,32.0599052,2026-06-26 11:30:00+00:00
1782474300000,1544.84,1545.86,1538.81,1542.89,730.53941895,2026-06-26 11:45:00+00:00
1782475200000,1542.94,1546.85,1541.08,1543.73,83.49977694,2026-06-26 12:00:00+00:00
1782476100000,1543.22,1549.48,1543.22,1549.48,85.37263929,2026-06-26 12:15:00+00:00
1782477000000,1549.48,1557.5,1526.0,1528.82,611.84442752,2026-06-26 12:30:00+00:00
1782477900000,1529.17,1541.79,1526.47,1534.28,287.6046778,2026-06-26 12:45:00+00:00
1782478800000,1534.38,1539.31,1528.81,1533.82,131.55337177,2026-06-26 13:00:00+00:00
1782479700000,1533.02,1533.67,1520.0,1531.81,388.5622952,2026-06-26 13:15:00+00:00
1782480600000,1531.07,1545.67,1527.31,1544.74,594.46224761,2026-06-26 13:30:00+00:00
1782481500000,1544.4,1568.42,1540.75,1566.33,1166.41797186,2026-06-26 13:45:00+00:00
1782482400000,1567.0,1570.51,1557.15,1563.76,502.26729317,2026-06-26 14:00:00+00:00
1782483300000,1563.92,1573.09,1559.18,1567.26,745.10118349,2026-06-26 14:15:00+00:00
1782484200000,1567.26,1569.38,1553.38,1555.5,694.35126855,2026-06-26 14:30:00+00:00
1782485100000,1555.51,1567.29,1551.24,1557.82,226.69671743,2026-06-26 14:45:00+00:00
1782486000000,1557.78,1573.14,1557.65,1565.01,744.58412052,2026-06-26 15:00:00+00:00
1782486900000,1564.2,1584.32,1563.72,1577.94,210.46619896,2026-06-26 15:15:00+00:00
1782487800000,1577.92,1585.02,1576.69,1583.68,160.17824995,2026-06-26 15:30:00+00:00
1782488700000,1583.14,1583.14,1571.01,1578.3,1236.84390231,2026-06-26 15:45:00+00:00
1782489600000,1578.03,1591.7,1576.26,1577.28,1261.97613361,2026-06-26 16:00:00+00:00
1782490500000,1577.48,1579.85,1570.22,1573.2,1230.7192136,2026-06-26 16:15:00+00:00
1782491400000,1573.21,1584.88,1573.21,1577.33,429.34373828,2026-06-26 16:30:00+00:00
1782492300000,1577.14,1579.61,1574.49,1575.72,93.10274775,2026-06-26 16:45:00+00:00
1782493200000,1575.4,1584.77,1574.28,1584.16,39.30436183,2026-06-26 17:00:00+00:00
1782494100000,1583.41,1586.73,1580.67,1584.07,102.00582632,2026-06-26 17:15:00+00:00
1782495000000,1583.96,1585.55,1577.23,1582.15,86.60800673,2026-06-26 17:30:00+00:00
1782495900000,1581.52,1583.39,1578.45,1580.38,75.13921616,2026-06-26 17:45:00+00:00
1782496800000,1579.62,1582.53,1579.27,1580.92,59.97520639,2026-06-26 18:00:00+00:00
1782497700000,1580.42,1580.68,1572.25,1573.39,87.74185723,2026-06-26 18:15:00+00:00
1782498600000,1573.39,1575.24,1571.69,1574.72,63.51777009,2026-06-26 18:30:00+00:00
1782499500000,1573.71,1573.71,1568.88,1570.99,811.32106531,2026-06-26 18:45:00+00:00
1782500400000,1571.0,1581.0,1568.06,1578.78,1379.23784075,2026-06-26 19:00:00+00:00
1782501300000,1578.67,1579.04,1575.3,1575.72,78.03503909,2026-06-26 19:15:00+00:00
1782502200000,1576.09,1579.99,1575.16,1577.04,197.36899763,2026-06-26 19:30:00+00:00
1782503100000,1576.6,1577.98,1572.71,1572.71,346.50653019,2026-06-26 19:45:00+00:00
1782504000000,1572.71,1580.5,1572.13,1573.37,592.13959145,2026-06-26 20:00:00+00:00
1782504900000,1573.15,1576.86,1573.07,1576.17,129.49906085,2026-06-26 20:15:00+00:00
1782505800000,1576.34,1576.34,1566.36,1566.37,220.12831701,2026-06-26 20:30:00+00:00
1782506700000,1566.37,1570.4,1565.86,1568.41,79.44474877,2026-06-26 20:45:00+00:00
1782507600000,1568.34,1571.35,1566.06,1571.22,22.00227698,2026-06-26 21:00:00+00:00
1782508500000,1571.3,1572.5,1569.79,1571.74,81.18249403,2026-06-26 21:15:00+00:00
1782509400000,1572.36,1576.15,1571.32,1575.25,134.20659315,2026-06-26 21:30:00+00:00
1782510300000,1575.69,1576.26,1573.12,1573.19,45.78536164,2026-06-26 21:45:00+00:00
1782511200000,1572.99,1573.69,1567.33,1572.98,83.81579887,2026-06-26 22:00:00+00:00
1782512100000,1573.01,1573.82,1570.77,1571.12,49.10227491,2026-06-26 22:15:00+00:00
1782513000000,1570.84,1574.33,1569.26,1574.29,95.58200096,2026-06-26 22:30:00+00:00
1782513900000,1574.05,1576.76,1572.91,1575.29,459.97591329,2026-06-26 22:45:00+00:00
1782514800000,1575.62,1578.1,1575.01,1576.59,71.55505667,2026-06-26 23:00:00+00:00
1782515700000,1576.73,1576.73,1573.37,1573.37,98.26598101,2026-06-26 23:15:00+00:00
1782516600000,1573.36,1578.23,1572.21,1577.63,74.70821626,2026-06-26 23:30:00+00:00
1782517500000,1577.54,1578.04,1575.32,1576.45,50.13305942,2026-06-26 23:45:00+00:00
1782518400000,1576.47,1579.39,1576.45,1577.8,142.88164404,2026-06-27 00:00:00+00:00
1782519300000,1577.6,1577.6,1574.87,1575.17,37.60259195,2026-06-27 00:15:00+00:00
1782520200000,1575.04,1575.1,1569.36,1570.73,368.7785328,2026-06-27 00:30:00+00:00
1782521100000,1570.67,1575.34,1570.66,1574.67,31.36420745,2026-06-27 00:45:00+00:00
1782522000000,1574.67,1574.68,1571.74,1572.93,30.17033085,2026-06-27 01:00:00+00:00
1782522900000,1572.88,1574.66,1571.7,1574.51,46.60576452,2026-06-27 01:15:00+00:00
1782523800000,1574.56,1575.17,1572.63,1574.08,36.19440836,2026-06-27 01:30:00+00:00
1782524700000,1574.07,1575.09,1572.67,1573.61,290.88249843,2026-06-27 01:45:00+00:00
1782525600000,1573.56,1578.69,1572.49,1578.69,59.1539992,2026-06-27 02:00:00+00:00
1782526500000,1578.68,1584.4,1578.31,1582.56,729.7806618,2026-06-27 02:15:00+00:00
1782527400000,1582.55,1582.85,1579.76,1581.52,46.27069868,2026-06-27 02:30:00+00:00
1782528300000,1581.61,1583.28,1580.35,1581.21,36.14368367,2026-06-27 02:45:00+00:00
1782529200000,1581.22,1581.38,1576.11,1576.71,91.07027064,2026-06-27 03:00:00+00:00
1782530100000,1576.71,1581.95,1576.7,1579.84,76.53739926,2026-06-27 03:15:00+00:00
1782531000000,1579.71,1580.84,1578.01,1578.31,791.52379183,2026-06-27 03:30:00+00:00
1782531900000,1578.31,1579.36,1576.97,1578.25,31.86832581,2026-06-27 03:45:00+00:00
1782532800000,1578.26,1582.68,1578.13,1581.46,53.36596319,2026-06-27 04:00:00+00:00
1782533700000,1581.45,1582.95,1580.0,1580.2,30.2259627,2026-06-27 04:15:00+00:00
1782534600000,1580.07,1581.68,1578.78,1579.14,14.62411492,2026-06-27 04:30:00+00:00
1782535500000,1579.13,1579.48,1576.48,1576.69,19.76242832,2026-06-27 04:45:00+00:00
1782536400000,1577.04,1578.72,1575.86,1578.67,85.67396701,2026-06-27 05:00:00+00:00
1782537300000,1577.93,1578.02,1575.01,1575.01,17.92613354,2026-06-27 05:15:00+00:00
1782538200000,1575.01,1577.37,1574.95,1576.43,16.33139767,2026-06-27 05:30:00+00:00
1782539100000,1576.7,1578.44,1576.27,1576.56,7.86179805,2026-06-27 05:45:00+00:00
1782540000000,1576.56,1576.56,1573.02,1573.2,7.9689515,2026-06-27 06:00:00+00:00
1782540900000,1573.78,1577.0,1573.69,1577.0,24.13194326,2026-06-27 06:15:00+00:00
1782541800000,1576.5,1580.69,1576.49,1580.36,39.28204947,2026-06-27 06:30:00+00:00
1782542700000,1580.55,1581.96,1578.74,1580.18,17.22410515,2026-06-27 06:45:00+00:00
1782543600000,1580.38,1580.72,1578.47,1578.77,9.53934945,2026-06-27 07:00:00+00:00
1782544500000,1579.04,1581.26,1578.82,1580.56,7.57110115,2026-06-27 07:15:00+00:00
1782545400000,1580.5,1581.57,1579.55,1581.46,19.9304565,2026-06-27 07:30:00+00:00
1782546300000,1580.86,1584.19,1580.86,1583.25,26.1010367,2026-06-27 07:45:00+00:00
1782547200000,1583.36,1583.73,1581.26,1581.26,23.03250761,2026-06-27 08:00:00+00:00
1782548100000,1581.59,1582.53,1581.16,1581.27,12.0493412,2026-06-27 08:15:00+00:00
1782549000000,1581.49,1581.65,1579.69,1579.69,10.04018417,2026-06-27 08:30:00+00:00
1782549900000,1579.55,1583.15,1579.55,1581.88,16.6356812,2026-06-27 08:45:00+00:00
1782550800000,1581.71,1582.39,1578.08,1578.15,1162.69851529,2026-06-27 09:00:00+00:00
1782551700000,1578.16,1579.04,1577.2,1578.55,15.50259386,2026-06-27 09:15:00+00:00
1782552600000,1578.54,1580.47,1578.54,1579.43,9.49261985,2026-06-27 09:30:00+00:00
1782553500000,1579.36,1580.75,1579.31,1580.53,37.52422448,2026-06-27 09:45:00+00:00
1782554400000,1580.25,1581.58,1579.71,1581.45,21.16724356,2026-06-27 10:00:00+00:00
1782555300000,1581.32,1582.39,1580.35,1580.36,96.27974242,2026-06-27 10:15:00+00:00
1782556200000,1580.36,1581.62,1580.0,1581.46,7.01132123,2026-06-27 10:30:00+00:00
1782557100000,1581.97,1582.52,1580.58,1581.85,8.16209588,2026-06-27 10:45:00+00:00
1782558000000,1581.84,1582.4,1579.75,1581.23,69.22071382,2026-06-27 11:00:00+00:00
1782558900000,1581.22,1581.23,1577.71,1577.71,14.66789957,2026-06-27 11:15:00+00:00
1782559800000,1577.97,1578.91,1576.76,1578.72,27.37380927,2026-06-27 11:30:00+00:00
1782560700000,1578.88,1582.38,1578.88,1581.5,18.95584941,2026-06-27 11:45:00+00:00
1782561600000,1581.51,1581.51,1579.09,1580.06,20.13585655,2026-06-27 12:00:00+00:00
1782562500000,1580.22,1582.1,1580.22,1580.94,9.83256471,2026-06-27 12:15:00+00:00
1782563400000,1581.5,1582.58,1578.86,1580.31,327.70379536,2026-06-27 12:30:00+00:00
1782564300000,1580.31,1583.51,1580.31,1583.0,58.89734036,2026-06-27 12:45:00+00:00
1782565200000,1583.52,1585.52,1583.0,1583.75,30.90807823,2026-06-27 13:00:00+00:00
1782566100000,1584.1,1585.9,1583.5,1584.6,15.94519963,2026-06-27 13:15:00+00:00
1782567000000,1584.38,1589.58,1583.55,1587.54,572.31300472,2026-06-27 13:30:00+00:00
1782567900000,1588.1,1590.17,1587.62,1590.17,64.44597583,2026-06-27 13:45:00+00:00
1782568800000,1590.15,1595.94,1587.02,1594.0,630.99329788,2026-06-27 14:00:00+00:00
1782569700000,1594.08,1594.09,1590.54,1592.1,141.0282268,2026-06-27 14:15:00+00:00
1782570600000,1591.95,1592.43,1590.0,1592.43,492.81400818,2026-06-27 14:30:00+00:00
1782571500000,1592.81,1594.13,1591.08,1591.9,16.11087021,2026-06-27 14:45:00+00:00
1782572400000,1592.18,1605.69,1591.84,1604.16,1665.69482283,2026-06-27 15:00:00+00:00
1782573300000,1604.21,1604.21,1598.28,1599.73,1699.59132476,2026-06-27 15:15:00+00:00
1782574200000,1600.04,1608.55,1599.69,1603.18,61.2114416,2026-06-27 15:30:00+00:00
1782575100000,1602.49,1603.85,1601.21,1603.08,79.2141819,2026-06-27 15:45:00+00:00
1782576000000,1603.1,1603.6,1600.97,1601.81,443.93014026,2026-06-27 16:00:00+00:00
1782576900000,1601.81,1601.81,1599.43,1600.49,254.93140154,2026-06-27 16:15:00+00:00
1782577800000,1600.49,1603.5,1599.53,1602.87,40.13306658,2026-06-27 16:30:00+00:00
1782578700000,1602.82,1605.53,1601.88,1603.92,64.2477921,2026-06-27 16:45:00+00:00
1782579600000,1603.95,1604.3,1586.85,1593.55,898.47901087,2026-06-27 17:00:00+00:00
1782580500000,1594.09,1595.03,1590.12,1592.38,33.85161463,2026-06-27 17:15:00+00:00
1782581400000,1592.23,1594.27,1589.08,1591.92,70.11848908,2026-06-27 17:30:00+00:00
1782582300000,1590.93,1592.06,1588.89,1588.89,87.31303428,2026-06-27 17:45:00+00:00
1782583200000,1588.87,1590.71,1586.82,1589.61,237.7135723,2026-06-27 18:00:00+00:00
1782584100000,1589.71,1590.83,1588.87,1590.24,34.20847482,2026-06-27 18:15:00+00:00
1782585000000,1590.09,1591.94,1589.91,1591.47,19.28401314,2026-06-27 18:30:00+00:00
1782585900000,1591.18,1592.27,1590.27,1591.14,31.1734413,2026-06-27 18:45:00+00:00
1782586800000,1591.55,1592.81,1591.2,1591.8,57.17190129,2026-06-27 19:00:00+00:00
1782587700000,1591.7,1591.84,1575.0,1579.2,1828.63106136,2026-06-27 19:15:00+00:00
1782588600000,1578.49,1578.49,1571.01,1575.05,486.92761549,2026-06-27 19:30:00+00:00
1782589500000,1575.32,1577.26,1574.51,1575.97,153.40557752,2026-06-27 19:45:00+00:00
1782590400000,1575.98,1579.95,1575.9,1579.23,40.29554384,2026-06-27 20:00:00+00:00
1782591300000,1579.24,1580.4,1577.94,1578.74,32.78583917,2026-06-27 20:15:00+00:00
1782592200000,1578.75,1579.59,1578.42,1578.42,38.63491867,2026-06-27 20:30:00+00:00
1782593100000,1578.43,1580.26,1578.01,1578.13,29.75395281,2026-06-27 20:45:00+00:00
1782594000000,1579.52,1582.14,1579.44,1581.91,632.32947345,2026-06-27 21:00:00+00:00
1782594900000,1581.35,1582.1,1578.93,1582.1,332.45846934,2026-06-27 21:15:00+00:00
1782595800000,1582.27,1582.65,1576.01,1576.01,45.2960264,2026-06-27 21:30:00+00:00
1782596700000,1576.3,1577.99,1572.0,1572.68,41.31165286,2026-06-27 21:45:00+00:00
1782597600000,1572.69,1573.72,1570.01,1572.52,46.2456134,2026-06-27 22:00:00+00:00
1782598500000,1571.71,1573.12,1560.01,1573.03,289.01397632,2026-06-27 22:15:00+00:00
1782599400000,1573.04,1576.19,1572.68,1573.73,39.72558092,2026-06-27 22:30:00+00:00
1782600300000,1574.04,1577.2,1573.77,1576.88,4.65308461,2026-06-27 22:45:00+00:00
1782601200000,1576.58,1578.77,1570.87,1570.87,371.15407101,2026-06-27 23:00:00+00:00
1782602100000,1570.87,1572.74,1568.99,1569.99,242.57831205,2026-06-27 23:15:00+00:00
1782603000000,1570.0,1573.78,1569.67,1573.05,1848.96303045,2026-06-27 23:30:00+00:00
1782603900000,1573.06,1573.06,1571.14,1571.61,20.63874713,2026-06-27 23:45:00+00:00
1782604800000,1571.67,1574.25,1570.72,1573.77,64.69911113,2026-06-28 00:00:00+00:00
1782605700000,1573.76,1575.91,1573.5,1575.24,63.50139572,2026-06-28 00:15:00+00:00
1782606600000,1575.13,1575.13,1573.02,1574.06,32.36858188,2026-06-28 00:30:00+00:00
1782607500000,1574.02,1574.69,1571.39,1573.12,929.23250571,2026-06-28 00:45:00+00:00
1782608400000,1572.52,1572.74,1567.92,1569.93,52.52760104,2026-06-28 01:00:00+00:00
1782609300000,1569.97,1573.67,1569.35,1572.7,146.70596457,2026-06-28 01:15:00+00:00
1782610200000,1572.67,1574.5,1572.31,1574.21,21.28273083,2026-06-28 01:30:00+00:00
1782611100000,1573.92,1574.18,1572.64,1573.0,125.60878404,2026-06-28 01:45:00+00:00
1782612000000,1573.01,1576.95,1572.91,1576.34,694.44102473,2026-06-28 02:00:00+00:00
1782612900000,1576.35,1578.1,1567.4,1569.67,111.48758818,2026-06-28 02:15:00+00:00
1782613800000,1569.9,1570.75,1568.79,1569.47,25.32131571,2026-06-28 02:30:00+00:00
1782614700000,1569.51,1570.87,1568.83,1569.92,9.72531048,2026-06-28 02:45:00+00:00
1782615600000,1569.93,1573.53,1569.93,1573.53,46.06607861,2026-06-28 03:00:00+00:00
1782616500000,1572.98,1573.01,1571.71,1572.57,131.11665027,2026-06-28 03:15:00+00:00
1782617400000,1572.54,1572.96,1571.2,1571.49,14.91489462,2026-06-28 03:30:00+00:00
1782618300000,1571.38,1573.02,1571.06,1572.74,1017.92355603,2026-06-28 03:45:00+00:00
1782619200000,1572.84,1572.9,1570.19,1571.53,15.84793544,2026-06-28 04:00:00+00:00
1782620100000,1572.14,1573.5,1571.6,1572.14,4.83271681,2026-06-28 04:15:00+00:00
1782621000000,1571.6,1573.47,1568.66,1573.47,377.89151525,2026-06-28 04:30:00+00:00
1782621900000,1573.63,1574.76,1571.73,1571.73,348.08476408,2026-06-28 04:45:00+00:00
1782622800000,1571.74,1571.74,1567.18,1569.85,12.81592057,2026-06-28 05:00:00+00:00
1782623700000,1569.61,1570.62,1562.6,1563.48,568.50777609,2026-06-28 05:15:00+00:00
1782624600000,1563.89,1567.17,1562.17,1566.71,150.80294132,2026-06-28 05:30:00+00:00
1782625500000,1566.74,1567.41,1566.13,1566.9,9.69277519,2026-06-28 05:45:00+00:00
1782626400000,1566.88,1568.3,1561.58,1561.77,298.81814707,2026-06-28 06:00:00+00:00
1782627300000,1561.56,1564.37,1560.4,1563.15,93.27363716,2026-06-28 06:15:00+00:00
1782628200000,1563.33,1565.84,1563.33,1564.93,11.42364363,2026-06-28 06:30:00+00:00
1782629100000,1564.69,1566.79,1564.4,1565.42,200.73341331,2026-06-28 06:45:00+00:00
1782630000000,1565.47,1571.32,1565.42,1570.55,93.5429121,2026-06-28 07:00:00+00:00
1782630900000,1570.42,1570.62,1569.02,1569.1,29.88268592,2026-06-28 07:15:00+00:00
1782631800000,1569.05,1573.75,1568.89,1572.63,223.93216563,2026-06-28 07:30:00+00:00
1782632700000,1573.04,1574.76,1572.57,1573.47,19.67421309,2026-06-28 07:45:00+00:00
1782633600000,1573.68,1575.96,1571.4,1572.32,30.60004307,2026-06-28 08:00:00+00:00
1782634500000,1572.31,1574.16,1572.31,1572.88,125.51650692,2026-06-28 08:15:00+00:00
1782635400000,1572.94,1582.39,1572.93,1579.78,114.77275465,2026-06-28 08:30:00+00:00
1782636300000,1580.9,1581.71,1579.22,1579.43,132.12392542,2026-06-28 08:45:00+00:00
1782637200000,1579.43,1583.22,1578.36,1580.46,1589.3695616,2026-06-28 09:00:00+00:00
1782638100000,1580.49,1580.68,1579.05,1579.8,71.04252578,2026-06-28 09:15:00+00:00
1782639000000,1579.78,1581.94,1579.68,1581.94,53.19650925,2026-06-28 09:30:00+00:00
1782639900000,1581.84,1581.84,1576.59,1577.18,49.60367302,2026-06-28 09:45:00+00:00
1782640800000,1577.27,1579.18,1575.34,1578.94,27.32359479,2026-06-28 10:00:00+00:00
1782641700000,1578.32,1578.65,1571.0,1571.51,70.4984487,2026-06-28 10:15:00+00:00
1782642600000,1572.44,1573.64,1571.99,1573.3,17.03241256,2026-06-28 10:30:00+00:00
1782643500000,1573.74,1575.2,1573.74,1575.19,7.09581597,2026-06-28 10:45:00+00:00
1782644400000,1575.2,1578.76,1574.09,1574.47,38.36406085,2026-06-28 11:00:00+00:00
1782645300000,1574.17,1580.91,1573.83,1579.89,32.62923351,2026-06-28 11:15:00+00:00
1782646200000,1579.88,1580.08,1577.12,1579.12,195.75164765,2026-06-28 11:30:00+00:00
1782647100000,1580.06,1581.53,1579.07,1580.5,33.15843199,2026-06-28 11:45:00+00:00
1782648000000,1580.67,1581.5,1579.4,1579.42,52.33707875,2026-06-28 12:00:00+00:00
1782648900000,1579.63,1582.25,1576.08,1582.25,14.40105676,2026-06-28 12:15:00+00:00
1782649800000,1582.37,1585.8,1577.11,1578.48,330.3103455,2026-06-28 12:30:00+00:00
1782650700000,1578.62,1581.74,1578.62,1581.52,7.52174387,2026-06-28 12:45:00+00:00
1782651600000,1581.52,1581.52,1572.46,1577.81,345.05942903,2026-06-28 13:00:00+00:00
1782652500000,1578.24,1579.39,1576.45,1578.17,5.99104871,2026-06-28 13:15:00+00:00
1782653400000,1577.92,1580.87,1576.3,1580.43,21.00039223,2026-06-28 13:30:00+00:00
1782654300000,1580.26,1580.26,1577.15,1577.39,16.83162872,2026-06-28 13:45:00+00:00
1782655200000,1577.39,1579.98,1575.89,1579.62,25.68067031,2026-06-28 14:00:00+00:00
1782656100000,1579.9,1582.36,1578.0,1580.29,21.48516328,2026-06-28 14:15:00+00:00
1782657000000,1580.2,1581.74,1578.59,1580.68,26.89285207,2026-06-28 14:30:00+00:00
1782657900000,1580.83,1583.2,1578.79,1579.6,45.62776527,2026-06-28 14:45:00+00:00
1782658800000,1579.1,1582.42,1575.3,1581.33,111.7401106,2026-06-28 15:00:00+00:00
1782659700000,1581.41,1582.93,1578.91,1580.24,62.8675719,2026-06-28 15:15:00+00:00
1782660600000,1580.1,1581.95,1577.68,1579.65,41.06094514,2026-06-28 15:30:00+00:00
1782661500000,1579.18,1579.91,1575.0,1578.44,289.75791841,2026-06-28 15:45:00+00:00
1782662400000,1578.69,1579.05,1575.8,1576.35,59.41258793,2026-06-28 16:00:00+00:00
1782663300000,1575.95,1577.72,1571.56,1573.33,172.78064653,2026-06-28 16:15:00+00:00
1782664200000,1574.21,1574.31,1565.28,1565.28,80.3168555,2026-06-28 16:30:00+00:00
1782665100000,1565.27,1570.97,1564.79,1570.81,116.69342159,2026-06-28 16:45:00+00:00
1782666000000,1570.8,1575.04,1566.38,1568.56,333.05535011,2026-06-28 17:00:00+00:00
1782666900000,1568.47,1569.26,1565.01,1565.81,56.64576966,2026-06-28 17:15:00+00:00
1782667800000,1565.34,1567.81,1561.39,1566.92,192.43311335,2026-06-28 17:30:00+00:00
1782668700000,1566.88,1570.98,1566.31,1569.97,69.86047659,2026-06-28 17:45:00+00:00
1782669600000,1569.91,1572.26,1569.66,1570.97,96.3795376,2026-06-28 18:00:00+00:00
1782670500000,1571.13,1571.13,1567.76,1567.82,692.52620409,2026-06-28 18:15:00+00:00
1782671400000,1567.62,1570.6,1567.05,1569.01,48.86784092,2026-06-28 18:30:00+00:00
1782672300000,1568.51,1570.0,1566.86,1569.68,171.03477294,2026-06-28 18:45:00+00:00
1782673200000,1569.38,1569.42,1565.23,1567.08,43.08355697,2026-06-28 19:00:00+00:00
1782674100000,1567.08,1567.91,1565.61,1567.81,59.50806538,2026-06-28 19:15:00+00:00
1782675000000,1568.0,1571.32,1565.28,1565.77,1892.28168708,2026-06-28 19:30:00+00:00
1782675900000,1565.7,1565.81,1555.0,1562.48,1478.69892104,2026-06-28 19:45:00+00:00
1782676800000,1562.34,1570.76,1562.19,1570.51,32.94062458,2026-06-28 20:00:00+00:00
1782677700000,1570.43,1574.11,1570.17,1571.57,87.77014856,2026-06-28 20:15:00+00:00
1782678600000,1571.79,1572.4,1570.1,1570.22,12.3222955,2026-06-28 20:30:00+00:00
1782679500000,1570.35,1572.35,1569.73,1571.22,20.42046962,2026-06-28 20:45:00+00:00
1782680400000,1570.93,1570.97,1566.53,1568.49,22.19269831,2026-06-28 21:00:00+00:00
1782681300000,1568.34,1569.5,1567.41,1568.09,22.98659243,2026-06-28 21:15:00+00:00
1782682200000,1568.12,1571.41,1567.68,1568.27,93.53805437,2026-06-28 21:30:00+00:00
1782683100000,1567.69,1568.24,1557.19,1560.83,269.33883144,2026-06-28 21:45:00+00:00
1782684000000,1561.44,1579.06,1561.44,1569.54,304.23320854,2026-06-28 22:00:00+00:00
1782684900000,1568.27,1569.48,1558.0,1564.69,63.30065416,2026-06-28 22:15:00+00:00
1782685800000,1566.8,1567.26,1558.46,1559.87,102.40790876,2026-06-28 22:30:00+00:00
1782686700000,1558.65,1561.34,1546.26,1555.01,806.2689448,2026-06-28 22:45:00+00:00
1782687600000,1555.0,1562.51,1553.69,1560.06,480.76253706,2026-06-28 23:00:00+00:00
1782688500000,1559.57,1568.79,1558.64,1567.83,169.89028499,2026-06-28 23:15:00+00:00
1782689400000,1568.0,1578.24,1568.0,1572.27,958.59241315,2026-06-28 23:30:00+00:00
1782690300000,1573.23,1574.45,1569.48,1569.49,58.70275587,2026-06-28 23:45:00+00:00
1782691200000,1569.72,1571.64,1560.4,1568.08,107.17041733,2026-06-29 00:00:00+00:00
1782692100000,1568.15,1568.15,1557.33,1557.95,45.85446759,2026-06-29 00:15:00+00:00
1782693000000,1557.68,1562.25,1550.57,1560.36,405.43800888,2026-06-29 00:30:00+00:00
1782693900000,1560.86,1570.97,1555.5,1570.97,85.54322262,2026-06-29 00:45:00+00:00
1782694800000,1570.82,1571.62,1563.77,1564.63,30.83504984,2026-06-29 01:00:00+00:00
1782695700000,1564.86,1566.23,1558.13,1560.5,35.90657954,2026-06-29 01:15:00+00:00
1782696600000,1560.49,1570.97,1557.93,1569.64,58.22197106,2026-06-29 01:30:00+00:00
1782697500000,1570.32,1570.33,1566.71,1568.01,36.05597844,2026-06-29 01:45:00+00:00
1782698400000,1566.36,1567.97,1549.0,1552.89,108.75136668,2026-06-29 02:00:00+00:00
1782699300000,1552.84,1572.0,1552.55,1570.95,382.73455734,2026-06-29 02:15:00+00:00
1782700200000,1570.41,1576.1,1567.57,1573.57,111.71517443,2026-06-29 02:30:00+00:00
1782701100000,1573.94,1576.25,1573.46,1574.17,70.36329662,2026-06-29 02:45:00+00:00
1782702000000,1574.4,1585.58,1574.23,1581.47,1066.91165953,2026-06-29 03:00:00+00:00
1782702900000,1581.34,1585.9,1580.55,1584.83,80.63301625,2026-06-29 03:15:00+00:00
1782703800000,1584.88,1584.94,1575.6,1576.04,32.93805366,2026-06-29 03:30:00+00:00
1782704700000,1575.95,1582.27,1575.27,1581.81,81.49849132,2026-06-29 03:45:00+00:00
1782705600000,1582.3,1582.38,1577.61,1577.99,63.48887318,2026-06-29 04:00:00+00:00
1782706500000,1578.0,1580.61,1576.64,1579.9,53.57222056,2026-06-29 04:15:00+00:00
1782707400000,1579.9,1580.29,1573.05,1574.36,48.12824892,2026-06-29 04:30:00+00:00
1782708300000,1574.63,1575.47,1572.39,1572.96,19.63585471,2026-06-29 04:45:00+00:00
1782709200000,1572.98,1574.03,1560.05,1564.4,276.13649224,2026-06-29 05:00:00+00:00
1782710100000,1564.95,1569.23,1564.87,1567.79,18.89035352,2026-06-29 05:15:00+00:00
1782711000000,1567.92,1576.1,1566.58,1575.82,67.35051583,2026-06-29 05:30:00+00:00
1782711900000,1575.75,1580.16,1575.34,1580.16,75.3558743,2026-06-29 05:45:00+00:00
1782712800000,1580.16,1584.23,1580.16,1582.93,140.08129989,2026-06-29 06:00:00+00:00
1782713700000,1582.78,1586.06,1581.09,1581.1,22.164824,2026-06-29 06:15:00+00:00
1782714600000,1581.09,1581.47,1577.36,1579.0,55.30008231,2026-06-29 06:30:00+00:00
1782715500000,1579.24,1580.9,1578.35,1580.48,44.58468623,2026-06-29 06:45:00+00:00
1782716400000,1580.64,1580.81,1575.36,1578.77,22.2469999,2026-06-29 07:00:00+00:00
1782717300000,1579.24,1581.63,1576.86,1579.38,44.99399011,2026-06-29 07:15:00+00:00
1782718200000,1578.89,1579.61,1577.64,1577.69,7.9022235,2026-06-29 07:30:00+00:00
1782719100000,1578.11,1580.11,1578.11,1578.2,41.5792674,2026-06-29 07:45:00+00:00
1782720000000,1578.21,1579.53,1575.0,1577.07,17.24900382,2026-06-29 08:00:00+00:00
1782720900000,1577.54,1579.73,1571.01,1571.12,19.03073422,2026-06-29 08:15:00+00:00
1782721800000,1571.28,1574.26,1567.95,1571.74,53.79431123,2026-06-29 08:30:00+00:00
1782722700000,1571.49,1573.8,1570.23,1570.89,182.25345844,2026-06-29 08:45:00+00:00
1782723600000,1570.74,1572.11,1570.05,1572.11,22.20485841,2026-06-29 09:00:00+00:00
1782724500000,1572.11,1577.57,1569.36,1574.25,70.11234188,2026-06-29 09:15:00+00:00
1782725400000,1574.71,1575.72,1571.26,1572.67,89.96676052,2026-06-29 09:30:00+00:00
1782726300000,1572.4,1574.9,1571.43,1573.98,207.56225321,2026-06-29 09:45:00+00:00
1782727200000,1574.05,1584.42,1574.05,1581.59,73.43219523,2026-06-29 10:00:00+00:00
1782728100000,1581.6,1581.72,1578.68,1579.48,41.64506027,2026-06-29 10:15:00+00:00
1782729000000,1579.32,1579.32,1576.51,1577.01,23.71972668,2026-06-29 10:30:00+00:00
1782729900000,1576.93,1577.33,1575.57,1576.42,91.18930259,2026-06-29 10:45:00+00:00
1782730800000,1576.34,1576.57,1571.12,1571.34,50.99739997,2026-06-29 11:00:00+00:00
1782731700000,1571.02,1572.13,1568.64,1572.13,167.01606424,2026-06-29 11:15:00+00:00
1782732600000,1571.73,1578.42,1568.64,1569.89,265.88801988,2026-06-29 11:30:00+00:00
1782733500000,1570.07,1572.82,1568.37,1572.82,72.05140996,2026-06-29 11:45:00+00:00
1782734400000,1572.54,1595.0,1565.0,1594.04,2361.11714181,2026-06-29 12:00:00+00:00
1782735300000,1593.53,1594.65,1585.5,1587.84,146.74076468,2026-06-29 12:15:00+00:00
1782736200000,1587.94,1588.25,1570.0,1573.48,141.32152264,2026-06-29 12:30:00+00:00
1782737100000,1573.53,1577.27,1568.88,1573.65,128.82550543,2026-06-29 12:45:00+00:00
1782738000000,1574.01,1585.83,1574.01,1582.84,81.1568706,2026-06-29 13:00:00+00:00
1782738900000,1582.9,1584.3,1573.88,1573.88,161.71457038,2026-06-29 13:15:00+00:00
1782739800000,1573.05,1581.43,1564.23,1565.85,319.07925795,2026-06-29 13:30:00+00:00
1782740700000,1565.51,1572.26,1563.0,1569.82,173.75913469,2026-06-29 13:45:00+00:00
1782741600000,1571.21,1571.21,1557.93,1557.93,470.31931763,2026-06-29 14:00:00+00:00
1782742500000,1558.02,1570.26,1554.71,1568.65,971.47814393,2026-06-29 14:15:00+00:00
1782743400000,1569.04,1576.24,1564.73,1565.37,97.15581438,2026-06-29 14:30:00+00:00
1782744300000,1565.0,1572.69,1562.23,1569.78,36.87235064,2026-06-29 14:45:00+00:00
1782745200000,1569.92,1569.93,1559.33,1563.6,79.24204472,2026-06-29 15:00:00+00:00
1782746100000,1563.24,1571.0,1561.19,1571.0,101.82464418,2026-06-29 15:15:00+00:00
1782747000000,1571.0,1579.56,1570.98,1576.07,623.14934014,2026-06-29 15:30:00+00:00
1782747900000,1576.14,1581.63,1573.82,1577.51,669.95809945,2026-06-29 15:45:00+00:00
1782748800000,1577.59,1581.01,1574.37,1574.96,95.25315386,2026-06-29 16:00:00+00:00
1782749700000,1575.53,1577.44,1571.42,1572.09,70.8774854,2026-06-29 16:15:00+00:00
1782750600000,1572.09,1583.84,1572.09,1582.39,1011.80130202,2026-06-29 16:30:00+00:00
1782751500000,1582.38,1584.01,1579.78,1582.66,346.80437947,2026-06-29 16:45:00+00:00
1782752400000,1582.66,1616.01,1582.66,1613.7,1271.39640994,2026-06-29 17:00:00+00:00
1782753300000,1615.89,1628.83,1615.89,1624.76,1675.70466924,2026-06-29 17:15:00+00:00
1782754200000,1624.88,1631.23,1620.24,1628.67,1478.15622205,2026-06-29 17:30:00+00:00
1782755100000,1628.16,1634.48,1625.27,1625.27,2102.40562745,2026-06-29 17:45:00+00:00
1782756000000,1625.88,1626.62,1621.97,1625.97,271.36368381,2026-06-29 18:00:00+00:00
1782756900000,1625.76,1626.16,1616.04,1616.74,198.87605075,2026-06-29 18:15:00+00:00
1782757800000,1616.56,1621.58,1616.56,1621.3,162.39307716,2026-06-29 18:30:00+00:00
1782758700000,1621.32,1621.51,1617.5,1617.99,114.12725213,2026-06-29 18:45:00+00:00
1782759600000,1617.99,1618.99,1614.13,1615.98,516.31508022,2026-06-29 19:00:00+00:00
1782760500000,1615.97,1624.54,1614.92,1624.0,852.56686185,2026-06-29 19:15:00+00:00
1782761400000,1624.0,1624.0,1619.04,1622.05,290.58280776,2026-06-29 19:30:00+00:00
1782762300000,1622.09,1625.12,1621.53,1623.12,313.86683462,2026-06-29 19:45:00+00:00
1782763200000,1623.08,1624.03,1619.62,1620.04,151.70281716,2026-06-29 20:00:00+00:00
1782764100000,1620.0,1622.46,1618.64,1620.17,129.81433632,2026-06-29 20:15:00+00:00
1782765000000,1620.2,1622.98,1619.45,1619.81,125.53764609,2026-06-29 20:30:00+00:00
1782765900000,1619.8,1619.8,1615.34,1615.45,49.28948935,2026-06-29 20:45:00+00:00
1782766800000,1615.41,1618.43,1610.18,1616.95,513.24537848,2026-06-29 21:00:00+00:00
1782767700000,1616.92,1617.04,1612.45,1613.37,140.31742929,2026-06-29 21:15:00+00:00
1782768600000,1614.08,1619.32,1614.08,1618.3,80.54861198,2026-06-29 21:30:00+00:00
1782769500000,1618.95,1620.0,1617.35,1617.48,53.73778349,2026-06-29 21:45:00+00:00
1782770400000,1617.65,1618.24,1615.2,1616.68,55.09642084,2026-06-29 22:00:00+00:00
1782771300000,1617.25,1619.56,1615.15,1615.54,551.027482,2026-06-29 22:15:00+00:00
1782772200000,1615.5,1615.93,1611.39,1613.1,55.30790751,2026-06-29 22:30:00+00:00
1782773100000,1613.14,1614.0,1610.4,1610.65,120.87151307,2026-06-29 22:45:00+00:00
1782774000000,1610.96,1611.5,1610.0,1610.2,12.13995859,2026-06-29 23:00:00+00:00
1782774900000,1610.2,1610.2,1606.0,1606.71,510.91809287,2026-06-29 23:15:00+00:00
1782775800000,1606.72,1609.97,1605.45,1609.22,233.48066902,2026-06-29 23:30:00+00:00
1782776700000,1608.84,1610.88,1608.77,1610.44,454.52001039,2026-06-29 23:45:00+00:00
1782777600000,1610.83,1611.82,1607.69,1609.66,79.21938114,2026-06-30 00:00:00+00:00
1782778500000,1609.98,1610.61,1600.68,1600.94,350.83882366,2026-06-30 00:15:00+00:00
1782779400000,1601.01,1601.01,1590.43,1592.42,159.15063033,2026-06-30 00:30:00+00:00
1782780300000,1592.31,1595.5,1591.67,1591.96,30.85226294,2026-06-30 00:45:00+00:00
1782781200000,1592.22,1593.26,1588.8,1589.84,438.55742739,2026-06-30 01:00:00+00:00
1782782100000,1589.93,1597.6,1589.48,1596.69,516.72756379,2026-06-30 01:15:00+00:00
1782783000000,1596.95,1596.95,1587.24,1589.17,241.05449608,2026-06-30 01:30:00+00:00
1782783900000,1588.97,1592.44,1588.97,1591.74,42.78958118,2026-06-30 01:45:00+00:00
1782784800000,1591.74,1591.84,1585.19,1586.01,298.00640914,2026-06-30 02:00:00+00:00
1782785700000,1586.0,1589.87,1584.42,1589.54,26.64047886,2026-06-30 02:15:00+00:00
1782786600000,1589.25,1590.46,1587.56,1589.53,29.32924387,2026-06-30 02:30:00+00:00
1782787500000,1590.37,1591.38,1588.33,1588.54,16.91313965,2026-06-30 02:45:00+00:00
1782788400000,1588.55,1591.01,1588.4,1589.81,23.43270569,2026-06-30 03:00:00+00:00
1782789300000,1589.76,1593.63,1588.8,1589.75,28.35234789,2026-06-30 03:15:00+00:00
1782790200000,1589.8,1589.8,1586.37,1587.47,611.29551539,2026-06-30 03:30:00+00:00
1782791100000,1587.97,1587.97,1584.42,1585.11,431.59178495,2026-06-30 03:45:00+00:00
1782792000000,1585.01,1585.59,1577.15,1585.22,178.81376517,2026-06-30 04:00:00+00:00
1782792900000,1585.42,1585.42,1580.7,1585.05,25.4372987,2026-06-30 04:15:00+00:00
1782793800000,1585.1,1588.38,1585.1,1586.85,59.66650192,2026-06-30 04:30:00+00:00
1782794700000,1586.72,1587.24,1584.69,1585.54,14.43702879,2026-06-30 04:45:00+00:00
1782795600000,1585.56,1587.93,1585.54,1586.88,25.26876315,2026-06-30 05:00:00+00:00
1782796500000,1587.05,1587.05,1583.35,1583.35,75.93920511,2026-06-30 05:15:00+00:00
1782797400000,1583.62,1587.96,1582.8,1587.09,89.61559356,2026-06-30 05:30:00+00:00
1782798300000,1587.09,1589.59,1586.92,1589.42,46.5104327,2026-06-30 05:45:00+00:00
1782799200000,1589.38,1589.64,1587.41,1588.38,71.14016953,2026-06-30 06:00:00+00:00
1782800100000,1588.37,1591.3,1585.84,1591.3,553.25438857,2026-06-30 06:15:00+00:00
1782801000000,1591.69,1591.93,1589.55,1590.43,33.42146606,2026-06-30 06:30:00+00:00
1782801900000,1590.72,1592.1,1590.42,1591.2,21.00488097,2026-06-30 06:45:00+00:00
1782802800000,1591.43,1593.07,1588.01,1589.31,26.67323396,2026-06-30 07:00:00+00:00
1782803700000,1589.67,1590.42,1587.97,1589.18,33.46832782,2026-06-30 07:15:00+00:00
1782804600000,1589.15,1591.77,1589.15,1590.0,9.1548696,2026-06-30 07:30:00+00:00
1782805500000,1589.46,1591.0,1589.36,1589.72,23.34730803,2026-06-30 07:45:00+00:00
1782806400000,1590.12,1591.99,1587.04,1587.04,531.48973935,2026-06-30 08:00:00+00:00
1782807300000,1587.0,1587.85,1585.18,1586.75,28.37013451,2026-06-30 08:15:00+00:00
1782808200000,1586.94,1587.2,1577.9,1580.18,56.25778804,2026-06-30 08:30:00+00:00
1782809100000,1580.43,1581.74,1577.39,1581.61,112.91166543,2026-06-30 08:45:00+00:00
1782810000000,1581.55,1584.45,1580.19,1582.46,47.60714099,2026-06-30 09:00:00+00:00
1782810900000,1582.41,1583.04,1579.79,1581.34,105.76453391,2026-06-30 09:15:00+00:00
1782811800000,1581.24,1582.92,1579.1,1582.29,48.79059106,2026-06-30 09:30:00+00:00
1782812700000,1582.32,1584.46,1581.83,1583.18,31.12744701,2026-06-30 09:45:00+00:00
1782813600000,1583.04,1584.5,1580.43,1582.64,96.92510816,2026-06-30 10:00:00+00:00
1782814500000,1582.76,1583.58,1581.02,1581.35,20.65534625,2026-06-30 10:15:00+00:00
1782815400000,1581.32,1582.0,1580.02,1582.0,23.41391367,2026-06-30 10:30:00+00:00
1782816300000,1582.0,1583.96,1581.03,1582.92,52.49631322,2026-06-30 10:45:00+00:00
1782817200000,1582.2,1583.45,1581.61,1582.33,35.31151037,2026-06-30 11:00:00+00:00
1782818100000,1582.69,1582.69,1575.57,1576.45,141.14988373,2026-06-30 11:15:00+00:00
1782819000000,1576.95,1578.28,1573.56,1578.17,58.13760617,2026-06-30 11:30:00+00:00
1782819900000,1578.45,1580.84,1574.78,1575.52,60.91707273,2026-06-30 11:45:00+00:00
1782820800000,1576.09,1576.09,1570.66,1570.68,102.41556972,2026-06-30 12:00:00+00:00
1782821700000,1570.68,1571.67,1560.73,1563.35,537.94441694,2026-06-30 12:15:00+00:00
1782822600000,1562.53,1562.94,1559.4,1561.7,191.70377005,2026-06-30 12:30:00+00:00
1782823500000,1561.75,1562.27,1549.97,1550.45,919.8941483,2026-06-30 12:45:00+00:00
1782824400000,1550.42,1559.3,1549.01,1555.59,4081.98019559,2026-06-30 13:00:00+00:00
1782825300000,1556.06,1559.9,1556.06,1558.25,90.55621918,2026-06-30 13:15:00+00:00
1782826200000,1558.5,1564.28,1548.31,1557.44,273.00534276,2026-06-30 13:30:00+00:00
1782827100000,1557.07,1565.08,1555.0,1564.53,3079.56915244,2026-06-30 13:45:00+00:00
1782828000000,1563.87,1575.1,1562.59,1569.47,990.77382438,2026-06-30 14:00:00+00:00
1782828900000,1569.48,1572.39,1567.38,1571.21,180.60081443,2026-06-30 14:15:00+00:00
1782829800000,1571.41,1572.95,1560.7,1569.84,479.8454298,2026-06-30 14:30:00+00:00
1782830700000,1569.8,1569.8,1558.0,1560.97,558.89523852,2026-06-30 14:45:00+00:00
1782831600000,1560.76,1564.2,1554.94,1562.82,837.88698653,2026-06-30 15:00:00+00:00
1782832500000,1562.85,1565.79,1557.68,1563.52,232.46517706,2026-06-30 15:15:00+00:00
1782833400000,1562.98,1564.25,1560.01,1563.4,95.05483275,2026-06-30 15:30:00+00:00
1782834300000,1563.4,1573.73,1562.01,1562.19,575.82401546,2026-06-30 15:45:00+00:00
1782835200000,1562.77,1569.25,1561.98,1563.91,116.15872958,2026-06-30 16:00:00+00:00
1782836100000,1563.82,1564.72,1559.92,1560.61,37.30106031,2026-06-30 16:15:00+00:00
1782837000000,1560.77,1567.3,1559.77,1563.64,315.39053492,2026-06-30 16:30:00+00:00
1782837900000,1563.63,1572.35,1563.63,1569.84,76.84075789,2026-06-30 16:45:00+00:00
1782838800000,1569.96,1574.16,1567.98,1568.07,189.83438849,2026-06-30 17:00:00+00:00
1782839700000,1568.13,1570.93,1567.97,1568.68,405.17441637,2026-06-30 17:15:00+00:00
1782840600000,1569.09,1570.74,1567.25,1568.08,50.96913011,2026-06-30 17:30:00+00:00
1782841500000,1567.79,1569.86,1566.26,1568.88,256.34859757,2026-06-30 17:45:00+00:00
1782842400000,1568.51,1571.21,1567.17,1570.92,179.94086262,2026-06-30 18:00:00+00:00
1782843300000,1570.13,1579.13,1569.27,1574.52,1091.13274825,2026-06-30 18:15:00+00:00
1782844200000,1574.71,1574.71,1570.78,1571.98,103.77267908,2026-06-30 18:30:00+00:00
1782845100000,1572.64,1577.76,1572.17,1576.91,106.0567287,2026-06-30 18:45:00+00:00
1782846000000,1576.26,1578.54,1575.09,1576.27,406.54505404,2026-06-30 19:00:00+00:00
1782846900000,1575.7,1576.11,1573.23,1575.12,48.83033145,2026-06-30 19:15:00+00:00
1782847800000,1575.08,1579.78,1575.08,1577.36,86.76700272,2026-06-30 19:30:00+00:00
1782848700000,1577.36,1578.23,1575.1,1577.27,120.64523623,2026-06-30 19:45:00+00:00
1782849600000,1577.94,1580.68,1575.89,1578.82,93.69621893,2026-06-30 20:00:00+00:00
1782850500000,1578.79,1578.81,1573.58,1574.53,60.19771166,2026-06-30 20:15:00+00:00
1782851400000,1574.75,1574.75,1571.92,1572.11,45.01480453,2026-06-30 20:30:00+00:00
1782852300000,1571.49,1575.9,1571.33,1573.91,221.1167376,2026-06-30 20:45:00+00:00
1782853200000,1573.6,1574.8,1569.26,1571.22,34.49883098,2026-06-30 21:00:00+00:00
1782854100000,1570.52,1571.73,1567.62,1569.65,1241.78842069,2026-06-30 21:15:00+00:00
1782855000000,1569.28,1570.85,1567.89,1568.0,388.69951648,2026-06-30 21:30:00+00:00
1782855900000,1568.28,1569.32,1567.53,1569.24,48.26680036,2026-06-30 21:45:00+00:00
1782856800000,1569.49,1571.95,1568.6,1570.92,29.97371931,2026-06-30 22:00:00+00:00
1782857700000,1570.37,1572.69,1568.59,1568.82,37.25080605,2026-06-30 22:15:00+00:00
1782858600000,1568.61,1568.61,1563.93,1565.94,427.84640338,2026-06-30 22:30:00+00:00
1782859500000,1566.15,1567.06,1564.75,1565.29,26.32720494,2026-06-30 22:45:00+00:00
1782860400000,1565.14,1566.91,1563.85,1566.48,38.05429838,2026-06-30 23:00:00+00:00
1782861300000,1566.59,1568.45,1566.26,1567.39,53.10186625,2026-06-30 23:15:00+00:00
1782862200000,1567.39,1569.2,1566.58,1568.22,103.43546931,2026-06-30 23:30:00+00:00
1782863100000,1568.26,1570.0,1567.99,1569.91,56.32102724,2026-06-30 23:45:00+00:00
1782864000000,1569.79,1573.02,1569.79,1572.04,1358.86451989,2026-07-01 00:00:00+00:00
1782864900000,1572.01,1573.1,1563.74,1566.49,620.25571814,2026-07-01 00:15:00+00:00
1782865800000,1566.52,1571.69,1566.52,1569.56,95.58048265,2026-07-01 00:30:00+00:00
1782866700000,1569.5,1574.26,1569.49,1572.25,708.79996932,2026-07-01 00:45:00+00:00
1782867600000,1572.6,1573.0,1551.13,1559.84,527.77686714,2026-07-01 01:00:00+00:00
1782868500000,1561.54,1569.57,1557.15,1567.42,3038.65964517,2026-07-01 01:15:00+00:00
1782869400000,1567.13,1583.74,1567.1,1579.01,1673.41185164,2026-07-01 01:30:00+00:00
1782870300000,1578.77,1580.56,1574.71,1575.4,319.60124797,2026-07-01 01:45:00+00:00
1782871200000,1575.48,1577.95,1572.13,1577.63,3470.06458775,2026-07-01 02:00:00+00:00
1782872100000,1576.89,1581.97,1576.03,1580.44,45.78735368,2026-07-01 02:15:00+00:00
1782873000000,1580.57,1586.92,1579.6,1586.46,81.46713035,2026-07-01 02:30:00+00:00
1782873900000,1586.27,1586.96,1581.54,1583.94,92.85055466,2026-07-01 02:45:00+00:00
1782874800000,1583.93,1587.62,1582.21,1583.25,143.03786642,2026-07-01 03:00:00+00:00
1782875700000,1583.11,1583.11,1580.08,1581.85,23.16448558,2026-07-01 03:15:00+00:00
1782876600000,1581.91,1593.99,1580.62,1586.88,319.20627471,2026-07-01 03:30:00+00:00
1782877500000,1587.28,1596.21,1587.28,1592.15,212.48561309,2026-07-01 03:45:00+00:00
1782878400000,1592.35,1592.36,1588.52,1589.66,83.12625732,2026-07-01 04:00:00+00:00
1782879300000,1589.66,1592.38,1589.5,1591.77,25.24706945,2026-07-01 04:15:00+00:00
1782880200000,1591.64,1594.78,1589.09,1594.78,1897.04126078,2026-07-01 04:30:00+00:00
1782881100000,1594.74,1600.99,1594.68,1596.94,689.70434815,2026-07-01 04:45:00+00:00
1782882000000,1597.05,1598.21,1592.85,1593.41,1718.96874196,2026-07-01 05:00:00+00:00
1782882900000,1593.52,1595.58,1591.22,1591.36,68.17758426,2026-07-01 05:15:00+00:00
1782883800000,1591.35,1592.0,1589.0,1590.64,73.2246398,2026-07-01 05:30:00+00:00
1782884700000,1590.87,1590.92,1588.87,1590.34,16.70943979,2026-07-01 05:45:00+00:00
1782885600000,1590.52,1590.7,1583.17,1584.86,77.48439307,2026-07-01 06:00:00+00:00
1782886500000,1584.89,1585.35,1575.91,1578.71,76.17979162,2026-07-01 06:15:00+00:00
1782887400000,1578.45,1579.41,1568.98,1575.44,157.30628377,2026-07-01 06:30:00+00:00
1782888300000,1575.09,1575.32,1571.34,1573.68,122.10970546,2026-07-01 06:45:00+00:00
1782889200000,1574.0,1574.99,1570.48,1573.42,44.83210439,2026-07-01 07:00:00+00:00
1782890100000,1573.29,1577.45,1571.59,1575.69,36.35470376,2026-07-01 07:15:00+00:00
1782891000000,1575.22,1577.04,1573.05,1575.38,45.24475696,2026-07-01 07:30:00+00:00
1782891900000,1574.67,1578.8,1574.67,1576.25,12.95653644,2026-07-01 07:45:00+00:00
1782892800000,1576.26,1576.55,1572.22,1573.59,814.13502208,2026-07-01 08:00:00+00:00
1782893700000,1573.17,1573.49,1569.36,1571.52,207.82934171,2026-07-01 08:15:00+00:00
1782894600000,1570.1,1573.35,1566.56,1573.24,55.16716732,2026-07-01 08:30:00+00:00
1782895500000,1573.78,1579.9,1572.19,1579.4,292.69875313,2026-07-01 08:45:00+00:00
1782896400000,1580.16,1582.7,1577.57,1578.49,48.11159076,2026-07-01 09:00:00+00:00
1782897300000,1578.38,1580.25,1577.58,1577.59,44.82498183,2026-07-01 09:15:00+00:00
1782898200000,1577.81,1579.77,1577.8,1579.32,728.86611278,2026-07-01 09:30:00+00:00
1782899100000,1579.58,1580.94,1576.99,1579.4,27.48365527,2026-07-01 09:45:00+00:00
1782900000000,1579.33,1579.54,1572.6,1572.83,162.23595344,2026-07-01 10:00:00+00:00
1782900900000,1573.03,1575.23,1571.87,1573.38,35.16411631,2026-07-01 10:15:00+00:00
1782901800000,1573.75,1573.95,1570.28,1570.28,34.40737473,2026-07-01 10:30:00+00:00
1782902700000,1570.35,1572.82,1570.35,1571.86,29.37483157,2026-07-01 10:45:00+00:00
1782903600000,1571.68,1573.63,1568.78,1572.73,24.86461286,2026-07-01 11:00:00+00:00
1782904500000,1572.62,1573.62,1570.95,1571.4,41.84989153,2026-07-01 11:15:00+00:00
1782905400000,1570.94,1572.06,1569.01,1571.31,12.43519744,2026-07-01 11:30:00+00:00
1782906300000,1571.29,1571.45,1565.51,1568.18,88.01650865,2026-07-01 11:45:00+00:00
1782907200000,1568.09,1570.83,1564.44,1566.38,149.55043848,2026-07-01 12:00:00+00:00
1782908100000,1566.3,1569.95,1566.3,1568.81,149.13183395,2026-07-01 12:15:00+00:00
1782909000000,1568.76,1569.08,1564.54,1565.56,42.37798056,2026-07-01 12:30:00+00:00
1782909900000,1565.66,1568.46,1563.76,1568.4,24.80547195,2026-07-01 12:45:00+00:00
1782910800000,1568.42,1573.34,1568.27,1571.58,116.77107104,2026-07-01 13:00:00+00:00
1782911700000,1571.87,1577.45,1570.64,1576.62,77.71907495,2026-07-01 13:15:00+00:00
1782912600000,1576.03,1580.6,1568.65,1580.46,308.85979842,2026-07-01 13:30:00+00:00
1782913500000,1579.6,1595.9,1578.37,1594.62,1382.59648581,2026-07-01 13:45:00+00:00
1782914400000,1595.22,1611.23,1589.91,1611.1,766.36104708,2026-07-01 14:00:00+00:00
1782915300000,1611.51,1615.0,1602.84,1604.13,576.86613174,2026-07-01 14:15:00+00:00
1782916200000,1604.07,1604.54,1594.1,1597.11,376.62274229,2026-07-01 14:30:00+00:00
1782917100000,1597.26,1600.77,1590.01,1599.21,139.35247486,2026-07-01 14:45:00+00:00
1782918000000,1599.7,1614.81,1599.7,1609.97,222.92075353,2026-07-01 15:00:00+00:00
1782918900000,1609.96,1628.83,1607.26,1622.32,1241.64892739,2026-07-01 15:15:00+00:00
1782919800000,1622.48,1625.79,1619.07,1621.41,158.02109215,2026-07-01 15:30:00+00:00
1782920700000,1621.41,1621.79,1616.09,1618.94,488.09211702,2026-07-01 15:45:00+00:00
1782921600000,1618.94,1619.23,1615.02,1617.67,286.04594866,2026-07-01 16:00:00+00:00
1782922500000,1617.99,1626.1,1613.84,1621.85,548.05590231,2026-07-01 16:15:00+00:00
1782923400000,1621.84,1622.55,1616.54,1617.47,57.97542188,2026-07-01 16:30:00+00:00
1782924300000,1617.46,1617.49,1611.51,1613.19,138.03339569,2026-07-01 16:45:00+00:00
1782925200000,1613.2,1613.35,1606.06,1611.71,103.56484211,2026-07-01 17:00:00+00:00
1782926100000,1612.22,1623.41,1612.22,1621.12,101.44546389,2026-07-01 17:15:00+00:00
1782927000000,1620.62,1623.02,1617.16,1619.61,100.40540587,2026-07-01 17:30:00+00:00
1782927900000,1620.24,1623.27,1620.01,1621.34,83.46305304,2026-07-01 17:45:00+00:00
1782928800000,1621.34,1622.96,1616.01,1618.19,912.04901661,2026-07-01 18:00:00+00:00
1782929700000,1617.49,1621.23,1616.0,1616.19,535.12175033,2026-07-01 18:15:00+00:00
1782930600000,1616.36,1618.74,1612.3,1617.91,1773.50046692,2026-07-01 18:30:00+00:00
1782931500000,1618.32,1618.32,1611.42,1615.15,143.30153491,2026-07-01 18:45:00+00:00
1782932400000,1615.04,1621.11,1615.04,1621.1,156.63044472,2026-07-01 19:00:00+00:00
1782933300000,1621.1,1622.39,1616.01,1617.26,3288.71135634,2026-07-01 19:15:00+00:00
1782934200000,1617.32,1620.49,1615.63,1618.04,57.2979258,2026-07-01 19:30:00+00:00
1782935100000,1617.88,1617.93,1613.07,1616.6,167.75564516,2026-07-01 19:45:00+00:00
1782936000000,1616.3,1616.31,1610.5,1615.22,199.28708673,2026-07-01 20:00:00+00:00
1782936900000,1614.92,1615.71,1608.69,1614.23,182.07220949,2026-07-01 20:15:00+00:00
1782937800000,1614.23,1617.51,1613.26,1614.69,121.92379147,2026-07-01 20:30:00+00:00
1782938700000,1615.34,1618.66,1614.54,1616.24,111.50599322,2026-07-01 20:45:00+00:00
1782939600000,1616.3,1622.61,1616.2,1621.8,2589.11276843,2026-07-01 21:00:00+00:00
1782940500000,1622.03,1625.39,1619.93,1622.92,864.2087759,2026-07-01 21:15:00+00:00
1782941400000,1622.72,1628.43,1622.72,1625.69,165.71975764,2026-07-01 21:30:00+00:00
1782942300000,1626.7,1636.32,1625.38,1630.82,928.35173466,2026-07-01 21:45:00+00:00
1782943200000,1630.73,1630.73,1627.4,1627.85,119.86664169,2026-07-01 22:00:00+00:00
1782944100000,1627.85,1643.71,1626.35,1626.35,868.96795448,2026-07-01 22:15:00+00:00
1782945000000,1627.53,1628.64,1621.42,1623.11,3196.62193791,2026-07-01 22:30:00+00:00
1782945900000,1623.12,1623.48,1619.01,1620.89,126.03035704,2026-07-01 22:45:00+00:00
1782946800000,1620.17,1620.17,1613.29,1613.95,201.58366432,2026-07-01 23:00:00+00:00
1782947700000,1613.96,1616.52,1612.45,1612.97,79.33022962,2026-07-01 23:15:00+00:00
1782948600000,1612.96,1614.49,1606.28,1612.22,281.24757888,2026-07-01 23:30:00+00:00
1782949500000,1612.51,1612.51,1606.71,1607.9,39.94060189,2026-07-01 23:45:00+00:00
1782950400000,1607.64,1607.72,1602.0,1605.15,66.54896463,2026-07-02 00:00:00+00:00
1782951300000,1604.89,1605.18,1600.82,1601.37,78.22737805,2026-07-02 00:15:00+00:00
1782952200000,1601.26,1603.09,1595.71,1596.69,113.71118489,2026-07-02 00:30:00+00:00
1782953100000,1596.85,1603.86,1596.15,1600.95,103.88796569,2026-07-02 00:45:00+00:00
1782954000000,1601.65,1608.17,1601.13,1607.97,1168.48911137,2026-07-02 01:00:00+00:00
1782954900000,1608.43,1610.72,1606.32,1610.08,506.70695471,2026-07-02 01:15:00+00:00
1782955800000,1610.25,1625.2,1610.25,1620.01,4474.04246195,2026-07-02 01:30:00+00:00
1782956700000,1620.01,1622.01,1616.11,1618.16,47.14063732,2026-07-02 01:45:00+00:00
1782957600000,1618.16,1618.84,1613.32,1615.94,17.69036597,2026-07-02 02:00:00+00:00
1782958500000,1616.22,1619.45,1615.21,1616.9,31.83833431,2026-07-02 02:15:00+00:00
1782959400000,1616.68,1622.25,1616.64,1620.97,39.99597763,2026-07-02 02:30:00+00:00
1782960300000,1620.91,1622.73,1618.69,1619.57,28.9753185,2026-07-02 02:45:00+00:00
1782961200000,1619.32,1622.54,1618.95,1622.48,79.2612895,2026-07-02 03:00:00+00:00
1782962100000,1622.05,1633.73,1616.45,1627.9,900.85799003,2026-07-02 03:15:00+00:00
1782963000000,1627.36,1632.72,1625.63,1632.23,175.66119886,2026-07-02 03:30:00+00:00
1782963900000,1632.62,1640.0,1629.18,1638.38,226.78833739,2026-07-02 03:45:00+00:00
1782964800000,1637.65,1637.87,1632.65,1634.13,32.46122049,2026-07-02 04:00:00+00:00
1782965700000,1634.14,1635.46,1630.97,1631.63,127.87800958,2026-07-02 04:15:00+00:00
1782966600000,1632.02,1632.02,1629.22,1629.92,394.63123845,2026-07-02 04:30:00+00:00
1782967500000,1630.23,1632.22,1629.27,1630.78,36.7045193,2026-07-02 04:45:00+00:00
1782968400000,1630.8,1633.01,1627.24,1631.92,25.51950555,2026-07-02 05:00:00+00:00
1782969300000,1631.75,1632.72,1630.2,1630.46,72.9745945,2026-07-02 05:15:00+00:00
1782970200000,1630.46,1630.47,1625.35,1625.35,26.067088,2026-07-02 05:30:00+00:00
1782971100000,1625.7,1625.99,1623.41,1624.78,56.52461582,2026-07-02 05:45:00+00:00
1782972000000,1624.79,1624.94,1621.16,1621.36,24.52879856,2026-07-02 06:00:00+00:00
1782972900000,1621.35,1626.82,1620.77,1622.68,77.84794284,2026-07-02 06:15:00+00:00
1782973800000,1622.68,1627.65,1622.65,1624.76,167.48553616,2026-07-02 06:30:00+00:00
1782974700000,1624.7,1624.84,1615.75,1617.63,120.52849215,2026-07-02 06:45:00+00:00
1782975600000,1617.18,1618.09,1615.0,1616.02,203.22712886,2026-07-02 07:00:00+00:00
1782976500000,1616.02,1616.97,1613.47,1614.96,40.31850885,2026-07-02 07:15:00+00:00
1782977400000,1614.83,1616.02,1613.47,1615.66,58.98133693,2026-07-02 07:30:00+00:00
1782978300000,1615.66,1616.03,1612.89,1613.85,89.84464632,2026-07-02 07:45:00+00:00
1782979200000,1614.22,1619.37,1613.16,1616.52,512.8366085,2026-07-02 08:00:00+00:00
1782980100000,1616.89,1619.05,1616.71,1617.78,135.3006032,2026-07-02 08:15:00+00:00
1782981000000,1617.02,1623.23,1616.81,1621.36,223.35856213,2026-07-02 08:30:00+00:00
1782981900000,1621.55,1623.73,1621.09,1622.95,25.71374421,2026-07-02 08:45:00+00:00
1782982800000,1622.99,1623.05,1618.74,1622.07,120.94608473,2026-07-02 09:00:00+00:00
1782983700000,1621.45,1627.55,1620.14,1627.55,35.15513387,2026-07-02 09:15:00+00:00
1782984600000,1627.55,1649.0,1627.55,1640.92,739.16217086,2026-07-02 09:30:00+00:00
1782985500000,1640.91,1644.74,1636.16,1641.46,489.40766191,2026-07-02 09:45:00+00:00
1782986400000,1641.12,1644.59,1639.33,1644.41,117.04499412,2026-07-02 10:00:00+00:00
1782987300000,1644.4,1645.62,1641.82,1643.83,32.73821622,2026-07-02 10:15:00+00:00
1782988200000,1644.23,1647.38,1642.75,1642.78,113.9803875,2026-07-02 10:30:00+00:00
1782989100000,1642.9,1645.72,1641.5,1644.09,93.87056963,2026-07-02 10:45:00+00:00
1782990000000,1644.36,1652.4,1643.54,1648.51,792.69266398,2026-07-02 11:00:00+00:00
1782990900000,1648.51,1648.52,1645.53,1645.59,52.28711994,2026-07-02 11:15:00+00:00
1782991800000,1645.92,1646.38,1643.26,1644.05,42.6233362,2026-07-02 11:30:00+00:00
1782992700000,1644.04,1650.44,1642.65,1648.67,56.74279279,2026-07-02 11:45:00+00:00
1782993600000,1647.57,1654.19,1645.71,1653.98,213.58431269,2026-07-02 12:00:00+00:00
1782994500000,1654.0,1662.64,1647.15,1662.31,1125.29522816,2026-07-02 12:15:00+00:00
1782995400000,1661.81,1666.54,1647.38,1658.28,501.91960468,2026-07-02 12:30:00+00:00
1782996300000,1659.44,1665.0,1658.81,1660.89,337.8825351,2026-07-02 12:45:00+00:00
1782997200000,1660.89,1670.4,1658.08,1667.03,700.97605191,2026-07-02 13:00:00+00:00
1782998100000,1667.05,1688.29,1667.05,1680.17,2310.4864854,2026-07-02 13:15:00+00:00
1782999000000,1680.5,1710.5,1677.37,1708.27,2742.18201035,2026-07-02 13:30:00+00:00
1782999900000,1708.29,1711.41,1703.37,1708.04,662.25187691,2026-07-02 13:45:00+00:00
1783000800000,1709.88,1723.01,1705.0,1715.02,1850.16736139,2026-07-02 14:00:00+00:00
1783001700000,1714.82,1717.32,1695.69,1699.54,401.53183858,2026-07-02 14:15:00+00:00
1783002600000,1699.43,1705.16,1691.56,1693.68,725.84848161,2026-07-02 14:30:00+00:00
1783003500000,1693.5,1699.97,1693.35,1699.44,196.98760731,2026-07-02 14:45:00+00:00
1783004400000,1699.86,1700.92,1686.7,1692.22,277.51889107,2026-07-02 15:00:00+00:00
1783005300000,1692.79,1701.26,1690.61,1698.22,131.81100286,2026-07-02 15:15:00+00:00
1783006200000,1698.19,1701.69,1696.43,1700.65,173.16999518,2026-07-02 15:30:00+00:00
1783007100000,1700.38,1701.54,1693.09,1695.19,116.13737023,2026-07-02 15:45:00+00:00
1783008000000,1695.3,1700.03,1689.82,1698.13,77.65484784,2026-07-02 16:00:00+00:00
1783008900000,1698.13,1698.13,1685.01,1687.88,196.14164078,2026-07-02 16:15:00+00:00
1783009800000,1687.97,1695.78,1687.26,1695.69,159.41315757,2026-07-02 16:30:00+00:00
1783010700000,1695.17,1702.0,1694.65,1698.09,186.1187009,2026-07-02 16:45:00+00:00
1783011600000,1698.17,1701.0,1694.67,1697.78,112.78499494,2026-07-02 17:00:00+00:00
1783012500000,1697.63,1703.51,1696.75,1703.09,902.87036484,2026-07-02 17:15:00+00:00
1783013400000,1703.1,1703.1,1693.95,1698.74,116.67646715,2026-07-02 17:30:00+00:00
1783014300000,1699.11,1699.37,1693.41,1694.38,74.06240106,2026-07-02 17:45:00+00:00
1783015200000,1694.29,1701.34,1693.86,1701.09,238.88034106,2026-07-02 18:00:00+00:00
1783016100000,1701.08,1702.53,1697.75,1702.53,156.21704389,2026-07-02 18:15:00+00:00
1783017000000,1702.34,1703.35,1700.32,1702.81,112.84751126,2026-07-02 18:30:00+00:00
1783017900000,1702.82,1705.27,1698.94,1700.73,94.20812479,2026-07-02 18:45:00+00:00
1783018800000,1700.68,1701.54,1697.27,1700.97,155.68560332,2026-07-02 19:00:00+00:00
1783019700000,1700.96,1700.96,1693.33,1697.75,119.18691501,2026-07-02 19:15:00+00:00
1783020600000,1698.23,1700.28,1695.99,1700.28,62.58457675,2026-07-02 19:30:00+00:00
1783021500000,1700.38,1704.01,1698.71,1698.71,512.26148892,2026-07-02 19:45:00+00:00
1783022400000,1698.41,1699.29,1695.77,1698.94,121.47034546,2026-07-02 20:00:00+00:00
1783023300000,1698.95,1700.8,1695.12,1695.25,89.73381391,2026-07-02 20:15:00+00:00
1783024200000,1695.25,1696.83,1694.56,1696.5,54.06432656,2026-07-02 20:30:00+00:00
1783025100000,1696.5,1704.98,1696.5,1703.95,1351.45016611,2026-07-02 20:45:00+00:00
1783026000000,1703.95,1704.51,1701.77,1701.85,61.85019863,2026-07-02 21:00:00+00:00
1783026900000,1701.8,1703.07,1701.69,1702.21,34.48829664,2026-07-02 21:15:00+00:00
1783027800000,1702.22,1702.22,1696.67,1696.98,120.69479469,2026-07-02 21:30:00+00:00
1783028700000,1696.97,1698.87,1695.61,1698.37,137.40194857,2026-07-02 21:45:00+00:00
1783029600000,1698.37,1698.77,1694.88,1695.58,253.77912101,2026-07-02 22:00:00+00:00
1783030500000,1695.55,1697.3,1694.68,1694.74,332.24332793,2026-07-02 22:15:00+00:00
1783031400000,1694.73,1695.72,1693.94,1694.32,37.28094827,2026-07-02 22:30:00+00:00
1783032300000,1694.31,1699.22,1692.91,1694.87,232.45503456,2026-07-02 22:45:00+00:00
1783033200000,1694.72,1694.72,1690.36,1690.91,21.19188508,2026-07-02 23:00:00+00:00
1783034100000,1691.21,1697.23,1691.21,1696.49,155.73931005,2026-07-02 23:15:00+00:00
1783035000000,1696.49,1699.09,1694.38,1694.71,365.80107256,2026-07-02 23:30:00+00:00
1783035900000,1694.86,1698.75,1694.86,1698.69,86.89371017,2026-07-02 23:45:00+00:00
1783036800000,1699.07,1700.23,1695.9,1698.83,212.22816671,2026-07-03 00:00:00+00:00
1783037700000,1698.56,1700.77,1695.54,1695.54,66.1591232,2026-07-03 00:15:00+00:00
1783038600000,1695.53,1698.42,1692.83,1696.93,79.65774512,2026-07-03 00:30:00+00:00
1783039500000,1696.92,1697.88,1694.23,1694.92,36.9233836,2026-07-03 00:45:00+00:00
1783040400000,1694.75,1718.91,1693.39,1713.23,2892.26589129,2026-07-03 01:00:00+00:00
1783041300000,1711.17,1712.72,1703.37,1707.24,1228.54246605,2026-07-03 01:15:00+00:00
1783042200000,1707.25,1716.28,1706.0,1714.65,2416.01460846,2026-07-03 01:30:00+00:00
1783043100000,1714.27,1715.4,1710.02,1710.02,34.87608726,2026-07-03 01:45:00+00:00
1783044000000,1710.33,1712.45,1706.21,1706.21,136.02624622,2026-07-03 02:00:00+00:00
1783044900000,1706.17,1709.56,1700.61,1700.61,333.95425498,2026-07-03 02:15:00+00:00
1783045800000,1700.2,1701.6,1694.15,1698.83,90.85636208,2026-07-03 02:30:00+00:00
1783046700000,1699.21,1703.57,1697.12,1703.0,24.90738461,2026-07-03 02:45:00+00:00
1783047600000,1702.59,1703.13,1697.61,1698.6,23.07071312,2026-07-03 03:00:00+00:00
1783048500000,1698.62,1709.81,1698.62,1708.74,57.76318786,2026-07-03 03:15:00+00:00
1783049400000,1708.88,1709.24,1701.89,1701.89,25.46567954,2026-07-03 03:30:00+00:00
1783050300000,1701.89,1704.91,1701.89,1704.42,49.63044778,2026-07-03 03:45:00+00:00
1783051200000,1704.38,1706.33,1701.0,1704.41,42.58068427,2026-07-03 04:00:00+00:00
1783052100000,1704.26,1704.42,1701.39,1702.83,31.47475343,2026-07-03 04:15:00+00:00
1783053000000,1702.67,1705.47,1701.24,1704.48,34.86384828,2026-07-03 04:30:00+00:00
1783053900000,1705.06,1705.18,1701.0,1701.67,101.5047189,2026-07-03 04:45:00+00:00
1783054800000,1701.56,1704.79,1701.0,1704.35,72.36000384,2026-07-03 05:00:00+00:00
1783055700000,1704.53,1708.81,1703.26,1707.73,63.73456684,2026-07-03 05:15:00+00:00
1783056600000,1707.66,1720.56,1707.52,1713.38,2445.25662126,2026-07-03 05:30:00+00:00
1783057500000,1713.51,1715.27,1712.37,1712.89,168.51615934,2026-07-03 05:45:00+00:00
1783058400000,1712.89,1719.64,1712.14,1715.04,1073.50029362,2026-07-03 06:00:00+00:00
1783059300000,1715.05,1718.28,1713.04,1714.5,59.58475653,2026-07-03 06:15:00+00:00
1783060200000,1714.92,1717.65,1711.16,1712.34,196.2858137,2026-07-03 06:30:00+00:00
1783061100000,1712.92,1715.89,1712.92,1714.6,67.95099985,2026-07-03 06:45:00+00:00
1783062000000,1714.6,1716.89,1712.05,1714.14,188.39013842,2026-07-03 07:00:00+00:00
1783062900000,1714.1,1716.27,1714.1,1715.29,124.52051976,2026-07-03 07:15:00+00:00
1783063800000,1715.69,1718.37,1714.51,1716.38,475.44931906,2026-07-03 07:30:00+00:00
1783064700000,1716.18,1721.02,1715.95,1716.72,86.51890132,2026-07-03 07:45:00+00:00
1783065600000,1715.87,1718.46,1715.17,1716.0,54.35494678,2026-07-03 08:00:00+00:00
1783066500000,1716.03,1721.0,1714.5,1718.16,461.35601497,2026-07-03 08:15:00+00:00
1783067400000,1718.14,1732.29,1716.03,1729.49,1135.05207624,2026-07-03 08:30:00+00:00
1783068300000,1728.56,1728.56,1716.94,1717.93,76.11202932,2026-07-03 08:45:00+00:00
1783069200000,1717.83,1727.52,1715.16,1727.52,56.13509854,2026-07-03 09:00:00+00:00
1783070100000,1726.9,1727.71,1723.62,1724.25,143.2403525,2026-07-03 09:15:00+00:00
1783071000000,1724.26,1724.26,1719.36,1721.43,214.38602741,2026-07-03 09:30:00+00:00
1783071900000,1721.42,1728.68,1721.41,1724.9,176.74881927,2026-07-03 09:45:00+00:00
1783072800000,1724.65,1736.94,1724.64,1731.79,664.3759126,2026-07-03 10:00:00+00:00
1783073700000,1731.8,1736.82,1730.01,1734.85,123.04625508,2026-07-03 10:15:00+00:00
1783074600000,1734.59,1746.09,1733.21,1743.93,217.09807905,2026-07-03 10:30:00+00:00
1783075500000,1744.92,1746.56,1740.12,1740.21,139.59034042,2026-07-03 10:45:00+00:00
1783076400000,1740.08,1743.95,1736.1,1740.84,207.2250215,2026-07-03 11:00:00+00:00
1783077300000,1740.97,1745.84,1740.53,1740.71,244.78914767,2026-07-03 11:15:00+00:00
1783078200000,1740.64,1743.02,1737.4,1737.87,59.56613043,2026-07-03 11:30:00+00:00
1783079100000,1738.0,1742.41,1738.0,1740.94,100.25774157,2026-07-03 11:45:00+00:00
1783080000000,1740.66,1742.93,1737.68,1738.61,223.12911891,2026-07-03 12:00:00+00:00
1783080900000,1738.69,1738.69,1729.98,1732.3,518.0228638,2026-07-03 12:15:00+00:00
1783081800000,1732.37,1733.29,1730.02,1731.5,71.77913232,2026-07-03 12:30:00+00:00
1783082700000,1731.81,1734.55,1731.77,1734.14,108.21500023,2026-07-03 12:45:00+00:00
1783083600000,1734.54,1736.67,1734.04,1736.31,120.32832288,2026-07-03 13:00:00+00:00
1783084500000,1736.4,1745.27,1736.4,1743.01,81.64274514,2026-07-03 13:15:00+00:00
1783085400000,1742.9,1750.56,1741.82,1746.7,266.70913947,2026-07-03 13:30:00+00:00
1783086300000,1747.19,1750.74,1742.99,1746.46,172.87432993,2026-07-03 13:45:00+00:00
1783087200000,1746.12,1746.12,1730.5,1732.22,352.19254591,2026-07-03 14:00:00+00:00
1783088100000,1732.6,1735.73,1727.42,1732.01,448.73669221,2026-07-03 14:15:00+00:00
1783089000000,1732.02,1735.0,1728.45,1734.26,42.71503583,2026-07-03 14:30:00+00:00
1783089900000,1734.96,1737.99,1732.98,1735.17,67.81076139,2026-07-03 14:45:00+00:00
1783090800000,1735.17,1743.1,1734.93,1739.43,379.49097294,2026-07-03 15:00:00+00:00
1783091700000,1738.93,1740.84,1730.91,1731.8,979.5451267,2026-07-03 15:15:00+00:00
1783092600000,1731.8,1735.42,1729.39,1732.01,42.38200404,2026-07-03 15:30:00+00:00
1783093500000,1731.39,1732.55,1728.34,1729.46,69.36337721,2026-07-03 15:45:00+00:00
1783094400000,1729.53,1731.02,1726.47,1726.69,72.96998054,2026-07-03 16:00:00+00:00
1783095300000,1727.26,1733.65,1727.25,1732.94,76.62445322,2026-07-03 16:15:00+00:00
1783096200000,1732.63,1733.29,1729.23,1731.47,13.7961607,2026-07-03 16:30:00+00:00
1783097100000,1731.31,1733.03,1729.49,1731.99,182.45601283,2026-07-03 16:45:00+00:00
1783098000000,1732.1,1735.55,1731.27,1734.26,64.09713664,2026-07-03 17:00:00+00:00
1783098900000,1734.26,1736.72,1732.1,1734.99,28.64107613,2026-07-03 17:15:00+00:00
1783099800000,1735.0,1739.22,1733.61,1738.91,163.90649236,2026-07-03 17:30:00+00:00
1783100700000,1739.46,1739.8,1735.9,1736.43,105.46048955,2026-07-03 17:45:00+00:00
1783101600000,1736.57,1737.2,1734.78,1735.22,166.53419589,2026-07-03 18:00:00+00:00
1783102500000,1735.57,1736.62,1734.88,1736.33,75.14883726,2026-07-03 18:15:00+00:00
1783103400000,1736.33,1737.86,1736.33,1737.69,88.0957583,2026-07-03 18:30:00+00:00
1783104300000,1737.66,1738.93,1736.58,1737.25,47.94925127,2026-07-03 18:45:00+00:00
1783105200000,1737.19,1738.97,1735.68,1736.27,73.37449694,2026-07-03 19:00:00+00:00
1783106100000,1736.37,1745.54,1736.37,1744.89,210.10162836,2026-07-03 19:15:00+00:00
1783107000000,1745.04,1750.62,1743.24,1746.52,393.81337976,2026-07-03 19:30:00+00:00
1783107900000,1746.42,1746.42,1743.72,1744.23,180.56334246,2026-07-03 19:45:00+00:00
1783108800000,1744.23,1749.57,1742.12,1746.29,280.28844604,2026-07-03 20:00:00+00:00
1783109700000,1747.05,1755.79,1744.67,1752.04,1502.01231533,2026-07-03 20:15:00+00:00
1783110600000,1752.56,1771.46,1750.94,1763.78,545.27034317,2026-07-03 20:30:00+00:00
1783111500000,1763.78,1770.54,1761.47,1764.61,1051.02022244,2026-07-03 20:45:00+00:00
1783112400000,1764.45,1773.11,1763.01,1765.03,252.70786434,2026-07-03 21:00:00+00:00
1783113300000,1765.0,1766.34,1761.97,1761.99,816.60827823,2026-07-03 21:15:00+00:00
1783114200000,1761.83,1761.83,1753.9,1758.47,910.7553575,2026-07-03 21:30:00+00:00
1783115100000,1758.35,1765.34,1758.34,1762.01,185.35241489,2026-07-03 21:45:00+00:00
1783116000000,1762.01,1762.17,1755.14,1756.39,57.541529,2026-07-03 22:00:00+00:00
1783116900000,1756.98,1759.74,1756.81,1758.43,49.71654648,2026-07-03 22:15:00+00:00
1783117800000,1758.44,1759.67,1754.37,1756.77,42.66065268,2026-07-03 22:30:00+00:00
1783118700000,1756.94,1758.06,1754.81,1756.08,36.57276283,2026-07-03 22:45:00+00:00
1783119600000,1755.83,1757.41,1753.47,1756.4,38.89684602,2026-07-03 23:00:00+00:00
1783120500000,1756.4,1760.0,1755.53,1756.88,86.45915366,2026-07-03 23:15:00+00:00
1783121400000,1757.26,1759.06,1757.1,1758.8,40.68625945,2026-07-03 23:30:00+00:00
1783122300000,1759.05,1759.13,1755.58,1757.04,36.97062175,2026-07-03 23:45:00+00:00
1783123200000,1756.3,1762.0,1755.9,1760.17,130.79811976,2026-07-04 00:00:00+00:00
1783124100000,1759.95,1761.81,1755.68,1757.25,22.44056274,2026-07-04 00:15:00+00:00
1783125000000,1757.27,1758.74,1754.42,1756.51,49.6542538,2026-07-04 00:30:00+00:00
1783125900000,1756.52,1758.43,1755.64,1757.07,31.24446144,2026-07-04 00:45:00+00:00
1783126800000,1756.63,1756.63,1745.51,1746.45,180.14223278,2026-07-04 01:00:00+00:00
1783127700000,1746.59,1749.86,1744.63,1747.39,33.37442082,2026-07-04 01:15:00+00:00
1783128600000,1747.81,1748.8,1745.31,1745.58,23.13705008,2026-07-04 01:30:00+00:00
1783129500000,1745.77,1747.09,1744.36,1746.67,13.8672536,2026-07-04 01:45:00+00:00
1783130400000,1746.2,1748.22,1745.76,1747.32,228.68231448,2026-07-04 02:00:00+00:00
1783131300000,1747.22,1747.31,1745.34,1746.12,25.9697791,2026-07-04 02:15:00+00:00
1783132200000,1746.33,1746.62,1742.93,1746.62,63.57586001,2026-07-04 02:30:00+00:00
1783133100000,1746.75,1749.06,1745.67,1747.31,18.77530392,2026-07-04 02:45:00+00:00
1783134000000,1747.7,1748.86,1745.69,1748.39,30.59282153,2026-07-04 03:00:00+00:00
1783134900000,1748.37,1748.37,1746.87,1747.51,75.44524966,2026-07-04 03:15:00+00:00
1783135800000,1747.38,1754.57,1746.42,1752.91,33.01769686,2026-07-04 03:30:00+00:00
1783136700000,1753.23,1753.37,1751.48,1752.28,8.01254569,2026-07-04 03:45:00+00:00
1783137600000,1752.28,1755.03,1751.03,1752.63,66.58180714,2026-07-04 04:00:00+00:00
1783138500000,1752.6,1754.21,1750.53,1752.51,18.14789223,2026-07-04 04:15:00+00:00
1783139400000,1752.21,1757.58,1752.2,1756.2,55.78075636,2026-07-04 04:30:00+00:00
1783140300000,1757.14,1762.31,1756.58,1760.1,239.27040902,2026-07-04 04:45:00+00:00
1783141200000,1760.1,1760.24,1754.91,1755.35,13.99714269,2026-07-04 05:00:00+00:00
1783142100000,1755.35,1755.35,1752.17,1753.3,35.5392373,2026-07-04 05:15:00+00:00
1783143000000,1753.53,1756.46,1752.95,1756.32,95.99446561,2026-07-04 05:30:00+00:00
1783143900000,1757.27,1757.83,1753.33,1754.29,67.55147794,2026-07-04 05:45:00+00:00
1783144800000,1754.3,1759.44,1753.9,1753.9,57.67486424,2026-07-04 06:00:00+00:00
1783145700000,1754.17,1755.72,1750.17,1752.52,17.51372681,2026-07-04 06:15:00+00:00
1783146600000,1752.53,1755.06,1752.31,1752.44,15.7350783,2026-07-04 06:30:00+00:00
1783147500000,1752.55,1753.83,1752.25,1753.65,6.43532837,2026-07-04 06:45:00+00:00
1783148400000,1753.1,1754.87,1751.41,1752.87,18.3243389,2026-07-04 07:00:00+00:00
1783149300000,1752.9,1755.85,1752.32,1753.94,200.70391183,2026-07-04 07:15:00+00:00
1783150200000,1754.68,1754.99,1752.8,1754.39,20.18292227,2026-07-04 07:30:00+00:00
1783151100000,1754.52,1757.65,1753.48,1756.76,10.1582657,2026-07-04 07:45:00+00:00
1783152000000,1756.66,1758.08,1756.44,1758.08,17.27004847,2026-07-04 08:00:00+00:00
1783152900000,1758.31,1759.76,1755.9,1756.08,549.66104759,2026-07-04 08:15:00+00:00
1783153800000,1755.96,1763.29,1755.96,1759.07,51.99186069,2026-07-04 08:30:00+00:00
1783154700000,1759.08,1762.76,1759.08,1760.85,27.28838658,2026-07-04 08:45:00+00:00
1783155600000,1761.3,1761.36,1757.91,1759.49,98.71329923,2026-07-04 09:00:00+00:00
1783156500000,1759.22,1759.65,1757.65,1757.98,22.68807605,2026-07-04 09:15:00+00:00
1783157400000,1758.26,1758.26,1753.35,1754.07,81.67960242,2026-07-04 09:30:00+00:00
1783158300000,1754.07,1756.7,1754.07,1756.69,18.94941994,2026-07-04 09:45:00+00:00
1783159200000,1756.7,1758.76,1755.62,1758.72,17.28388502,2026-07-04 10:00:00+00:00
1783160100000,1758.49,1759.2,1757.35,1757.74,22.46735302,2026-07-04 10:15:00+00:00
1783161000000,1757.49,1757.8,1756.05,1757.09,8.29790241,2026-07-04 10:30:00+00:00
1783161900000,1757.05,1758.85,1756.85,1757.91,9.9315723,2026-07-04 10:45:00+00:00
1783162800000,1757.77,1757.77,1754.73,1756.39,29.43894507,2026-07-04 11:00:00+00:00
1783163700000,1756.76,1757.12,1755.69,1756.27,67.11397354,2026-07-04 11:15:00+00:00
1783164600000,1756.23,1758.64,1755.77,1756.06,222.7728176,2026-07-04 11:30:00+00:00
1783165500000,1756.06,1756.94,1755.87,1756.6,18.39531773,2026-07-04 11:45:00+00:00
1783166400000,1756.54,1760.48,1756.39,1759.53,30.32749128,2026-07-04 12:00:00+00:00
1783167300000,1759.55,1762.03,1757.58,1761.57,20.38635269,2026-07-04 12:15:00+00:00
1783168200000,1761.45,1764.64,1761.41,1762.62,33.26422204,2026-07-04 12:30:00+00:00
1783169100000,1762.62,1763.46,1760.76,1763.33,27.03263205,2026-07-04 12:45:00+00:00
1783170000000,1762.7,1763.02,1760.4,1760.84,26.04566447,2026-07-04 13:00:00+00:00
1783170900000,1761.16,1776.44,1761.09,1767.1,423.72014171,2026-07-04 13:15:00+00:00
1783171800000,1767.13,1767.13,1761.7,1763.07,71.8576413,2026-07-04 13:30:00+00:00
1783172700000,1761.85,1762.93,1760.67,1762.63,23.09577824,2026-07-04 13:45:00+00:00
1783173600000,1762.5,1770.6,1762.49,1769.33,131.7674508,2026-07-04 14:00:00+00:00
1783174500000,1769.35,1773.12,1768.39,1769.2,64.66221409,2026-07-04 14:15:00+00:00
1783175400000,1769.56,1769.57,1767.14,1768.89,14.03147628,2026-07-04 14:30:00+00:00
1783176300000,1768.82,1771.45,1768.15,1771.44,754.61440299,2026-07-04 14:45:00+00:00
1783177200000,1771.44,1796.41,1771.41,1784.01,2924.2076852,2026-07-04 15:00:00+00:00
1783178100000,1784.02,1796.33,1781.74,1792.21,277.33417785,2026-07-04 15:15:00+00:00
1783179000000,1792.04,1794.01,1787.38,1789.25,367.74259521,2026-07-04 15:30:00+00:00
1783179900000,1789.37,1793.74,1788.5,1789.59,429.48531453,2026-07-04 15:45:00+00:00
1783180800000,1789.79,1789.93,1783.13,1783.53,186.26690602,2026-07-04 16:00:00+00:00
1783181700000,1783.52,1788.0,1782.14,1786.41,144.0875093,2026-07-04 16:15:00+00:00
1783182600000,1785.93,1789.51,1785.93,1786.4,426.14372473,2026-07-04 16:30:00+00:00
1783183500000,1786.42,1787.82,1784.95,1785.57,36.64356656,2026-07-04 16:45:00+00:00
1783184400000,1785.44,1785.44,1777.69,1778.56,1722.81332446,2026-07-04 17:00:00+00:00
1783185300000,1778.94,1785.85,1778.78,1785.64,34.4261151,2026-07-04 17:15:00+00:00
1783186200000,1785.65,1793.1,1785.64,1790.12,121.71157382,2026-07-04 17:30:00+00:00
1783187100000,1790.06,1805.52,1788.96,1797.82,750.4271063,2026-07-04 17:45:00+00:00
1783188000000,1797.89,1803.63,1797.0,1802.95,149.20053549,2026-07-04 18:00:00+00:00
1783188900000,1803.01,1804.62,1794.38,1794.58,228.37281287,2026-07-04 18:15:00+00:00
1783189800000,1794.99,1794.99,1791.43,1793.25,47.81318807,2026-07-04 18:30:00+00:00
1783190700000,1792.58,1794.21,1790.66,1792.31,69.39341617,2026-07-04 18:45:00+00:00
1783191600000,1792.29,1793.73,1787.22,1788.59,152.42222629,2026-07-04 19:00:00+00:00
1783192500000,1788.82,1794.49,1788.82,1793.85,73.60679152,2026-07-04 19:15:00+00:00
1783193400000,1793.78,1795.83,1790.64,1795.05,222.31647959,2026-07-04 19:30:00+00:00
1783194300000,1794.89,1794.89,1789.69,1791.33,41.37588955,2026-07-04 19:45:00+00:00
1783195200000,1791.2,1793.97,1790.18,1793.17,90.28417398,2026-07-04 20:00:00+00:00
1783196100000,1793.13,1793.13,1782.3,1783.01,369.38096999,2026-07-04 20:15:00+00:00
1783197000000,1783.21,1788.39,1783.19,1788.03,26.74727758,2026-07-04 20:30:00+00:00
1783197900000,1788.03,1788.04,1785.55,1785.56,179.9914907,2026-07-04 20:45:00+00:00
1783198800000,1785.57,1789.31,1784.94,1788.58,172.07423318,2026-07-04 21:00:00+00:00
1783199700000,1788.68,1791.45,1788.05,1791.15,75.35705788,2026-07-04 21:15:00+00:00
1783200600000,1791.09,1792.9,1788.39,1788.39,60.9429684,2026-07-04 21:30:00+00:00
1783201500000,1788.39,1789.29,1787.14,1787.86,16.62056314,2026-07-04 21:45:00+00:00
1783202400000,1787.87,1788.21,1783.68,1784.91,42.04268188,2026-07-04 22:00:00+00:00
1783203300000,1784.92,1786.96,1782.69,1784.05,74.59725899,2026-07-04 22:15:00+00:00
1783204200000,1783.96,1784.7,1783.69,1783.8,8.47084274,2026-07-04 22:30:00+00:00
1783205100000,1783.79,1783.93,1780.85,1782.88,123.07225803,2026-07-04 22:45:00+00:00
1783206000000,1782.99,1783.73,1771.26,1773.17,928.62633694,2026-07-04 23:00:00+00:00
1783206900000,1773.23,1777.16,1771.01,1777.16,161.54009785,2026-07-04 23:15:00+00:00
1783207800000,1777.17,1780.71,1777.17,1780.55,26.92799701,2026-07-04 23:30:00+00:00
1783208700000,1780.66,1781.27,1777.89,1778.72,32.47992392,2026-07-04 23:45:00+00:00
1783209600000,1778.72,1779.07,1774.39,1774.88,76.48145128,2026-07-05 00:00:00+00:00
1783210500000,1775.0,1775.0,1771.8,1773.9,47.20265145,2026-07-05 00:15:00+00:00
1783211400000,1773.54,1775.13,1770.64,1774.28,56.57842522,2026-07-05 00:30:00+00:00
1783212300000,1774.23,1774.33,1768.64,1770.5,213.23414138,2026-07-05 00:45:00+00:00
1783213200000,1770.49,1772.89,1769.37,1770.18,38.99292626,2026-07-05 01:00:00+00:00
1783214100000,1770.17,1770.17,1762.9,1767.25,149.66633796,2026-07-05 01:15:00+00:00
1783215000000,1767.07,1767.07,1759.92,1764.22,369.76768565,2026-07-05 01:30:00+00:00
1783215900000,1763.91,1765.9,1762.82,1765.01,185.14960823,2026-07-05 01:45:00+00:00
1783216800000,1765.01,1766.09,1757.69,1758.84,192.70737188,2026-07-05 02:00:00+00:00
1783217700000,1758.42,1762.67,1756.02,1762.67,71.03559379,2026-07-05 02:15:00+00:00
1783218600000,1761.63,1763.98,1757.36,1757.36,48.72439339,2026-07-05 02:30:00+00:00
1783219500000,1756.77,1759.45,1755.98,1759.14,88.61887723,2026-07-05 02:45:00+00:00
1783220400000,1759.17,1762.11,1758.3,1762.01,205.26965871,2026-07-05 03:00:00+00:00
1783221300000,1761.53,1761.53,1756.56,1756.78,68.89480184,2026-07-05 03:15:00+00:00
1783222200000,1756.77,1761.03,1756.77,1759.25,72.05181555,2026-07-05 03:30:00+00:00
1783223100000,1759.27,1761.05,1758.94,1759.84,19.60713462,2026-07-05 03:45:00+00:00
1783224000000,1759.99,1764.26,1758.52,1763.06,178.46314431,2026-07-05 04:00:00+00:00
1783224900000,1763.12,1766.73,1763.07,1765.76,76.87095452,2026-07-05 04:15:00+00:00
1783225800000,1765.56,1770.56,1765.56,1769.51,114.91510342,2026-07-05 04:30:00+00:00
1783226700000,1769.51,1769.54,1766.0,1766.0,14.5765626,2026-07-05 04:45:00+00:00
1783227600000,1766.01,1766.25,1763.47,1764.37,139.57162708,2026-07-05 05:00:00+00:00
1783228500000,1764.24,1765.05,1762.01,1763.75,35.11234826,2026-07-05 05:15:00+00:00
1783229400000,1763.38,1765.51,1759.2,1760.27,120.42499403,2026-07-05 05:30:00+00:00
1783230300000,1760.39,1764.61,1760.28,1763.81,15.06553659,2026-07-05 05:45:00+00:00
1783231200000,1764.17,1764.17,1760.35,1762.46,71.68247617,2026-07-05 06:00:00+00:00
1783232100000,1762.71,1763.28,1761.47,1762.73,4.6111289,2026-07-05 06:15:00+00:00
1783233000000,1763.34,1766.04,1763.14,1764.22,52.29471747,2026-07-05 06:30:00+00:00
1783233900000,1763.8,1764.26,1762.32,1763.04,7.80087061,2026-07-05 06:45:00+00:00
1783234800000,1763.04,1764.03,1761.93,1761.93,6.27016193,2026-07-05 07:00:00+00:00
1783235700000,1761.65,1763.62,1760.34,1761.41,14.75692476,2026-07-05 07:15:00+00:00
1783236600000,1761.41,1766.61,1761.41,1766.61,16.29006505,2026-07-05 07:30:00+00:00
1783237500000,1765.89,1770.41,1765.02,1770.41,14.75699867,2026-07-05 07:45:00+00:00
1783238400000,1768.7,1771.06,1765.66,1768.06,14.34404071,2026-07-05 08:00:00+00:00
1783239300000,1767.74,1768.79,1765.39,1766.09,12.15317735,2026-07-05 08:15:00+00:00
1783240200000,1765.97,1768.4,1765.36,1766.41,10.02886578,2026-07-05 08:30:00+00:00
1783241100000,1766.39,1768.21,1765.36,1766.79,11.80261622,2026-07-05 08:45:00+00:00
1783242000000,1766.25,1766.25,1764.42,1764.42,109.48626847,2026-07-05 09:00:00+00:00
1783242900000,1764.72,1765.0,1759.66,1759.77,46.24960138,2026-07-05 09:15:00+00:00
1783243800000,1759.82,1760.72,1747.15,1750.59,679.9461688,2026-07-05 09:30:00+00:00
1783244700000,1750.2,1756.8,1749.07,1756.49,151.89172293,2026-07-05 09:45:00+00:00
1783245600000,1756.5,1759.16,1753.57,1757.78,29.23247541,2026-07-05 10:00:00+00:00
1783246500000,1757.38,1760.0,1756.5,1757.29,7.71907101,2026-07-05 10:15:00+00:00
1783247400000,1757.28,1758.98,1757.28,1757.7,2.04589957,2026-07-05 10:30:00+00:00
1783248300000,1758.26,1759.99,1757.74,1759.99,10.67142978,2026-07-05 10:45:00+00:00
1783249200000,1760.0,1763.27,1759.99,1761.9,34.22274668,2026-07-05 11:00:00+00:00
1783250100000,1762.22,1762.22,1757.73,1758.28,8.41475478,2026-07-05 11:15:00+00:00
1783251000000,1757.73,1761.04,1757.62,1760.08,150.39044094,2026-07-05 11:30:00+00:00
1783251900000,1760.07,1761.05,1758.43,1758.43,45.45112543,2026-07-05 11:45:00+00:00
1783252800000,1758.72,1758.76,1754.83,1758.6,254.86239958,2026-07-05 12:00:00+00:00
1783253700000,1758.6,1764.87,1758.6,1764.81,214.12554548,2026-07-05 12:15:00+00:00
1783254600000,1764.65,1767.94,1762.83,1763.23,275.52534627,2026-07-05 12:30:00+00:00
1783255500000,1763.32,1764.26,1762.92,1763.74,25.71016999,2026-07-05 12:45:00+00:00
1783256400000,1763.75,1765.56,1761.93,1764.17,20.96177104,2026-07-05 13:00:00+00:00
1783257300000,1764.01,1764.52,1760.18,1762.25,258.42681197,2026-07-05 13:15:00+00:00
1783258200000,1762.0,1763.69,1761.15,1763.68,35.84223264,2026-07-05 13:30:00+00:00
1783259100000,1763.81,1765.64,1763.8,1764.69,34.03155557,2026-07-05 13:45:00+00:00
1783260000000,1764.68,1766.81,1763.38,1766.28,53.5089539,2026-07-05 14:00:00+00:00
1783260900000,1766.14,1766.41,1763.92,1765.79,10.22278151,2026-07-05 14:15:00+00:00
1783261800000,1765.8,1769.62,1763.89,1766.89,43.10140775,2026-07-05 14:30:00+00:00
1783262700000,1767.23,1771.58,1766.06,1770.75,205.80351244,2026-07-05 14:45:00+00:00
1783263600000,1771.01,1779.01,1769.71,1773.29,893.29567206,2026-07-05 15:00:00+00:00
1783264500000,1773.02,1774.2,1771.56,1773.27,64.16460775,2026-07-05 15:15:00+00:00
1783265400000,1773.23,1776.77,1769.08,1770.34,100.25014414,2026-07-05 15:30:00+00:00
1783266300000,1770.34,1774.36,1769.11,1773.01,65.6978209,2026-07-05 15:45:00+00:00
1783267200000,1773.18,1775.57,1771.91,1773.05,24.36083854,2026-07-05 16:00:00+00:00
1783268100000,1773.05,1773.05,1770.35,1770.35,49.03539261,2026-07-05 16:15:00+00:00
1783269000000,1769.86,1771.99,1768.65,1769.01,28.08138573,2026-07-05 16:30:00+00:00
1783269900000,1769.01,1771.85,1769.01,1771.32,122.31807659,2026-07-05 16:45:00+00:00
1783270800000,1771.28,1775.55,1771.28,1774.97,27.81568855,2026-07-05 17:00:00+00:00
1783271700000,1774.97,1784.19,1774.88,1777.46,1495.87354827,2026-07-05 17:15:00+00:00
1783272600000,1777.36,1781.82,1775.16,1775.28,3404.21878411,2026-07-05 17:30:00+00:00
1783273500000,1775.17,1779.37,1775.17,1778.4,165.97594973,2026-07-05 17:45:00+00:00
1783274400000,1778.39,1779.91,1776.79,1777.09,444.79193055,2026-07-05 18:00:00+00:00
1783275300000,1777.22,1779.73,1777.22,1778.27,26.22751387,2026-07-05 18:15:00+00:00
1783276200000,1778.27,1779.95,1777.39,1779.38,38.7080242,2026-07-05 18:30:00+00:00
1783277100000,1779.44,1784.35,1778.25,1779.92,91.68503037,2026-07-05 18:45:00+00:00
1783278000000,1779.83,1782.7,1779.41,1782.57,47.30388066,2026-07-05 19:00:00+00:00
1783278900000,1782.58,1782.82,1776.5,1778.73,95.83502987,2026-07-05 19:15:00+00:00
1783279800000,1778.73,1780.82,1778.02,1780.33,124.62367339,2026-07-05 19:30:00+00:00
1783280700000,1780.54,1781.01,1778.68,1779.82,8.94290226,2026-07-05 19:45:00+00:00
1783281600000,1779.85,1781.64,1778.36,1779.75,216.54702574,2026-07-05 20:00:00+00:00
1783282500000,1779.65,1779.66,1775.2,1775.92,12.34825208,2026-07-05 20:15:00+00:00
1783283400000,1775.84,1776.15,1774.88,1776.11,56.6192099,2026-07-05 20:30:00+00:00
1783284300000,1776.25,1776.33,1775.64,1775.72,30.00854682,2026-07-05 20:45:00+00:00
1783285200000,1775.72,1775.72,1768.32,1771.66,218.96217903,2026-07-05 21:00:00+00:00
1783286100000,1771.6,1780.79,1771.12,1779.22,46.39794923,2026-07-05 21:15:00+00:00
1783287000000,1779.28,1784.71,1777.66,1781.45,188.00591231,2026-07-05 21:30:00+00:00
1783287900000,1781.59,1791.09,1779.45,1785.33,833.59429313,2026-07-05 21:45:00+00:00
1783288800000,1785.5,1791.42,1783.13,1791.07,275.33859688,2026-07-05 22:00:00+00:00
1783289700000,1791.07,1802.0,1789.76,1800.19,721.81900849,2026-07-05 22:15:00+00:00
1783290600000,1800.1,1806.34,1786.66,1788.21,878.55226609,2026-07-05 22:30:00+00:00
1783291500000,1788.27,1790.82,1784.23,1788.12,403.08498323,2026-07-05 22:45:00+00:00
1783292400000,1788.25,1799.76,1786.97,1799.24,170.66567257,2026-07-05 23:00:00+00:00
1783293300000,1799.5,1801.2,1788.88,1790.3,73.65000464,2026-07-05 23:15:00+00:00
1783294200000,1790.51,1791.76,1786.41,1787.98,65.74396514,2026-07-05 23:30:00+00:00
1783295100000,1788.14,1788.14,1781.42,1784.48,45.35969582,2026-07-05 23:45:00+00:00
1783296000000,1784.41,1785.65,1778.52,1783.94,593.84384036,2026-07-06 00:00:00+00:00
1783296900000,1784.81,1788.06,1775.97,1776.07,110.5593803,2026-07-06 00:15:00+00:00
1783297800000,1776.12,1787.13,1773.21,1786.45,62.46297766,2026-07-06 00:30:00+00:00
1783298700000,1786.61,1792.34,1785.2,1792.34,44.64910414,2026-07-06 00:45:00+00:00
1783299600000,1791.44,1793.35,1789.39,1791.11,45.36193172,2026-07-06 01:00:00+00:00
1783300500000,1791.29,1791.93,1784.96,1788.09,41.62416316,2026-07-06 01:15:00+00:00
1783301400000,1788.14,1797.0,1787.57,1791.35,100.40861249,2026-07-06 01:30:00+00:00
1783302300000,1789.2,1789.26,1783.71,1784.68,133.64193982,2026-07-06 01:45:00+00:00
1783303200000,1784.64,1786.84,1779.17,1780.1,32.82097095,2026-07-06 02:00:00+00:00
1783304100000,1780.43,1788.57,1780.26,1783.72,42.40944898,2026-07-06 02:15:00+00:00
1783305000000,1783.62,1785.8,1778.88,1779.56,49.39136227,2026-07-06 02:30:00+00:00
1783305900000,1779.6,1782.82,1778.14,1782.81,35.30673492,2026-07-06 02:45:00+00:00
1783306800000,1782.15,1783.36,1780.3,1780.76,39.06347491,2026-07-06 03:00:00+00:00
1783307700000,1780.33,1781.58,1773.19,1775.95,34.90108664,2026-07-06 03:15:00+00:00
1783308600000,1775.95,1779.19,1771.0,1774.85,364.17655026,2026-07-06 03:30:00+00:00
1783309500000,1774.27,1777.82,1774.27,1777.82,26.40583132,2026-07-06 03:45:00+00:00
1783310400000,1778.0,1780.79,1775.81,1779.52,52.36737646,2026-07-06 04:00:00+00:00
1783311300000,1779.32,1780.75,1774.6,1776.25,44.57306663,2026-07-06 04:15:00+00:00
1783312200000,1776.42,1782.57,1774.54,1780.85,34.07146671,2026-07-06 04:30:00+00:00
1783313100000,1780.79,1781.05,1775.89,1776.25,17.46044469,2026-07-06 04:45:00+00:00
1783314000000,1776.16,1776.67,1772.08,1773.92,34.09527784,2026-07-06 05:00:00+00:00
1783314900000,1773.86,1774.93,1765.95,1766.01,735.17957934,2026-07-06 05:15:00+00:00
1783315800000,1765.92,1772.46,1763.74,1771.18,1952.05315286,2026-07-06 05:30:00+00:00
1783316700000,1770.63,1774.34,1770.04,1772.32,332.73169362,2026-07-06 05:45:00+00:00
1783317600000,1772.5,1773.53,1769.9,1771.57,35.77323108,2026-07-06 06:00:00+00:00
1783318500000,1771.58,1772.54,1768.64,1770.71,71.37526267,2026-07-06 06:15:00+00:00
1783319400000,1770.4,1772.7,1768.15,1772.58,34.18195301,2026-07-06 06:30:00+00:00
1783320300000,1772.75,1773.43,1767.49,1767.92,209.65020183,2026-07-06 06:45:00+00:00
1783321200000,1767.75,1769.95,1765.16,1768.4,20.97533236,2026-07-06 07:00:00+00:00
1783322100000,1768.88,1771.56,1768.16,1769.13,125.53467618,2026-07-06 07:15:00+00:00
1783323000000,1769.13,1773.03,1766.9,1773.02,70.39746639,2026-07-06 07:30:00+00:00
1783323900000,1773.02,1773.53,1770.33,1770.67,22.35596624,2026-07-06 07:45:00+00:00
1783324800000,1770.66,1775.7,1770.15,1771.35,290.68046794,2026-07-06 08:00:00+00:00
1783325700000,1771.55,1771.75,1768.82,1769.98,59.59595346,2026-07-06 08:15:00+00:00
1783326600000,1769.79,1769.79,1761.52,1764.84,90.34693074,2026-07-06 08:30:00+00:00
1783327500000,1764.52,1765.65,1763.25,1763.86,21.64106751,2026-07-06 08:45:00+00:00
1783328400000,1763.91,1764.08,1761.47,1761.49,46.21034395,2026-07-06 09:00:00+00:00
1783329300000,1761.5,1763.23,1759.12,1760.4,78.14981459,2026-07-06 09:15:00+00:00
1783330200000,1760.41,1760.41,1754.31,1755.51,427.93520976,2026-07-06 09:30:00+00:00
1783331100000,1755.27,1757.98,1754.07,1756.93,48.26135098,2026-07-06 09:45:00+00:00
1783332000000,1756.89,1764.83,1756.34,1764.47,43.23075435,2026-07-06 10:00:00+00:00
1783332900000,1764.27,1765.98,1764.22,1765.4,20.11393809,2026-07-06 10:15:00+00:00
1783333800000,1765.25,1772.37,1765.0,1771.17,834.46211461,2026-07-06 10:30:00+00:00
1783334700000,1770.99,1771.18,1768.12,1769.26,32.32857083,2026-07-06 10:45:00+00:00
1783335600000,1769.49,1772.06,1766.64,1766.94,84.53606938,2026-07-06 11:00:00+00:00
1783336500000,1766.95,1769.72,1766.14,1768.08,31.50241949,2026-07-06 11:15:00+00:00
1783337400000,1767.47,1774.08,1767.32,1771.53,72.81197606,2026-07-06 11:30:00+00:00
1783338300000,1771.34,1772.38,1758.32,1758.47,85.49832554,2026-07-06 11:45:00+00:00
1783339200000,1757.99,1759.15,1734.36,1745.9,970.76515222,2026-07-06 12:00:00+00:00
1783340100000,1745.93,1750.67,1745.21,1748.27,219.38529162,2026-07-06 12:15:00+00:00
1783341000000,1748.0,1750.98,1737.91,1738.82,297.61393535,2026-07-06 12:30:00+00:00
1783341900000,1739.02,1744.21,1734.63,1739.8,218.99894111,2026-07-06 12:45:00+00:00
1783342800000,1739.19,1740.3,1730.23,1735.57,514.35702806,2026-07-06 13:00:00+00:00
1783343700000,1734.39,1736.7,1730.3,1733.34,233.64101713,2026-07-06 13:15:00+00:00
1783344600000,1733.12,1743.19,1727.93,1742.46,368.77276477,2026-07-06 13:30:00+00:00
1783345500000,1742.91,1752.04,1740.61,1743.67,816.17697992,2026-07-06 13:45:00+00:00
1783346400000,1743.39,1748.79,1741.54,1745.86,156.6031812,2026-07-06 14:00:00+00:00
1783347300000,1746.38,1761.03,1740.88,1750.58,551.47888206,2026-07-06 14:15:00+00:00
1783348200000,1750.38,1754.35,1748.1,1752.04,70.03196131,2026-07-06 14:30:00+00:00
1783349100000,1751.41,1751.54,1743.77,1749.84,334.3140861,2026-07-06 14:45:00+00:00
1783350000000,1750.33,1765.07,1750.28,1762.18,378.47253341,2026-07-06 15:00:00+00:00
1783350900000,1762.28,1765.02,1757.92,1765.02,45.63538934,2026-07-06 15:15:00+00:00
1783351800000,1764.24,1780.42,1758.87,1775.41,291.33750879,2026-07-06 15:30:00+00:00
1783352700000,1776.35,1787.62,1770.17,1786.76,407.93671431,2026-07-06 15:45:00+00:00
1783353600000,1787.09,1802.21,1781.39,1799.61,628.83666644,2026-07-06 16:00:00+00:00
1783354500000,1799.37,1803.56,1782.81,1786.41,927.67928987,2026-07-06 16:15:00+00:00
1783355400000,1786.49,1795.14,1786.17,1793.75,423.11040405,2026-07-06 16:30:00+00:00
1783356300000,1793.44,1794.6,1789.47,1790.41,45.48507078,2026-07-06 16:45:00+00:00
1783357200000,1791.48,1794.88,1788.06,1791.8,626.91100202,2026-07-06 17:00:00+00:00
1783358100000,1792.16,1798.56,1792.16,1794.65,249.74935981,2026-07-06 17:15:00+00:00
1783359000000,1794.76,1795.9,1786.88,1787.92,347.22336859,2026-07-06 17:30:00+00:00
1783359900000,1787.71,1791.75,1785.33,1786.8,163.30042596,2026-07-06 17:45:00+00:00
1783360800000,1786.92,1789.52,1785.54,1788.01,278.57621659,2026-07-06 18:00:00+00:00
1783361700000,1788.45,1795.23,1786.39,1791.12,87.57383873,2026-07-06 18:15:00+00:00
1783362600000,1791.12,1794.87,1789.51,1792.75,66.97499632,2026-07-06 18:30:00+00:00
1783363500000,1792.2,1794.34,1790.92,1791.45,39.63190305,2026-07-06 18:45:00+00:00
1783364400000,1791.51,1794.49,1790.06,1794.13,185.72748249,2026-07-06 19:00:00+00:00
1783365300000,1794.14,1797.68,1792.95,1795.92,234.62904177,2026-07-06 19:15:00+00:00
1783366200000,1795.85,1795.86,1791.55,1795.05,127.80995,2026-07-06 19:30:00+00:00
1783367100000,1794.65,1796.33,1791.46,1791.59,297.4372489,2026-07-06 19:45:00+00:00
1783368000000,1791.2,1791.7,1786.25,1787.23,390.96549997,2026-07-06 20:00:00+00:00
1783368900000,1787.33,1790.18,1786.43,1789.84,267.47993077,2026-07-06 20:15:00+00:00
1783369800000,1790.18,1794.84,1789.71,1791.96,335.83959345,2026-07-06 20:30:00+00:00
1783370700000,1791.13,1795.27,1790.43,1792.03,75.28071583,2026-07-06 20:45:00+00:00
1783371600000,1792.03,1834.73,1791.71,1817.84,3960.03365313,2026-07-06 21:00:00+00:00
1783372500000,1817.84,1819.04,1811.21,1812.12,454.70278358,2026-07-06 21:15:00+00:00
1783373400000,1812.01,1814.29,1805.94,1812.83,409.22883946,2026-07-06 21:30:00+00:00
1783374300000,1812.46,1818.06,1810.82,1813.54,184.30691384,2026-07-06 21:45:00+00:00
1783375200000,1814.0,1815.0,1810.65,1812.87,305.69562369,2026-07-06 22:00:00+00:00
1783376100000,1812.51,1814.93,1807.97,1808.01,101.95258847,2026-07-06 22:15:00+00:00
1783377000000,1808.0,1808.56,1805.54,1806.97,117.62716653,2026-07-06 22:30:00+00:00
1783377900000,1806.75,1807.53,1803.58,1805.06,108.4205028,2026-07-06 22:45:00+00:00
1783378800000,1805.11,1808.8,1804.38,1807.18,46.72478246,2026-07-06 23:00:00+00:00
1783379700000,1807.18,1807.51,1801.31,1802.32,261.23382886,2026-07-06 23:15:00+00:00
1783380600000,1802.31,1803.47,1799.18,1799.4,126.2046376,2026-07-06 23:30:00+00:00
1783381500000,1799.2,1800.46,1796.09,1798.55,219.87364304,2026-07-06 23:45:00+00:00
1783382400000,1798.49,1800.41,1796.87,1796.87,158.79923928,2026-07-07 00:00:00+00:00
1783383300000,1796.74,1808.62,1794.09,1804.47,855.16685624,2026-07-07 00:15:00+00:00
1783384200000,1804.86,1806.45,1797.71,1800.31,70.68626008,2026-07-07 00:30:00+00:00
1783385100000,1799.94,1805.38,1799.27,1802.48,76.35202201,2026-07-07 00:45:00+00:00
1783386000000,1802.47,1802.47,1787.09,1794.06,1352.50697307,2026-07-07 01:00:00+00:00
1783386900000,1794.63,1795.65,1789.59,1789.98,35.61851101,2026-07-07 01:15:00+00:00
1783387800000,1790.63,1794.11,1786.98,1794.11,559.60746182,2026-07-07 01:30:00+00:00
1783388700000,1793.9,1796.57,1791.22,1791.59,45.08119965,2026-07-07 01:45:00+00:00
1783389600000,1791.59,1793.46,1789.14,1790.52,625.21153858,2026-07-07 02:00:00+00:00
1783390500000,1789.85,1791.67,1778.35,1779.01,785.11638775,2026-07-07 02:15:00+00:00
1783391400000,1779.0,1783.08,1776.03,1782.44,95.84737869,2026-07-07 02:30:00+00:00
1783392300000,1782.64,1783.46,1775.41,1777.23,71.30488939,2026-07-07 02:45:00+00:00
1783393200000,1777.13,1780.11,1776.15,1778.15,44.64277268,2026-07-07 03:00:00+00:00
1783394100000,1777.37,1778.3,1772.25,1772.54,101.29900096,2026-07-07 03:15:00+00:00
1783395000000,1772.92,1774.64,1768.36,1770.66,443.67800799,2026-07-07 03:30:00+00:00
1783395900000,1770.66,1770.66,1768.1,1770.02,91.2842816,2026-07-07 03:45:00+00:00
1783396800000,1769.86,1772.6,1767.32,1769.83,162.59592884,2026-07-07 04:00:00+00:00
1783397700000,1769.75,1771.27,1767.75,1770.28,379.01201141,2026-07-07 04:15:00+00:00
1783398600000,1769.78,1770.3,1764.32,1764.32,58.58237777,2026-07-07 04:30:00+00:00
1783399500000,1764.32,1765.77,1761.54,1765.1,194.8137714,2026-07-07 04:45:00+00:00
1783400400000,1765.15,1765.75,1756.4,1756.53,83.52229423,2026-07-07 05:00:00+00:00
1783401300000,1757.26,1762.32,1756.69,1760.17,82.27950775,2026-07-07 05:15:00+00:00
1783402200000,1760.14,1768.4,1760.14,1767.85,89.15991794,2026-07-07 05:30:00+00:00
1783403100000,1767.83,1772.18,1767.45,1769.26,49.66249337,2026-07-07 05:45:00+00:00
1783404000000,1769.26,1772.73,1763.56,1765.22,51.77338098,2026-07-07 06:00:00+00:00
1783404900000,1765.43,1769.92,1765.43,1769.86,34.74916898,2026-07-07 06:15:00+00:00
1783405800000,1769.0,1774.3,1768.66,1773.95,70.67166734,2026-07-07 06:30:00+00:00
1783406700000,1773.3,1780.82,1773.3,1777.76,154.44002686,2026-07-07 06:45:00+00:00
1783407600000,1777.75,1780.82,1777.0,1780.34,49.78515323,2026-07-07 07:00:00+00:00
1783408500000,1779.45,1780.42,1776.26,1776.87,28.47384599,2026-07-07 07:15:00+00:00
1783409400000,1776.74,1777.65,1769.84,1771.82,30.16096381,2026-07-07 07:30:00+00:00
1783410300000,1771.6,1773.99,1769.66,1769.66,367.04226703,2026-07-07 07:45:00+00:00
1783411200000,1769.84,1774.12,1767.41,1771.65,26.00039874,2026-07-07 08:00:00+00:00
1783412100000,1771.38,1773.42,1769.84,1770.26,39.64327444,2026-07-07 08:15:00+00:00
1783413000000,1770.65,1770.65,1766.9,1767.85,27.0221598,2026-07-07 08:30:00+00:00
1783413900000,1769.17,1770.56,1767.77,1769.32,33.52678482,2026-07-07 08:45:00+00:00
1783414800000,1768.6,1772.32,1767.37,1772.32,26.78368955,2026-07-07 09:00:00+00:00
1783415700000,1772.68,1772.82,1770.37,1771.63,4.72388577,2026-07-07 09:15:00+00:00
1783416600000,1771.32,1777.33,1771.2,1777.05,73.80855339,2026-07-07 09:30:00+00:00
1783417500000,1777.33,1780.22,1774.11,1776.59,123.1708412,2026-07-07 09:45:00+00:00
1783418400000,1776.59,1782.78,1776.3,1778.24,429.53261793,2026-07-07 10:00:00+00:00
1783419300000,1778.22,1781.77,1778.09,1778.09,125.11075983,2026-07-07 10:15:00+00:00
1783420200000,1777.48,1777.48,1774.09,1775.25,103.30545015,2026-07-07 10:30:00+00:00
1783421100000,1775.26,1775.75,1772.7,1774.17,15.95929893,2026-07-07 10:45:00+00:00
1783422000000,1773.17,1774.07,1770.25,1771.54,48.65198409,2026-07-07 11:00:00+00:00
1783422900000,1771.6,1777.23,1771.38,1775.41,38.7724593,2026-07-07 11:15:00+00:00
1783423800000,1775.4,1778.75,1773.59,1778.75,47.1411448,2026-07-07 11:30:00+00:00
1783424700000,1778.75,1783.22,1776.83,1779.01,172.21017824,2026-07-07 11:45:00+00:00
1783425600000,1779.19,1790.7,1778.48,1789.35,241.70205868,2026-07-07 12:00:00+00:00
1783426500000,1789.54,1792.23,1786.6,1789.49,178.40237949,2026-07-07 12:15:00+00:00
1783427400000,1789.36,1789.36,1782.43,1784.21,30.96545534,2026-07-07 12:30:00+00:00
1783428300000,1783.76,1783.76,1779.55,1780.34,70.93315679,2026-07-07 12:45:00+00:00
1783429200000,1780.4,1781.16,1773.35,1775.27,462.4757195,2026-07-07 13:00:00+00:00
1783430100000,1775.2,1776.23,1768.4,1769.39,101.24473767,2026-07-07 13:15:00+00:00
1783431000000,1769.98,1773.59,1764.25,1770.5,195.26601671,2026-07-07 13:30:00+00:00
1783431900000,1770.41,1778.81,1764.65,1767.15,355.85686721,2026-07-07 13:45:00+00:00
1783432800000,1766.85,1776.31,1762.3,1765.59,277.18729715,2026-07-07 14:00:00+00:00
1783433700000,1765.6,1770.72,1763.44,1770.72,377.02974176,2026-07-07 14:15:00+00:00
1783434600000,1770.7,1775.32,1759.42,1768.59,450.4986878,2026-07-07 14:30:00+00:00
1783435500000,1769.83,1790.75,1769.83,1787.69,946.81973878,2026-07-07 14:45:00+00:00
1783436400000,1787.63,1789.79,1781.13,1784.94,546.75287582,2026-07-07 15:00:00+00:00
1783437300000,1784.27,1793.0,1784.13,1790.73,570.15241417,2026-07-07 15:15:00+00:00
1783438200000,1791.03,1797.2,1789.63,1793.57,260.91942334,2026-07-07 15:30:00+00:00
1783439100000,1794.22,1801.52,1794.22,1795.67,953.32519447,2026-07-07 15:45:00+00:00
1783440000000,1795.77,1797.72,1791.62,1792.77,261.65454363,2026-07-07 16:00:00+00:00
1783440900000,1793.63,1803.53,1791.48,1801.25,291.62653867,2026-07-07 16:15:00+00:00
1783441800000,1800.97,1804.43,1797.47,1803.77,133.125017,2026-07-07 16:30:00+00:00
1783442700000,1802.64,1810.52,1800.23,1800.93,183.23048425,2026-07-07 16:45:00+00:00
1783443600000,1800.71,1805.48,1799.37,1802.65,185.60667593,2026-07-07 17:00:00+00:00
1783444500000,1803.06,1804.67,1797.2,1804.49,141.47609156,2026-07-07 17:15:00+00:00
1783445400000,1804.63,1806.87,1802.48,1806.87,50.44673282,2026-07-07 17:30:00+00:00
1783446300000,1806.88,1808.99,1803.97,1808.99,99.33862826,2026-07-07 17:45:00+00:00
1783447200000,1809.07,1809.07,1801.23,1802.35,151.28485866,2026-07-07 18:00:00+00:00
1783448100000,1802.35,1805.52,1798.7,1799.35,178.95953,2026-07-07 18:15:00+00:00
1783449000000,1799.36,1803.34,1797.77,1803.34,71.92396812,2026-07-07 18:30:00+00:00
1783449900000,1803.73,1803.73,1784.73,1785.04,838.79869098,2026-07-07 18:45:00+00:00
1783450800000,1785.22,1787.66,1776.91,1778.37,1603.19592284,2026-07-07 19:00:00+00:00
1783451700000,1778.41,1783.45,1772.76,1781.88,1046.8975384,2026-07-07 19:15:00+00:00
1783452600000,1781.92,1789.94,1781.92,1788.58,236.49946634,2026-07-07 19:30:00+00:00
1783453500000,1788.38,1790.81,1787.63,1789.33,159.65457147,2026-07-07 19:45:00+00:00
1783454400000,1789.14,1791.99,1784.78,1787.96,245.18371767,2026-07-07 20:00:00+00:00
1783455300000,1787.87,1788.71,1785.12,1786.0,79.07690383,2026-07-07 20:15:00+00:00
1783456200000,1786.0,1786.0,1782.76,1782.76,175.63222908,2026-07-07 20:30:00+00:00
1783457100000,1782.46,1782.87,1780.13,1782.87,16.86568287,2026-07-07 20:45:00+00:00
1783458000000,1782.88,1787.37,1782.88,1784.78,57.83482263,2026-07-07 21:00:00+00:00
1783458900000,1784.84,1784.84,1774.32,1777.15,138.77862914,2026-07-07 21:15:00+00:00
1783459800000,1776.53,1776.87,1770.5,1774.07,58.44065956,2026-07-07 21:30:00+00:00
1783460700000,1773.8,1776.99,1770.79,1772.58,381.0134867,2026-07-07 21:45:00+00:00
1783461600000,1772.43,1775.77,1764.62,1773.98,208.22750157,2026-07-07 22:00:00+00:00
1783462500000,1774.33,1775.83,1769.28,1770.86,137.04607659,2026-07-07 22:15:00+00:00
1783463400000,1771.04,1777.02,1770.39,1776.17,363.87346987,2026-07-07 22:30:00+00:00
1783464300000,1776.02,1776.26,1773.83,1774.13,18.37973514,2026-07-07 22:45:00+00:00
1783465200000,1774.14,1778.72,1773.77,1777.47,94.43669298,2026-07-07 23:00:00+00:00
1783466100000,1777.41,1779.44,1776.61,1778.76,84.6747383,2026-07-07 23:15:00+00:00
1783467000000,1778.76,1779.37,1771.52,1771.68,15.07650851,2026-07-07 23:30:00+00:00
1783467900000,1771.11,1771.74,1767.14,1769.69,215.50392701,2026-07-07 23:45:00+00:00
1783468800000,1769.7,1774.37,1768.97,1773.44,71.88441141,2026-07-08 00:00:00+00:00
1783469700000,1773.53,1780.37,1770.96,1778.4,97.74827153,2026-07-08 00:15:00+00:00
1783470600000,1778.58,1783.52,1776.33,1781.65,109.46934364,2026-07-08 00:30:00+00:00
1783471500000,1781.65,1781.81,1777.89,1778.68,155.63741268,2026-07-08 00:45:00+00:00
1783472400000,1779.24,1779.63,1774.79,1778.66,69.66756995,2026-07-08 01:00:00+00:00
1783473300000,1778.66,1778.66,1772.13,1772.13,55.00486307,2026-07-08 01:15:00+00:00
1783474200000,1771.7,1772.04,1746.92,1758.33,2117.16884212,2026-07-08 01:30:00+00:00
1783475100000,1758.0,1761.13,1751.48,1754.84,756.99741357,2026-07-08 01:45:00+00:00
1783476000000,1754.77,1755.29,1748.67,1750.84,178.33843747,2026-07-08 02:00:00+00:00
1783476900000,1750.22,1753.98,1748.26,1752.73,765.98516731,2026-07-08 02:15:00+00:00
1783477800000,1750.96,1753.76,1739.29,1753.76,898.02875701,2026-07-08 02:30:00+00:00
1783478700000,1753.95,1758.26,1753.2,1756.23,222.07893018,2026-07-08 02:45:00+00:00
1783479600000,1756.87,1761.77,1756.87,1760.79,38.86275429,2026-07-08 03:00:00+00:00
1783480500000,1760.79,1762.13,1759.0,1762.02,15.71417134,2026-07-08 03:15:00+00:00
1783481400000,1762.03,1762.03,1755.32,1756.37,57.6279966,2026-07-08 03:30:00+00:00
1783482300000,1756.37,1756.37,1748.31,1749.73,48.43061064,2026-07-08 03:45:00+00:00
1783483200000,1750.34,1754.56,1748.5,1752.62,252.75606417,2026-07-08 04:00:00+00:00
1783484100000,1752.84,1756.71,1752.51,1755.8,27.33073097,2026-07-08 04:15:00+00:00
1783485000000,1756.14,1756.52,1750.29,1752.65,64.43722682,2026-07-08 04:30:00+00:00
1783485900000,1752.82,1755.14,1751.12,1754.93,19.30083185,2026-07-08 04:45:00+00:00
1783486800000,1754.94,1757.81,1754.19,1755.05,26.20501836,2026-07-08 05:00:00+00:00
1783487700000,1755.1,1756.2,1753.56,1754.5,30.87327095,2026-07-08 05:15:00+00:00
1783488600000,1754.36,1754.7,1750.77,1751.03,29.53809153,2026-07-08 05:30:00+00:00
1783489500000,1751.04,1753.92,1749.29,1752.61,56.85433626,2026-07-08 05:45:00+00:00
1783490400000,1752.61,1752.74,1749.09,1750.78,86.44326132,2026-07-08 06:00:00+00:00
1783491300000,1751.38,1752.55,1748.31,1750.07,191.97398326,2026-07-08 06:15:00+00:00
1783492200000,1750.55,1750.68,1744.97,1746.27,101.4901581,2026-07-08 06:30:00+00:00
1783493100000,1746.4,1753.01,1746.31,1749.59,72.27760605,2026-07-08 06:45:00+00:00
1783494000000,1750.48,1750.6,1743.98,1749.95,91.04450958,2026-07-08 07:00:00+00:00
1783494900000,1749.59,1752.15,1746.56,1751.72,24.15652761,2026-07-08 07:15:00+00:00
