ts,open,high,low,close,volume,datetime
1769317200000,2940.93,2943.94,2937.34,2942.75,150.09900178,2026-01-25 05:00:00+00:00
1769320800000,2942.71,2942.71,2930.27,2939.24,689.52633155,2026-01-25 06:00:00+00:00
1769324400000,2939.24,2939.24,2934.48,2934.9,199.34335006,2026-01-25 07:00:00+00:00
1769328000000,2934.9,2939.42,2918.0,2924.71,2249.28640046,2026-01-25 08:00:00+00:00
1769331600000,2924.7,2934.5,2922.19,2930.91,686.81077948,2026-01-25 09:00:00+00:00
1769335200000,2930.91,2942.86,2930.68,2940.85,360.15856882,2026-01-25 10:00:00+00:00
1769338800000,2940.85,2940.85,2927.93,2932.91,673.43849788,2026-01-25 11:00:00+00:00
1769342400000,2932.91,2939.01,2928.52,2937.9,562.72263948,2026-01-25 12:00:00+00:00
1769346000000,2937.91,2939.79,2931.47,2937.7,392.30157505,2026-01-25 13:00:00+00:00
1769349600000,2937.7,2937.7,2921.42,2928.91,1345.15092682,2026-01-25 14:00:00+00:00
1769353200000,2928.91,2931.11,2918.74,2922.79,287.33742482,2026-01-25 15:00:00+00:00
1769356800000,2922.8,2923.49,2873.36,2893.03,3851.27916218,2026-01-25 16:00:00+00:00
1769360400000,2893.03,2894.53,2875.96,2880.38,1652.30395177,2026-01-25 17:00:00+00:00
1769364000000,2880.39,2884.12,2822.53,2845.42,6971.24101824,2026-01-25 18:00:00+00:00
1769367600000,2844.13,2850.13,2794.97,2809.99,2377.30033213,2026-01-25 19:00:00+00:00
1769371200000,2809.99,2820.56,2784.51,2806.79,2842.38274593,2026-01-25 20:00:00+00:00
1769374800000,2806.71,2822.47,2799.53,2815.2,1907.02495078,2026-01-25 21:00:00+00:00
1769378400000,2815.21,2816.13,2786.67,2802.58,1016.97281735,2026-01-25 22:00:00+00:00
1769382000000,2804.06,2818.15,2784.3,2814.76,866.79918182,2026-01-25 23:00:00+00:00
1769385600000,2814.54,2843.63,2809.92,2838.56,1982.66775921,2026-01-26 00:00:00+00:00
1769389200000,2838.57,2894.36,2835.66,2878.53,1048.0555055,2026-01-26 01:00:00+00:00
1769392800000,2878.92,2881.6,2860.0,2861.0,1628.21789034,2026-01-26 02:00:00+00:00
1769396400000,2861.0,2867.39,2837.82,2845.66,859.99687055,2026-01-26 03:00:00+00:00
1769400000000,2845.67,2871.2,2845.67,2862.06,811.87853155,2026-01-26 04:00:00+00:00
1769403600000,2862.07,2868.87,2856.91,2866.26,388.2682492,2026-01-26 05:00:00+00:00
1769407200000,2866.26,2888.26,2863.74,2888.04,360.04299649,2026-01-26 06:00:00+00:00
1769410800000,2888.04,2906.8,2883.53,2899.94,691.11606363,2026-01-26 07:00:00+00:00
1769414400000,2900.7,2930.17,2894.65,2908.8,1378.37396109,2026-01-26 08:00:00+00:00
1769418000000,2909.22,2909.79,2877.79,2882.2,1027.83845786,2026-01-26 09:00:00+00:00
1769421600000,2882.35,2898.16,2881.46,2892.96,246.31094414,2026-01-26 10:00:00+00:00
1769425200000,2892.96,2897.39,2885.45,2888.76,259.12827749,2026-01-26 11:00:00+00:00
1769428800000,2889.11,2911.24,2889.11,2899.4,686.3915486,2026-01-26 12:00:00+00:00
1769432400000,2899.33,2908.39,2894.66,2907.11,201.80952127,2026-01-26 13:00:00+00:00
1769436000000,2906.73,2930.53,2873.2,2919.98,2876.95304042,2026-01-26 14:00:00+00:00
1769439600000,2919.98,2946.79,2884.6,2896.33,2610.69539192,2026-01-26 15:00:00+00:00
1769443200000,2896.15,2914.02,2889.24,2899.0,2174.3837786,2026-01-26 16:00:00+00:00
1769446800000,2898.58,2912.24,2883.54,2906.3,1471.54835773,2026-01-26 17:00:00+00:00
1769450400000,2906.3,2929.65,2905.43,2928.41,731.88101943,2026-01-26 18:00:00+00:00
1769454000000,2929.16,2932.99,2916.48,2919.84,892.64229825,2026-01-26 19:00:00+00:00
1769457600000,2919.84,2925.82,2896.0,2898.23,1420.08961462,2026-01-26 20:00:00+00:00
1769461200000,2898.8,2939.99,2893.37,2925.55,1242.57104147,2026-01-26 21:00:00+00:00
1769464800000,2925.72,2934.35,2916.64,2923.93,1581.44511244,2026-01-26 22:00:00+00:00
1769468400000,2923.31,2941.84,2915.2,2926.63,868.84914678,2026-01-26 23:00:00+00:00
1769472000000,2926.64,2927.78,2914.48,2917.42,522.52455727,2026-01-27 00:00:00+00:00
1769475600000,2917.42,2936.1,2909.32,2928.68,535.74809266,2026-01-27 01:00:00+00:00
1769479200000,2928.92,2943.0,2928.92,2941.56,510.95124531,2026-01-27 02:00:00+00:00
1769482800000,2941.57,2944.5,2933.25,2936.15,350.42686106,2026-01-27 03:00:00+00:00
1769486400000,2936.79,2953.08,2932.99,2937.27,325.92017793,2026-01-27 04:00:00+00:00
1769490000000,2937.27,2937.89,2930.16,2934.46,268.77276584,2026-01-27 05:00:00+00:00
1769493600000,2934.46,2938.37,2920.86,2925.06,274.74844726,2026-01-27 06:00:00+00:00
1769497200000,2925.53,2933.26,2923.49,2925.36,362.98290451,2026-01-27 07:00:00+00:00
1769500800000,2925.36,2928.37,2916.27,2919.14,465.64226859,2026-01-27 08:00:00+00:00
1769504400000,2919.1,2919.11,2903.73,2903.73,262.76423439,2026-01-27 09:00:00+00:00
1769508000000,2903.73,2910.65,2897.69,2899.29,592.66504317,2026-01-27 10:00:00+00:00
1769511600000,2899.21,2917.43,2896.11,2913.45,230.99069536,2026-01-27 11:00:00+00:00
1769515200000,2913.45,2923.38,2911.9,2913.94,2011.08739938,2026-01-27 12:00:00+00:00
1769518800000,2913.95,2915.54,2902.27,2908.6,236.09160466,2026-01-27 13:00:00+00:00
1769522400000,2908.6,2939.19,2903.46,2913.87,928.79400753,2026-01-27 14:00:00+00:00
1769526000000,2914.4,2937.27,2909.63,2933.71,2125.97920875,2026-01-27 15:00:00+00:00
1769529600000,2933.71,2994.04,2931.65,2986.65,2331.91484014,2026-01-27 16:00:00+00:00
1769533200000,2986.97,2990.1,2915.11,2926.21,1348.23663183,2026-01-27 17:00:00+00:00
1769536800000,2926.6,2984.36,2922.23,2974.2,1179.2737235,2026-01-27 18:00:00+00:00
1769540400000,2974.0,2987.49,2962.34,2975.96,987.63009686,2026-01-27 19:00:00+00:00
1769544000000,2975.97,3023.01,2974.83,3018.83,3568.17426506,2026-01-27 20:00:00+00:00
1769547600000,3017.96,3025.0,3001.7,3010.55,5271.50603557,2026-01-27 21:00:00+00:00
1769551200000,3010.62,3017.64,3000.54,3015.23,643.89159891,2026-01-27 22:00:00+00:00
1769554800000,3015.22,3030.78,3007.52,3022.12,2084.20327989,2026-01-27 23:00:00+00:00
1769558400000,3022.19,3024.89,3011.27,3018.46,1620.78555865,2026-01-28 00:00:00+00:00
1769562000000,3019.74,3022.25,3004.0,3013.83,463.85983082,2026-01-28 01:00:00+00:00
1769565600000,3013.87,3014.06,3001.75,3007.29,169.34034789,2026-01-28 02:00:00+00:00
1769569200000,3006.19,3007.66,2992.44,3000.82,642.67493186,2026-01-28 03:00:00+00:00
1769572800000,3000.83,3002.17,2988.91,2995.27,349.64161207,2026-01-28 04:00:00+00:00
1769576400000,2995.27,3004.2,2993.04,3000.32,418.72297659,2026-01-28 05:00:00+00:00
1769580000000,3000.26,3013.24,2999.53,3009.83,322.05393639,2026-01-28 06:00:00+00:00
1769583600000,3010.44,3010.45,2998.04,2999.99,2032.2965625,2026-01-28 07:00:00+00:00
1769587200000,3000.0,3001.0,2983.61,2986.11,9593.25805009,2026-01-28 08:00:00+00:00
1769590800000,2986.11,3012.89,2981.98,3012.89,785.25804438,2026-01-28 09:00:00+00:00
1769594400000,3013.32,3034.16,3008.74,3021.59,1386.41382041,2026-01-28 10:00:00+00:00
1769598000000,3021.59,3040.31,3011.07,3035.71,671.7194812,2026-01-28 11:00:00+00:00
1769601600000,3035.13,3035.51,3020.17,3026.96,1149.74894124,2026-01-28 12:00:00+00:00
1769605200000,3027.07,3040.36,3025.73,3030.27,561.08567571,2026-01-28 13:00:00+00:00
1769608800000,3030.27,3030.27,3004.0,3008.62,987.38863402,2026-01-28 14:00:00+00:00
1769612400000,3008.63,3015.53,2979.32,3003.41,818.57659577,2026-01-28 15:00:00+00:00
1769616000000,3003.41,3013.41,2992.24,2996.1,446.78806152,2026-01-28 16:00:00+00:00
1769619600000,2995.64,3026.72,2985.66,3011.24,491.92355565,2026-01-28 17:00:00+00:00
1769623200000,3010.56,3020.0,2996.29,3010.6,5206.54389114,2026-01-28 18:00:00+00:00
1769626800000,3011.19,3020.19,2993.59,3013.58,1766.83799998,2026-01-28 19:00:00+00:00
1769630400000,3012.54,3033.58,3003.9,3007.76,755.54747856,2026-01-28 20:00:00+00:00
1769634000000,3007.85,3018.29,2992.0,3016.0,892.10879926,2026-01-28 21:00:00+00:00
1769637600000,3016.07,3022.39,3004.25,3013.89,180.6958259,2026-01-28 22:00:00+00:00
1769641200000,3014.25,3017.9,3003.85,3006.19,600.50143111,2026-01-28 23:00:00+00:00
1769644800000,3006.13,3007.84,2992.01,3003.36,445.63064011,2026-01-29 00:00:00+00:00
1769648400000,3004.11,3006.35,2982.55,2988.18,446.4658746,2026-01-29 01:00:00+00:00
1769652000000,2988.18,2994.0,2941.09,2954.99,1409.96675053,2026-01-29 02:00:00+00:00
1769655600000,2954.99,2967.26,2942.88,2948.14,596.33337145,2026-01-29 03:00:00+00:00
1769659200000,2947.87,2955.74,2933.31,2954.8,922.42170475,2026-01-29 04:00:00+00:00
1769662800000,2954.87,2960.27,2943.43,2946.29,367.13422164,2026-01-29 05:00:00+00:00
1769666400000,2946.59,2954.8,2945.52,2951.5,792.58016379,2026-01-29 06:00:00+00:00
1769670000000,2951.5,2960.31,2951.15,2956.43,314.43414947,2026-01-29 07:00:00+00:00
1769673600000,2956.88,2964.49,2939.32,2948.32,642.56830664,2026-01-29 08:00:00+00:00
1769677200000,2948.0,2950.27,2938.38,2938.38,494.85596344,2026-01-29 09:00:00+00:00
1769680800000,2937.86,2944.21,2936.92,2939.68,457.0935305,2026-01-29 10:00:00+00:00
1769684400000,2939.69,2939.81,2919.73,2924.52,1601.70746316,2026-01-29 11:00:00+00:00
1769688000000,2924.29,2933.35,2921.5,2931.76,302.74479029,2026-01-29 12:00:00+00:00
1769691600000,2931.76,2934.36,2927.12,2930.95,351.81157757,2026-01-29 13:00:00+00:00
1769695200000,2930.95,2932.03,2871.75,2871.75,2599.0487387,2026-01-29 14:00:00+00:00
1769698800000,2871.75,2871.75,2792.46,2819.46,5029.64884234,2026-01-29 15:00:00+00:00
1769702400000,2819.59,2831.51,2797.4,2830.73,2836.71420981,2026-01-29 16:00:00+00:00
1769706000000,2830.73,2855.7,2814.0,2820.06,2021.5530661,2026-01-29 17:00:00+00:00
1769709600000,2820.09,2829.7,2750.67,2759.01,4980.46208042,2026-01-29 18:00:00+00:00
1769713200000,2759.01,2805.97,2753.9,2792.18,2834.10668043,2026-01-29 19:00:00+00:00
1769716800000,2792.27,2806.49,2784.73,2800.48,2563.86352229,2026-01-29 20:00:00+00:00
1769720400000,2800.87,2820.13,2800.67,2815.15,2610.96671386,2026-01-29 21:00:00+00:00
1769724000000,2814.92,2820.76,2806.53,2815.41,610.28767088,2026-01-29 22:00:00+00:00
1769727600000,2815.41,2822.85,2808.81,2817.93,610.20039295,2026-01-29 23:00:00+00:00
1769731200000,2817.64,2823.79,2798.3,2800.42,2143.13950418,2026-01-30 00:00:00+00:00
1769734800000,2800.41,2808.66,2680.0,2743.07,9015.36270214,2026-01-30 01:00:00+00:00
1769738400000,2742.99,2747.26,2692.64,2731.75,2318.36502885,2026-01-30 02:00:00+00:00
1769742000000,2732.12,2742.69,2730.0,2736.28,561.23478077,2026-01-30 03:00:00+00:00
1769745600000,2736.29,2769.24,2733.92,2748.13,951.85622784,2026-01-30 04:00:00+00:00
1769749200000,2748.13,2755.81,2742.67,2743.49,396.27983301,2026-01-30 05:00:00+00:00
1769752800000,2743.1,2743.1,2693.63,2714.58,2515.84935606,2026-01-30 06:00:00+00:00
1769756400000,2714.3,2745.43,2714.29,2736.2,1190.8300884,2026-01-30 07:00:00+00:00
1769760000000,2736.21,2742.89,2718.82,2731.53,417.73220585,2026-01-30 08:00:00+00:00
1769763600000,2733.13,2739.37,2706.62,2717.88,1141.95261817,2026-01-30 09:00:00+00:00
1769767200000,2717.42,2732.34,2708.44,2731.07,1672.26017497,2026-01-30 10:00:00+00:00
1769770800000,2731.07,2763.5,2730.38,2755.08,921.50719109,2026-01-30 11:00:00+00:00
1769774400000,2755.09,2761.16,2733.52,2736.01,336.41554513,2026-01-30 12:00:00+00:00
1769778000000,2736.01,2745.85,2715.54,2725.43,1158.31923995,2026-01-30 13:00:00+00:00
1769781600000,2725.36,2759.99,2720.89,2732.0,1579.32516161,2026-01-30 14:00:00+00:00
1769785200000,2733.61,2748.08,2689.37,2725.83,5627.44112661,2026-01-30 15:00:00+00:00
1769788800000,2725.21,2739.21,2702.22,2722.55,1794.43865979,2026-01-30 16:00:00+00:00
1769792400000,2722.4,2736.07,2702.63,2707.94,1270.70111776,2026-01-30 17:00:00+00:00
1769796000000,2708.21,2745.26,2631.54,2735.95,6186.61049337,2026-01-30 18:00:00+00:00
1769799600000,2736.0,2757.5,2731.29,2738.62,2042.18225274,2026-01-30 19:00:00+00:00
1769803200000,2738.62,2738.62,2661.27,2677.02,4245.48395048,2026-01-30 20:00:00+00:00
1769806800000,2676.67,2710.91,2673.26,2701.29,1586.00565163,2026-01-30 21:00:00+00:00
1769810400000,2700.87,2705.79,2689.11,2704.49,309.37885633,2026-01-30 22:00:00+00:00
1769814000000,2705.4,2706.88,2690.18,2702.42,656.94065052,2026-01-30 23:00:00+00:00
1769817600000,2702.42,2710.35,2698.99,2701.71,2790.3602173,2026-01-31 00:00:00+00:00
1769821200000,2701.74,2709.61,2694.95,2694.96,310.26005787,2026-01-31 01:00:00+00:00
1769824800000,2694.96,2703.6,2680.03,2697.46,653.88421931,2026-01-31 02:00:00+00:00
1769828400000,2697.6,2701.89,2690.43,2691.53,261.29528927,2026-01-31 03:00:00+00:00
1769832000000,2691.53,2700.49,2688.83,2690.94,285.86171514,2026-01-31 04:00:00+00:00
1769835600000,2690.94,2698.87,2686.7,2692.8,403.57941829,2026-01-31 05:00:00+00:00
1769839200000,2692.8,2696.04,2680.03,2688.26,463.07504574,2026-01-31 06:00:00+00:00
1769842800000,2688.07,2689.28,2663.88,2674.43,2169.26253044,2026-01-31 07:00:00+00:00
1769846400000,2674.88,2678.83,2605.22,2639.81,3494.24503612,2026-01-31 08:00:00+00:00
1769850000000,2639.72,2654.98,2630.08,2643.68,901.30434838,2026-01-31 09:00:00+00:00
1769853600000,2644.47,2650.92,2632.3,2647.09,722.81145831,2026-01-31 10:00:00+00:00
1769857200000,2647.1,2647.1,2630.29,2636.04,905.37411956,2026-01-31 11:00:00+00:00
1769860800000,2635.94,2639.7,2624.56,2628.9,1469.16946139,2026-01-31 12:00:00+00:00
1769864400000,2629.18,2632.65,2614.12,2624.62,1123.01076571,2026-01-31 13:00:00+00:00
1769868000000,2625.0,2631.97,2508.0,2534.36,9752.58868656,2026-01-31 14:00:00+00:00
1769871600000,2534.77,2550.35,2523.06,2530.37,1640.06944111,2026-01-31 15:00:00+00:00
1769875200000,2530.35,2546.71,2465.0,2479.31,5965.97215569,2026-01-31 16:00:00+00:00
1769878800000,2478.92,2490.9,2350.01,2398.7,13480.782528,2026-01-31 17:00:00+00:00
1769882400000,2399.53,2412.89,2230.0,2376.99,14059.25398212,2026-01-31 18:00:00+00:00
1769886000000,2377.86,2429.04,2369.93,2380.01,6864.56174485,2026-01-31 19:00:00+00:00
1769889600000,2380.01,2403.7,2352.08,2380.88,2054.00436435,2026-01-31 20:00:00+00:00
1769893200000,2379.34,2420.34,2370.27,2415.43,2102.7753501,2026-01-31 21:00:00+00:00
1769896800000,2416.8,2421.23,2403.55,2415.82,998.12964965,2026-01-31 22:00:00+00:00
1769900400000,2415.68,2471.85,2414.23,2448.6,2775.19156414,2026-01-31 23:00:00+00:00
1769904000000,2449.17,2473.24,2443.82,2449.07,1784.06420447,2026-02-01 00:00:00+00:00
1769907600000,2449.31,2453.11,2427.54,2442.09,1399.12268999,2026-02-01 01:00:00+00:00
1769911200000,2442.09,2457.77,2437.79,2450.83,597.20710962,2026-02-01 02:00:00+00:00
1769914800000,2449.77,2453.54,2436.21,2442.22,404.90213998,2026-02-01 03:00:00+00:00
1769918400000,2442.77,2451.51,2439.39,2446.37,263.08145891,2026-02-01 04:00:00+00:00
1769922000000,2445.59,2446.57,2422.8,2427.88,901.0151381,2026-02-01 05:00:00+00:00
1769925600000,2427.87,2436.56,2406.01,2416.27,654.05784959,2026-02-01 06:00:00+00:00
1769929200000,2416.27,2435.58,2390.93,2408.38,1760.21423673,2026-02-01 07:00:00+00:00
1769932800000,2408.38,2424.93,2394.47,2410.36,1236.67121582,2026-02-01 08:00:00+00:00
1769936400000,2410.28,2434.67,2404.82,2428.8,624.27429833,2026-02-01 09:00:00+00:00
1769940000000,2429.84,2436.5,2375.0,2378.4,2018.60382808,2026-02-01 10:00:00+00:00
1769943600000,2378.4,2420.78,2378.39,2409.99,395.88502803,2026-02-01 11:00:00+00:00
1769947200000,2409.94,2409.94,2379.51,2393.85,2597.00968894,2026-02-01 12:00:00+00:00
1769950800000,2393.86,2407.94,2368.01,2377.93,733.31829194,2026-02-01 13:00:00+00:00
1769954400000,2378.44,2386.74,2325.63,2370.95,3701.95515934,2026-02-01 14:00:00+00:00
1769958000000,2370.86,2370.86,2285.0,2312.26,3600.83755335,2026-02-01 15:00:00+00:00
1769961600000,2313.36,2330.16,2281.87,2302.46,2303.3975358,2026-02-01 16:00:00+00:00
1769965200000,2302.2,2319.05,2295.01,2312.36,1618.99364598,2026-02-01 17:00:00+00:00
1769968800000,2312.13,2374.56,2311.63,2349.45,2605.83040376,2026-02-01 18:00:00+00:00
1769972400000,2349.04,2354.03,2305.09,2318.31,1433.62504772,2026-02-01 19:00:00+00:00
1769976000000,2318.21,2346.6,2297.23,2313.88,1570.50083969,2026-02-01 20:00:00+00:00
1769979600000,2313.89,2316.51,2277.37,2287.73,1274.56498659,2026-02-01 21:00:00+00:00
1769983200000,2287.98,2332.28,2285.3,2316.28,3550.1118931,2026-02-01 22:00:00+00:00
1769986800000,2316.53,2318.36,2220.0,2267.31,5764.23068708,2026-02-01 23:00:00+00:00
1769990400000,2268.18,2321.21,2240.62,2291.1,3590.40146674,2026-02-02 00:00:00+00:00
1769994000000,2291.0,2315.65,2248.0,2289.07,1683.11325826,2026-02-02 01:00:00+00:00
1769997600000,2288.88,2297.04,2257.3,2258.37,1966.87740379,2026-02-02 02:00:00+00:00
1770001200000,2260.07,2264.87,2163.41,2236.89,9597.00101825,2026-02-02 03:00:00+00:00
1770004800000,2236.6,2266.82,2205.35,2237.76,4868.32601348,2026-02-02 04:00:00+00:00
1770008400000,2237.85,2239.93,2182.63,2196.56,3105.98790142,2026-02-02 05:00:00+00:00
1770012000000,2195.58,2237.22,2155.79,2221.72,4122.96728648,2026-02-02 06:00:00+00:00
1770015600000,2224.99,2250.0,2215.36,2226.12,1265.09864226,2026-02-02 07:00:00+00:00
1770019200000,2226.16,2256.33,2226.16,2247.19,1059.72753115,2026-02-02 08:00:00+00:00
1770022800000,2246.63,2315.31,2236.43,2287.77,4930.94676806,2026-02-02 09:00:00+00:00
1770026400000,2289.11,2296.23,2272.01,2275.51,1808.82066725,2026-02-02 10:00:00+00:00
1770030000000,2275.51,2295.55,2271.48,2279.08,1494.27690031,2026-02-02 11:00:00+00:00
1770033600000,2280.0,2315.0,2280.0,2309.4,1966.30027987,2026-02-02 12:00:00+00:00
1770037200000,2309.4,2333.35,2299.94,2326.98,2567.03279885,2026-02-02 13:00:00+00:00
1770040800000,2325.55,2364.27,2297.41,2326.76,6550.10562628,2026-02-02 14:00:00+00:00
1770044400000,2327.44,2394.3,2319.16,2370.59,6987.58861518,2026-02-02 15:00:00+00:00
1770048000000,2371.11,2385.37,2348.54,2357.41,4523.90854087,2026-02-02 16:00:00+00:00
1770051600000,2357.21,2379.08,2344.75,2355.09,1976.59595451,2026-02-02 17:00:00+00:00
1770055200000,2354.93,2357.76,2332.43,2343.11,3461.68868063,2026-02-02 18:00:00+00:00
1770058800000,2343.12,2348.64,2325.63,2330.09,1419.68137508,2026-02-02 19:00:00+00:00
1770062400000,2330.07,2338.24,2311.51,2319.59,2074.59895674,2026-02-02 20:00:00+00:00
1770066000000,2319.61,2342.67,2317.5,2340.27,1365.12751414,2026-02-02 21:00:00+00:00
1770069600000,2340.27,2352.23,2333.72,2349.09,708.23116054,2026-02-02 22:00:00+00:00
1770073200000,2349.56,2353.35,2337.95,2344.99,1522.80228044,2026-02-02 23:00:00+00:00
1770076800000,2344.83,2353.17,2323.84,2351.98,1221.93186524,2026-02-03 00:00:00+00:00
1770080400000,2351.67,2357.83,2336.01,2352.14,225.39754138,2026-02-03 01:00:00+00:00
1770084000000,2352.47,2352.72,2295.63,2296.89,4699.4197405,2026-02-03 02:00:00+00:00
1770087600000,2296.17,2342.39,2283.13,2341.4,2550.58910543,2026-02-03 03:00:00+00:00
1770091200000,2341.59,2352.67,2331.33,2343.44,695.89482555,2026-02-03 04:00:00+00:00
1770094800000,2343.35,2343.35,2312.93,2313.81,756.76905179,2026-02-03 05:00:00+00:00
1770098400000,2313.7,2326.9,2296.19,2318.86,918.02569627,2026-02-03 06:00:00+00:00
1770102000000,2318.19,2331.43,2312.13,2320.99,517.6189971,2026-02-03 07:00:00+00:00
1770105600000,2321.0,2330.37,2308.02,2313.78,468.67562167,2026-02-03 08:00:00+00:00
1770109200000,2314.17,2316.41,2260.58,2289.73,3226.64782206,2026-02-03 09:00:00+00:00
1770112800000,2289.96,2296.9,2275.31,2279.54,425.09609934,2026-02-03 10:00:00+00:00
1770116400000,2279.61,2285.44,2268.94,2274.39,626.56933331,2026-02-03 11:00:00+00:00
1770120000000,2274.36,2303.28,2270.04,2298.87,753.78301796,2026-02-03 12:00:00+00:00
1770123600000,2298.88,2314.5,2293.7,2310.45,523.89276097,2026-02-03 13:00:00+00:00
1770127200000,2309.24,2314.72,2253.05,2256.2,1586.025834,2026-02-03 14:00:00+00:00
1770130800000,2254.65,2312.36,2250.77,2301.44,2766.67773631,2026-02-03 15:00:00+00:00
1770134400000,2301.25,2301.25,2234.22,2239.91,4022.18145698,2026-02-03 16:00:00+00:00
1770138000000,2238.97,2242.05,2191.81,2191.92,2732.47710933,2026-02-03 17:00:00+00:00
1770141600000,2192.98,2203.6,2107.48,2118.25,8398.4050533,2026-02-03 18:00:00+00:00
1770145200000,2118.25,2215.08,2111.22,2203.79,6084.95538367,2026-02-03 19:00:00+00:00
1770148800000,2202.62,2341.9,2185.7,2296.97,7223.9508483,2026-02-03 20:00:00+00:00
1770152400000,2297.07,2333.71,2277.7,2281.09,2665.42969683,2026-02-03 21:00:00+00:00
1770156000000,2281.06,2282.04,2226.24,2233.32,1784.08350014,2026-02-03 22:00:00+00:00
1770159600000,2232.91,2244.78,2210.5,2230.61,2158.58662914,2026-02-03 23:00:00+00:00
1770163200000,2230.57,2253.32,2221.11,2237.99,362.60659693,2026-02-04 00:00:00+00:00
1770166800000,2238.0,2277.64,2238.0,2265.38,726.75272427,2026-02-04 01:00:00+00:00
1770170400000,2265.35,2272.74,2240.01,2249.35,510.1687071,2026-02-04 02:00:00+00:00
1770174000000,2248.54,2291.41,2246.73,2280.69,1569.95096312,2026-02-04 03:00:00+00:00
1770177600000,2280.0,2286.13,2268.31,2271.05,768.55887272,2026-02-04 04:00:00+00:00
1770181200000,2270.45,2277.25,2253.67,2262.25,376.84076091,2026-02-04 05:00:00+00:00
1770184800000,2262.26,2280.94,2255.48,2274.0,412.61361631,2026-02-04 06:00:00+00:00
1770188400000,2274.24,2293.8,2261.78,2280.92,10552.10843012,2026-02-04 07:00:00+00:00
1770192000000,2281.25,2283.04,2263.19,2276.63,2247.24575776,2026-02-04 08:00:00+00:00
1770195600000,2276.56,2276.58,2248.65,2256.9,409.36907438,2026-02-04 09:00:00+00:00
1770199200000,2257.89,2260.72,2247.62,2257.35,505.86240229,2026-02-04 10:00:00+00:00
1770202800000,2257.34,2257.7,2223.71,2253.2,1496.4516321,2026-02-04 11:00:00+00:00
1770206400000,2252.62,2259.44,2228.89,2240.41,689.86426658,2026-02-04 12:00:00+00:00
1770210000000,2240.63,2241.93,2194.52,2195.53,1437.75101768,2026-02-04 13:00:00+00:00
1770213600000,2195.01,2225.15,2166.8,2169.33,5108.72479035,2026-02-04 14:00:00+00:00
1770217200000,2169.13,2194.36,2133.46,2147.88,3875.9713597,2026-02-04 15:00:00+00:00
1770220800000,2148.64,2157.37,2102.73,2131.28,6890.54890528,2026-02-04 16:00:00+00:00
1770224400000,2131.97,2151.3,2089.45,2121.4,7435.93728234,2026-02-04 17:00:00+00:00
1770228000000,2121.67,2183.06,2073.0,2142.16,7947.66251955,2026-02-04 18:00:00+00:00
1770231600000,2143.67,2189.09,2129.7,2183.56,4258.66108241,2026-02-04 19:00:00+00:00
1770235200000,2183.77,2187.99,2157.76,2167.64,2256.50406617,2026-02-04 20:00:00+00:00
1770238800000,2167.79,2175.1,2103.96,2125.19,3962.80207806,2026-02-04 21:00:00+00:00
1770242400000,2124.78,2162.32,2084.21,2115.85,4366.9502126,2026-02-04 22:00:00+00:00
1770246000000,2116.08,2160.89,2110.51,2142.84,3215.25254946,2026-02-04 23:00:00+00:00
1770249600000,2143.46,2158.83,2132.32,2146.21,971.62556432,2026-02-05 00:00:00+00:00
1770253200000,2145.81,2168.33,2119.38,2143.09,1902.23636719,2026-02-05 01:00:00+00:00
1770256800000,2143.45,2158.36,2109.14,2119.39,2800.26328592,2026-02-05 02:00:00+00:00
1770260400000,2119.83,2131.71,2095.0,2107.07,2178.15889176,2026-02-05 03:00:00+00:00
1770264000000,2106.14,2121.59,2075.8,2100.18,2928.61300276,2026-02-05 04:00:00+00:00
1770267600000,2099.78,2119.22,2074.0,2096.93,2813.19682043,2026-02-05 05:00:00+00:00
1770271200000,2097.13,2102.76,2062.86,2084.0,3260.22824864,2026-02-05 06:00:00+00:00
1770274800000,2082.94,2119.14,2082.11,2087.5,2245.87595433,2026-02-05 07:00:00+00:00
1770278400000,2086.94,2116.61,2086.94,2107.74,772.69005441,2026-02-05 08:00:00+00:00
1770282000000,2107.9,2144.63,2106.44,2129.54,1122.6298789,2026-02-05 09:00:00+00:00
1770285600000,2130.13,2136.16,2083.45,2093.97,1250.74719822,2026-02-05 10:00:00+00:00
1770289200000,2093.87,2101.09,2058.22,2075.4,2440.09772724,2026-02-05 11:00:00+00:00
1770292800000,2075.4,2088.35,2038.51,2059.17,3831.15666999,2026-02-05 12:00:00+00:00
1770296400000,2059.86,2076.22,2045.63,2054.65,1378.31329325,2026-02-05 13:00:00+00:00
1770300000000,2056.01,2102.63,2040.0,2043.34,3932.77807687,2026-02-05 14:00:00+00:00
1770303600000,2043.21,2049.55,1923.64,1957.89,18098.15853962,2026-02-05 15:00:00+00:00
1770307200000,1957.89,2013.84,1941.54,1994.54,4725.60572843,2026-02-05 16:00:00+00:00
1770310800000,1995.0,1998.31,1940.92,1950.92,5161.54023358,2026-02-05 17:00:00+00:00
1770314400000,1950.97,1964.7,1910.09,1946.12,4566.167081,2026-02-05 18:00:00+00:00
1770318000000,1946.19,1949.13,1912.83,1924.45,2276.91360691,2026-02-05 19:00:00+00:00
1770321600000,1924.56,1938.65,1822.32,1865.77,11874.52009224,2026-02-05 20:00:00+00:00
1770325200000,1866.36,1929.14,1837.46,1847.39,5494.24346717,2026-02-05 21:00:00+00:00
1770328800000,1847.28,1885.45,1812.68,1867.47,7807.91525991,2026-02-05 22:00:00+00:00
1770332400000,1867.47,1903.93,1817.39,1823.85,5533.54177771,2026-02-05 23:00:00+00:00
1770336000000,1823.49,1890.17,1744.56,1868.9,12857.46325715,2026-02-06 00:00:00+00:00
1770339600000,1868.6,1938.46,1868.6,1929.88,4060.39392102,2026-02-06 01:00:00+00:00
1770343200000,1929.88,1945.49,1890.25,1905.47,1653.18015897,2026-02-06 02:00:00+00:00
1770346800000,1905.38,1915.0,1877.08,1889.61,2266.2514743,2026-02-06 03:00:00+00:00
1770350400000,1889.96,1915.85,1884.15,1906.87,1847.71463047,2026-02-06 04:00:00+00:00
1770354000000,1906.97,1972.4,1904.92,1956.47,3148.04751339,2026-02-06 05:00:00+00:00
1770357600000,1956.39,1964.78,1905.17,1906.4,1796.22155879,2026-02-06 06:00:00+00:00
1770361200000,1906.52,1912.95,1885.65,1897.38,2085.29743703,2026-02-06 07:00:00+00:00
1770364800000,1897.23,1903.42,1862.52,1872.48,2774.77722906,2026-02-06 08:00:00+00:00
1770368400000,1872.42,1927.19,1868.96,1916.79,4989.33288073,2026-02-06 09:00:00+00:00
1770372000000,1916.81,1933.05,1908.16,1924.58,2102.84996655,2026-02-06 10:00:00+00:00
1770375600000,1924.55,1935.92,1917.45,1930.77,1573.87354412,2026-02-06 11:00:00+00:00
1770379200000,1929.89,1929.89,1912.73,1918.8,1468.67989156,2026-02-06 12:00:00+00:00
1770382800000,1918.6,1960.12,1916.88,1948.17,3637.50726691,2026-02-06 13:00:00+00:00
1770386400000,1948.39,2000.56,1931.47,1978.04,3243.34861193,2026-02-06 14:00:00+00:00
1770390000000,1978.3,1996.06,1960.1,1979.58,4243.72294575,2026-02-06 15:00:00+00:00
1770393600000,1979.94,2046.36,1971.81,2035.63,6167.26663809,2026-02-06 16:00:00+00:00
1770397200000,2035.64,2089.97,2027.85,2066.47,5446.99346685,2026-02-06 17:00:00+00:00
1770400800000,2066.46,2069.55,2029.76,2042.79,3195.80913108,2026-02-06 18:00:00+00:00
1770404400000,2043.32,2069.99,2032.44,2064.12,2050.31726905,2026-02-06 19:00:00+00:00
1770408000000,2064.07,2091.99,2042.33,2054.51,2209.7899059,2026-02-06 20:00:00+00:00
1770411600000,2053.09,2060.19,2041.23,2051.83,811.29692276,2026-02-06 21:00:00+00:00
1770415200000,2052.8,2084.62,2044.66,2073.7,1180.80411515,2026-02-06 22:00:00+00:00
1770418800000,2072.99,2086.0,2049.44,2062.18,1258.19238879,2026-02-06 23:00:00+00:00
1770422400000,2062.19,2063.26,2035.64,2041.76,1505.44736517,2026-02-07 00:00:00+00:00
1770426000000,2042.24,2065.0,2031.87,2061.99,676.70263715,2026-02-07 01:00:00+00:00
1770429600000,2060.85,2063.25,2048.23,2058.36,292.51641909,2026-02-07 02:00:00+00:00
1770433200000,2058.41,2084.87,2057.46,2079.79,1631.16746505,2026-02-07 03:00:00+00:00
1770436800000,2079.77,2117.0,2078.01,2086.65,1491.5111638,2026-02-07 04:00:00+00:00
1770440400000,2086.25,2102.19,2076.18,2082.06,1009.27207247,2026-02-07 05:00:00+00:00
1770444000000,2082.13,2091.71,2047.01,2047.01,1126.97109568,2026-02-07 06:00:00+00:00
1770447600000,2047.02,2054.55,1993.48,2026.6,3366.2811445,2026-02-07 07:00:00+00:00
1770451200000,2026.47,2030.3,2015.14,2018.26,1000.33657641,2026-02-07 08:00:00+00:00
1770454800000,2019.16,2028.02,2004.18,2012.04,793.21090568,2026-02-07 09:00:00+00:00
1770458400000,2012.0,2018.17,1999.06,2009.63,301.30337066,2026-02-07 10:00:00+00:00
1770462000000,2009.52,2020.0,2005.52,2016.95,474.49781534,2026-02-07 11:00:00+00:00
1770465600000,2016.83,2073.74,2015.53,2041.02,2221.489193,2026-02-07 12:00:00+00:00
1770469200000,2039.94,2048.1,2026.9,2038.89,1052.30390173,2026-02-07 13:00:00+00:00
1770472800000,2039.46,2047.49,2008.64,2018.38,1474.89757473,2026-02-07 14:00:00+00:00
1770476400000,2018.51,2061.18,2013.18,2050.57,1085.8656986,2026-02-07 15:00:00+00:00
1770480000000,2050.87,2129.48,2007.54,2048.74,20370.55621353,2026-02-07 16:00:00+00:00
1770483600000,2048.76,2071.28,2032.27,2059.69,746.17449828,2026-02-07 17:00:00+00:00
1770487200000,2059.96,2108.14,2058.24,2094.79,1259.80685003,2026-02-07 18:00:00+00:00
1770490800000,2095.63,2099.34,2083.15,2089.83,776.0708547,2026-02-07 19:00:00+00:00
1770494400000,2089.91,2111.32,2083.43,2103.58,4236.84687367,2026-02-07 20:00:00+00:00
1770498000000,2103.85,2109.15,2096.44,2099.3,1139.50243206,2026-02-07 21:00:00+00:00
1770501600000,2099.31,2105.97,2086.46,2087.11,459.06150421,2026-02-07 22:00:00+00:00
1770505200000,2088.64,2093.68,2072.61,2086.26,744.83555817,2026-02-07 23:00:00+00:00
1770508800000,2086.13,2093.21,2076.0,2082.41,430.08503628,2026-02-08 00:00:00+00:00
1770512400000,2082.54,2096.39,2081.62,2094.98,206.69263177,2026-02-08 01:00:00+00:00
1770516000000,2095.03,2105.41,2081.7,2087.72,441.55797842,2026-02-08 02:00:00+00:00
1770519600000,2087.64,2091.39,2076.37,2077.2,242.30348715,2026-02-08 03:00:00+00:00
1770523200000,2077.42,2086.67,2064.97,2086.44,1115.48153534,2026-02-08 04:00:00+00:00
1770526800000,2086.15,2086.92,2077.9,2083.22,334.48317351,2026-02-08 05:00:00+00:00
1770530400000,2083.22,2087.03,2075.95,2078.13,293.10313013,2026-02-08 06:00:00+00:00
1770534000000,2078.57,2082.59,2066.87,2082.59,875.98015308,2026-02-08 07:00:00+00:00
1770537600000,2082.62,2122.35,2076.56,2114.08,788.81181671,2026-02-08 08:00:00+00:00
1770541200000,2114.52,2119.91,2094.23,2101.15,592.95153063,2026-02-08 09:00:00+00:00
1770544800000,2099.16,2111.74,2082.31,2094.68,472.03039353,2026-02-08 10:00:00+00:00
1770548400000,2094.67,2136.0,2093.02,2130.84,1075.75484361,2026-02-08 11:00:00+00:00
1770552000000,2131.0,2142.5,2124.43,2130.66,945.21026096,2026-02-08 12:00:00+00:00
1770555600000,2129.91,2139.01,2117.69,2125.22,1677.95344237,2026-02-08 13:00:00+00:00
1770559200000,2126.06,2128.06,2115.89,2127.25,361.16944157,2026-02-08 14:00:00+00:00
1770562800000,2127.42,2129.07,2096.61,2106.7,1018.58413544,2026-02-08 15:00:00+00:00
1770566400000,2106.7,2114.65,2071.6,2079.11,1097.8660183,2026-02-08 16:00:00+00:00
1770570000000,2079.51,2097.65,2078.94,2090.78,620.07022121,2026-02-08 17:00:00+00:00
1770573600000,2090.92,2119.87,2089.53,2108.97,861.0208429,2026-02-08 18:00:00+00:00
1770577200000,2107.86,2127.68,2106.11,2125.2,461.20953642,2026-02-08 19:00:00+00:00
1770580800000,2125.46,2125.46,2100.0,2103.49,758.09706018,2026-02-08 20:00:00+00:00
1770584400000,2103.43,2113.29,2088.91,2093.68,629.90274721,2026-02-08 21:00:00+00:00
1770588000000,2092.96,2110.0,2092.96,2106.69,805.34131468,2026-02-08 22:00:00+00:00
1770591600000,2106.78,2150.0,2071.15,2088.62,1468.10048203,2026-02-08 23:00:00+00:00
1770595200000,2088.49,2095.82,2074.97,2083.04,618.20765311,2026-02-09 00:00:00+00:00
1770598800000,2083.04,2099.0,2054.25,2069.9,2114.02987987,2026-02-09 01:00:00+00:00
1770602400000,2069.7,2093.57,2065.01,2079.25,806.28755721,2026-02-09 02:00:00+00:00
1770606000000,2079.7,2101.03,2079.7,2098.28,337.03862614,2026-02-09 03:00:00+00:00
1770609600000,2098.72,2100.57,2085.28,2089.12,867.80502804,2026-02-09 04:00:00+00:00
1770613200000,2088.77,2094.12,2082.65,2093.47,259.5267117,2026-02-09 05:00:00+00:00
1770616800000,2094.2,2094.47,2070.98,2079.79,558.30103554,2026-02-09 06:00:00+00:00
1770620400000,2080.02,2085.66,2063.18,2064.33,638.95904225,2026-02-09 07:00:00+00:00
1770624000000,2064.25,2068.0,2033.01,2048.99,1523.91684219,2026-02-09 08:00:00+00:00
1770627600000,2048.24,2055.27,2033.01,2040.35,405.86373143,2026-02-09 09:00:00+00:00
1770631200000,2040.35,2044.92,2012.09,2020.79,1824.05166654,2026-02-09 10:00:00+00:00
1770634800000,2020.71,2034.16,2019.11,2024.87,753.06128374,2026-02-09 11:00:00+00:00
1770638400000,2026.01,2037.24,2025.58,2033.92,235.640219,2026-02-09 12:00:00+00:00
1770642000000,2033.96,2047.32,2021.44,2021.44,645.39384302,2026-02-09 13:00:00+00:00
1770645600000,2021.06,2047.79,2008.0,2043.4,1433.6714791,2026-02-09 14:00:00+00:00
1770649200000,2043.12,2072.37,2029.27,2059.82,3937.11780582,2026-02-09 15:00:00+00:00
1770652800000,2060.48,2107.33,2046.83,2089.99,1323.67019301,2026-02-09 16:00:00+00:00
1770656400000,2090.16,2134.62,2077.23,2125.97,3131.36718005,2026-02-09 17:00:00+00:00
1770660000000,2126.06,2141.05,2108.32,2128.37,1835.02556652,2026-02-09 18:00:00+00:00
1770663600000,2129.11,2168.59,2119.0,2129.24,5562.90720685,2026-02-09 19:00:00+00:00
1770667200000,2130.39,2146.04,2117.26,2124.57,2517.13354541,2026-02-09 20:00:00+00:00
1770670800000,2123.8,2128.14,2088.26,2122.66,2141.23992416,2026-02-09 21:00:00+00:00
1770674400000,2121.17,2123.75,2110.47,2114.2,1153.36697494,2026-02-09 22:00:00+00:00
1770678000000,2113.94,2121.01,2101.0,2103.7,555.4191587,2026-02-09 23:00:00+00:00
1770681600000,2103.9,2111.54,2095.58,2096.53,228.34786213,2026-02-10 00:00:00+00:00
1770685200000,2095.83,2123.64,2095.04,2115.04,337.82821116,2026-02-10 01:00:00+00:00
1770688800000,2115.73,2120.58,2102.07,2106.28,136.50415089,2026-02-10 02:00:00+00:00
1770692400000,2107.09,2108.97,2051.86,2063.54,2581.03002639,2026-02-10 03:00:00+00:00
1770696000000,2063.6,2072.68,2061.46,2069.32,244.76634824,2026-02-10 04:00:00+00:00
1770699600000,2069.32,2070.23,2043.85,2051.53,602.42546079,2026-02-10 05:00:00+00:00
1770703200000,2051.74,2056.06,1997.08,2007.77,6551.26823483,2026-02-10 06:00:00+00:00
1770706800000,2007.78,2017.36,1998.93,2005.87,1011.76075548,2026-02-10 07:00:00+00:00
1770710400000,2005.95,2016.06,1993.9,2012.5,1263.8679896,2026-02-10 08:00:00+00:00
1770714000000,2012.7,2027.86,2008.76,2014.43,671.94862026,2026-02-10 09:00:00+00:00
1770717600000,2015.14,2020.21,2008.18,2012.75,870.70207877,2026-02-10 10:00:00+00:00
1770721200000,2012.76,2020.74,2000.26,2001.82,1178.12988311,2026-02-10 11:00:00+00:00
1770724800000,2001.74,2015.0,2001.21,2007.0,482.78411936,2026-02-10 12:00:00+00:00
1770728400000,2006.68,2025.88,1998.17,2021.3,1440.20839775,2026-02-10 13:00:00+00:00
1770732000000,2021.08,2038.85,1986.64,2008.46,1858.29838673,2026-02-10 14:00:00+00:00
1770735600000,2008.87,2029.23,2002.97,2022.34,1172.18779737,2026-02-10 15:00:00+00:00
1770739200000,2022.24,2036.8,2011.56,2025.38,987.18671831,2026-02-10 16:00:00+00:00
1770742800000,2025.39,2046.25,2017.1,2039.61,1181.58016423,2026-02-10 17:00:00+00:00
1770746400000,2039.76,2041.79,1995.22,2009.05,2651.14564484,2026-02-10 18:00:00+00:00
1770750000000,2008.33,2025.67,2003.09,2017.07,1100.68803545,2026-02-10 19:00:00+00:00
1770753600000,2017.37,2019.98,2003.85,2010.09,1560.44034493,2026-02-10 20:00:00+00:00
1770757200000,2010.6,2016.38,1996.89,2007.29,794.98996946,2026-02-10 21:00:00+00:00
1770760800000,2007.62,2018.98,2006.57,2017.49,320.00271334,2026-02-10 22:00:00+00:00
1770764400000,2016.65,2021.89,2011.57,2021.58,637.65887079,2026-02-10 23:00:00+00:00
1770768000000,2021.56,2029.01,2018.7,2025.0,701.41211301,2026-02-11 00:00:00+00:00
1770771600000,2024.34,2029.35,2015.8,2022.43,399.04484983,2026-02-11 01:00:00+00:00
1770775200000,2023.32,2030.35,2013.29,2016.11,476.8446591,2026-02-11 02:00:00+00:00
1770778800000,2016.71,2019.6,1989.04,2007.73,4162.12879798,2026-02-11 03:00:00+00:00
1770782400000,2008.14,2009.45,1962.54,1970.45,2198.2629336,2026-02-11 04:00:00+00:00
1770786000000,1970.67,1979.73,1970.67,1973.1,1211.61065879,2026-02-11 05:00:00+00:00
1770789600000,1973.61,1976.44,1938.01,1948.83,3146.07165391,2026-02-11 06:00:00+00:00
1770793200000,1947.37,1957.18,1944.73,1950.01,764.99193608,2026-02-11 07:00:00+00:00
1770796800000,1950.01,1951.23,1936.08,1949.64,790.69546879,2026-02-11 08:00:00+00:00
1770800400000,1949.26,1952.97,1942.54,1945.97,271.94537519,2026-02-11 09:00:00+00:00
1770804000000,1946.2,1946.2,1931.8,1938.11,2214.79723741,2026-02-11 10:00:00+00:00
1770807600000,1937.92,1955.25,1936.82,1952.84,442.17416589,2026-02-11 11:00:00+00:00
1770811200000,1952.85,1965.39,1948.78,1951.01,952.02431697,2026-02-11 12:00:00+00:00
1770814800000,1951.53,1968.74,1941.94,1960.43,1143.85465199,2026-02-11 13:00:00+00:00
1770818400000,1960.08,2014.72,1936.51,1943.01,3603.20785775,2026-02-11 14:00:00+00:00
1770822000000,1943.2,1948.67,1902.5,1929.43,2817.14613259,2026-02-11 15:00:00+00:00
1770825600000,1929.01,1954.75,1909.83,1914.59,1832.08761782,2026-02-11 16:00:00+00:00
1770829200000,1914.51,1941.12,1908.87,1929.25,846.53647674,2026-02-11 17:00:00+00:00
1770832800000,1929.21,1947.4,1914.8,1943.18,726.42695396,2026-02-11 18:00:00+00:00
1770836400000,1943.31,1961.16,1937.58,1951.44,4803.36737385,2026-02-11 19:00:00+00:00
1770840000000,1951.06,1957.72,1939.31,1952.01,971.22324536,2026-02-11 20:00:00+00:00
1770843600000,1953.4,1985.86,1950.0,1969.01,1511.69984529,2026-02-11 21:00:00+00:00
1770847200000,1969.02,1971.35,1946.99,1950.01,1230.06038274,2026-02-11 22:00:00+00:00
1770850800000,1950.41,1954.82,1931.74,1940.52,1207.53127331,2026-02-11 23:00:00+00:00
1770854400000,1940.2,1962.43,1940.06,1960.17,588.93813655,2026-02-12 00:00:00+00:00
1770858000000,1958.31,1976.76,1958.31,1964.67,204.5030151,2026-02-12 01:00:00+00:00
1770861600000,1964.68,1969.84,1954.88,1957.32,407.01243816,2026-02-12 02:00:00+00:00
1770865200000,1957.68,1968.12,1955.9,1968.12,170.54820425,2026-02-12 03:00:00+00:00
1770868800000,1967.57,1974.06,1959.61,1965.57,482.95131047,2026-02-12 04:00:00+00:00
1770872400000,1964.8,1970.6,1952.0,1968.94,465.92435093,2026-02-12 05:00:00+00:00
1770876000000,1969.02,1980.94,1965.14,1972.95,155.73160109,2026-02-12 06:00:00+00:00
1770879600000,1973.53,1976.38,1965.22,1967.17,233.77860232,2026-02-12 07:00:00+00:00
1770883200000,1967.2,1972.03,1956.9,1964.03,325.77982692,2026-02-12 08:00:00+00:00
1770886800000,1964.43,1988.9,1962.23,1981.4,990.47652435,2026-02-12 09:00:00+00:00
1770890400000,1981.19,1993.83,1976.71,1993.28,504.32770541,2026-02-12 10:00:00+00:00
1770894000000,1993.34,2000.0,1982.98,1989.46,763.68033671,2026-02-12 11:00:00+00:00
1770897600000,1988.28,1989.89,1974.66,1980.31,330.22775964,2026-02-12 12:00:00+00:00
1770901200000,1980.19,1994.99,1975.2,1994.19,597.86790465,2026-02-12 13:00:00+00:00
1770904800000,1994.06,1994.91,1973.1,1977.69,446.16759361,2026-02-12 14:00:00+00:00
1770908400000,1977.98,1983.91,1944.61,1947.52,1615.27171242,2026-02-12 15:00:00+00:00
1770912000000,1948.18,1949.09,1895.7,1908.41,3154.65248837,2026-02-12 16:00:00+00:00
1770915600000,1908.56,1927.26,1901.79,1908.15,890.98951611,2026-02-12 17:00:00+00:00
1770919200000,1909.24,1923.86,1900.89,1917.56,787.83719607,2026-02-12 18:00:00+00:00
1770922800000,1917.56,1938.95,1910.91,1923.88,1848.18976253,2026-02-12 19:00:00+00:00
1770926400000,1924.22,1930.75,1908.42,1913.81,375.23647092,2026-02-12 20:00:00+00:00
1770930000000,1914.63,1926.27,1913.82,1921.53,586.32712214,2026-02-12 21:00:00+00:00
1770933600000,1922.16,1943.5,1919.08,1943.0,552.11941881,2026-02-12 22:00:00+00:00
1770937200000,1941.51,1950.61,1937.74,1946.08,1358.00206732,2026-02-12 23:00:00+00:00
1770940800000,1946.38,1953.32,1927.2,1932.23,692.57868571,2026-02-13 00:00:00+00:00
1770944400000,1931.71,1948.26,1931.71,1941.05,223.04822879,2026-02-13 01:00:00+00:00
1770948000000,1942.09,1949.79,1939.85,1946.84,319.26490878,2026-02-13 02:00:00+00:00
1770951600000,1946.84,1956.45,1942.68,1951.76,306.50068128,2026-02-13 03:00:00+00:00
1770955200000,1951.76,1953.82,1942.55,1942.55,384.74545512,2026-02-13 04:00:00+00:00
1770958800000,1943.66,1945.17,1932.07,1932.1,223.52562136,2026-02-13 05:00:00+00:00
1770962400000,1932.65,1937.03,1923.57,1935.55,434.25043239,2026-02-13 06:00:00+00:00
1770966000000,1935.55,1947.18,1931.9,1934.43,480.62555169,2026-02-13 07:00:00+00:00
1770969600000,1934.43,1962.88,1933.07,1956.38,859.60266689,2026-02-13 08:00:00+00:00
1770973200000,1957.77,1964.93,1951.88,1960.27,357.33015149,2026-02-13 09:00:00+00:00
1770976800000,1960.71,1967.38,1955.35,1957.91,341.60372387,2026-02-13 10:00:00+00:00
1770980400000,1957.85,1960.51,1945.03,1958.62,392.31837387,2026-02-13 11:00:00+00:00
1770984000000,1958.81,1962.97,1951.66,1959.38,256.78937906,2026-02-13 12:00:00+00:00
1770987600000,1959.54,1979.08,1955.21,1969.16,1874.92986252,2026-02-13 13:00:00+00:00
1770991200000,1969.23,2000.73,1962.26,1989.18,2073.58908392,2026-02-13 14:00:00+00:00
1770994800000,1989.68,2049.02,1986.33,2033.59,2644.742977,2026-02-13 15:00:00+00:00
1770998400000,2034.15,2071.71,2031.22,2059.98,1475.97116145,2026-02-13 16:00:00+00:00
1771002000000,2060.68,2065.95,2048.06,2058.39,1482.58165993,2026-02-13 17:00:00+00:00
1771005600000,2058.39,2063.04,2049.3,2056.52,1567.53773267,2026-02-13 18:00:00+00:00
1771009200000,2056.52,2060.77,2051.86,2057.3,575.60551098,2026-02-13 19:00:00+00:00
1771012800000,2057.11,2058.59,2038.95,2044.66,597.41126053,2026-02-13 20:00:00+00:00
1771016400000,2044.8,2057.76,2044.34,2053.44,408.41770104,2026-02-13 21:00:00+00:00
1771020000000,2053.04,2057.91,2044.54,2052.44,440.2035364,2026-02-13 22:00:00+00:00
1771023600000,2052.61,2053.16,2045.55,2047.86,321.51043889,2026-02-13 23:00:00+00:00
1771027200000,2047.68,2054.79,2041.95,2054.21,237.24324242,2026-02-14 00:00:00+00:00
1771030800000,2054.28,2056.52,2049.82,2053.31,261.42809851,2026-02-14 01:00:00+00:00
1771034400000,2053.51,2053.63,2047.22,2049.51,169.09109335,2026-02-14 02:00:00+00:00
1771038000000,2049.47,2054.9,2047.66,2053.41,90.59323891,2026-02-14 03:00:00+00:00
1771041600000,2053.55,2056.73,2052.01,2052.78,97.28761434,2026-02-14 04:00:00+00:00
1771045200000,2052.79,2055.53,2050.05,2050.38,93.21393573,2026-02-14 05:00:00+00:00
1771048800000,2050.38,2053.56,2048.0,2052.61,152.14294127,2026-02-14 06:00:00+00:00
1771052400000,2052.89,2059.88,2050.01,2056.46,100.9343684,2026-02-14 07:00:00+00:00
1771056000000,2056.46,2090.0,2056.46,2081.55,2106.58877666,2026-02-14 08:00:00+00:00
1771059600000,2081.54,2087.62,2075.57,2077.95,224.71652903,2026-02-14 09:00:00+00:00
1771063200000,2077.28,2077.28,2072.26,2076.36,140.8052163,2026-02-14 10:00:00+00:00
1771066800000,2076.36,2106.0,2076.1,2097.81,667.47842685,2026-02-14 11:00:00+00:00
1771070400000,2098.57,2099.05,2067.92,2069.95,836.86279109,2026-02-14 12:00:00+00:00
1771074000000,2070.12,2075.76,2064.26,2070.68,419.81263079,2026-02-14 13:00:00+00:00
1771077600000,2070.87,2087.85,2069.3,2085.1,568.17385088,2026-02-14 14:00:00+00:00
1771081200000,2085.1,2093.62,2080.68,2087.12,1021.19500093,2026-02-14 15:00:00+00:00
1771084800000,2087.1,2087.1,2067.42,2081.77,328.98024791,2026-02-14 16:00:00+00:00
1771088400000,2082.16,2087.74,2077.01,2079.54,400.82578723,2026-02-14 17:00:00+00:00
1771092000000,2079.6,2085.4,2078.32,2083.53,734.35905533,2026-02-14 18:00:00+00:00
1771095600000,2084.94,2089.91,2078.05,2087.57,1225.64993441,2026-02-14 19:00:00+00:00
1771099200000,2087.95,2091.3,2080.81,2088.76,373.26399067,2026-02-14 20:00:00+00:00
1771102800000,2088.76,2098.05,2078.07,2084.94,932.35233022,2026-02-14 21:00:00+00:00
1771106400000,2085.11,2093.6,2082.98,2089.71,386.39773704,2026-02-14 22:00:00+00:00
1771110000000,2088.84,2092.0,2082.91,2085.56,140.2315199,2026-02-14 23:00:00+00:00
1771113600000,2085.86,2088.73,2072.0,2078.93,427.84616033,2026-02-15 00:00:00+00:00
1771117200000,2079.07,2083.98,2053.23,2062.76,1002.04020344,2026-02-15 01:00:00+00:00
1771120800000,2063.27,2071.1,2044.4,2060.0,1191.33779941,2026-02-15 02:00:00+00:00
1771124400000,2058.81,2062.05,2035.78,2058.54,3705.96718437,2026-02-15 03:00:00+00:00
1771128000000,2058.62,2086.69,2058.62,2075.42,1379.97654066,2026-02-15 04:00:00+00:00
1771131600000,2076.03,2095.11,2074.77,2088.16,259.33769288,2026-02-15 05:00:00+00:00
1771135200000,2088.16,2093.55,2082.09,2085.44,1119.22171988,2026-02-15 06:00:00+00:00
1771138800000,2085.43,2101.87,2082.52,2090.12,807.9296867,2026-02-15 07:00:00+00:00
1771142400000,2090.89,2095.86,2055.57,2068.46,1108.19789958,2026-02-15 08:00:00+00:00
1771146000000,2068.47,2077.12,2066.29,2067.69,238.01656239,2026-02-15 09:00:00+00:00
1771149600000,2067.7,2069.46,2053.82,2060.44,517.28019888,2026-02-15 10:00:00+00:00
1771153200000,2060.45,2066.05,2058.34,2061.38,158.1420014,2026-02-15 11:00:00+00:00
1771156800000,2061.38,2067.24,2010.67,2010.67,1024.26245577,2026-02-15 12:00:00+00:00
1771160400000,2010.29,2027.01,1993.51,2001.54,1984.21184857,2026-02-15 13:00:00+00:00
1771164000000,2000.74,2011.37,1992.29,2009.5,471.50387979,2026-02-15 14:00:00+00:00
1771167600000,2009.57,2013.95,2002.5,2010.6,1297.67913862,2026-02-15 15:00:00+00:00
1771171200000,2010.68,2010.68,1993.77,2006.13,1473.28372432,2026-02-15 16:00:00+00:00
1771174800000,2006.13,2008.31,1956.11,1970.45,1953.36112631,2026-02-15 17:00:00+00:00
1771178400000,1970.45,1980.0,1953.37,1959.04,3143.11465812,2026-02-15 18:00:00+00:00
1771182000000,1958.59,1961.26,1928.0,1941.55,1873.31191909,2026-02-15 19:00:00+00:00
1771185600000,1941.45,1956.68,1933.53,1949.21,614.98773471,2026-02-15 20:00:00+00:00
1771189200000,1949.43,1965.0,1949.2,1958.33,326.32843926,2026-02-15 21:00:00+00:00
1771192800000,1958.01,1973.45,1955.42,1968.92,586.37522692,2026-02-15 22:00:00+00:00
1771196400000,1969.37,1969.37,1943.31,1965.46,516.23823798,2026-02-15 23:00:00+00:00
1771200000000,1965.82,1978.0,1962.58,1968.34,402.45916955,2026-02-16 00:00:00+00:00
1771203600000,1968.94,1979.84,1956.08,1962.31,269.23998734,2026-02-16 01:00:00+00:00
1771207200000,1962.4,1965.92,1952.72,1956.23,236.79075235,2026-02-16 02:00:00+00:00
1771210800000,1955.7,1958.96,1948.51,1958.0,227.75516948,2026-02-16 03:00:00+00:00
1771214400000,1958.22,1971.97,1957.78,1971.97,225.88069307,2026-02-16 04:00:00+00:00
1771218000000,1972.26,1973.36,1952.27,1957.07,250.08428771,2026-02-16 05:00:00+00:00
1771221600000,1957.12,1966.89,1956.03,1966.74,94.60697343,2026-02-16 06:00:00+00:00
1771225200000,1966.06,1978.1,1964.14,1970.29,513.01960689,2026-02-16 07:00:00+00:00
1771228800000,1970.67,1977.22,1969.24,1976.86,108.93185488,2026-02-16 08:00:00+00:00
1771232400000,1976.49,1992.53,1975.98,1986.41,457.69961218,2026-02-16 09:00:00+00:00
1771236000000,1986.41,1987.89,1976.98,1978.42,340.37414002,2026-02-16 10:00:00+00:00
1771239600000,1978.42,1982.44,1957.23,1975.86,775.49854954,2026-02-16 11:00:00+00:00
1771243200000,1976.1,2008.06,1971.95,2005.62,868.98494653,2026-02-16 12:00:00+00:00
1771246800000,2005.62,2021.74,1960.66,1966.86,1157.14999977,2026-02-16 13:00:00+00:00
1771250400000,1967.03,1981.61,1954.3,1972.26,562.17871787,2026-02-16 14:00:00+00:00
1771254000000,1972.06,1984.4,1937.5,1955.56,818.08764786,2026-02-16 15:00:00+00:00
1771257600000,1955.99,1978.22,1955.72,1972.65,464.1225634,2026-02-16 16:00:00+00:00
1771261200000,1972.86,1987.49,1963.61,1978.29,924.62049227,2026-02-16 17:00:00+00:00
1771264800000,1978.32,1985.0,1967.01,1967.85,377.9746279,2026-02-16 18:00:00+00:00
1771268400000,1967.86,1978.77,1965.94,1973.46,217.63071103,2026-02-16 19:00:00+00:00
1771272000000,1973.39,1993.68,1970.45,1992.67,555.43771534,2026-02-16 20:00:00+00:00
1771275600000,1992.5,2003.8,1985.8,1999.23,3067.7993601,2026-02-16 21:00:00+00:00
1771279200000,1998.67,2001.6,1984.64,1989.41,1282.76398088,2026-02-16 22:00:00+00:00
1771282800000,1989.5,2001.67,1988.3,1997.94,650.64133558,2026-02-16 23:00:00+00:00
1771286400000,1997.64,2004.8,1992.91,1997.9,125.3551479,2026-02-17 00:00:00+00:00
1771290000000,1997.91,2006.87,1990.79,1991.72,215.58011126,2026-02-17 01:00:00+00:00
1771293600000,1991.42,2009.73,1978.91,1997.96,457.44172028,2026-02-17 02:00:00+00:00
1771297200000,1997.82,1998.07,1984.65,1984.93,232.44175038,2026-02-17 03:00:00+00:00
1771300800000,1985.0,1998.37,1982.5,1988.62,277.6185292,2026-02-17 04:00:00+00:00
1771304400000,1988.63,1989.75,1964.38,1974.0,296.10765025,2026-02-17 05:00:00+00:00
1771308000000,1974.0,1983.33,1974.0,1980.65,227.68629345,2026-02-17 06:00:00+00:00
1771311600000,1980.31,1987.41,1973.03,1985.01,215.66888904,2026-02-17 07:00:00+00:00
1771315200000,1985.01,1989.72,1973.3,1976.07,386.58836558,2026-02-17 08:00:00+00:00
1771318800000,1976.12,1979.26,1969.25,1974.6,337.36502465,2026-02-17 09:00:00+00:00
1771322400000,1974.6,1976.1,1961.25,1965.94,291.85577467,2026-02-17 10:00:00+00:00
1771326000000,1965.94,1971.64,1963.72,1967.42,379.18317698,2026-02-17 11:00:00+00:00
1771329600000,1967.78,1976.07,1966.69,1968.45,451.30432731,2026-02-17 12:00:00+00:00
1771333200000,1968.56,2000.0,1964.49,1990.0,1123.72725218,2026-02-17 13:00:00+00:00
1771336800000,1989.6,2002.0,1943.42,1947.54,2203.03197053,2026-02-17 14:00:00+00:00
1771340400000,1948.06,1967.99,1941.24,1967.96,1550.05952751,2026-02-17 15:00:00+00:00
1771344000000,1968.32,2008.9,1967.49,1979.64,2541.1084326,2026-02-17 16:00:00+00:00
1771347600000,1979.76,1982.47,1953.53,1965.8,1337.31042092,2026-02-17 17:00:00+00:00
1771351200000,1965.64,2006.43,1961.61,1998.44,1986.93483475,2026-02-17 18:00:00+00:00
1771354800000,1997.82,2014.02,1994.61,1997.31,1109.02442352,2026-02-17 19:00:00+00:00
1771358400000,1997.38,2000.7,1986.15,1995.05,1575.73396655,2026-02-17 20:00:00+00:00
1771362000000,1994.37,2001.84,1992.0,1999.1,180.79363609,2026-02-17 21:00:00+00:00
1771365600000,1999.09,2003.0,1992.06,1993.21,165.09245709,2026-02-17 22:00:00+00:00
1771369200000,1993.19,1997.16,1989.08,1991.84,270.80850264,2026-02-17 23:00:00+00:00
1771372800000,1991.2,1996.61,1980.5,1980.5,428.57564544,2026-02-18 00:00:00+00:00
1771376400000,1980.91,1982.95,1967.94,1977.2,815.87981572,2026-02-18 01:00:00+00:00
1771380000000,1977.2,1991.99,1977.11,1986.7,1065.01053358,2026-02-18 02:00:00+00:00
1771383600000,1986.75,1999.38,1985.86,1996.45,350.51109719,2026-02-18 03:00:00+00:00
1771387200000,1996.15,2001.52,1992.81,1998.33,65.969789,2026-02-18 04:00:00+00:00
1771390800000,1998.33,2001.75,1995.27,1995.48,179.87242238,2026-02-18 05:00:00+00:00
1771394400000,1995.48,2006.78,1994.81,2001.18,251.3140232,2026-02-18 06:00:00+00:00
1771398000000,2001.19,2022.23,1995.86,2017.27,483.50415411,2026-02-18 07:00:00+00:00
1771401600000,2017.44,2038.21,2016.59,2019.61,558.48376432,2026-02-18 08:00:00+00:00
1771405200000,2019.68,2021.61,2015.38,2015.6,168.92142188,2026-02-18 09:00:00+00:00
1771408800000,2015.97,2017.33,1995.18,1996.2,718.3557403,2026-02-18 10:00:00+00:00
1771412400000,1996.2,1997.21,1976.24,1981.36,439.29644366,2026-02-18 11:00:00+00:00
1771416000000,1981.01,1988.49,1971.66,1981.57,531.56642556,2026-02-18 12:00:00+00:00
1771419600000,1981.66,1990.88,1961.0,1969.9,509.34422406,2026-02-18 13:00:00+00:00
1771423200000,1969.93,1976.49,1953.42,1973.43,1291.02019735,2026-02-18 14:00:00+00:00
1771426800000,1974.34,2009.0,1972.66,1985.17,1966.04729308,2026-02-18 15:00:00+00:00
1771430400000,1984.91,1984.91,1964.83,1971.0,1027.21734332,2026-02-18 16:00:00+00:00
1771434000000,1970.94,1986.59,1970.02,1973.19,478.88598141,2026-02-18 17:00:00+00:00
1771437600000,1973.54,1976.76,1948.0,1952.0,2668.96795993,2026-02-18 18:00:00+00:00
1771441200000,1951.57,1960.38,1922.94,1940.4,2928.39354382,2026-02-18 19:00:00+00:00
1771444800000,1940.4,1951.46,1935.16,1938.85,911.64787433,2026-02-18 20:00:00+00:00
1771448400000,1938.85,1947.15,1935.08,1941.04,495.04948963,2026-02-18 21:00:00+00:00
1771452000000,1941.04,1949.36,1939.07,1947.21,414.16580079,2026-02-18 22:00:00+00:00
1771455600000,1947.41,1955.45,1943.94,1955.31,501.5856113,2026-02-18 23:00:00+00:00
1771459200000,1955.29,1959.89,1949.38,1955.27,415.35583574,2026-02-19 00:00:00+00:00
1771462800000,1955.55,1973.49,1955.5,1966.25,723.20052193,2026-02-19 01:00:00+00:00
1771466400000,1966.25,1971.95,1962.03,1967.47,215.52590688,2026-02-19 02:00:00+00:00
1771470000000,1967.15,1972.42,1962.34,1971.52,114.97186809,2026-02-19 03:00:00+00:00
1771473600000,1971.75,1977.83,1968.28,1969.01,292.88389927,2026-02-19 04:00:00+00:00
1771477200000,1969.01,1971.66,1963.76,1969.86,258.58843806,2026-02-19 05:00:00+00:00
1771480800000,1969.75,1983.99,1969.39,1982.25,775.36982882,2026-02-19 06:00:00+00:00
1771484400000,1982.41,1986.0,1978.53,1981.0,166.23037437,2026-02-19 07:00:00+00:00
1771488000000,1980.98,1980.98,1965.62,1969.56,354.19591656,2026-02-19 08:00:00+00:00
1771491600000,1970.01,1979.59,1961.45,1962.94,449.61815658,2026-02-19 09:00:00+00:00
1771495200000,1962.93,1967.28,1957.59,1958.75,599.64674012,2026-02-19 10:00:00+00:00
1771498800000,1958.85,1963.39,1948.25,1948.78,819.77330642,2026-02-19 11:00:00+00:00
1771502400000,1948.85,1954.56,1944.87,1946.87,570.51961083,2026-02-19 12:00:00+00:00
1771506000000,1946.68,1947.67,1911.72,1920.77,1069.60737251,2026-02-19 13:00:00+00:00
1771509600000,1920.8,1946.62,1912.34,1933.88,957.98436578,2026-02-19 14:00:00+00:00
1771513200000,1936.62,1946.51,1912.84,1925.8,1390.63193129,2026-02-19 15:00:00+00:00
1771516800000,1925.73,1929.36,1905.46,1921.55,1486.81161044,2026-02-19 16:00:00+00:00
1771520400000,1921.27,1943.52,1910.15,1920.4,1383.27922868,2026-02-19 17:00:00+00:00
1771524000000,1920.1,1942.55,1916.6,1938.85,1001.99375818,2026-02-19 18:00:00+00:00
1771527600000,1939.29,1947.39,1927.53,1940.96,615.80476075,2026-02-19 19:00:00+00:00
1771531200000,1940.52,1951.91,1934.29,1948.01,841.19296747,2026-02-19 20:00:00+00:00
1771534800000,1950.22,1951.63,1945.56,1947.3,1499.15440458,2026-02-19 21:00:00+00:00
1771538400000,1947.58,1948.02,1936.01,1944.2,236.54308888,2026-02-19 22:00:00+00:00
1771542000000,1943.51,1950.54,1941.49,1948.33,222.46365929,2026-02-19 23:00:00+00:00
1771545600000,1948.37,1963.0,1946.89,1957.51,2912.1394033,2026-02-20 00:00:00+00:00
1771549200000,1956.93,1960.59,1949.25,1952.89,194.38465852,2026-02-20 01:00:00+00:00
1771552800000,1953.03,1955.87,1947.64,1949.85,291.10157282,2026-02-20 02:00:00+00:00
1771556400000,1949.16,1959.68,1949.15,1954.14,247.61141125,2026-02-20 03:00:00+00:00
1771560000000,1954.04,1955.45,1930.89,1938.58,861.78929341,2026-02-20 04:00:00+00:00
1771563600000,1938.58,1965.61,1935.81,1954.61,2500.7066801,2026-02-20 05:00:00+00:00
1771567200000,1954.62,1959.25,1949.28,1957.81,1917.5053732,2026-02-20 06:00:00+00:00
1771570800000,1957.82,1970.0,1956.51,1961.98,15321.86658963,2026-02-20 07:00:00+00:00
1771574400000,1960.96,1965.9,1957.19,1959.87,1081.72261793,2026-02-20 08:00:00+00:00
1771578000000,1959.7,1971.34,1959.69,1967.85,1191.38830221,2026-02-20 09:00:00+00:00
1771581600000,1967.81,1972.88,1956.49,1956.5,481.70910256,2026-02-20 10:00:00+00:00
1771585200000,1956.5,1957.6,1940.13,1942.78,846.80103633,2026-02-20 11:00:00+00:00
1771588800000,1943.5,1950.86,1941.97,1949.27,441.18982503,2026-02-20 12:00:00+00:00
1771592400000,1949.27,1949.27,1922.66,1934.11,1603.82893944,2026-02-20 13:00:00+00:00
1771596000000,1933.85,1953.74,1932.69,1943.26,1719.58899756,2026-02-20 14:00:00+00:00
1771599600000,1943.46,1980.76,1935.39,1963.26,2408.90705102,2026-02-20 15:00:00+00:00
1771603200000,1963.8,1972.67,1953.38,1969.21,1394.91497432,2026-02-20 16:00:00+00:00
1771606800000,1968.45,1969.95,1938.84,1966.04,2762.61869166,2026-02-20 17:00:00+00:00
1771610400000,1966.04,1980.5,1960.0,1975.46,2754.05960492,2026-02-20 18:00:00+00:00
1771614000000,1975.23,1977.61,1960.95,1963.12,2416.07210317,2026-02-20 19:00:00+00:00
1771617600000,1963.12,1970.78,1962.47,1970.78,1232.08865647,2026-02-20 20:00:00+00:00
1771621200000,1970.79,1974.3,1966.83,1973.67,602.52175392,2026-02-20 21:00:00+00:00
1771624800000,1973.67,1973.67,1964.13,1968.61,326.01909705,2026-02-20 22:00:00+00:00
1771628400000,1970.63,1972.61,1963.15,1968.71,294.08274495,2026-02-20 23:00:00+00:00
1771632000000,1968.35,1968.35,1961.0,1961.76,1923.04813434,2026-02-21 00:00:00+00:00
1771635600000,1961.76,1968.19,1961.76,1965.24,739.41435997,2026-02-21 01:00:00+00:00
1771639200000,1965.24,1971.01,1964.08,1965.64,2506.61835128,2026-02-21 02:00:00+00:00
1771642800000,1965.21,1965.21,1955.34,1958.22,268.47170442,2026-02-21 03:00:00+00:00
1771646400000,1958.22,1962.24,1955.39,1961.71,66.78700389,2026-02-21 04:00:00+00:00
1771650000000,1961.76,1963.53,1960.77,1962.35,124.82328078,2026-02-21 05:00:00+00:00
1771653600000,1962.4,1965.3,1960.17,1961.03,107.38699223,2026-02-21 06:00:00+00:00
1771657200000,1960.88,1964.09,1959.43,1962.3,258.7018116,2026-02-21 07:00:00+00:00
1771660800000,1962.29,1970.52,1962.02,1968.67,777.68184152,2026-02-21 08:00:00+00:00
1771664400000,1968.56,1976.82,1966.92,1970.09,544.88890044,2026-02-21 09:00:00+00:00
1771668000000,1970.1,1974.0,1970.09,1973.84,181.37015642,2026-02-21 10:00:00+00:00
1771671600000,1973.84,1987.5,1973.44,1976.82,450.92733439,2026-02-21 11:00:00+00:00
1771675200000,1976.65,1977.97,1969.52,1975.26,266.53864198,2026-02-21 12:00:00+00:00
1771678800000,1975.27,1980.95,1972.48,1980.95,862.87628422,2026-02-21 13:00:00+00:00
1771682400000,1980.75,1994.62,1978.36,1987.26,1131.46250955,2026-02-21 14:00:00+00:00
1771686000000,1987.02,1992.54,1983.9,1987.6,231.31234218,2026-02-21 15:00:00+00:00
1771689600000,1987.56,1988.86,1976.64,1985.05,619.71163367,2026-02-21 16:00:00+00:00
1771693200000,1985.78,1991.59,1984.0,1987.87,231.31680765,2026-02-21 17:00:00+00:00
1771696800000,1987.88,1994.97,1987.71,1991.31,375.49418155,2026-02-21 18:00:00+00:00
1771700400000,1991.31,1993.43,1987.6,1987.92,113.2879614,2026-02-21 19:00:00+00:00
1771704000000,1988.0,1989.93,1973.78,1974.43,919.9119867,2026-02-21 20:00:00+00:00
1771707600000,1973.84,1981.76,1970.01,1981.71,362.57403597,2026-02-21 21:00:00+00:00
1771711200000,1981.69,1981.69,1972.38,1973.38,262.11743719,2026-02-21 22:00:00+00:00
1771714800000,1973.66,1977.29,1971.05,1973.59,114.52077527,2026-02-21 23:00:00+00:00
1771718400000,1973.19,1974.44,1967.38,1971.81,199.81203166,2026-02-22 00:00:00+00:00
1771722000000,1972.11,1978.65,1972.1,1976.81,172.54421856,2026-02-22 01:00:00+00:00
1771725600000,1976.81,1982.0,1971.77,1971.77,210.463537,2026-02-22 02:00:00+00:00
1771729200000,1971.78,1975.31,1967.36,1974.29,156.29157699,2026-02-22 03:00:00+00:00
1771732800000,1974.3,1975.4,1970.69,1972.97,127.74897458,2026-02-22 04:00:00+00:00
1771736400000,1973.04,1974.24,1971.2,1974.24,36.85677459,2026-02-22 05:00:00+00:00
1771740000000,1974.39,1978.64,1973.88,1975.54,295.50794745,2026-02-22 06:00:00+00:00
1771743600000,1975.55,1978.23,1974.26,1975.58,92.97033403,2026-02-22 07:00:00+00:00
1771747200000,1975.58,1976.67,1970.63,1973.37,95.16470178,2026-02-22 08:00:00+00:00
1771750800000,1973.15,1975.76,1971.21,1975.76,69.47250234,2026-02-22 09:00:00+00:00
1771754400000,1975.76,1979.05,1974.86,1977.51,638.01881738,2026-02-22 10:00:00+00:00
1771758000000,1977.51,1982.0,1977.5,1980.0,314.00122829,2026-02-22 11:00:00+00:00
1771761600000,1980.0,1980.97,1962.0,1965.69,514.55969147,2026-02-22 12:00:00+00:00
1771765200000,1965.69,1968.34,1944.87,1950.83,1596.72388833,2026-02-22 13:00:00+00:00
1771768800000,1950.73,1953.38,1944.02,1950.13,573.36552928,2026-02-22 14:00:00+00:00
1771772400000,1950.2,1957.59,1945.71,1953.12,318.70746062,2026-02-22 15:00:00+00:00
1771776000000,1953.12,1954.21,1947.13,1951.96,140.34730927,2026-02-22 16:00:00+00:00
1771779600000,1951.96,1952.32,1934.72,1938.71,1595.60688922,2026-02-22 17:00:00+00:00
1771783200000,1939.76,1943.76,1938.37,1942.34,209.19943496,2026-02-22 18:00:00+00:00
1771786800000,1942.34,1944.91,1940.16,1943.29,350.6930231,2026-02-22 19:00:00+00:00
1771790400000,1943.3,1944.76,1939.4,1939.4,211.51314721,2026-02-22 20:00:00+00:00
1771794000000,1939.98,1951.7,1939.98,1950.21,341.28961695,2026-02-22 21:00:00+00:00
1771797600000,1950.21,1959.96,1947.0,1958.1,524.96440972,2026-02-22 22:00:00+00:00
1771801200000,1957.84,1960.0,1948.0,1957.4,636.65840893,2026-02-22 23:00:00+00:00
1771804800000,1957.41,1957.8,1928.23,1929.15,1058.44551672,2026-02-23 00:00:00+00:00
1771808400000,1929.15,1929.15,1845.58,1856.01,6261.94319041,2026-02-23 01:00:00+00:00
1771812000000,1856.7,1868.22,1851.88,1863.16,995.67007441,2026-02-23 02:00:00+00:00
1771815600000,1863.09,1870.94,1855.46,1863.05,842.70946514,2026-02-23 03:00:00+00:00
1771819200000,1863.06,1864.62,1853.62,1859.43,744.31281645,2026-02-23 04:00:00+00:00
1771822800000,1859.6,1870.15,1859.6,1865.54,1334.32052322,2026-02-23 05:00:00+00:00
1771826400000,1865.52,1882.48,1863.72,1879.85,585.96907389,2026-02-23 06:00:00+00:00
1771830000000,1879.32,1888.17,1876.9,1884.71,271.07020871,2026-02-23 07:00:00+00:00
1771833600000,1885.0,1889.31,1876.47,1880.54,1378.01732095,2026-02-23 08:00:00+00:00
1771837200000,1880.34,1918.0,1880.34,1916.49,1121.93947061,2026-02-23 09:00:00+00:00
1771840800000,1917.31,1927.82,1912.65,1913.55,711.41804508,2026-02-23 10:00:00+00:00
1771844400000,1914.03,1920.06,1911.19,1915.18,280.55700058,2026-02-23 11:00:00+00:00
1771848000000,1915.2,1926.0,1906.21,1919.54,703.93269008,2026-02-23 12:00:00+00:00
1771851600000,1919.79,1934.99,1918.83,1921.81,1767.02670208,2026-02-23 13:00:00+00:00
1771855200000,1921.8,1924.96,1894.52,1906.41,2499.86132693,2026-02-23 14:00:00+00:00
1771858800000,1906.41,1912.39,1892.68,1895.58,1219.30251078,2026-02-23 15:00:00+00:00
1771862400000,1895.49,1899.82,1881.25,1884.0,1356.58970697,2026-02-23 16:00:00+00:00
1771866000000,1884.5,1887.62,1837.22,1863.04,3876.26486422,2026-02-23 17:00:00+00:00
1771869600000,1863.74,1873.48,1855.01,1857.45,1583.60483614,2026-02-23 18:00:00+00:00
1771873200000,1857.46,1864.14,1847.22,1856.76,517.12700084,2026-02-23 19:00:00+00:00
1771876800000,1856.76,1862.19,1846.57,1859.7,1397.6402308,2026-02-23 20:00:00+00:00
1771880400000,1860.56,1868.85,1858.33,1862.48,835.25395423,2026-02-23 21:00:00+00:00
1771884000000,1863.05,1869.37,1859.25,1859.25,1197.85447848,2026-02-23 22:00:00+00:00
1771887600000,1859.25,1866.43,1850.62,1856.01,2360.0909941,2026-02-23 23:00:00+00:00
1771891200000,1855.62,1868.77,1855.04,1867.25,528.46722932,2026-02-24 00:00:00+00:00
1771894800000,1867.25,1867.25,1811.5,1840.49,4055.05395505,2026-02-24 01:00:00+00:00
1771898400000,1840.37,1853.9,1836.11,1843.32,1371.64446787,2026-02-24 02:00:00+00:00
1771902000000,1842.86,1842.86,1823.11,1830.8,3027.05919293,2026-02-24 03:00:00+00:00
1771905600000,1831.21,1833.42,1813.6,1829.99,4390.09026533,2026-02-24 04:00:00+00:00
1771909200000,1830.0,1839.8,1814.1,1825.85,2827.74578269,2026-02-24 05:00:00+00:00
1771912800000,1825.84,1830.39,1817.87,1820.23,658.89763839,2026-02-24 06:00:00+00:00
1771916400000,1820.24,1830.88,1815.0,1824.11,612.74409948,2026-02-24 07:00:00+00:00
1771920000000,1825.23,1835.74,1818.01,1831.3,289.50246192,2026-02-24 08:00:00+00:00
1771923600000,1831.11,1834.13,1814.65,1826.21,344.40894033,2026-02-24 09:00:00+00:00
1771927200000,1826.45,1828.98,1820.18,1825.76,543.69244326,2026-02-24 10:00:00+00:00
1771930800000,1825.76,1827.18,1818.12,1825.97,689.77970724,2026-02-24 11:00:00+00:00
1771934400000,1826.69,1829.84,1821.06,1823.8,579.21278333,2026-02-24 12:00:00+00:00
1771938000000,1823.8,1826.81,1792.8,1815.53,2914.26654571,2026-02-24 13:00:00+00:00
1771941600000,1815.33,1847.4,1803.2,1834.3,2870.75502775,2026-02-24 14:00:00+00:00
1771945200000,1834.88,1849.99,1828.7,1847.64,1692.83368194,2026-02-24 15:00:00+00:00
1771948800000,1847.65,1863.01,1838.8,1858.84,1025.41571437,2026-02-24 16:00:00+00:00
1771952400000,1858.76,1864.63,1849.72,1856.09,2568.38026874,2026-02-24 17:00:00+00:00
1771956000000,1855.7,1859.99,1845.77,1854.77,1024.57787367,2026-02-24 18:00:00+00:00
1771959600000,1854.84,1863.52,1847.41,1852.48,3128.51543552,2026-02-24 19:00:00+00:00
1771963200000,1852.48,1862.0,1849.85,1858.74,458.15477207,2026-02-24 20:00:00+00:00
1771966800000,1859.02,1859.02,1845.77,1854.5,463.66228954,2026-02-24 21:00:00+00:00
1771970400000,1854.25,1863.99,1853.3,1860.51,296.62108033,2026-02-24 22:00:00+00:00
1771974000000,1860.44,1860.44,1851.8,1851.81,349.42615215,2026-02-24 23:00:00+00:00
1771977600000,1851.81,1856.54,1846.74,1851.87,291.68819354,2026-02-25 00:00:00+00:00
1771981200000,1852.02,1923.91,1850.71,1918.8,2815.1420224,2026-02-25 01:00:00+00:00
1771984800000,1918.35,1946.22,1918.35,1920.97,2115.15851963,2026-02-25 02:00:00+00:00
1771988400000,1920.92,1922.37,1903.78,1905.91,1145.72818372,2026-02-25 03:00:00+00:00
1771992000000,1906.2,1914.36,1895.48,1906.16,842.63915466,2026-02-25 04:00:00+00:00
1771995600000,1906.16,1907.94,1878.31,1887.63,1211.38913936,2026-02-25 05:00:00+00:00
1771999200000,1888.04,1895.82,1884.97,1885.04,238.34977552,2026-02-25 06:00:00+00:00
1772002800000,1885.05,1894.9,1882.56,1893.2,277.069287,2026-02-25 07:00:00+00:00
1772006400000,1893.21,1913.07,1890.18,1910.31,504.59835254,2026-02-25 08:00:00+00:00
1772010000000,1910.26,1917.29,1908.19,1915.26,1248.68047495,2026-02-25 09:00:00+00:00
1772013600000,1915.26,1923.51,1910.48,1912.92,886.03293032,2026-02-25 10:00:00+00:00
1772017200000,1912.87,1927.95,1908.12,1926.02,612.47184476,2026-02-25 11:00:00+00:00
1772020800000,1926.26,1956.0,1922.41,1952.59,2526.74553345,2026-02-25 12:00:00+00:00
1772024400000,1953.0,1977.46,1952.71,1964.42,1681.53106049,2026-02-25 13:00:00+00:00
1772028000000,1964.42,2001.02,1962.99,1997.36,2815.68575518,2026-02-25 14:00:00+00:00
1772031600000,1997.86,2028.0,1987.03,2014.49,6728.81959141,2026-02-25 15:00:00+00:00
1772035200000,2014.56,2049.32,2013.95,2046.16,2213.20066547,2026-02-25 16:00:00+00:00
1772038800000,2046.81,2085.9,2044.84,2074.28,3190.84648573,2026-02-25 17:00:00+00:00
1772042400000,2074.28,2081.12,2057.74,2075.31,2225.938568,2026-02-25 18:00:00+00:00
1772046000000,2074.89,2075.6,2060.97,2071.45,1715.43239606,2026-02-25 19:00:00+00:00
1772049600000,2071.66,2083.44,2058.83,2075.11,1569.29415083,2026-02-25 20:00:00+00:00
1772053200000,2076.05,2158.6,2067.33,2100.79,4789.13298693,2026-02-25 21:00:00+00:00
1772056800000,2100.77,2115.29,2073.67,2084.17,1559.85650694,2026-02-25 22:00:00+00:00
1772060400000,2083.19,2086.68,2035.07,2056.79,2829.08219887,2026-02-25 23:00:00+00:00
1772064000000,2057.65,2077.8,2048.78,2062.81,1583.10403936,2026-02-26 00:00:00+00:00
1772067600000,2062.81,2066.58,2050.48,2058.35,737.33994977,2026-02-26 01:00:00+00:00
1772071200000,2058.66,2059.0,2040.01,2053.31,1205.26181776,2026-02-26 02:00:00+00:00
1772074800000,2053.31,2059.58,2047.41,2054.52,774.9900657,2026-02-26 03:00:00+00:00
1772078400000,2054.73,2083.12,2052.36,2075.13,1112.80973987,2026-02-26 04:00:00+00:00
1772082000000,2075.26,2075.29,2057.62,2065.9,419.78980826,2026-02-26 05:00:00+00:00
1772085600000,2066.48,2076.19,2060.1,2062.83,329.29321399,2026-02-26 06:00:00+00:00
1772089200000,2062.68,2068.38,2052.3,2053.51,333.0344396,2026-02-26 07:00:00+00:00
1772092800000,2053.58,2058.07,2045.5,2054.61,541.70182295,2026-02-26 08:00:00+00:00
1772096400000,2054.12,2077.08,2052.96,2075.17,1186.3609416,2026-02-26 09:00:00+00:00
1772100000000,2075.09,2082.77,2062.62,2065.67,355.52678271,2026-02-26 10:00:00+00:00
1772103600000,2065.7,2066.66,2053.96,2056.83,243.4674348,2026-02-26 11:00:00+00:00
1772107200000,2057.51,2071.98,2055.99,2069.23,202.92225003,2026-02-26 12:00:00+00:00
1772110800000,2069.93,2074.09,2061.91,2065.22,494.35070133,2026-02-26 13:00:00+00:00
1772114400000,2065.34,2077.87,2034.59,2051.17,1615.64707857,2026-02-26 14:00:00+00:00
1772118000000,2051.17,2054.19,2012.18,2033.12,4696.66676218,2026-02-26 15:00:00+00:00
1772121600000,2033.86,2039.03,1979.2,1984.08,6255.31141898,2026-02-26 16:00:00+00:00
1772125200000,1984.08,1998.59,1983.15,1989.2,2599.8627878,2026-02-26 17:00:00+00:00
1772128800000,1988.64,2009.53,1975.33,2004.02,1982.92807915,2026-02-26 18:00:00+00:00
1772132400000,2004.18,2033.51,2004.16,2030.56,3655.29815912,2026-02-26 19:00:00+00:00
1772136000000,2030.42,2041.71,2022.08,2023.84,1719.36441007,2026-02-26 20:00:00+00:00
1772139600000,2023.76,2035.06,2018.86,2030.34,684.77389223,2026-02-26 21:00:00+00:00
1772143200000,2030.99,2036.59,2027.68,2034.04,278.19021082,2026-02-26 22:00:00+00:00
1772146800000,2032.9,2033.64,2025.01,2027.58,1365.51866571,2026-02-26 23:00:00+00:00
1772150400000,2027.82,2030.92,2009.76,2013.92,704.13749539,2026-02-27 00:00:00+00:00
1772154000000,2014.92,2022.31,2001.42,2021.32,772.05435601,2026-02-27 01:00:00+00:00
1772157600000,2021.96,2034.33,2019.94,2026.16,526.98957842,2026-02-27 02:00:00+00:00
1772161200000,2026.16,2049.0,2019.75,2045.42,639.9503144,2026-02-27 03:00:00+00:00
1772164800000,2045.42,2063.0,2040.15,2042.38,835.70456013,2026-02-27 04:00:00+00:00
1772168400000,2042.44,2049.25,2039.37,2041.48,333.77947803,2026-02-27 05:00:00+00:00
1772172000000,2041.48,2042.61,2029.29,2036.4,1040.86604862,2026-02-27 06:00:00+00:00
1772175600000,2036.19,2040.83,2023.0,2031.55,465.66177963,2026-02-27 07:00:00+00:00
1772179200000,2032.53,2045.26,2028.67,2033.99,482.066115,2026-02-27 08:00:00+00:00
1772182800000,2033.99,2041.3,2009.07,2010.62,3541.7586646,2026-02-27 09:00:00+00:00
1772186400000,2010.15,2013.38,1979.25,1980.89,1563.81126465,2026-02-27 10:00:00+00:00
1772190000000,1981.17,1984.04,1954.1,1961.82,1761.96098739,2026-02-27 11:00:00+00:00
1772193600000,1962.49,1968.7,1949.71,1960.49,812.95770549,2026-02-27 12:00:00+00:00
1772197200000,1960.23,1967.23,1939.0,1963.51,1671.16744341,2026-02-27 13:00:00+00:00
1772200800000,1963.41,1964.0,1940.55,1943.41,3786.19333139,2026-02-27 14:00:00+00:00
1772204400000,1942.9,1959.01,1941.47,1949.42,1557.66677582,2026-02-27 15:00:00+00:00
1772208000000,1949.2,1949.2,1924.74,1927.72,1640.44944003,2026-02-27 16:00:00+00:00
1772211600000,1927.29,1934.56,1907.56,1932.7,2461.87240858,2026-02-27 17:00:00+00:00
1772215200000,1932.71,1933.16,1915.8,1918.05,943.5870221,2026-02-27 18:00:00+00:00
1772218800000,1917.96,1922.99,1912.43,1920.84,671.71902361,2026-02-27 19:00:00+00:00
1772222400000,1920.86,1926.09,1920.47,1922.74,382.06678498,2026-02-27 20:00:00+00:00
1772226000000,1923.21,1933.63,1917.19,1921.17,554.17227205,2026-02-27 21:00:00+00:00
1772229600000,1921.17,1926.75,1886.52,1921.21,3147.15511368,2026-02-27 22:00:00+00:00
1772233200000,1921.0,1932.64,1920.01,1929.13,876.73978237,2026-02-27 23:00:00+00:00
1772236800000,1929.86,1936.87,1924.56,1932.04,592.80445558,2026-02-28 00:00:00+00:00
1772240400000,1932.04,1935.78,1920.1,1925.2,203.76926514,2026-02-28 01:00:00+00:00
1772244000000,1924.72,1932.1,1923.09,1930.7,97.28187236,2026-02-28 02:00:00+00:00
1772247600000,1930.62,1931.51,1920.1,1924.56,522.29781952,2026-02-28 03:00:00+00:00
1772251200000,1924.45,1930.69,1915.73,1925.16,564.16610452,2026-02-28 04:00:00+00:00
1772254800000,1925.28,1927.81,1915.15,1919.56,224.79253619,2026-02-28 05:00:00+00:00
1772258400000,1920.07,1920.57,1836.14,1842.42,4375.42704557,2026-02-28 06:00:00+00:00
1772262000000,1843.13,1884.27,1836.0,1866.46,3310.92766112,2026-02-28 07:00:00+00:00
1772265600000,1866.73,1868.07,1848.94,1852.3,4670.85181823,2026-02-28 08:00:00+00:00
1772269200000,1852.62,1862.84,1845.39,1855.6,644.96680576,2026-02-28 09:00:00+00:00
1772272800000,1855.47,1867.81,1849.92,1865.53,567.94843316,2026-02-28 10:00:00+00:00
1772276400000,1865.53,1880.83,1862.45,1863.54,1163.98849821,2026-02-28 11:00:00+00:00
1772280000000,1864.05,1874.19,1863.38,1868.61,202.61936387,2026-02-28 12:00:00+00:00
1772283600000,1868.5,1910.05,1865.44,1905.12,1240.69347206,2026-02-28 13:00:00+00:00
1772287200000,1905.85,1916.19,1883.62,1888.85,1698.53459203,2026-02-28 14:00:00+00:00
1772290800000,1888.2,1903.86,1874.08,1899.38,1429.20199108,2026-02-28 15:00:00+00:00
1772294400000,1899.27,1910.31,1891.73,1904.54,1936.74074649,2026-02-28 16:00:00+00:00
1772298000000,1904.57,1911.06,1887.47,1907.14,1248.95491309,2026-02-28 17:00:00+00:00
1772301600000,1907.32,1946.6,1901.61,1937.1,1559.49522633,2026-02-28 18:00:00+00:00
1772305200000,1936.37,1955.0,1921.37,1947.81,1332.70225206,2026-02-28 19:00:00+00:00
1772308800000,1947.49,1974.82,1940.0,1966.34,3139.22242089,2026-02-28 20:00:00+00:00
1772312400000,1966.46,1967.8,1945.84,1957.65,1110.38978923,2026-02-28 21:00:00+00:00
1772316000000,1958.24,1984.14,1957.22,1965.49,1396.61746211,2026-02-28 22:00:00+00:00
1772319600000,1965.5,1970.03,1957.38,1965.0,501.3955336,2026-02-28 23:00:00+00:00
1772323200000,1964.78,1969.01,1955.0,1963.18,256.03266701,2026-03-01 00:00:00+00:00
1772326800000,1962.85,2024.97,1945.0,2012.75,3904.57278161,2026-03-01 01:00:00+00:00
1772330400000,2012.75,2054.51,2008.83,2033.04,3401.88177456,2026-03-01 02:00:00+00:00
1772334000000,2033.08,2038.76,2017.64,2023.06,824.56744782,2026-03-01 03:00:00+00:00
1772337600000,2023.42,2029.9,2000.0,2015.72,1514.7056072,2026-03-01 04:00:00+00:00
1772341200000,2016.55,2022.53,2010.12,2011.33,330.92167088,2026-03-01 05:00:00+00:00
1772344800000,2011.36,2012.57,1989.75,1998.72,1351.60943439,2026-03-01 06:00:00+00:00
1772348400000,1998.72,2009.29,1993.46,2007.56,640.37695987,2026-03-01 07:00:00+00:00
1772352000000,2007.6,2010.68,1981.68,1986.19,518.87252605,2026-03-01 08:00:00+00:00
1772355600000,1986.04,1995.26,1975.5,1980.79,653.72296685,2026-03-01 09:00:00+00:00
1772359200000,1980.75,1993.0,1973.24,1984.66,577.25845725,2026-03-01 10:00:00+00:00
1772362800000,1985.04,1989.49,1982.69,1983.46,177.7081548,2026-03-01 11:00:00+00:00
1772366400000,1983.56,1987.87,1976.29,1978.49,264.25953091,2026-03-01 12:00:00+00:00
1772370000000,1978.48,2024.0,1969.14,2006.99,2478.51795287,2026-03-01 13:00:00+00:00
1772373600000,2007.31,2028.0,1993.36,2001.27,1224.38829241,2026-03-01 14:00:00+00:00
1772377200000,2000.83,2015.93,1993.06,1993.07,608.98682466,2026-03-01 15:00:00+00:00
1772380800000,1993.89,2008.94,1960.99,1973.37,1308.52725203,2026-03-01 16:00:00+00:00
1772384400000,1974.47,1975.37,1953.86,1960.4,1164.84187699,2026-03-01 17:00:00+00:00
1772388000000,1960.96,1996.75,1960.96,1976.0,1281.38606461,2026-03-01 18:00:00+00:00
1772391600000,1976.02,1976.39,1947.97,1954.03,1495.07605104,2026-03-01 19:00:00+00:00
1772395200000,1954.17,1955.04,1907.66,1914.93,1809.3612407,2026-03-01 20:00:00+00:00
1772398800000,1914.45,1932.42,1913.48,1928.99,699.59237662,2026-03-01 21:00:00+00:00
1772402400000,1929.54,1969.24,1915.48,1923.54,4636.53695981,2026-03-01 22:00:00+00:00
1772406000000,1924.77,1947.89,1919.13,1939.3,546.18496052,2026-03-01 23:00:00+00:00
1772409600000,1939.3,1966.55,1937.89,1961.48,768.5498259,2026-03-02 00:00:00+00:00
1772413200000,1961.15,1988.25,1960.25,1963.97,805.28974239,2026-03-02 01:00:00+00:00
1772416800000,1964.32,1965.95,1940.48,1955.75,513.02497984,2026-03-02 02:00:00+00:00
1772420400000,1955.66,1978.61,1948.68,1971.85,785.11658138,2026-03-02 03:00:00+00:00
1772424000000,1972.55,1979.6,1968.77,1973.32,484.46014963,2026-03-02 04:00:00+00:00
1772427600000,1973.12,1983.42,1962.86,1970.8,350.83778589,2026-03-02 05:00:00+00:00
1772431200000,1971.13,1971.45,1938.04,1944.51,918.41151624,2026-03-02 06:00:00+00:00
1772434800000,1943.72,1944.99,1926.61,1941.17,647.38957791,2026-03-02 07:00:00+00:00
1772438400000,1941.91,1950.47,1922.0,1948.81,1156.55094298,2026-03-02 08:00:00+00:00
1772442000000,1949.01,1966.71,1946.96,1948.44,590.24025619,2026-03-02 09:00:00+00:00
1772445600000,1947.73,1955.81,1944.49,1952.44,221.76349082,2026-03-02 10:00:00+00:00
1772449200000,1952.22,1954.32,1935.64,1947.08,583.16286269,2026-03-02 11:00:00+00:00
1772452800000,1947.79,1948.23,1930.92,1938.42,266.43492021,2026-03-02 12:00:00+00:00
1772456400000,1938.43,1943.65,1921.25,1927.49,1625.99414927,2026-03-02 13:00:00+00:00
1772460000000,1927.49,1985.35,1921.78,1976.66,1479.93284167,2026-03-02 14:00:00+00:00
1772463600000,1978.71,2066.38,1974.37,2047.59,4888.91500948,2026-03-02 15:00:00+00:00
1772467200000,2047.71,2089.38,2044.33,2064.96,2897.71983031,2026-03-02 16:00:00+00:00
1772470800000,2065.23,2066.53,2026.41,2041.3,1268.68662227,2026-03-02 17:00:00+00:00
1772474400000,2041.45,2041.45,2025.0,2029.8,1117.77719685,2026-03-02 18:00:00+00:00
1772478000000,2029.87,2049.46,2018.35,2043.89,2105.4189765,2026-03-02 19:00:00+00:00
1772481600000,2043.74,2057.63,2025.16,2036.16,996.83006789,2026-03-02 20:00:00+00:00
1772485200000,2036.0,2048.25,2030.0,2043.65,1187.04222598,2026-03-02 21:00:00+00:00
1772488800000,2043.83,2058.26,2042.0,2053.61,1261.77240223,2026-03-02 22:00:00+00:00
1772492400000,2053.61,2055.77,2025.19,2027.17,1052.7228331,2026-03-02 23:00:00+00:00
1772496000000,2027.85,2038.88,2019.55,2035.75,1459.02041155,2026-03-03 00:00:00+00:00
1772499600000,2035.56,2041.11,2020.0,2020.0,381.21933185,2026-03-03 01:00:00+00:00
1772503200000,2020.01,2021.37,1998.8,2013.35,901.79042277,2026-03-03 02:00:00+00:00
1772506800000,2013.65,2014.45,2005.78,2008.55,410.9250353,2026-03-03 03:00:00+00:00
1772510400000,2008.69,2012.77,1998.25,1999.78,396.04690561,2026-03-03 04:00:00+00:00
1772514000000,1999.69,2018.44,1987.93,1993.03,1094.73064921,2026-03-03 05:00:00+00:00
1772517600000,1993.05,2001.49,1988.09,1999.01,306.38956874,2026-03-03 06:00:00+00:00
1772521200000,1999.08,2002.81,1993.59,1995.81,463.578229,2026-03-03 07:00:00+00:00
1772524800000,1995.86,1999.65,1947.45,1953.26,2446.86707015,2026-03-03 08:00:00+00:00
1772528400000,1953.37,1968.53,1940.0,1951.44,6044.84545635,2026-03-03 09:00:00+00:00
1772532000000,1951.44,1964.18,1945.59,1957.98,675.34610378,2026-03-03 10:00:00+00:00
1772535600000,1957.69,1966.0,1952.68,1961.13,416.10969611,2026-03-03 11:00:00+00:00
1772539200000,1961.12,1989.44,1961.12,1967.14,623.95621138,2026-03-03 12:00:00+00:00
1772542800000,1967.14,1967.46,1943.6,1952.08,622.05991339,2026-03-03 13:00:00+00:00
1772546400000,1952.16,1977.1,1929.03,1942.8,1204.8502133,2026-03-03 14:00:00+00:00
1772550000000,1942.76,1971.96,1932.24,1969.89,1972.04208817,2026-03-03 15:00:00+00:00
1772553600000,1969.32,2013.15,1959.51,1983.42,2601.49639887,2026-03-03 16:00:00+00:00
1772557200000,1984.03,1985.56,1959.31,1980.88,2226.02424687,2026-03-03 17:00:00+00:00
1772560800000,1980.75,2000.84,1970.62,1988.59,3282.77337831,2026-03-03 18:00:00+00:00
1772564400000,1988.66,1994.41,1977.14,1986.22,1330.97346108,2026-03-03 19:00:00+00:00
1772568000000,1986.52,1988.98,1970.3,1978.0,747.05541362,2026-03-03 20:00:00+00:00
1772571600000,1978.19,1978.61,1959.94,1968.94,682.39173493,2026-03-03 21:00:00+00:00
1772575200000,1968.91,1987.9,1968.38,1983.53,1201.46480241,2026-03-03 22:00:00+00:00
1772578800000,1982.46,2001.42,1981.51,1983.19,602.19000787,2026-03-03 23:00:00+00:00
1772582400000,1982.99,1986.91,1962.33,1977.76,1251.35189971,2026-03-04 00:00:00+00:00
1772586000000,1977.19,1998.25,1970.61,1981.7,417.61732414,2026-03-04 01:00:00+00:00
1772589600000,1981.83,1982.73,1969.6,1979.97,300.12672557,2026-03-04 02:00:00+00:00
1772593200000,1979.63,1979.78,1945.0,1961.73,907.72633227,2026-03-04 03:00:00+00:00
1772596800000,1961.32,1964.35,1951.23,1960.64,556.15184299,2026-03-04 04:00:00+00:00
1772600400000,1960.46,1976.69,1956.52,1970.99,426.88715822,2026-03-04 05:00:00+00:00
1772604000000,1971.38,1985.82,1963.0,1980.3,1313.4821987,2026-03-04 06:00:00+00:00
1772607600000,1980.54,2010.0,1974.43,2007.24,1861.29580746,2026-03-04 07:00:00+00:00
1772611200000,2007.01,2065.89,2000.58,2061.86,2976.34617975,2026-03-04 08:00:00+00:00
1772614800000,2063.97,2089.75,2056.6,2075.41,3313.49715121,2026-03-04 09:00:00+00:00
1772618400000,2075.67,2092.49,2067.0,2071.8,871.55393397,2026-03-04 10:00:00+00:00
1772622000000,2071.81,2078.12,2046.61,2055.29,1263.90100277,2026-03-04 11:00:00+00:00
1772625600000,2054.93,2058.54,2037.21,2054.38,1079.01421093,2026-03-04 12:00:00+00:00
1772629200000,2054.65,2068.17,2053.37,2065.29,1332.06140837,2026-03-04 13:00:00+00:00
1772632800000,2064.52,2110.0,2063.35,2080.08,3171.89718717,2026-03-04 14:00:00+00:00
1772636400000,2080.08,2158.0,2079.62,2150.51,9775.07961744,2026-03-04 15:00:00+00:00
1772640000000,2151.25,2167.32,2130.03,2143.45,4633.55082167,2026-03-04 16:00:00+00:00
1772643600000,2143.62,2157.0,2131.45,2147.51,3431.98118769,2026-03-04 17:00:00+00:00
1772647200000,2147.51,2164.97,2139.56,2163.79,2438.2561442,2026-03-04 18:00:00+00:00
1772650800000,2164.34,2200.0,2161.63,2179.19,6401.48103557,2026-03-04 19:00:00+00:00
1772654400000,2179.17,2180.95,2150.51,2150.51,1979.31223018,2026-03-04 20:00:00+00:00
1772658000000,2152.06,2157.39,2143.27,2151.0,2700.70740025,2026-03-04 21:00:00+00:00
1772661600000,2150.9,2164.41,2127.66,2132.59,2894.88928697,2026-03-04 22:00:00+00:00
1772665200000,2132.7,2136.67,2117.08,2129.35,1273.22567453,2026-03-04 23:00:00+00:00
1772668800000,2127.96,2136.18,2122.32,2130.15,4522.43583938,2026-03-05 00:00:00+00:00
1772672400000,2129.36,2142.66,2108.53,2114.0,2718.21813708,2026-03-05 01:00:00+00:00
1772676000000,2114.61,2134.99,2114.61,2122.86,1306.79014323,2026-03-05 02:00:00+00:00
1772679600000,2122.96,2127.24,2108.51,2121.0,971.58669595,2026-03-05 03:00:00+00:00
1772683200000,2121.04,2144.8,2119.71,2137.86,1171.84865624,2026-03-05 04:00:00+00:00
1772686800000,2137.86,2139.46,2114.3,2119.0,856.06167403,2026-03-05 05:00:00+00:00
1772690400000,2120.28,2130.72,2110.85,2128.6,670.95909673,2026-03-05 06:00:00+00:00
1772694000000,2128.69,2132.49,2096.66,2105.3,771.50032641,2026-03-05 07:00:00+00:00
1772697600000,2105.83,2118.66,2095.0,2117.76,725.33955394,2026-03-05 08:00:00+00:00
1772701200000,2117.45,2137.6,2117.15,2126.08,535.45290565,2026-03-05 09:00:00+00:00
1772704800000,2126.12,2163.65,2120.86,2156.48,1437.61975211,2026-03-05 10:00:00+00:00
1772708400000,2156.96,2159.98,2134.62,2138.3,1729.80093756,2026-03-05 11:00:00+00:00
1772712000000,2138.4,2142.89,2123.97,2138.83,574.97535706,2026-03-05 12:00:00+00:00
1772715600000,2138.95,2140.47,2110.22,2117.9,1004.4397634,2026-03-05 13:00:00+00:00
1772719200000,2118.82,2131.34,2098.0,2120.06,1191.68020974,2026-03-05 14:00:00+00:00
1772722800000,2120.07,2122.89,2068.28,2087.09,3590.85384138,2026-03-05 15:00:00+00:00
1772726400000,2087.73,2087.73,2056.12,2081.83,2761.66265092,2026-03-05 16:00:00+00:00
1772730000000,2080.81,2093.86,2055.06,2060.07,1019.48965412,2026-03-05 17:00:00+00:00
1772733600000,2060.02,2078.12,2057.61,2076.67,825.1685332,2026-03-05 18:00:00+00:00
1772737200000,2077.24,2092.15,2072.69,2074.83,1376.8035776,2026-03-05 19:00:00+00:00
1772740800000,2074.81,2098.03,2070.77,2092.57,849.03049094,2026-03-05 20:00:00+00:00
1772744400000,2092.79,2099.38,2076.33,2080.66,596.92989158,2026-03-05 21:00:00+00:00
1772748000000,2080.88,2085.65,2077.95,2080.57,176.65724574,2026-03-05 22:00:00+00:00
1772751600000,2080.67,2085.23,2069.38,2073.24,439.65146255,2026-03-05 23:00:00+00:00
1772755200000,2073.24,2080.7,2068.77,2075.19,629.85744055,2026-03-06 00:00:00+00:00
1772758800000,2075.44,2091.11,2061.98,2087.69,658.36839196,2026-03-06 01:00:00+00:00
1772762400000,2088.04,2092.84,2080.55,2083.65,352.85498406,2026-03-06 02:00:00+00:00
1772766000000,2084.24,2088.89,2076.42,2083.78,179.56466134,2026-03-06 03:00:00+00:00
1772769600000,2084.21,2086.0,2060.0,2070.74,707.67908764,2026-03-06 04:00:00+00:00
1772773200000,2071.01,2074.87,2060.0,2069.18,371.67732585,2026-03-06 05:00:00+00:00
1772776800000,2069.19,2079.75,2063.98,2075.58,362.91100999,2026-03-06 06:00:00+00:00
1772780400000,2074.31,2086.99,2068.87,2082.23,385.40215755,2026-03-06 07:00:00+00:00
1772784000000,2083.31,2083.31,2075.11,2075.38,375.51288004,2026-03-06 08:00:00+00:00
1772787600000,2076.95,2077.61,2046.9,2060.19,2485.95608195,2026-03-06 09:00:00+00:00
1772791200000,2060.01,2068.76,2058.7,2063.4,515.62992697,2026-03-06 10:00:00+00:00
1772794800000,2063.44,2066.94,2050.13,2051.78,727.6279906,2026-03-06 11:00:00+00:00
1772798400000,2051.63,2055.06,2038.61,2049.54,738.30600658,2026-03-06 12:00:00+00:00
1772802000000,2049.0,2062.12,2020.01,2022.06,2896.26811119,2026-03-06 13:00:00+00:00
1772805600000,2020.31,2023.98,1972.46,1981.41,4002.04848037,2026-03-06 14:00:00+00:00
1772809200000,1981.7,1997.73,1967.04,1978.62,1066.76638577,2026-03-06 15:00:00+00:00
1772812800000,1978.44,1985.0,1967.28,1972.52,1158.81608429,2026-03-06 16:00:00+00:00
1772816400000,1971.53,1982.04,1956.45,1967.48,1306.86959838,2026-03-06 17:00:00+00:00
1772820000000,1966.96,1983.05,1966.86,1974.8,755.2136124,2026-03-06 18:00:00+00:00
1772823600000,1974.8,1992.5,1974.79,1984.11,599.72034762,2026-03-06 19:00:00+00:00
1772827200000,1984.11,1988.77,1970.0,1979.42,1666.14209565,2026-03-06 20:00:00+00:00
1772830800000,1979.02,1984.42,1972.76,1984.28,1700.39927804,2026-03-06 21:00:00+00:00
1772834400000,1984.28,1989.61,1981.78,1987.24,421.37060879,2026-03-06 22:00:00+00:00
1772838000000,1987.3,1987.83,1977.5,1978.92,557.83133204,2026-03-06 23:00:00+00:00
1772841600000,1978.91,1983.22,1976.99,1981.34,1047.6267446,2026-03-07 00:00:00+00:00
1772845200000,1981.44,1983.76,1976.62,1980.88,1181.31837249,2026-03-07 01:00:00+00:00
1772848800000,1980.87,1984.53,1972.36,1984.47,424.31818533,2026-03-07 02:00:00+00:00
1772852400000,1983.65,1996.03,1979.99,1980.69,691.67694194,2026-03-07 03:00:00+00:00
1772856000000,1980.0,1980.29,1964.48,1975.51,3340.50430046,2026-03-07 04:00:00+00:00
1772859600000,1975.7,1979.37,1972.97,1978.38,2932.56157732,2026-03-07 05:00:00+00:00
1772863200000,1978.76,1978.76,1969.61,1972.08,345.83010061,2026-03-07 06:00:00+00:00
1772866800000,1972.02,1983.88,1967.92,1983.29,2149.36126955,2026-03-07 07:00:00+00:00
1772870400000,1983.4,1987.54,1975.89,1977.51,1351.10755216,2026-03-07 08:00:00+00:00
1772874000000,1977.81,1988.88,1975.49,1986.01,673.01149899,2026-03-07 09:00:00+00:00
1772877600000,1986.0,1988.79,1983.78,1984.29,258.91122374,2026-03-07 10:00:00+00:00
1772881200000,1984.28,1994.49,1982.72,1989.0,441.15821743,2026-03-07 11:00:00+00:00
1772884800000,1988.98,1991.26,1980.08,1982.31,81.44127343,2026-03-07 12:00:00+00:00
1772888400000,1982.32,1983.97,1977.95,1982.02,347.354792,2026-03-07 13:00:00+00:00
1772892000000,1981.69,1989.94,1971.0,1986.9,343.33993981,2026-03-07 14:00:00+00:00
1772895600000,1987.32,1987.32,1977.0,1981.41,1207.54900619,2026-03-07 15:00:00+00:00
1772899200000,1981.41,1981.41,1975.24,1977.65,1393.69346963,2026-03-07 16:00:00+00:00
1772902800000,1977.55,1984.08,1976.75,1978.01,173.49811816,2026-03-07 17:00:00+00:00
1772906400000,1977.86,1977.86,1965.8,1971.24,2967.71183792,2026-03-07 18:00:00+00:00
1772910000000,1971.27,1971.27,1948.22,1955.44,987.33966704,2026-03-07 19:00:00+00:00
1772913600000,1955.24,1968.51,1955.13,1966.76,217.4597842,2026-03-07 20:00:00+00:00
1772917200000,1966.39,1971.26,1964.25,1970.39,193.28248949,2026-03-07 21:00:00+00:00
1772920800000,1970.57,1971.11,1959.44,1965.58,170.86760097,2026-03-07 22:00:00+00:00
1772924400000,1967.1,1974.0,1965.96,1969.38,262.90289039,2026-03-07 23:00:00+00:00
1772928000000,1969.75,1976.84,1966.82,1969.19,349.36154501,2026-03-08 00:00:00+00:00
1772931600000,1968.89,1971.66,1963.61,1969.05,291.52858931,2026-03-08 01:00:00+00:00
1772935200000,1969.04,1970.0,1937.45,1942.92,3696.65560143,2026-03-08 02:00:00+00:00
1772938800000,1942.84,1950.98,1941.83,1947.76,780.76602154,2026-03-08 03:00:00+00:00
1772942400000,1947.76,1953.12,1930.0,1938.41,1359.49645678,2026-03-08 04:00:00+00:00
1772946000000,1938.55,1952.35,1938.32,1949.09,1260.82350553,2026-03-08 05:00:00+00:00
1772949600000,1949.09,1951.97,1943.5,1948.26,1340.86027181,2026-03-08 06:00:00+00:00
1772953200000,1948.01,1959.99,1947.21,1955.74,269.74005113,2026-03-08 07:00:00+00:00
1772956800000,1955.15,1959.87,1949.33,1959.29,257.08753109,2026-03-08 08:00:00+00:00
1772960400000,1959.72,1969.24,1957.21,1963.98,3455.35156975,2026-03-08 09:00:00+00:00
1772964000000,1963.98,1979.54,1963.98,1974.99,348.63582064,2026-03-08 10:00:00+00:00
1772967600000,1974.33,1974.33,1946.01,1951.99,282.34580267,2026-03-08 11:00:00+00:00
1772971200000,1951.79,1954.0,1924.74,1946.4,1724.89612693,2026-03-08 12:00:00+00:00
1772974800000,1946.4,1947.2,1925.59,1945.28,918.5248448,2026-03-08 13:00:00+00:00
1772978400000,1944.32,1949.91,1938.07,1945.0,321.30741087,2026-03-08 14:00:00+00:00
1772982000000,1945.52,1947.5,1937.71,1943.7,329.42381602,2026-03-08 15:00:00+00:00
1772985600000,1943.19,1945.0,1934.14,1935.52,485.14097542,2026-03-08 16:00:00+00:00
1772989200000,1937.11,1945.85,1933.47,1934.82,625.26749221,2026-03-08 17:00:00+00:00
1772992800000,1935.79,1936.77,1928.25,1930.08,313.98931372,2026-03-08 18:00:00+00:00
1772996400000,1930.25,1970.0,1928.38,1963.77,3341.0129636,2026-03-08 19:00:00+00:00
1773000000000,1965.08,1971.46,1953.63,1958.65,478.63221847,2026-03-08 20:00:00+00:00
1773003600000,1958.68,1962.07,1944.62,1953.16,375.18240016,2026-03-08 21:00:00+00:00
1773007200000,1954.37,1954.37,1912.79,1943.11,4129.421475,2026-03-08 22:00:00+00:00
1773010800000,1943.17,1955.04,1935.73,1937.24,704.57331499,2026-03-08 23:00:00+00:00
1773014400000,1937.2,1966.14,1930.26,1951.08,686.5598627,2026-03-09 00:00:00+00:00
1773018000000,1950.91,1962.42,1943.14,1945.83,367.34798688,2026-03-09 01:00:00+00:00
1773021600000,1945.93,1962.72,1938.12,1960.02,428.27452484,2026-03-09 02:00:00+00:00
1773025200000,1959.86,2004.85,1959.26,1977.66,4032.14137535,2026-03-09 03:00:00+00:00
1773028800000,1977.55,1989.58,1974.0,1977.78,294.47148074,2026-03-09 04:00:00+00:00
1773032400000,1977.17,2013.57,1976.32,2010.26,1849.69412243,2026-03-09 05:00:00+00:00
1773036000000,2010.4,2011.87,1983.71,1983.88,309.50457203,2026-03-09 06:00:00+00:00
1773039600000,1984.1,1985.69,1964.11,1983.17,644.96509028,2026-03-09 07:00:00+00:00
1773043200000,1983.17,1999.56,1981.34,1995.84,460.36709702,2026-03-09 08:00:00+00:00
1773046800000,1996.32,2022.49,1986.79,2004.32,1131.27324457,2026-03-09 09:00:00+00:00
1773050400000,2004.34,2006.36,1992.04,1994.54,1159.3109649,2026-03-09 10:00:00+00:00
1773054000000,1994.99,1999.68,1981.16,1992.0,877.15596086,2026-03-09 11:00:00+00:00
1773057600000,1992.01,2012.56,1992.0,2002.16,1562.59707427,2026-03-09 12:00:00+00:00
1773061200000,2002.45,2029.77,2001.4,2019.93,1405.04077748,2026-03-09 13:00:00+00:00
1773064800000,2018.27,2032.99,2007.91,2022.01,2006.10597134,2026-03-09 14:00:00+00:00
1773068400000,2022.7,2029.88,2015.0,2023.38,782.32891303,2026-03-09 15:00:00+00:00
1773072000000,2023.19,2038.54,2019.74,2027.73,886.72930717,2026-03-09 16:00:00+00:00
1773075600000,2027.73,2031.99,2006.49,2017.37,530.59326878,2026-03-09 17:00:00+00:00
1773079200000,2017.2,2022.98,2006.96,2012.36,1957.22931505,2026-03-09 18:00:00+00:00
1773082800000,2012.27,2054.96,2010.54,2034.81,3006.29007983,2026-03-09 19:00:00+00:00
1773086400000,2034.92,2037.85,2020.0,2026.44,2022.18716948,2026-03-09 20:00:00+00:00
1773090000000,2026.09,2035.99,2022.63,2028.11,242.44731954,2026-03-09 21:00:00+00:00
1773093600000,2028.47,2030.72,2000.0,2002.84,2270.76980278,2026-03-09 22:00:00+00:00
1773097200000,2002.81,2007.61,1989.55,1994.57,2988.43154283,2026-03-09 23:00:00+00:00
1773100800000,1993.39,2022.6,1991.4,2015.52,2797.71231307,2026-03-10 00:00:00+00:00
1773104400000,2015.76,2025.0,2007.1,2020.05,1416.74946032,2026-03-10 01:00:00+00:00
1773108000000,2019.75,2053.71,2014.64,2042.38,1905.16498013,2026-03-10 02:00:00+00:00
1773111600000,2042.5,2048.08,2023.56,2026.95,1189.25325951,2026-03-10 03:00:00+00:00
1773115200000,2027.01,2046.65,2026.61,2045.0,290.08092603,2026-03-10 04:00:00+00:00
1773118800000,2045.37,2055.18,2040.59,2043.89,864.80840633,2026-03-10 05:00:00+00:00
1773122400000,2043.9,2048.69,2036.5,2044.19,429.85216347,2026-03-10 06:00:00+00:00
1773126000000,2043.96,2059.53,2040.99,2050.44,1051.58485531,2026-03-10 07:00:00+00:00
1773129600000,2051.53,2070.46,2051.53,2057.19,1942.04789953,2026-03-10 08:00:00+00:00
1773133200000,2056.76,2073.88,2056.3,2068.96,950.07542192,2026-03-10 09:00:00+00:00
1773136800000,2068.44,2068.78,2055.87,2062.82,679.1156359,2026-03-10 10:00:00+00:00
1773140400000,2062.82,2068.59,2056.96,2061.99,855.6231271,2026-03-10 11:00:00+00:00
1773144000000,2061.86,2062.39,2048.67,2049.59,860.22736559,2026-03-10 12:00:00+00:00
1773147600000,2049.6,2060.4,2025.25,2034.05,3215.21191142,2026-03-10 13:00:00+00:00
1773151200000,2033.81,2080.88,2009.45,2075.23,2293.52998115,2026-03-10 14:00:00+00:00
1773154800000,2076.02,2085.99,2060.42,2079.84,3690.58001417,2026-03-10 15:00:00+00:00
1773158400000,2079.84,2088.25,2070.43,2081.13,3617.9857937,2026-03-10 16:00:00+00:00
1773162000000,2081.31,2085.61,2058.93,2072.33,2724.21845483,2026-03-10 17:00:00+00:00
1773165600000,2072.25,2073.4,2035.89,2039.86,2716.86852367,2026-03-10 18:00:00+00:00
1773169200000,2040.09,2044.0,2027.34,2037.54,1853.71339555,2026-03-10 19:00:00+00:00
1773172800000,2036.89,2046.82,2035.87,2043.05,1130.71254826,2026-03-10 20:00:00+00:00
1773176400000,2042.92,2047.53,2019.67,2029.55,690.43201389,2026-03-10 21:00:00+00:00
1773180000000,2029.56,2032.09,2021.22,2027.51,564.11742859,2026-03-10 22:00:00+00:00
1773183600000,2027.79,2037.64,2027.79,2037.16,399.11904373,2026-03-10 23:00:00+00:00
1773187200000,2036.97,2041.93,2029.61,2038.14,490.71551194,2026-03-11 00:00:00+00:00
1773190800000,2038.37,2041.64,2028.57,2036.33,281.04954078,2026-03-11 01:00:00+00:00
1773194400000,2036.33,2038.92,2019.56,2026.47,515.31215742,2026-03-11 02:00:00+00:00
1773198000000,2027.09,2029.54,2018.47,2021.37,1283.57203241,2026-03-11 03:00:00+00:00
1773201600000,2021.55,2040.98,2018.74,2039.49,1381.22667691,2026-03-11 04:00:00+00:00
1773205200000,2039.38,2041.0,2011.98,2014.4,624.9723129,2026-03-11 05:00:00+00:00
1773208800000,2014.4,2025.16,2014.38,2024.32,1635.50086358,2026-03-11 06:00:00+00:00
1773212400000,2024.47,2025.42,2007.5,2012.69,374.30443958,2026-03-11 07:00:00+00:00
1773216000000,2012.68,2025.97,2009.58,2024.84,674.03761633,2026-03-11 08:00:00+00:00
1773219600000,2024.21,2026.62,2015.55,2017.96,267.65766466,2026-03-11 09:00:00+00:00
1773223200000,2018.15,2031.59,2017.61,2028.86,273.89474918,2026-03-11 10:00:00+00:00
1773226800000,2028.91,2033.59,2016.48,2018.19,417.43858496,2026-03-11 11:00:00+00:00
1773230400000,2017.91,2035.41,2013.1,2023.0,1068.33204541,2026-03-11 12:00:00+00:00
1773234000000,2023.09,2083.22,2022.22,2051.47,1797.6866437,2026-03-11 13:00:00+00:00
1773237600000,2051.5,2078.01,2043.45,2062.61,1975.75745313,2026-03-11 14:00:00+00:00
1773241200000,2063.09,2065.93,2030.89,2049.72,852.37193893,2026-03-11 15:00:00+00:00
1773244800000,2050.37,2074.06,2046.99,2067.38,1451.86855241,2026-03-11 16:00:00+00:00
1773248400000,2067.78,2086.22,2058.79,2068.23,4123.0250584,2026-03-11 17:00:00+00:00
1773252000000,2068.23,2079.86,2064.94,2077.25,2976.88966226,2026-03-11 18:00:00+00:00
1773255600000,2077.13,2078.7,2069.13,2077.07,582.86974973,2026-03-11 19:00:00+00:00
1773259200000,2076.98,2076.98,2066.54,2068.6,271.63270637,2026-03-11 20:00:00+00:00
1773262800000,2068.64,2074.42,2063.68,2073.61,353.61677742,2026-03-11 21:00:00+00:00
1773266400000,2073.88,2084.77,2059.62,2061.91,786.21710189,2026-03-11 22:00:00+00:00
1773270000000,2061.9,2065.03,2045.85,2052.18,1498.20759146,2026-03-11 23:00:00+00:00
1773273600000,2052.29,2057.98,2048.69,2055.86,257.31408804,2026-03-12 00:00:00+00:00
1773277200000,2055.99,2056.02,2042.68,2046.22,765.42399762,2026-03-12 01:00:00+00:00
1773280800000,2046.22,2047.88,2022.23,2024.85,841.74332419,2026-03-12 02:00:00+00:00
1773284400000,2025.0,2034.26,2018.19,2023.55,563.55887885,2026-03-12 03:00:00+00:00
1773288000000,2023.55,2029.45,2022.0,2023.22,350.81693323,2026-03-12 04:00:00+00:00
1773291600000,2023.22,2027.72,2019.27,2026.83,269.98696414,2026-03-12 05:00:00+00:00
1773295200000,2026.84,2031.33,2024.64,2029.83,290.70668201,2026-03-12 06:00:00+00:00
1773298800000,2030.75,2041.57,2026.32,2040.49,429.24532721,2026-03-12 07:00:00+00:00
1773302400000,2040.74,2053.26,2038.8,2047.49,334.35191009,2026-03-12 08:00:00+00:00
1773306000000,2047.49,2065.84,2038.68,2055.74,541.45886757,2026-03-12 09:00:00+00:00
1773309600000,2055.93,2075.2,2053.71,2070.45,882.08876033,2026-03-12 10:00:00+00:00
1773313200000,2070.28,2076.56,2059.17,2063.48,1036.02974638,2026-03-12 11:00:00+00:00
1773316800000,2063.33,2070.68,2058.39,2065.56,441.09481126,2026-03-12 12:00:00+00:00
1773320400000,2065.75,2081.22,2052.29,2065.1,1147.78711409,2026-03-12 13:00:00+00:00
1773324000000,2065.16,2094.56,2038.65,2045.74,3767.43172895,2026-03-12 14:00:00+00:00
1773327600000,2045.74,2082.49,2039.67,2073.06,1415.87993157,2026-03-12 15:00:00+00:00
1773331200000,2072.86,2077.98,2056.71,2070.1,570.94501045,2026-03-12 16:00:00+00:00
1773334800000,2070.13,2075.0,2056.7,2058.67,774.32011944,2026-03-12 17:00:00+00:00
1773338400000,2058.67,2062.2,2047.4,2048.7,557.11972723,2026-03-12 18:00:00+00:00
1773342000000,2048.7,2073.57,2045.5,2071.49,2769.74109828,2026-03-12 19:00:00+00:00
1773345600000,2070.4,2073.87,2060.87,2063.09,1016.17604175,2026-03-12 20:00:00+00:00
1773349200000,2063.16,2069.15,2057.74,2063.05,1338.54262966,2026-03-12 21:00:00+00:00
1773352800000,2063.24,2067.55,2056.22,2066.44,628.43761174,2026-03-12 22:00:00+00:00
1773356400000,2065.55,2092.93,2065.51,2073.83,2180.142943,2026-03-12 23:00:00+00:00
1773360000000,2073.36,2148.0,2070.66,2119.42,8213.66255313,2026-03-13 00:00:00+00:00
1773363600000,2119.2,2130.13,2112.23,2125.0,1443.4937863,2026-03-13 01:00:00+00:00
1773367200000,2125.0,2126.57,2102.88,2106.11,767.08846846,2026-03-13 02:00:00+00:00
1773370800000,2106.12,2123.61,2102.52,2119.17,633.85397272,2026-03-13 03:00:00+00:00
1773374400000,2119.17,2119.53,2110.08,2110.91,632.35335128,2026-03-13 04:00:00+00:00
1773378000000,2111.76,2114.99,2103.97,2110.88,393.40722126,2026-03-13 05:00:00+00:00
1773381600000,2110.75,2112.97,2090.4,2095.89,1028.21215902,2026-03-13 06:00:00+00:00
1773385200000,2095.89,2104.66,2093.72,2099.38,895.08746171,2026-03-13 07:00:00+00:00
1773388800000,2099.38,2116.95,2092.0,2100.48,1516.9025403,2026-03-13 08:00:00+00:00
1773392400000,2100.19,2116.94,2097.35,2114.22,849.46056633,2026-03-13 09:00:00+00:00
1773396000000,2114.11,2132.9,2113.34,2127.18,1918.03135582,2026-03-13 10:00:00+00:00
1773399600000,2127.35,2130.51,2118.88,2121.74,1248.29691128,2026-03-13 11:00:00+00:00
1773403200000,2121.18,2153.13,2121.04,2147.31,5496.10585664,2026-03-13 12:00:00+00:00
1773406800000,2147.3,2200.0,2143.1,2186.63,7187.09557882,2026-03-13 13:00:00+00:00
1773410400000,2186.31,2209.88,2146.35,2151.01,7925.24572149,2026-03-13 14:00:00+00:00
1773414000000,2151.58,2166.14,2125.84,2128.42,2269.51144203,2026-03-13 15:00:00+00:00
1773417600000,2128.82,2144.24,2112.22,2133.9,3093.25589881,2026-03-13 16:00:00+00:00
1773421200000,2134.12,2141.83,2091.98,2103.0,2749.23785214,2026-03-13 17:00:00+00:00
1773424800000,2103.26,2108.88,2091.51,2101.0,1332.34691191,2026-03-13 18:00:00+00:00
1773428400000,2101.01,2105.86,2096.82,2101.9,640.33758665,2026-03-13 19:00:00+00:00
1773432000000,2103.0,2114.12,2101.86,2111.52,676.64453718,2026-03-13 20:00:00+00:00
1773435600000,2111.52,2116.44,2102.0,2103.69,1730.1679455,2026-03-13 21:00:00+00:00
1773439200000,2103.64,2104.62,2076.66,2089.34,3186.8207513,2026-03-13 22:00:00+00:00
1773442800000,2089.34,2093.97,2086.69,2093.25,280.26520847,2026-03-13 23:00:00+00:00
1773446400000,2093.05,2095.47,2083.4,2085.82,574.76042543,2026-03-14 00:00:00+00:00
1773450000000,2085.83,2095.39,2082.53,2093.0,451.86494805,2026-03-14 01:00:00+00:00
1773453600000,2093.01,2096.05,2090.07,2092.68,203.10384943,2026-03-14 02:00:00+00:00
1773457200000,2092.86,2104.0,2092.86,2101.52,2759.8436457,2026-03-14 03:00:00+00:00
1773460800000,2101.52,2105.96,2088.41,2090.62,580.15395235,2026-03-14 04:00:00+00:00
1773464400000,2090.62,2094.78,2087.11,2092.88,207.73630724,2026-03-14 05:00:00+00:00
1773468000000,2092.87,2092.87,2069.28,2078.97,713.25540755,2026-03-14 06:00:00+00:00
1773471600000,2078.41,2080.7,2076.13,2077.72,310.51953596,2026-03-14 07:00:00+00:00
1773475200000,2077.74,2081.23,2073.42,2074.59,399.5706528,2026-03-14 08:00:00+00:00
1773478800000,2074.64,2077.72,2064.33,2067.66,533.36981271,2026-03-14 09:00:00+00:00
1773482400000,2067.42,2068.87,2062.22,2066.76,272.62527646,2026-03-14 10:00:00+00:00
1773486000000,2066.76,2077.29,2066.75,2073.75,312.14110842,2026-03-14 11:00:00+00:00
1773489600000,2074.14,2078.11,2070.61,2075.48,284.26484157,2026-03-14 12:00:00+00:00
1773493200000,2075.88,2080.22,2073.21,2078.98,346.65048101,2026-03-14 13:00:00+00:00
1773496800000,2079.26,2080.4,2070.47,2072.01,553.56971366,2026-03-14 14:00:00+00:00
1773500400000,2072.01,2077.94,2070.73,2075.15,317.87593908,2026-03-14 15:00:00+00:00
1773504000000,2075.15,2078.74,2069.71,2077.98,255.63571698,2026-03-14 16:00:00+00:00
1773507600000,2077.98,2078.6,2073.81,2075.41,245.8875123,2026-03-14 17:00:00+00:00
1773511200000,2075.41,2078.25,2073.2,2077.44,147.30210558,2026-03-14 18:00:00+00:00
1773514800000,2077.44,2079.85,2075.4,2078.01,182.20979575,2026-03-14 19:00:00+00:00
1773518400000,2078.04,2087.92,2076.58,2087.04,507.11694334,2026-03-14 20:00:00+00:00
1773522000000,2086.71,2089.2,2082.83,2087.1,172.57248951,2026-03-14 21:00:00+00:00
1773525600000,2087.1,2088.3,2083.11,2084.5,158.6239819,2026-03-14 22:00:00+00:00
1773529200000,2084.58,2100.47,2084.58,2096.52,816.02875255,2026-03-14 23:00:00+00:00
1773532800000,2096.52,2097.24,2087.39,2088.86,473.58696357,2026-03-15 00:00:00+00:00
1773536400000,2088.4,2091.1,2084.01,2089.33,184.04713015,2026-03-15 01:00:00+00:00
1773540000000,2089.27,2108.01,2089.27,2102.58,582.75777428,2026-03-15 02:00:00+00:00
1773543600000,2102.45,2105.15,2094.06,2096.58,320.40076099,2026-03-15 03:00:00+00:00
1773547200000,2096.59,2104.27,2096.58,2103.85,378.09214179,2026-03-15 04:00:00+00:00
1773550800000,2104.3,2116.02,2102.41,2108.29,739.77912123,2026-03-15 05:00:00+00:00
1773554400000,2108.31,2111.21,2103.35,2108.03,120.08669037,2026-03-15 06:00:00+00:00
1773558000000,2108.2,2113.71,2104.24,2106.04,278.56222273,2026-03-15 07:00:00+00:00
1773561600000,2106.13,2113.53,2106.13,2113.42,191.69829915,2026-03-15 08:00:00+00:00
1773565200000,2113.42,2123.5,2113.41,2117.91,333.05947857,2026-03-15 09:00:00+00:00
1773568800000,2117.91,2121.6,2114.46,2120.01,355.99030161,2026-03-15 10:00:00+00:00
1773572400000,2120.01,2121.27,2115.76,2119.63,234.6849911,2026-03-15 11:00:00+00:00
1773576000000,2120.02,2120.23,2105.1,2109.63,1174.85135299,2026-03-15 12:00:00+00:00
1773579600000,2110.04,2112.64,2086.77,2098.18,2084.02594671,2026-03-15 13:00:00+00:00
1773583200000,2097.22,2098.95,2087.42,2096.99,689.61902951,2026-03-15 14:00:00+00:00
1773586800000,2097.22,2097.22,2091.16,2093.97,276.4407595,2026-03-15 15:00:00+00:00
1773590400000,2093.98,2099.29,2089.5,2092.19,239.38647047,2026-03-15 16:00:00+00:00
1773594000000,2092.19,2118.12,2092.18,2111.1,484.06512572,2026-03-15 17:00:00+00:00
1773597600000,2111.32,2113.4,2095.59,2099.35,820.10627106,2026-03-15 18:00:00+00:00
1773601200000,2099.24,2114.73,2096.96,2113.93,4037.54348293,2026-03-15 19:00:00+00:00
1773604800000,2114.2,2139.11,2110.57,2129.81,1081.64530358,2026-03-15 20:00:00+00:00
1773608400000,2129.6,2144.99,2124.32,2139.58,876.53407462,2026-03-15 21:00:00+00:00
1773612000000,2139.82,2192.0,2126.36,2183.1,6225.84607136,2026-03-15 22:00:00+00:00
1773615600000,2185.0,2202.98,2166.41,2178.97,5049.88020795,2026-03-15 23:00:00+00:00
1773619200000,2178.84,2186.87,2166.02,2172.09,973.38007248,2026-03-16 00:00:00+00:00
1773622800000,2171.43,2190.49,2165.91,2186.1,863.77331001,2026-03-16 01:00:00+00:00
1773626400000,2186.59,2189.05,2171.09,2181.5,619.5421841,2026-03-16 02:00:00+00:00
1773630000000,2181.5,2252.87,2178.45,2236.32,11824.45505247,2026-03-16 03:00:00+00:00
1773633600000,2236.0,2280.0,2236.0,2263.36,5398.59434116,2026-03-16 04:00:00+00:00
1773637200000,2263.38,2288.0,2257.69,2279.93,3210.11021532,2026-03-16 05:00:00+00:00
1773640800000,2280.42,2281.22,2261.2,2261.56,1202.38514512,2026-03-16 06:00:00+00:00
1773644400000,2261.58,2269.03,2246.05,2249.19,1076.0108815,2026-03-16 07:00:00+00:00
1773648000000,2249.41,2259.9,2235.34,2243.47,1361.04541548,2026-03-16 08:00:00+00:00
1773651600000,2243.47,2266.46,2240.38,2260.8,1012.2673927,2026-03-16 09:00:00+00:00
1773655200000,2260.68,2278.92,2256.15,2278.31,1545.35777382,2026-03-16 10:00:00+00:00
1773658800000,2278.3,2280.0,2266.08,2270.47,1215.48551775,2026-03-16 11:00:00+00:00
1773662400000,2270.47,2303.73,2269.97,2280.01,2625.76930447,2026-03-16 12:00:00+00:00
1773666000000,2280.01,2307.77,2272.99,2290.02,2525.44292436,2026-03-16 13:00:00+00:00
1773669600000,2289.38,2305.25,2255.0,2288.1,4304.51491145,2026-03-16 14:00:00+00:00
1773673200000,2288.11,2300.0,2270.84,2274.35,2696.51449492,2026-03-16 15:00:00+00:00
1773676800000,2274.09,2300.27,2270.79,2297.46,2601.5842206,2026-03-16 16:00:00+00:00
1773680400000,2297.24,2322.63,2293.8,2314.61,2538.41271543,2026-03-16 17:00:00+00:00
1773684000000,2314.62,2346.0,2314.4,2322.03,3805.52296615,2026-03-16 18:00:00+00:00
1773687600000,2322.15,2347.98,2319.4,2330.82,2269.75122056,2026-03-16 19:00:00+00:00
1773691200000,2331.22,2347.69,2323.66,2345.75,1138.61312212,2026-03-16 20:00:00+00:00
1773694800000,2345.77,2376.62,2344.19,2361.29,3090.86857191,2026-03-16 21:00:00+00:00
1773698400000,2361.29,2385.4,2355.65,2357.63,1653.4876324,2026-03-16 22:00:00+00:00
1773702000000,2358.16,2361.29,2330.86,2352.65,2030.3231158,2026-03-16 23:00:00+00:00
1773705600000,2352.65,2376.21,2340.93,2357.59,3272.48137231,2026-03-17 00:00:00+00:00
1773709200000,2357.59,2374.57,2347.7,2361.81,2233.8719779,2026-03-17 01:00:00+00:00
1773712800000,2361.43,2361.47,2345.3,2351.42,1264.61168846,2026-03-17 02:00:00+00:00
1773716400000,2351.45,2355.65,2308.91,2320.3,4451.5160139,2026-03-17 03:00:00+00:00
1773720000000,2320.31,2330.71,2297.65,2311.29,2047.51626631,2026-03-17 04:00:00+00:00
1773723600000,2312.01,2318.47,2298.33,2306.46,1050.35860364,2026-03-17 05:00:00+00:00
1773727200000,2307.47,2324.22,2299.49,2315.59,2385.86039127,2026-03-17 06:00:00+00:00
1773730800000,2315.59,2338.37,2315.45,2328.05,1094.6708118,2026-03-17 07:00:00+00:00
1773734400000,2327.97,2334.85,2317.37,2320.7,784.26772547,2026-03-17 08:00:00+00:00
1773738000000,2320.93,2329.4,2307.99,2316.32,2302.49770955,2026-03-17 09:00:00+00:00
1773741600000,2316.32,2317.4,2305.29,2313.68,767.40711717,2026-03-17 10:00:00+00:00
1773745200000,2313.57,2333.05,2311.91,2327.61,1020.05328023,2026-03-17 11:00:00+00:00
1773748800000,2327.45,2335.02,2314.09,2316.6,1209.0337458,2026-03-17 12:00:00+00:00
1773752400000,2315.89,2347.32,2314.0,2329.89,2195.89355752,2026-03-17 13:00:00+00:00
1773756000000,2329.51,2348.98,2319.93,2344.6,2931.87137474,2026-03-17 14:00:00+00:00
1773759600000,2344.42,2359.45,2305.67,2317.05,3897.59221852,2026-03-17 15:00:00+00:00
1773763200000,2316.74,2338.9,2313.57,2327.99,3269.55655115,2026-03-17 16:00:00+00:00
1773766800000,2327.99,2343.25,2321.89,2340.29,972.0436843,2026-03-17 17:00:00+00:00
1773770400000,2341.03,2343.25,2329.3,2333.83,1798.49121226,2026-03-17 18:00:00+00:00
1773774000000,2333.81,2340.0,2318.05,2321.32,2675.32526071,2026-03-17 19:00:00+00:00
1773777600000,2321.29,2330.57,2318.57,2328.89,3077.869696,2026-03-17 20:00:00+00:00
1773781200000,2328.93,2344.83,2328.91,2339.28,857.63031027,2026-03-17 21:00:00+00:00
1773784800000,2339.22,2342.63,2320.0,2330.58,1846.76699555,2026-03-17 22:00:00+00:00
1773788400000,2330.53,2333.79,2317.34,2318.03,1802.7160791,2026-03-17 23:00:00+00:00
1773792000000,2318.12,2326.53,2308.0,2324.65,773.87840734,2026-03-18 00:00:00+00:00
1773795600000,2324.99,2335.92,2324.02,2325.52,520.78201467,2026-03-18 01:00:00+00:00
1773799200000,2325.67,2341.84,2325.46,2332.21,438.04522519,2026-03-18 02:00:00+00:00
1773802800000,2332.11,2350.41,2329.38,2341.6,2319.53231485,2026-03-18 03:00:00+00:00
1773806400000,2341.6,2342.56,2327.6,2328.7,1007.83861997,2026-03-18 04:00:00+00:00
1773810000000,2328.33,2331.83,2314.74,2319.23,910.51159898,2026-03-18 05:00:00+00:00
1773813600000,2319.37,2332.14,2319.23,2323.0,472.28912806,2026-03-18 06:00:00+00:00
1773817200000,2323.75,2324.06,2312.87,2318.11,346.90839986,2026-03-18 07:00:00+00:00
1773820800000,2318.23,2325.95,2318.06,2323.4,365.36331356,2026-03-18 08:00:00+00:00
1773824400000,2323.4,2333.44,2322.25,2329.33,200.53156284,2026-03-18 09:00:00+00:00
1773828000000,2329.95,2332.3,2309.97,2313.74,771.58172366,2026-03-18 10:00:00+00:00
1773831600000,2313.69,2318.39,2262.51,2269.9,2857.57863922,2026-03-18 11:00:00+00:00
1773835200000,2269.7,2270.72,2236.44,2238.89,2058.85102706,2026-03-18 12:00:00+00:00
1773838800000,2238.09,2245.15,2223.94,2236.0,1636.29984076,2026-03-18 13:00:00+00:00
1773842400000,2236.0,2237.05,2187.57,2190.87,2523.00260797,2026-03-18 14:00:00+00:00
1773846000000,2191.34,2197.05,2171.0,2188.02,2266.40153044,2026-03-18 15:00:00+00:00
1773849600000,2188.04,2191.17,2166.39,2181.66,1861.87986392,2026-03-18 16:00:00+00:00
1773853200000,2181.86,2212.81,2177.56,2204.57,2835.72104981,2026-03-18 17:00:00+00:00
1773856800000,2204.53,2220.44,2176.2,2181.45,2469.01221096,2026-03-18 18:00:00+00:00
1773860400000,2181.61,2197.21,2179.21,2185.79,1658.09700002,2026-03-18 19:00:00+00:00
1773864000000,2185.79,2194.25,2153.94,2188.12,2089.91100577,2026-03-18 20:00:00+00:00
1773867600000,2188.12,2206.79,2186.39,2203.83,685.02580545,2026-03-18 21:00:00+00:00
1773871200000,2202.8,2203.73,2187.59,2194.68,654.7689331,2026-03-18 22:00:00+00:00
1773874800000,2194.36,2206.45,2189.5,2203.68,885.71841549,2026-03-18 23:00:00+00:00
1773878400000,2203.61,2207.9,2191.38,2194.06,1170.82595786,2026-03-19 00:00:00+00:00
1773882000000,2193.58,2202.0,2188.01,2197.48,272.8991903,2026-03-19 01:00:00+00:00
1773885600000,2197.24,2205.0,2189.83,2197.4,273.66146679,2026-03-19 02:00:00+00:00
1773889200000,2197.16,2233.8,2196.97,2212.59,1481.92233743,2026-03-19 03:00:00+00:00
1773892800000,2212.59,2213.15,2191.39,2193.49,730.19663042,2026-03-19 04:00:00+00:00
1773896400000,2193.76,2198.08,2186.77,2189.02,373.69470714,2026-03-19 05:00:00+00:00
1773900000000,2189.33,2194.72,2178.62,2180.66,417.10066992,2026-03-19 06:00:00+00:00
1773903600000,2180.66,2182.16,2143.42,2166.57,3008.54352746,2026-03-19 07:00:00+00:00
1773907200000,2167.0,2170.96,2158.6,2160.4,1068.30246044,2026-03-19 08:00:00+00:00
1773910800000,2161.48,2190.9,2160.91,2189.41,1067.7239036,2026-03-19 09:00:00+00:00
1773914400000,2189.23,2192.0,2172.99,2173.0,282.54967078,2026-03-19 10:00:00+00:00
1773918000000,2173.01,2177.6,2165.94,2166.61,427.16935859,2026-03-19 11:00:00+00:00
1773921600000,2167.04,2167.27,2130.28,2132.62,2588.96168946,2026-03-19 12:00:00+00:00
1773925200000,2132.84,2143.6,2112.01,2137.0,3683.04239758,2026-03-19 13:00:00+00:00
1773928800000,2137.0,2147.0,2103.0,2121.99,1893.8729293,2026-03-19 14:00:00+00:00
1773932400000,2121.96,2136.4,2100.0,2119.44,2485.89770199,2026-03-19 15:00:00+00:00
1773936000000,2119.24,2122.41,2107.12,2115.37,3584.23352564,2026-03-19 16:00:00+00:00
1773939600000,2115.36,2131.51,2104.78,2127.13,5247.55946365,2026-03-19 17:00:00+00:00
1773943200000,2127.13,2128.0,2114.48,2125.06,984.75073096,2026-03-19 18:00:00+00:00
1773946800000,2125.26,2156.44,2125.26,2141.56,6292.86373126,2026-03-19 19:00:00+00:00
1773950400000,2141.93,2153.14,2140.0,2146.53,2043.24260449,2026-03-19 20:00:00+00:00
1773954000000,2146.63,2156.0,2146.16,2150.0,7387.61056861,2026-03-19 21:00:00+00:00
1773957600000,2150.3,2152.79,2133.62,2140.26,3110.95842527,2026-03-19 22:00:00+00:00
1773961200000,2140.27,2147.62,2131.66,2137.77,3587.92004828,2026-03-19 23:00:00+00:00
1773964800000,2137.75,2148.88,2135.12,2145.57,658.59955256,2026-03-20 00:00:00+00:00
1773968400000,2145.71,2160.83,2145.21,2151.29,1423.14330519,2026-03-20 01:00:00+00:00
1773972000000,2151.29,2151.78,2133.03,2144.75,784.07366519,2026-03-20 02:00:00+00:00
1773975600000,2144.82,2157.23,2143.99,2151.53,339.11199103,2026-03-20 03:00:00+00:00
1773979200000,2151.49,2158.73,2139.68,2148.57,260.92885041,2026-03-20 04:00:00+00:00
1773982800000,2148.31,2151.52,2138.27,2140.56,354.00476208,2026-03-20 05:00:00+00:00
1773986400000,2140.51,2140.52,2132.47,2136.48,745.73836342,2026-03-20 06:00:00+00:00
1773990000000,2136.72,2153.87,2121.95,2151.13,6993.49426376,2026-03-20 07:00:00+00:00
1773993600000,2150.9,2176.58,2146.91,2164.84,2472.56207213,2026-03-20 08:00:00+00:00
1773997200000,2164.01,2164.07,2135.78,2140.32,397.09097693,2026-03-20 09:00:00+00:00
1774000800000,2141.0,2150.48,2131.75,2148.33,295.55816797,2026-03-20 10:00:00+00:00
1774004400000,2148.34,2158.6,2135.23,2141.22,518.87154747,2026-03-20 11:00:00+00:00
1774008000000,2141.23,2152.55,2135.69,2141.24,985.52065859,2026-03-20 12:00:00+00:00
1774011600000,2141.24,2152.16,2123.68,2127.24,1881.08618218,2026-03-20 13:00:00+00:00
1774015200000,2127.07,2147.47,2117.54,2129.23,3832.49197049,2026-03-20 14:00:00+00:00
1774018800000,2129.12,2138.18,2120.12,2133.82,1415.78101731,2026-03-20 15:00:00+00:00
1774022400000,2133.57,2143.79,2130.35,2136.93,1355.24833026,2026-03-20 16:00:00+00:00
1774026000000,2137.0,2140.89,2120.0,2135.45,3668.3532856,2026-03-20 17:00:00+00:00
1774029600000,2136.63,2137.11,2117.28,2122.91,575.74709916,2026-03-20 18:00:00+00:00
1774033200000,2122.93,2134.0,2117.15,2132.43,806.44537002,2026-03-20 19:00:00+00:00
1774036800000,2132.62,2136.0,2123.55,2133.05,1493.42851491,2026-03-20 20:00:00+00:00
1774040400000,2133.16,2156.85,2130.51,2147.53,5308.38001917,2026-03-20 21:00:00+00:00
1774044000000,2147.53,2168.02,2147.53,2155.1,1103.3271074,2026-03-20 22:00:00+00:00
1774047600000,2154.66,2155.17,2143.13,2146.26,359.17689901,2026-03-20 23:00:00+00:00
1774051200000,2146.05,2156.39,2144.05,2152.87,445.19916299,2026-03-21 00:00:00+00:00
1774054800000,2152.87,2158.44,2147.37,2147.44,617.69648354,2026-03-21 01:00:00+00:00
1774058400000,2147.13,2155.77,2146.01,2154.56,333.21264763,2026-03-21 02:00:00+00:00
1774062000000,2154.57,2155.64,2151.06,2153.19,236.2264094,2026-03-21 03:00:00+00:00
1774065600000,2153.08,2157.79,2150.22,2151.29,273.71138628,2026-03-21 04:00:00+00:00
1774069200000,2151.31,2157.0,2151.3,2152.68,922.69598353,2026-03-21 05:00:00+00:00
1774072800000,2152.69,2155.67,2151.74,2154.74,457.40303733,2026-03-21 06:00:00+00:00
1774076400000,2154.78,2160.82,2153.84,2155.13,208.53587443,2026-03-21 07:00:00+00:00
1774080000000,2155.13,2156.19,2149.11,2153.52,186.556459,2026-03-21 08:00:00+00:00
1774083600000,2153.14,2158.36,2153.06,2157.52,256.20413153,2026-03-21 09:00:00+00:00
1774087200000,2157.52,2158.98,2152.88,2153.5,124.83382003,2026-03-21 10:00:00+00:00
1774090800000,2153.76,2156.98,2152.77,2156.89,204.42227108,2026-03-21 11:00:00+00:00
1774094400000,2156.89,2159.86,2156.53,2157.57,106.66494716,2026-03-21 12:00:00+00:00
1774098000000,2157.41,2159.14,2154.44,2155.3,175.58705315,2026-03-21 13:00:00+00:00
1774101600000,2155.3,2167.31,2150.06,2151.8,678.20849759,2026-03-21 14:00:00+00:00
1774105200000,2151.8,2157.12,2146.44,2155.46,654.18785037,2026-03-21 15:00:00+00:00
1774108800000,2154.79,2155.14,2143.99,2146.19,1464.43257374,2026-03-21 16:00:00+00:00
1774112400000,2146.19,2150.09,2142.81,2148.17,185.95346564,2026-03-21 17:00:00+00:00
1774116000000,2148.18,2155.27,2147.55,2151.22,133.47393546,2026-03-21 18:00:00+00:00
1774119600000,2151.06,2152.62,2148.93,2152.15,94.93150204,2026-03-21 19:00:00+00:00
1774123200000,2152.16,2156.22,2150.32,2155.53,393.57456066,2026-03-21 20:00:00+00:00
1774126800000,2155.53,2156.62,2152.48,2153.29,168.12652253,2026-03-21 21:00:00+00:00
1774130400000,2153.27,2153.28,2149.28,2149.69,89.39366256,2026-03-21 22:00:00+00:00
1774134000000,2149.39,2149.39,2071.1,2085.46,4956.63518424,2026-03-21 23:00:00+00:00
1774137600000,2085.44,2094.94,2050.0,2087.33,4479.42656739,2026-03-22 00:00:00+00:00
1774141200000,2087.45,2094.04,2082.57,2091.66,634.84341541,2026-03-22 01:00:00+00:00
1774144800000,2091.14,2108.77,2087.82,2103.3,872.19164153,2026-03-22 02:00:00+00:00
1774148400000,2101.88,2126.95,2098.18,2113.84,484.58379862,2026-03-22 03:00:00+00:00
1774152000000,2113.8,2121.66,2106.77,2118.89,522.99842468,2026-03-22 04:00:00+00:00
1774155600000,2118.34,2119.86,2112.64,2113.29,360.22885732,2026-03-22 05:00:00+00:00
1774159200000,2112.48,2112.5,2107.24,2108.28,400.47975243,2026-03-22 06:00:00+00:00
1774162800000,2108.26,2111.88,2093.27,2093.44,832.97235574,2026-03-22 07:00:00+00:00
1774166400000,2093.56,2095.65,2075.02,2086.17,657.13086508,2026-03-22 08:00:00+00:00
1774170000000,2085.26,2095.18,2079.73,2085.12,653.98445396,2026-03-22 09:00:00+00:00
1774173600000,2085.04,2085.88,2077.38,2081.18,245.36473962,2026-03-22 10:00:00+00:00
1774177200000,2081.18,2083.67,2066.75,2069.68,340.46432736,2026-03-22 11:00:00+00:00
1774180800000,2069.87,2087.79,2068.21,2082.35,435.07218079,2026-03-22 12:00:00+00:00
1774184400000,2082.32,2091.62,2073.29,2079.0,1584.42582034,2026-03-22 13:00:00+00:00
1774188000000,2079.01,2085.19,2072.4,2078.41,1103.52601464,2026-03-22 14:00:00+00:00
1774191600000,2078.12,2084.53,2076.15,2082.84,311.03965877,2026-03-22 15:00:00+00:00
1774195200000,2082.85,2083.8,2078.01,2082.2,130.28926729,2026-03-22 16:00:00+00:00
1774198800000,2082.19,2084.65,2078.0,2080.04,353.52156107,2026-03-22 17:00:00+00:00
1774202400000,2080.04,2080.14,2057.57,2072.44,1711.85468748,2026-03-22 18:00:00+00:00
1774206000000,2072.08,2072.08,2054.31,2063.1,4962.48318987,2026-03-22 19:00:00+00:00
1774209600000,2062.98,2071.63,2055.1,2058.63,3799.84031815,2026-03-22 20:00:00+00:00
1774213200000,2058.41,2060.15,2025.3,2045.22,8776.20706326,2026-03-22 21:00:00+00:00
1774216800000,2045.23,2065.46,2032.01,2062.09,3421.44464803,2026-03-22 22:00:00+00:00
1774220400000,2062.09,2073.1,2051.42,2053.71,1391.89797756,2026-03-22 23:00:00+00:00
1774224000000,2053.7,2062.53,2034.97,2042.67,8003.62295592,2026-03-23 00:00:00+00:00
1774227600000,2042.86,2061.67,2038.74,2048.04,3053.48107495,2026-03-23 01:00:00+00:00
1774231200000,2047.19,2069.26,2046.08,2063.2,2839.9778826,2026-03-23 02:00:00+00:00
1774234800000,2063.0,2071.68,2051.28,2051.76,604.71930971,2026-03-23 03:00:00+00:00
1774238400000,2052.11,2065.59,2050.31,2064.78,473.24078201,2026-03-23 04:00:00+00:00
1774242000000,2064.99,2071.19,2060.48,2068.87,603.40400467,2026-03-23 05:00:00+00:00
1774245600000,2068.31,2068.31,2027.41,2036.58,3490.93913818,2026-03-23 06:00:00+00:00
1774249200000,2036.58,2049.92,2022.58,2043.27,2439.59133476,2026-03-23 07:00:00+00:00
1774252800000,2044.01,2058.06,2043.46,2047.36,1316.16630434,2026-03-23 08:00:00+00:00
1774256400000,2047.53,2048.56,2029.32,2043.23,295.38182441,2026-03-23 09:00:00+00:00
1774260000000,2042.95,2053.04,2039.72,2048.46,504.13534253,2026-03-23 10:00:00+00:00
1774263600000,2048.35,2197.22,2048.35,2133.64,9508.15881872,2026-03-23 11:00:00+00:00
1774267200000,2133.74,2147.28,2107.87,2142.5,6576.1090295,2026-03-23 12:00:00+00:00
1774270800000,2143.82,2187.79,2140.16,2184.8,2748.36150059,2026-03-23 13:00:00+00:00
1774274400000,2184.98,2191.5,2169.15,2181.61,1356.2795993,2026-03-23 14:00:00+00:00
1774278000000,2180.85,2187.18,2125.02,2128.49,4599.47805686,2026-03-23 15:00:00+00:00
1774281600000,2128.5,2142.53,2116.43,2135.38,8485.27893583,2026-03-23 16:00:00+00:00
1774285200000,2136.6,2157.25,2124.88,2152.24,806.53328665,2026-03-23 17:00:00+00:00
1774288800000,2152.35,2170.0,2145.02,2168.57,2733.01878742,2026-03-23 18:00:00+00:00
1774292400000,2167.79,2176.79,2151.24,2154.89,2024.08423324,2026-03-23 19:00:00+00:00
1774296000000,2154.29,2165.7,2150.41,2161.12,535.74556922,2026-03-23 20:00:00+00:00
1774299600000,2161.13,2163.38,2154.3,2156.61,411.61847469,2026-03-23 21:00:00+00:00
1774303200000,2158.2,2159.24,2144.07,2152.78,606.4554708,2026-03-23 22:00:00+00:00
1774306800000,2151.68,2153.66,2140.33,2151.36,520.92148096,2026-03-23 23:00:00+00:00
1774310400000,2151.63,2155.5,2130.47,2143.04,6792.22563288,2026-03-24 00:00:00+00:00
1774314000000,2143.04,2149.75,2125.0,2137.8,3426.72549551,2026-03-24 01:00:00+00:00
1774317600000,2137.76,2145.11,2132.69,2136.35,2870.75208224,2026-03-24 02:00:00+00:00
1774321200000,2135.8,2142.28,2130.44,2141.35,230.00045888,2026-03-24 03:00:00+00:00
1774324800000,2141.45,2151.94,2132.28,2135.78,380.24988344,2026-03-24 04:00:00+00:00
1774328400000,2135.99,2138.18,2128.45,2133.4,287.35349025,2026-03-24 05:00:00+00:00
1774332000000,2133.6,2146.02,2132.28,2144.96,976.9289163,2026-03-24 06:00:00+00:00
1774335600000,2144.9,2171.28,2144.33,2165.81,1356.33281446,2026-03-24 07:00:00+00:00
1774339200000,2165.84,2167.44,2152.6,2155.06,454.51922764,2026-03-24 08:00:00+00:00
1774342800000,2154.51,2167.03,2147.38,2164.73,285.68251104,2026-03-24 09:00:00+00:00
1774346400000,2164.74,2164.77,2154.96,2160.89,417.54314458,2026-03-24 10:00:00+00:00
1774350000000,2160.89,2174.85,2152.02,2165.33,694.6747269,2026-03-24 11:00:00+00:00
1774353600000,2165.59,2169.29,2158.49,2162.84,511.57362532,2026-03-24 12:00:00+00:00
1774357200000,2162.27,2165.37,2130.95,2138.04,2357.35519745,2026-03-24 13:00:00+00:00
1774360800000,2137.99,2147.74,2119.57,2133.32,1218.1632631,2026-03-24 14:00:00+00:00
1774364400000,2134.01,2146.42,2131.01,2134.84,1340.55619942,2026-03-24 15:00:00+00:00
1774368000000,2134.66,2139.8,2120.45,2126.05,1060.22153807,2026-03-24 16:00:00+00:00
1774371600000,2126.53,2128.01,2099.58,2107.99,11093.8727847,2026-03-24 17:00:00+00:00
1774375200000,2108.0,2126.29,2104.87,2118.1,2893.81203148,2026-03-24 18:00:00+00:00
1774378800000,2118.1,2126.44,2113.55,2115.49,2131.25599994,2026-03-24 19:00:00+00:00
1774382400000,2115.79,2153.23,2114.53,2147.81,1709.38193411,2026-03-24 20:00:00+00:00
1774386000000,2148.02,2150.72,2139.78,2147.77,1427.57801617,2026-03-24 21:00:00+00:00
1774389600000,2147.78,2154.99,2140.17,2144.82,1347.61749761,2026-03-24 22:00:00+00:00
1774393200000,2146.09,2162.5,2142.87,2155.73,716.55283204,2026-03-24 23:00:00+00:00
1774396800000,2155.78,2169.0,2146.29,2160.9,2442.13946698,2026-03-25 00:00:00+00:00
1774400400000,2160.72,2166.0,2155.84,2156.08,422.69834868,2026-03-25 01:00:00+00:00
1774404000000,2156.09,2160.62,2153.03,2154.85,394.80046249,2026-03-25 02:00:00+00:00
1774407600000,2154.85,2159.47,2146.51,2157.58,617.68583271,2026-03-25 03:00:00+00:00
1774411200000,2157.7,2166.0,2156.19,2165.37,347.79082739,2026-03-25 04:00:00+00:00
1774414800000,2165.54,2178.88,2163.84,2168.2,736.92976205,2026-03-25 05:00:00+00:00
1774418400000,2168.22,2172.3,2163.1,2163.1,782.10846517,2026-03-25 06:00:00+00:00
1774422000000,2163.13,2176.5,2159.86,2164.24,528.38690149,2026-03-25 07:00:00+00:00
1774425600000,2164.18,2190.28,2164.18,2176.46,2533.18462417,2026-03-25 08:00:00+00:00
1774429200000,2175.97,2188.92,2175.0,2186.88,541.40539366,2026-03-25 09:00:00+00:00
1774432800000,2186.88,2188.34,2180.83,2185.07,295.56686234,2026-03-25 10:00:00+00:00
1774436400000,2185.06,2199.03,2180.33,2186.23,1202.51601368,2026-03-25 11:00:00+00:00
1774440000000,2186.37,2194.59,2165.06,2183.39,736.56600878,2026-03-25 12:00:00+00:00
1774443600000,2183.24,2197.32,2180.39,2184.0,525.55959839,2026-03-25 13:00:00+00:00
1774447200000,2184.01,2187.37,2173.12,2173.12,1549.89732195,2026-03-25 14:00:00+00:00
1774450800000,2173.89,2176.0,2147.11,2162.41,4608.45479427,2026-03-25 15:00:00+00:00
1774454400000,2162.42,2192.96,2156.63,2173.67,4904.5894679,2026-03-25 16:00:00+00:00
1774458000000,2173.67,2176.08,2160.0,2163.21,3325.38268449,2026-03-25 17:00:00+00:00
1774461600000,2163.59,2172.57,2157.86,2161.52,284.97864407,2026-03-25 18:00:00+00:00
1774465200000,2161.53,2175.71,2159.2,2171.62,3675.22281052,2026-03-25 19:00:00+00:00
1774468800000,2172.47,2172.47,2158.99,2166.13,1193.48329805,2026-03-25 20:00:00+00:00
1774472400000,2166.14,2169.0,2161.93,2163.66,293.98976764,2026-03-25 21:00:00+00:00
1774476000000,2163.65,2181.94,2161.13,2174.09,4031.11212093,2026-03-25 22:00:00+00:00
1774479600000,2173.99,2176.78,2164.18,2168.53,2301.13694097,2026-03-25 23:00:00+00:00
1774483200000,2168.17,2173.0,2161.41,2165.55,3852.12594557,2026-03-26 00:00:00+00:00
1774486800000,2165.55,2168.54,2160.0,2164.91,361.82908006,2026-03-26 01:00:00+00:00
1774490400000,2164.0,2165.0,2142.51,2149.49,951.5558912,2026-03-26 02:00:00+00:00
1774494000000,2148.8,2154.23,2144.05,2152.52,567.82223569,2026-03-26 03:00:00+00:00
1774497600000,2152.53,2153.0,2147.01,2148.61,490.75538312,2026-03-26 04:00:00+00:00
1774501200000,2148.65,2149.85,2113.06,2118.67,3538.52165906,2026-03-26 05:00:00+00:00
1774504800000,2118.67,2123.58,2111.87,2120.73,624.92994394,2026-03-26 06:00:00+00:00
1774508400000,2121.06,2123.55,2113.2,2122.47,324.87855998,2026-03-26 07:00:00+00:00
1774512000000,2122.75,2125.81,2113.75,2119.15,645.57616386,2026-03-26 08:00:00+00:00
1774515600000,2119.01,2120.72,2075.0,2082.69,4697.45825007,2026-03-26 09:00:00+00:00
1774519200000,2081.75,2082.56,2068.98,2077.89,2262.27276043,2026-03-26 10:00:00+00:00
1774522800000,2077.89,2080.48,2063.05,2067.78,604.91933196,2026-03-26 11:00:00+00:00
1774526400000,2067.89,2074.08,2065.53,2073.15,607.99486708,2026-03-26 12:00:00+00:00
1774530000000,2073.01,2092.25,2069.23,2079.99,3346.13177126,2026-03-26 13:00:00+00:00
1774533600000,2080.6,2084.49,2066.34,2075.31,728.2517758,2026-03-26 14:00:00+00:00
1774537200000,2075.18,2075.18,2052.14,2069.66,3298.75349172,2026-03-26 15:00:00+00:00
1774540800000,2069.38,2069.54,2058.67,2059.66,709.70515968,2026-03-26 16:00:00+00:00
1774544400000,2059.67,2069.05,2046.0,2047.77,1701.15340325,2026-03-26 17:00:00+00:00
1774548000000,2048.31,2054.47,2032.8,2045.39,2986.22067762,2026-03-26 18:00:00+00:00
1774551600000,2045.39,2052.6,2037.9,2048.96,2050.89323099,2026-03-26 19:00:00+00:00
1774555200000,2048.07,2078.93,2045.47,2064.14,3828.97935755,2026-03-26 20:00:00+00:00
1774558800000,2063.86,2075.44,2059.08,2067.67,801.01183033,2026-03-26 21:00:00+00:00
1774562400000,2067.61,2071.71,2054.33,2064.48,669.12581115,2026-03-26 22:00:00+00:00
1774566000000,2064.49,2068.43,2055.75,2059.17,567.28073554,2026-03-26 23:00:00+00:00
1774569600000,2059.28,2066.61,2056.1,2064.17,348.62600959,2026-03-27 00:00:00+00:00
1774573200000,2064.03,2073.36,2062.39,2072.73,259.53109413,2026-03-27 01:00:00+00:00
1774576800000,2073.29,2075.55,2066.29,2067.19,347.9557055,2026-03-27 02:00:00+00:00
1774580400000,2067.19,2067.44,2058.73,2060.3,543.01035697,2026-03-27 03:00:00+00:00
1774584000000,2060.32,2060.93,2042.69,2051.72,2081.63689735,2026-03-27 04:00:00+00:00
1774587600000,2051.72,2064.73,2051.07,2060.36,245.44472798,2026-03-27 05:00:00+00:00
1774591200000,2060.25,2066.39,2058.07,2061.31,521.68321826,2026-03-27 06:00:00+00:00
1774594800000,2061.54,2070.78,2059.18,2065.01,1773.03666963,2026-03-27 07:00:00+00:00
1774598400000,2065.0,2066.74,2033.77,2046.95,1579.87809889,2026-03-27 08:00:00+00:00
1774602000000,2046.66,2050.43,2036.19,2039.56,346.22012236,2026-03-27 09:00:00+00:00
1774605600000,2040.11,2043.1,1984.4,1990.61,7661.85536077,2026-03-27 10:00:00+00:00
1774609200000,1990.38,1997.22,1982.11,1990.58,2676.95408969,2026-03-27 11:00:00+00:00
1774612800000,1990.79,1993.01,1981.65,1988.43,1059.76471392,2026-03-27 12:00:00+00:00
1774616400000,1988.43,1996.28,1969.4,1977.93,2146.79902136,2026-03-27 13:00:00+00:00
1774620000000,1978.35,1988.53,1970.92,1988.14,1722.38722868,2026-03-27 14:00:00+00:00
1774623600000,1988.19,2009.46,1982.08,1990.0,3329.81687603,2026-03-27 15:00:00+00:00
1774627200000,1989.91,1990.7,1979.2,1985.42,1497.51876919,2026-03-27 16:00:00+00:00
1774630800000,1986.0,1995.48,1973.23,1976.0,1324.61807505,2026-03-27 17:00:00+00:00
1774634400000,1976.0,1984.76,1972.52,1983.32,2021.65245921,2026-03-27 18:00:00+00:00
1774638000000,1982.71,1995.59,1977.7,1990.1,564.68271223,2026-03-27 19:00:00+00:00
1774641600000,1990.1,1994.5,1978.45,1984.97,809.34795045,2026-03-27 20:00:00+00:00
1774645200000,1984.59,1989.47,1983.13,1984.17,512.67322058,2026-03-27 21:00:00+00:00
1774648800000,1984.47,1985.61,1980.45,1983.93,322.99322998,2026-03-27 22:00:00+00:00
1774652400000,1984.05,1992.69,1979.76,1991.66,290.17073972,2026-03-27 23:00:00+00:00
1774656000000,1991.48,1993.9,1988.26,1991.31,715.14683617,2026-03-28 00:00:00+00:00
1774659600000,1991.31,1991.31,1983.67,1988.78,268.52300996,2026-03-28 01:00:00+00:00
1774663200000,1989.36,1992.48,1981.78,1986.09,215.76923861,2026-03-28 02:00:00+00:00
1774666800000,1986.09,1990.0,1985.83,1988.08,109.28823197,2026-03-28 03:00:00+00:00
1774670400000,1988.08,1991.0,1985.95,1988.62,77.2938357,2026-03-28 04:00:00+00:00
1774674000000,1989.89,1992.95,1986.97,1992.95,351.68500282,2026-03-28 05:00:00+00:00
1774677600000,1992.95,2007.62,1991.95,2000.19,3960.63717977,2026-03-28 06:00:00+00:00
1774681200000,1999.57,2006.39,1999.33,2005.68,2404.33326278,2026-03-28 07:00:00+00:00
1774684800000,2005.68,2006.93,1996.94,1997.8,151.47357514,2026-03-28 08:00:00+00:00
1774688400000,1998.01,1998.32,1994.36,1997.84,112.86349332,2026-03-28 09:00:00+00:00
1774692000000,1997.84,2003.24,1991.51,1995.65,233.90433996,2026-03-28 10:00:00+00:00
1774695600000,1995.43,1999.47,1994.27,1996.93,71.29374172,2026-03-28 11:00:00+00:00
1774699200000,1996.2,2002.26,1991.67,1998.34,344.16668078,2026-03-28 12:00:00+00:00
1774702800000,1998.33,2045.1,1998.15,2025.17,4092.22656362,2026-03-28 13:00:00+00:00
1774706400000,2025.25,2027.71,2014.77,2019.72,748.81539723,2026-03-28 14:00:00+00:00
1774710000000,2019.46,2037.44,2017.28,2025.47,979.16984213,2026-03-28 15:00:00+00:00
1774713600000,2025.67,2029.01,2020.77,2023.29,509.72455477,2026-03-28 16:00:00+00:00
1774717200000,2023.29,2025.83,2015.69,2019.66,340.75461635,2026-03-28 17:00:00+00:00
1774720800000,2019.66,2023.45,2019.24,2020.23,308.6979644,2026-03-28 18:00:00+00:00
1774724400000,2020.24,2021.35,2016.56,2019.1,78.26505912,2026-03-28 19:00:00+00:00
1774728000000,2019.23,2025.0,2019.23,2023.04,382.41873196,2026-03-28 20:00:00+00:00
1774731600000,2023.04,2024.0,2005.45,2009.13,329.18218863,2026-03-28 21:00:00+00:00
1774735200000,2008.26,2011.53,2004.0,2010.35,239.42920424,2026-03-28 22:00:00+00:00
1774738800000,2010.35,2010.35,1986.55,1993.71,2201.29329889,2026-03-28 23:00:00+00:00
1774742400000,1993.06,1998.32,1990.39,1998.32,320.66039833,2026-03-29 00:00:00+00:00
1774746000000,1997.7,2005.22,1996.73,2003.67,1392.99110944,2026-03-29 01:00:00+00:00
1774749600000,2003.63,2008.95,2001.2,2007.86,234.70617094,2026-03-29 02:00:00+00:00
1774753200000,2007.65,2017.85,2005.78,2009.73,149.74469405,2026-03-29 03:00:00+00:00
1774756800000,2009.73,2010.8,2003.09,2004.39,169.5283865,2026-03-29 04:00:00+00:00
1774760400000,2004.39,2005.61,1996.37,2003.86,253.04715213,2026-03-29 05:00:00+00:00
1774764000000,2003.86,2006.63,1998.97,2004.0,206.6089818,2026-03-29 06:00:00+00:00
1774767600000,2003.19,2007.3,1998.55,2004.44,860.94234357,2026-03-29 07:00:00+00:00
1774771200000,2004.44,2005.84,2001.24,2002.89,137.65679713,2026-03-29 08:00:00+00:00
1774774800000,2002.75,2003.37,1993.25,1997.29,449.44822,2026-03-29 09:00:00+00:00
1774778400000,1997.01,1997.01,1990.5,1994.74,508.77758981,2026-03-29 10:00:00+00:00
1774782000000,1994.74,2005.84,1994.06,2002.77,143.43160923,2026-03-29 11:00:00+00:00
1774785600000,2002.23,2003.45,1996.81,2000.28,87.85586084,2026-03-29 12:00:00+00:00
1774789200000,2000.28,2000.28,1981.94,1985.47,910.2704155,2026-03-29 13:00:00+00:00
1774792800000,1985.47,2000.05,1982.73,1992.62,909.94938054,2026-03-29 14:00:00+00:00
1774796400000,1992.63,1997.05,1985.51,1990.87,1045.11878573,2026-03-29 15:00:00+00:00
1774800000000,1991.32,2003.25,1990.82,1996.5,1194.19135827,2026-03-29 16:00:00+00:00
1774803600000,1996.49,1998.11,1986.32,1993.51,254.86025363,2026-03-29 17:00:00+00:00
1774807200000,1993.69,1999.65,1990.21,1995.77,604.72771331,2026-03-29 18:00:00+00:00
1774810800000,1995.77,1998.12,1993.1,1994.07,172.89454989,2026-03-29 19:00:00+00:00
1774814400000,1994.13,2007.02,1994.13,2001.06,1359.36502019,2026-03-29 20:00:00+00:00
1774818000000,2001.06,2005.68,2000.08,2004.83,180.49737761,2026-03-29 21:00:00+00:00
1774821600000,2004.9,2004.99,1936.7,1971.69,4697.14953346,2026-03-29 22:00:00+00:00
1774825200000,1972.37,1992.43,1972.37,1983.07,2462.76710094,2026-03-29 23:00:00+00:00
1774828800000,1983.08,2022.97,1978.77,1995.67,5113.22375478,2026-03-30 00:00:00+00:00
1774832400000,1995.67,2014.11,1995.25,2008.48,3532.43499519,2026-03-30 01:00:00+00:00
1774836000000,2008.79,2041.2,2006.04,2028.15,5919.59998743,2026-03-30 02:00:00+00:00
1774839600000,2028.24,2039.62,2026.16,2034.32,968.74732949,2026-03-30 03:00:00+00:00
1774843200000,2034.33,2051.18,2034.32,2047.6,525.23493529,2026-03-30 04:00:00+00:00
1774846800000,2046.77,2056.99,2043.7,2046.21,1089.6258227,2026-03-30 05:00:00+00:00
1774850400000,2045.99,2050.12,2040.39,2041.09,505.590411,2026-03-30 06:00:00+00:00
1774854000000,2040.71,2063.6,2040.14,2057.57,865.41011584,2026-03-30 07:00:00+00:00
1774857600000,2057.73,2077.35,2056.74,2061.28,1272.49305679,2026-03-30 08:00:00+00:00
1774861200000,2060.88,2061.4,2052.57,2053.33,355.89882142,2026-03-30 09:00:00+00:00
1774864800000,2053.33,2056.09,2047.13,2056.01,341.21555172,2026-03-30 10:00:00+00:00
1774868400000,2056.29,2079.7,2056.04,2069.0,1921.5784226,2026-03-30 11:00:00+00:00
1774872000000,2069.69,2076.82,2067.98,2072.96,517.465356,2026-03-30 12:00:00+00:00
1774875600000,2072.96,2086.7,2056.0,2059.39,3522.19857573,2026-03-30 13:00:00+00:00
1774879200000,2059.16,2073.87,2042.7,2070.0,1513.51691804,2026-03-30 14:00:00+00:00
1774882800000,2070.1,2078.06,2060.6,2073.14,781.82167219,2026-03-30 15:00:00+00:00
1774886400000,2072.97,2073.42,2057.4,2064.0,1301.52487779,2026-03-30 16:00:00+00:00
1774890000000,2064.0,2069.81,2030.8,2039.6,1181.13106083,2026-03-30 17:00:00+00:00
1774893600000,2039.83,2042.05,2026.41,2030.8,898.96154099,2026-03-30 18:00:00+00:00
1774897200000,2030.64,2030.64,2012.27,2021.92,1224.30625682,2026-03-30 19:00:00+00:00
1774900800000,2021.73,2025.37,2019.36,2021.29,676.79744914,2026-03-30 20:00:00+00:00
1774904400000,2021.5,2046.97,2019.31,2034.88,1646.17868612,2026-03-30 21:00:00+00:00
1774908000000,2034.34,2042.64,2028.42,2031.73,310.49275041,2026-03-30 22:00:00+00:00
1774911600000,2031.73,2031.74,2012.46,2024.67,553.36767547,2026-03-30 23:00:00+00:00
1774915200000,2024.73,2038.72,2014.66,2034.87,772.52636049,2026-03-31 00:00:00+00:00
1774918800000,2035.0,2090.0,2031.56,2072.1,1651.69928738,2026-03-31 01:00:00+00:00
1774922400000,2071.47,2080.0,2065.49,2071.37,659.2143075,2026-03-31 02:00:00+00:00
1774926000000,2071.03,2074.72,2060.0,2065.4,679.45760252,2026-03-31 03:00:00+00:00
1774929600000,2065.4,2069.81,2055.44,2058.9,509.99871764,2026-03-31 04:00:00+00:00
1774933200000,2059.27,2067.17,2053.14,2062.28,462.52575907,2026-03-31 05:00:00+00:00
1774936800000,2062.73,2063.25,2053.47,2060.45,315.03922469,2026-03-31 06:00:00+00:00
1774940400000,2060.68,2061.08,2040.97,2054.01,736.06635149,2026-03-31 07:00:00+00:00
1774944000000,2054.09,2057.05,2035.0,2038.47,711.03649935,2026-03-31 08:00:00+00:00
1774947600000,2037.9,2041.98,2011.2,2016.64,1377.6952345,2026-03-31 09:00:00+00:00
1774951200000,2016.63,2027.87,2015.7,2024.29,585.63779692,2026-03-31 10:00:00+00:00
1774954800000,2024.3,2042.3,2021.4,2039.29,1565.77593466,2026-03-31 11:00:00+00:00
1774958400000,2039.29,2056.1,2034.39,2045.91,909.54861208,2026-03-31 12:00:00+00:00
1774962000000,2045.7,2077.97,2045.7,2073.17,1162.38122988,2026-03-31 13:00:00+00:00
1774965600000,2073.17,2090.36,2035.64,2043.88,3072.01292121,2026-03-31 14:00:00+00:00
1774969200000,2044.18,2076.05,2043.79,2052.56,1413.08812687,2026-03-31 15:00:00+00:00
1774972800000,2052.92,2107.19,2052.64,2089.1,2311.07295751,2026-03-31 16:00:00+00:00
1774976400000,2089.8,2121.39,2087.03,2091.0,4208.75409481,2026-03-31 17:00:00+00:00
1774980000000,2091.0,2112.22,2091.0,2097.69,912.07379455,2026-03-31 18:00:00+00:00
1774983600000,2097.86,2101.91,2090.18,2094.74,1539.54624772,2026-03-31 19:00:00+00:00
1774987200000,2094.8,2107.77,2094.8,2105.51,739.36664803,2026-03-31 20:00:00+00:00
1774990800000,2105.67,2106.3,2092.37,2100.94,849.3254507,2026-03-31 21:00:00+00:00
1774994400000,2100.65,2102.23,2086.67,2094.75,829.31871245,2026-03-31 22:00:00+00:00
1774998000000,2094.82,2106.23,2091.05,2103.97,1085.23450845,2026-03-31 23:00:00+00:00
1775001600000,2103.25,2115.26,2095.55,2112.38,1259.76951889,2026-04-01 00:00:00+00:00
1775005200000,2113.11,2113.56,2090.14,2091.15,1216.79762041,2026-04-01 01:00:00+00:00
1775008800000,2091.15,2094.57,2080.87,2086.77,736.89776209,2026-04-01 02:00:00+00:00
1775012400000,2086.77,2104.64,2086.77,2100.87,649.48476402,2026-04-01 03:00:00+00:00
1775016000000,2100.99,2114.44,2098.58,2109.31,647.96975362,2026-04-01 04:00:00+00:00
1775019600000,2109.61,2137.39,2104.8,2121.08,1350.96671282,2026-04-01 05:00:00+00:00
1775023200000,2121.08,2154.52,2121.08,2150.28,1217.62513235,2026-04-01 06:00:00+00:00
1775026800000,2149.92,2156.5,2129.65,2129.68,878.86948181,2026-04-01 07:00:00+00:00
1775030400000,2129.69,2141.33,2124.89,2136.0,1097.85618754,2026-04-01 08:00:00+00:00
1775034000000,2135.88,2138.95,2127.45,2135.64,895.49188956,2026-04-01 09:00:00+00:00
1775037600000,2135.54,2137.02,2126.0,2131.91,285.15407855,2026-04-01 10:00:00+00:00
1775041200000,2131.9,2138.25,2130.51,2134.73,400.16110746,2026-04-01 11:00:00+00:00
1775044800000,2134.73,2148.1,2121.51,2129.32,2207.4615096,2026-04-01 12:00:00+00:00
1775048400000,2129.99,2133.25,2108.0,2117.59,1217.76271991,2026-04-01 13:00:00+00:00
1775052000000,2118.12,2129.25,2113.21,2126.0,701.92171758,2026-04-01 14:00:00+00:00
1775055600000,2126.01,2136.62,2121.54,2134.62,1355.70248127,2026-04-01 15:00:00+00:00
1775059200000,2134.56,2150.38,2124.55,2145.6,1843.2603132,2026-04-01 16:00:00+00:00
1775062800000,2145.6,2167.25,2133.92,2136.82,1761.76984695,2026-04-01 17:00:00+00:00
1775066400000,2136.78,2136.78,2123.69,2127.96,1070.4129413,2026-04-01 18:00:00+00:00
1775070000000,2128.25,2144.81,2127.59,2140.32,517.42151714,2026-04-01 19:00:00+00:00
1775073600000,2140.93,2146.96,2130.14,2143.94,714.41610521,2026-04-01 20:00:00+00:00
1775077200000,2143.5,2164.46,2142.63,2157.38,1593.61077077,2026-04-01 21:00:00+00:00
1775080800000,2156.75,2157.9,2138.0,2139.61,943.61233235,2026-04-01 22:00:00+00:00
1775084400000,2139.75,2145.61,2135.85,2140.1,492.47675753,2026-04-01 23:00:00+00:00
1775088000000,2140.06,2158.95,2136.33,2155.62,847.9876896,2026-04-02 00:00:00+00:00
1775091600000,2155.88,2155.88,2090.0,2099.31,2912.83422109,2026-04-02 01:00:00+00:00
1775095200000,2099.69,2099.69,2065.29,2073.51,2242.66881662,2026-04-02 02:00:00+00:00
1775098800000,2073.51,2076.2,2046.22,2056.04,1745.92922037,2026-04-02 03:00:00+00:00
1775102400000,2055.79,2057.58,2041.93,2044.33,1262.73923964,2026-04-02 04:00:00+00:00
1775106000000,2044.47,2050.79,2034.93,2050.11,1296.49285638,2026-04-02 05:00:00+00:00
1775109600000,2049.72,2053.44,2045.51,2049.52,712.22428878,2026-04-02 06:00:00+00:00
1775113200000,2049.53,2056.16,2044.13,2055.39,523.1109459,2026-04-02 07:00:00+00:00
1775116800000,2055.39,2055.39,2045.97,2046.05,676.94723049,2026-04-02 08:00:00+00:00
1775120400000,2045.62,2047.38,2039.7,2043.44,480.12978116,2026-04-02 09:00:00+00:00
1775124000000,2043.14,2043.37,2032.34,2038.04,549.32924448,2026-04-02 10:00:00+00:00
1775127600000,2038.05,2039.87,2024.5,2032.64,986.40183481,2026-04-02 11:00:00+00:00
1775131200000,2032.47,2032.63,2024.02,2026.33,962.88084996,2026-04-02 12:00:00+00:00
1775134800000,2026.48,2039.56,2016.68,2037.48,2360.41077354,2026-04-02 13:00:00+00:00
1775138400000,2037.29,2071.71,2032.3,2064.01,2684.49633172,2026-04-02 14:00:00+00:00
1775142000000,2064.01,2067.54,2047.72,2059.02,1180.46484065,2026-04-02 15:00:00+00:00
1775145600000,2059.24,2074.0,2052.12,2063.41,1368.29163343,2026-04-02 16:00:00+00:00
1775149200000,2062.73,2071.66,2044.56,2046.82,984.14952911,2026-04-02 17:00:00+00:00
1775152800000,2046.84,2061.61,2043.46,2057.69,496.27282848,2026-04-02 18:00:00+00:00
1775156400000,2057.69,2066.55,2055.02,2065.57,1503.56959901,2026-04-02 19:00:00+00:00
1775160000000,2065.51,2074.27,2061.12,2068.09,1092.43142624,2026-04-02 20:00:00+00:00
1775163600000,2068.17,2070.39,2056.51,2063.1,773.76788023,2026-04-02 21:00:00+00:00
1775167200000,2063.11,2064.49,2054.01,2060.34,429.65621222,2026-04-02 22:00:00+00:00
1775170800000,2059.76,2061.5,2054.0,2056.93,309.80514847,2026-04-02 23:00:00+00:00
1775174400000,2056.94,2059.02,2050.0,2052.88,358.74392761,2026-04-03 00:00:00+00:00
1775178000000,2052.86,2062.16,2045.61,2049.84,438.56880382,2026-04-03 01:00:00+00:00
1775181600000,2050.21,2059.61,2041.3,2052.56,412.4656909,2026-04-03 02:00:00+00:00
1775185200000,2052.26,2056.69,2050.22,2054.36,317.87076647,2026-04-03 03:00:00+00:00
1775188800000,2054.36,2057.34,2049.01,2054.15,205.43560917,2026-04-03 04:00:00+00:00
1775192400000,2054.32,2064.65,2047.61,2057.15,935.59795692,2026-04-03 05:00:00+00:00
1775196000000,2057.14,2066.49,2055.3,2063.87,727.65758826,2026-04-03 06:00:00+00:00
1775199600000,2063.56,2075.16,2062.31,2065.23,97.05365564,2026-04-03 07:00:00+00:00
1775203200000,2065.61,2071.03,2058.62,2060.23,262.94755848,2026-04-03 08:00:00+00:00
1775206800000,2060.23,2063.44,2056.82,2060.92,198.24342128,2026-04-03 09:00:00+00:00
1775210400000,2060.97,2060.97,2053.38,2059.7,620.62652789,2026-04-03 10:00:00+00:00
1775214000000,2059.69,2064.14,2057.67,2062.8,272.2086155,2026-04-03 11:00:00+00:00
1775217600000,2062.78,2080.8,2045.46,2049.84,998.08490395,2026-04-03 12:00:00+00:00
1775221200000,2049.84,2051.23,2042.12,2047.97,415.26480249,2026-04-03 13:00:00+00:00
1775224800000,2047.89,2057.72,2045.06,2055.3,607.39439315,2026-04-03 14:00:00+00:00
1775228400000,2054.29,2057.61,2049.23,2051.56,221.35258129,2026-04-03 15:00:00+00:00
1775232000000,2051.11,2056.42,2049.45,2054.83,344.46296734,2026-04-03 16:00:00+00:00
1775235600000,2054.84,2054.84,2044.01,2050.23,319.07472271,2026-04-03 17:00:00+00:00
1775239200000,2050.24,2053.38,2048.0,2048.85,150.78546529,2026-04-03 18:00:00+00:00
1775242800000,2049.1,2053.86,2045.85,2052.62,257.85649172,2026-04-03 19:00:00+00:00
1775246400000,2052.59,2054.53,2051.94,2052.7,408.44146575,2026-04-03 20:00:00+00:00
1775250000000,2052.76,2060.0,2052.63,2058.78,655.87184408,2026-04-03 21:00:00+00:00
1775253600000,2058.78,2058.78,2049.22,2051.96,261.68501386,2026-04-03 22:00:00+00:00
1775257200000,2051.96,2053.78,2049.0,2053.54,239.67387202,2026-04-03 23:00:00+00:00
1775260800000,2053.54,2053.54,2051.35,2051.89,424.69599069,2026-04-04 00:00:00+00:00
1775264400000,2051.94,2053.45,2049.69,2050.64,260.64345096,2026-04-04 01:00:00+00:00
1775268000000,2050.85,2052.97,2047.88,2049.7,214.41319786,2026-04-04 02:00:00+00:00
1775271600000,2049.78,2051.6,2049.7,2049.77,663.61036132,2026-04-04 03:00:00+00:00
1775275200000,2049.9,2051.42,2048.5,2050.66,449.71072408,2026-04-04 04:00:00+00:00
1775278800000,2050.66,2054.6,2050.42,2053.61,296.04936762,2026-04-04 05:00:00+00:00
1775282400000,2053.61,2057.31,2053.0,2056.23,383.01489311,2026-04-04 06:00:00+00:00
1775286000000,2056.18,2056.62,2051.15,2053.74,95.04207753,2026-04-04 07:00:00+00:00
1775289600000,2053.74,2055.01,2049.56,2049.84,58.21507117,2026-04-04 08:00:00+00:00
1775293200000,2049.85,2051.0,2048.91,2050.12,141.18276297,2026-04-04 09:00:00+00:00
1775296800000,2050.21,2054.49,2047.49,2053.75,701.00951008,2026-04-04 10:00:00+00:00
1775300400000,2053.76,2054.65,2050.91,2051.07,101.03618561,2026-04-04 11:00:00+00:00
1775304000000,2051.08,2052.9,2047.72,2049.38,273.00585396,2026-04-04 12:00:00+00:00
1775307600000,2049.38,2054.29,2049.37,2053.16,235.24463304,2026-04-04 13:00:00+00:00
1775311200000,2053.16,2054.56,2044.88,2052.95,290.02314915,2026-04-04 14:00:00+00:00
1775314800000,2052.87,2060.84,2052.52,2056.08,1105.81638405,2026-04-04 15:00:00+00:00
1775318400000,2055.97,2062.17,2053.14,2055.01,385.18702715,2026-04-04 16:00:00+00:00
1775322000000,2055.53,2057.92,2053.03,2056.59,103.71673519,2026-04-04 17:00:00+00:00
1775325600000,2056.61,2058.0,2054.82,2054.96,92.12127591,2026-04-04 18:00:00+00:00
1775329200000,2054.96,2083.58,2054.81,2064.43,2141.31680461,2026-04-04 19:00:00+00:00
1775332800000,2064.43,2064.43,2060.0,2062.47,340.24074169,2026-04-04 20:00:00+00:00
1775336400000,2062.47,2070.89,2062.46,2068.44,255.84464343,2026-04-04 21:00:00+00:00
1775340000000,2068.58,2071.48,2067.9,2068.77,114.10795439,2026-04-04 22:00:00+00:00
1775343600000,2068.69,2068.7,2062.3,2065.03,503.431401,2026-04-04 23:00:00+00:00
1775347200000,2065.19,2065.23,2060.19,2061.94,219.40180193,2026-04-05 00:00:00+00:00
1775350800000,2061.94,2061.94,2057.03,2057.11,348.20679214,2026-04-05 01:00:00+00:00
1775354400000,2057.11,2059.33,2053.89,2058.99,603.285366,2026-04-05 02:00:00+00:00
1775358000000,2059.19,2059.61,2055.0,2055.58,120.66730027,2026-04-05 03:00:00+00:00
1775361600000,2055.99,2057.15,2054.0,2054.43,136.78112231,2026-04-05 04:00:00+00:00
1775365200000,2054.6,2055.8,2046.71,2048.14,329.33149162,2026-04-05 05:00:00+00:00
1775368800000,2048.35,2048.54,2026.93,2037.64,1033.4395488,2026-04-05 06:00:00+00:00
1775372400000,2037.62,2041.79,2034.05,2036.76,326.48470445,2026-04-05 07:00:00+00:00
1775376000000,2036.57,2039.25,2035.31,2038.95,114.48261385,2026-04-05 08:00:00+00:00
1775379600000,2038.83,2045.55,2038.82,2043.92,273.989442,2026-04-05 09:00:00+00:00
1775383200000,2043.85,2051.73,2042.38,2044.35,198.82149576,2026-04-05 10:00:00+00:00
1775386800000,2044.35,2045.29,2040.57,2041.91,71.96508847,2026-04-05 11:00:00+00:00
1775390400000,2041.92,2041.92,2021.71,2028.31,703.99501783,2026-04-05 12:00:00+00:00
1775394000000,2027.96,2036.98,2025.3,2036.03,713.95922118,2026-04-05 13:00:00+00:00
1775397600000,2035.9,2042.4,2034.99,2037.9,887.49979566,2026-04-05 14:00:00+00:00
1775401200000,2037.91,2068.68,2034.2,2053.25,2283.22863421,2026-04-05 15:00:00+00:00
1775404800000,2053.45,2058.0,2050.31,2051.46,205.5890133,2026-04-05 16:00:00+00:00
1775408400000,2051.47,2061.84,2048.13,2061.51,362.32724017,2026-04-05 17:00:00+00:00
1775412000000,2061.51,2065.86,2056.72,2062.0,384.29064758,2026-04-05 18:00:00+00:00
1775415600000,2062.0,2068.93,2058.01,2061.32,476.36442604,2026-04-05 19:00:00+00:00
1775419200000,2061.32,2074.5,2061.31,2068.26,570.34881073,2026-04-05 20:00:00+00:00
1775422800000,2068.45,2068.69,2056.25,2059.7,624.28293603,2026-04-05 21:00:00+00:00
1775426400000,2059.84,2086.96,2050.04,2084.49,981.94788411,2026-04-05 22:00:00+00:00
1775430000000,2085.17,2121.77,2081.63,2108.25,2260.07965025,2026-04-05 23:00:00+00:00
1775433600000,2109.71,2134.0,2109.71,2121.23,2012.78791999,2026-04-06 00:00:00+00:00
1775437200000,2121.49,2123.56,2111.59,2114.22,948.33520227,2026-04-06 01:00:00+00:00
1775440800000,2114.3,2146.0,2113.64,2133.44,985.71119268,2026-04-06 02:00:00+00:00
1775444400000,2133.01,2136.28,2126.03,2128.62,418.77197606,2026-04-06 03:00:00+00:00
1775448000000,2128.77,2134.25,2124.33,2130.28,563.42748489,2026-04-06 04:00:00+00:00
1775451600000,2130.3,2133.63,2128.03,2130.84,324.00413536,2026-04-06 05:00:00+00:00
1775455200000,2130.82,2138.1,2120.0,2126.71,1715.32767008,2026-04-06 06:00:00+00:00
1775458800000,2126.71,2140.3,2122.5,2134.28,1405.16710773,2026-04-06 07:00:00+00:00
1775462400000,2134.28,2146.92,2133.03,2138.84,730.55985828,2026-04-06 08:00:00+00:00
1775466000000,2138.84,2174.24,2138.5,2150.9,3166.41388949,2026-04-06 09:00:00+00:00
1775469600000,2152.57,2157.22,2150.0,2153.33,1060.67317923,2026-04-06 10:00:00+00:00
1775473200000,2153.06,2153.71,2147.13,2151.63,252.96900223,2026-04-06 11:00:00+00:00
1775476800000,2151.63,2154.0,2142.51,2143.19,769.96084237,2026-04-06 12:00:00+00:00
1775480400000,2143.2,2149.07,2138.12,2144.67,1282.09944477,2026-04-06 13:00:00+00:00
1775484000000,2145.71,2165.36,2137.82,2156.88,2815.95826476,2026-04-06 14:00:00+00:00
1775487600000,2156.89,2169.53,2155.81,2165.02,1729.94458815,2026-04-06 15:00:00+00:00
1775491200000,2164.95,2168.92,2140.93,2140.93,1039.35135664,2026-04-06 16:00:00+00:00
1775494800000,2140.91,2141.42,2124.01,2134.99,1850.15839969,2026-04-06 17:00:00+00:00
1775498400000,2134.98,2148.79,2131.67,2144.95,486.78958662,2026-04-06 18:00:00+00:00
1775502000000,2144.95,2145.89,2136.56,2143.87,1013.17370373,2026-04-06 19:00:00+00:00
1775505600000,2143.79,2154.89,2140.27,2149.39,1958.53914711,2026-04-06 20:00:00+00:00
1775509200000,2149.4,2149.4,2138.19,2139.52,379.06727712,2026-04-06 21:00:00+00:00
1775512800000,2139.35,2140.95,2106.07,2106.07,1232.53667327,2026-04-06 22:00:00+00:00
1775516400000,2105.78,2110.36,2087.95,2107.24,1850.03002629,2026-04-06 23:00:00+00:00
1775520000000,2107.22,2119.54,2105.61,2112.48,968.49910507,2026-04-07 00:00:00+00:00
1775523600000,2112.76,2119.52,2097.77,2101.14,603.07420139,2026-04-07 01:00:00+00:00
1775527200000,2099.7,2111.74,2094.1,2106.16,464.69483865,2026-04-07 02:00:00+00:00
1775530800000,2106.32,2109.61,2103.61,2108.25,183.14171806,2026-04-07 03:00:00+00:00
1775534400000,2108.23,2119.41,2103.44,2114.29,439.44638738,2026-04-07 04:00:00+00:00
1775538000000,2114.43,2114.69,2103.85,2105.49,721.28827614,2026-04-07 05:00:00+00:00
1775541600000,2105.29,2105.65,2096.72,2103.5,362.40956525,2026-04-07 06:00:00+00:00
1775545200000,2103.5,2105.61,2098.67,2103.93,402.16763924,2026-04-07 07:00:00+00:00
1775548800000,2103.94,2116.6,2103.43,2114.78,258.96386857,2026-04-07 08:00:00+00:00
1775552400000,2114.85,2133.69,2114.21,2128.37,814.95399981,2026-04-07 09:00:00+00:00
1775556000000,2128.26,2131.31,2086.03,2088.64,2018.30978592,2026-04-07 10:00:00+00:00
1775559600000,2089.1,2092.96,2082.52,2089.25,869.89207874,2026-04-07 11:00:00+00:00
1775563200000,2089.25,2092.08,2074.0,2086.72,2192.42003931,2026-04-07 12:00:00+00:00
1775566800000,2086.68,2092.52,2074.07,2075.0,961.72160123,2026-04-07 13:00:00+00:00
1775570400000,2074.8,2080.8,2059.82,2069.44,1207.49935227,2026-04-07 14:00:00+00:00
1775574000000,2069.44,2082.91,2064.66,2080.01,958.01191603,2026-04-07 15:00:00+00:00
1775577600000,2080.02,2089.99,2077.43,2083.49,832.36889153,2026-04-07 16:00:00+00:00
1775581200000,2083.44,2114.0,2079.99,2099.12,1184.90353622,2026-04-07 17:00:00+00:00
1775584800000,2099.13,2101.43,2082.04,2086.07,567.34370327,2026-04-07 18:00:00+00:00
1775588400000,2085.93,2116.1,2083.88,2113.86,1592.3499558,2026-04-07 19:00:00+00:00
1775592000000,2114.0,2124.65,2110.56,2114.52,1075.16393376,2026-04-07 20:00:00+00:00
1775595600000,2114.53,2152.23,2114.53,2144.64,1526.49846575,2026-04-07 21:00:00+00:00
1775599200000,2145.22,2219.27,2145.22,2219.27,4897.21106244,2026-04-07 22:00:00+00:00
1775602800000,2219.24,2273.51,2215.22,2240.22,9318.57476881,2026-04-07 23:00:00+00:00
1775606400000,2240.01,2249.83,2228.37,2235.57,3106.9449101,2026-04-08 00:00:00+00:00
1775610000000,2235.86,2242.11,2230.63,2233.67,507.48048934,2026-04-08 01:00:00+00:00
1775613600000,2234.1,2246.68,2230.66,2236.11,2090.46701476,2026-04-08 02:00:00+00:00
1775617200000,2236.79,2238.77,2232.0,2234.3,219.30101077,2026-04-08 03:00:00+00:00
1775620800000,2234.54,2251.93,2234.54,2241.53,1716.67604539,2026-04-08 04:00:00+00:00
1775624400000,2241.05,2245.0,2238.5,2240.48,366.45615047,2026-04-08 05:00:00+00:00
1775628000000,2240.48,2252.86,2236.0,2245.75,1011.86216774,2026-04-08 06:00:00+00:00
1775631600000,2245.75,2260.22,2244.39,2253.68,1365.24894785,2026-04-08 07:00:00+00:00
1775635200000,2253.91,2259.0,2250.45,2256.34,359.76502976,2026-04-08 08:00:00+00:00
1775638800000,2256.53,2263.34,2246.24,2249.4,323.75666297,2026-04-08 09:00:00+00:00
1775642400000,2250.08,2253.45,2242.71,2242.71,978.87919037,2026-04-08 10:00:00+00:00
1775646000000,2242.58,2254.5,2237.96,2247.38,428.81141754,2026-04-08 11:00:00+00:00
1775649600000,2247.4,2259.16,2243.07,2256.03,341.23696897,2026-04-08 12:00:00+00:00
1775653200000,2255.7,2270.0,2232.0,2236.64,1771.92554191,2026-04-08 13:00:00+00:00
1775656800000,2236.45,2241.04,2186.97,2193.99,2158.47989935,2026-04-08 14:00:00+00:00
1775660400000,2195.0,2218.09,2193.42,2214.94,739.38028292,2026-04-08 15:00:00+00:00
1775664000000,2215.26,2224.72,2212.0,2221.01,709.79790374,2026-04-08 16:00:00+00:00
1775667600000,2221.01,2239.5,2213.05,2232.15,632.71351233,2026-04-08 17:00:00+00:00
1775671200000,2232.15,2232.15,2199.23,2201.37,1362.0680728,2026-04-08 18:00:00+00:00
1775674800000,2201.37,2211.86,2198.0,2211.63,4108.13697227,2026-04-08 19:00:00+00:00
1775678400000,2211.37,2217.04,2206.16,2209.88,617.84659211,2026-04-08 20:00:00+00:00
1775682000000,2210.16,2222.0,2208.17,2214.45,380.95705692,2026-04-08 21:00:00+00:00
1775685600000,2214.88,2214.89,2187.98,2190.16,886.05932503,2026-04-08 22:00:00+00:00
1775689200000,2190.13,2193.52,2180.61,2190.38,710.77449742,2026-04-08 23:00:00+00:00
1775692800000,2190.39,2194.63,2180.01,2183.55,310.5775359,2026-04-09 00:00:00+00:00
1775696400000,2183.14,2185.0,2162.33,2178.91,885.2261407,2026-04-09 01:00:00+00:00
1775700000000,2179.0,2185.29,2174.76,2181.18,379.08398996,2026-04-09 02:00:00+00:00
1775703600000,2182.02,2183.87,2176.7,2182.67,295.05897446,2026-04-09 03:00:00+00:00
1775707200000,2182.61,2182.61,2176.89,2178.05,577.41744935,2026-04-09 04:00:00+00:00
1775710800000,2178.06,2188.43,2175.98,2182.17,353.78335109,2026-04-09 05:00:00+00:00
1775714400000,2182.17,2186.26,2175.71,2181.49,174.02301349,2026-04-09 06:00:00+00:00
1775718000000,2181.84,2186.4,2180.71,2181.4,121.20489032,2026-04-09 07:00:00+00:00
1775721600000,2181.48,2190.42,2176.95,2186.83,447.13515936,2026-04-09 08:00:00+00:00
1775725200000,2186.53,2196.45,2180.01,2193.87,355.18439674,2026-04-09 09:00:00+00:00
1775728800000,2194.38,2195.9,2188.6,2190.75,325.89429701,2026-04-09 10:00:00+00:00
1775732400000,2190.76,2192.9,2178.73,2180.02,336.97025115,2026-04-09 11:00:00+00:00
1775736000000,2180.16,2187.29,2174.53,2182.57,487.17887356,2026-04-09 12:00:00+00:00
1775739600000,2183.54,2185.9,2157.17,2165.17,1215.29803415,2026-04-09 13:00:00+00:00
1775743200000,2165.18,2181.71,2157.38,2177.82,989.42239337,2026-04-09 14:00:00+00:00
1775746800000,2177.92,2225.0,2169.95,2218.21,2221.2652258,2026-04-09 15:00:00+00:00
1775750400000,2218.13,2229.32,2193.26,2208.27,1795.98732556,2026-04-09 16:00:00+00:00
1775754000000,2208.41,2225.98,2207.1,2223.06,954.05120603,2026-04-09 17:00:00+00:00
1775757600000,2223.07,2223.56,2201.39,2207.35,913.59163123,2026-04-09 18:00:00+00:00
1775761200000,2207.35,2224.77,2204.44,2217.5,1270.55650943,2026-04-09 19:00:00+00:00
1775764800000,2217.14,2222.5,2211.44,2213.63,650.6070913,2026-04-09 20:00:00+00:00
1775768400000,2213.44,2226.6,2208.04,2211.01,429.23360883,2026-04-09 21:00:00+00:00
1775772000000,2211.01,2246.17,2197.74,2197.95,1226.57204998,2026-04-09 22:00:00+00:00
1775775600000,2197.95,2200.96,2183.84,2189.56,591.38464482,2026-04-09 23:00:00+00:00
1775779200000,2190.6,2197.03,2182.75,2194.59,816.52197859,2026-04-10 00:00:00+00:00
1775782800000,2195.28,2204.62,2177.44,2195.5,1750.45777715,2026-04-10 01:00:00+00:00
1775786400000,2194.98,2198.42,2187.2,2189.3,279.55090666,2026-04-10 02:00:00+00:00
1775790000000,2189.3,2192.62,2183.34,2186.26,261.5360192,2026-04-10 03:00:00+00:00
1775793600000,2186.26,2199.38,2186.16,2196.4,426.22215577,2026-04-10 04:00:00+00:00
1775797200000,2196.23,2202.99,2192.68,2197.04,315.86714112,2026-04-10 05:00:00+00:00
1775800800000,2197.04,2197.99,2184.38,2186.3,258.48102235,2026-04-10 06:00:00+00:00
1775804400000,2186.39,2188.27,2176.49,2179.3,168.95051202,2026-04-10 07:00:00+00:00
1775808000000,2179.81,2189.76,2177.08,2185.88,645.48788418,2026-04-10 08:00:00+00:00
1775811600000,2185.88,2198.08,2185.85,2196.11,860.72705673,2026-04-10 09:00:00+00:00
1775815200000,2196.11,2197.99,2191.31,2197.41,277.17544956,2026-04-10 10:00:00+00:00
1775818800000,2197.48,2223.78,2197.48,2216.31,1173.5111705,2026-04-10 11:00:00+00:00
1775822400000,2216.15,2228.91,2209.36,2219.39,671.79354367,2026-04-10 12:00:00+00:00
1775826000000,2219.4,2225.31,2208.9,2222.92,490.97719662,2026-04-10 13:00:00+00:00
1775829600000,2223.24,2253.78,2221.46,2242.99,4283.94911595,2026-04-10 14:00:00+00:00
1775833200000,2243.26,2258.47,2221.27,2224.16,1123.41974684,2026-04-10 15:00:00+00:00
1775836800000,2224.51,2247.38,2222.42,2246.05,2051.71067433,2026-04-10 16:00:00+00:00
1775840400000,2246.1,2249.97,2240.31,2248.98,2192.46466125,2026-04-10 17:00:00+00:00
1775844000000,2248.98,2252.22,2239.99,2250.62,660.23757114,2026-04-10 18:00:00+00:00
1775847600000,2250.62,2256.44,2244.65,2254.43,765.54610449,2026-04-10 19:00:00+00:00
1775851200000,2254.04,2257.92,2244.09,2256.21,1200.11916595,2026-04-10 20:00:00+00:00
1775854800000,2256.21,2256.84,2244.08,2255.92,595.75120549,2026-04-10 21:00:00+00:00
1775858400000,2256.06,2256.21,2236.78,2243.04,720.12536233,2026-04-10 22:00:00+00:00
1775862000000,2243.0,2245.98,2240.42,2245.89,288.3497016,2026-04-10 23:00:00+00:00
1775865600000,2245.89,2245.99,2236.54,2239.39,292.08324798,2026-04-11 00:00:00+00:00
1775869200000,2239.39,2247.54,2235.74,2244.59,166.34860549,2026-04-11 01:00:00+00:00
1775872800000,2244.59,2252.53,2243.02,2249.0,422.91643138,2026-04-11 02:00:00+00:00
1775876400000,2249.0,2251.89,2237.16,2238.19,269.44543714,2026-04-11 03:00:00+00:00
1775880000000,2238.19,2243.74,2236.52,2241.71,210.71664618,2026-04-11 04:00:00+00:00
1775883600000,2241.71,2242.36,2229.78,2233.71,427.09448054,2026-04-11 05:00:00+00:00
1775887200000,2233.76,2237.32,2231.26,2237.27,520.28040097,2026-04-11 06:00:00+00:00
1775890800000,2236.99,2237.35,2232.16,2233.27,88.20765674,2026-04-11 07:00:00+00:00
1775894400000,2233.37,2236.22,2233.19,2233.71,326.36002266,2026-04-11 08:00:00+00:00
1775898000000,2233.71,2250.35,2233.53,2244.65,785.99344523,2026-04-11 09:00:00+00:00
1775901600000,2244.99,2246.19,2238.94,2241.55,336.35522299,2026-04-11 10:00:00+00:00
1775905200000,2241.55,2247.83,2239.99,2247.16,804.18537405,2026-04-11 11:00:00+00:00
1775908800000,2247.19,2247.22,2242.22,2246.49,207.47461288,2026-04-11 12:00:00+00:00
1775912400000,2246.47,2246.47,2234.62,2241.01,208.224147,2026-04-11 13:00:00+00:00
1775916000000,2241.01,2245.02,2239.38,2243.21,533.38784032,2026-04-11 14:00:00+00:00
1775919600000,2243.01,2257.5,2242.32,2250.47,257.32874184,2026-04-11 15:00:00+00:00
1775923200000,2250.46,2275.42,2247.58,2259.64,1782.2808805,2026-04-11 16:00:00+00:00
1775926800000,2259.83,2266.35,2254.81,2260.38,350.88243317,2026-04-11 17:00:00+00:00
1775930400000,2260.38,2314.32,2258.28,2305.66,2746.18320324,2026-04-11 18:00:00+00:00
1775934000000,2305.73,2329.85,2305.72,2316.86,1552.10774317,2026-04-11 19:00:00+00:00
1775937600000,2316.91,2317.6,2289.07,2299.28,1708.54370922,2026-04-11 20:00:00+00:00
1775941200000,2299.11,2304.99,2293.51,2300.11,792.96005264,2026-04-11 21:00:00+00:00
1775944800000,2300.11,2308.77,2289.83,2297.55,609.2834558,2026-04-11 22:00:00+00:00
1775948400000,2297.44,2297.44,2277.94,2285.62,687.31200571,2026-04-11 23:00:00+00:00
1775952000000,2285.67,2288.71,2278.18,2285.99,420.99031424,2026-04-12 00:00:00+00:00
1775955600000,2285.99,2288.99,2209.52,2219.68,3052.26773735,2026-04-12 01:00:00+00:00
1775959200000,2219.63,2233.82,2207.7,2225.01,946.61495868,2026-04-12 02:00:00+00:00
1775962800000,2225.01,2227.27,2214.0,2214.44,614.48308316,2026-04-12 03:00:00+00:00
1775966400000,2214.44,2216.55,2210.11,2212.86,474.75848143,2026-04-12 04:00:00+00:00
1775970000000,2212.89,2220.4,2209.32,2218.1,199.61389134,2026-04-12 05:00:00+00:00
1775973600000,2218.15,2221.31,2215.61,2217.03,177.16674035,2026-04-12 06:00:00+00:00
1775977200000,2217.03,2220.99,2213.52,2220.08,143.39197924,2026-04-12 07:00:00+00:00
1775980800000,2219.04,2219.69,2213.16,2215.14,214.9543442,2026-04-12 08:00:00+00:00
1775984400000,2215.15,2216.54,2212.12,2214.93,617.50889936,2026-04-12 09:00:00+00:00
1775988000000,2214.91,2217.97,2194.9,2202.29,662.3832597,2026-04-12 10:00:00+00:00
1775991600000,2202.3,2207.51,2198.57,2205.36,407.56375797,2026-04-12 11:00:00+00:00
1775995200000,2205.08,2208.27,2189.53,2195.35,364.11600448,2026-04-12 12:00:00+00:00
1775998800000,2195.36,2199.98,2186.05,2187.45,575.11682458,2026-04-12 13:00:00+00:00
1776002400000,2187.22,2193.81,2180.0,2181.99,536.6050628,2026-04-12 14:00:00+00:00
1776006000000,2181.86,2189.36,2176.15,2187.32,471.19920924,2026-04-12 15:00:00+00:00
1776009600000,2187.36,2191.05,2183.99,2188.31,215.22415353,2026-04-12 16:00:00+00:00
1776013200000,2188.32,2205.94,2188.3,2202.79,451.7427435,2026-04-12 17:00:00+00:00
1776016800000,2204.15,2207.55,2201.0,2201.66,1500.09397705,2026-04-12 18:00:00+00:00
1776020400000,2201.4,2206.07,2198.47,2199.23,237.3174077,2026-04-12 19:00:00+00:00
1776024000000,2199.23,2219.64,2194.12,2214.09,2439.67140417,2026-04-12 20:00:00+00:00
1776027600000,2214.08,2218.31,2205.69,2211.7,196.14178979,2026-04-12 21:00:00+00:00
1776031200000,2211.55,2211.55,2184.56,2199.67,674.55707737,2026-04-12 22:00:00+00:00
1776034800000,2199.64,2199.64,2186.76,2191.77,237.20407493,2026-04-12 23:00:00+00:00
1776038400000,2191.74,2207.93,2187.81,2205.38,401.8020171,2026-04-13 00:00:00+00:00
1776042000000,2205.37,2209.37,2200.89,2204.01,313.92247372,2026-04-13 01:00:00+00:00
1776045600000,2204.01,2205.5,2193.27,2194.48,102.38210588,2026-04-13 02:00:00+00:00
1776049200000,2194.48,2195.74,2190.76,2195.15,158.75798803,2026-04-13 03:00:00+00:00
1776052800000,2194.53,2199.18,2187.16,2190.09,1051.96442177,2026-04-13 04:00:00+00:00
1776056400000,2190.36,2191.0,2182.22,2190.62,311.67037683,2026-04-13 05:00:00+00:00
1776060000000,2191.06,2201.29,2190.8,2198.45,649.20686394,2026-04-13 06:00:00+00:00
1776063600000,2199.17,2200.45,2182.99,2186.62,674.9494644,2026-04-13 07:00:00+00:00
1776067200000,2186.68,2189.75,2180.17,2185.64,903.64899926,2026-04-13 08:00:00+00:00
1776070800000,2185.63,2195.71,2185.62,2188.05,232.49411005,2026-04-13 09:00:00+00:00
1776074400000,2188.15,2188.72,2179.36,2183.19,682.84141332,2026-04-13 10:00:00+00:00
1776078000000,2183.2,2191.18,2182.96,2187.63,673.59339825,2026-04-13 11:00:00+00:00
1776081600000,2187.41,2198.98,2175.0,2192.57,962.68293489,2026-04-13 12:00:00+00:00
1776085200000,2192.54,2215.72,2182.43,2215.51,1046.44270983,2026-04-13 13:00:00+00:00
1776088800000,2215.6,2235.96,2204.17,2234.04,1034.47583218,2026-04-13 14:00:00+00:00
1776092400000,2234.99,2237.52,2200.7,2210.0,1990.67460744,2026-04-13 15:00:00+00:00
1776096000000,2210.01,2234.15,2202.29,2226.98,1928.00551441,2026-04-13 16:00:00+00:00
1776099600000,2226.98,2243.3,2223.79,2225.94,1146.80189677,2026-04-13 17:00:00+00:00
1776103200000,2225.94,2234.44,2219.87,2233.29,686.41271117,2026-04-13 18:00:00+00:00
1776106800000,2233.27,2269.27,2228.75,2263.05,4160.79076318,2026-04-13 19:00:00+00:00
1776110400000,2263.0,2263.93,2248.15,2253.5,862.530462,2026-04-13 20:00:00+00:00
1776114000000,2253.46,2267.05,2251.0,2260.93,1192.48011868,2026-04-13 21:00:00+00:00
1776117600000,2260.93,2364.74,2260.92,2353.51,6228.94590292,2026-04-13 22:00:00+00:00
1776121200000,2353.5,2395.05,2342.02,2369.39,5286.80191273,2026-04-13 23:00:00+00:00
1776124800000,2370.0,2375.7,2360.83,2361.96,1482.3951112,2026-04-14 00:00:00+00:00
1776128400000,2361.96,2374.52,2355.43,2369.63,652.56914366,2026-04-14 01:00:00+00:00
1776132000000,2369.63,2378.58,2367.54,2368.95,454.80659621,2026-04-14 02:00:00+00:00
1776135600000,2368.46,2371.21,2363.5,2366.16,369.8971814,2026-04-14 03:00:00+00:00
1776139200000,2366.7,2368.54,2363.13,2364.54,230.01373146,2026-04-14 04:00:00+00:00
1776142800000,2364.55,2369.77,2355.3,2356.3,232.01921326,2026-04-14 05:00:00+00:00
1776146400000,2356.44,2377.07,2356.44,2374.0,644.0921005,2026-04-14 06:00:00+00:00
1776150000000,2374.26,2390.36,2371.38,2378.76,1298.63364025,2026-04-14 07:00:00+00:00
1776153600000,2378.82,2396.29,2375.29,2388.5,1891.26178699,2026-04-14 08:00:00+00:00
1776157200000,2388.72,2395.39,2384.67,2387.84,625.28569512,2026-04-14 09:00:00+00:00
1776160800000,2387.84,2388.57,2374.0,2375.84,538.04406742,2026-04-14 10:00:00+00:00
1776164400000,2375.85,2378.34,2368.53,2374.9,741.91999146,2026-04-14 11:00:00+00:00
1776168000000,2374.89,2377.73,2369.28,2374.49,413.47591352,2026-04-14 12:00:00+00:00
1776171600000,2374.68,2397.03,2373.91,2393.11,1354.9795175,2026-04-14 13:00:00+00:00
1776175200000,2392.81,2417.01,2354.4,2354.4,5279.77450179,2026-04-14 14:00:00+00:00
1776178800000,2354.72,2372.86,2335.0,2365.8,4307.19849736,2026-04-14 15:00:00+00:00
1776182400000,2365.28,2372.0,2329.84,2334.38,1429.93302726,2026-04-14 16:00:00+00:00
1776186000000,2334.29,2345.72,2324.26,2339.08,900.3138954,2026-04-14 17:00:00+00:00
1776189600000,2339.09,2345.0,2310.0,2314.87,1627.91825682,2026-04-14 18:00:00+00:00
1776193200000,2314.72,2323.58,2303.97,2314.64,1070.02583553,2026-04-14 19:00:00+00:00
1776196800000,2314.87,2323.06,2309.82,2315.98,2026.82087472,2026-04-14 20:00:00+00:00
1776200400000,2316.18,2327.11,2315.95,2324.83,594.70081955,2026-04-14 21:00:00+00:00
1776204000000,2324.83,2332.62,2312.65,2316.02,374.0130661,2026-04-14 22:00:00+00:00
1776207600000,2315.88,2327.44,2315.88,2323.21,2217.23947456,2026-04-14 23:00:00+00:00
1776211200000,2323.07,2343.83,2323.06,2335.27,1061.24938746,2026-04-15 00:00:00+00:00
1776214800000,2334.72,2342.56,2331.9,2336.5,585.79676565,2026-04-15 01:00:00+00:00
1776218400000,2336.51,2339.11,2318.85,2325.68,313.21051269,2026-04-15 02:00:00+00:00
1776222000000,2325.7,2330.08,2321.24,2329.44,435.24693354,2026-04-15 03:00:00+00:00
1776225600000,2329.42,2334.65,2328.74,2333.6,325.0324041,2026-04-15 04:00:00+00:00
1776229200000,2333.83,2338.49,2315.5,2320.23,301.51158579,2026-04-15 05:00:00+00:00
1776232800000,2320.12,2321.28,2316.0,2317.82,986.50070819,2026-04-15 06:00:00+00:00
1776236400000,2317.82,2324.34,2309.86,2316.99,457.02505963,2026-04-15 07:00:00+00:00
1776240000000,2317.0,2333.17,2314.87,2328.15,351.27510577,2026-04-15 08:00:00+00:00
1776243600000,2328.31,2330.28,2319.0,2320.67,67.28390575,2026-04-15 09:00:00+00:00
1776247200000,2320.52,2328.44,2312.86,2317.25,198.92980925,2026-04-15 10:00:00+00:00
1776250800000,2317.29,2339.51,2317.29,2337.7,401.67564133,2026-04-15 11:00:00+00:00
1776254400000,2337.7,2340.74,2331.0,2334.03,539.41875026,2026-04-15 12:00:00+00:00
1776258000000,2333.38,2334.59,2317.81,2327.09,574.06798615,2026-04-15 13:00:00+00:00
1776261600000,2327.26,2345.39,2323.01,2337.91,897.4929826,2026-04-15 14:00:00+00:00
1776265200000,2339.02,2349.99,2321.33,2332.25,987.86701609,2026-04-15 15:00:00+00:00
1776268800000,2332.21,2350.53,2330.05,2341.78,1030.61340107,2026-04-15 16:00:00+00:00
1776272400000,2342.34,2358.42,2340.39,2348.92,895.12511731,2026-04-15 17:00:00+00:00
1776276000000,2348.98,2360.0,2346.85,2359.38,368.10875677,2026-04-15 18:00:00+00:00
1776279600000,2358.79,2386.01,2357.54,2375.88,3733.57329147,2026-04-15 19:00:00+00:00
1776283200000,2376.04,2376.8,2355.01,2363.55,1324.28103902,2026-04-15 20:00:00+00:00
1776286800000,2363.55,2364.16,2349.19,2361.6,518.58281787,2026-04-15 21:00:00+00:00
1776290400000,2361.6,2380.39,2360.57,2364.07,1315.38388583,2026-04-15 22:00:00+00:00
1776294000000,2364.08,2364.08,2350.45,2360.32,1127.15828125,2026-04-15 23:00:00+00:00
1776297600000,2360.64,2364.23,2351.01,2360.67,260.93295861,2026-04-16 00:00:00+00:00
1776301200000,2360.84,2360.84,2346.71,2352.38,642.44619016,2026-04-16 01:00:00+00:00
1776304800000,2352.5,2369.1,2350.81,2357.95,642.71840686,2026-04-16 02:00:00+00:00
1776308400000,2357.01,2366.3,2356.54,2358.26,255.41271988,2026-04-16 03:00:00+00:00
1776312000000,2357.89,2363.32,2349.1,2354.83,639.01053386,2026-04-16 04:00:00+00:00
1776315600000,2354.83,2361.3,2350.72,2356.94,207.36419836,2026-04-16 05:00:00+00:00
1776319200000,2357.59,2360.84,2351.0,2356.22,208.43201465,2026-04-16 06:00:00+00:00
1776322800000,2356.22,2357.73,2329.41,2341.69,2056.82856797,2026-04-16 07:00:00+00:00
1776326400000,2341.55,2345.87,2335.26,2338.78,518.34263128,2026-04-16 08:00:00+00:00
1776330000000,2338.78,2348.24,2337.79,2338.27,334.09707324,2026-04-16 09:00:00+00:00
1776333600000,2338.13,2340.37,2329.46,2332.33,554.78857604,2026-04-16 10:00:00+00:00
1776337200000,2332.29,2336.0,2330.14,2336.0,83.35872374,2026-04-16 11:00:00+00:00
1776340800000,2335.96,2348.41,2335.77,2340.38,1019.71234695,2026-04-16 12:00:00+00:00
1776344400000,2340.69,2351.49,2291.95,2308.57,2890.07987997,2026-04-16 13:00:00+00:00
1776348000000,2308.17,2316.0,2285.92,2310.61,2040.15354815,2026-04-16 14:00:00+00:00
1776351600000,2310.55,2349.85,2309.06,2340.15,1649.61904217,2026-04-16 15:00:00+00:00
1776355200000,2340.15,2349.11,2310.14,2317.01,1193.40375234,2026-04-16 16:00:00+00:00
1776358800000,2317.09,2329.83,2310.33,2326.35,766.43539207,2026-04-16 17:00:00+00:00
1776362400000,2326.25,2347.0,2321.13,2343.75,907.44308332,2026-04-16 18:00:00+00:00
1776366000000,2343.49,2362.33,2335.52,2360.39,1181.4519767,2026-04-16 19:00:00+00:00
1776369600000,2360.53,2364.77,2342.09,2350.76,784.77172485,2026-04-16 20:00:00+00:00
1776373200000,2350.75,2357.16,2336.42,2341.45,286.44683483,2026-04-16 21:00:00+00:00
1776376800000,2341.65,2351.2,2340.02,2342.86,522.95397771,2026-04-16 22:00:00+00:00
1776380400000,2342.32,2355.38,2342.31,2348.89,290.24509071,2026-04-16 23:00:00+00:00
1776384000000,2348.89,2351.6,2341.38,2345.12,320.93969447,2026-04-17 00:00:00+00:00
1776387600000,2345.01,2349.3,2328.0,2336.09,709.68357265,2026-04-17 01:00:00+00:00
1776391200000,2335.76,2339.48,2326.07,2331.92,229.96996301,2026-04-17 02:00:00+00:00
1776394800000,2332.65,2332.65,2324.68,2325.86,110.30234793,2026-04-17 03:00:00+00:00
1776398400000,2325.87,2333.76,2325.01,2329.27,169.21995012,2026-04-17 04:00:00+00:00
1776402000000,2329.34,2329.34,2317.48,2319.24,386.96868961,2026-04-17 05:00:00+00:00
1776405600000,2319.24,2332.4,2318.15,2331.77,165.78284923,2026-04-17 06:00:00+00:00
1776409200000,2331.66,2342.49,2330.62,2333.86,144.36167253,2026-04-17 07:00:00+00:00
1776412800000,2334.29,2359.22,2333.55,2354.57,989.55763103,2026-04-17 08:00:00+00:00
1776416400000,2354.74,2377.53,2348.86,2359.8,950.3302146,2026-04-17 09:00:00+00:00
1776420000000,2358.82,2361.52,2337.23,2345.15,654.80625958,2026-04-17 10:00:00+00:00
1776423600000,2345.16,2357.39,2344.42,2355.61,435.50038647,2026-04-17 11:00:00+00:00
1776427200000,2355.61,2382.5,2350.61,2372.95,1301.38814616,2026-04-17 12:00:00+00:00
1776430800000,2372.61,2442.19,2367.71,2438.11,8770.02834885,2026-04-17 13:00:00+00:00
1776434400000,2438.19,2459.72,2426.76,2447.99,3043.34669252,2026-04-17 14:00:00+00:00
1776438000000,2448.0,2451.6,2434.0,2443.27,3335.9431018,2026-04-17 15:00:00+00:00
1776441600000,2443.28,2465.91,2442.61,2451.89,2195.84536604,2026-04-17 16:00:00+00:00
1776445200000,2451.89,2453.38,2424.51,2441.17,1274.7267405,2026-04-17 17:00:00+00:00
1776448800000,2441.35,2443.13,2411.91,2421.22,2771.09008201,2026-04-17 18:00:00+00:00
1776452400000,2420.87,2433.4,2418.02,2429.68,2481.45243495,2026-04-17 19:00:00+00:00
1776456000000,2429.07,2436.52,2418.14,2427.86,749.1859498,2026-04-17 20:00:00+00:00
1776459600000,2427.64,2434.4,2420.01,2431.0,459.70638379,2026-04-17 21:00:00+00:00
1776463200000,2430.16,2442.8,2424.0,2433.79,490.6295851,2026-04-17 22:00:00+00:00
1776466800000,2434.16,2434.16,2417.14,2420.5,437.33685551,2026-04-17 23:00:00+00:00
1776470400000,2420.01,2424.39,2411.25,2420.17,460.73571782,2026-04-18 00:00:00+00:00
1776474000000,2421.68,2428.0,2418.49,2422.01,1151.64126399,2026-04-18 01:00:00+00:00
1776477600000,2422.03,2425.54,2418.11,2419.83,85.3450672,2026-04-18 02:00:00+00:00
1776481200000,2420.28,2420.37,2401.14,2405.85,811.63527821,2026-04-18 03:00:00+00:00
1776484800000,2405.99,2410.81,2401.0,2409.0,1039.63320291,2026-04-18 04:00:00+00:00
1776488400000,2408.21,2414.39,2407.01,2409.89,185.7449814,2026-04-18 05:00:00+00:00
1776492000000,2409.89,2412.54,2406.29,2410.32,70.07624649,2026-04-18 06:00:00+00:00
1776495600000,2410.69,2411.78,2403.0,2404.06,168.47289152,2026-04-18 07:00:00+00:00
1776499200000,2404.31,2405.6,2369.16,2381.47,3874.23329795,2026-04-18 08:00:00+00:00
1776502800000,2381.48,2381.48,2370.68,2377.07,503.11239445,2026-04-18 09:00:00+00:00
1776506400000,2377.06,2377.06,2353.92,2359.45,1115.91190516,2026-04-18 10:00:00+00:00
1776510000000,2359.8,2361.08,2344.37,2353.33,540.36096774,2026-04-18 11:00:00+00:00
1776513600000,2353.63,2363.07,2352.34,2358.61,393.68021716,2026-04-18 12:00:00+00:00
1776517200000,2358.69,2360.92,2346.38,2356.06,277.95101893,2026-04-18 13:00:00+00:00
1776520800000,2356.06,2366.33,2350.96,2366.33,507.08198138,2026-04-18 14:00:00+00:00
1776524400000,2365.98,2370.2,2359.64,2364.31,3760.70503139,2026-04-18 15:00:00+00:00
1776528000000,2364.32,2375.5,2356.8,2361.41,714.10031593,2026-04-18 16:00:00+00:00
1776531600000,2361.36,2365.0,2354.48,2362.25,620.10266311,2026-04-18 17:00:00+00:00
1776535200000,2362.26,2364.62,2340.47,2347.65,890.23836576,2026-04-18 18:00:00+00:00
1776538800000,2348.2,2356.97,2347.48,2350.47,175.88736958,2026-04-18 19:00:00+00:00
1776542400000,2349.45,2355.75,2346.01,2353.35,191.65454514,2026-04-18 20:00:00+00:00
1776546000000,2353.48,2355.99,2348.86,2355.99,135.35747345,2026-04-18 21:00:00+00:00
1776549600000,2355.99,2360.33,2350.01,2357.53,160.88598609,2026-04-18 22:00:00+00:00
1776553200000,2357.58,2360.48,2350.9,2351.31,164.05518957,2026-04-18 23:00:00+00:00
1776556800000,2351.26,2355.99,2345.34,2350.06,438.44674254,2026-04-19 00:00:00+00:00
1776560400000,2350.06,2353.77,2343.25,2349.13,275.20720414,2026-04-19 01:00:00+00:00
1776564000000,2348.7,2349.67,2333.57,2339.27,860.23233115,2026-04-19 02:00:00+00:00
1776567600000,2339.27,2344.79,2333.57,2340.52,176.63358677,2026-04-19 03:00:00+00:00
1776571200000,2340.52,2346.65,2316.44,2334.15,2304.12046858,2026-04-19 04:00:00+00:00
1776574800000,2334.08,2339.24,2329.95,2333.66,139.88502247,2026-04-19 05:00:00+00:00
1776578400000,2333.67,2333.77,2322.56,2327.62,1129.51141275,2026-04-19 06:00:00+00:00
1776582000000,2327.83,2327.83,2298.27,2317.5,1910.87862093,2026-04-19 07:00:00+00:00
1776585600000,2316.68,2321.49,2312.14,2318.8,1653.28619642,2026-04-19 08:00:00+00:00
1776589200000,2319.41,2320.28,2307.69,2310.56,1465.95199175,2026-04-19 09:00:00+00:00
1776592800000,2310.57,2320.84,2307.09,2318.78,1056.53954932,2026-04-19 10:00:00+00:00
1776596400000,2318.65,2331.85,2318.65,2330.3,282.72917567,2026-04-19 11:00:00+00:00
1776600000000,2330.52,2337.19,2326.0,2332.64,1878.00116489,2026-04-19 12:00:00+00:00
1776603600000,2332.35,2350.5,2331.52,2339.5,2081.15849072,2026-04-19 13:00:00+00:00
1776607200000,2339.5,2343.89,2328.12,2339.01,276.09914369,2026-04-19 14:00:00+00:00
1776610800000,2339.18,2342.46,2311.63,2330.58,1937.11738749,2026-04-19 15:00:00+00:00
1776614400000,2331.32,2332.36,2305.67,2311.74,423.49434355,2026-04-19 16:00:00+00:00
1776618000000,2310.75,2318.0,2295.01,2296.84,1895.71435029,2026-04-19 17:00:00+00:00
1776621600000,2296.84,2302.0,2287.55,2296.55,837.43508088,2026-04-19 18:00:00+00:00
1776625200000,2296.55,2305.41,2295.02,2301.0,726.39908106,2026-04-19 19:00:00+00:00
1776628800000,2301.0,2301.0,2274.06,2281.18,1080.06768109,2026-04-19 20:00:00+00:00
1776632400000,2281.15,2290.86,2275.7,2276.85,311.24172587,2026-04-19 21:00:00+00:00
1776636000000,2276.71,2276.71,2253.84,2270.59,1344.2829186,2026-04-19 22:00:00+00:00
1776639600000,2270.61,2270.61,2258.67,2263.67,406.55002577,2026-04-19 23:00:00+00:00
1776643200000,2263.48,2283.7,2261.09,2281.01,840.69325903,2026-04-20 00:00:00+00:00
1776646800000,2281.01,2294.63,2278.89,2287.24,346.49305804,2026-04-20 01:00:00+00:00
1776650400000,2287.24,2287.6,2273.33,2279.12,401.84094299,2026-04-20 02:00:00+00:00
1776654000000,2278.67,2288.36,2277.04,2287.08,328.77879213,2026-04-20 03:00:00+00:00
1776657600000,2287.08,2287.08,2279.38,2284.29,161.08879818,2026-04-20 04:00:00+00:00
1776661200000,2284.0,2284.0,2264.43,2271.01,361.94503316,2026-04-20 05:00:00+00:00
1776664800000,2270.88,2289.93,2269.64,2286.9,544.94530356,2026-04-20 06:00:00+00:00
1776668400000,2287.18,2332.61,2284.02,2298.8,1731.25589551,2026-04-20 07:00:00+00:00
1776672000000,2299.34,2308.97,2290.41,2294.98,336.11227291,2026-04-20 08:00:00+00:00
1776675600000,2294.66,2313.91,2294.0,2309.86,244.4401599,2026-04-20 09:00:00+00:00
1776679200000,2309.9,2320.19,2304.06,2304.2,229.64266663,2026-04-20 10:00:00+00:00
1776682800000,2304.2,2313.26,2300.9,2309.65,318.20143667,2026-04-20 11:00:00+00:00
1776686400000,2309.15,2323.43,2305.19,2319.91,406.91989868,2026-04-20 12:00:00+00:00
1776690000000,2319.91,2326.82,2303.27,2312.41,680.04967966,2026-04-20 13:00:00+00:00
1776693600000,2311.9,2322.47,2284.41,2291.49,1435.99806992,2026-04-20 14:00:00+00:00
1776697200000,2291.5,2319.73,2279.95,2314.49,728.95420827,2026-04-20 15:00:00+00:00
1776700800000,2314.9,2315.36,2299.62,2300.65,287.86564423,2026-04-20 16:00:00+00:00
1776704400000,2300.84,2322.91,2299.62,2318.16,662.71121174,2026-04-20 17:00:00+00:00
1776708000000,2318.11,2344.99,2318.11,2334.49,1991.15236346,2026-04-20 18:00:00+00:00
1776711600000,2335.18,2336.87,2328.01,2333.1,428.01831415,2026-04-20 19:00:00+00:00
1776715200000,2332.92,2340.74,2326.59,2338.35,1153.0724024,2026-04-20 20:00:00+00:00
1776718800000,2338.35,2347.25,2316.5,2322.64,1176.2290867,2026-04-20 21:00:00+00:00
1776722400000,2322.27,2329.69,2318.0,2319.97,761.58509416,2026-04-20 22:00:00+00:00
1776726000000,2320.12,2320.12,2308.51,2315.0,547.35857455,2026-04-20 23:00:00+00:00
1776729600000,2315.01,2325.38,2312.68,2322.73,528.21321855,2026-04-21 00:00:00+00:00
1776733200000,2322.83,2327.08,2313.98,2315.77,143.51496281,2026-04-21 01:00:00+00:00
1776736800000,2315.93,2315.93,2307.46,2309.92,422.04185753,2026-04-21 02:00:00+00:00
1776740400000,2309.1,2313.28,2299.87,2312.45,523.64459948,2026-04-21 03:00:00+00:00
1776744000000,2312.23,2316.41,2305.41,2315.43,314.53497279,2026-04-21 04:00:00+00:00
1776747600000,2315.2,2321.32,2313.13,2315.21,420.4679692,2026-04-21 05:00:00+00:00
1776751200000,2314.69,2327.47,2308.68,2318.01,233.90851232,2026-04-21 06:00:00+00:00
1776754800000,2317.95,2325.25,2312.52,2319.38,304.80453853,2026-04-21 07:00:00+00:00
1776758400000,2318.98,2339.44,2314.37,2324.03,303.78728841,2026-04-21 08:00:00+00:00
1776762000000,2324.04,2328.17,2319.27,2326.01,1184.95694714,2026-04-21 09:00:00+00:00
1776765600000,2326.47,2337.96,2326.24,2332.14,743.53473562,2026-04-21 10:00:00+00:00
1776769200000,2332.1,2332.1,2317.05,2322.0,488.2881536,2026-04-21 11:00:00+00:00
1776772800000,2321.08,2324.72,2294.61,2309.89,1252.09581306,2026-04-21 12:00:00+00:00
1776776400000,2308.89,2317.53,2301.6,2312.61,367.50133561,2026-04-21 13:00:00+00:00
1776780000000,2313.69,2328.27,2296.44,2300.17,524.94953391,2026-04-21 14:00:00+00:00
1776783600000,2300.15,2311.05,2291.4,2310.85,952.29243255,2026-04-21 15:00:00+00:00
1776787200000,2310.85,2325.69,2307.25,2308.61,803.19060413,2026-04-21 16:00:00+00:00
1776790800000,2307.64,2319.57,2285.23,2306.72,3283.22763894,2026-04-21 17:00:00+00:00
1776794400000,2306.67,2314.17,2301.33,2313.43,1015.53505829,2026-04-21 18:00:00+00:00
1776798000000,2313.22,2331.29,2287.92,2298.75,4770.71836449,2026-04-21 19:00:00+00:00
1776801600000,2298.76,2325.75,2296.65,2316.42,2987.79828934,2026-04-21 20:00:00+00:00
1776805200000,2315.5,2318.62,2310.33,2313.1,145.17988439,2026-04-21 21:00:00+00:00
1776808800000,2312.65,2317.14,2302.45,2312.31,387.44685225,2026-04-21 22:00:00+00:00
1776812400000,2311.87,2330.0,2311.87,2328.11,271.10259821,2026-04-21 23:00:00+00:00
1776816000000,2327.76,2330.61,2322.93,2326.08,618.229636,2026-04-22 00:00:00+00:00
1776819600000,2325.84,2329.23,2313.75,2322.84,296.46416856,2026-04-22 01:00:00+00:00
1776823200000,2322.84,2375.37,2320.51,2370.75,1999.00838727,2026-04-22 02:00:00+00:00
1776826800000,2370.75,2379.62,2358.72,2364.36,1128.88661574,2026-04-22 03:00:00+00:00
1776830400000,2364.36,2369.0,2358.6,2363.76,413.29901041,2026-04-22 04:00:00+00:00
1776834000000,2363.77,2414.99,2361.91,2396.99,2969.1405357,2026-04-22 05:00:00+00:00
1776837600000,2396.54,2396.66,2389.51,2392.79,453.70233434,2026-04-22 06:00:00+00:00
1776841200000,2392.8,2397.91,2383.18,2390.01,1724.03060361,2026-04-22 07:00:00+00:00
1776844800000,2390.15,2393.9,2383.24,2388.93,494.39958041,2026-04-22 08:00:00+00:00
1776848400000,2388.18,2394.37,2384.9,2388.22,296.7899661,2026-04-22 09:00:00+00:00
1776852000000,2387.97,2394.07,2385.41,2390.52,147.52809495,2026-04-22 10:00:00+00:00
1776855600000,2390.52,2401.14,2386.66,2399.88,387.9739555,2026-04-22 11:00:00+00:00
1776859200000,2399.37,2407.66,2396.99,2406.5,518.43506729,2026-04-22 12:00:00+00:00
1776862800000,2406.12,2423.75,2401.97,2417.76,1116.43511451,2026-04-22 13:00:00+00:00
1776866400000,2418.36,2424.05,2391.76,2404.1,1719.02287799,2026-04-22 14:00:00+00:00
1776870000000,2403.49,2414.0,2392.3,2404.55,2914.84023723,2026-04-22 15:00:00+00:00
1776873600000,2404.78,2414.0,2384.47,2386.08,6390.47718004,2026-04-22 16:00:00+00:00
1776877200000,2386.38,2403.91,2386.37,2399.42,565.1922687,2026-04-22 17:00:00+00:00
1776880800000,2399.74,2404.96,2395.43,2397.59,612.08148621,2026-04-22 18:00:00+00:00
1776884400000,2397.6,2407.95,2389.53,2398.33,840.80898587,2026-04-22 19:00:00+00:00
1776888000000,2398.17,2402.96,2391.23,2392.17,1030.59416894,2026-04-22 20:00:00+00:00
1776891600000,2392.18,2407.15,2392.17,2403.1,1492.24188785,2026-04-22 21:00:00+00:00
1776895200000,2403.11,2406.31,2394.85,2401.14,110.88333288,2026-04-22 22:00:00+00:00
1776898800000,2400.95,2401.35,2374.38,2374.95,568.42722807,2026-04-22 23:00:00+00:00
1776902400000,2374.96,2382.24,2344.0,2373.48,2195.49692102,2026-04-23 00:00:00+00:00
1776906000000,2373.55,2373.55,2361.81,2367.38,316.06882208,2026-04-23 01:00:00+00:00
1776909600000,2367.38,2367.77,2345.03,2352.48,540.56567124,2026-04-23 02:00:00+00:00
1776913200000,2352.48,2353.85,2333.13,2342.61,777.25365457,2026-04-23 03:00:00+00:00
1776916800000,2341.01,2349.51,2337.86,2348.38,350.2358118,2026-04-23 04:00:00+00:00
1776920400000,2348.37,2353.0,2341.5,2349.06,738.33471706,2026-04-23 05:00:00+00:00
1776924000000,2349.32,2359.0,2349.32,2355.12,294.3097176,2026-04-23 06:00:00+00:00
1776927600000,2355.28,2357.58,2342.16,2344.88,253.26446268,2026-04-23 07:00:00+00:00
1776931200000,2344.88,2345.1,2336.11,2340.66,242.85635653,2026-04-23 08:00:00+00:00
1776934800000,2340.41,2341.22,2314.52,2317.37,1279.10813722,2026-04-23 09:00:00+00:00
1776938400000,2317.38,2320.45,2306.73,2314.57,2081.29342926,2026-04-23 10:00:00+00:00
1776942000000,2314.9,2332.6,2314.88,2330.22,394.40171525,2026-04-23 11:00:00+00:00
1776945600000,2330.23,2336.03,2322.5,2329.08,748.90914148,2026-04-23 12:00:00+00:00
1776949200000,2329.79,2333.29,2315.78,2320.43,469.03540388,2026-04-23 13:00:00+00:00
1776952800000,2320.18,2335.8,2317.0,2335.28,402.90303366,2026-04-23 14:00:00+00:00
1776956400000,2335.29,2343.81,2325.03,2334.06,613.80640057,2026-04-23 15:00:00+00:00
1776960000000,2334.24,2335.88,2324.99,2326.82,257.20220245,2026-04-23 16:00:00+00:00
1776963600000,2327.01,2330.35,2286.81,2311.05,5184.2398112,2026-04-23 17:00:00+00:00
1776967200000,2311.05,2320.29,2305.61,2306.14,830.09135462,2026-04-23 18:00:00+00:00
1776970800000,2306.11,2319.0,2301.6,2313.63,348.51432833,2026-04-23 19:00:00+00:00
1776974400000,2313.72,2329.58,2313.72,2325.68,887.6870186,2026-04-23 20:00:00+00:00
1776978000000,2325.56,2329.6,2321.33,2322.8,475.30113428,2026-04-23 21:00:00+00:00
1776981600000,2322.19,2339.04,2322.19,2332.6,453.95147846,2026-04-23 22:00:00+00:00
1776985200000,2332.75,2333.62,2325.09,2330.81,251.17056873,2026-04-23 23:00:00+00:00
1776988800000,2331.06,2337.88,2327.44,2333.01,650.27175842,2026-04-24 00:00:00+00:00
1776992400000,2333.29,2334.1,2319.61,2333.27,217.52033034,2026-04-24 01:00:00+00:00
1776996000000,2333.25,2335.4,2315.64,2320.62,368.63564812,2026-04-24 02:00:00+00:00
1776999600000,2320.55,2321.82,2302.05,2308.94,1694.10054347,2026-04-24 03:00:00+00:00
1777003200000,2308.95,2311.99,2301.5,2306.98,277.22263839,2026-04-24 04:00:00+00:00
1777006800000,2306.99,2317.18,2300.5,2315.5,277.69412399,2026-04-24 05:00:00+00:00
1777010400000,2315.69,2317.17,2309.14,2309.48,280.63812436,2026-04-24 06:00:00+00:00
1777014000000,2309.48,2317.07,2309.17,2310.12,253.58685829,2026-04-24 07:00:00+00:00
1777017600000,2312.11,2323.3,2307.76,2315.72,621.58418685,2026-04-24 08:00:00+00:00
1777021200000,2315.55,2315.55,2304.19,2309.99,411.83326296,2026-04-24 09:00:00+00:00
1777024800000,2309.99,2319.61,2306.1,2316.68,228.72685534,2026-04-24 10:00:00+00:00
1777028400000,2316.42,2332.93,2316.41,2328.74,601.23112939,2026-04-24 11:00:00+00:00
1777032000000,2328.42,2332.0,2318.87,2325.67,188.41907498,2026-04-24 12:00:00+00:00
1777035600000,2325.58,2331.56,2311.54,2317.92,390.34308649,2026-04-24 13:00:00+00:00
1777039200000,2317.82,2318.88,2305.0,2314.07,1820.81083738,2026-04-24 14:00:00+00:00
1777042800000,2314.08,2330.0,2302.16,2324.66,437.79397922,2026-04-24 15:00:00+00:00
1777046400000,2324.31,2325.04,2310.73,2317.47,372.99553141,2026-04-24 16:00:00+00:00
1777050000000,2317.05,2321.89,2309.09,2320.0,1241.36501679,2026-04-24 17:00:00+00:00
1777053600000,2320.0,2321.67,2310.55,2320.3,253.20368412,2026-04-24 18:00:00+00:00
1777057200000,2320.47,2325.4,2320.1,2322.12,393.99440526,2026-04-24 19:00:00+00:00
1777060800000,2321.89,2328.96,2316.06,2327.09,418.58327919,2026-04-24 20:00:00+00:00
1777064400000,2327.04,2328.27,2313.67,2315.93,742.19698865,2026-04-24 21:00:00+00:00
1777068000000,2315.82,2316.48,2307.72,2312.71,280.00842175,2026-04-24 22:00:00+00:00
1777071600000,2312.71,2316.73,2312.71,2315.72,124.18203295,2026-04-24 23:00:00+00:00
1777075200000,2315.74,2316.51,2312.16,2316.29,125.56788419,2026-04-25 00:00:00+00:00
1777078800000,2316.29,2321.77,2316.28,2319.2,98.33523742,2026-04-25 01:00:00+00:00
1777082400000,2319.2,2319.66,2315.24,2317.34,102.34943793,2026-04-25 02:00:00+00:00
1777086000000,2318.0,2320.51,2316.14,2318.77,76.84972186,2026-04-25 03:00:00+00:00
1777089600000,2318.9,2319.51,2316.57,2317.38,29.93170415,2026-04-25 04:00:00+00:00
1777093200000,2317.37,2317.37,2313.86,2316.77,53.32656427,2026-04-25 05:00:00+00:00
1777096800000,2317.01,2317.78,2315.23,2316.52,70.25183504,2026-04-25 06:00:00+00:00
1777100400000,2316.52,2319.2,2314.98,2317.34,86.42597218,2026-04-25 07:00:00+00:00
1777104000000,2317.34,2321.44,2316.49,2320.19,99.08852662,2026-04-25 08:00:00+00:00
1777107600000,2320.18,2323.41,2317.6,2319.66,148.74376403,2026-04-25 09:00:00+00:00
1777111200000,2319.7,2323.22,2319.28,2320.78,477.75535912,2026-04-25 10:00:00+00:00
1777114800000,2320.78,2320.78,2311.43,2314.28,159.86972397,2026-04-25 11:00:00+00:00
1777118400000,2314.36,2317.28,2312.29,2314.35,173.27590464,2026-04-25 12:00:00+00:00
1777122000000,2314.35,2318.0,2314.35,2317.07,102.10780473,2026-04-25 13:00:00+00:00
1777125600000,2317.07,2319.0,2315.7,2316.62,76.97227183,2026-04-25 14:00:00+00:00
1777129200000,2316.58,2318.96,2298.25,2308.86,1454.59265916,2026-04-25 15:00:00+00:00
1777132800000,2308.87,2311.34,2301.51,2309.41,1140.1786046,2026-04-25 16:00:00+00:00
1777136400000,2309.42,2314.04,2308.01,2309.84,206.63266889,2026-04-25 17:00:00+00:00
1777140000000,2309.5,2314.49,2309.24,2312.42,293.4650053,2026-04-25 18:00:00+00:00
1777143600000,2312.08,2312.89,2307.52,2310.56,286.64582217,2026-04-25 19:00:00+00:00
1777147200000,2310.52,2313.89,2309.29,2313.8,227.9746732,2026-04-25 20:00:00+00:00
1777150800000,2313.65,2317.73,2313.65,2316.62,145.38255674,2026-04-25 21:00:00+00:00
1777154400000,2316.49,2321.01,2316.12,2318.92,137.17990516,2026-04-25 22:00:00+00:00
1777158000000,2318.42,2320.14,2317.49,2319.82,106.3147716,2026-04-25 23:00:00+00:00
1777161600000,2319.82,2319.99,2313.04,2315.34,203.74715303,2026-04-26 00:00:00+00:00
1777165200000,2315.34,2318.41,2313.93,2314.53,88.91968744,2026-04-26 01:00:00+00:00
1777168800000,2314.53,2319.0,2314.52,2315.86,64.95531145,2026-04-26 02:00:00+00:00
1777172400000,2315.76,2316.96,2307.57,2310.22,157.56728961,2026-04-26 03:00:00+00:00
1777176000000,2310.23,2319.72,2309.54,2317.99,106.49103678,2026-04-26 04:00:00+00:00
1777179600000,2317.89,2336.42,2317.89,2328.29,617.96045748,2026-04-26 05:00:00+00:00
1777183200000,2328.29,2333.33,2328.14,2330.14,690.07495998,2026-04-26 06:00:00+00:00
1777186800000,2330.14,2332.56,2328.97,2331.59,73.50032587,2026-04-26 07:00:00+00:00
1777190400000,2331.73,2337.5,2331.34,2332.69,145.75931885,2026-04-26 08:00:00+00:00
1777194000000,2332.7,2335.46,2330.25,2335.18,156.95727772,2026-04-26 09:00:00+00:00
1777197600000,2334.98,2336.41,2332.02,2332.94,60.9287364,2026-04-26 10:00:00+00:00
1777201200000,2332.95,2338.0,2332.94,2336.84,196.79998289,2026-04-26 11:00:00+00:00
1777204800000,2336.84,2336.84,2325.84,2328.42,422.33484626,2026-04-26 12:00:00+00:00
1777208400000,2328.43,2336.46,2328.43,2335.68,256.7543777,2026-04-26 13:00:00+00:00
1777212000000,2335.51,2352.32,2334.21,2347.06,1640.11052492,2026-04-26 14:00:00+00:00
1777215600000,2346.75,2349.51,2345.01,2349.51,471.20861294,2026-04-26 15:00:00+00:00
1777219200000,2349.51,2349.77,2343.25,2343.31,376.83018993,2026-04-26 16:00:00+00:00
1777222800000,2343.26,2350.3,2341.13,2350.01,660.616037,2026-04-26 17:00:00+00:00
1777226400000,2350.02,2369.7,2348.47,2362.63,2573.52200405,2026-04-26 18:00:00+00:00
1777230000000,2362.57,2376.85,2360.68,2368.23,799.40067151,2026-04-26 19:00:00+00:00
1777233600000,2368.24,2373.47,2363.54,2363.54,1124.19203757,2026-04-26 20:00:00+00:00
1777237200000,2363.25,2371.13,2349.51,2365.07,1061.00848518,2026-04-26 21:00:00+00:00
1777240800000,2365.15,2380.0,2353.01,2362.38,909.15475889,2026-04-26 22:00:00+00:00
1777244400000,2362.38,2378.96,2357.5,2369.5,387.19437188,2026-04-26 23:00:00+00:00
1777248000000,2369.5,2391.33,2360.52,2389.94,1475.47198579,2026-04-27 00:00:00+00:00
1777251600000,2390.17,2404.07,2378.14,2394.74,1597.05487183,2026-04-27 01:00:00+00:00
1777255200000,2395.0,2397.49,2387.86,2393.61,204.15513058,2026-04-27 02:00:00+00:00
1777258800000,2392.74,2400.4,2391.72,2395.05,370.77558695,2026-04-27 03:00:00+00:00
1777262400000,2395.14,2396.46,2380.96,2382.85,374.26769689,2026-04-27 04:00:00+00:00
1777266000000,2383.17,2383.67,2319.46,2323.58,3574.1293681,2026-04-27 05:00:00+00:00
1777269600000,2323.51,2329.34,2313.68,2322.1,790.87740392,2026-04-27 06:00:00+00:00
1777273200000,2321.21,2323.8,2315.46,2316.79,451.23372828,2026-04-27 07:00:00+00:00
1777276800000,2316.33,2319.82,2310.01,2319.72,378.46835939,2026-04-27 08:00:00+00:00
1777280400000,2319.72,2325.48,2315.6,2322.47,359.85902135,2026-04-27 09:00:00+00:00
1777284000000,2321.76,2323.95,2319.0,2320.57,106.26513512,2026-04-27 10:00:00+00:00
1777287600000,2320.57,2322.37,2317.06,2320.32,236.51596596,2026-04-27 11:00:00+00:00
1777291200000,2320.08,2321.04,2313.0,2313.16,135.53425314,2026-04-27 12:00:00+00:00
1777294800000,2314.21,2319.5,2300.84,2313.07,719.9748786,2026-04-27 13:00:00+00:00
1777298400000,2313.07,2329.43,2309.28,2314.75,1813.13208944,2026-04-27 14:00:00+00:00
1777302000000,2315.1,2315.1,2264.68,2274.15,5562.64116046,2026-04-27 15:00:00+00:00
1777305600000,2274.89,2280.46,2270.25,2277.79,1820.73590421,2026-04-27 16:00:00+00:00
1777309200000,2278.38,2292.81,2278.38,2287.32,798.87843884,2026-04-27 17:00:00+00:00
1777312800000,2286.99,2291.75,2284.32,2288.64,487.73626542,2026-04-27 18:00:00+00:00
1777316400000,2288.65,2290.96,2275.18,2288.24,713.77835774,2026-04-27 19:00:00+00:00
1777320000000,2289.0,2296.0,2289.0,2292.35,556.12188685,2026-04-27 20:00:00+00:00
1777323600000,2291.6,2292.33,2286.88,2287.23,548.39927828,2026-04-27 21:00:00+00:00
1777327200000,2287.29,2295.43,2284.94,2294.2,128.07892252,2026-04-27 22:00:00+00:00
1777330800000,2294.3,2307.99,2291.17,2303.5,397.54228417,2026-04-27 23:00:00+00:00
1777334400000,2303.59,2310.0,2299.3,2306.91,365.43479335,2026-04-28 00:00:00+00:00
1777338000000,2306.86,2308.61,2297.83,2298.36,162.40975298,2026-04-28 01:00:00+00:00
1777341600000,2298.4,2300.68,2280.96,2288.81,1496.70613024,2026-04-28 02:00:00+00:00
1777345200000,2288.75,2290.79,2282.22,2290.56,221.19375937,2026-04-28 03:00:00+00:00
1777348800000,2290.65,2293.73,2283.71,2288.47,189.50488807,2026-04-28 04:00:00+00:00
1777352400000,2288.4,2296.92,2286.75,2287.89,276.63478559,2026-04-28 05:00:00+00:00
1777356000000,2287.92,2290.95,2270.02,2277.68,389.00955374,2026-04-28 06:00:00+00:00
1777359600000,2277.47,2288.17,2270.16,2287.22,381.99877733,2026-04-28 07:00:00+00:00
1777363200000,2287.23,2291.37,2283.61,2286.49,244.66424582,2026-04-28 08:00:00+00:00
1777366800000,2286.5,2288.64,2277.0,2282.1,94.3011592,2026-04-28 09:00:00+00:00
1777370400000,2282.1,2287.06,2280.75,2283.83,114.35086811,2026-04-28 10:00:00+00:00
1777374000000,2283.84,2285.0,2270.41,2274.45,364.50773926,2026-04-28 11:00:00+00:00
1777377600000,2274.46,2280.3,2272.0,2277.37,797.13833804,2026-04-28 12:00:00+00:00
1777381200000,2277.65,2285.66,2257.1,2276.32,2606.3537733,2026-04-28 13:00:00+00:00
1777384800000,2276.14,2276.4,2256.63,2273.43,2801.50519215,2026-04-28 14:00:00+00:00
1777388400000,2273.41,2280.32,2269.52,2278.82,370.87772899,2026-04-28 15:00:00+00:00
1777392000000,2279.56,2287.47,2273.8,2286.0,976.33133028,2026-04-28 16:00:00+00:00
1777395600000,2286.0,2292.74,2278.3,2290.15,567.84415868,2026-04-28 17:00:00+00:00
1777399200000,2290.17,2297.67,2287.34,2296.73,434.28885947,2026-04-28 18:00:00+00:00
1777402800000,2296.53,2304.75,2290.0,2301.42,432.95150634,2026-04-28 19:00:00+00:00
1777406400000,2301.43,2305.0,2295.51,2295.51,286.48137028,2026-04-28 20:00:00+00:00
1777410000000,2295.51,2296.5,2286.13,2290.1,211.62005423,2026-04-28 21:00:00+00:00
1777413600000,2290.1,2294.11,2285.01,2285.84,262.39027829,2026-04-28 22:00:00+00:00
1777417200000,2286.03,2289.93,2283.89,2289.05,333.14883629,2026-04-28 23:00:00+00:00
1777420800000,2288.78,2293.57,2285.08,2291.96,274.8195481,2026-04-29 00:00:00+00:00
1777424400000,2292.35,2296.41,2279.01,2292.03,408.04931065,2026-04-29 01:00:00+00:00
1777428000000,2292.15,2295.18,2284.51,2288.74,293.39568974,2026-04-29 02:00:00+00:00
1777431600000,2288.6,2316.17,2287.62,2311.0,814.41469726,2026-04-29 03:00:00+00:00
1777435200000,2311.49,2342.83,2309.19,2326.83,1609.63243223,2026-04-29 04:00:00+00:00
1777438800000,2326.86,2332.11,2323.0,2328.55,304.7272679,2026-04-29 05:00:00+00:00
1777442400000,2328.55,2335.21,2320.85,2324.22,278.34063183,2026-04-29 06:00:00+00:00
1777446000000,2324.52,2329.55,2321.5,2323.4,256.91539147,2026-04-29 07:00:00+00:00
1777449600000,2323.14,2328.48,2320.68,2324.78,101.6368205,2026-04-29 08:00:00+00:00
1777453200000,2324.93,2345.58,2322.43,2339.46,422.01408233,2026-04-29 09:00:00+00:00
1777456800000,2339.45,2345.9,2330.2,2333.39,292.200841,2026-04-29 10:00:00+00:00
1777460400000,2333.33,2335.78,2328.31,2331.49,402.15433092,2026-04-29 11:00:00+00:00
1777464000000,2331.5,2331.73,2307.21,2315.77,2194.25529141,2026-04-29 12:00:00+00:00
1777467600000,2315.8,2317.86,2288.66,2302.51,1099.90157134,2026-04-29 13:00:00+00:00
1777471200000,2302.48,2306.93,2293.55,2298.67,1556.35975786,2026-04-29 14:00:00+00:00
1777474800000,2298.83,2300.73,2263.06,2271.52,1995.8847733,2026-04-29 15:00:00+00:00
1777478400000,2271.73,2278.38,2262.24,2265.77,862.18845053,2026-04-29 16:00:00+00:00
1777482000000,2266.77,2281.12,2265.59,2281.12,326.66582372,2026-04-29 17:00:00+00:00
1777485600000,2281.83,2288.84,2220.0,2237.8,6192.51698822,2026-04-29 18:00:00+00:00
1777489200000,2238.84,2241.65,2225.04,2232.12,632.18273496,2026-04-29 19:00:00+00:00
1777492800000,2232.38,2247.47,2230.0,2240.0,914.09633032,2026-04-29 20:00:00+00:00
1777496400000,2240.01,2264.68,2238.4,2252.68,887.42032473,2026-04-29 21:00:00+00:00
1777500000000,2252.35,2257.87,2250.0,2257.07,553.1126377,2026-04-29 22:00:00+00:00
1777503600000,2257.03,2259.0,2250.0,2252.11,236.49149188,2026-04-29 23:00:00+00:00
1777507200000,2252.12,2274.0,2249.42,2272.23,744.26971286,2026-04-30 00:00:00+00:00
1777510800000,2271.44,2277.64,2266.6,2268.48,322.66394293,2026-04-30 01:00:00+00:00
1777514400000,2268.41,2272.42,2235.55,2244.42,1749.31441795,2026-04-30 02:00:00+00:00
1777518000000,2244.08,2255.8,2242.91,2252.84,106.19740103,2026-04-30 03:00:00+00:00
1777521600000,2252.48,2253.31,2235.95,2238.02,336.68115371,2026-04-30 04:00:00+00:00
1777525200000,2238.0,2247.27,2230.78,2241.96,2619.43795783,2026-04-30 05:00:00+00:00
1777528800000,2241.71,2250.99,2241.1,2247.42,120.72812323,2026-04-30 06:00:00+00:00
1777532400000,2247.09,2261.34,2243.25,2259.73,399.51249798,2026-04-30 07:00:00+00:00
1777536000000,2259.57,2261.44,2255.06,2255.78,487.63882332,2026-04-30 08:00:00+00:00
1777539600000,2255.77,2270.0,2255.18,2261.12,139.21536791,2026-04-30 09:00:00+00:00
1777543200000,2261.13,2264.34,2255.91,2261.42,188.63261361,2026-04-30 10:00:00+00:00
1777546800000,2261.11,2271.79,2251.79,2257.74,542.5935122,2026-04-30 11:00:00+00:00
1777550400000,2257.74,2270.14,2257.27,2264.48,218.78954535,2026-04-30 12:00:00+00:00
1777554000000,2264.48,2271.0,2254.29,2263.22,227.8264495,2026-04-30 13:00:00+00:00
1777557600000,2263.02,2269.93,2241.65,2261.82,1685.05984766,2026-04-30 14:00:00+00:00
1777561200000,2261.18,2273.99,2257.1,2264.79,1226.93170884,2026-04-30 15:00:00+00:00
1777564800000,2264.75,2266.34,2254.71,2256.04,478.6387691,2026-04-30 16:00:00+00:00
1777568400000,2256.1,2258.83,2250.86,2257.65,202.39132975,2026-04-30 17:00:00+00:00
1777572000000,2257.64,2264.0,2253.68,2259.31,170.82844098,2026-04-30 18:00:00+00:00
1777575600000,2259.31,2266.05,2257.49,2261.95,305.17096335,2026-04-30 19:00:00+00:00
1777579200000,2261.16,2266.42,2260.01,2263.31,1243.92085223,2026-04-30 20:00:00+00:00
1777582800000,2263.45,2264.0,2253.58,2256.06,367.9339544,2026-04-30 21:00:00+00:00
1777586400000,2256.07,2260.5,2251.73,2252.94,226.65859102,2026-04-30 22:00:00+00:00
1777590000000,2252.94,2258.0,2252.93,2256.51,199.04690751,2026-04-30 23:00:00+00:00
1777593600000,2256.99,2265.0,2256.77,2258.72,167.7769663,2026-05-01 00:00:00+00:00
1777597200000,2258.84,2269.01,2258.84,2266.94,129.9617141,2026-05-01 01:00:00+00:00
1777600800000,2266.95,2269.28,2264.05,2266.15,222.59322136,2026-05-01 02:00:00+00:00
1777604400000,2266.15,2293.55,2265.16,2281.91,505.87521868,2026-05-01 03:00:00+00:00
1777608000000,2282.02,2284.79,2277.16,2279.55,101.06589429,2026-05-01 04:00:00+00:00
1777611600000,2279.56,2285.21,2277.82,2282.58,1165.01555392,2026-05-01 05:00:00+00:00
1777615200000,2282.92,2285.54,2271.72,2276.63,329.12255958,2026-05-01 06:00:00+00:00
1777618800000,2276.72,2280.36,2272.74,2278.82,95.63138508,2026-05-01 07:00:00+00:00
1777622400000,2279.05,2287.49,2276.77,2286.22,247.111994,2026-05-01 08:00:00+00:00
1777626000000,2286.23,2286.51,2279.22,2281.47,166.06515183,2026-05-01 09:00:00+00:00
1777629600000,2281.04,2285.31,2276.83,2281.85,129.12706607,2026-05-01 10:00:00+00:00
1777633200000,2281.85,2291.75,2281.1,2286.3,135.4183746,2026-05-01 11:00:00+00:00
1777636800000,2286.14,2311.24,2283.39,2300.75,1388.11489615,2026-05-01 12:00:00+00:00
1777640400000,2300.75,2322.96,2300.75,2317.44,2128.31299176,2026-05-01 13:00:00+00:00
1777644000000,2317.57,2325.18,2301.77,2307.95,1356.66419848,2026-05-01 14:00:00+00:00
1777647600000,2307.71,2316.37,2298.9,2307.36,1079.95909148,2026-05-01 15:00:00+00:00
1777651200000,2307.31,2313.97,2297.53,2301.59,432.95317564,2026-05-01 16:00:00+00:00
1777654800000,2301.39,2312.92,2298.54,2311.59,427.87493805,2026-05-01 17:00:00+00:00
1777658400000,2311.61,2312.21,2303.53,2304.21,543.0641747,2026-05-01 18:00:00+00:00
1777662000000,2304.28,2307.6,2302.48,2305.46,537.92875279,2026-05-01 19:00:00+00:00
1777665600000,2304.88,2305.45,2279.28,2284.88,461.92845075,2026-05-01 20:00:00+00:00
1777669200000,2284.8,2293.85,2283.72,2292.26,605.4896904,2026-05-01 21:00:00+00:00
1777672800000,2292.26,2299.25,2290.92,2292.93,423.34363175,2026-05-01 22:00:00+00:00
1777676400000,2292.98,2295.42,2289.01,2295.4,93.39307856,2026-05-01 23:00:00+00:00
1777680000000,2295.4,2298.59,2293.16,2297.35,86.66418866,2026-05-02 00:00:00+00:00
1777683600000,2297.35,2300.0,2295.66,2297.77,115.63590467,2026-05-02 01:00:00+00:00
1777687200000,2298.57,2307.0,2295.17,2303.25,127.91450094,2026-05-02 02:00:00+00:00
1777690800000,2303.25,2307.76,2300.68,2304.34,86.04767376,2026-05-02 03:00:00+00:00
1777694400000,2304.13,2304.81,2299.5,2300.99,122.73992523,2026-05-02 04:00:00+00:00
1777698000000,2300.99,2301.12,2296.61,2299.51,51.80353824,2026-05-02 05:00:00+00:00
1777701600000,2299.51,2305.5,2297.02,2305.2,59.06098289,2026-05-02 06:00:00+00:00
1777705200000,2305.2,2305.89,2300.56,2300.56,187.84779835,2026-05-02 07:00:00+00:00
1777708800000,2300.76,2304.24,2299.0,2303.43,66.40345403,2026-05-02 08:00:00+00:00
1777712400000,2303.43,2307.0,2303.42,2305.18,77.93505824,2026-05-02 09:00:00+00:00
1777716000000,2305.17,2305.77,2302.11,2303.41,69.73219438,2026-05-02 10:00:00+00:00
1777719600000,2303.34,2304.64,2300.01,2301.73,76.6597543,2026-05-02 11:00:00+00:00
1777723200000,2301.74,2305.46,2301.4,2303.16,87.00873105,2026-05-02 12:00:00+00:00
1777726800000,2303.39,2311.51,2303.39,2308.09,746.88614492,2026-05-02 13:00:00+00:00
1777730400000,2308.1,2308.43,2305.0,2306.34,111.00075836,2026-05-02 14:00:00+00:00
1777734000000,2306.15,2309.33,2305.23,2309.24,108.49232897,2026-05-02 15:00:00+00:00
1777737600000,2309.15,2313.13,2307.66,2309.2,165.97541081,2026-05-02 16:00:00+00:00
1777741200000,2309.21,2309.7,2305.52,2305.77,65.20339528,2026-05-02 17:00:00+00:00
1777744800000,2305.78,2310.99,2304.13,2309.83,303.85557232,2026-05-02 18:00:00+00:00
1777748400000,2309.89,2312.0,2308.64,2310.98,168.4056346,2026-05-02 19:00:00+00:00
1777752000000,2310.98,2311.72,2309.36,2311.43,267.60824997,2026-05-02 20:00:00+00:00
1777755600000,2311.52,2341.44,2310.81,2325.56,972.63166608,2026-05-02 21:00:00+00:00
1777759200000,2325.34,2327.98,2317.61,2327.18,376.34138341,2026-05-02 22:00:00+00:00
1777762800000,2326.88,2326.89,2314.01,2316.62,205.28622266,2026-05-02 23:00:00+00:00
1777766400000,2316.81,2317.24,2309.12,2313.86,237.91907264,2026-05-03 00:00:00+00:00
1777770000000,2313.86,2313.86,2302.89,2304.0,244.06042854,2026-05-03 01:00:00+00:00
1777773600000,2303.68,2306.96,2299.26,2302.84,623.97964691,2026-05-03 02:00:00+00:00
1777777200000,2303.22,2303.71,2299.6,2301.61,101.98173933,2026-05-03 03:00:00+00:00
1777780800000,2301.4,2303.73,2297.35,2301.0,104.68856075,2026-05-03 04:00:00+00:00
1777784400000,2301.01,2304.7,2301.0,2303.65,244.28070266,2026-05-03 05:00:00+00:00
1777788000000,2303.97,2306.14,2300.0,2304.01,146.88018452,2026-05-03 06:00:00+00:00
1777791600000,2304.02,2313.26,2304.01,2309.01,305.38566301,2026-05-03 07:00:00+00:00
1777795200000,2309.09,2312.32,2307.57,2308.19,52.20351031,2026-05-03 08:00:00+00:00
1777798800000,2308.23,2320.8,2307.6,2316.36,231.04335795,2026-05-03 09:00:00+00:00
1777802400000,2316.34,2316.38,2311.01,2311.26,135.63133307,2026-05-03 10:00:00+00:00
1777806000000,2311.33,2326.5,2310.42,2319.15,359.60619438,2026-05-03 11:00:00+00:00
1777809600000,2319.15,2332.33,2319.15,2324.25,299.48160811,2026-05-03 12:00:00+00:00
1777813200000,2324.89,2328.0,2320.55,2322.17,415.92398246,2026-05-03 13:00:00+00:00
1777816800000,2322.65,2329.03,2321.04,2328.49,414.46611174,2026-05-03 14:00:00+00:00
1777820400000,2327.89,2332.33,2325.0,2328.03,508.8193133,2026-05-03 15:00:00+00:00
1777824000000,2328.03,2334.76,2321.93,2328.27,3123.79196921,2026-05-03 16:00:00+00:00
1777827600000,2328.28,2335.57,2324.3,2332.31,6743.36910274,2026-05-03 17:00:00+00:00
1777831200000,2332.31,2333.09,2328.6,2330.88,755.12776727,2026-05-03 18:00:00+00:00
1777834800000,2330.9,2338.72,2327.98,2336.19,5460.71639515,2026-05-03 19:00:00+00:00
1777838400000,2336.19,2344.35,2328.38,2329.57,2583.38281144,2026-05-03 20:00:00+00:00
1777842000000,2330.0,2333.85,2315.5,2323.8,622.78306637,2026-05-03 21:00:00+00:00
1777845600000,2323.96,2355.95,2323.96,2343.38,1386.72217354,2026-05-03 22:00:00+00:00
1777849200000,2343.68,2347.24,2320.0,2322.47,649.7997628,2026-05-03 23:00:00+00:00
1777852800000,2322.56,2322.56,2308.95,2318.8,418.10325062,2026-05-04 00:00:00+00:00
1777856400000,2318.8,2353.29,2312.99,2350.21,929.14573108,2026-05-04 01:00:00+00:00
1777860000000,2351.02,2387.0,2345.65,2374.0,1733.52764871,2026-05-04 02:00:00+00:00
1777863600000,2374.59,2390.98,2371.45,2384.7,1312.3034674,2026-05-04 03:00:00+00:00
1777867200000,2384.71,2398.34,2384.22,2389.91,726.72432982,2026-05-04 04:00:00+00:00
1777870800000,2389.91,2390.9,2375.13,2376.06,2087.48254124,2026-05-04 05:00:00+00:00
1777874400000,2375.78,2377.81,2354.0,2367.88,668.15258929,2026-05-04 06:00:00+00:00
1777878000000,2368.22,2373.13,2362.29,2362.45,685.06639494,2026-05-04 07:00:00+00:00
1777881600000,2362.47,2363.46,2357.59,2359.58,314.90988438,2026-05-04 08:00:00+00:00
1777885200000,2359.71,2370.57,2357.59,2367.97,377.79350619,2026-05-04 09:00:00+00:00
1777888800000,2368.19,2369.41,2313.68,2338.5,2438.56857928,2026-05-04 10:00:00+00:00
1777892400000,2337.95,2343.21,2332.96,2337.03,1835.62296402,2026-05-04 11:00:00+00:00
1777896000000,2337.03,2343.25,2332.96,2335.47,253.57889323,2026-05-04 12:00:00+00:00
1777899600000,2335.35,2344.0,2326.01,2336.25,414.84893062,2026-05-04 13:00:00+00:00
1777903200000,2336.24,2381.4,2327.43,2371.14,1179.00303316,2026-05-04 14:00:00+00:00
1777906800000,2371.41,2374.57,2336.59,2349.03,1644.28425325,2026-05-04 15:00:00+00:00
1777910400000,2349.86,2363.95,2336.51,2355.05,1072.03109939,2026-05-04 16:00:00+00:00
1777914000000,2354.95,2379.03,2353.49,2370.09,551.27613231,2026-05-04 17:00:00+00:00
1777917600000,2369.82,2374.95,2357.24,2361.2,603.46733996,2026-05-04 18:00:00+00:00
1777921200000,2361.33,2363.82,2353.29,2356.32,1040.38069916,2026-05-04 19:00:00+00:00
1777924800000,2355.86,2358.35,2347.27,2349.74,810.07550584,2026-05-04 20:00:00+00:00
1777928400000,2349.7,2363.99,2349.68,2360.42,114.07542051,2026-05-04 21:00:00+00:00
1777932000000,2360.45,2365.13,2353.1,2354.28,304.81156748,2026-05-04 22:00:00+00:00
1777935600000,2354.28,2354.28,2344.39,2345.82,264.43618109,2026-05-04 23:00:00+00:00
1777939200000,2347.06,2358.93,2344.67,2358.5,143.79651419,2026-05-05 00:00:00+00:00
1777942800000,2358.5,2364.47,2355.39,2362.03,1213.7355877,2026-05-05 01:00:00+00:00
1777946400000,2361.83,2376.54,2359.56,2367.54,330.71047221,2026-05-05 02:00:00+00:00
1777950000000,2367.57,2388.25,2364.06,2382.06,810.77400928,2026-05-05 03:00:00+00:00
1777953600000,2381.88,2385.6,2376.36,2381.1,355.25837968,2026-05-05 04:00:00+00:00
1777957200000,2380.83,2390.26,2377.27,2379.99,491.72376577,2026-05-05 05:00:00+00:00
1777960800000,2379.98,2381.07,2367.28,2378.72,306.94124434,2026-05-05 06:00:00+00:00
1777964400000,2378.29,2388.0,2375.54,2380.48,2045.45432219,2026-05-05 07:00:00+00:00
1777968000000,2380.4,2384.11,2372.55,2376.1,128.04416837,2026-05-05 08:00:00+00:00
1777971600000,2375.87,2376.27,2366.83,2369.3,167.34231212,2026-05-05 09:00:00+00:00
1777975200000,2369.31,2378.7,2367.05,2377.82,171.0920706,2026-05-05 10:00:00+00:00
1777978800000,2378.29,2383.0,2372.97,2379.46,143.53418082,2026-05-05 11:00:00+00:00
1777982400000,2379.69,2390.0,2376.12,2388.88,452.08435875,2026-05-05 12:00:00+00:00
1777986000000,2388.69,2399.48,2383.5,2388.66,2540.75412155,2026-05-05 13:00:00+00:00
1777989600000,2388.82,2392.55,2369.46,2379.03,1666.82464326,2026-05-05 14:00:00+00:00
1777993200000,2378.84,2387.78,2375.59,2381.41,513.62354539,2026-05-05 15:00:00+00:00
1777996800000,2381.41,2383.54,2361.29,2365.81,621.30723334,2026-05-05 16:00:00+00:00
1778000400000,2365.79,2369.39,2359.4,2363.2,1131.24850103,2026-05-05 17:00:00+00:00
1778004000000,2363.21,2374.7,2363.03,2372.16,1791.02726229,2026-05-05 18:00:00+00:00
1778007600000,2372.15,2376.0,2369.5,2371.57,308.9316318,2026-05-05 19:00:00+00:00
1778011200000,2371.62,2386.54,2371.18,2382.73,1737.70585401,2026-05-05 20:00:00+00:00
1778014800000,2382.73,2388.0,2368.5,2375.02,416.81710213,2026-05-05 21:00:00+00:00
1778018400000,2375.36,2381.83,2353.79,2367.87,803.38573087,2026-05-05 22:00:00+00:00
1778022000000,2367.67,2369.82,2355.0,2360.63,270.2854347,2026-05-05 23:00:00+00:00
1778025600000,2360.64,2367.25,2354.3,2364.29,374.68458662,2026-05-06 00:00:00+00:00
1778029200000,2364.28,2375.24,2363.14,2372.64,196.62459708,2026-05-06 01:00:00+00:00
1778032800000,2372.81,2373.0,2360.1,2368.9,162.062794,2026-05-06 02:00:00+00:00
1778036400000,2369.37,2380.0,2367.79,2376.68,253.08518649,2026-05-06 03:00:00+00:00
1778040000000,2376.68,2378.43,2361.69,2366.29,304.71036421,2026-05-06 04:00:00+00:00
1778043600000,2365.78,2366.56,2355.0,2364.79,381.39982614,2026-05-06 05:00:00+00:00
1778047200000,2364.79,2370.78,2360.76,2370.0,291.26613221,2026-05-06 06:00:00+00:00
1778050800000,2370.29,2375.16,2368.27,2370.9,139.77288328,2026-05-06 07:00:00+00:00
1778054400000,2371.0,2395.56,2369.26,2393.74,589.41349225,2026-05-06 08:00:00+00:00
1778058000000,2393.99,2417.62,2384.84,2412.3,2824.17602558,2026-05-06 09:00:00+00:00
1778061600000,2412.41,2414.17,2406.38,2410.13,1011.37839328,2026-05-06 10:00:00+00:00
1778065200000,2409.95,2423.0,2407.27,2409.91,859.42256294,2026-05-06 11:00:00+00:00
1778068800000,2409.92,2413.0,2400.0,2404.94,738.15042251,2026-05-06 12:00:00+00:00
1778072400000,2404.94,2404.94,2365.45,2369.8,2630.6818672,2026-05-06 13:00:00+00:00
1778076000000,2368.55,2372.02,2346.0,2358.59,1387.15988457,2026-05-06 14:00:00+00:00
1778079600000,2359.29,2365.77,2354.85,2358.86,527.16925554,2026-05-06 15:00:00+00:00
1778083200000,2358.86,2366.33,2350.21,2357.67,811.05348369,2026-05-06 16:00:00+00:00
1778086800000,2357.29,2360.0,2348.0,2349.32,334.22160931,2026-05-06 17:00:00+00:00
1778090400000,2349.58,2351.71,2335.54,2344.54,697.2572435,2026-05-06 18:00:00+00:00
1778094000000,2344.54,2349.38,2341.65,2348.61,255.99572408,2026-05-06 19:00:00+00:00
1778097600000,2348.63,2356.57,2345.07,2350.6,1918.62747797,2026-05-06 20:00:00+00:00
1778101200000,2350.63,2356.55,2346.08,2352.97,1729.47168265,2026-05-06 21:00:00+00:00
1778104800000,2354.07,2354.81,2344.63,2347.56,512.60247792,2026-05-06 22:00:00+00:00
1778108400000,2347.03,2351.28,2337.88,2351.0,328.55564709,2026-05-06 23:00:00+00:00
1778112000000,2351.01,2351.95,2329.0,2329.0,385.8605588,2026-05-07 00:00:00+00:00
1778115600000,2329.11,2334.64,2313.44,2327.18,1560.30798996,2026-05-07 01:00:00+00:00
1778119200000,2327.14,2327.36,2314.21,2321.93,580.8720834,2026-05-07 02:00:00+00:00
1778122800000,2321.93,2325.78,2315.5,2322.0,348.71334947,2026-05-07 03:00:00+00:00
1778126400000,2322.0,2327.41,2318.0,2327.41,180.09406422,2026-05-07 04:00:00+00:00
1778130000000,2327.22,2333.41,2327.21,2330.97,223.88777492,2026-05-07 05:00:00+00:00
1778133600000,2330.97,2337.69,2320.0,2336.6,362.97351236,2026-05-07 06:00:00+00:00
1778137200000,2337.18,2346.63,2336.7,2344.21,1037.58629334,2026-05-07 07:00:00+00:00
1778140800000,2344.38,2346.0,2332.0,2333.2,469.72749521,2026-05-07 08:00:00+00:00
1778144400000,2333.63,2336.67,2327.18,2328.44,171.15612002,2026-05-07 09:00:00+00:00
1778148000000,2328.6,2330.93,2317.35,2327.04,115.69359654,2026-05-07 10:00:00+00:00
1778151600000,2326.93,2331.79,2325.17,2329.97,299.65484917,2026-05-07 11:00:00+00:00
1778155200000,2329.93,2336.61,2328.72,2333.32,801.2739429,2026-05-07 12:00:00+00:00
1778158800000,2333.32,2333.32,2305.53,2314.24,1230.16402914,2026-05-07 13:00:00+00:00
1778162400000,2314.23,2318.37,2290.0,2298.67,4193.86067311,2026-05-07 14:00:00+00:00
1778166000000,2298.67,2304.82,2286.0,2294.15,883.67414658,2026-05-07 15:00:00+00:00
1778169600000,2294.62,2297.76,2285.61,2291.6,768.87330542,2026-05-07 16:00:00+00:00
1778173200000,2291.49,2301.21,2280.22,2299.59,1014.92435506,2026-05-07 17:00:00+00:00
1778176800000,2299.6,2303.98,2291.72,2295.75,852.6040833,2026-05-07 18:00:00+00:00
1778180400000,2295.95,2296.89,2288.2,2295.03,656.09921102,2026-05-07 19:00:00+00:00
1778184000000,2295.34,2302.52,2288.06,2288.71,2472.33191135,2026-05-07 20:00:00+00:00
1778187600000,2288.87,2293.36,2281.34,2288.22,990.6393646,2026-05-07 21:00:00+00:00
1778191200000,2287.68,2289.78,2280.42,2287.13,594.34125545,2026-05-07 22:00:00+00:00
1778194800000,2287.14,2292.5,2285.79,2290.77,115.75554647,2026-05-07 23:00:00+00:00
1778198400000,2290.8,2293.73,2283.41,2286.22,264.31208838,2026-05-08 00:00:00+00:00
1778202000000,2286.22,2288.71,2280.19,2284.69,164.02317261,2026-05-08 01:00:00+00:00
1778205600000,2284.69,2285.35,2267.77,2278.61,816.99702291,2026-05-08 02:00:00+00:00
1778209200000,2278.54,2281.06,2265.02,2279.07,479.45733506,2026-05-08 03:00:00+00:00
1778212800000,2279.07,2284.3,2276.37,2281.8,103.18411425,2026-05-08 04:00:00+00:00
1778216400000,2281.8,2283.65,2276.06,2276.16,154.58766559,2026-05-08 05:00:00+00:00
1778220000000,2275.3,2278.28,2268.73,2274.1,130.53174332,2026-05-08 06:00:00+00:00
1778223600000,2275.0,2282.64,2267.01,2281.34,184.01965098,2026-05-08 07:00:00+00:00
1778227200000,2281.1,2288.64,2279.61,2283.27,200.64664421,2026-05-08 08:00:00+00:00
1778230800000,2283.18,2291.31,2280.13,2284.26,208.81624581,2026-05-08 09:00:00+00:00
1778234400000,2283.84,2290.27,2280.65,2287.63,176.51320518,2026-05-08 10:00:00+00:00
1778238000000,2287.63,2296.65,2287.62,2295.5,247.32802763,2026-05-08 11:00:00+00:00
1778241600000,2295.51,2301.29,2282.7,2284.42,473.78045391,2026-05-08 12:00:00+00:00
1778245200000,2284.42,2286.77,2269.14,2275.56,278.85129414,2026-05-08 13:00:00+00:00
1778248800000,2275.78,2292.1,2273.54,2285.54,453.67411449,2026-05-08 14:00:00+00:00
1778252400000,2285.5,2293.73,2274.46,2292.0,496.9224646,2026-05-08 15:00:00+00:00
1778256000000,2292.0,2293.73,2285.84,2289.33,1908.83152332,2026-05-08 16:00:00+00:00
1778259600000,2289.15,2315.26,2289.01,2303.84,590.78528112,2026-05-08 17:00:00+00:00
1778263200000,2303.84,2320.44,2303.84,2313.25,606.0352211,2026-05-08 18:00:00+00:00
1778266800000,2313.56,2319.66,2312.18,2315.0,340.9702795,2026-05-08 19:00:00+00:00
1778270400000,2315.35,2316.45,2304.89,2306.38,619.40951895,2026-05-08 20:00:00+00:00
1778274000000,2306.64,2314.61,2304.37,2314.61,265.56350072,2026-05-08 21:00:00+00:00
1778277600000,2314.51,2318.74,2310.7,2310.92,451.68196156,2026-05-08 22:00:00+00:00
1778281200000,2310.71,2310.74,2303.15,2307.12,127.53710996,2026-05-08 23:00:00+00:00
1778284800000,2307.11,2311.19,2304.19,2308.49,316.22851648,2026-05-09 00:00:00+00:00
1778288400000,2308.49,2317.98,2308.3,2314.11,158.17443794,2026-05-09 01:00:00+00:00
1778292000000,2314.26,2320.0,2314.06,2317.01,177.9238475,2026-05-09 02:00:00+00:00
1778295600000,2317.18,2320.55,2312.63,2315.49,156.47834274,2026-05-09 03:00:00+00:00
1778299200000,2315.23,2324.37,2311.56,2312.26,223.92860174,2026-05-09 04:00:00+00:00
1778302800000,2312.42,2318.16,2310.89,2314.42,71.83620468,2026-05-09 05:00:00+00:00
1778306400000,2314.8,2318.8,2312.75,2313.71,102.89136768,2026-05-09 06:00:00+00:00
1778310000000,2314.37,2318.32,2311.82,2314.62,96.36455662,2026-05-09 07:00:00+00:00
1778313600000,2314.3,2319.84,2314.28,2316.33,303.6018397,2026-05-09 08:00:00+00:00
1778317200000,2316.74,2316.74,2311.15,2312.85,116.88892504,2026-05-09 09:00:00+00:00
1778320800000,2312.92,2314.41,2310.02,2312.28,201.13536739,2026-05-09 10:00:00+00:00
1778324400000,2312.28,2315.11,2312.18,2314.93,58.41575598,2026-05-09 11:00:00+00:00
1778328000000,2314.21,2318.09,2313.01,2316.2,194.98285276,2026-05-09 12:00:00+00:00
1778331600000,2316.29,2316.35,2311.68,2313.95,189.39590224,2026-05-09 13:00:00+00:00
1778335200000,2313.95,2314.87,2304.94,2307.92,363.47827581,2026-05-09 14:00:00+00:00
1778338800000,2308.1,2317.0,2299.0,2316.99,1925.2603264,2026-05-09 15:00:00+00:00
1778342400000,2317.0,2324.49,2315.33,2320.04,1075.29719473,2026-05-09 16:00:00+00:00
1778346000000,2319.85,2333.34,2319.85,2329.17,717.10617544,2026-05-09 17:00:00+00:00
1778349600000,2329.16,2337.42,2328.99,2330.05,846.03612223,2026-05-09 18:00:00+00:00
1778353200000,2330.05,2332.83,2327.01,2331.98,179.07600257,2026-05-09 19:00:00+00:00
1778356800000,2331.98,2332.73,2327.19,2329.07,122.01328856,2026-05-09 20:00:00+00:00
1778360400000,2329.08,2331.47,2328.32,2330.71,78.52759284,2026-05-09 21:00:00+00:00
1778364000000,2330.71,2333.19,2327.07,2329.77,527.44178904,2026-05-09 22:00:00+00:00
1778367600000,2329.82,2331.0,2324.12,2326.17,100.15218082,2026-05-09 23:00:00+00:00
1778371200000,2326.17,2329.35,2321.43,2323.32,131.54353459,2026-05-10 00:00:00+00:00
1778374800000,2323.32,2324.14,2318.12,2322.92,181.81902938,2026-05-10 01:00:00+00:00
1778378400000,2323.39,2327.36,2319.9,2326.51,115.63147524,2026-05-10 02:00:00+00:00
1778382000000,2327.61,2332.76,2323.44,2327.23,205.9621178,2026-05-10 03:00:00+00:00
1778385600000,2327.44,2330.55,2325.82,2328.35,62.56843387,2026-05-10 04:00:00+00:00
1778389200000,2328.04,2329.85,2326.15,2326.89,42.37244651,2026-05-10 05:00:00+00:00
1778392800000,2326.89,2329.99,2326.32,2328.91,348.32242974,2026-05-10 06:00:00+00:00
1778396400000,2329.11,2331.0,2326.98,2327.29,138.98441568,2026-05-10 07:00:00+00:00
1778400000000,2327.18,2331.31,2326.77,2329.78,221.9979756,2026-05-10 08:00:00+00:00
1778403600000,2329.94,2333.66,2326.78,2328.07,85.26467512,2026-05-10 09:00:00+00:00
1778407200000,2328.05,2328.74,2323.54,2325.72,97.04766328,2026-05-10 10:00:00+00:00
1778410800000,2325.72,2327.32,2318.99,2322.37,148.22484805,2026-05-10 11:00:00+00:00
1778414400000,2322.31,2324.99,2320.44,2323.71,26.66852003,2026-05-10 12:00:00+00:00
1778418000000,2323.76,2331.31,2323.14,2329.9,1954.81757627,2026-05-10 13:00:00+00:00
1778421600000,2329.67,2334.34,2326.68,2330.25,966.01470777,2026-05-10 14:00:00+00:00
1778425200000,2330.76,2350.9,2330.76,2347.29,586.33354796,2026-05-10 15:00:00+00:00
1778428800000,2347.5,2350.0,2339.97,2349.62,485.87741019,2026-05-10 16:00:00+00:00
1778432400000,2349.99,2366.82,2345.24,2363.68,1374.0124445,2026-05-10 17:00:00+00:00
1778436000000,2364.0,2366.55,2356.18,2358.39,829.56372065,2026-05-10 18:00:00+00:00
1778439600000,2358.39,2366.46,2350.82,2365.78,4629.0097921,2026-05-10 19:00:00+00:00
1778443200000,2365.64,2370.59,2312.06,2328.26,5771.41901292,2026-05-10 20:00:00+00:00
1778446800000,2328.48,2336.71,2323.93,2330.89,1560.7921927,2026-05-10 21:00:00+00:00
1778450400000,2330.74,2378.73,2328.5,2373.3,1526.58298006,2026-05-10 22:00:00+00:00
1778454000000,2374.13,2382.07,2368.21,2370.56,1828.09762448,2026-05-10 23:00:00+00:00
1778457600000,2371.13,2373.91,2345.11,2352.59,3443.84020044,2026-05-11 00:00:00+00:00
1778461200000,2352.43,2364.79,2345.82,2358.99,692.71024053,2026-05-11 01:00:00+00:00
1778464800000,2358.33,2360.32,2343.3,2344.34,234.10419739,2026-05-11 02:00:00+00:00
1778468400000,2345.13,2345.13,2320.0,2329.97,1014.41471434,2026-05-11 03:00:00+00:00
1778472000000,2329.97,2334.91,2326.11,2333.47,257.12019896,2026-05-11 04:00:00+00:00
1778475600000,2332.21,2339.51,2331.6,2334.53,549.31929738,2026-05-11 05:00:00+00:00
1778479200000,2334.44,2340.88,2330.19,2333.31,223.08816085,2026-05-11 06:00:00+00:00
1778482800000,2333.32,2333.32,2327.84,2329.98,253.70516659,2026-05-11 07:00:00+00:00
1778486400000,2330.13,2334.07,2326.5,2329.64,248.10803185,2026-05-11 08:00:00+00:00
1778490000000,2329.54,2337.27,2329.54,2335.07,183.25659827,2026-05-11 09:00:00+00:00
1778493600000,2335.41,2338.73,2329.52,2329.52,171.46547259,2026-05-11 10:00:00+00:00
1778497200000,2329.52,2335.29,2327.67,2334.79,106.3530686,2026-05-11 11:00:00+00:00
1778500800000,2335.38,2338.41,2327.81,2329.45,477.83035415,2026-05-11 12:00:00+00:00
1778504400000,2328.82,2331.99,2314.18,2321.7,563.83000959,2026-05-11 13:00:00+00:00
1778508000000,2321.52,2327.89,2303.59,2315.44,882.07393966,2026-05-11 14:00:00+00:00
1778511600000,2315.39,2334.66,2312.42,2332.64,713.78715095,2026-05-11 15:00:00+00:00
1778515200000,2332.64,2340.5,2327.15,2329.41,339.79995223,2026-05-11 16:00:00+00:00
1778518800000,2329.16,2342.79,2323.15,2335.93,327.18483505,2026-05-11 17:00:00+00:00
1778522400000,2336.07,2343.27,2334.39,2334.59,403.09551628,2026-05-11 18:00:00+00:00
1778526000000,2334.97,2343.35,2331.23,2339.93,407.41101535,2026-05-11 19:00:00+00:00
1778529600000,2339.98,2344.46,2336.11,2337.49,678.56863226,2026-05-11 20:00:00+00:00
1778533200000,2337.68,2341.43,2336.12,2340.26,353.05881733,2026-05-11 21:00:00+00:00
1778536800000,2340.26,2344.85,2336.71,2341.01,217.89856502,2026-05-11 22:00:00+00:00
1778540400000,2341.01,2341.01,2334.63,2339.4,94.56051547,2026-05-11 23:00:00+00:00
1778544000000,2339.26,2340.2,2332.0,2332.92,859.40677519,2026-05-12 00:00:00+00:00
1778547600000,2332.98,2334.95,2295.0,2310.8,1322.81216429,2026-05-12 01:00:00+00:00
1778551200000,2310.59,2316.25,2306.94,2314.26,324.94572343,2026-05-12 02:00:00+00:00
1778554800000,2315.17,2316.31,2306.96,2308.69,305.32818024,2026-05-12 03:00:00+00:00
1778558400000,2308.71,2313.65,2305.48,2310.29,196.89370101,2026-05-12 04:00:00+00:00
1778562000000,2310.13,2313.31,2308.84,2309.42,133.20255648,2026-05-12 05:00:00+00:00
1778565600000,2309.41,2313.05,2302.01,2303.2,147.93265622,2026-05-12 06:00:00+00:00
1778569200000,2303.21,2303.59,2290.99,2295.0,363.32701246,2026-05-12 07:00:00+00:00
1778572800000,2294.16,2295.26,2280.5,2287.17,358.86587651,2026-05-12 08:00:00+00:00
1778576400000,2286.67,2293.99,2280.02,2291.78,301.02934462,2026-05-12 09:00:00+00:00
1778580000000,2291.77,2292.84,2281.21,2285.47,263.1044401,2026-05-12 10:00:00+00:00
1778583600000,2285.6,2286.7,2278.58,2286.32,214.53057356,2026-05-12 11:00:00+00:00
1778587200000,2286.35,2293.14,2280.41,2288.43,3354.39697182,2026-05-12 12:00:00+00:00
1778590800000,2288.34,2291.66,2266.98,2270.45,1009.3830242,2026-05-12 13:00:00+00:00
1778594400000,2270.72,2280.0,2262.15,2267.67,4134.41468349,2026-05-12 14:00:00+00:00
1778598000000,2267.92,2273.6,2256.68,2261.41,544.5565272,2026-05-12 15:00:00+00:00
1778601600000,2261.14,2270.31,2256.0,2263.13,408.0610235,2026-05-12 16:00:00+00:00
1778605200000,2263.24,2277.19,2263.24,2276.07,590.47154285,2026-05-12 17:00:00+00:00
1778608800000,2276.32,2283.46,2274.32,2278.41,915.17264176,2026-05-12 18:00:00+00:00
1778612400000,2278.59,2286.64,2278.59,2284.57,334.09538256,2026-05-12 19:00:00+00:00
1778616000000,2284.58,2286.74,2280.67,2284.59,1195.99567341,2026-05-12 20:00:00+00:00
1778619600000,2284.56,2287.01,2281.48,2285.11,484.14523358,2026-05-12 21:00:00+00:00
1778623200000,2285.11,2290.61,2281.91,2281.91,123.80010885,2026-05-12 22:00:00+00:00
1778626800000,2281.89,2283.54,2273.18,2274.63,490.58588426,2026-05-12 23:00:00+00:00
1778630400000,2274.53,2285.99,2273.31,2281.23,105.41392172,2026-05-13 00:00:00+00:00
1778634000000,2281.19,2294.42,2280.67,2289.3,324.98295664,2026-05-13 01:00:00+00:00
1778637600000,2289.3,2299.17,2286.74,2293.02,224.79476014,2026-05-13 02:00:00+00:00
1778641200000,2293.03,2302.81,2291.77,2301.39,418.13571839,2026-05-13 03:00:00+00:00
1778644800000,2301.42,2307.56,2298.32,2305.91,144.65676249,2026-05-13 04:00:00+00:00
1778648400000,2305.91,2307.1,2295.33,2296.69,184.25941285,2026-05-13 05:00:00+00:00
1778652000000,2296.69,2304.15,2296.69,2300.97,439.58456146,2026-05-13 06:00:00+00:00
1778655600000,2301.21,2302.16,2296.34,2299.99,200.30216181,2026-05-13 07:00:00+00:00
1778659200000,2299.99,2316.0,2299.98,2316.0,440.29921696,2026-05-13 08:00:00+00:00
1778662800000,2316.0,2322.57,2314.06,2320.3,2001.19949281,2026-05-13 09:00:00+00:00
1778666400000,2320.3,2320.81,2305.33,2308.11,271.39550532,2026-05-13 10:00:00+00:00
1778670000000,2308.11,2308.11,2298.14,2301.04,153.13529094,2026-05-13 11:00:00+00:00
1778673600000,2301.02,2306.42,2269.25,2283.61,830.84084406,2026-05-13 12:00:00+00:00
1778677200000,2283.58,2287.28,2258.31,2261.6,2120.28110224,2026-05-13 13:00:00+00:00
1778680800000,2261.59,2269.77,2250.0,2266.72,1725.19508194,2026-05-13 14:00:00+00:00
1778684400000,2266.73,2268.82,2233.1,2236.71,1004.70740091,2026-05-13 15:00:00+00:00
1778688000000,2235.47,2252.58,2234.88,2249.67,897.93612021,2026-05-13 16:00:00+00:00
1778691600000,2249.66,2260.5,2249.66,2257.49,423.4851929,2026-05-13 17:00:00+00:00
1778695200000,2258.36,2267.01,2257.79,2258.84,1431.55117141,2026-05-13 18:00:00+00:00
1778698800000,2258.67,2259.93,2250.27,2255.67,593.85561064,2026-05-13 19:00:00+00:00
1778702400000,2255.5,2263.58,2255.5,2262.85,149.16438634,2026-05-13 20:00:00+00:00
1778706000000,2263.06,2263.29,2252.88,2255.03,226.8224612,2026-05-13 21:00:00+00:00
1778709600000,2255.04,2259.32,2250.13,2258.55,427.27853474,2026-05-13 22:00:00+00:00
1778713200000,2258.55,2260.29,2253.87,2257.79,425.99775129,2026-05-13 23:00:00+00:00
1778716800000,2257.79,2268.81,2257.78,2266.29,342.75338578,2026-05-14 00:00:00+00:00
1778720400000,2265.7,2268.0,2259.27,2264.38,139.24248726,2026-05-14 01:00:00+00:00
1778724000000,2264.14,2265.72,2245.98,2250.49,146.05817146,2026-05-14 02:00:00+00:00
1778727600000,2250.49,2254.33,2238.0,2241.32,1264.24161805,2026-05-14 03:00:00+00:00
1778731200000,2241.3,2256.56,2238.5,2255.38,132.26053191,2026-05-14 04:00:00+00:00
1778734800000,2255.7,2272.19,2254.88,2267.65,139.84515638,2026-05-14 05:00:00+00:00
1778738400000,2267.6,2274.0,2266.02,2266.63,162.65551628,2026-05-14 06:00:00+00:00
1778742000000,2266.9,2269.58,2263.23,2264.9,40.25453002,2026-05-14 07:00:00+00:00
1778745600000,2264.51,2270.1,2261.49,2265.46,72.79345572,2026-05-14 08:00:00+00:00
1778749200000,2265.66,2266.59,2252.05,2256.89,146.16838107,2026-05-14 09:00:00+00:00
1778752800000,2256.68,2263.92,2254.76,2261.08,104.61442673,2026-05-14 10:00:00+00:00
1778756400000,2261.09,2263.11,2252.11,2253.1,290.25048333,2026-05-14 11:00:00+00:00
1778760000000,2252.84,2262.86,2247.68,2260.29,306.96762415,2026-05-14 12:00:00+00:00
1778763600000,2260.3,2264.16,2248.51,2249.13,363.59954689,2026-05-14 13:00:00+00:00
1778767200000,2248.0,2288.5,2246.16,2285.67,2557.85599721,2026-05-14 14:00:00+00:00
1778770800000,2285.67,2298.44,2280.42,2298.39,2021.58255648,2026-05-14 15:00:00+00:00
1778774400000,2298.07,2317.1,2293.73,2316.0,1795.35278568,2026-05-14 16:00:00+00:00
1778778000000,2316.04,2318.43,2296.44,2307.97,853.00000705,2026-05-14 17:00:00+00:00
1778781600000,2307.97,2316.35,2302.93,2309.37,403.88923743,2026-05-14 18:00:00+00:00
1778785200000,2309.37,2311.92,2297.13,2298.26,513.00160696,2026-05-14 19:00:00+00:00
1778788800000,2298.0,2301.17,2288.37,2297.21,583.95947648,2026-05-14 20:00:00+00:00
1778792400000,2298.09,2299.22,2290.0,2296.99,100.88198733,2026-05-14 21:00:00+00:00
1778796000000,2296.98,2300.74,2294.95,2297.75,106.49417206,2026-05-14 22:00:00+00:00
1778799600000,2297.76,2298.0,2280.21,2282.72,401.05870447,2026-05-14 23:00:00+00:00
1778803200000,2282.71,2299.78,2281.98,2290.8,290.75171563,2026-05-15 00:00:00+00:00
1778806800000,2290.99,2293.89,2272.99,2274.97,650.01183617,2026-05-15 01:00:00+00:00
1778810400000,2275.38,2279.16,2260.1,2275.67,496.82167135,2026-05-15 02:00:00+00:00
1778814000000,2276.05,2278.68,2268.01,2272.9,245.84439941,2026-05-15 03:00:00+00:00
1778817600000,2272.89,2273.15,2262.27,2262.27,235.54422808,2026-05-15 04:00:00+00:00
1778821200000,2262.29,2266.59,2237.19,2245.04,1059.50256012,2026-05-15 05:00:00+00:00
1778824800000,2244.87,2256.37,2243.78,2254.83,164.34804887,2026-05-15 06:00:00+00:00
1778828400000,2254.89,2270.72,2253.22,2265.01,157.7232401,2026-05-15 07:00:00+00:00
1778832000000,2265.01,2265.01,2250.03,2256.87,109.4905106,2026-05-15 08:00:00+00:00
1778835600000,2256.91,2259.0,2250.66,2254.34,278.91317693,2026-05-15 09:00:00+00:00
1778839200000,2254.38,2264.22,2252.48,2261.83,166.8924336,2026-05-15 10:00:00+00:00
1778842800000,2262.31,2263.71,2256.86,2257.01,82.97150056,2026-05-15 11:00:00+00:00
1778846400000,2256.88,2260.04,2251.21,2253.75,188.27334968,2026-05-15 12:00:00+00:00
1778850000000,2253.75,2253.75,2209.99,2212.56,5924.19143358,2026-05-15 13:00:00+00:00
1778853600000,2212.78,2222.84,2203.5,2212.52,2184.27566975,2026-05-15 14:00:00+00:00
1778857200000,2212.51,2222.68,2209.0,2222.29,628.66775234,2026-05-15 15:00:00+00:00
1778860800000,2221.92,2229.33,2218.07,2223.38,357.62175186,2026-05-15 16:00:00+00:00
1778864400000,2223.39,2231.57,2223.38,2228.55,1074.80483529,2026-05-15 17:00:00+00:00
1778868000000,2228.46,2231.88,2223.77,2227.44,335.07118456,2026-05-15 18:00:00+00:00
1778871600000,2227.02,2227.3,2220.92,2222.08,334.3329741,2026-05-15 19:00:00+00:00
1778875200000,2222.18,2224.59,2215.96,2218.87,684.85415743,2026-05-15 20:00:00+00:00
1778878800000,2218.85,2223.89,2213.36,2214.92,271.16025417,2026-05-15 21:00:00+00:00
1778882400000,2215.8,2222.95,2215.8,2222.41,247.55332663,2026-05-15 22:00:00+00:00
1778886000000,2222.42,2224.67,2221.44,2223.6,123.65226315,2026-05-15 23:00:00+00:00
1778889600000,2223.6,2229.99,2222.27,2225.01,339.2709006,2026-05-16 00:00:00+00:00
1778893200000,2225.01,2229.67,2222.17,2228.9,393.14581415,2026-05-16 01:00:00+00:00
1778896800000,2228.31,2229.94,2225.79,2228.15,300.43658916,2026-05-16 02:00:00+00:00
1778900400000,2228.54,2229.27,2225.95,2226.94,49.24268869,2026-05-16 03:00:00+00:00
1778904000000,2226.95,2227.17,2217.75,2224.88,97.37779381,2026-05-16 04:00:00+00:00
1778907600000,2224.88,2225.95,2222.27,2223.62,39.33597932,2026-05-16 05:00:00+00:00
1778911200000,2223.63,2225.74,2208.01,2214.28,399.14481217,2026-05-16 06:00:00+00:00
1778914800000,2214.47,2214.82,2180.21,2193.89,2343.88243597,2026-05-16 07:00:00+00:00
1778918400000,2193.78,2195.81,2191.14,2192.18,119.77723167,2026-05-16 08:00:00+00:00
1778922000000,2192.14,2192.18,2162.88,2172.71,824.19588009,2026-05-16 09:00:00+00:00
1778925600000,2171.99,2173.85,2162.11,2173.08,293.27422368,2026-05-16 10:00:00+00:00
1778929200000,2173.07,2179.64,2173.07,2175.37,290.73964238,2026-05-16 11:00:00+00:00
1778932800000,2175.37,2178.41,2172.99,2175.42,300.96962279,2026-05-16 12:00:00+00:00
1778936400000,2175.43,2178.41,2171.31,2175.88,145.0487567,2026-05-16 13:00:00+00:00
1778940000000,2176.13,2186.94,2172.62,2179.08,477.65181542,2026-05-16 14:00:00+00:00
1778943600000,2179.09,2182.5,2176.07,2178.86,163.19627788,2026-05-16 15:00:00+00:00
1778947200000,2178.93,2182.44,2169.54,2173.12,848.27406087,2026-05-16 16:00:00+00:00
1778950800000,2173.34,2179.57,2173.3,2177.94,141.06152274,2026-05-16 17:00:00+00:00
1778954400000,2177.78,2183.28,2175.28,2180.43,288.0447624,2026-05-16 18:00:00+00:00
1778958000000,2180.43,2181.86,2178.02,2178.65,170.24321765,2026-05-16 19:00:00+00:00
1778961600000,2178.65,2182.14,2178.65,2180.92,49.24356113,2026-05-16 20:00:00+00:00
1778965200000,2180.53,2182.62,2179.92,2181.55,168.71221798,2026-05-16 21:00:00+00:00
1778968800000,2181.55,2182.0,2179.23,2179.46,123.99130486,2026-05-16 22:00:00+00:00
1778972400000,2179.47,2182.0,2178.2,2179.99,126.68445504,2026-05-16 23:00:00+00:00
1778976000000,2179.95,2184.38,2172.46,2176.22,3359.46174243,2026-05-17 00:00:00+00:00
1778979600000,2176.25,2182.06,2166.57,2168.78,2495.33634699,2026-05-17 01:00:00+00:00
1778983200000,2168.63,2175.05,2168.62,2173.36,290.46966424,2026-05-17 02:00:00+00:00
1778986800000,2173.36,2182.65,2173.35,2180.05,581.17739766,2026-05-17 03:00:00+00:00
1778990400000,2180.32,2188.43,2179.96,2186.69,255.26572217,2026-05-17 04:00:00+00:00
1778994000000,2186.45,2193.41,2184.73,2184.88,66.37001948,2026-05-17 05:00:00+00:00
1778997600000,2184.93,2187.1,2180.71,2183.76,71.32660625,2026-05-17 06:00:00+00:00
1779001200000,2183.76,2187.31,2181.62,2185.57,51.23421884,2026-05-17 07:00:00+00:00
1779004800000,2185.46,2186.28,2182.22,2184.52,25.92485501,2026-05-17 08:00:00+00:00
1779008400000,2184.64,2190.52,2184.63,2189.18,50.83245822,2026-05-17 09:00:00+00:00
1779012000000,2189.13,2197.0,2189.12,2193.18,242.17725718,2026-05-17 10:00:00+00:00
1779015600000,2193.19,2193.86,2187.28,2191.31,133.68402129,2026-05-17 11:00:00+00:00
1779019200000,2191.31,2197.01,2191.3,2193.22,213.05604583,2026-05-17 12:00:00+00:00
1779022800000,2193.22,2194.3,2187.08,2191.11,95.66987077,2026-05-17 13:00:00+00:00
1779026400000,2191.23,2191.23,2178.0,2185.85,195.8529057,2026-05-17 14:00:00+00:00
1779030000000,2185.76,2187.63,2180.67,2185.26,140.44775777,2026-05-17 15:00:00+00:00
1779033600000,2185.34,2187.74,2181.23,2181.56,96.61167041,2026-05-17 16:00:00+00:00
1779037200000,2181.56,2183.77,2176.0,2182.69,248.36349676,2026-05-17 17:00:00+00:00
1779040800000,2182.74,2187.17,2178.1,2187.16,290.63444627,2026-05-17 18:00:00+00:00
1779044400000,2187.25,2192.49,2186.29,2191.41,168.58890833,2026-05-17 19:00:00+00:00
1779048000000,2191.07,2192.46,2185.92,2188.73,141.22513098,2026-05-17 20:00:00+00:00
1779051600000,2188.62,2193.21,2185.95,2190.66,138.87748528,2026-05-17 21:00:00+00:00
1779055200000,2190.59,2190.59,2173.32,2178.43,239.95948867,2026-05-17 22:00:00+00:00
1779058800000,2178.57,2178.64,1914.69,2129.74,8382.45303409,2026-05-17 23:00:00+00:00
1779062400000,2129.31,2130.46,2103.29,2114.47,2997.70379229,2026-05-18 00:00:00+00:00
1779066000000,2114.42,2120.1,2105.63,2116.32,931.72870601,2026-05-18 01:00:00+00:00
1779069600000,2116.32,2122.76,2112.0,2115.07,721.36691531,2026-05-18 02:00:00+00:00
1779073200000,2115.58,2122.48,2114.72,2117.27,184.8658894,2026-05-18 03:00:00+00:00
1779076800000,2117.22,2124.43,2113.44,2123.68,421.55352844,2026-05-18 04:00:00+00:00
1779080400000,2123.71,2124.71,2116.18,2117.22,351.39372869,2026-05-18 05:00:00+00:00
1779084000000,2117.29,2120.13,2108.87,2117.35,508.25797183,2026-05-18 06:00:00+00:00
1779087600000,2117.74,2123.84,2111.26,2120.14,7680.63124278,2026-05-18 07:00:00+00:00
1779091200000,2120.1,2123.01,2116.11,2120.23,226.77200407,2026-05-18 08:00:00+00:00
1779094800000,2120.29,2120.79,2115.0,2115.75,438.8480973,2026-05-18 09:00:00+00:00
1779098400000,2115.75,2116.26,2111.48,2113.17,207.60853286,2026-05-18 10:00:00+00:00
1779102000000,2113.15,2137.96,2109.03,2132.62,494.35285247,2026-05-18 11:00:00+00:00
1779105600000,2132.94,2155.79,2132.94,2150.55,1612.19167204,2026-05-18 12:00:00+00:00
1779109200000,2150.14,2150.2,2118.73,2130.21,3659.97404252,2026-05-18 13:00:00+00:00
1779112800000,2129.98,2129.98,2098.43,2108.48,2714.49128254,2026-05-18 14:00:00+00:00
1779116400000,2109.15,2110.08,2092.61,2105.49,1779.114255,2026-05-18 15:00:00+00:00
1779120000000,2106.25,2110.91,2088.55,2096.48,1545.02863592,2026-05-18 16:00:00+00:00
1779123600000,2096.48,2108.33,2094.43,2106.83,506.37184528,2026-05-18 17:00:00+00:00
1779127200000,2106.63,2107.76,2075.0,2079.79,1073.62137805,2026-05-18 18:00:00+00:00
1779130800000,2080.0,2126.97,2078.16,2122.97,4434.61208723,2026-05-18 19:00:00+00:00
1779134400000,2123.0,2128.64,2113.55,2116.06,1824.64228269,2026-05-18 20:00:00+00:00
1779138000000,2115.96,2140.91,2113.35,2135.78,2245.10164069,2026-05-18 21:00:00+00:00
1779141600000,2135.71,2140.35,2128.84,2134.26,1453.18335066,2026-05-18 22:00:00+00:00
1779145200000,2134.3,2137.52,2126.38,2128.63,891.23925296,2026-05-18 23:00:00+00:00
1779148800000,2128.81,2144.99,2127.26,2134.78,779.11081702,2026-05-19 00:00:00+00:00
1779152400000,2134.71,2136.95,2121.68,2123.97,753.12335752,2026-05-19 01:00:00+00:00
1779156000000,2123.53,2134.31,2118.09,2121.7,68.63488886,2026-05-19 02:00:00+00:00
1779159600000,2121.66,2132.74,2120.67,2129.76,64.14579446,2026-05-19 03:00:00+00:00
1779163200000,2129.84,2135.05,2126.68,2132.33,184.83643168,2026-05-19 04:00:00+00:00
1779166800000,2132.34,2135.76,2122.11,2133.64,74.45964826,2026-05-19 05:00:00+00:00
1779170400000,2133.65,2141.1,2131.13,2136.34,2106.25546351,2026-05-19 06:00:00+00:00
1779174000000,2135.69,2145.12,2133.86,2139.67,1449.57169828,2026-05-19 07:00:00+00:00
1779177600000,2139.48,2139.87,2129.44,2132.0,516.8738244,2026-05-19 08:00:00+00:00
1779181200000,2132.06,2132.56,2110.0,2112.73,326.01268904,2026-05-19 09:00:00+00:00
1779184800000,2112.81,2120.07,2105.76,2116.79,378.77567655,2026-05-19 10:00:00+00:00
1779188400000,2116.8,2118.52,2107.69,2109.41,220.65699465,2026-05-19 11:00:00+00:00
1779192000000,2108.95,2117.5,2106.88,2117.2,713.99999216,2026-05-19 12:00:00+00:00
1779195600000,2117.2,2125.08,2106.1,2117.27,489.81972145,2026-05-19 13:00:00+00:00
1779199200000,2117.26,2121.72,2092.13,2105.12,3195.44674915,2026-05-19 14:00:00+00:00
1779202800000,2104.85,2111.35,2102.47,2108.28,487.42402506,2026-05-19 15:00:00+00:00
1779206400000,2108.29,2120.27,2105.42,2119.62,334.67993075,2026-05-19 16:00:00+00:00
1779210000000,2119.63,2122.56,2110.96,2114.1,2687.41965973,2026-05-19 17:00:00+00:00
1779213600000,2113.75,2117.81,2108.33,2113.25,1629.52594717,2026-05-19 18:00:00+00:00
1779217200000,2113.08,2121.25,2108.53,2110.89,1237.85501454,2026-05-19 19:00:00+00:00
1779220800000,2110.89,2117.16,2110.88,2116.81,224.205973,2026-05-19 20:00:00+00:00
1779224400000,2116.81,2118.78,2115.01,2115.01,85.21516359,2026-05-19 21:00:00+00:00
1779228000000,2115.08,2115.08,2101.0,2104.6,601.01931276,2026-05-19 22:00:00+00:00
1779231600000,2104.6,2116.49,2102.8,2109.86,403.51758757,2026-05-19 23:00:00+00:00
1779235200000,2109.86,2113.49,2101.89,2108.39,892.52013612,2026-05-20 00:00:00+00:00
1779238800000,2109.09,2116.41,2101.24,2113.49,502.62808491,2026-05-20 01:00:00+00:00
1779242400000,2113.29,2114.73,2104.96,2107.26,128.97299569,2026-05-20 02:00:00+00:00
1779246000000,2106.97,2113.98,2104.11,2109.72,51.18474654,2026-05-20 03:00:00+00:00
1779249600000,2109.72,2112.84,2105.81,2111.11,117.9984508,2026-05-20 04:00:00+00:00
1779253200000,2111.29,2129.37,2111.29,2123.67,380.76544842,2026-05-20 05:00:00+00:00
1779256800000,2123.62,2131.8,2123.62,2131.05,3331.35711029,2026-05-20 06:00:00+00:00
1779260400000,2131.33,2133.98,2126.12,2127.08,190.43730424,2026-05-20 07:00:00+00:00
1779264000000,2127.08,2135.0,2126.56,2129.46,457.4406852,2026-05-20 08:00:00+00:00
1779267600000,2129.31,2130.68,2125.78,2127.04,205.22105405,2026-05-20 09:00:00+00:00
1779271200000,2127.05,2134.63,2127.04,2128.62,129.08189214,2026-05-20 10:00:00+00:00
1779274800000,2128.62,2130.01,2122.43,2126.3,164.49297661,2026-05-20 11:00:00+00:00
1779278400000,2126.04,2138.47,2124.95,2132.23,902.64429051,2026-05-20 12:00:00+00:00
1779282000000,2132.23,2133.65,2113.9,2118.57,529.85046478,2026-05-20 13:00:00+00:00
1779285600000,2118.57,2137.0,2112.24,2133.68,1555.34521394,2026-05-20 14:00:00+00:00
1779289200000,2133.4,2147.16,2126.87,2134.6,711.04020815,2026-05-20 15:00:00+00:00
1779292800000,2134.77,2138.18,2122.45,2133.19,600.91283311,2026-05-20 16:00:00+00:00
1779296400000,2133.6,2145.87,2130.45,2138.61,1659.80392415,2026-05-20 17:00:00+00:00
1779300000000,2138.46,2139.12,2128.85,2130.02,266.18821688,2026-05-20 18:00:00+00:00
1779303600000,2129.94,2139.21,2127.02,2137.36,814.98926199,2026-05-20 19:00:00+00:00
1779307200000,2137.15,2138.64,2127.86,2134.23,289.81337785,2026-05-20 20:00:00+00:00
1779310800000,2133.89,2136.73,2128.51,2128.6,198.88509742,2026-05-20 21:00:00+00:00
1779314400000,2128.66,2128.66,2116.36,2126.43,299.40227416,2026-05-20 22:00:00+00:00
1779318000000,2126.19,2127.84,2120.82,2127.3,154.3807343,2026-05-20 23:00:00+00:00
1779321600000,2127.39,2142.88,2126.1,2140.86,217.50646705,2026-05-21 00:00:00+00:00
1779325200000,2140.94,2155.0,2137.37,2138.9,1439.59677745,2026-05-21 01:00:00+00:00
1779328800000,2139.12,2145.72,2138.01,2140.0,139.17197112,2026-05-21 02:00:00+00:00
1779332400000,2139.59,2144.99,2138.93,2143.86,176.78485493,2026-05-21 03:00:00+00:00
1779336000000,2143.69,2146.76,2140.75,2142.75,148.88331895,2026-05-21 04:00:00+00:00
1779339600000,2142.76,2145.8,2131.19,2134.11,264.86202292,2026-05-21 05:00:00+00:00
1779343200000,2134.28,2136.0,2125.85,2126.21,171.54054136,2026-05-21 06:00:00+00:00
1779346800000,2126.58,2134.31,2122.26,2132.94,226.67019438,2026-05-21 07:00:00+00:00
1779350400000,2133.04,2145.98,2132.84,2136.34,195.75429841,2026-05-21 08:00:00+00:00
1779354000000,2135.85,2138.41,2125.96,2125.96,181.24654479,2026-05-21 09:00:00+00:00
1779357600000,2125.49,2127.42,2107.14,2112.52,2137.19593537,2026-05-21 10:00:00+00:00
1779361200000,2111.9,2117.66,2110.0,2113.08,133.92095333,2026-05-21 11:00:00+00:00
1779364800000,2113.08,2117.66,2110.07,2114.85,187.18249668,2026-05-21 12:00:00+00:00
1779368400000,2115.25,2122.48,2103.07,2118.48,311.53581724,2026-05-21 13:00:00+00:00
1779372000000,2118.57,2123.42,2109.53,2119.84,3317.23615731,2026-05-21 14:00:00+00:00
1779375600000,2119.85,2135.88,2117.41,2130.22,414.77143541,2026-05-21 15:00:00+00:00
1779379200000,2130.23,2134.24,2121.1,2125.47,348.57815389,2026-05-21 16:00:00+00:00
1779382800000,2125.54,2151.5,2123.72,2145.07,804.88633909,2026-05-21 17:00:00+00:00
1779386400000,2144.71,2146.05,2120.0,2124.43,529.35518622,2026-05-21 18:00:00+00:00
1779390000000,2124.43,2142.82,2124.42,2140.37,481.18933551,2026-05-21 19:00:00+00:00
1779393600000,2140.98,2141.27,2135.01,2136.24,2672.41586911,2026-05-21 20:00:00+00:00
1779397200000,2136.24,2138.3,2132.18,2132.82,166.40765446,2026-05-21 21:00:00+00:00
1779400800000,2133.16,2134.9,2128.96,2129.85,118.26884848,2026-05-21 22:00:00+00:00
1779404400000,2129.8,2134.54,2125.0,2131.98,203.25671644,2026-05-21 23:00:00+00:00
1779408000000,2131.85,2132.85,2127.13,2127.13,242.26329509,2026-05-22 00:00:00+00:00
1779411600000,2127.16,2134.85,2123.83,2133.54,203.61445301,2026-05-22 01:00:00+00:00
1779415200000,2133.83,2137.38,2132.23,2135.88,189.77388585,2026-05-22 02:00:00+00:00
1779418800000,2135.75,2138.91,2133.1,2135.72,125.81726636,2026-05-22 03:00:00+00:00
1779422400000,2135.76,2138.91,2130.4,2131.74,102.95568395,2026-05-22 04:00:00+00:00
1779426000000,2131.64,2133.76,2125.56,2126.92,81.81646569,2026-05-22 05:00:00+00:00
1779429600000,2126.95,2128.0,2121.96,2123.28,58.98826591,2026-05-22 06:00:00+00:00
1779433200000,2123.33,2129.94,2120.21,2126.37,85.18173183,2026-05-22 07:00:00+00:00
1779436800000,2126.38,2130.59,2116.74,2119.75,351.30616141,2026-05-22 08:00:00+00:00
1779440400000,2119.76,2122.34,2116.71,2121.56,206.64309869,2026-05-22 09:00:00+00:00
1779444000000,2121.26,2123.06,2118.79,2120.12,121.54770153,2026-05-22 10:00:00+00:00
1779447600000,2120.13,2128.0,2117.9,2127.74,148.75222745,2026-05-22 11:00:00+00:00
1779451200000,2128.25,2135.7,2127.0,2132.4,738.05504999,2026-05-22 12:00:00+00:00
1779454800000,2132.4,2133.36,2121.74,2127.08,375.05606887,2026-05-22 13:00:00+00:00
1779458400000,2127.64,2127.64,2110.98,2114.62,3405.70797714,2026-05-22 14:00:00+00:00
1779462000000,2114.49,2122.96,2111.01,2117.21,332.96709505,2026-05-22 15:00:00+00:00
1779465600000,2117.12,2121.51,2115.78,2120.44,135.32301933,2026-05-22 16:00:00+00:00
1779469200000,2120.57,2127.62,2116.78,2117.04,223.45157659,2026-05-22 17:00:00+00:00
1779472800000,2117.04,2119.17,2082.77,2097.49,2026.58587777,2026-05-22 18:00:00+00:00
1779476400000,2097.5,2100.68,2055.64,2062.55,2980.41275765,2026-05-22 19:00:00+00:00
1779480000000,2063.29,2076.68,2062.68,2070.92,1508.70033761,2026-05-22 20:00:00+00:00
1779483600000,2070.78,2077.19,2069.09,2076.01,310.20673125,2026-05-22 21:00:00+00:00
1779487200000,2076.0,2076.95,2064.18,2070.33,414.50089685,2026-05-22 22:00:00+00:00
1779490800000,2070.42,2075.07,2055.67,2063.58,568.35931081,2026-05-22 23:00:00+00:00
1779494400000,2063.54,2068.42,2050.01,2062.49,463.25573418,2026-05-23 00:00:00+00:00
1779498000000,2062.6,2067.24,2059.94,2066.89,332.63268917,2026-05-23 01:00:00+00:00
1779501600000,2066.73,2067.96,2063.0,2066.17,99.5795038,2026-05-23 02:00:00+00:00
1779505200000,2066.32,2068.91,2066.11,2068.42,81.24806869,2026-05-23 03:00:00+00:00
1779508800000,2068.51,2068.51,2063.8,2064.59,71.66262686,2026-05-23 04:00:00+00:00
1779512400000,2064.83,2065.48,2059.45,2062.46,143.64161546,2026-05-23 05:00:00+00:00
1779516000000,2062.46,2063.47,2058.44,2059.3,165.88968376,2026-05-23 06:00:00+00:00
1779519600000,2059.31,2060.82,2001.74,2026.22,4390.78968373,2026-05-23 07:00:00+00:00
1779523200000,2026.15,2029.73,2018.8,2027.89,533.11125979,2026-05-23 08:00:00+00:00
1779526800000,2027.84,2028.46,2025.0,2025.0,300.22760344,2026-05-23 09:00:00+00:00
1779530400000,2025.0,2031.1,2024.68,2029.19,119.59358289,2026-05-23 10:00:00+00:00
1779534000000,2029.19,2033.04,2028.5,2029.38,96.79470353,2026-05-23 11:00:00+00:00
1779537600000,2029.36,2029.93,2025.18,2028.5,126.06532154,2026-05-23 12:00:00+00:00
1779541200000,2028.91,2043.36,2028.9,2042.19,1621.15264681,2026-05-23 13:00:00+00:00
1779544800000,2042.59,2061.97,2039.02,2059.24,653.11846689,2026-05-23 14:00:00+00:00
1779548400000,2059.25,2065.91,2053.24,2058.12,504.00858821,2026-05-23 15:00:00+00:00
1779552000000,2057.92,2062.27,2054.95,2059.35,118.52856336,2026-05-23 16:00:00+00:00
1779555600000,2059.23,2062.95,2056.61,2061.47,198.10245138,2026-05-23 17:00:00+00:00
1779559200000,2061.73,2080.54,2061.4,2071.83,1063.98575869,2026-05-23 18:00:00+00:00
1779562800000,2071.79,2078.02,2067.69,2074.82,878.61495061,2026-05-23 19:00:00+00:00
1779566400000,2075.8,2143.82,2072.19,2143.8,2892.1865598,2026-05-23 20:00:00+00:00
1779570000000,2143.31,2147.52,2103.87,2113.79,1453.34840955,2026-05-23 21:00:00+00:00
1779573600000,2113.79,2117.62,2100.89,2114.14,286.83280796,2026-05-23 22:00:00+00:00
1779577200000,2114.13,2118.87,2111.8,2115.28,251.6766513,2026-05-23 23:00:00+00:00
1779580800000,2115.28,2118.52,2110.43,2116.31,219.46178343,2026-05-24 00:00:00+00:00
1779584400000,2116.65,2122.0,2116.15,2119.74,712.42324835,2026-05-24 01:00:00+00:00
1779588000000,2119.9,2122.31,2115.61,2120.03,89.27629252,2026-05-24 02:00:00+00:00
1779591600000,2119.92,2124.0,2114.41,2116.71,91.14666246,2026-05-24 03:00:00+00:00
1779595200000,2116.63,2121.25,2116.63,2118.34,78.46731262,2026-05-24 04:00:00+00:00
1779598800000,2117.6,2118.33,2111.6,2117.5,104.71233139,2026-05-24 05:00:00+00:00
1779602400000,2117.44,2127.0,2115.03,2125.32,148.79585155,2026-05-24 06:00:00+00:00
1779606000000,2125.37,2126.54,2117.16,2117.83,177.01037584,2026-05-24 07:00:00+00:00
1779609600000,2118.44,2120.61,2117.18,2117.74,82.46084723,2026-05-24 08:00:00+00:00
1779613200000,2117.74,2121.45,2116.7,2120.66,181.25309773,2026-05-24 09:00:00+00:00
1779616800000,2120.91,2127.85,2117.03,2119.65,276.08649146,2026-05-24 10:00:00+00:00
1779620400000,2119.65,2124.91,2119.64,2122.79,70.72655803,2026-05-24 11:00:00+00:00
1779624000000,2122.8,2122.8,2115.01,2117.2,146.16102901,2026-05-24 12:00:00+00:00
1779627600000,2117.41,2118.38,2103.39,2107.61,314.51187855,2026-05-24 13:00:00+00:00
1779631200000,2107.62,2109.38,2075.82,2095.12,2180.61590446,2026-05-24 14:00:00+00:00
1779634800000,2095.43,2097.38,2091.48,2092.99,344.52863989,2026-05-24 15:00:00+00:00
1779638400000,2093.0,2105.54,2092.86,2101.04,1652.94759013,2026-05-24 16:00:00+00:00
1779642000000,2100.98,2103.81,2098.93,2100.46,169.80203152,2026-05-24 17:00:00+00:00
1779645600000,2100.46,2102.33,2095.03,2097.76,2764.3995506,2026-05-24 18:00:00+00:00
1779649200000,2097.34,2099.99,2093.5,2098.12,1621.82401721,2026-05-24 19:00:00+00:00
1779652800000,2098.11,2099.02,2088.03,2090.2,918.50680829,2026-05-24 20:00:00+00:00
1779656400000,2090.2,2096.17,2060.78,2068.01,980.31267392,2026-05-24 21:00:00+00:00
1779660000000,2068.21,2097.19,2068.01,2089.15,279.15899853,2026-05-24 22:00:00+00:00
1779663600000,2089.81,2103.8,2088.79,2097.46,739.96156068,2026-05-24 23:00:00+00:00
1779667200000,2097.36,2106.39,2097.35,2101.13,153.48007088,2026-05-25 00:00:00+00:00
1779670800000,2102.61,2104.93,2090.93,2091.54,1376.83374365,2026-05-25 01:00:00+00:00
1779674400000,2091.84,2110.74,2091.84,2095.73,372.99477841,2026-05-25 02:00:00+00:00
1779678000000,2095.73,2097.47,2089.92,2092.99,220.70083694,2026-05-25 03:00:00+00:00
1779681600000,2093.07,2104.91,2089.92,2103.25,167.02400899,2026-05-25 04:00:00+00:00
1779685200000,2103.28,2108.9,2101.97,2105.59,190.16299913,2026-05-25 05:00:00+00:00
1779688800000,2105.59,2110.0,2096.93,2106.98,6234.24833897,2026-05-25 06:00:00+00:00
1779692400000,2106.98,2116.01,2105.0,2114.36,6362.51555314,2026-05-25 07:00:00+00:00
1779696000000,2114.47,2115.63,2109.61,2114.88,297.95607138,2026-05-25 08:00:00+00:00
1779699600000,2114.88,2122.48,2114.16,2114.97,240.23772531,2026-05-25 09:00:00+00:00
1779703200000,2114.56,2118.87,2112.81,2114.85,235.15572312,2026-05-25 10:00:00+00:00
1779706800000,2114.86,2118.28,2112.45,2113.21,127.2320745,2026-05-25 11:00:00+00:00
1779710400000,2113.21,2117.57,2110.48,2115.8,147.7696269,2026-05-25 12:00:00+00:00
1779714000000,2115.81,2117.62,2112.25,2114.26,94.03926885,2026-05-25 13:00:00+00:00
1779717600000,2114.26,2128.0,2113.82,2126.6,1343.63271626,2026-05-25 14:00:00+00:00
1779721200000,2126.61,2135.94,2120.84,2125.24,176.70387073,2026-05-25 15:00:00+00:00
1779724800000,2125.19,2139.33,2123.09,2134.67,150.21575384,2026-05-25 16:00:00+00:00
1779728400000,2134.56,2139.08,2126.58,2126.85,208.75877436,2026-05-25 17:00:00+00:00
1779732000000,2126.91,2132.02,2124.61,2125.0,192.10717797,2026-05-25 18:00:00+00:00
1779735600000,2124.98,2125.27,2115.0,2119.66,437.42929608,2026-05-25 19:00:00+00:00
1779739200000,2119.62,2121.12,2105.72,2107.23,178.67788042,2026-05-25 20:00:00+00:00
1779742800000,2106.72,2111.14,2106.48,2109.05,170.94262365,2026-05-25 21:00:00+00:00
1779746400000,2109.09,2113.39,2100.39,2101.78,142.47769417,2026-05-25 22:00:00+00:00
1779750000000,2101.6,2111.7,2100.69,2111.05,214.66913402,2026-05-25 23:00:00+00:00
1779753600000,2110.97,2111.9,2083.24,2096.04,1688.56995115,2026-05-26 00:00:00+00:00
1779757200000,2095.61,2098.11,2086.18,2092.46,217.03908989,2026-05-26 01:00:00+00:00
1779760800000,2092.42,2093.53,2083.23,2086.16,150.51616011,2026-05-26 02:00:00+00:00
1779764400000,2086.86,2091.66,2082.89,2091.14,256.48582618,2026-05-26 03:00:00+00:00
1779768000000,2091.17,2094.29,2086.72,2091.85,335.04893543,2026-05-26 04:00:00+00:00
1779771600000,2091.85,2101.29,2090.1,2098.86,997.9563368,2026-05-26 05:00:00+00:00
1779775200000,2098.66,2101.86,2093.18,2099.39,93.07649932,2026-05-26 06:00:00+00:00
1779778800000,2099.6,2100.18,2088.95,2093.47,283.21247686,2026-05-26 07:00:00+00:00
1779782400000,2093.13,2097.78,2092.75,2095.25,107.82131652,2026-05-26 08:00:00+00:00
1779786000000,2095.15,2097.39,2092.59,2094.47,117.6969487,2026-05-26 09:00:00+00:00
1779789600000,2094.47,2134.41,2092.22,2125.14,472.57732266,2026-05-26 10:00:00+00:00
1779793200000,2125.17,2127.98,2116.3,2118.65,213.82273335,2026-05-26 11:00:00+00:00
1779796800000,2118.61,2124.29,2109.24,2123.5,380.89918489,2026-05-26 12:00:00+00:00
1779800400000,2123.99,2129.5,2107.64,2122.12,1049.07688194,2026-05-26 13:00:00+00:00
1779804000000,2122.61,2138.18,2104.7,2107.07,2183.45471758,2026-05-26 14:00:00+00:00
1779807600000,2106.85,2109.45,2076.24,2085.38,998.9893112,2026-05-26 15:00:00+00:00
1779811200000,2084.67,2087.17,2070.01,2076.71,597.8697827,2026-05-26 16:00:00+00:00
1779814800000,2076.87,2081.3,2052.53,2068.13,1399.72715531,2026-05-26 17:00:00+00:00
1779818400000,2067.86,2077.85,2063.15,2064.91,509.3577434,2026-05-26 18:00:00+00:00
1779822000000,2065.28,2073.75,2062.39,2071.04,578.0037647,2026-05-26 19:00:00+00:00
1779825600000,2071.09,2075.0,2070.88,2074.99,230.82389852,2026-05-26 20:00:00+00:00
1779829200000,2074.99,2075.64,2066.6,2069.83,351.74062215,2026-05-26 21:00:00+00:00
1779832800000,2069.85,2073.16,2062.88,2065.33,405.62349603,2026-05-26 22:00:00+00:00
1779836400000,2065.34,2073.69,2065.34,2070.8,246.75207951,2026-05-26 23:00:00+00:00
1779840000000,2070.91,2080.95,2070.91,2080.51,172.51634298,2026-05-27 00:00:00+00:00
1779843600000,2080.29,2080.64,2068.75,2071.56,218.24012777,2026-05-27 01:00:00+00:00
1779847200000,2071.57,2073.22,2066.45,2073.22,316.73707283,2026-05-27 02:00:00+00:00
1779850800000,2073.12,2077.03,2066.12,2067.09,835.49039771,2026-05-27 03:00:00+00:00
1779854400000,2066.79,2069.95,2053.67,2069.7,814.78886302,2026-05-27 04:00:00+00:00
1779858000000,2069.12,2075.36,2068.85,2074.42,78.48206573,2026-05-27 05:00:00+00:00
1779861600000,2074.35,2078.07,2071.65,2076.14,102.27912111,2026-05-27 06:00:00+00:00
1779865200000,2076.17,2081.03,2072.82,2080.7,144.90921905,2026-05-27 07:00:00+00:00
1779868800000,2080.53,2093.32,2080.4,2081.99,389.65420931,2026-05-27 08:00:00+00:00
1779872400000,2082.31,2084.61,2075.44,2080.09,116.92938702,2026-05-27 09:00:00+00:00
1779876000000,2080.1,2084.47,2076.23,2076.97,120.96953494,2026-05-27 10:00:00+00:00
1779879600000,2076.17,2082.02,2075.3,2076.63,143.72597446,2026-05-27 11:00:00+00:00
1779883200000,2077.29,2093.43,2071.71,2075.3,486.43423918,2026-05-27 12:00:00+00:00
1779886800000,2075.54,2077.44,2048.14,2060.9,1338.16241395,2026-05-27 13:00:00+00:00
1779890400000,2060.81,2067.65,2051.65,2058.98,951.3793223,2026-05-27 14:00:00+00:00
1779894000000,2058.98,2075.19,2058.24,2068.09,1337.68441704,2026-05-27 15:00:00+00:00
1779897600000,2068.05,2070.76,2056.54,2066.73,1221.44031501,2026-05-27 16:00:00+00:00
1779901200000,2066.65,2066.65,2042.0,2048.42,1218.06195077,2026-05-27 17:00:00+00:00
1779904800000,2048.41,2052.96,2040.04,2052.73,713.5281683,2026-05-27 18:00:00+00:00
1779908400000,2052.77,2057.11,2050.23,2053.97,195.16473376,2026-05-27 19:00:00+00:00
1779912000000,2053.58,2061.89,2053.48,2060.49,125.21753221,2026-05-27 20:00:00+00:00
1779915600000,2059.48,2059.49,2013.0,2018.28,2019.87278893,2026-05-27 21:00:00+00:00
1779919200000,2018.28,2030.97,2013.5,2022.52,844.61823775,2026-05-27 22:00:00+00:00
1779922800000,2022.51,2027.12,2015.29,2021.81,368.31020257,2026-05-27 23:00:00+00:00
1779926400000,2021.72,2025.69,2017.56,2025.24,180.34212429,2026-05-28 00:00:00+00:00
1779930000000,2025.12,2025.87,2009.66,2016.93,732.95835961,2026-05-28 01:00:00+00:00
1779933600000,2016.93,2018.59,2011.9,2013.98,578.04180934,2026-05-28 02:00:00+00:00
1779937200000,2014.29,2017.44,1968.14,1978.04,5033.11772371,2026-05-28 03:00:00+00:00
1779940800000,1978.2,1983.21,1964.34,1978.62,1283.6347839,2026-05-28 04:00:00+00:00
1779944400000,1978.61,1980.09,1972.22,1974.99,593.22632962,2026-05-28 05:00:00+00:00
1779948000000,1974.99,1981.18,1969.27,1980.57,457.18070717,2026-05-28 06:00:00+00:00
1779951600000,1980.58,1992.9,1979.09,1991.73,577.76359544,2026-05-28 07:00:00+00:00
1779955200000,1991.74,1992.2,1981.49,1984.71,333.48419144,2026-05-28 08:00:00+00:00
1779958800000,1984.85,1992.19,1981.39,1990.59,212.18454358,2026-05-28 09:00:00+00:00
1779962400000,1990.58,1994.67,1986.05,1987.18,188.08479542,2026-05-28 10:00:00+00:00
1779966000000,1987.18,1989.26,1982.99,1986.4,646.95106316,2026-05-28 11:00:00+00:00
1779969600000,1986.31,1990.93,1978.68,1988.56,859.77814971,2026-05-28 12:00:00+00:00
1779973200000,1988.56,1991.85,1972.11,1978.09,1745.4124366,2026-05-28 13:00:00+00:00
1779976800000,1978.1,1999.06,1964.66,1990.57,2871.71163728,2026-05-28 14:00:00+00:00
1779980400000,1990.33,1995.81,1980.0,1987.25,1652.12710459,2026-05-28 15:00:00+00:00
1779984000000,1987.41,2011.08,1981.91,2009.97,909.95010341,2026-05-28 16:00:00+00:00
1779987600000,2009.97,2023.8,2005.78,2016.49,2464.72149371,2026-05-28 17:00:00+00:00
1779991200000,2016.49,2027.41,2015.37,2021.97,810.38604251,2026-05-28 18:00:00+00:00
1779994800000,2022.05,2022.05,2011.01,2011.06,529.2865251,2026-05-28 19:00:00+00:00
1779998400000,2011.54,2016.99,2003.71,2011.11,1011.9459615,2026-05-28 20:00:00+00:00
1780002000000,2011.22,2021.44,2010.47,2017.11,327.34634007,2026-05-28 21:00:00+00:00
1780005600000,2017.13,2019.82,2002.57,2002.72,399.13086306,2026-05-28 22:00:00+00:00
1780009200000,2002.8,2008.4,2002.73,2006.96,2335.69463398,2026-05-28 23:00:00+00:00
1780012800000,2006.93,2014.14,2006.91,2009.22,1400.1977256,2026-05-29 00:00:00+00:00
1780016400000,2009.28,2013.72,2003.19,2005.77,230.51586189,2026-05-29 01:00:00+00:00
1780020000000,2005.31,2007.37,1994.74,1996.22,474.95023486,2026-05-29 02:00:00+00:00
1780023600000,1996.55,2005.15,1996.52,1999.88,262.67882122,2026-05-29 03:00:00+00:00
1780027200000,1999.98,2005.55,1995.12,2005.52,243.90441375,2026-05-29 04:00:00+00:00
1780030800000,2005.55,2011.99,2005.54,2011.21,151.27788931,2026-05-29 05:00:00+00:00
1780034400000,2011.21,2018.89,2009.63,2015.27,314.93099484,2026-05-29 06:00:00+00:00
1780038000000,2015.34,2016.85,2000.44,2004.69,235.15222929,2026-05-29 07:00:00+00:00
1780041600000,2004.68,2010.62,2002.83,2003.38,116.69243952,2026-05-29 08:00:00+00:00
1780045200000,2003.35,2013.07,2003.19,2011.92,246.33137651,2026-05-29 09:00:00+00:00
1780048800000,2011.89,2011.89,2007.0,2008.59,177.18994283,2026-05-29 10:00:00+00:00
1780052400000,2008.58,2011.48,2000.06,2004.64,191.03927885,2026-05-29 11:00:00+00:00
1780056000000,2004.65,2004.65,1992.23,1997.01,967.37518353,2026-05-29 12:00:00+00:00
1780059600000,1997.01,2003.11,1985.17,1996.4,984.82652472,2026-05-29 13:00:00+00:00
1780063200000,1996.21,2000.85,1974.05,1999.13,3748.70455925,2026-05-29 14:00:00+00:00
1780066800000,1999.13,2043.0,1996.28,2028.04,5715.75932139,2026-05-29 15:00:00+00:00
1780070400000,2028.38,2039.71,2019.22,2037.63,1650.40387869,2026-05-29 16:00:00+00:00
1780074000000,2037.55,2040.88,2023.39,2026.0,1549.94311469,2026-05-29 17:00:00+00:00
1780077600000,2026.0,2028.73,2004.41,2008.71,4358.03769332,2026-05-29 18:00:00+00:00
1780081200000,2008.78,2019.3,2002.03,2014.28,959.13718043,2026-05-29 19:00:00+00:00
1780084800000,2014.46,2020.99,2012.81,2015.37,894.52911967,2026-05-29 20:00:00+00:00
1780088400000,2015.51,2020.24,2005.67,2006.46,3425.50328402,2026-05-29 21:00:00+00:00
1780092000000,2006.79,2014.34,2005.19,2011.08,231.85512339,2026-05-29 22:00:00+00:00
1780095600000,2011.04,2012.03,2004.17,2011.61,176.12352746,2026-05-29 23:00:00+00:00
1780099200000,2011.65,2013.33,2008.01,2012.29,93.61085392,2026-05-30 00:00:00+00:00
1780102800000,2012.14,2018.77,2010.83,2016.91,179.51183272,2026-05-30 01:00:00+00:00
1780106400000,2016.84,2018.25,2014.32,2017.92,2761.1929284,2026-05-30 02:00:00+00:00
1780110000000,2017.99,2020.88,2012.31,2013.89,220.13123215,2026-05-30 03:00:00+00:00
1780113600000,2013.98,2015.03,1999.65,2007.73,404.18675792,2026-05-30 04:00:00+00:00
1780117200000,2007.74,2016.8,2005.31,2013.01,943.37787024,2026-05-30 05:00:00+00:00
1780120800000,2013.1,2017.22,2010.18,2014.81,80.25690358,2026-05-30 06:00:00+00:00
1780124400000,2014.35,2014.92,2011.21,2013.53,44.88563064,2026-05-30 07:00:00+00:00
1780128000000,2013.59,2013.59,2011.04,2011.36,79.4028861,2026-05-30 08:00:00+00:00
1780131600000,2011.33,2014.18,2011.24,2013.96,154.94916293,2026-05-30 09:00:00+00:00
1780135200000,2013.97,2019.15,2013.82,2014.99,247.52717464,2026-05-30 10:00:00+00:00
1780138800000,2014.99,2015.99,2012.52,2014.6,43.35118823,2026-05-30 11:00:00+00:00
1780142400000,2014.68,2017.54,2014.29,2017.09,64.81747222,2026-05-30 12:00:00+00:00
1780146000000,2017.08,2019.44,2014.61,2017.89,40.07183283,2026-05-30 13:00:00+00:00
1780149600000,2017.9,2027.48,2017.87,2023.77,546.54195189,2026-05-30 14:00:00+00:00
1780153200000,2023.86,2028.94,2021.6,2023.49,156.2784967,2026-05-30 15:00:00+00:00
1780156800000,2023.58,2025.34,2021.85,2023.9,237.21292379,2026-05-30 16:00:00+00:00
1780160400000,2023.9,2026.21,2016.71,2024.01,392.2872133,2026-05-30 17:00:00+00:00
1780164000000,2024.0,2026.98,2021.57,2024.58,310.03927659,2026-05-30 18:00:00+00:00
1780167600000,2024.59,2025.99,2022.04,2025.56,291.75282034,2026-05-30 19:00:00+00:00
1780171200000,2025.57,2026.45,2022.71,2023.84,214.61682915,2026-05-30 20:00:00+00:00
1780174800000,2023.85,2028.01,2023.85,2024.95,115.18712499,2026-05-30 21:00:00+00:00
1780178400000,2025.44,2025.44,2017.82,2020.39,756.43059253,2026-05-30 22:00:00+00:00
1780182000000,2020.38,2022.95,2017.15,2019.12,148.89518529,2026-05-30 23:00:00+00:00
1780185600000,2019.32,2024.58,2017.59,2023.84,66.09516422,2026-05-31 00:00:00+00:00
1780189200000,2023.84,2030.93,2023.79,2025.87,460.02809427,2026-05-31 01:00:00+00:00
1780192800000,2025.87,2034.71,2024.94,2031.12,520.58643316,2026-05-31 02:00:00+00:00
1780196400000,2031.08,2033.58,2029.08,2030.38,66.66155426,2026-05-31 03:00:00+00:00
1780200000000,2030.42,2031.58,2028.36,2030.77,44.07115172,2026-05-31 04:00:00+00:00
1780203600000,2030.77,2030.77,2026.33,2027.12,103.31231505,2026-05-31 05:00:00+00:00
1780207200000,2027.1,2027.22,2025.38,2027.01,192.91764751,2026-05-31 06:00:00+00:00
1780210800000,2027.01,2027.01,2020.0,2020.99,182.21125097,2026-05-31 07:00:00+00:00
1780214400000,2020.99,2025.99,2020.01,2024.33,95.94812302,2026-05-31 08:00:00+00:00
1780218000000,2024.63,2024.99,2016.29,2017.86,417.96972924,2026-05-31 09:00:00+00:00
1780221600000,2018.17,2018.55,2012.9,2017.87,418.70070471,2026-05-31 10:00:00+00:00
1780225200000,2017.87,2020.94,2017.83,2020.18,75.77714216,2026-05-31 11:00:00+00:00
1780228800000,2020.12,2021.98,2016.47,2018.92,101.62247405,2026-05-31 12:00:00+00:00
1780232400000,2018.93,2023.18,2017.03,2017.37,545.55845715,2026-05-31 13:00:00+00:00
1780236000000,2017.41,2018.32,2003.07,2005.47,854.30591322,2026-05-31 14:00:00+00:00
1780239600000,2005.65,2012.3,2004.57,2007.7,759.67993999,2026-05-31 15:00:00+00:00
1780243200000,2007.69,2009.29,1995.96,1999.21,548.73866953,2026-05-31 16:00:00+00:00
1780246800000,1999.25,2004.57,1994.71,2002.98,543.82401483,2026-05-31 17:00:00+00:00
1780250400000,2002.98,2002.98,1996.29,1997.76,594.59273801,2026-05-31 18:00:00+00:00
1780254000000,1997.72,1999.68,1991.58,1996.84,231.37443692,2026-05-31 19:00:00+00:00
1780257600000,1996.82,2005.02,1996.82,2003.96,125.40266545,2026-05-31 20:00:00+00:00
1780261200000,2004.09,2010.97,2002.37,2009.35,525.50286429,2026-05-31 21:00:00+00:00
1780264800000,2009.36,2011.81,2001.99,2009.29,230.27618408,2026-05-31 22:00:00+00:00
1780268400000,2009.62,2019.75,1997.3,2004.09,355.22849488,2026-05-31 23:00:00+00:00
1780272000000,2004.07,2017.99,2003.39,2012.48,1247.52311723,2026-06-01 00:00:00+00:00
1780275600000,2012.6,2013.7,1991.93,1992.14,944.88222488,2026-06-01 01:00:00+00:00
1780279200000,1992.07,2014.89,1989.01,2008.93,555.88636534,2026-06-01 02:00:00+00:00
1780282800000,2008.71,2014.99,2006.0,2006.56,236.33223939,2026-06-01 03:00:00+00:00
1780286400000,2006.44,2009.27,1991.64,1997.24,197.46363864,2026-06-01 04:00:00+00:00
1780290000000,1997.24,1998.63,1989.5,1991.91,186.17128277,2026-06-01 05:00:00+00:00
1780293600000,1991.97,1992.32,1977.57,1985.33,487.60541349,2026-06-01 06:00:00+00:00
1780297200000,1985.33,1987.77,1969.15,1974.24,587.35153162,2026-06-01 07:00:00+00:00
1780300800000,1974.02,1982.28,1969.37,1981.3,1003.08367148,2026-06-01 08:00:00+00:00
1780304400000,1981.5,1987.47,1981.44,1985.16,314.72674837,2026-06-01 09:00:00+00:00
1780308000000,1985.16,1986.86,1979.01,1981.88,152.29149913,2026-06-01 10:00:00+00:00
1780311600000,1981.9,1984.18,1975.55,1978.75,376.12900961,2026-06-01 11:00:00+00:00
1780315200000,1979.52,1991.45,1966.21,1986.42,949.15066401,2026-06-01 12:00:00+00:00
1780318800000,1987.35,1987.55,1955.14,1967.94,1984.77161569,2026-06-01 13:00:00+00:00
1780322400000,1968.4,1974.14,1962.0,1965.19,802.34697009,2026-06-01 14:00:00+00:00
1780326000000,1965.19,1977.12,1957.24,1965.5,1846.65051463,2026-06-01 15:00:00+00:00
1780329600000,1965.49,1975.47,1955.55,1975.17,2130.85738883,2026-06-01 16:00:00+00:00
1780333200000,1975.26,1993.86,1975.26,1988.48,1020.18869749,2026-06-01 17:00:00+00:00
1780336800000,1988.01,1993.33,1980.95,1990.37,330.62082061,2026-06-01 18:00:00+00:00
1780340400000,1990.37,2005.88,1989.65,2001.99,3901.07929796,2026-06-01 19:00:00+00:00
1780344000000,2001.98,2005.56,1998.37,2003.19,757.07605028,2026-06-01 20:00:00+00:00
1780347600000,2003.01,2005.99,1990.05,1991.63,709.24200689,2026-06-01 21:00:00+00:00
1780351200000,1991.71,2002.83,1981.69,2001.67,520.18348292,2026-06-01 22:00:00+00:00
1780354800000,2001.53,2004.96,1995.6,2003.99,225.30211378,2026-06-01 23:00:00+00:00
1780358400000,2003.94,2004.1,1993.02,1993.94,798.12306283,2026-06-02 00:00:00+00:00
1780362000000,1993.98,1996.32,1976.61,1977.38,444.75657752,2026-06-02 01:00:00+00:00
1780365600000,1977.4,1992.79,1959.96,1992.79,1256.17094032,2026-06-02 02:00:00+00:00
1780369200000,1993.74,2002.15,1992.26,2001.07,253.60131446,2026-06-02 03:00:00+00:00
1780372800000,2000.98,2003.33,1993.19,1993.95,238.09569267,2026-06-02 04:00:00+00:00
1780376400000,1993.94,1997.72,1981.9,1981.95,329.64598756,2026-06-02 05:00:00+00:00
1780380000000,1982.01,1985.96,1975.45,1979.5,438.44381677,2026-06-02 06:00:00+00:00
1780383600000,1979.69,1986.98,1971.54,1979.11,630.0996449,2026-06-02 07:00:00+00:00
1780387200000,1979.13,1985.81,1972.0,1975.9,1137.16273148,2026-06-02 08:00:00+00:00
1780390800000,1976.05,1976.46,1964.04,1972.06,694.66686252,2026-06-02 09:00:00+00:00
1780394400000,1972.12,1980.72,1968.53,1980.62,231.87897942,2026-06-02 10:00:00+00:00
1780398000000,1980.41,1980.5,1973.11,1976.0,483.74798285,2026-06-02 11:00:00+00:00
1780401600000,1975.79,1980.0,1970.0,1973.77,777.19223278,2026-06-02 12:00:00+00:00
1780405200000,1973.54,1978.78,1967.84,1971.36,798.90674945,2026-06-02 13:00:00+00:00
1780408800000,1971.54,1971.54,1923.0,1938.08,3602.70387782,2026-06-02 14:00:00+00:00
1780412400000,1938.02,1938.1,1888.0,1912.19,5380.33461737,2026-06-02 15:00:00+00:00
1780416000000,1911.85,1940.0,1906.78,1917.29,5285.64836863,2026-06-02 16:00:00+00:00
1780419600000,1917.47,1928.02,1916.37,1921.14,3722.04694456,2026-06-02 17:00:00+00:00
1780423200000,1921.2,1924.66,1901.62,1910.19,2021.62797826,2026-06-02 18:00:00+00:00
1780426800000,1910.2,1914.25,1879.61,1909.6,2588.02820457,2026-06-02 19:00:00+00:00
1780430400000,1909.33,1915.55,1893.0,1904.15,1494.35985642,2026-06-02 20:00:00+00:00
1780434000000,1904.14,1908.29,1894.86,1897.83,520.57044182,2026-06-02 21:00:00+00:00
1780437600000,1897.78,1906.58,1859.89,1865.08,2661.58870294,2026-06-02 22:00:00+00:00
1780441200000,1866.25,1870.69,1836.76,1857.22,2883.90731075,2026-06-02 23:00:00+00:00
1780444800000,1857.22,1871.64,1852.55,1865.0,1757.32199552,2026-06-03 00:00:00+00:00
1780448400000,1865.01,1867.24,1847.76,1862.2,892.98368624,2026-06-03 01:00:00+00:00
1780452000000,1862.21,1862.21,1849.06,1851.74,428.96454788,2026-06-03 02:00:00+00:00
1780455600000,1851.7,1853.99,1815.19,1825.5,3749.47767185,2026-06-03 03:00:00+00:00
1780459200000,1825.65,1849.05,1825.64,1848.23,459.49333313,2026-06-03 04:00:00+00:00
1780462800000,1848.55,1873.29,1847.51,1870.95,2083.68596012,2026-06-03 05:00:00+00:00
1780466400000,1870.93,1881.29,1867.91,1869.56,2798.21340917,2026-06-03 06:00:00+00:00
1780470000000,1869.22,1877.5,1865.82,1875.94,808.77757409,2026-06-03 07:00:00+00:00
1780473600000,1875.91,1880.74,1871.09,1877.56,376.42514113,2026-06-03 08:00:00+00:00
1780477200000,1877.54,1884.83,1867.57,1873.66,629.3538934,2026-06-03 09:00:00+00:00
1780480800000,1873.65,1889.46,1872.29,1882.19,373.33240261,2026-06-03 10:00:00+00:00
1780484400000,1882.25,1885.34,1873.89,1875.55,376.17663122,2026-06-03 11:00:00+00:00
1780488000000,1875.55,1877.31,1865.69,1873.72,362.73370472,2026-06-03 12:00:00+00:00
1780491600000,1874.19,1877.13,1858.93,1864.59,1700.28350803,2026-06-03 13:00:00+00:00
1780495200000,1864.69,1865.63,1850.44,1855.8,1147.85886933,2026-06-03 14:00:00+00:00
1780498800000,1855.86,1856.86,1833.76,1834.22,1137.10767191,2026-06-03 15:00:00+00:00
1780502400000,1834.59,1841.65,1808.7,1830.15,2148.76776793,2026-06-03 16:00:00+00:00
1780506000000,1830.19,1836.77,1816.38,1825.69,720.18330996,2026-06-03 17:00:00+00:00
1780509600000,1825.69,1831.97,1819.31,1829.99,524.45311067,2026-06-03 18:00:00+00:00
1780513200000,1829.99,1830.97,1794.23,1800.99,1738.44766655,2026-06-03 19:00:00+00:00
1780516800000,1800.81,1810.45,1767.33,1779.27,2644.0908812,2026-06-03 20:00:00+00:00
1780520400000,1779.12,1847.2,1775.76,1847.0,4447.90100529,2026-06-03 21:00:00+00:00
1780524000000,1847.39,1848.75,1820.85,1825.69,1689.22630343,2026-06-03 22:00:00+00:00
1780527600000,1825.99,1827.95,1810.26,1810.58,475.16531538,2026-06-03 23:00:00+00:00
1780531200000,1810.52,1818.41,1780.18,1791.16,2180.99180588,2026-06-04 00:00:00+00:00
1780534800000,1791.44,1798.08,1753.0,1756.89,2442.49279586,2026-06-04 01:00:00+00:00
1780538400000,1757.97,1776.29,1716.0,1765.16,5060.50818783,2026-06-04 02:00:00+00:00
1780542000000,1766.6,1811.63,1764.89,1807.03,2538.66904611,2026-06-04 03:00:00+00:00
1780545600000,1806.99,1815.94,1801.01,1803.04,531.95556114,2026-06-04 04:00:00+00:00
1780549200000,1803.3,1803.3,1779.23,1782.28,851.68565721,2026-06-04 05:00:00+00:00
1780552800000,1782.3,1800.0,1780.18,1788.1,590.39485972,2026-06-04 06:00:00+00:00
1780556400000,1787.98,1788.35,1771.45,1775.87,839.51239408,2026-06-04 07:00:00+00:00
1780560000000,1775.62,1780.87,1762.57,1771.31,504.21120841,2026-06-04 08:00:00+00:00
1780563600000,1771.32,1771.32,1742.77,1763.93,4922.89385251,2026-06-04 09:00:00+00:00
1780567200000,1763.99,1764.42,1728.2,1734.41,1437.79624115,2026-06-04 10:00:00+00:00
1780570800000,1734.97,1752.4,1730.53,1749.51,1505.61139998,2026-06-04 11:00:00+00:00
1780574400000,1749.41,1781.4,1742.51,1776.4,833.67014128,2026-06-04 12:00:00+00:00
1780578000000,1776.21,1788.27,1754.16,1783.85,993.29431036,2026-06-04 13:00:00+00:00
1780581600000,1783.85,1791.93,1765.11,1772.48,869.16570776,2026-06-04 14:00:00+00:00
1780585200000,1772.78,1789.41,1768.68,1775.7,843.93314804,2026-06-04 15:00:00+00:00
1780588800000,1775.02,1778.67,1764.26,1770.2,2344.74728907,2026-06-04 16:00:00+00:00
1780592400000,1770.11,1773.8,1752.33,1765.78,870.42276801,2026-06-04 17:00:00+00:00
1780596000000,1765.7,1781.38,1758.17,1774.01,843.4437573,2026-06-04 18:00:00+00:00
1780599600000,1773.98,1784.66,1768.88,1775.02,463.44371229,2026-06-04 19:00:00+00:00
1780603200000,1774.08,1775.24,1762.35,1772.48,509.81087218,2026-06-04 20:00:00+00:00
1780606800000,1772.88,1780.96,1756.0,1759.95,663.2928529,2026-06-04 21:00:00+00:00
1780610400000,1759.55,1768.0,1751.27,1767.1,479.32579563,2026-06-04 22:00:00+00:00
1780614000000,1766.63,1774.4,1755.63,1768.9,410.93002884,2026-06-04 23:00:00+00:00
1780617600000,1768.61,1772.18,1756.62,1757.45,255.19898732,2026-06-05 00:00:00+00:00
1780621200000,1757.79,1761.69,1745.2,1751.54,419.70800768,2026-06-05 01:00:00+00:00
1780624800000,1751.54,1752.72,1726.07,1728.34,1194.22680542,2026-06-05 02:00:00+00:00
1780628400000,1728.67,1737.89,1720.75,1727.43,801.79638129,2026-06-05 03:00:00+00:00
1780632000000,1727.99,1744.0,1717.01,1742.45,812.2342137,2026-06-05 04:00:00+00:00
1780635600000,1742.77,1745.2,1680.0,1682.99,2406.35088893,2026-06-05 05:00:00+00:00
1780639200000,1682.52,1687.64,1623.37,1654.93,8908.58775165,2026-06-05 06:00:00+00:00
1780642800000,1654.99,1678.54,1632.66,1677.74,3490.38043708,2026-06-05 07:00:00+00:00
1780646400000,1677.84,1678.56,1659.07,1661.88,1189.50257706,2026-06-05 08:00:00+00:00
1780650000000,1662.63,1688.09,1661.56,1681.97,2349.97227793,2026-06-05 09:00:00+00:00
1780653600000,1681.58,1683.92,1670.9,1675.42,607.56351735,2026-06-05 10:00:00+00:00
1780657200000,1675.55,1680.84,1661.63,1662.08,1415.48630523,2026-06-05 11:00:00+00:00
1780660800000,1662.09,1669.74,1645.05,1656.01,1780.02889572,2026-06-05 12:00:00+00:00
1780664400000,1656.05,1675.82,1612.33,1613.93,2956.2645205,2026-06-05 13:00:00+00:00
1780668000000,1613.93,1623.47,1591.91,1600.38,4083.09506558,2026-06-05 14:00:00+00:00
1780671600000,1600.38,1603.68,1571.49,1582.93,4012.6536784,2026-06-05 15:00:00+00:00
1780675200000,1582.6,1611.25,1547.0,1607.36,5994.05420799,2026-06-05 16:00:00+00:00
1780678800000,1607.4,1612.15,1586.17,1593.18,1766.68369159,2026-06-05 17:00:00+00:00
1780682400000,1593.24,1597.42,1545.46,1552.89,4266.02098838,2026-06-05 18:00:00+00:00
1780686000000,1551.84,1578.54,1539.72,1573.57,4825.14424054,2026-06-05 19:00:00+00:00
1780689600000,1573.06,1607.78,1556.56,1603.24,7074.18640917,2026-06-05 20:00:00+00:00
1780693200000,1603.31,1619.07,1602.35,1609.6,2095.28135588,2026-06-05 21:00:00+00:00
1780696800000,1609.3,1609.74,1589.34,1597.21,2549.31299547,2026-06-05 22:00:00+00:00
1780700400000,1597.01,1602.8,1560.91,1583.16,1447.09424987,2026-06-05 23:00:00+00:00
1780704000000,1582.96,1600.42,1582.64,1592.73,854.51456379,2026-06-06 00:00:00+00:00
1780707600000,1592.73,1596.43,1578.0,1582.76,549.95624872,2026-06-06 01:00:00+00:00
1780711200000,1582.76,1585.52,1566.36,1576.48,341.27306627,2026-06-06 02:00:00+00:00
1780714800000,1575.69,1575.71,1555.56,1563.11,611.53612561,2026-06-06 03:00:00+00:00
1780718400000,1563.02,1568.7,1510.5,1521.85,3854.10158826,2026-06-06 04:00:00+00:00
1780722000000,1522.69,1567.64,1505.75,1566.23,2006.63487996,2026-06-06 05:00:00+00:00
1780725600000,1566.04,1580.61,1555.76,1559.19,736.63041875,2026-06-06 06:00:00+00:00
1780729200000,1559.4,1578.76,1555.62,1574.27,2985.83006996,2026-06-06 07:00:00+00:00
1780732800000,1574.39,1592.45,1569.42,1581.19,719.82464049,2026-06-06 08:00:00+00:00
1780736400000,1581.71,1587.88,1565.65,1569.44,302.16816639,2026-06-06 09:00:00+00:00
1780740000000,1569.93,1569.93,1534.78,1548.29,1585.82576412,2026-06-06 10:00:00+00:00
1780743600000,1547.39,1566.2,1546.47,1557.64,313.30285562,2026-06-06 11:00:00+00:00
1780747200000,1557.99,1575.17,1551.33,1570.48,713.00604493,2026-06-06 12:00:00+00:00
1780750800000,1570.45,1572.1,1553.53,1556.16,481.77350084,2026-06-06 13:00:00+00:00
1780754400000,1556.26,1566.02,1555.51,1557.1,441.56527593,2026-06-06 14:00:00+00:00
1780758000000,1557.12,1564.66,1544.93,1559.45,678.30971459,2026-06-06 15:00:00+00:00
1780761600000,1559.51,1564.99,1553.09,1562.08,1192.58564274,2026-06-06 16:00:00+00:00
1780765200000,1562.43,1565.52,1546.0,1552.88,705.85883658,2026-06-06 17:00:00+00:00
1780768800000,1552.71,1565.0,1549.25,1555.77,650.93186639,2026-06-06 18:00:00+00:00
1780772400000,1555.77,1562.39,1552.86,1553.85,651.38275696,2026-06-06 19:00:00+00:00
1780776000000,1553.79,1558.99,1550.31,1556.52,575.53360219,2026-06-06 20:00:00+00:00
1780779600000,1556.86,1564.13,1556.86,1557.5,243.70640234,2026-06-06 21:00:00+00:00
1780783200000,1557.45,1560.98,1551.13,1558.38,540.66766642,2026-06-06 22:00:00+00:00
1780786800000,1557.64,1569.19,1556.23,1568.99,366.79570514,2026-06-06 23:00:00+00:00
1780790400000,1568.94,1571.6,1563.3,1564.22,343.92986184,2026-06-07 00:00:00+00:00
1780794000000,1564.2,1595.91,1563.69,1589.85,1796.4751021,2026-06-07 01:00:00+00:00
1780797600000,1589.51,1593.38,1581.8,1591.98,791.85922763,2026-06-07 02:00:00+00:00
1780801200000,1592.08,1600.0,1589.05,1593.93,482.83970523,2026-06-07 03:00:00+00:00
1780804800000,1594.22,1598.84,1584.72,1596.73,454.49905853,2026-06-07 04:00:00+00:00
1780808400000,1596.59,1607.81,1592.8,1603.36,1070.09171447,2026-06-07 05:00:00+00:00
1780812000000,1603.36,1622.21,1597.86,1611.52,1108.45023839,2026-06-07 06:00:00+00:00
1780815600000,1611.7,1615.83,1606.91,1614.54,619.52375754,2026-06-07 07:00:00+00:00
1780819200000,1614.72,1641.7,1608.02,1640.39,1178.71856483,2026-06-07 08:00:00+00:00
1780822800000,1640.61,1648.01,1628.98,1632.85,1484.60327337,2026-06-07 09:00:00+00:00
1780826400000,1632.99,1634.77,1623.84,1625.0,1391.76275236,2026-06-07 10:00:00+00:00
1780830000000,1625.0,1633.65,1622.11,1629.52,520.49008891,2026-06-07 11:00:00+00:00
1780833600000,1629.45,1630.46,1606.79,1619.52,1212.07643375,2026-06-07 12:00:00+00:00
1780837200000,1619.51,1622.1,1612.91,1617.4,2865.67445628,2026-06-07 13:00:00+00:00
1780840800000,1616.84,1639.1,1616.27,1627.69,1266.92940717,2026-06-07 14:00:00+00:00
1780844400000,1627.65,1635.78,1620.53,1629.3,3700.91753063,2026-06-07 15:00:00+00:00
1780848000000,1629.3,1632.99,1622.82,1627.98,3878.73257441,2026-06-07 16:00:00+00:00
1780851600000,1627.99,1638.8,1627.51,1631.21,5226.58696645,2026-06-07 17:00:00+00:00
1780855200000,1631.21,1635.72,1628.52,1629.49,1318.81720961,2026-06-07 18:00:00+00:00
1780858800000,1629.47,1629.92,1603.93,1612.85,1678.44588396,2026-06-07 19:00:00+00:00
1780862400000,1612.44,1630.89,1608.87,1628.08,1811.61822512,2026-06-07 20:00:00+00:00
1780866000000,1627.99,1633.5,1623.52,1633.5,960.77594942,2026-06-07 21:00:00+00:00
1780869600000,1633.5,1719.0,1628.43,1671.44,8102.98951827,2026-06-07 22:00:00+00:00
1780873200000,1671.66,1690.37,1669.72,1690.22,1720.65178615,2026-06-07 23:00:00+00:00
1780876800000,1689.82,1711.05,1683.08,1697.17,1337.55736776,2026-06-08 00:00:00+00:00
1780880400000,1697.26,1699.26,1670.87,1686.56,1341.02394233,2026-06-08 01:00:00+00:00
1780884000000,1686.99,1688.96,1677.82,1683.51,1749.88819964,2026-06-08 02:00:00+00:00
1780887600000,1683.16,1694.13,1676.49,1678.78,3171.05526804,2026-06-08 03:00:00+00:00
1780891200000,1678.79,1680.01,1655.23,1656.2,957.30343084,2026-06-08 04:00:00+00:00
1780894800000,1656.36,1658.99,1644.64,1652.47,668.3220887,2026-06-08 05:00:00+00:00
1780898400000,1652.47,1668.86,1652.4,1665.52,983.24838067,2026-06-08 06:00:00+00:00
1780902000000,1665.62,1677.78,1661.07,1672.32,1596.45968847,2026-06-08 07:00:00+00:00
1780905600000,1672.25,1672.25,1658.0,1660.25,566.9412688,2026-06-08 08:00:00+00:00
1780909200000,1660.07,1670.39,1656.32,1669.91,614.73934891,2026-06-08 09:00:00+00:00
1780912800000,1669.67,1675.06,1662.36,1670.99,632.54762678,2026-06-08 10:00:00+00:00
1780916400000,1671.01,1695.84,1666.6,1683.07,1028.95819487,2026-06-08 11:00:00+00:00
1780920000000,1682.6,1697.19,1666.38,1693.05,1196.24990036,2026-06-08 12:00:00+00:00
1780923600000,1693.45,1696.16,1677.18,1681.85,992.27535786,2026-06-08 13:00:00+00:00
1780927200000,1680.61,1693.62,1676.65,1690.02,1503.51563561,2026-06-08 14:00:00+00:00
1780930800000,1690.78,1705.15,1688.58,1690.22,879.74528414,2026-06-08 15:00:00+00:00
1780934400000,1690.7,1702.91,1682.04,1682.76,2495.90136508,2026-06-08 16:00:00+00:00
1780938000000,1682.0,1686.99,1674.88,1685.99,2527.81066804,2026-06-08 17:00:00+00:00
1780941600000,1685.99,1691.64,1678.39,1684.08,799.95488045,2026-06-08 18:00:00+00:00
1780945200000,1684.01,1689.81,1680.68,1684.45,852.79655347,2026-06-08 19:00:00+00:00
1780948800000,1684.48,1688.92,1678.74,1688.32,1509.70999688,2026-06-08 20:00:00+00:00
1780952400000,1688.99,1713.33,1688.99,1703.47,1075.59425144,2026-06-08 21:00:00+00:00
1780956000000,1703.45,1703.45,1688.9,1702.54,1396.71225512,2026-06-08 22:00:00+00:00
1780959600000,1702.62,1713.33,1687.08,1689.91,1326.22391488,2026-06-08 23:00:00+00:00
1780963200000,1689.81,1695.94,1660.0,1662.99,1573.72128741,2026-06-09 00:00:00+00:00
1780966800000,1662.85,1673.5,1658.34,1668.45,2430.94678662,2026-06-09 01:00:00+00:00
1780970400000,1668.45,1671.67,1654.12,1666.75,3289.5749778,2026-06-09 02:00:00+00:00
1780974000000,1667.29,1670.29,1663.15,1668.84,413.62840253,2026-06-09 03:00:00+00:00
1780977600000,1668.7,1695.0,1664.0,1685.78,2077.99642629,2026-06-09 04:00:00+00:00
1780981200000,1685.28,1693.6,1680.35,1687.24,493.59624189,2026-06-09 05:00:00+00:00
1780984800000,1687.24,1694.21,1683.0,1684.76,317.02569741,2026-06-09 06:00:00+00:00
1780988400000,1684.8,1690.27,1674.75,1678.79,524.73518988,2026-06-09 07:00:00+00:00
1780992000000,1679.12,1679.75,1668.72,1674.46,319.46060948,2026-06-09 08:00:00+00:00
1780995600000,1674.45,1678.99,1664.53,1669.62,563.39108822,2026-06-09 09:00:00+00:00
1780999200000,1669.62,1675.18,1666.64,1673.97,321.21625389,2026-06-09 10:00:00+00:00
1781002800000,1673.52,1674.04,1665.45,1671.54,403.88857577,2026-06-09 11:00:00+00:00
1781006400000,1670.8,1682.72,1670.48,1675.78,479.48282653,2026-06-09 12:00:00+00:00
1781010000000,1676.32,1679.23,1662.41,1666.81,3287.78298977,2026-06-09 13:00:00+00:00
1781013600000,1665.92,1669.46,1633.12,1644.98,7374.22348743,2026-06-09 14:00:00+00:00
1781017200000,1645.02,1652.09,1633.13,1635.96,5709.65549308,2026-06-09 15:00:00+00:00
1781020800000,1635.37,1637.78,1613.08,1631.55,4610.9420213,2026-06-09 16:00:00+00:00
1781024400000,1630.99,1648.49,1630.98,1642.28,2668.22641782,2026-06-09 17:00:00+00:00
1781028000000,1641.73,1654.35,1639.02,1651.35,534.95424511,2026-06-09 18:00:00+00:00
1781031600000,1651.35,1657.16,1646.37,1656.18,599.34525602,2026-06-09 19:00:00+00:00
1781035200000,1656.16,1662.05,1654.23,1659.3,1333.66440317,2026-06-09 20:00:00+00:00
1781038800000,1659.3,1660.21,1646.37,1648.35,829.67163321,2026-06-09 21:00:00+00:00
1781042400000,1648.5,1653.79,1638.65,1638.99,1351.01195207,2026-06-09 22:00:00+00:00
1781046000000,1638.99,1641.52,1629.5,1638.31,389.63866367,2026-06-09 23:00:00+00:00
1781049600000,1638.31,1645.37,1629.0,1644.64,1649.61633332,2026-06-10 00:00:00+00:00
1781053200000,1644.74,1645.92,1632.7,1637.79,284.14488413,2026-06-10 01:00:00+00:00
1781056800000,1637.99,1642.28,1620.71,1623.1,1145.96936676,2026-06-10 02:00:00+00:00
1781060400000,1623.04,1635.13,1622.75,1629.41,275.61162536,2026-06-10 03:00:00+00:00
1781064000000,1629.41,1631.6,1621.35,1624.54,2659.79926258,2026-06-10 04:00:00+00:00
1781067600000,1624.54,1628.36,1615.26,1626.94,893.76702421,2026-06-10 05:00:00+00:00
1781071200000,1626.96,1632.78,1621.63,1630.94,657.95381645,2026-06-10 06:00:00+00:00
1781074800000,1630.95,1642.03,1629.98,1638.88,6239.11562443,2026-06-10 07:00:00+00:00
1781078400000,1638.73,1639.75,1616.65,1620.0,2580.01966192,2026-06-10 08:00:00+00:00
1781082000000,1620.09,1624.0,1604.53,1622.49,806.91280557,2026-06-10 09:00:00+00:00
1781085600000,1622.56,1628.29,1617.1,1627.07,231.98145615,2026-06-10 10:00:00+00:00
1781089200000,1627.12,1628.55,1611.81,1618.65,879.87445544,2026-06-10 11:00:00+00:00
1781092800000,1618.7,1644.0,1614.48,1634.24,1226.05931402,2026-06-10 12:00:00+00:00
1781096400000,1634.18,1666.74,1631.43,1650.17,3547.80473037,2026-06-10 13:00:00+00:00
1781100000000,1650.26,1653.85,1635.49,1645.37,765.16061717,2026-06-10 14:00:00+00:00
1781103600000,1645.68,1662.88,1634.87,1656.59,1445.25095381,2026-06-10 15:00:00+00:00
1781107200000,1656.66,1657.21,1631.0,1640.61,680.38273883,2026-06-10 16:00:00+00:00
1781110800000,1640.96,1645.87,1621.28,1630.91,3017.88366684,2026-06-10 17:00:00+00:00
1781114400000,1630.89,1634.81,1621.18,1629.0,655.46947585,2026-06-10 18:00:00+00:00
1781118000000,1629.07,1631.56,1621.16,1628.41,895.12120389,2026-06-10 19:00:00+00:00
1781121600000,1627.77,1634.3,1621.58,1628.98,771.7821704,2026-06-10 20:00:00+00:00
1781125200000,1628.75,1628.75,1602.91,1609.61,844.62480407,2026-06-10 21:00:00+00:00
1781128800000,1609.62,1620.46,1603.41,1615.38,3355.44380089,2026-06-10 22:00:00+00:00
1781132400000,1615.38,1623.2,1608.0,1620.37,1039.7617814,2026-06-10 23:00:00+00:00
1781136000000,1620.01,1632.47,1620.01,1627.09,305.55310229,2026-06-11 00:00:00+00:00
1781139600000,1627.09,1645.96,1627.08,1641.48,669.48129974,2026-06-11 01:00:00+00:00
1781143200000,1641.29,1643.16,1629.01,1638.94,355.33839851,2026-06-11 02:00:00+00:00
1781146800000,1638.79,1659.02,1634.05,1651.35,1107.81662938,2026-06-11 03:00:00+00:00
1781150400000,1651.76,1657.17,1648.14,1654.62,374.68885665,2026-06-11 04:00:00+00:00
1781154000000,1654.63,1654.63,1645.62,1645.93,171.44744089,2026-06-11 05:00:00+00:00
1781157600000,1645.93,1661.0,1644.3,1653.04,383.55848475,2026-06-11 06:00:00+00:00
1781161200000,1653.04,1656.25,1649.9,1652.68,366.72827866,2026-06-11 07:00:00+00:00
1781164800000,1652.68,1661.38,1652.68,1657.8,314.71031431,2026-06-11 08:00:00+00:00
1781168400000,1657.81,1659.94,1654.38,1657.31,483.58279196,2026-06-11 09:00:00+00:00
1781172000000,1657.06,1659.32,1652.2,1657.2,3027.97765791,2026-06-11 10:00:00+00:00
1781175600000,1657.1,1673.03,1655.08,1665.07,658.62378061,2026-06-11 11:00:00+00:00
1781179200000,1665.03,1665.3,1641.7,1650.21,1334.96672114,2026-06-11 12:00:00+00:00
1781182800000,1650.18,1657.46,1641.87,1651.14,2519.36977971,2026-06-11 13:00:00+00:00
1781186400000,1651.15,1653.38,1636.84,1641.71,906.53605367,2026-06-11 14:00:00+00:00
1781190000000,1641.46,1648.41,1634.11,1643.53,2402.50696207,2026-06-11 15:00:00+00:00
1781193600000,1643.53,1647.52,1637.12,1637.62,838.79094564,2026-06-11 16:00:00+00:00
1781197200000,1637.63,1691.84,1631.07,1686.34,4629.76451938,2026-06-11 17:00:00+00:00
1781200800000,1686.34,1689.73,1675.43,1682.13,761.41766425,2026-06-11 18:00:00+00:00
1781204400000,1682.15,1691.39,1674.11,1679.82,995.04798917,2026-06-11 19:00:00+00:00
1781208000000,1680.04,1681.44,1665.79,1670.62,649.85656277,2026-06-11 20:00:00+00:00
1781211600000,1670.62,1682.01,1670.62,1675.34,913.84402478,2026-06-11 21:00:00+00:00
1781215200000,1675.4,1681.32,1673.84,1674.6,473.41829059,2026-06-11 22:00:00+00:00
1781218800000,1674.58,1677.45,1668.51,1671.53,466.88891347,2026-06-11 23:00:00+00:00
1781222400000,1671.6,1680.62,1668.04,1670.96,2439.30743511,2026-06-12 00:00:00+00:00
1781226000000,1671.16,1671.16,1659.51,1664.98,274.04393638,2026-06-12 01:00:00+00:00
1781229600000,1664.99,1675.21,1664.98,1673.37,256.28462198,2026-06-12 02:00:00+00:00
1781233200000,1673.43,1674.2,1666.9,1670.59,195.03305903,2026-06-12 03:00:00+00:00
1781236800000,1670.59,1679.13,1667.15,1675.12,489.13677224,2026-06-12 04:00:00+00:00
1781240400000,1675.13,1675.29,1660.04,1661.96,419.80953078,2026-06-12 05:00:00+00:00
1781244000000,1661.99,1664.16,1650.35,1655.25,206.38275243,2026-06-12 06:00:00+00:00
1781247600000,1655.27,1662.67,1654.37,1660.25,447.83140615,2026-06-12 07:00:00+00:00
1781251200000,1659.92,1677.11,1659.92,1671.29,246.1611266,2026-06-12 08:00:00+00:00
1781254800000,1671.21,1683.14,1669.24,1678.36,289.67446651,2026-06-12 09:00:00+00:00
1781258400000,1678.26,1680.98,1670.02,1673.26,230.52714774,2026-06-12 10:00:00+00:00
1781262000000,1673.11,1676.21,1670.05,1672.08,142.66495806,2026-06-12 11:00:00+00:00
1781265600000,1672.08,1672.08,1661.38,1664.82,490.98169695,2026-06-12 12:00:00+00:00
1781269200000,1664.9,1667.42,1651.42,1655.3,985.70442153,2026-06-12 13:00:00+00:00
1781272800000,1655.69,1684.49,1654.83,1684.13,913.93232427,2026-06-12 14:00:00+00:00
1781276400000,1684.13,1689.66,1657.73,1658.9,1157.14326305,2026-06-12 15:00:00+00:00
1781280000000,1658.92,1674.49,1656.68,1671.46,1106.4888902,2026-06-12 16:00:00+00:00
1781283600000,1671.47,1676.83,1666.34,1667.71,760.9496758,2026-06-12 17:00:00+00:00
1781287200000,1667.71,1671.98,1662.64,1665.68,391.18068622,2026-06-12 18:00:00+00:00
1781290800000,1665.73,1670.93,1663.84,1665.34,346.82407037,2026-06-12 19:00:00+00:00
1781294400000,1665.11,1666.99,1661.11,1664.24,389.84640121,2026-06-12 20:00:00+00:00
1781298000000,1664.24,1667.17,1662.35,1663.64,579.78934572,2026-06-12 21:00:00+00:00
1781301600000,1663.63,1666.06,1660.01,1661.51,1627.32808873,2026-06-12 22:00:00+00:00
1781305200000,1661.52,1665.6,1658.59,1665.21,1831.17917559,2026-06-12 23:00:00+00:00
1781308800000,1665.32,1667.99,1664.68,1666.9,253.10403387,2026-06-13 00:00:00+00:00
1781312400000,1666.9,1674.76,1665.94,1672.65,468.38868661,2026-06-13 01:00:00+00:00
1781316000000,1672.99,1673.34,1664.75,1667.32,154.67558393,2026-06-13 02:00:00+00:00
1781319600000,1667.33,1668.42,1662.27,1664.16,952.31861348,2026-06-13 03:00:00+00:00
1781323200000,1664.35,1667.26,1662.68,1663.99,137.90227809,2026-06-13 04:00:00+00:00
1781326800000,1663.99,1664.56,1661.49,1663.99,128.83565245,2026-06-13 05:00:00+00:00
1781330400000,1663.99,1669.06,1663.15,1669.06,1963.9067352,2026-06-13 06:00:00+00:00
1781334000000,1668.98,1675.99,1667.49,1675.14,288.17011461,2026-06-13 07:00:00+00:00
1781337600000,1675.21,1678.91,1672.7,1673.71,334.38413037,2026-06-13 08:00:00+00:00
1781341200000,1673.7,1675.09,1672.21,1672.58,169.12846669,2026-06-13 09:00:00+00:00
1781344800000,1672.75,1674.98,1671.75,1672.99,271.05726971,2026-06-13 10:00:00+00:00
1781348400000,1672.99,1677.6,1672.63,1677.41,177.44580319,2026-06-13 11:00:00+00:00
1781352000000,1677.41,1682.16,1675.95,1679.33,294.56466181,2026-06-13 12:00:00+00:00
1781355600000,1679.53,1680.23,1676.08,1677.0,1053.77878146,2026-06-13 13:00:00+00:00
1781359200000,1676.99,1680.45,1676.68,1678.65,679.89963915,2026-06-13 14:00:00+00:00
1781362800000,1678.82,1684.94,1677.75,1681.43,279.10451128,2026-06-13 15:00:00+00:00
1781366400000,1681.43,1681.43,1670.47,1675.36,283.2887587,2026-06-13 16:00:00+00:00
1781370000000,1675.36,1677.19,1672.11,1673.27,2363.671251,2026-06-13 17:00:00+00:00
1781373600000,1673.27,1681.63,1673.06,1677.39,199.33638449,2026-06-13 18:00:00+00:00
1781377200000,1677.39,1679.12,1675.06,1678.01,156.11971858,2026-06-13 19:00:00+00:00
1781380800000,1678.01,1678.01,1674.55,1675.82,251.27673015,2026-06-13 20:00:00+00:00
1781384400000,1675.74,1696.32,1673.68,1685.52,3010.883242,2026-06-13 21:00:00+00:00
1781388000000,1685.53,1685.53,1681.19,1681.19,164.2384624,2026-06-13 22:00:00+00:00
1781391600000,1681.18,1683.57,1677.45,1680.48,477.04177573,2026-06-13 23:00:00+00:00
1781395200000,1680.35,1682.59,1678.03,1681.13,104.37169131,2026-06-14 00:00:00+00:00
1781398800000,1681.14,1688.99,1679.49,1683.27,292.97632847,2026-06-14 01:00:00+00:00
1781402400000,1683.27,1684.74,1680.64,1681.89,1858.77846329,2026-06-14 02:00:00+00:00
1781406000000,1681.89,1682.4,1679.2,1680.87,84.445597,2026-06-14 03:00:00+00:00
1781409600000,1680.98,1681.31,1675.66,1677.56,966.20129233,2026-06-14 04:00:00+00:00
1781413200000,1677.07,1678.21,1673.66,1677.54,189.51641528,2026-06-14 05:00:00+00:00
1781416800000,1677.46,1680.99,1674.69,1675.64,59.65699104,2026-06-14 06:00:00+00:00
1781420400000,1675.69,1676.25,1672.92,1675.02,107.66680857,2026-06-14 07:00:00+00:00
1781424000000,1675.03,1677.41,1673.55,1674.65,183.35409568,2026-06-14 08:00:00+00:00
1781427600000,1674.69,1677.63,1668.01,1677.63,157.11316153,2026-06-14 09:00:00+00:00
1781431200000,1677.62,1677.62,1672.07,1672.35,45.62176392,2026-06-14 10:00:00+00:00
1781434800000,1672.36,1675.76,1671.36,1672.94,52.74163345,2026-06-14 11:00:00+00:00
1781438400000,1672.94,1673.51,1664.96,1665.82,300.10074424,2026-06-14 12:00:00+00:00
1781442000000,1665.98,1667.9,1663.75,1665.32,130.38222497,2026-06-14 13:00:00+00:00
1781445600000,1665.38,1668.65,1653.69,1658.09,457.99056293,2026-06-14 14:00:00+00:00
1781449200000,1658.09,1663.35,1658.09,1661.97,162.01336431,2026-06-14 15:00:00+00:00
1781452800000,1661.9,1666.91,1658.34,1660.27,140.86242807,2026-06-14 16:00:00+00:00
1781456400000,1660.26,1665.4,1659.6,1661.11,323.08588125,2026-06-14 17:00:00+00:00
1781460000000,1661.22,1661.99,1657.83,1660.71,154.08043678,2026-06-14 18:00:00+00:00
1781463600000,1660.72,1666.4,1660.18,1664.27,297.9229228,2026-06-14 19:00:00+00:00
1781467200000,1664.28,1672.67,1661.6,1670.08,1228.01294144,2026-06-14 20:00:00+00:00
1781470800000,1670.01,1731.63,1669.29,1718.45,4450.92890586,2026-06-14 21:00:00+00:00
1781474400000,1719.65,1728.15,1710.51,1721.65,2329.20332935,2026-06-14 22:00:00+00:00
1781478000000,1721.77,1725.25,1716.26,1725.08,313.07030796,2026-06-14 23:00:00+00:00
1781481600000,1725.1,1730.98,1719.0,1719.9,832.42277655,2026-06-15 00:00:00+00:00
1781485200000,1720.08,1720.63,1708.57,1715.13,1083.87902392,2026-06-15 01:00:00+00:00
1781488800000,1715.14,1725.62,1713.5,1716.0,900.58969396,2026-06-15 02:00:00+00:00
1781492400000,1716.0,1722.97,1714.67,1719.61,867.65837333,2026-06-15 03:00:00+00:00
1781496000000,1719.97,1719.97,1715.46,1716.34,205.43359507,2026-06-15 04:00:00+00:00
1781499600000,1716.1,1721.41,1714.91,1719.55,360.04208333,2026-06-15 05:00:00+00:00
1781503200000,1719.55,1722.0,1717.39,1718.95,273.75579861,2026-06-15 06:00:00+00:00
1781506800000,1719.1,1722.47,1715.1,1715.51,1959.64914556,2026-06-15 07:00:00+00:00
1781510400000,1715.49,1720.39,1714.18,1719.36,1161.19440022,2026-06-15 08:00:00+00:00
1781514000000,1719.28,1725.39,1711.02,1717.62,288.43910418,2026-06-15 09:00:00+00:00
1781517600000,1717.53,1749.11,1717.42,1736.69,2416.71989338,2026-06-15 10:00:00+00:00
1781521200000,1736.63,1766.77,1733.21,1763.67,2269.52833206,2026-06-15 11:00:00+00:00
1781524800000,1763.76,1776.5,1759.6,1776.38,1188.0366454,2026-06-15 12:00:00+00:00
1781528400000,1776.47,1825.98,1773.67,1813.23,6613.14672146,2026-06-15 13:00:00+00:00
1781532000000,1813.12,1816.83,1803.45,1812.94,1339.63909706,2026-06-15 14:00:00+00:00
1781535600000,1813.19,1848.02,1812.39,1843.81,6366.32944699,2026-06-15 15:00:00+00:00
1781539200000,1844.0,1846.39,1836.91,1842.0,2832.73403183,2026-06-15 16:00:00+00:00
1781542800000,1841.92,1842.23,1823.25,1827.93,3165.54369957,2026-06-15 17:00:00+00:00
1781546400000,1828.41,1834.73,1825.47,1827.46,621.54335208,2026-06-15 18:00:00+00:00
1781550000000,1827.46,1833.82,1811.12,1820.56,3853.9856493,2026-06-15 19:00:00+00:00
1781553600000,1820.87,1825.28,1814.7,1815.34,694.5152178,2026-06-15 20:00:00+00:00
1781557200000,1815.77,1820.55,1808.75,1810.24,1299.05106568,2026-06-15 21:00:00+00:00
1781560800000,1810.62,1812.36,1785.0,1788.8,2558.84270179,2026-06-15 22:00:00+00:00
1781564400000,1788.47,1795.56,1782.09,1795.36,2927.28117958,2026-06-15 23:00:00+00:00
1781568000000,1795.37,1800.75,1787.35,1788.69,3701.23085805,2026-06-16 00:00:00+00:00
1781571600000,1788.69,1796.6,1788.19,1791.17,1034.91959554,2026-06-16 01:00:00+00:00
1781575200000,1791.18,1793.12,1767.03,1769.26,1871.58861624,2026-06-16 02:00:00+00:00
1781578800000,1769.14,1779.79,1763.89,1778.22,2651.09041452,2026-06-16 03:00:00+00:00
1781582400000,1778.19,1782.23,1757.74,1760.24,2308.77580391,2026-06-16 04:00:00+00:00
1781586000000,1759.65,1764.84,1759.65,1761.28,308.45806542,2026-06-16 05:00:00+00:00
1781589600000,1761.08,1772.85,1761.08,1770.4,542.23986384,2026-06-16 06:00:00+00:00
1781593200000,1770.41,1775.5,1768.0,1772.84,205.59108129,2026-06-16 07:00:00+00:00
1781596800000,1772.87,1806.32,1772.29,1800.54,1344.5215618,2026-06-16 08:00:00+00:00
1781600400000,1801.61,1804.75,1785.27,1788.51,366.03320693,2026-06-16 09:00:00+00:00
1781604000000,1788.51,1798.79,1787.84,1792.83,193.26552678,2026-06-16 10:00:00+00:00
1781607600000,1792.68,1798.45,1789.7,1797.88,982.58802242,2026-06-16 11:00:00+00:00
1781611200000,1798.38,1837.9,1795.33,1813.48,1276.93702634,2026-06-16 12:00:00+00:00
1781614800000,1813.3,1815.68,1790.69,1796.1,2025.71427671,2026-06-16 13:00:00+00:00
1781618400000,1796.27,1803.74,1762.78,1778.89,2363.29667048,2026-06-16 14:00:00+00:00
1781622000000,1779.09,1786.47,1773.36,1781.23,938.06879463,2026-06-16 15:00:00+00:00
1781625600000,1781.23,1783.55,1772.05,1776.03,804.47992786,2026-06-16 16:00:00+00:00
1781629200000,1776.57,1797.81,1776.23,1793.75,1298.78853063,2026-06-16 17:00:00+00:00
1781632800000,1793.92,1806.84,1791.25,1797.37,877.88704811,2026-06-16 18:00:00+00:00
1781636400000,1797.42,1800.14,1788.45,1792.69,3366.81616637,2026-06-16 19:00:00+00:00
1781640000000,1793.49,1796.91,1786.02,1796.43,10667.22980396,2026-06-16 20:00:00+00:00
1781643600000,1796.38,1798.48,1789.21,1794.84,538.71717494,2026-06-16 21:00:00+00:00
1781647200000,1794.84,1797.59,1789.13,1794.56,328.31061384,2026-06-16 22:00:00+00:00
1781650800000,1794.61,1797.13,1789.63,1791.29,99.39486321,2026-06-16 23:00:00+00:00
1781654400000,1792.17,1797.76,1790.45,1792.65,258.02169273,2026-06-17 00:00:00+00:00
1781658000000,1792.53,1797.38,1777.82,1795.95,1765.93340136,2026-06-17 01:00:00+00:00
1781661600000,1796.19,1808.8,1787.57,1793.98,434.31717131,2026-06-17 02:00:00+00:00
1781665200000,1793.97,1794.89,1786.61,1791.87,247.42138109,2026-06-17 03:00:00+00:00
1781668800000,1792.11,1799.95,1790.89,1792.83,142.65097505,2026-06-17 04:00:00+00:00
1781672400000,1792.8,1797.89,1788.0,1792.66,254.76683418,2026-06-17 05:00:00+00:00
1781676000000,1792.66,1795.51,1785.23,1788.71,124.69229646,2026-06-17 06:00:00+00:00
1781679600000,1788.8,1790.53,1777.71,1783.51,543.34303979,2026-06-17 07:00:00+00:00
1781683200000,1783.29,1784.75,1759.4,1763.77,644.95325356,2026-06-17 08:00:00+00:00
1781686800000,1763.63,1775.14,1763.63,1771.05,162.7654316,2026-06-17 09:00:00+00:00
1781690400000,1771.52,1774.38,1766.01,1766.92,190.43209113,2026-06-17 10:00:00+00:00
1781694000000,1766.96,1769.33,1758.07,1762.52,371.2972056,2026-06-17 11:00:00+00:00
1781697600000,1762.65,1763.75,1742.0,1757.99,1913.89987056,2026-06-17 12:00:00+00:00
1781701200000,1758.01,1769.86,1753.2,1760.5,3232.70885006,2026-06-17 13:00:00+00:00
1781704800000,1759.58,1764.02,1740.72,1753.96,1609.99683595,2026-06-17 14:00:00+00:00
1781708400000,1753.96,1775.46,1750.13,1772.04,399.20478589,2026-06-17 15:00:00+00:00
1781712000000,1771.94,1791.65,1768.98,1770.9,3241.11196119,2026-06-17 16:00:00+00:00
1781715600000,1770.78,1794.11,1766.91,1787.64,767.08519413,2026-06-17 17:00:00+00:00
1781719200000,1787.12,1787.74,1745.97,1768.81,1433.74612661,2026-06-17 18:00:00+00:00
1781722800000,1768.95,1773.86,1728.06,1733.4,2571.96484574,2026-06-17 19:00:00+00:00
1781726400000,1733.02,1746.19,1731.55,1745.9,1915.88906187,2026-06-17 20:00:00+00:00
1781730000000,1745.87,1746.34,1735.04,1737.39,440.49295614,2026-06-17 21:00:00+00:00
1781733600000,1737.92,1744.88,1724.8,1738.72,1082.77087152,2026-06-17 22:00:00+00:00
1781737200000,1738.9,1749.52,1738.71,1748.99,334.26129414,2026-06-17 23:00:00+00:00
1781740800000,1748.97,1757.37,1748.39,1751.6,319.10316279,2026-06-18 00:00:00+00:00
1781744400000,1751.43,1761.2,1751.25,1753.26,236.97442423,2026-06-18 01:00:00+00:00
1781748000000,1753.78,1757.24,1748.82,1754.33,257.568971,2026-06-18 02:00:00+00:00
1781751600000,1753.63,1754.03,1740.01,1742.0,414.91128463,2026-06-18 03:00:00+00:00
1781755200000,1742.38,1743.51,1727.93,1729.84,711.82938561,2026-06-18 04:00:00+00:00
1781758800000,1728.54,1730.92,1720.51,1729.08,392.34241503,2026-06-18 05:00:00+00:00
1781762400000,1729.12,1734.71,1723.95,1734.69,304.29095389,2026-06-18 06:00:00+00:00
1781766000000,1733.76,1751.5,1731.01,1748.0,255.83737622,2026-06-18 07:00:00+00:00
1781769600000,1747.95,1751.51,1744.47,1745.57,250.90035199,2026-06-18 08:00:00+00:00
1781773200000,1746.12,1750.17,1741.19,1744.74,78.1501757,2026-06-18 09:00:00+00:00
1781776800000,1744.78,1750.92,1738.2,1745.92,318.0234399,2026-06-18 10:00:00+00:00
1781780400000,1745.46,1748.01,1737.6,1741.53,176.66791135,2026-06-18 11:00:00+00:00
1781784000000,1741.51,1750.81,1740.44,1748.78,475.3072519,2026-06-18 12:00:00+00:00
1781787600000,1748.69,1750.08,1727.49,1733.49,633.03106057,2026-06-18 13:00:00+00:00
1781791200000,1734.62,1742.64,1727.46,1737.71,543.18422749,2026-06-18 14:00:00+00:00
1781794800000,1737.48,1737.51,1677.82,1680.15,5487.62802406,2026-06-18 15:00:00+00:00
1781798400000,1679.95,1690.2,1678.37,1684.4,2059.46598834,2026-06-18 16:00:00+00:00
1781802000000,1684.74,1684.88,1669.56,1677.4,1587.44490005,2026-06-18 17:00:00+00:00
1781805600000,1677.1,1687.15,1674.24,1683.38,1067.67193929,2026-06-18 18:00:00+00:00
1781809200000,1683.22,1705.0,1680.53,1702.94,598.52854158,2026-06-18 19:00:00+00:00
1781812800000,1703.38,1714.42,1703.38,1708.28,729.29933885,2026-06-18 20:00:00+00:00
1781816400000,1708.28,1709.83,1700.13,1706.4,387.28284707,2026-06-18 21:00:00+00:00
1781820000000,1706.4,1706.56,1698.01,1704.81,562.49705392,2026-06-18 22:00:00+00:00
1781823600000,1704.84,1710.56,1701.52,1709.09,115.20815638,2026-06-18 23:00:00+00:00
1781827200000,1709.03,1714.02,1706.86,1711.59,244.96428333,2026-06-19 00:00:00+00:00
1781830800000,1712.01,1717.71,1704.32,1711.6,477.98491856,2026-06-19 01:00:00+00:00
1781834400000,1711.69,1713.19,1699.25,1705.17,249.58096163,2026-06-19 02:00:00+00:00
1781838000000,1705.12,1705.99,1680.26,1695.82,1654.68328782,2026-06-19 03:00:00+00:00
1781841600000,1695.76,1701.18,1684.92,1687.5,232.53927232,2026-06-19 04:00:00+00:00
1781845200000,1687.93,1695.94,1687.89,1695.94,126.94699625,2026-06-19 05:00:00+00:00
1781848800000,1695.94,1701.7,1694.82,1699.37,225.19735332,2026-06-19 06:00:00+00:00
1781852400000,1698.67,1699.42,1688.52,1693.81,176.60863123,2026-06-19 07:00:00+00:00
1781856000000,1694.14,1697.27,1692.32,1695.84,83.44925313,2026-06-19 08:00:00+00:00
1781859600000,1696.04,1697.62,1686.91,1687.62,360.65388956,2026-06-19 09:00:00+00:00
1781863200000,1687.6,1692.95,1685.5,1691.26,154.86717241,2026-06-19 10:00:00+00:00
1781866800000,1691.27,1692.69,1687.26,1689.97,265.79850751,2026-06-19 11:00:00+00:00
1781870400000,1690.3,1694.14,1678.0,1693.6,534.37974502,2026-06-19 12:00:00+00:00
1781874000000,1693.7,1710.33,1685.86,1701.8,575.97750042,2026-06-19 13:00:00+00:00
1781877600000,1701.84,1707.89,1695.23,1705.46,225.31551391,2026-06-19 14:00:00+00:00
1781881200000,1705.43,1710.48,1696.78,1706.11,580.94974127,2026-06-19 15:00:00+00:00
1781884800000,1706.11,1709.97,1693.25,1694.8,1387.69028016,2026-06-19 16:00:00+00:00
1781888400000,1695.15,1704.51,1692.35,1703.53,359.87953619,2026-06-19 17:00:00+00:00
1781892000000,1703.2,1703.87,1697.16,1701.32,185.69147597,2026-06-19 18:00:00+00:00
1781895600000,1701.3,1702.83,1697.04,1699.73,323.61733921,2026-06-19 19:00:00+00:00
1781899200000,1699.63,1707.71,1697.29,1707.42,134.69718773,2026-06-19 20:00:00+00:00
1781902800000,1707.19,1707.19,1700.0,1700.45,352.98383264,2026-06-19 21:00:00+00:00
1781906400000,1700.45,1708.22,1699.12,1705.98,294.38382199,2026-06-19 22:00:00+00:00
1781910000000,1706.16,1713.28,1703.57,1709.67,817.23396755,2026-06-19 23:00:00+00:00
1781913600000,1709.46,1715.66,1706.84,1707.1,476.72164029,2026-06-20 00:00:00+00:00
1781917200000,1707.27,1711.69,1705.21,1707.77,118.11088837,2026-06-20 01:00:00+00:00
1781920800000,1708.27,1708.78,1702.42,1703.31,177.35880881,2026-06-20 02:00:00+00:00
1781924400000,1703.31,1707.59,1702.94,1706.52,88.68475508,2026-06-20 03:00:00+00:00
1781928000000,1706.46,1713.77,1704.85,1711.18,124.39326074,2026-06-20 04:00:00+00:00
1781931600000,1711.79,1730.87,1710.67,1724.51,2146.72936571,2026-06-20 05:00:00+00:00
1781935200000,1724.51,1728.28,1722.66,1726.21,395.35548963,2026-06-20 06:00:00+00:00
1781938800000,1725.96,1727.72,1721.67,1724.01,304.75861858,2026-06-20 07:00:00+00:00
1781942400000,1724.22,1725.14,1719.76,1721.14,148.68379333,2026-06-20 08:00:00+00:00
1781946000000,1721.44,1728.42,1721.44,1727.37,236.53983991,2026-06-20 09:00:00+00:00
1781949600000,1726.74,1727.8,1723.86,1726.19,113.89620835,2026-06-20 10:00:00+00:00
1781953200000,1726.19,1729.67,1724.64,1725.65,97.21180785,2026-06-20 11:00:00+00:00
1781956800000,1725.65,1728.65,1722.28,1725.33,133.90267597,2026-06-20 12:00:00+00:00
1781960400000,1725.35,1725.7,1711.01,1716.87,256.19337013,2026-06-20 13:00:00+00:00
1781964000000,1716.01,1745.12,1706.76,1731.89,841.94789254,2026-06-20 14:00:00+00:00
1781967600000,1731.89,1747.05,1727.85,1738.65,960.1582177,2026-06-20 15:00:00+00:00
1781971200000,1739.13,1739.13,1729.28,1732.0,350.62299903,2026-06-20 16:00:00+00:00
1781974800000,1732.0,1732.0,1719.07,1724.8,532.00483308,2026-06-20 17:00:00+00:00
1781978400000,1724.62,1729.4,1724.12,1724.75,107.83219022,2026-06-20 18:00:00+00:00
1781982000000,1724.54,1727.78,1723.41,1727.28,154.67116404,2026-06-20 19:00:00+00:00
1781985600000,1727.18,1729.19,1724.61,1728.69,107.26362293,2026-06-20 20:00:00+00:00
1781989200000,1728.94,1736.01,1728.3,1733.74,150.26319207,2026-06-20 21:00:00+00:00
1781992800000,1733.52,1743.86,1731.15,1741.62,281.80616173,2026-06-20 22:00:00+00:00
1781996400000,1741.62,1741.9,1738.79,1739.0,217.35067281,2026-06-20 23:00:00+00:00
1782000000000,1739.0,1739.05,1733.61,1735.32,460.58536499,2026-06-21 00:00:00+00:00
1782003600000,1735.49,1737.67,1732.4,1734.73,198.890287,2026-06-21 01:00:00+00:00
1782007200000,1734.73,1735.96,1733.71,1734.11,84.64655503,2026-06-21 02:00:00+00:00
1782010800000,1734.19,1738.83,1731.62,1736.26,78.9601069,2026-06-21 03:00:00+00:00
1782014400000,1735.88,1738.57,1730.0,1730.81,124.21799589,2026-06-21 04:00:00+00:00
1782018000000,1731.17,1733.92,1728.43,1731.05,680.83835882,2026-06-21 05:00:00+00:00
1782021600000,1731.05,1736.02,1730.35,1733.75,75.24956563,2026-06-21 06:00:00+00:00
1782025200000,1733.75,1733.75,1730.0,1730.13,101.44326261,2026-06-21 07:00:00+00:00
1782028800000,1730.14,1730.73,1721.73,1726.83,149.07025836,2026-06-21 08:00:00+00:00
1782032400000,1727.0,1732.24,1724.26,1730.7,182.02743033,2026-06-21 09:00:00+00:00
1782036000000,1730.69,1734.91,1728.79,1729.34,182.87508764,2026-06-21 10:00:00+00:00
1782039600000,1729.42,1732.7,1717.0,1722.5,182.0013712,2026-06-21 11:00:00+00:00
1782043200000,1722.99,1724.87,1715.21,1723.87,190.2867263,2026-06-21 12:00:00+00:00
1782046800000,1723.87,1725.53,1719.75,1722.92,274.53930952,2026-06-21 13:00:00+00:00
1782050400000,1723.05,1725.8,1719.65,1725.8,108.66029056,2026-06-21 14:00:00+00:00
1782054000000,1725.99,1730.0,1725.09,1729.01,529.63697935,2026-06-21 15:00:00+00:00
1782057600000,1729.0,1729.0,1719.95,1725.92,556.56203599,2026-06-21 16:00:00+00:00
1782061200000,1726.13,1729.03,1723.99,1725.28,511.22666217,2026-06-21 17:00:00+00:00
1782064800000,1725.24,1737.01,1719.54,1733.5,4765.4389579,2026-06-21 18:00:00+00:00
1782068400000,1733.5,1739.2,1731.64,1732.33,1512.11224367,2026-06-21 19:00:00+00:00
1782072000000,1732.44,1733.48,1715.12,1719.11,253.69965395,2026-06-21 20:00:00+00:00
1782075600000,1719.17,1722.18,1700.2,1716.25,1346.18419072,2026-06-21 21:00:00+00:00
1782079200000,1716.24,1718.59,1707.0,1715.54,600.70619305,2026-06-21 22:00:00+00:00
1782082800000,1714.9,1714.9,1702.9,1704.98,1563.79543343,2026-06-21 23:00:00+00:00
1782086400000,1704.99,1729.68,1704.99,1725.05,324.23509491,2026-06-22 00:00:00+00:00
1782090000000,1726.18,1760.12,1722.49,1743.38,1602.73339294,2026-06-22 01:00:00+00:00
1782093600000,1741.82,1743.43,1735.13,1735.13,473.3688247,2026-06-22 02:00:00+00:00
1782097200000,1735.14,1738.92,1725.13,1728.14,371.48597356,2026-06-22 03:00:00+00:00
1782100800000,1728.13,1733.8,1725.69,1733.24,357.64540956,2026-06-22 04:00:00+00:00
1782104400000,1733.11,1737.34,1731.98,1734.68,169.67734772,2026-06-22 05:00:00+00:00
1782108000000,1734.68,1737.52,1731.05,1733.31,509.76192975,2026-06-22 06:00:00+00:00
1782111600000,1733.01,1749.02,1733.0,1744.31,1137.80554809,2026-06-22 07:00:00+00:00
1782115200000,1744.93,1749.89,1741.5,1746.07,185.23512378,2026-06-22 08:00:00+00:00
1782118800000,1746.02,1748.43,1742.43,1744.07,181.59345713,2026-06-22 09:00:00+00:00
1782122400000,1743.86,1749.43,1743.2,1746.74,152.34334173,2026-06-22 10:00:00+00:00
1782126000000,1746.99,1772.86,1745.76,1766.06,1093.30950606,2026-06-22 11:00:00+00:00
1782129600000,1766.25,1769.24,1759.9,1762.07,2230.79859389,2026-06-22 12:00:00+00:00
1782133200000,1762.0,1777.82,1760.51,1774.81,1739.62701524,2026-06-22 13:00:00+00:00
1782136800000,1775.58,1776.15,1748.74,1752.79,1228.24214897,2026-06-22 14:00:00+00:00
1782140400000,1752.74,1755.82,1740.8,1742.91,623.7356898,2026-06-22 15:00:00+00:00
1782144000000,1743.16,1744.47,1732.06,1738.2,765.3342833,2026-06-22 16:00:00+00:00
1782147600000,1738.2,1741.0,1730.0,1739.19,740.22724143,2026-06-22 17:00:00+00:00
1782151200000,1739.18,1745.28,1728.11,1731.56,1091.64065308,2026-06-22 18:00:00+00:00
1782154800000,1731.76,1735.02,1727.93,1732.93,821.88211176,2026-06-22 19:00:00+00:00
1782158400000,1732.21,1737.53,1729.55,1732.49,481.36699693,2026-06-22 20:00:00+00:00
1782162000000,1732.49,1735.07,1725.51,1731.01,340.09908959,2026-06-22 21:00:00+00:00
1782165600000,1730.78,1733.9,1715.54,1722.15,1476.67169234,2026-06-22 22:00:00+00:00
1782169200000,1721.33,1728.23,1719.52,1726.64,332.1678262,2026-06-22 23:00:00+00:00
1782172800000,1726.12,1729.42,1718.7,1729.42,728.90894143,2026-06-23 00:00:00+00:00
1782176400000,1729.35,1734.46,1718.68,1729.4,336.55553002,2026-06-23 01:00:00+00:00
1782180000000,1728.86,1732.37,1724.3,1730.77,958.22249524,2026-06-23 02:00:00+00:00
1782183600000,1730.63,1730.75,1723.93,1727.88,86.02607652,2026-06-23 03:00:00+00:00
1782187200000,1727.88,1728.97,1716.45,1716.97,208.03014341,2026-06-23 04:00:00+00:00
1782190800000,1717.26,1719.54,1707.81,1711.69,2475.57228421,2026-06-23 05:00:00+00:00
1782194400000,1711.76,1711.76,1679.73,1690.16,1753.56794265,2026-06-23 06:00:00+00:00
1782198000000,1690.4,1694.56,1680.93,1681.08,471.55617375,2026-06-23 07:00:00+00:00
1782201600000,1680.94,1682.63,1633.1,1645.75,4390.84750884,2026-06-23 08:00:00+00:00
1782205200000,1646.18,1652.5,1646.18,1649.14,505.22782303,2026-06-23 09:00:00+00:00
1782208800000,1649.03,1656.41,1647.58,1650.73,673.41300091,2026-06-23 10:00:00+00:00
1782212400000,1650.74,1662.16,1650.69,1658.91,1306.48761733,2026-06-23 11:00:00+00:00
1782216000000,1658.93,1660.27,1651.83,1652.97,1421.93171213,2026-06-23 12:00:00+00:00
1782219600000,1652.71,1662.1,1643.33,1661.22,1592.97035019,2026-06-23 13:00:00+00:00
1782223200000,1660.84,1669.54,1656.57,1660.21,1604.6224094,2026-06-23 14:00:00+00:00
1782226800000,1660.29,1660.98,1649.35,1657.29,1223.26088292,2026-06-23 15:00:00+00:00
1782230400000,1657.33,1671.46,1655.89,1657.62,1252.43630235,2026-06-23 16:00:00+00:00
1782234000000,1657.27,1663.11,1653.0,1655.01,360.13266995,2026-06-23 17:00:00+00:00
1782237600000,1654.9,1658.58,1648.13,1653.16,1352.65199488,2026-06-23 18:00:00+00:00
1782241200000,1653.31,1661.46,1653.16,1660.64,721.34591624,2026-06-23 19:00:00+00:00
1782244800000,1660.45,1665.01,1659.6,1661.9,1056.08844985,2026-06-23 20:00:00+00:00
1782248400000,1661.98,1666.09,1661.72,1664.5,324.74253524,2026-06-23 21:00:00+00:00
1782252000000,1664.83,1670.95,1661.02,1662.67,1058.55097787,2026-06-23 22:00:00+00:00
1782255600000,1662.46,1667.05,1657.96,1665.12,553.39349669,2026-06-23 23:00:00+00:00
1782259200000,1665.12,1671.85,1665.11,1668.97,2241.96779979,2026-06-24 00:00:00+00:00
1782262800000,1669.23,1677.83,1664.14,1670.55,2458.14645168,2026-06-24 01:00:00+00:00
1782266400000,1670.68,1671.47,1661.81,1662.01,236.95109095,2026-06-24 02:00:00+00:00
1782270000000,1662.33,1667.34,1656.01,1664.36,164.69967742,2026-06-24 03:00:00+00:00
1782273600000,1664.74,1668.58,1656.44,1667.13,2645.87520596,2026-06-24 04:00:00+00:00
1782277200000,1667.03,1677.19,1665.62,1672.41,95.2548524,2026-06-24 05:00:00+00:00
1782280800000,1672.38,1674.59,1668.76,1672.84,90.88115824,2026-06-24 06:00:00+00:00
1782284400000,1672.84,1676.08,1668.78,1670.54,211.63464429,2026-06-24 07:00:00+00:00
1782288000000,1671.28,1673.12,1667.16,1671.18,246.14296192,2026-06-24 08:00:00+00:00
1782291600000,1671.19,1671.19,1662.99,1665.17,112.80774223,2026-06-24 09:00:00+00:00
1782295200000,1664.89,1665.84,1661.12,1661.67,183.02179558,2026-06-24 10:00:00+00:00
1782298800000,1661.51,1689.37,1654.0,1676.03,2405.47923378,2026-06-24 11:00:00+00:00
1782302400000,1677.38,1678.94,1668.52,1669.4,693.83118588,2026-06-24 12:00:00+00:00
1782306000000,1669.39,1670.02,1638.65,1642.9,6824.54890834,2026-06-24 13:00:00+00:00
1782309600000,1642.66,1654.32,1635.37,1644.77,2746.27813134,2026-06-24 14:00:00+00:00
1782313200000,1644.94,1648.7,1614.25,1616.59,3354.193075,2026-06-24 15:00:00+00:00
1782316800000,1615.9,1633.43,1583.06,1587.49,4363.63969319,2026-06-24 16:00:00+00:00
1782320400000,1587.77,1595.21,1551.12,1558.81,5227.2848326,2026-06-24 17:00:00+00:00
1782324000000,1559.03,1582.52,1555.28,1569.73,2654.95016298,2026-06-24 18:00:00+00:00
1782327600000,1570.0,1582.6,1564.91,1582.17,1794.65397863,2026-06-24 19:00:00+00:00
1782331200000,1581.89,1619.89,1576.59,1610.87,3398.01476226,2026-06-24 20:00:00+00:00
1782334800000,1611.35,1619.29,1603.57,1619.02,836.56543392,2026-06-24 21:00:00+00:00
1782338400000,1618.99,1626.94,1611.05,1612.69,823.94533213,2026-06-24 22:00:00+00:00
1782342000000,1612.59,1620.35,1611.18,1619.85,163.59369731,2026-06-24 23:00:00+00:00
1782345600000,1619.86,1623.77,1614.23,1616.46,382.5820433,2026-06-25 00:00:00+00:00
1782349200000,1616.73,1621.41,1612.33,1618.3,473.8370929,2026-06-25 01:00:00+00:00
1782352800000,1618.27,1618.33,1612.4,1618.0,278.66364316,2026-06-25 02:00:00+00:00
1782356400000,1618.47,1621.29,1613.81,1616.86,288.40776271,2026-06-25 03:00:00+00:00
1782360000000,1617.07,1633.32,1614.68,1632.37,448.31684174,2026-06-25 04:00:00+00:00
1782363600000,1632.33,1648.96,1631.11,1642.93,1279.67841605,2026-06-25 05:00:00+00:00
1782367200000,1642.93,1657.06,1641.84,1651.35,342.48377093,2026-06-25 06:00:00+00:00
1782370800000,1651.35,1657.04,1648.89,1654.33,368.69143975,2026-06-25 07:00:00+00:00
1782374400000,1654.86,1656.01,1648.69,1649.51,246.71578969,2026-06-25 08:00:00+00:00
1782378000000,1650.57,1652.72,1644.29,1646.54,121.62621026,2026-06-25 09:00:00+00:00
1782381600000,1646.42,1647.31,1631.72,1634.28,328.75391865,2026-06-25 10:00:00+00:00
1782385200000,1634.27,1635.72,1626.04,1630.8,592.37448551,2026-06-25 11:00:00+00:00
1782388800000,1631.07,1647.25,1622.79,1633.18,1194.05713913,2026-06-25 12:00:00+00:00
1782392400000,1633.07,1637.77,1530.0,1536.0,7840.61622852,2026-06-25 13:00:00+00:00
1782396000000,1536.15,1589.23,1536.08,1566.04,3987.40572786,2026-06-25 14:00:00+00:00
1782399600000,1565.98,1570.46,1542.65,1567.68,2764.80848457,2026-06-25 15:00:00+00:00
1782403200000,1567.97,1585.15,1555.68,1559.71,2625.66451739,2026-06-25 16:00:00+00:00
1782406800000,1559.72,1572.57,1555.59,1572.57,779.73761783,2026-06-25 17:00:00+00:00
1782410400000,1572.72,1574.76,1558.4,1564.86,649.48633473,2026-06-25 18:00:00+00:00
1782414000000,1564.88,1565.56,1552.64,1556.69,956.0406956,2026-06-25 19:00:00+00:00
1782417600000,1557.75,1567.82,1554.45,1557.61,1295.71551891,2026-06-25 20:00:00+00:00
1782421200000,1557.79,1580.28,1557.74,1578.17,865.0275723,2026-06-25 21:00:00+00:00
1782424800000,1578.09,1580.99,1564.37,1568.03,696.63366471,2026-06-25 22:00:00+00:00
1782428400000,1567.77,1577.47,1562.61,1565.05,1097.06868042,2026-06-25 23:00:00+00:00
1782432000000,1565.17,1569.16,1561.8,1562.3,391.01207716,2026-06-26 00:00:00+00:00
1782435600000,1562.48,1566.45,1553.16,1557.27,377.79041995,2026-06-26 01:00:00+00:00
1782439200000,1558.31,1558.6,1518.3,1522.24,8049.36810602,2026-06-26 02:00:00+00:00
1782442800000,1522.26,1560.92,1510.0,1555.46,7266.59488331,2026-06-26 03:00:00+00:00
1782446400000,1555.68,1557.76,1545.58,1546.58,803.82563782,2026-06-26 04:00:00+00:00
1782450000000,1547.87,1556.64,1546.22,1553.53,688.02061187,2026-06-26 05:00:00+00:00
1782453600000,1553.61,1571.12,1541.71,1568.56,609.09338418,2026-06-26 06:00:00+00:00
1782457200000,1568.72,1583.46,1568.28,1579.31,857.43187195,2026-06-26 07:00:00+00:00
1782460800000,1578.47,1579.75,1561.37,1563.63,702.12559993,2026-06-26 08:00:00+00:00
1782464400000,1564.36,1564.36,1547.32,1550.48,1468.16927931,2026-06-26 09:00:00+00:00
1782468000000,1550.49,1553.18,1542.71,1546.2,452.94279828,2026-06-26 10:00:00+00:00
1782471600000,1546.06,1552.72,1538.81,1542.89,881.48749596,2026-06-26 11:00:00+00:00
1782475200000,1542.94,1557.5,1526.0,1534.28,1068.32152155,2026-06-26 12:00:00+00:00
1782478800000,1534.38,1568.42,1520.0,1566.33,2280.99588644,2026-06-26 13:00:00+00:00
1782482400000,1567.0,1573.09,1551.24,1557.82,2168.41646264,2026-06-26 14:00:00+00:00
1782486000000,1557.78,1585.02,1557.65,1578.3,2352.07247174,2026-06-26 15:00:00+00:00
1782489600000,1578.03,1591.7,1570.22,1575.72,3015.14183324,2026-06-26 16:00:00+00:00
1782493200000,1575.4,1586.73,1574.28,1580.38,303.05741104,2026-06-26 17:00:00+00:00
1782496800000,1579.62,1582.53,1568.88,1570.99,1022.55589902,2026-06-26 18:00:00+00:00
1782500400000,1571.0,1581.0,1568.06,1572.71,2001.14840766,2026-06-26 19:00:00+00:00
1782504000000,1572.71,1580.5,1565.86,1568.41,1021.21171808,2026-06-26 20:00:00+00:00
1782507600000,1568.34,1576.26,1566.06,1573.19,283.1767258,2026-06-26 21:00:00+00:00
1782511200000,1572.99,1576.76,1567.33,1575.29,688.47598803,2026-06-26 22:00:00+00:00
1782514800000,1575.62,1578.23,1572.21,1576.45,294.66231336,2026-06-26 23:00:00+00:00
1782518400000,1576.47,1579.39,1569.36,1574.67,580.62697624,2026-06-27 00:00:00+00:00
1782522000000,1574.67,1575.17,1571.7,1573.61,403.85300216,2026-06-27 01:00:00+00:00
1782525600000,1573.56,1584.4,1572.49,1581.21,871.34904335,2026-06-27 02:00:00+00:00
1782529200000,1581.22,1581.95,1576.11,1578.25,990.99978754,2026-06-27 03:00:00+00:00
1782532800000,1578.26,1582.95,1576.48,1576.69,117.97846913,2026-06-27 04:00:00+00:00
1782536400000,1577.04,1578.72,1574.95,1576.56,127.79329627,2026-06-27 05:00:00+00:00
1782540000000,1576.56,1581.96,1573.02,1580.18,88.60704938,2026-06-27 06:00:00+00:00
1782543600000,1580.38,1584.19,1578.47,1583.25,63.1419438,2026-06-27 07:00:00+00:00
1782547200000,1583.36,1583.73,1579.55,1581.88,61.75771418,2026-06-27 08:00:00+00:00
1782550800000,1581.71,1582.39,1577.2,1580.53,1225.21795348,2026-06-27 09:00:00+00:00
1782554400000,1580.25,1582.52,1579.71,1581.85,132.62040309,2026-06-27 10:00:00+00:00
1782558000000,1581.84,1582.4,1576.76,1581.5,130.21827207,2026-06-27 11:00:00+00:00
1782561600000,1581.51,1583.51,1578.86,1583.0,416.56955698,2026-06-27 12:00:00+00:00
1782565200000,1583.52,1590.17,1583.0,1590.17,683.61225841,2026-06-27 13:00:00+00:00
1782568800000,1590.15,1595.94,1587.02,1591.9,1280.94640307,2026-06-27 14:00:00+00:00
1782572400000,1592.18,1608.55,1591.84,1603.08,3505.71177109,2026-06-27 15:00:00+00:00
1782576000000,1603.1,1605.53,1599.43,1603.92,803.24240048,2026-06-27 16:00:00+00:00
1782579600000,1603.95,1604.3,1586.85,1588.89,1089.76214886,2026-06-27 17:00:00+00:00
1782583200000,1588.87,1592.27,1586.82,1591.14,322.37950156,2026-06-27 18:00:00+00:00
1782586800000,1591.55,1592.81,1571.01,1575.97,2526.13615566,2026-06-27 19:00:00+00:00
1782590400000,1575.98,1580.4,1575.9,1578.13,141.47025449,2026-06-27 20:00:00+00:00
1782594000000,1579.52,1582.65,1572.0,1572.68,1051.39562205,2026-06-27 21:00:00+00:00
1782597600000,1572.69,1577.2,1560.01,1576.88,379.63825525,2026-06-27 22:00:00+00:00
1782601200000,1576.58,1578.77,1568.99,1571.61,2483.33416064,2026-06-27 23:00:00+00:00
1782604800000,1571.67,1575.91,1570.72,1573.12,1089.80159444,2026-06-28 00:00:00+00:00
1782608400000,1572.52,1574.5,1567.92,1573.0,346.12508048,2026-06-28 01:00:00+00:00
1782612000000,1573.01,1578.1,1567.4,1569.92,840.9752391,2026-06-28 02:00:00+00:00
1782615600000,1569.93,1573.53,1569.93,1572.74,1210.02117953,2026-06-28 03:00:00+00:00
1782619200000,1572.84,1574.76,1568.66,1571.73,746.65693158,2026-06-28 04:00:00+00:00
1782622800000,1571.74,1571.74,1562.17,1566.9,741.81941317,2026-06-28 05:00:00+00:00
1782626400000,1566.88,1568.3,1560.4,1565.42,604.24884117,2026-06-28 06:00:00+00:00
1782630000000,1565.47,1574.76,1565.42,1573.47,367.03197674,2026-06-28 07:00:00+00:00
1782633600000,1573.68,1582.39,1571.4,1579.43,403.01323006,2026-06-28 08:00:00+00:00
1782637200000,1579.43,1583.22,1576.59,1577.18,1763.21226965,2026-06-28 09:00:00+00:00
1782640800000,1577.27,1579.18,1571.0,1575.19,121.95027202,2026-06-28 10:00:00+00:00
1782644400000,1575.2,1581.53,1573.83,1580.5,299.903374,2026-06-28 11:00:00+00:00
1782648000000,1580.67,1585.8,1576.08,1581.52,404.57022488,2026-06-28 12:00:00+00:00
1782651600000,1581.52,1581.52,1572.46,1577.39,388.88249869,2026-06-28 13:00:00+00:00
1782655200000,1577.39,1583.2,1575.89,1579.6,119.68645093,2026-06-28 14:00:00+00:00
1782658800000,1579.1,1582.93,1575.0,1578.44,505.42654605,2026-06-28 15:00:00+00:00
1782662400000,1578.69,1579.05,1564.79,1570.81,429.20351155,2026-06-28 16:00:00+00:00
1782666000000,1570.8,1575.04,1561.39,1569.97,651.99470971,2026-06-28 17:00:00+00:00
1782669600000,1569.91,1572.26,1566.86,1569.68,1008.80835555,2026-06-28 18:00:00+00:00
1782673200000,1569.38,1571.32,1555.0,1562.48,3473.57223047,2026-06-28 19:00:00+00:00
1782676800000,1562.34,1574.11,1562.19,1571.22,153.45353826,2026-06-28 20:00:00+00:00
1782680400000,1570.93,1571.41,1557.19,1560.83,408.05617655,2026-06-28 21:00:00+00:00
1782684000000,1561.44,1579.06,1546.26,1555.01,1276.21071626,2026-06-28 22:00:00+00:00
1782687600000,1555.0,1578.24,1553.69,1569.49,1667.94799107,2026-06-28 23:00:00+00:00
1782691200000,1569.72,1571.64,1550.57,1570.97,644.00611642,2026-06-29 00:00:00+00:00
1782694800000,1570.82,1571.62,1557.93,1568.01,161.01957888,2026-06-29 01:00:00+00:00
1782698400000,1566.36,1576.25,1549.0,1574.17,673.56439507,2026-06-29 02:00:00+00:00
1782702000000,1574.4,1585.9,1574.23,1581.81,1261.98122076,2026-06-29 03:00:00+00:00
1782705600000,1582.3,1582.38,1572.39,1572.96,184.82519737,2026-06-29 04:00:00+00:00
1782709200000,1572.98,1580.16,1560.05,1580.16,437.73323589,2026-06-29 05:00:00+00:00
1782712800000,1580.16,1586.06,1577.36,1580.48,262.13089243,2026-06-29 06:00:00+00:00
1782716400000,1580.64,1581.63,1575.36,1578.2,116.72248091,2026-06-29 07:00:00+00:00
1782720000000,1578.21,1579.73,1567.95,1570.89,272.32750771,2026-06-29 08:00:00+00:00
1782723600000,1570.74,1577.57,1569.36,1573.98,389.84621402,2026-06-29 09:00:00+00:00
1782727200000,1574.05,1584.42,1574.05,1576.42,229.98628477,2026-06-29 10:00:00+00:00
1782730800000,1576.34,1578.42,1568.37,1572.82,555.95289405,2026-06-29 11:00:00+00:00
1782734400000,1572.54,1595.0,1565.0,1573.65,2778.00493456,2026-06-29 12:00:00+00:00
1782738000000,1574.01,1585.83,1563.0,1569.82,735.70983362,2026-06-29 13:00:00+00:00
1782741600000,1571.21,1576.24,1554.71,1569.78,1575.82562658,2026-06-29 14:00:00+00:00
1782745200000,1569.92,1581.63,1559.33,1577.51,1474.17412849,2026-06-29 15:00:00+00:00
1782748800000,1577.59,1584.01,1571.42,1582.66,1524.73632075,2026-06-29 16:00:00+00:00
1782752400000,1582.66,1634.48,1582.66,1625.27,6527.66292868,2026-06-29 17:00:00+00:00
1782756000000,1625.88,1626.62,1616.04,1617.99,746.76006385,2026-06-29 18:00:00+00:00
1782759600000,1617.99,1625.12,1614.13,1623.12,1973.33158445,2026-06-29 19:00:00+00:00
1782763200000,1623.08,1624.03,1615.34,1615.45,456.34428892,2026-06-29 20:00:00+00:00
1782766800000,1615.41,1620.0,1610.18,1617.48,787.84920324,2026-06-29 21:00:00+00:00
1782770400000,1617.65,1619.56,1610.4,1610.65,782.30332342,2026-06-29 22:00:00+00:00
1782774000000,1610.96,1611.5,1605.45,1610.44,1211.05873087,2026-06-29 23:00:00+00:00
1782777600000,1610.83,1611.82,1590.43,1591.96,620.06109807,2026-06-30 00:00:00+00:00
1782781200000,1592.22,1597.6,1587.24,1591.74,1239.12906844,2026-06-30 01:00:00+00:00
1782784800000,1591.74,1591.84,1584.42,1588.54,370.88927152,2026-06-30 02:00:00+00:00
1782788400000,1588.55,1593.63,1584.42,1585.11,1094.67235392,2026-06-30 03:00:00+00:00
1782792000000,1585.01,1588.38,1577.15,1585.54,278.35459458,2026-06-30 04:00:00+00:00
1782795600000,1585.56,1589.59,1582.8,1589.42,237.33399452,2026-06-30 05:00:00+00:00
1782799200000,1589.38,1592.1,1585.84,1591.2,678.82090513,2026-06-30 06:00:00+00:00
1782802800000,1591.43,1593.07,1587.97,1589.72,92.64373941,2026-06-30 07:00:00+00:00
1782806400000,1590.12,1591.99,1577.39,1581.61,729.02932733,2026-06-30 08:00:00+00:00
1782810000000,1581.55,1584.46,1579.1,1583.18,233.28971297,2026-06-30 09:00:00+00:00
1782813600000,1583.04,1584.5,1580.02,1582.92,193.4906813,2026-06-30 10:00:00+00:00
1782817200000,1582.2,1583.45,1573.56,1575.52,295.516073,2026-06-30 11:00:00+00:00
1782820800000,1576.09,1576.09,1549.97,1550.45,1751.95790501,2026-06-30 12:00:00+00:00
1782824400000,1550.42,1565.08,1548.31,1564.53,7525.11090997,2026-06-30 13:00:00+00:00
1782828000000,1563.87,1575.1,1558.0,1560.97,2210.11530713,2026-06-30 14:00:00+00:00
1782831600000,1560.76,1573.73,1554.94,1562.19,1741.2310118,2026-06-30 15:00:00+00:00
1782835200000,1562.77,1572.35,1559.77,1569.84,545.6910827,2026-06-30 16:00:00+00:00
1782838800000,1569.96,1574.16,1566.26,1568.88,902.32653254,2026-06-30 17:00:00+00:00
1782842400000,1568.51,1579.13,1567.17,1576.91,1480.90301865,2026-06-30 18:00:00+00:00
1782846000000,1576.26,1579.78,1573.23,1577.27,662.78762444,2026-06-30 19:00:00+00:00
1782849600000,1577.94,1580.68,1571.33,1573.91,420.02547272,2026-06-30 20:00:00+00:00
1782853200000,1573.6,1574.8,1567.53,1569.24,1713.25356851,2026-06-30 21:00:00+00:00
1782856800000,1569.49,1572.69,1563.93,1565.29,521.39813368,2026-06-30 22:00:00+00:00
1782860400000,1565.14,1570.0,1563.85,1569.91,250.91266118,2026-06-30 23:00:00+00:00
1782864000000,1569.79,1574.26,1563.74,1572.25,2783.50069,2026-07-01 00:00:00+00:00
1782867600000,1572.6,1583.74,1551.13,1575.4,5559.44961192,2026-07-01 01:00:00+00:00
1782871200000,1575.48,1586.96,1572.13,1583.94,3690.16962644,2026-07-01 02:00:00+00:00
1782874800000,1583.93,1596.21,1580.08,1592.15,697.8942398,2026-07-01 03:00:00+00:00
1782878400000,1592.35,1600.99,1588.52,1596.94,2695.1189357,2026-07-01 04:00:00+00:00
1782882000000,1597.05,1598.21,1588.87,1590.34,1877.08040581,2026-07-01 05:00:00+00:00
1782885600000,1590.52,1590.7,1568.98,1573.68,433.08017392,2026-07-01 06:00:00+00:00
1782889200000,1574.0,1578.8,1570.48,1576.25,139.38810155,2026-07-01 07:00:00+00:00
1782892800000,1576.26,1579.9,1566.56,1579.4,1369.83028424,2026-07-01 08:00:00+00:00
1782896400000,1580.16,1582.7,1576.99,1579.4,849.28634064,2026-07-01 09:00:00+00:00
1782900000000,1579.33,1579.54,1570.28,1571.86,261.18227605,2026-07-01 10:00:00+00:00
1782903600000,1571.68,1573.63,1565.51,1568.18,167.16621048,2026-07-01 11:00:00+00:00
1782907200000,1568.09,1570.83,1563.76,1568.4,365.86572494,2026-07-01 12:00:00+00:00
1782910800000,1568.42,1595.9,1568.27,1594.62,1885.94643022,2026-07-01 13:00:00+00:00
1782914400000,1595.22,1615.0,1589.91,1599.21,1859.20239597,2026-07-01 14:00:00+00:00
1782918000000,1599.7,1628.83,1599.7,1618.94,2110.68289009,2026-07-01 15:00:00+00:00
1782921600000,1618.94,1626.1,1611.51,1613.19,1030.11066854,2026-07-01 16:00:00+00:00
1782925200000,1613.2,1623.41,1606.06,1621.34,388.87876491,2026-07-01 17:00:00+00:00
1782928800000,1621.34,1622.96,1611.42,1615.15,3363.97276877,2026-07-01 18:00:00+00:00
1782932400000,1615.04,1622.39,1613.07,1616.6,3670.39537202,2026-07-01 19:00:00+00:00
1782936000000,1616.3,1618.66,1608.69,1616.24,614.78908091,2026-07-01 20:00:00+00:00
1782939600000,1616.3,1636.32,1616.2,1630.82,4547.39303663,2026-07-01 21:00:00+00:00
1782943200000,1630.73,1643.71,1619.01,1620.89,4311.48689112,2026-07-01 22:00:00+00:00
1782946800000,1620.17,1620.17,1606.28,1607.9,602.10207471,2026-07-01 23:00:00+00:00
1782950400000,1607.64,1607.72,1595.71,1600.95,362.37549326,2026-07-02 00:00:00+00:00
1782954000000,1601.65,1625.2,1601.13,1618.16,6196.37916535,2026-07-02 01:00:00+00:00
1782957600000,1618.16,1622.73,1613.32,1619.57,118.49999641,2026-07-02 02:00:00+00:00
1782961200000,1619.32,1640.0,1616.45,1638.38,1382.56881578,2026-07-02 03:00:00+00:00
1782964800000,1637.65,1637.87,1629.22,1630.78,591.67498782,2026-07-02 04:00:00+00:00
1782968400000,1630.8,1633.01,1623.41,1624.78,181.08580387,2026-07-02 05:00:00+00:00
1782972000000,1624.79,1627.65,1615.75,1617.63,390.39076971,2026-07-02 06:00:00+00:00
1782975600000,1617.18,1618.09,1612.89,1613.85,392.37162096,2026-07-02 07:00:00+00:00
1782979200000,1614.22,1623.73,1613.16,1622.95,897.20951804,2026-07-02 08:00:00+00:00
1782982800000,1622.99,1649.0,1618.74,1641.46,1384.67105137,2026-07-02 09:00:00+00:00
1782986400000,1641.12,1647.38,1639.33,1644.09,357.63416747,2026-07-02 10:00:00+00:00
1782990000000,1644.36,1652.4,1642.65,1648.67,944.34591291,2026-07-02 11:00:00+00:00
1782993600000,1647.57,1666.54,1645.71,1660.89,2178.68168063,2026-07-02 12:00:00+00:00
1782997200000,1660.89,1711.41,1658.08,1708.04,6415.89642457,2026-07-02 13:00:00+00:00
1783000800000,1709.88,1723.01,1691.56,1699.44,3174.53528889,2026-07-02 14:00:00+00:00
1783004400000,1699.86,1701.69,1686.7,1695.19,698.63725934,2026-07-02 15:00:00+00:00
1783008000000,1695.3,1702.0,1685.01,1698.09,619.32834709,2026-07-02 16:00:00+00:00
1783011600000,1698.17,1703.51,1693.41,1694.38,1206.39422799,2026-07-02 17:00:00+00:00
1783015200000,1694.29,1705.27,1693.86,1700.73,602.153021,2026-07-02 18:00:00+00:00
1783018800000,1700.68,1704.01,1693.33,1698.71,849.718584,2026-07-02 19:00:00+00:00
1783022400000,1698.41,1704.98,1694.56,1703.95,1616.71865204,2026-07-02 20:00:00+00:00
1783026000000,1703.95,1704.51,1695.61,1698.37,354.43523853,2026-07-02 21:00:00+00:00
1783029600000,1698.37,1699.22,1692.91,1694.87,855.75843177,2026-07-02 22:00:00+00:00
1783033200000,1694.72,1699.09,1690.36,1698.69,629.62597786,2026-07-02 23:00:00+00:00
1783036800000,1699.07,1700.77,1692.83,1694.92,394.96841863,2026-07-03 00:00:00+00:00
1783040400000,1694.75,1718.91,1693.39,1710.02,6571.69905306,2026-07-03 01:00:00+00:00
1783044000000,1710.33,1712.45,1694.15,1703.0,585.74424789,2026-07-03 02:00:00+00:00
1783047600000,1702.59,1709.81,1697.61,1704.42,155.9300283,2026-07-03 03:00:00+00:00
1783051200000,1704.38,1706.33,1701.0,1701.67,210.42400488,2026-07-03 04:00:00+00:00
1783054800000,1701.56,1720.56,1701.0,1712.89,2749.86735128,2026-07-03 05:00:00+00:00
1783058400000,1712.89,1719.64,1711.16,1714.6,1397.3218637,2026-07-03 06:00:00+00:00
1783062000000,1714.6,1721.02,1712.05,1716.72,874.87887856,2026-07-03 07:00:00+00:00
1783065600000,1715.87,1732.29,1714.5,1717.93,1726.87506731,2026-07-03 08:00:00+00:00
1783069200000,1717.83,1728.68,1715.16,1724.9,590.51029772,2026-07-03 09:00:00+00:00
1783072800000,1724.65,1746.56,1724.64,1740.21,1144.11058715,2026-07-03 10:00:00+00:00
1783076400000,1740.08,1745.84,1736.1,1740.94,611.83804117,2026-07-03 11:00:00+00:00
1783080000000,1740.66,1742.93,1729.98,1734.14,921.14611526,2026-07-03 12:00:00+00:00
1783083600000,1734.54,1750.74,1734.04,1746.46,641.55453742,2026-07-03 13:00:00+00:00
1783087200000,1746.12,1746.12,1727.42,1735.17,911.45503534,2026-07-03 14:00:00+00:00
1783090800000,1735.17,1743.1,1728.34,1729.46,1470.78148089,2026-07-03 15:00:00+00:00
1783094400000,1729.53,1733.65,1726.47,1731.99,345.84660729,2026-07-03 16:00:00+00:00
1783098000000,1732.1,1739.8,1731.27,1736.43,362.10519468,2026-07-03 17:00:00+00:00
1783101600000,1736.57,1738.93,1734.78,1737.25,377.72804272,2026-07-03 18:00:00+00:00
1783105200000,1737.19,1750.62,1735.68,1744.23,857.85284752,2026-07-03 19:00:00+00:00
1783108800000,1744.23,1771.46,1742.12,1764.61,3378.59132698,2026-07-03 20:00:00+00:00
1783112400000,1764.45,1773.11,1753.9,1762.01,2165.42391496,2026-07-03 21:00:00+00:00
1783116000000,1762.01,1762.17,1754.37,1756.08,186.49149099,2026-07-03 22:00:00+00:00
1783119600000,1755.83,1760.0,1753.47,1757.04,203.01288088,2026-07-03 23:00:00+00:00
1783123200000,1756.3,1762.0,1754.42,1757.07,234.13739774,2026-07-04 00:00:00+00:00
1783126800000,1756.63,1756.63,1744.36,1746.67,250.52095728,2026-07-04 01:00:00+00:00
1783130400000,1746.2,1749.06,1742.93,1747.31,337.00325751,2026-07-04 02:00:00+00:00
1783134000000,1747.7,1754.57,1745.69,1752.28,147.06831374,2026-07-04 03:00:00+00:00
1783137600000,1752.28,1762.31,1750.53,1760.1,379.78086475,2026-07-04 04:00:00+00:00
1783141200000,1760.1,1760.24,1752.17,1754.29,213.08232354,2026-07-04 05:00:00+00:00
1783144800000,1754.3,1759.44,1750.17,1753.65,97.35899772,2026-07-04 06:00:00+00:00
1783148400000,1753.1,1757.65,1751.41,1756.76,249.3694387,2026-07-04 07:00:00+00:00
1783152000000,1756.66,1763.29,1755.9,1760.85,646.21134333,2026-07-04 08:00:00+00:00
1783155600000,1761.3,1761.36,1753.35,1756.69,222.03039764,2026-07-04 09:00:00+00:00
1783159200000,1756.7,1759.2,1755.62,1757.91,57.98071275,2026-07-04 10:00:00+00:00
1783162800000,1757.77,1758.64,1754.73,1756.6,337.72105394,2026-07-04 11:00:00+00:00
1783166400000,1756.54,1764.64,1756.39,1763.33,111.01069806,2026-07-04 12:00:00+00:00
1783170000000,1762.7,1776.44,1760.4,1762.63,544.71922572,2026-07-04 13:00:00+00:00
1783173600000,1762.5,1773.12,1762.49,1771.44,965.07554416,2026-07-04 14:00:00+00:00
1783177200000,1771.44,1796.41,1771.41,1789.59,3998.76977279,2026-07-04 15:00:00+00:00
1783180800000,1789.79,1789.93,1782.14,1785.57,793.14170661,2026-07-04 16:00:00+00:00
1783184400000,1785.44,1805.52,1777.69,1797.82,2629.37811968,2026-07-04 17:00:00+00:00
1783188000000,1797.89,1804.62,1790.66,1792.31,494.7799526,2026-07-04 18:00:00+00:00
1783191600000,1792.29,1795.83,1787.22,1791.33,489.72138695,2026-07-04 19:00:00+00:00
1783195200000,1791.2,1793.97,1782.3,1785.56,666.40391225,2026-07-04 20:00:00+00:00
1783198800000,1785.57,1792.9,1784.94,1787.86,324.9948226,2026-07-04 21:00:00+00:00
1783202400000,1787.87,1788.21,1780.85,1782.88,248.18304164,2026-07-04 22:00:00+00:00
1783206000000,1782.99,1783.73,1771.01,1778.72,1149.57435572,2026-07-04 23:00:00+00:00
1783209600000,1778.72,1779.07,1768.64,1770.5,393.49666933,2026-07-05 00:00:00+00:00
1783213200000,1770.49,1772.89,1759.92,1765.01,743.5765581,2026-07-05 01:00:00+00:00
1783216800000,1765.01,1766.09,1755.98,1759.14,401.08623629,2026-07-05 02:00:00+00:00
1783220400000,1759.17,1762.11,1756.56,1759.84,365.82341072,2026-07-05 03:00:00+00:00
1783224000000,1759.99,1770.56,1758.52,1766.0,384.82576485,2026-07-05 04:00:00+00:00
1783227600000,1766.01,1766.25,1759.2,1763.81,310.17450596,2026-07-05 05:00:00+00:00
1783231200000,1764.17,1766.04,1760.35,1763.04,136.38919315,2026-07-05 06:00:00+00:00
1783234800000,1763.04,1770.41,1760.34,1770.41,52.07415041,2026-07-05 07:00:00+00:00
1783238400000,1768.7,1771.06,1765.36,1766.79,48.32870006,2026-07-05 08:00:00+00:00
1783242000000,1766.25,1766.25,1747.15,1756.49,987.57376158,2026-07-05 09:00:00+00:00
1783245600000,1756.5,1760.0,1753.57,1759.99,49.66887577,2026-07-05 10:00:00+00:00
1783249200000,1760.0,1763.27,1757.62,1758.43,238.47906783,2026-07-05 11:00:00+00:00
1783252800000,1758.72,1767.94,1754.83,1763.74,770.22346132,2026-07-05 12:00:00+00:00
1783256400000,1763.75,1765.64,1760.18,1764.69,349.26237122,2026-07-05 13:00:00+00:00
1783260000000,1764.68,1771.58,1763.38,1770.75,312.6366556,2026-07-05 14:00:00+00:00
1783263600000,1771.01,1779.01,1769.08,1773.01,1123.40824485,2026-07-05 15:00:00+00:00
1783267200000,1773.18,1775.57,1768.65,1771.32,223.79569347,2026-07-05 16:00:00+00:00
1783270800000,1771.28,1784.19,1771.28,1778.4,5093.88397066,2026-07-05 17:00:00+00:00
1783274400000,1778.39,1784.35,1776.79,1779.92,601.41249899,2026-07-05 18:00:00+00:00
1783278000000,1779.83,1782.82,1776.5,1779.82,276.70548618,2026-07-05 19:00:00+00:00
1783281600000,1779.85,1781.64,1774.88,1775.72,315.52303454,2026-07-05 20:00:00+00:00
1783285200000,1775.72,1791.09,1768.32,1785.33,1286.9603337,2026-07-05 21:00:00+00:00
1783288800000,1785.5,1806.34,1783.13,1788.12,2278.79485469,2026-07-05 22:00:00+00:00
1783292400000,1788.25,1801.2,1781.42,1784.48,355.41933817,2026-07-05 23:00:00+00:00
1783296000000,1784.41,1792.34,1773.21,1792.34,811.51530246,2026-07-06 00:00:00+00:00
1783299600000,1791.44,1797.0,1783.71,1784.68,321.03664719,2026-07-06 01:00:00+00:00
1783303200000,1784.64,1788.57,1778.14,1782.81,159.92851712,2026-07-06 02:00:00+00:00
1783306800000,1782.15,1783.36,1771.0,1777.82,464.54694313,2026-07-06 03:00:00+00:00
1783310400000,1778.0,1782.57,1774.54,1776.25,148.47235449,2026-07-06 04:00:00+00:00
1783314000000,1776.16,1776.67,1763.74,1772.32,3054.05970366,2026-07-06 05:00:00+00:00
1783317600000,1772.5,1773.53,1767.49,1767.92,350.98064859,2026-07-06 06:00:00+00:00
1783321200000,1767.75,1773.53,1765.16,1770.67,239.26344117,2026-07-06 07:00:00+00:00
1783324800000,1770.66,1775.7,1761.52,1763.86,462.26441965,2026-07-06 08:00:00+00:00
1783328400000,1763.91,1764.08,1754.07,1756.93,600.55671928,2026-07-06 09:00:00+00:00
1783332000000,1756.89,1772.37,1756.34,1769.26,930.13537788,2026-07-06 10:00:00+00:00
1783335600000,1769.49,1774.08,1758.32,1758.47,274.34879047,2026-07-06 11:00:00+00:00
1783339200000,1757.99,1759.15,1734.36,1739.8,1706.7633203,2026-07-06 12:00:00+00:00
1783342800000,1739.19,1752.04,1727.93,1743.67,1932.94778988,2026-07-06 13:00:00+00:00
1783346400000,1743.39,1761.03,1740.88,1749.84,1112.42811067,2026-07-06 14:00:00+00:00
1783350000000,1750.33,1787.62,1750.28,1786.76,1123.38214585,2026-07-06 15:00:00+00:00
1783353600000,1787.09,1803.56,1781.39,1790.41,2025.11143114,2026-07-06 16:00:00+00:00
1783357200000,1791.48,1798.56,1785.33,1786.8,1387.18415638,2026-07-06 17:00:00+00:00
1783360800000,1786.92,1795.23,1785.54,1791.45,472.75695469,2026-07-06 18:00:00+00:00
1783364400000,1791.51,1797.68,1790.06,1791.59,845.60372316,2026-07-06 19:00:00+00:00
1783368000000,1791.2,1795.27,1786.25,1792.03,1069.56574002,2026-07-06 20:00:00+00:00
1783371600000,1792.03,1834.73,1791.71,1813.54,5008.27219001,2026-07-06 21:00:00+00:00
1783375200000,1814.0,1815.0,1803.58,1805.06,633.69588149,2026-07-06 22:00:00+00:00
1783378800000,1805.11,1808.8,1796.09,1798.55,654.03689196,2026-07-06 23:00:00+00:00
1783382400000,1798.49,1808.62,1794.09,1802.48,1161.00437761,2026-07-07 00:00:00+00:00
1783386000000,1802.47,1802.47,1786.98,1791.59,1992.81414555,2026-07-07 01:00:00+00:00
1783389600000,1791.59,1793.46,1775.41,1777.23,1577.48019441,2026-07-07 02:00:00+00:00
1783393200000,1777.13,1780.11,1768.1,1770.02,680.90406323,2026-07-07 03:00:00+00:00
1783396800000,1769.86,1772.6,1761.54,1765.1,795.00408942,2026-07-07 04:00:00+00:00
1783400400000,1765.15,1772.18,1756.4,1769.26,304.62421329,2026-07-07 05:00:00+00:00
1783404000000,1769.26,1780.82,1763.56,1777.76,311.63424416,2026-07-07 06:00:00+00:00
1783407600000,1777.75,1780.82,1769.66,1769.66,475.46223006,2026-07-07 07:00:00+00:00
1783411200000,1769.84,1774.12,1766.9,1769.32,126.1926178,2026-07-07 08:00:00+00:00
1783414800000,1768.6,1780.22,1767.37,1776.59,228.48696991,2026-07-07 09:00:00+00:00
1783418400000,1776.59,1782.78,1772.7,1774.17,673.90812684,2026-07-07 10:00:00+00:00
1783422000000,1773.17,1783.22,1770.25,1779.01,306.77576643,2026-07-07 11:00:00+00:00
1783425600000,1779.19,1792.23,1778.48,1780.34,522.0030503,2026-07-07 12:00:00+00:00
1783429200000,1780.4,1781.16,1764.25,1767.15,1114.84334109,2026-07-07 13:00:00+00:00
1783432800000,1766.85,1790.75,1759.42,1787.69,2051.53546549,2026-07-07 14:00:00+00:00
1783436400000,1787.63,1801.52,1781.13,1795.67,2331.1499078,2026-07-07 15:00:00+00:00
1783440000000,1795.77,1810.52,1791.48,1800.93,869.63658355,2026-07-07 16:00:00+00:00
1783443600000,1800.71,1808.99,1797.2,1808.99,476.86812857,2026-07-07 17:00:00+00:00
1783447200000,1809.07,1809.07,1784.73,1785.04,1240.96704776,2026-07-07 18:00:00+00:00
1783450800000,1785.22,1790.81,1772.76,1789.33,3046.24749905,2026-07-07 19:00:00+00:00
1783454400000,1789.14,1791.99,1780.13,1782.87,516.75853345,2026-07-07 20:00:00+00:00
1783458000000,1782.88,1787.37,1770.5,1772.58,636.06759803,2026-07-07 21:00:00+00:00
1783461600000,1772.43,1777.02,1764.62,1774.13,727.52678317,2026-07-07 22:00:00+00:00
1783465200000,1774.14,1779.44,1767.14,1769.69,409.6918668,2026-07-07 23:00:00+00:00
1783468800000,1769.7,1783.52,1768.97,1778.68,434.73943926,2026-07-08 00:00:00+00:00
1783472400000,1779.24,1779.63,1746.92,1754.84,2998.83868871,2026-07-08 01:00:00+00:00
1783476000000,1754.77,1758.26,1739.29,1756.23,2064.43129197,2026-07-08 02:00:00+00:00
1783479600000,1756.87,1762.13,1748.31,1749.73,160.63553287,2026-07-08 03:00:00+00:00
1783483200000,1750.34,1756.71,1748.5,1754.93,363.82485381,2026-07-08 04:00:00+00:00
1783486800000,1754.94,1757.81,1749.29,1752.61,143.4707171,2026-07-08 05:00:00+00:00
1783490400000,1752.61,1753.01,1744.97,1749.59,452.18500873,2026-07-08 06:00:00+00:00
1783494000000,1750.48,1755.96,1743.98,1755.96,1248.41381342,2026-07-08 07:00:00+00:00
1783497600000,1755.34,1756.97,1724.27,1733.7,2208.83587066,2026-07-08 08:00:00+00:00
1783501200000,1733.7,1738.99,1729.16,1734.23,345.04912628,2026-07-08 09:00:00+00:00
1783504800000,1734.91,1740.43,1731.2,1737.18,594.35446863,2026-07-08 10:00:00+00:00
1783508400000,1737.84,1748.97,1734.0,1746.4,1864.97507676,2026-07-08 11:00:00+00:00
1783512000000,1746.4,1749.98,1736.11,1737.06,1048.61156513,2026-07-08 12:00:00+00:00
1783515600000,1737.02,1743.01,1730.0,1736.18,1653.09799354,2026-07-08 13:00:00+00:00
1783519200000,1735.81,1738.89,1721.19,1727.83,2662.34811317,2026-07-08 14:00:00+00:00
1783522800000,1727.87,1729.16,1711.44,1721.32,2218.23413191,2026-07-08 15:00:00+00:00
1783526400000,1721.14,1736.28,1721.13,1734.41,1823.01830925,2026-07-08 16:00:00+00:00
1783530000000,1734.72,1745.01,1729.41,1731.45,1026.4536963,2026-07-08 17:00:00+00:00
1783533600000,1731.71,1739.47,1728.46,1735.73,775.240404,2026-07-08 18:00:00+00:00
1783537200000,1735.72,1740.1,1732.23,1739.82,456.58975692,2026-07-08 19:00:00+00:00
1783540800000,1739.67,1739.67,1733.38,1735.0,532.79680664,2026-07-08 20:00:00+00:00
1783544400000,1735.12,1738.32,1730.41,1736.94,920.50758313,2026-07-08 21:00:00+00:00
1783548000000,1736.95,1741.75,1735.27,1739.94,361.28261289,2026-07-08 22:00:00+00:00
1783551600000,1739.31,1743.04,1737.41,1742.03,184.87960505,2026-07-08 23:00:00+00:00
1783555200000,1742.0,1742.87,1735.74,1736.77,242.45316759,2026-07-09 00:00:00+00:00
1783558800000,1736.93,1754.0,1728.96,1730.47,1990.24429586,2026-07-09 01:00:00+00:00
1783562400000,1730.47,1737.05,1722.36,1725.62,359.30093939,2026-07-09 02:00:00+00:00
1783566000000,1725.72,1732.68,1720.74,1728.75,1884.20231289,2026-07-09 03:00:00+00:00
1783569600000,1729.04,1741.75,1729.03,1741.19,284.63720538,2026-07-09 04:00:00+00:00
1783573200000,1740.96,1748.02,1736.18,1747.9,580.41560911,2026-07-09 05:00:00+00:00
1783576800000,1747.82,1754.39,1744.59,1753.86,384.97620715,2026-07-09 06:00:00+00:00
1783580400000,1753.73,1760.53,1749.27,1751.7,275.00133874,2026-07-09 07:00:00+00:00
1783584000000,1751.76,1757.1,1749.56,1752.97,231.89668084,2026-07-09 08:00:00+00:00
1783587600000,1752.85,1754.73,1747.89,1753.9,79.17778476,2026-07-09 09:00:00+00:00
1783591200000,1754.19,1755.14,1742.73,1744.69,474.04304184,2026-07-09 10:00:00+00:00
1783594800000,1744.81,1746.99,1739.72,1742.45,284.7420358,2026-07-09 11:00:00+00:00
1783598400000,1742.55,1745.3,1733.56,1740.5,1585.95879015,2026-07-09 12:00:00+00:00
1783602000000,1740.39,1750.01,1735.08,1746.4,917.02283316,2026-07-09 13:00:00+00:00
1783605600000,1745.38,1747.78,1731.42,1741.67,694.47888435,2026-07-09 14:00:00+00:00
1783609200000,1741.56,1746.9,1736.15,1737.95,784.80594125,2026-07-09 15:00:00+00:00
1783612800000,1737.94,1742.05,1730.74,1737.7,605.77139946,2026-07-09 16:00:00+00:00
1783616400000,1737.61,1750.83,1737.22,1747.13,386.1892339,2026-07-09 17:00:00+00:00
1783620000000,1747.18,1758.0,1746.32,1750.46,630.08039652,2026-07-09 18:00:00+00:00
1783623600000,1750.1,1751.21,1745.9,1747.09,241.72104119,2026-07-09 19:00:00+00:00
1783627200000,1747.15,1749.1,1744.32,1747.55,422.00330311,2026-07-09 20:00:00+00:00
1783630800000,1747.59,1749.36,1744.06,1746.95,447.42207306,2026-07-09 21:00:00+00:00
1783634400000,1746.94,1749.58,1745.03,1746.17,494.97666504,2026-07-09 22:00:00+00:00
1783638000000,1745.71,1747.54,1740.67,1743.93,290.36422635,2026-07-09 23:00:00+00:00
1783641600000,1743.94,1744.91,1735.0,1741.32,1032.735542,2026-07-10 00:00:00+00:00
1783645200000,1741.31,1775.75,1736.94,1766.15,2283.45895551,2026-07-10 01:00:00+00:00
1783648800000,1766.16,1773.12,1763.34,1771.64,652.18985902,2026-07-10 02:00:00+00:00
1783652400000,1771.47,1778.37,1768.15,1774.56,432.94531254,2026-07-10 03:00:00+00:00
1783656000000,1774.56,1778.81,1771.18,1773.18,288.39262855,2026-07-10 04:00:00+00:00
1783659600000,1773.46,1778.04,1771.4,1777.46,182.71617506,2026-07-10 05:00:00+00:00
1783663200000,1777.62,1778.0,1767.29,1769.79,668.32989762,2026-07-10 06:00:00+00:00
1783666800000,1769.96,1776.25,1766.01,1772.14,687.05219086,2026-07-10 07:00:00+00:00
1783670400000,1772.2,1787.78,1771.7,1783.09,1009.73571787,2026-07-10 08:00:00+00:00
1783674000000,1783.08,1793.04,1779.95,1791.78,1072.48441001,2026-07-10 09:00:00+00:00
1783677600000,1791.82,1801.1,1788.31,1795.73,603.63282245,2026-07-10 10:00:00+00:00
1783681200000,1795.73,1801.1,1793.14,1799.89,653.54419679,2026-07-10 11:00:00+00:00
1783684800000,1799.9,1805.23,1791.87,1792.74,1864.35782882,2026-07-10 12:00:00+00:00
1783688400000,1792.74,1809.93,1792.53,1802.79,1678.44662491,2026-07-10 13:00:00+00:00
1783692000000,1802.59,1803.15,1771.84,1783.48,4238.19715647,2026-07-10 14:00:00+00:00
1783695600000,1783.48,1795.15,1782.64,1789.18,859.65596279,2026-07-10 15:00:00+00:00
1783699200000,1789.29,1797.58,1784.6,1796.43,520.85661625,2026-07-10 16:00:00+00:00
1783702800000,1796.52,1797.14,1786.74,1786.74,458.8296435,2026-07-10 17:00:00+00:00
1783706400000,1786.73,1791.33,1779.97,1783.76,641.21521376,2026-07-10 18:00:00+00:00
1783710000000,1783.64,1795.42,1782.72,1791.33,401.5347504,2026-07-10 19:00:00+00:00
1783713600000,1791.67,1792.94,1788.24,1788.84,1010.92633715,2026-07-10 20:00:00+00:00
1783717200000,1788.74,1795.52,1788.45,1793.02,408.17696145,2026-07-10 21:00:00+00:00
1783720800000,1793.03,1795.0,1791.72,1793.83,242.1136806,2026-07-10 22:00:00+00:00
1783724400000,1793.9,1796.77,1791.36,1795.54,395.08819769,2026-07-10 23:00:00+00:00
1783728000000,1795.63,1795.92,1788.4,1791.99,667.03949121,2026-07-11 00:00:00+00:00
1783731600000,1791.99,1797.26,1787.12,1788.19,529.36757257,2026-07-11 01:00:00+00:00
1783735200000,1787.89,1794.73,1785.77,1794.22,711.7508673,2026-07-11 02:00:00+00:00
1783738800000,1794.22,1796.8,1792.01,1795.68,765.47583178,2026-07-11 03:00:00+00:00
1783742400000,1795.46,1798.83,1794.28,1794.88,147.82370231,2026-07-11 04:00:00+00:00
1783746000000,1795.0,1801.77,1793.98,1798.25,2155.51625411,2026-07-11 05:00:00+00:00
1783749600000,1798.26,1801.23,1793.72,1798.28,881.99007341,2026-07-11 06:00:00+00:00
1783753200000,1797.85,1800.28,1796.97,1798.28,103.32200538,2026-07-11 07:00:00+00:00
1783756800000,1798.58,1801.9,1798.04,1800.17,1041.74419149,2026-07-11 08:00:00+00:00
1783760400000,1800.17,1801.22,1793.82,1793.92,174.71716682,2026-07-11 09:00:00+00:00
1783764000000,1793.97,1797.65,1793.97,1796.57,76.64941832,2026-07-11 10:00:00+00:00
1783767600000,1796.57,1799.09,1795.46,1798.78,75.84600192,2026-07-11 11:00:00+00:00
1783771200000,1798.78,1799.52,1796.88,1798.59,123.53247553,2026-07-11 12:00:00+00:00
1783774800000,1798.59,1806.47,1798.0,1801.26,422.68170056,2026-07-11 13:00:00+00:00
1783778400000,1801.27,1815.96,1801.21,1809.48,1225.45087759,2026-07-11 14:00:00+00:00
1783782000000,1809.79,1825.98,1807.48,1813.47,2690.73539637,2026-07-11 15:00:00+00:00
1783785600000,1813.48,1822.75,1809.65,1821.61,2418.77397765,2026-07-11 16:00:00+00:00
1783789200000,1821.93,1828.22,1817.39,1823.06,2502.24016918,2026-07-11 17:00:00+00:00
1783792800000,1823.05,1828.44,1822.6,1825.0,463.6077125,2026-07-11 18:00:00+00:00
1783796400000,1825.0,1825.85,1817.81,1822.86,261.08211636,2026-07-11 19:00:00+00:00
1783800000000,1822.87,1826.72,1822.74,1825.07,125.51940479,2026-07-11 20:00:00+00:00
1783803600000,1824.86,1827.78,1821.66,1823.07,487.27538096,2026-07-11 21:00:00+00:00
1783807200000,1823.02,1823.02,1807.69,1812.58,2871.97243111,2026-07-11 22:00:00+00:00
1783810800000,1812.58,1814.4,1785.53,1786.52,2525.51465623,2026-07-11 23:00:00+00:00
1783814400000,1786.67,1789.48,1778.61,1787.64,2182.07788258,2026-07-12 00:00:00+00:00
1783818000000,1787.65,1807.04,1787.61,1805.3,1089.55741042,2026-07-12 01:00:00+00:00
1783821600000,1805.31,1806.04,1801.89,1804.44,255.59493988,2026-07-12 02:00:00+00:00
1783825200000,1803.75,1812.51,1802.08,1810.13,258.6018087,2026-07-12 03:00:00+00:00
1783828800000,1810.39,1811.34,1803.35,1804.42,259.21823282,2026-07-12 04:00:00+00:00
1783832400000,1804.63,1805.82,1800.42,1802.54,137.87643894,2026-07-12 05:00:00+00:00
1783836000000,1801.95,1801.95,1787.85,1793.89,1106.39953187,2026-07-12 06:00:00+00:00
1783839600000,1793.9,1798.2,1792.97,1797.48,349.0855455,2026-07-12 07:00:00+00:00
1783843200000,1797.6,1807.87,1797.39,1804.33,553.06006016,2026-07-12 08:00:00+00:00
1783846800000,1803.91,1804.89,1795.62,1801.4,305.51715918,2026-07-12 09:00:00+00:00
1783850400000,1801.38,1801.39,1797.78,1798.21,126.66833761,2026-07-12 10:00:00+00:00
1783854000000,1798.23,1805.31,1795.59,1803.34,140.34346176,2026-07-12 11:00:00+00:00
1783857600000,1802.61,1807.52,1802.0,1805.95,297.32699597,2026-07-12 12:00:00+00:00
1783861200000,1805.96,1808.04,1804.07,1804.93,322.30714714,2026-07-12 13:00:00+00:00
1783864800000,1804.94,1821.02,1803.03,1818.35,662.02760815,2026-07-12 14:00:00+00:00
1783868400000,1818.35,1824.99,1815.8,1819.69,2061.74860073,2026-07-12 15:00:00+00:00
1783872000000,1819.8,1822.87,1817.0,1820.64,390.95711908,2026-07-12 16:00:00+00:00
1783875600000,1820.73,1821.09,1813.87,1817.22,1543.8691781,2026-07-12 17:00:00+00:00
1783879200000,1817.23,1820.98,1813.29,1820.3,954.96972429,2026-07-12 18:00:00+00:00
1783882800000,1820.33,1821.58,1817.71,1820.43,264.37121029,2026-07-12 19:00:00+00:00
1783886400000,1820.43,1822.45,1817.65,1819.74,110.55261198,2026-07-12 20:00:00+00:00
1783890000000,1819.98,1822.59,1810.29,1811.1,651.39342,2026-07-12 21:00:00+00:00
1783893600000,1811.32,1811.36,1795.5,1803.82,1560.30813207,2026-07-12 22:00:00+00:00
1783897200000,1803.78,1807.26,1800.2,1805.53,931.86153327,2026-07-12 23:00:00+00:00
1783900800000,1805.57,1845.0,1803.31,1825.59,5212.05898475,2026-07-13 00:00:00+00:00
1783904400000,1825.47,1828.49,1805.11,1805.87,2239.01584468,2026-07-13 01:00:00+00:00
1783908000000,1806.09,1813.74,1798.41,1805.8,3840.10486932,2026-07-13 02:00:00+00:00
1783911600000,1805.79,1805.79,1774.41,1779.22,5520.24855309,2026-07-13 03:00:00+00:00
1783915200000,1779.23,1783.7,1775.3,1778.1,348.04604575,2026-07-13 04:00:00+00:00
1783918800000,1777.65,1785.35,1773.28,1780.0,1705.57927623,2026-07-13 05:00:00+00:00
1783922400000,1780.3,1782.12,1774.41,1776.31,483.90671351,2026-07-13 06:00:00+00:00
1783926000000,1776.4,1789.62,1775.65,1786.08,564.35518538,2026-07-13 07:00:00+00:00
1783929600000,1786.43,1791.82,1782.55,1788.14,159.91990082,2026-07-13 08:00:00+00:00
1783933200000,1788.51,1788.51,1783.81,1784.0,619.51405247,2026-07-13 09:00:00+00:00
1783936800000,1784.0,1784.7,1776.21,1777.57,745.25922178,2026-07-13 10:00:00+00:00
1783940400000,1777.92,1783.14,1777.92,1779.12,215.26706877,2026-07-13 11:00:00+00:00
1783944000000,1779.19,1781.25,1766.6,1770.45,2191.9542213,2026-07-13 12:00:00+00:00
1783947600000,1770.46,1774.9,1762.34,1769.79,1912.07587092,2026-07-13 13:00:00+00:00
1783951200000,1769.75,1780.12,1761.55,1780.12,1906.50279157,2026-07-13 14:00:00+00:00
1783954800000,1779.91,1784.67,1773.96,1775.7,445.3931972,2026-07-13 15:00:00+00:00
1783958400000,1775.34,1779.2,1765.93,1770.41,1116.40632249,2026-07-13 16:00:00+00:00
1783962000000,1770.35,1775.09,1751.29,1751.92,1951.77148476,2026-07-13 17:00:00+00:00
1783965600000,1751.93,1765.13,1749.14,1762.65,1478.08397179,2026-07-13 18:00:00+00:00
1783969200000,1763.06,1773.06,1762.64,1773.06,502.36431243,2026-07-13 19:00:00+00:00
1783972800000,1772.12,1774.57,1760.41,1765.51,1261.83144764,2026-07-13 20:00:00+00:00
1783976400000,1765.5,1765.51,1751.28,1759.61,733.55982469,2026-07-13 21:00:00+00:00
1783980000000,1759.79,1766.28,1754.41,1755.89,1192.5538884,2026-07-13 22:00:00+00:00
1783983600000,1755.88,1775.32,1754.42,1774.65,1016.06238503,2026-07-13 23:00:00+00:00
1783987200000,1774.48,1786.55,1771.52,1783.62,1084.87863995,2026-07-14 00:00:00+00:00
1783990800000,1784.01,1792.18,1781.21,1782.75,574.57756427,2026-07-14 01:00:00+00:00
1783994400000,1782.75,1786.43,1772.99,1780.51,390.74964321,2026-07-14 02:00:00+00:00
1783998000000,1780.97,1781.91,1772.9,1781.56,274.30317416,2026-07-14 03:00:00+00:00
1784001600000,1781.5,1787.57,1780.44,1783.86,699.81765742,2026-07-14 04:00:00+00:00
1784005200000,1783.76,1790.67,1782.58,1784.33,264.91059979,2026-07-14 05:00:00+00:00
1784008800000,1784.91,1785.16,1779.57,1780.94,82.10343426,2026-07-14 06:00:00+00:00
1784012400000,1780.98,1783.66,1777.07,1778.67,170.92585045,2026-07-14 07:00:00+00:00
1784016000000,1778.67,1786.86,1776.92,1783.81,307.25993724,2026-07-14 08:00:00+00:00
1784019600000,1783.41,1787.03,1780.94,1784.09,113.929239,2026-07-14 09:00:00+00:00
1784023200000,1784.09,1802.92,1784.08,1796.95,1188.92849878,2026-07-14 10:00:00+00:00
1784026800000,1798.11,1800.72,1793.88,1796.03,1177.27900679,2026-07-14 11:00:00+00:00
1784030400000,1796.04,1865.0,1792.59,1859.17,6128.19115501,2026-07-14 12:00:00+00:00
1784034000000,1859.16,1880.71,1853.06,1869.17,3094.40488112,2026-07-14 13:00:00+00:00
1784037600000,1869.9,1881.63,1858.04,1879.44,3397.60778851,2026-07-14 14:00:00+00:00
1784041200000,1879.06,1886.28,1871.46,1873.13,2785.06221661,2026-07-14 15:00:00+00:00
1784044800000,1873.75,1875.61,1867.54,1872.34,962.64045043,2026-07-14 16:00:00+00:00
1784048400000,1872.47,1872.47,1860.7,1870.24,1895.87837748,2026-07-14 17:00:00+00:00
1784052000000,1870.32,1875.58,1867.32,1873.62,898.37707118,2026-07-14 18:00:00+00:00
1784055600000,1873.63,1880.02,1873.26,1875.71,896.04604488,2026-07-14 19:00:00+00:00
1784059200000,1876.42,1877.38,1872.55,1874.69,955.82185081,2026-07-14 20:00:00+00:00
1784062800000,1874.69,1878.37,1873.38,1875.21,827.66983672,2026-07-14 21:00:00+00:00
1784066400000,1875.22,1895.43,1871.05,1881.35,1445.43175762,2026-07-14 22:00:00+00:00
1784070000000,1881.0,1891.66,1877.35,1890.06,908.87598512,2026-07-14 23:00:00+00:00
1784073600000,1890.49,1891.85,1877.01,1880.77,868.17535957,2026-07-15 00:00:00+00:00
1784077200000,1880.68,1880.68,1866.08,1868.96,2524.92942046,2026-07-15 01:00:00+00:00
1784080800000,1869.0,1871.37,1863.29,1863.33,247.52277744,2026-07-15 02:00:00+00:00
1784084400000,1863.34,1877.33,1863.31,1875.36,212.32809302,2026-07-15 03:00:00+00:00
1784088000000,1874.74,1878.61,1872.2,1874.45,864.81350881,2026-07-15 04:00:00+00:00
1784091600000,1874.77,1881.39,1870.13,1881.16,160.06198421,2026-07-15 05:00:00+00:00
1784095200000,1881.2,1890.29,1874.12,1874.57,1240.33786457,2026-07-15 06:00:00+00:00
1784098800000,1874.5,1875.6,1863.58,1868.75,1255.32862455,2026-07-15 07:00:00+00:00
1784102400000,1868.76,1877.89,1868.76,1877.89,227.35444072,2026-07-15 08:00:00+00:00
1784106000000,1877.89,1884.68,1877.88,1878.26,182.9846455,2026-07-15 09:00:00+00:00
1784109600000,1878.26,1884.37,1873.95,1876.72,218.47399607,2026-07-15 10:00:00+00:00
1784113200000,1876.73,1883.94,1876.44,1883.51,373.21537991,2026-07-15 11:00:00+00:00
1784116800000,1883.51,1927.5,1877.75,1925.52,3614.03474476,2026-07-15 12:00:00+00:00
1784120400000,1925.64,1944.54,1915.5,1923.84,6334.85475947,2026-07-15 13:00:00+00:00
1784124000000,1923.97,1933.38,1917.97,1930.98,2245.87340237,2026-07-15 14:00:00+00:00
1784127600000,1931.29,1935.58,1924.01,1930.0,634.62172004,2026-07-15 15:00:00+00:00
1784131200000,1930.02,1930.91,1902.57,1917.72,2599.7981851,2026-07-15 16:00:00+00:00
1784134800000,1917.85,1929.47,1917.75,1926.11,1305.08587071,2026-07-15 17:00:00+00:00
1784138400000,1926.0,1935.0,1921.49,1922.61,2360.39707123,2026-07-15 18:00:00+00:00
1784142000000,1922.62,1927.39,1917.96,1922.72,1052.46122503,2026-07-15 19:00:00+00:00
1784145600000,1922.67,1928.92,1919.36,1922.54,296.70216907,2026-07-15 20:00:00+00:00
1784149200000,1922.44,1924.4,1918.94,1920.69,623.33317599,2026-07-15 21:00:00+00:00
1784152800000,1920.7,1926.41,1917.26,1922.13,1150.89208186,2026-07-15 22:00:00+00:00
1784156400000,1922.06,1925.94,1914.02,1916.61,1093.7002861,2026-07-15 23:00:00+00:00
1784160000000,1916.62,1923.34,1910.38,1913.79,953.62431287,2026-07-16 00:00:00+00:00
1784163600000,1913.84,1924.59,1907.0,1921.37,744.37822967,2026-07-16 01:00:00+00:00
1784167200000,1921.37,1924.39,1918.01,1923.72,650.33059399,2026-07-16 02:00:00+00:00
1784170800000,1923.48,1927.34,1915.66,1916.94,824.19498364,2026-07-16 03:00:00+00:00
1784174400000,1917.14,1919.26,1912.73,1916.51,377.74064491,2026-07-16 04:00:00+00:00
1784178000000,1916.98,1925.38,1915.96,1923.96,1258.33786767,2026-07-16 05:00:00+00:00
1784181600000,1923.97,1927.52,1914.89,1920.67,330.29429797,2026-07-16 06:00:00+00:00
1784185200000,1920.9,1920.9,1904.0,1908.94,770.1131794,2026-07-16 07:00:00+00:00
1784188800000,1908.97,1910.96,1874.33,1884.47,6072.39623497,2026-07-16 08:00:00+00:00
1784192400000,1884.64,1887.4,1879.93,1882.63,496.85813071,2026-07-16 09:00:00+00:00
1784196000000,1882.63,1889.99,1882.39,1887.02,621.78816091,2026-07-16 10:00:00+00:00
1784199600000,1886.92,1886.98,1877.66,1884.03,1577.6788909,2026-07-16 11:00:00+00:00
1784203200000,1884.03,1884.03,1866.13,1870.98,1941.44734461,2026-07-16 12:00:00+00:00
1784206800000,1870.95,1888.99,1869.5,1880.77,1761.53745492,2026-07-16 13:00:00+00:00
1784210400000,1880.82,1890.97,1873.57,1881.81,1882.39463097,2026-07-16 14:00:00+00:00
1784214000000,1881.69,1892.49,1869.22,1880.64,1833.83430382,2026-07-16 15:00:00+00:00
1784217600000,1880.65,1881.62,1873.69,1878.48,1081.95332905,2026-07-16 16:00:00+00:00
1784221200000,1877.74,1877.74,1861.97,1867.37,4123.50119773,2026-07-16 17:00:00+00:00
1784224800000,1867.41,1877.84,1867.36,1875.01,618.42042393,2026-07-16 18:00:00+00:00
1784228400000,1874.41,1876.37,1869.83,1874.37,1207.70331623,2026-07-16 19:00:00+00:00
1784232000000,1873.83,1873.87,1870.11,1871.05,608.10561526,2026-07-16 20:00:00+00:00
1784235600000,1870.48,1879.61,1870.23,1876.75,451.90129372,2026-07-16 21:00:00+00:00
1784239200000,1877.15,1879.87,1866.98,1867.33,365.82052741,2026-07-16 22:00:00+00:00
1784242800000,1867.36,1869.0,1856.5,1863.33,1503.98627487,2026-07-16 23:00:00+00:00
1784246400000,1863.19,1865.04,1847.3,1864.09,1480.31305453,2026-07-17 00:00:00+00:00
1784250000000,1864.0,1868.87,1846.46,1849.51,662.91099272,2026-07-17 01:00:00+00:00
1784253600000,1849.65,1853.38,1842.22,1846.63,838.70825418,2026-07-17 02:00:00+00:00
1784257200000,1846.53,1857.46,1845.75,1850.96,209.64875476,2026-07-17 03:00:00+00:00
1784260800000,1850.95,1850.99,1842.01,1848.62,345.80392113,2026-07-17 04:00:00+00:00
1784264400000,1848.31,1848.31,1820.27,1822.2,1516.60099792,2026-07-17 05:00:00+00:00
1784268000000,1822.33,1834.43,1819.88,1830.0,1619.42233251,2026-07-17 06:00:00+00:00
1784271600000,1830.77,1831.68,1825.04,1826.5,195.55867735,2026-07-17 07:00:00+00:00
1784275200000,1826.56,1830.37,1820.21,1828.45,167.2340439,2026-07-17 08:00:00+00:00
1784278800000,1828.3,1833.99,1827.56,1833.1,483.19521932,2026-07-17 09:00:00+00:00
1784282400000,1833.2,1838.36,1832.55,1835.59,186.53817515,2026-07-17 10:00:00+00:00
1784286000000,1835.59,1841.78,1832.11,1837.65,378.2277332,2026-07-17 11:00:00+00:00
1784289600000,1837.53,1838.48,1825.9,1826.7,1033.96810586,2026-07-17 12:00:00+00:00
1784293200000,1826.82,1827.3,1800.9,1822.56,6097.09324999,2026-07-17 13:00:00+00:00
1784296800000,1823.57,1831.82,1815.77,1820.46,2144.07407788,2026-07-17 14:00:00+00:00
1784300400000,1820.24,1829.37,1809.56,1829.35,2578.87065444,2026-07-17 15:00:00+00:00
1784304000000,1829.36,1839.01,1825.47,1834.89,1248.81077205,2026-07-17 16:00:00+00:00
1784307600000,1834.89,1854.12,1834.88,1842.43,2402.01182227,2026-07-17 17:00:00+00:00
1784311200000,1842.44,1848.26,1833.9,1846.12,525.21501019,2026-07-17 18:00:00+00:00
1784314800000,1845.61,1845.67,1835.29,1842.2,1801.37082419,2026-07-17 19:00:00+00:00
1784318400000,1841.7,1844.78,1836.45,1841.62,377.41622845,2026-07-17 20:00:00+00:00
1784322000000,1841.63,1845.0,1840.08,1840.09,298.87583872,2026-07-17 21:00:00+00:00
1784325600000,1840.5,1842.59,1836.43,1838.48,636.48675374,2026-07-17 22:00:00+00:00
1784329200000,1838.66,1843.06,1834.08,1840.56,350.09375076,2026-07-17 23:00:00+00:00
1784332800000,1840.56,1843.4,1838.89,1839.63,355.36333647,2026-07-18 00:00:00+00:00
1784336400000,1839.68,1842.08,1838.36,1841.13,104.24979507,2026-07-18 01:00:00+00:00
1784340000000,1841.28,1845.53,1840.12,1840.71,515.35613573,2026-07-18 02:00:00+00:00
1784343600000,1840.71,1844.92,1839.89,1844.43,404.80770298,2026-07-18 03:00:00+00:00
1784347200000,1844.65,1844.65,1841.08,1843.31,70.73548254,2026-07-18 04:00:00+00:00
1784350800000,1843.32,1847.65,1841.92,1844.56,268.16165354,2026-07-18 05:00:00+00:00
1784354400000,1844.59,1846.07,1841.63,1843.55,138.80653111,2026-07-18 06:00:00+00:00
1784358000000,1843.56,1844.66,1841.72,1842.75,48.55882627,2026-07-18 07:00:00+00:00
1784361600000,1842.82,1847.94,1841.27,1846.19,73.2697674,2026-07-18 08:00:00+00:00
1784365200000,1846.19,1846.71,1841.74,1843.97,76.84053568,2026-07-18 09:00:00+00:00
1784368800000,1843.97,1845.15,1843.02,1844.16,124.2957004,2026-07-18 10:00:00+00:00
1784372400000,1844.2,1845.31,1843.06,1844.34,62.40999323,2026-07-18 11:00:00+00:00
1784376000000,1844.34,1849.19,1839.35,1843.85,628.5689379,2026-07-18 12:00:00+00:00
1784379600000,1843.78,1843.78,1836.56,1840.15,934.03539913,2026-07-18 13:00:00+00:00
1784383200000,1840.24,1844.99,1840.0,1844.41,201.70530921,2026-07-18 14:00:00+00:00
1784386800000,1844.41,1844.66,1841.19,1842.61,226.78590689,2026-07-18 15:00:00+00:00
1784390400000,1842.61,1845.76,1840.21,1844.52,999.09333722,2026-07-18 16:00:00+00:00
1784394000000,1844.83,1852.27,1842.05,1851.5,822.63500866,2026-07-18 17:00:00+00:00
1784397600000,1851.51,1865.28,1848.02,1855.88,2323.63363735,2026-07-18 18:00:00+00:00
1784401200000,1856.13,1860.03,1854.87,1857.14,362.49749894,2026-07-18 19:00:00+00:00
1784404800000,1857.34,1862.02,1854.57,1856.45,764.46602573,2026-07-18 20:00:00+00:00
1784408400000,1855.9,1861.6,1854.11,1859.72,390.34285115,2026-07-18 21:00:00+00:00
1784412000000,1859.72,1864.4,1858.86,1862.52,183.69734613,2026-07-18 22:00:00+00:00
1784415600000,1862.37,1863.07,1858.85,1861.54,122.52293073,2026-07-18 23:00:00+00:00
1784419200000,1861.7,1862.16,1858.0,1859.53,466.93162656,2026-07-19 00:00:00+00:00
1784422800000,1860.14,1860.19,1857.0,1857.65,625.94867252,2026-07-19 01:00:00+00:00
1784426400000,1857.9,1875.82,1857.07,1870.54,837.48071018,2026-07-19 02:00:00+00:00
1784430000000,1870.15,1871.13,1862.68,1865.79,611.01602561,2026-07-19 03:00:00+00:00
1784433600000,1865.79,1869.03,1863.22,1865.91,424.39615172,2026-07-19 04:00:00+00:00
1784437200000,1866.0,1868.92,1864.55,1867.19,628.19315043,2026-07-19 05:00:00+00:00
1784440800000,1867.19,1869.47,1866.91,1867.98,48.60953491,2026-07-19 06:00:00+00:00
1784444400000,1867.99,1870.33,1865.92,1868.13,147.97987733,2026-07-19 07:00:00+00:00
1784448000000,1868.85,1873.86,1866.57,1871.9,64.37586118,2026-07-19 08:00:00+00:00
1784451600000,1872.65,1872.65,1864.24,1865.32,64.20136059,2026-07-19 09:00:00+00:00
1784455200000,1865.1,1878.09,1862.88,1870.99,193.03640114,2026-07-19 10:00:00+00:00
1784458800000,1871.03,1877.1,1869.04,1869.97,896.75130349,2026-07-19 11:00:00+00:00
1784462400000,1869.98,1872.66,1863.83,1869.03,661.15112538,2026-07-19 12:00:00+00:00
1784466000000,1869.04,1872.32,1864.69,1870.69,523.77315771,2026-07-19 13:00:00+00:00
1784469600000,1870.48,1877.21,1867.46,1873.4,415.10819858,2026-07-19 14:00:00+00:00
1784473200000,1873.22,1874.58,1867.69,1869.46,139.86127314,2026-07-19 15:00:00+00:00
1784476800000,1869.46,1872.22,1864.64,1865.34,322.08590049,2026-07-19 16:00:00+00:00
1784480400000,1865.18,1871.94,1855.62,1866.21,1151.68551113,2026-07-19 17:00:00+00:00
1784484000000,1866.07,1866.07,1842.61,1859.19,2813.32330407,2026-07-19 18:00:00+00:00
1784487600000,1859.75,1861.15,1853.53,1860.92,239.90535894,2026-07-19 19:00:00+00:00
1784491200000,1860.87,1865.62,1860.87,1865.62,1122.30401326,2026-07-19 20:00:00+00:00
1784494800000,1865.63,1866.45,1856.18,1860.63,174.98427566,2026-07-19 21:00:00+00:00
1784498400000,1860.55,1875.27,1856.57,1868.84,1513.47065824,2026-07-19 22:00:00+00:00
1784502000000,1869.24,1872.91,1863.91,1871.33,536.35889763,2026-07-19 23:00:00+00:00
1784505600000,1871.33,1890.0,1861.45,1870.9,1806.54857326,2026-07-20 00:00:00+00:00
1784509200000,1871.0,1887.88,1865.0,1868.53,272.17556352,2026-07-20 01:00:00+00:00
1784512800000,1868.11,1881.5,1866.73,1877.61,631.93870377,2026-07-20 02:00:00+00:00
1784516400000,1877.61,1880.37,1869.66,1877.88,622.19018776,2026-07-20 03:00:00+00:00
1784520000000,1877.9,1878.25,1867.29,1867.6,656.60783337,2026-07-20 04:00:00+00:00
1784523600000,1867.84,1868.52,1849.39,1853.79,2310.23265264,2026-07-20 05:00:00+00:00
1784527200000,1853.8,1858.3,1842.3,1847.04,1228.66295592,2026-07-20 06:00:00+00:00
1784530800000,1847.96,1863.17,1847.96,1861.51,982.53709245,2026-07-20 07:00:00+00:00
1784534400000,1862.13,1866.5,1852.94,1858.89,469.88337617,2026-07-20 08:00:00+00:00
1784538000000,1858.96,1865.51,1856.57,1862.67,213.77071817,2026-07-20 09:00:00+00:00
1784541600000,1862.5,1870.3,1860.9,1866.87,349.26711251,2026-07-20 10:00:00+00:00
1784545200000,1866.88,1893.97,1866.06,1891.19,2949.1136239,2026-07-20 11:00:00+00:00
1784548800000,1891.19,1891.9,1870.18,1871.17,1449.59181249,2026-07-20 12:00:00+00:00
1784552400000,1871.17,1878.12,1855.59,1860.37,1364.94183364,2026-07-20 13:00:00+00:00
1784556000000,1860.66,1869.44,1851.86,1865.72,1322.22950424,2026-07-20 14:00:00+00:00
1784559600000,1866.01,1903.04,1866.0,1901.13,2384.94147236,2026-07-20 15:00:00+00:00
1784563200000,1900.74,1904.59,1892.37,1897.19,1307.13233539,2026-07-20 16:00:00+00:00
1784566800000,1897.39,1907.89,1894.06,1906.19,632.96136527,2026-07-20 17:00:00+00:00
1784570400000,1906.14,1916.83,1896.45,1898.06,1750.25792256,2026-07-20 18:00:00+00:00
1784574000000,1898.06,1899.49,1888.61,1896.69,1584.99602665,2026-07-20 19:00:00+00:00
1784577600000,1897.7,1904.93,1894.72,1903.3,476.3500616,2026-07-20 20:00:00+00:00
1784581200000,1902.91,1906.0,1900.59,1900.81,576.36308013,2026-07-20 21:00:00+00:00
1784584800000,1900.9,1900.95,1893.31,1894.48,356.37864975,2026-07-20 22:00:00+00:00
1784588400000,1894.48,1903.79,1894.15,1903.56,276.15994488,2026-07-20 23:00:00+00:00
1784592000000,1903.36,1916.3,1899.64,1913.83,766.39549697,2026-07-21 00:00:00+00:00
1784595600000,1913.6,1916.53,1906.09,1906.16,502.13005426,2026-07-21 01:00:00+00:00
1784599200000,1906.28,1921.41,1903.95,1916.36,599.80747641,2026-07-21 02:00:00+00:00
1784602800000,1916.36,1926.51,1915.72,1925.83,430.07460318,2026-07-21 03:00:00+00:00
1784606400000,1925.58,1929.41,1921.35,1923.16,384.8936121,2026-07-21 04:00:00+00:00
1784610000000,1922.85,1933.61,1920.51,1929.23,532.79121711,2026-07-21 05:00:00+00:00
1784613600000,1928.9,1938.06,1927.01,1934.06,819.84602698,2026-07-21 06:00:00+00:00
1784617200000,1934.07,1938.02,1932.18,1933.2,658.51198316,2026-07-21 07:00:00+00:00
1784620800000,1933.21,1950.79,1930.42,1938.51,1392.07524614,2026-07-21 08:00:00+00:00
1784624400000,1938.47,1942.3,1935.86,1940.74,790.98857042,2026-07-21 09:00:00+00:00
1784628000000,1940.75,1945.12,1930.93,1932.62,286.66932902,2026-07-21 10:00:00+00:00
1784631600000,1932.53,1935.9,1925.79,1934.35,1415.16239754,2026-07-21 11:00:00+00:00
1784635200000,1934.36,1944.06,1932.09,1941.63,656.28099883,2026-07-21 12:00:00+00:00
1784638800000,1941.06,1941.5,1926.21,1938.79,1184.38245029,2026-07-21 13:00:00+00:00
1784642400000,1938.78,1942.16,1927.13,1930.56,956.40582733,2026-07-21 14:00:00+00:00
1784646000000,1930.55,1931.02,1923.08,1930.67,678.81749525,2026-07-21 15:00:00+00:00
1784649600000,1930.67,1934.19,1920.89,1925.55,1477.23872558,2026-07-21 16:00:00+00:00
1784653200000,1925.56,1927.13,1914.27,1917.4,1655.83269227,2026-07-21 17:00:00+00:00
1784656800000,1917.4,1921.31,1914.15,1918.65,711.75525833,2026-07-21 18:00:00+00:00
1784660400000,1918.65,1924.91,1917.58,1922.46,887.87423936,2026-07-21 19:00:00+00:00
1784664000000,1922.46,1925.0,1920.21,1922.03,786.73617504,2026-07-21 20:00:00+00:00
1784667600000,1922.03,1925.0,1919.01,1923.36,621.8825485,2026-07-21 21:00:00+00:00
1784671200000,1923.36,1923.36,1917.18,1919.44,250.87077854,2026-07-21 22:00:00+00:00
1784674800000,1919.1,1930.07,1915.95,1928.41,1070.72042788,2026-07-21 23:00:00+00:00
1784678400000,1928.87,1943.89,1927.77,1939.11,1423.29086903,2026-07-22 00:00:00+00:00
1784682000000,1937.93,1939.12,1926.52,1932.23,826.5585357,2026-07-22 01:00:00+00:00
1784685600000,1932.38,1934.85,1925.87,1929.43,340.46333256,2026-07-22 02:00:00+00:00
1784689200000,1928.63,1934.42,1925.61,1927.46,686.08511143,2026-07-22 03:00:00+00:00
1784692800000,1927.25,1937.96,1926.77,1935.4,435.77961136,2026-07-22 04:00:00+00:00
1784696400000,1935.41,1935.55,1917.26,1917.92,908.18304877,2026-07-22 05:00:00+00:00
1784700000000,1918.15,1919.52,1911.44,1916.05,612.90364813,2026-07-22 06:00:00+00:00
1784703600000,1916.61,1917.62,1909.29,1912.97,804.34287197,2026-07-22 07:00:00+00:00
1784707200000,1912.97,1923.6,1912.96,1920.12,234.08951762,2026-07-22 08:00:00+00:00
1784710800000,1919.68,1924.85,1918.27,1923.16,256.37781264,2026-07-22 09:00:00+00:00
1784714400000,1923.16,1931.79,1921.83,1929.33,710.94264881,2026-07-22 10:00:00+00:00
1784718000000,1929.33,1929.63,1920.99,1925.61,259.91084527,2026-07-22 11:00:00+00:00
1784721600000,1925.61,1926.0,1912.46,1915.79,1902.8226494,2026-07-22 12:00:00+00:00
1784725200000,1915.85,1941.07,1915.65,1938.74,1612.67362382,2026-07-22 13:00:00+00:00
1784728800000,1938.33,1954.15,1921.96,1931.5,2193.42061808,2026-07-22 14:00:00+00:00
1784732400000,1931.75,1950.92,1931.75,1941.43,899.41564162,2026-07-22 15:00:00+00:00
1784736000000,1941.6,1955.41,1935.03,1948.96,1614.03922153,2026-07-22 16:00:00+00:00
1784739600000,1948.94,1949.29,1934.25,1938.01,1482.763169,2026-07-22 17:00:00+00:00
1784743200000,1938.22,1939.03,1922.36,1929.82,3181.30594153,2026-07-22 18:00:00+00:00
1784746800000,1929.78,1930.86,1919.95,1924.05,1165.41301635,2026-07-22 19:00:00+00:00
1784750400000,1924.14,1929.37,1921.85,1925.68,269.18734062,2026-07-22 20:00:00+00:00
1784754000000,1925.99,1938.72,1925.93,1936.52,784.1363234,2026-07-22 21:00:00+00:00
1784757600000,1937.69,1938.12,1929.96,1937.14,181.96881071,2026-07-22 22:00:00+00:00
1784761200000,1937.42,1937.42,1921.96,1933.37,531.90123969,2026-07-22 23:00:00+00:00
1784764800000,1933.37,1940.27,1931.68,1931.68,320.1998661,2026-07-23 00:00:00+00:00
1784768400000,1931.52,1935.38,1926.0,1927.62,214.87843669,2026-07-23 01:00:00+00:00
1784772000000,1927.59,1928.08,1921.16,1926.83,146.12296174,2026-07-23 02:00:00+00:00
1784775600000,1926.91,1926.91,1916.99,1919.61,495.98699558,2026-07-23 03:00:00+00:00
1784779200000,1919.61,1924.68,1917.91,1918.29,174.77576843,2026-07-23 04:00:00+00:00
1784782800000,1918.53,1927.8,1917.28,1921.43,719.94364704,2026-07-23 05:00:00+00:00
1784786400000,1921.74,1925.53,1920.05,1924.19,330.76618679,2026-07-23 06:00:00+00:00
1784790000000,1924.2,1924.2,1910.07,1914.31,1275.14808091,2026-07-23 07:00:00+00:00
1784793600000,1914.32,1925.85,1913.1,1925.81,375.42010653,2026-07-23 08:00:00+00:00
1784797200000,1925.18,1930.23,1922.42,1922.93,449.83958358,2026-07-23 09:00:00+00:00
1784800800000,1923.51,1929.22,1921.18,1927.43,155.26594386,2026-07-23 10:00:00+00:00
1784804400000,1927.25,1928.18,1923.93,1925.08,136.18240335,2026-07-23 11:00:00+00:00
1784808000000,1925.09,1926.9,1893.74,1903.25,1540.689734,2026-07-23 12:00:00+00:00
1784811600000,1903.5,1907.48,1894.62,1898.13,823.67101535,2026-07-23 13:00:00+00:00
1784815200000,1898.01,1905.46,1891.58,1895.24,2033.06755214,2026-07-23 14:00:00+00:00
1784818800000,1894.9,1896.09,1882.0,1894.36,1881.71742737,2026-07-23 15:00:00+00:00
1784822400000,1894.36,1894.36,1883.52,1886.58,498.1100735,2026-07-23 16:00:00+00:00
1784826000000,1886.31,1890.32,1872.22,1876.26,1406.22776353,2026-07-23 17:00:00+00:00
1784829600000,1876.55,1882.63,1874.21,1879.76,816.93624924,2026-07-23 18:00:00+00:00
1784833200000,1879.65,1881.7,1867.5,1875.42,2519.71413516,2026-07-23 19:00:00+00:00
1784836800000,1874.34,1887.14,1873.32,1884.74,522.15115771,2026-07-23 20:00:00+00:00
1784840400000,1884.74,1887.13,1879.79,1881.29,290.14516428,2026-07-23 21:00:00+00:00
1784844000000,1881.29,1882.52,1873.13,1882.11,963.31365883,2026-07-23 22:00:00+00:00
1784847600000,1882.11,1883.0,1874.77,1877.03,372.04412676,2026-07-23 23:00:00+00:00
1784851200000,1877.05,1877.18,1857.72,1869.51,2317.34376444,2026-07-24 00:00:00+00:00
1784854800000,1869.97,1876.08,1869.02,1871.46,861.37616726,2026-07-24 01:00:00+00:00
1784858400000,1871.33,1876.36,1863.76,1867.76,749.24773512,2026-07-24 02:00:00+00:00
1784862000000,1868.0,1880.07,1867.26,1879.15,347.87089927,2026-07-24 03:00:00+00:00
1784865600000,1879.15,1880.21,1873.6,1874.1,335.35936328,2026-07-24 04:00:00+00:00
1784869200000,1874.61,1880.25,1872.11,1879.43,366.85843505,2026-07-24 05:00:00+00:00
1784872800000,1879.47,1886.5,1877.69,1886.5,497.88766412,2026-07-24 06:00:00+00:00
1784876400000,1886.51,1907.69,1886.5,1894.47,1514.532406,2026-07-24 07:00:00+00:00
1784880000000,1894.71,1894.74,1885.25,1886.82,111.38732182,2026-07-24 08:00:00+00:00
1784883600000,1886.84,1887.66,1877.29,1886.33,163.63725316,2026-07-24 09:00:00+00:00
1784887200000,1886.64,1887.14,1879.6,1882.48,114.03245579,2026-07-24 10:00:00+00:00
1784890800000,1881.53,1882.94,1875.15,1882.5,320.25777637,2026-07-24 11:00:00+00:00
1784894400000,1882.51,1884.13,1871.03,1871.13,509.47592434,2026-07-24 12:00:00+00:00
1784898000000,1871.04,1873.49,1846.26,1855.12,2474.23749825,2026-07-24 13:00:00+00:00
1784901600000,1855.62,1861.17,1845.48,1860.94,2101.42247974,2026-07-24 14:00:00+00:00
1784905200000,1860.93,1867.51,1852.42,1860.42,820.67755017,2026-07-24 15:00:00+00:00
1784908800000,1860.1,1864.01,1851.76,1855.69,387.01389434,2026-07-24 16:00:00+00:00
1784912400000,1855.74,1864.69,1853.82,1864.69,416.93921156,2026-07-24 17:00:00+00:00
1784916000000,1864.69,1864.7,1857.05,1860.97,629.07731321,2026-07-24 18:00:00+00:00
1784919600000,1860.98,1862.87,1856.36,1861.45,311.72553487,2026-07-24 19:00:00+00:00
1784923200000,1861.45,1863.61,1856.93,1859.0,158.07464954,2026-07-24 20:00:00+00:00
1784926800000,1859.0,1859.57,1855.92,1855.92,303.9540987,2026-07-24 21:00:00+00:00
1784930400000,1855.9,1859.57,1855.49,1857.97,108.58404575,2026-07-24 22:00:00+00:00
1784934000000,1857.82,1860.44,1857.73,1860.28,187.43208014,2026-07-24 23:00:00+00:00
1784937600000,1859.61,1862.51,1855.82,1858.63,434.15407309,2026-07-25 00:00:00+00:00
1784941200000,1858.63,1861.68,1856.51,1858.04,287.99038516,2026-07-25 01:00:00+00:00
1784944800000,1858.4,1859.77,1856.53,1857.24,74.79427939,2026-07-25 02:00:00+00:00
1784948400000,1857.61,1858.76,1854.51,1857.34,130.21374007,2026-07-25 03:00:00+00:00
1784952000000,1856.99,1860.93,1856.98,1859.49,192.10079669,2026-07-25 04:00:00+00:00
1784955600000,1859.55,1861.07,1855.75,1857.0,100.14343472,2026-07-25 05:00:00+00:00
1784959200000,1856.81,1858.33,1853.0,1856.35,209.02789103,2026-07-25 06:00:00+00:00
1784962800000,1856.82,1856.82,1854.47,1854.48,93.82390544,2026-07-25 07:00:00+00:00
1784966400000,1854.16,1854.16,1849.83,1851.83,107.89056805,2026-07-25 08:00:00+00:00
1784970000000,1851.84,1857.17,1850.37,1856.36,139.73071437,2026-07-25 09:00:00+00:00
1784973600000,1856.36,1857.5,1854.8,1856.0,84.15545133,2026-07-25 10:00:00+00:00
1784977200000,1856.59,1858.0,1855.77,1855.95,34.54002839,2026-07-25 11:00:00+00:00
1784980800000,1855.95,1858.12,1855.08,1858.12,92.79697634,2026-07-25 12:00:00+00:00
1784984400000,1858.37,1869.53,1858.36,1865.64,310.35085273,2026-07-25 13:00:00+00:00
1784988000000,1865.57,1867.25,1863.53,1867.18,212.84011135,2026-07-25 14:00:00+00:00
1784991600000,1866.88,1869.52,1865.23,1866.11,274.53737511,2026-07-25 15:00:00+00:00
1784995200000,1866.16,1869.02,1862.97,1866.15,421.78731299,2026-07-25 16:00:00+00:00
1784998800000,1866.25,1872.68,1866.25,1871.48,202.52796513,2026-07-25 17:00:00+00:00
1785002400000,1871.38,1874.8,1870.81,1873.81,213.44353805,2026-07-25 18:00:00+00:00
1785006000000,1873.81,1874.18,1872.44,1872.99,371.77023201,2026-07-25 19:00:00+00:00
1785009600000,1873.12,1873.16,1868.66,1870.22,313.05964431,2026-07-25 20:00:00+00:00
1785013200000,1870.3,1872.44,1866.31,1870.63,373.92963288,2026-07-25 21:00:00+00:00
1785016800000,1870.64,1875.48,1870.59,1874.02,131.57235187,2026-07-25 22:00:00+00:00
1785020400000,1874.28,1878.16,1872.0,1873.37,3593.77880361,2026-07-25 23:00:00+00:00
1785024000000,1873.4,1879.48,1872.46,1878.79,174.71391251,2026-07-26 00:00:00+00:00
1785027600000,1878.79,1879.92,1876.07,1876.38,870.10428307,2026-07-26 01:00:00+00:00
1785031200000,1876.86,1879.74,1875.36,1879.26,360.01381828,2026-07-26 02:00:00+00:00
1785034800000,1879.06,1882.0,1877.53,1880.28,126.71903339,2026-07-26 03:00:00+00:00
1785038400000,1880.7,1887.35,1878.65,1884.0,109.648183,2026-07-26 04:00:00+00:00
1785042000000,1884.41,1885.42,1881.47,1881.47,209.21484067,2026-07-26 05:00:00+00:00
1785045600000,1881.6,1883.49,1876.8,1883.48,138.25894883,2026-07-26 06:00:00+00:00
1785049200000,1883.26,1884.3,1878.88,1879.53,374.95595018,2026-07-26 07:00:00+00:00
1785052800000,1879.96,1880.81,1877.56,1879.85,98.34123811,2026-07-26 08:00:00+00:00
1785056400000,1879.84,1883.96,1879.84,1882.06,64.1841616,2026-07-26 09:00:00+00:00
1785060000000,1882.35,1885.85,1881.01,1884.34,82.7686397,2026-07-26 10:00:00+00:00
1785063600000,1884.34,1886.1,1883.07,1883.97,93.91470323,2026-07-26 11:00:00+00:00
1785067200000,1884.18,1891.55,1883.85,1885.25,924.81256495,2026-07-26 12:00:00+00:00
1785070800000,1885.25,1887.14,1880.65,1885.19,129.95547312,2026-07-26 13:00:00+00:00
1785074400000,1885.14,1898.12,1885.14,1897.02,578.07049188,2026-07-26 14:00:00+00:00
1785078000000,1897.13,1914.79,1896.57,1913.35,928.75249838,2026-07-26 15:00:00+00:00
1785081600000,1913.16,1927.25,1906.86,1914.56,2181.08411348,2026-07-26 16:00:00+00:00
1785085200000,1914.51,1915.59,1909.5,1909.51,483.6724512,2026-07-26 17:00:00+00:00
1785088800000,1909.47,1914.52,1909.41,1912.84,546.56036033,2026-07-26 18:00:00+00:00
1785092400000,1912.85,1914.19,1910.36,1912.43,174.3611232,2026-07-26 19:00:00+00:00
1785096000000,1912.59,1912.6,1909.86,1911.97,178.74303892,2026-07-26 20:00:00+00:00
1785099600000,1911.99,1927.99,1911.99,1923.9,785.49285719,2026-07-26 21:00:00+00:00
1785103200000,1924.15,1951.49,1924.15,1948.31,1863.47284075,2026-07-26 22:00:00+00:00
1785106800000,1948.32,1964.99,1945.57,1953.47,3314.43614964,2026-07-26 23:00:00+00:00
1785110400000,1953.5,1953.5,1938.13,1940.28,1470.32230736,2026-07-27 00:00:00+00:00
1785114000000,1940.32,1946.25,1934.33,1946.25,1568.76308599,2026-07-27 01:00:00+00:00
1785117600000,1946.04,1947.22,1939.7,1941.24,308.33031235,2026-07-27 02:00:00+00:00
1785121200000,1941.25,1948.45,1940.58,1947.86,759.69142687,2026-07-27 03:00:00+00:00
1785124800000,1947.69,1960.33,1946.77,1951.58,1153.66845722,2026-07-27 04:00:00+00:00
1785128400000,1951.59,1968.99,1950.7,1963.89,1243.16226773,2026-07-27 05:00:00+00:00
1785132000000,1963.9,1978.99,1962.36,1966.62,1817.92567195,2026-07-27 06:00:00+00:00
1785135600000,1966.58,1969.66,1959.34,1962.63,469.93060725,2026-07-27 07:00:00+00:00
1785139200000,1962.81,1966.55,1960.18,1963.53,714.84970821,2026-07-27 08:00:00+00:00
1785142800000,1963.52,1966.29,1955.41,1963.52,407.47259933,2026-07-27 09:00:00+00:00
1785146400000,1963.49,1969.69,1961.94,1965.17,297.36663212,2026-07-27 10:00:00+00:00
1785150000000,1965.59,1965.72,1956.6,1957.87,627.6370805,2026-07-27 11:00:00+00:00
1785153600000,1957.85,1962.22,1941.74,1955.1,1179.81005903,2026-07-27 12:00:00+00:00
1785157200000,1955.1,1974.99,1949.23,1958.62,2342.63548137,2026-07-27 13:00:00+00:00
1785160800000,1959.01,1964.24,1916.45,1929.85,3276.49292038,2026-07-27 14:00:00+00:00
1785164400000,1929.92,1934.99,1923.36,1925.69,950.8676245,2026-07-27 15:00:00+00:00
1785168000000,1925.62,1944.32,1921.14,1938.48,1365.62488234,2026-07-27 16:00:00+00:00
1785171600000,1938.52,1943.82,1933.03,1941.71,865.50526435,2026-07-27 17:00:00+00:00
1785175200000,1941.69,1942.47,1927.27,1937.47,1711.99297702,2026-07-27 18:00:00+00:00
1785178800000,1937.47,1953.13,1935.66,1946.38,507.54032412,2026-07-27 19:00:00+00:00
1785182400000,1946.4,1948.71,1941.71,1945.04,345.53913843,2026-07-27 20:00:00+00:00
1785186000000,1944.81,1948.22,1939.11,1940.07,253.13927307,2026-07-27 21:00:00+00:00
1785189600000,1940.14,1940.14,1887.19,1893.37,6868.91034398,2026-07-27 22:00:00+00:00
1785193200000,1892.0,1894.29,1881.5,1891.1,1696.58586412,2026-07-27 23:00:00+00:00
1785196800000,1890.79,1892.83,1875.65,1877.14,1278.38099553,2026-07-28 00:00:00+00:00
1785200400000,1877.46,1880.68,1863.44,1874.23,2284.27112732,2026-07-28 01:00:00+00:00
1785204000000,1874.07,1878.57,1870.74,1873.98,294.05427958,2026-07-28 02:00:00+00:00
1785207600000,1873.99,1881.19,1871.2,1879.37,983.44245887,2026-07-28 03:00:00+00:00
1785211200000,1879.4,1880.66,1874.8,1875.94,192.85378355,2026-07-28 04:00:00+00:00
1785214800000,1877.16,1887.2,1876.64,1881.31,1025.27617468,2026-07-28 05:00:00+00:00
1785218400000,1881.32,1885.89,1876.78,1885.75,412.26029085,2026-07-28 06:00:00+00:00
1785222000000,1886.34,1886.34,1878.9,1881.68,816.10476549,2026-07-28 07:00:00+00:00
1785225600000,1881.69,1883.37,1878.03,1882.14,182.37452537,2026-07-28 08:00:00+00:00
1785229200000,1882.14,1882.99,1873.31,1874.39,223.38835398,2026-07-28 09:00:00+00:00
1785232800000,1874.42,1878.76,1871.74,1876.74,609.55018785,2026-07-28 10:00:00+00:00
1785236400000,1877.09,1879.93,1870.17,1875.22,281.46201097,2026-07-28 11:00:00+00:00
1785240000000,1874.84,1891.13,1872.98,1890.27,453.6963533,2026-07-28 12:00:00+00:00
1785243600000,1890.29,1893.74,1855.0,1872.2,4357.51562434,2026-07-28 13:00:00+00:00
1785247200000,1872.2,1891.1,1865.65,1885.91,1364.1664531,2026-07-28 14:00:00+00:00
1785250800000,1886.63,1922.03,1882.72,1917.91,1875.67611538,2026-07-28 15:00:00+00:00
1785254400000,1917.9,1926.48,1912.58,1923.89,757.25910251,2026-07-28 16:00:00+00:00
1785258000000,1923.84,1923.85,1891.19,1899.4,2156.87076077,2026-07-28 17:00:00+00:00
1785261600000,1899.4,1912.19,1899.39,1909.16,523.87012771,2026-07-28 18:00:00+00:00
1785265200000,1908.95,1919.33,1908.95,1919.33,412.63279149,2026-07-28 19:00:00+00:00
1785268800000,1919.33,1921.23,1913.88,1915.86,775.23429998,2026-07-28 20:00:00+00:00
1785272400000,1915.98,1927.74,1915.98,1921.41,285.38454851,2026-07-28 21:00:00+00:00
1785276000000,1921.61,1924.31,1906.98,1910.13,665.28437665,2026-07-28 22:00:00+00:00
1785279600000,1909.48,1920.82,1902.07,1919.88,519.85353142,2026-07-28 23:00:00+00:00
1785283200000,1919.78,1926.11,1914.79,1915.19,354.26866021,2026-07-29 00:00:00+00:00
1785286800000,1915.18,1915.62,1902.79,1902.97,241.58424908,2026-07-29 01:00:00+00:00
1785290400000,1903.25,1916.74,1898.88,1907.78,157.83480192,2026-07-29 02:00:00+00:00
1785294000000,1908.24,1910.39,1888.62,1889.59,221.34377214,2026-07-29 03:00:00+00:00
1785297600000,1890.26,1903.14,1881.97,1902.8,281.57602471,2026-07-29 04:00:00+00:00
1785301200000,1902.83,1911.93,1901.77,1909.81,116.3013902,2026-07-29 05:00:00+00:00
1785304800000,1909.81,1918.68,1906.59,1917.63,244.72741923,2026-07-29 06:00:00+00:00
1785308400000,1917.63,1923.05,1911.62,1921.1,884.55120224,2026-07-29 07:00:00+00:00
1785312000000,1922.44,1922.46,1909.71,1912.7,233.10405138,2026-07-29 08:00:00+00:00
1785315600000,1912.69,1922.0,1912.69,1919.9,384.81816402,2026-07-29 09:00:00+00:00
1785319200000,1920.03,1920.03,1907.54,1909.81,421.79940394,2026-07-29 10:00:00+00:00
1785322800000,1909.82,1914.64,1908.09,1913.01,319.60044518,2026-07-29 11:00:00+00:00
1785326400000,1912.8,1912.8,1900.42,1903.0,392.81787185,2026-07-29 12:00:00+00:00
1785330000000,1902.92,1908.79,1894.19,1906.09,1345.80545886,2026-07-29 13:00:00+00:00
1785333600000,1907.04,1908.75,1889.17,1892.4,714.88332316,2026-07-29 14:00:00+00:00
1785337200000,1892.61,1896.32,1885.0,1889.02,474.673538,2026-07-29 15:00:00+00:00
1785340800000,1889.36,1896.0,1885.56,1892.2,510.31478546,2026-07-29 16:00:00+00:00
1785344400000,1892.64,1914.29,1892.15,1914.29,838.59654676,2026-07-29 17:00:00+00:00
1785348000000,1913.66,1932.98,1887.72,1917.91,4890.40733519,2026-07-29 18:00:00+00:00
1785351600000,1918.32,1920.34,1881.95,1886.47,1381.21985668,2026-07-29 19:00:00+00:00
1785355200000,1887.02,1889.37,1875.87,1882.16,1086.81306429,2026-07-29 20:00:00+00:00
1785358800000,1881.85,1895.4,1872.17,1894.71,1738.87021188,2026-07-29 21:00:00+00:00
1785362400000,1896.15,1908.99,1895.98,1904.89,477.89480195,2026-07-29 22:00:00+00:00
1785366000000,1904.86,1910.26,1900.15,1908.21,399.52005606,2026-07-29 23:00:00+00:00
1785369600000,1908.48,1912.0,1891.64,1895.27,578.00264677,2026-07-30 00:00:00+00:00
1785373200000,1895.91,1917.75,1895.37,1914.32,406.66444604,2026-07-30 01:00:00+00:00
1785376800000,1914.55,1917.26,1907.88,1908.4,651.40182849,2026-07-30 02:00:00+00:00
1785380400000,1908.52,1912.45,1905.07,1907.54,108.47247149,2026-07-30 03:00:00+00:00
1785384000000,1907.68,1908.12,1898.83,1899.35,487.41543639,2026-07-30 04:00:00+00:00
1785387600000,1899.35,1906.46,1897.51,1903.33,241.44015638,2026-07-30 05:00:00+00:00
1785391200000,1903.33,1903.89,1897.33,1898.16,215.47716383,2026-07-30 06:00:00+00:00
1785394800000,1898.54,1905.53,1897.92,1900.55,266.10682422,2026-07-30 07:00:00+00:00
1785398400000,1900.97,1915.21,1897.93,1912.09,513.76370375,2026-07-30 08:00:00+00:00
1785402000000,1912.33,1921.54,1911.27,1915.48,572.4897093,2026-07-30 09:00:00+00:00
1785405600000,1915.48,1919.27,1914.19,1915.51,299.15590816,2026-07-30 10:00:00+00:00
1785409200000,1915.58,1923.25,1914.15,1920.51,209.88033379,2026-07-30 11:00:00+00:00
1785412800000,1920.66,1924.3,1917.3,1923.05,485.77465893,2026-07-30 12:00:00+00:00
1785416400000,1922.64,1934.88,1914.79,1927.76,889.8492058,2026-07-30 13:00:00+00:00
1785420000000,1927.58,1927.58,1911.93,1915.94,760.2959477,2026-07-30 14:00:00+00:00
1785423600000,1915.62,1921.74,1912.67,1916.72,223.5116936,2026-07-30 15:00:00+00:00
1785427200000,1916.73,1923.66,1914.05,1917.44,314.55259199,2026-07-30 16:00:00+00:00
1785430800000,1917.45,1922.8,1914.31,1918.78,345.98235456,2026-07-30 17:00:00+00:00
1785434400000,1918.82,1920.72,1913.08,1914.54,215.17109677,2026-07-30 18:00:00+00:00
1785438000000,1914.39,1927.17,1914.38,1922.16,575.31431019,2026-07-30 19:00:00+00:00
1785441600000,1921.88,1925.14,1918.28,1919.46,424.73298254,2026-07-30 20:00:00+00:00
1785445200000,1919.74,1922.71,1915.4,1916.82,300.69359996,2026-07-30 21:00:00+00:00
1785448800000,1916.57,1931.64,1915.9,1923.89,720.7257436,2026-07-30 22:00:00+00:00
1785452400000,1923.77,1934.68,1916.5,1916.66,513.58885405,2026-07-30 23:00:00+00:00
1785456000000,1916.66,1920.56,1913.28,1915.02,197.39812978,2026-07-31 00:00:00+00:00
1785459600000,1915.76,1933.76,1905.85,1908.4,805.75935802,2026-07-31 01:00:00+00:00
1785463200000,1908.38,1910.13,1900.0,1902.23,639.57385034,2026-07-31 02:00:00+00:00
1785466800000,1902.13,1909.1,1897.6,1906.95,571.84755437,2026-07-31 03:00:00+00:00
1785470400000,1906.94,1907.46,1901.5,1904.03,443.02197102,2026-07-31 04:00:00+00:00
1785474000000,1903.85,1907.14,1900.0,1904.22,83.736709,2026-07-31 05:00:00+00:00
1785477600000,1904.25,1909.13,1898.75,1901.66,205.15458016,2026-07-31 06:00:00+00:00
1785481200000,1900.6,1900.6,1883.01,1888.75,675.51353717,2026-07-31 07:00:00+00:00
1785484800000,1888.76,1891.22,1886.41,1888.62,201.75265237,2026-07-31 08:00:00+00:00
1785488400000,1888.72,1889.37,1880.0,1881.31,195.79078694,2026-07-31 09:00:00+00:00
1785492000000,1881.58,1887.8,1875.63,1885.51,302.32406288,2026-07-31 10:00:00+00:00
1785495600000,1885.21,1887.75,1880.76,1882.03,423.50143201,2026-07-31 11:00:00+00:00
1785499200000,1882.25,1882.72,1871.51,1880.4,1581.34504533,2026-07-31 12:00:00+00:00
1785502800000,1880.5,1888.6,1862.57,1864.65,1748.94630622,2026-07-31 13:00:00+00:00
1785506400000,1864.53,1867.67,1846.93,1857.82,4077.79991719,2026-07-31 14:00:00+00:00
1785510000000,1857.4,1864.07,1852.33,1860.5,1624.86624984,2026-07-31 15:00:00+00:00
1785513600000,1860.49,1865.18,1859.38,1862.57,1018.20808858,2026-07-31 16:00:00+00:00
1785517200000,1862.26,1875.57,1861.42,1872.93,474.50033356,2026-07-31 17:00:00+00:00
1785520800000,1872.93,1874.58,1863.06,1870.11,550.78277832,2026-07-31 18:00:00+00:00
1785524400000,1870.11,1872.1,1863.57,1865.99,383.10976185,2026-07-31 19:00:00+00:00
1785528000000,1866.09,1868.2,1859.61,1860.93,442.9649415,2026-07-31 20:00:00+00:00
1785531600000,1860.11,1862.73,1858.0,1860.04,199.79520914,2026-07-31 21:00:00+00:00
1785535200000,1860.14,1863.63,1857.61,1859.53,282.54892919,2026-07-31 22:00:00+00:00
1785538800000,1859.63,1863.07,1859.35,1860.49,306.95576486,2026-07-31 23:00:00+00:00
1785542400000,1860.8,1865.34,1860.5,1862.89,448.01827483,2026-08-01 00:00:00+00:00
1785546000000,1862.88,1865.42,1862.88,1864.73,143.29684104,2026-08-01 01:00:00+00:00
1785549600000,1865.08,1868.01,1865.0,1866.49,228.06740529,2026-08-01 02:00:00+00:00
1785553200000,1866.38,1867.97,1864.54,1867.97,80.2760948,2026-08-01 03:00:00+00:00
1785556800000,1867.97,1868.75,1866.51,1868.06,268.02832446,2026-08-01 04:00:00+00:00
1785560400000,1868.06,1869.25,1863.56,1865.68,132.62503264,2026-08-01 05:00:00+00:00
1785564000000,1865.69,1868.94,1864.62,1868.8,69.90148304,2026-08-01 06:00:00+00:00
1785567600000,1868.61,1870.28,1866.55,1867.9,144.53981015,2026-08-01 07:00:00+00:00
1785571200000,1867.91,1867.91,1865.82,1867.68,97.54028564,2026-08-01 08:00:00+00:00
1785574800000,1867.86,1868.94,1866.07,1866.51,92.27081304,2026-08-01 09:00:00+00:00
1785578400000,1866.51,1867.19,1861.28,1865.41,151.23681761,2026-08-01 10:00:00+00:00
1785582000000,1865.41,1866.05,1864.03,1864.82,477.36531579,2026-08-01 11:00:00+00:00
1785585600000,1865.03,1867.95,1865.03,1867.21,52.31869667,2026-08-01 12:00:00+00:00
1785589200000,1867.22,1867.79,1866.11,1867.55,208.24238129,2026-08-01 13:00:00+00:00
1785592800000,1867.61,1873.22,1867.52,1873.22,103.7822714,2026-08-01 14:00:00+00:00
1785596400000,1873.38,1873.56,1868.8,1869.08,211.72249478,2026-08-01 15:00:00+00:00
1785600000000,1868.27,1871.71,1865.36,1866.91,311.75412138,2026-08-01 16:00:00+00:00
1785603600000,1866.96,1868.31,1855.9,1860.23,1258.33583608,2026-08-01 17:00:00+00:00
1785607200000,1859.83,1860.9,1821.0,1834.97,3256.66465769,2026-08-01 18:00:00+00:00
1785610800000,1834.98,1838.77,1833.08,1835.56,1122.37613494,2026-08-01 19:00:00+00:00
1785614400000,1835.36,1837.81,1831.65,1836.64,291.86088617,2026-08-01 20:00:00+00:00
1785618000000,1836.57,1844.02,1834.89,1843.87,912.38141297,2026-08-01 21:00:00+00:00
1785621600000,1844.18,1847.67,1843.07,1845.46,776.29125456,2026-08-01 22:00:00+00:00
1785625200000,1845.53,1847.13,1841.6,1843.51,353.01259649,2026-08-01 23:00:00+00:00
1785628800000,1843.5,1847.5,1841.87,1844.68,1295.62524973,2026-08-02 00:00:00+00:00
1785632400000,1844.92,1856.8,1844.92,1855.19,604.02051009,2026-08-02 01:00:00+00:00
1785636000000,1855.01,1882.13,1854.29,1874.83,1271.59862274,2026-08-02 02:00:00+00:00
1785639600000,1875.07,1877.37,1872.81,1875.54,214.98475318,2026-08-02 03:00:00+00:00
1785643200000,1875.65,1880.08,1875.65,1879.13,405.21549521,2026-08-02 04:00:00+00:00
1785646800000,1879.02,1880.58,1873.3,1874.3,285.53213994,2026-08-02 05:00:00+00:00
1785650400000,1874.42,1876.08,1873.06,1875.86,339.81151264,2026-08-02 06:00:00+00:00
1785654000000,1875.86,1876.76,1873.78,1873.97,256.24612696,2026-08-02 07:00:00+00:00
1785657600000,1874.28,1876.88,1865.28,1866.15,135.16186424,2026-08-02 08:00:00+00:00
1785661200000,1866.17,1870.84,1860.82,1869.09,122.65213501,2026-08-02 09:00:00+00:00
1785664800000,1868.76,1868.76,1863.82,1867.02,218.82553183,2026-08-02 10:00:00+00:00
1785668400000,1866.71,1867.56,1847.94,1849.83,1076.95386848,2026-08-02 11:00:00+00:00
1785672000000,1850.61,1857.92,1850.6,1854.83,303.39518764,2026-08-02 12:00:00+00:00
1785675600000,1854.83,1855.94,1850.5,1853.01,360.10365712,2026-08-02 13:00:00+00:00
1785679200000,1852.75,1856.79,1850.39,1853.28,248.98151104,2026-08-02 14:00:00+00:00
1785682800000,1853.05,1860.27,1852.36,1856.88,213.20311073,2026-08-02 15:00:00+00:00
1785686400000,1856.96,1863.55,1854.3,1861.38,379.41674251,2026-08-02 16:00:00+00:00
1785690000000,1861.22,1868.15,1861.02,1867.22,102.16865848,2026-08-02 17:00:00+00:00
1785693600000,1866.83,1884.86,1866.42,1873.71,1307.88095414,2026-08-02 18:00:00+00:00
1785697200000,1873.72,1881.77,1873.0,1880.31,709.21538888,2026-08-02 19:00:00+00:00
1785700800000,1880.1,1883.5,1877.79,1881.79,409.10605044,2026-08-02 20:00:00+00:00
1785704400000,1881.76,1896.06,1880.59,1888.43,743.58301481,2026-08-02 21:00:00+00:00
1785708000000,1888.48,1895.79,1878.8,1879.94,2124.2809729,2026-08-02 22:00:00+00:00
1785711600000,1879.46,1883.47,1874.73,1882.88,1270.4560059,2026-08-02 23:00:00+00:00
1785715200000,1883.16,1883.63,1870.09,1871.71,352.20468058,2026-08-03 00:00:00+00:00
1785718800000,1871.4,1873.16,1863.9,1865.27,715.3022035,2026-08-03 01:00:00+00:00
1785722400000,1864.86,1869.54,1861.03,1861.23,1672.52228674,2026-08-03 02:00:00+00:00
1785726000000,1861.97,1863.79,1850.0,1856.45,1267.25503802,2026-08-03 03:00:00+00:00
1785729600000,1855.0,1860.5,1852.88,1853.0,1360.97063706,2026-08-03 04:00:00+00:00
1785733200000,1852.68,1858.69,1851.82,1857.59,624.74360761,2026-08-03 05:00:00+00:00
1785736800000,1857.52,1858.63,1843.71,1846.62,624.15467262,2026-08-03 06:00:00+00:00
1785740400000,1846.62,1847.03,1838.1,1841.17,524.00768682,2026-08-03 07:00:00+00:00
1785744000000,1841.45,1842.82,1827.01,1838.04,517.18368262,2026-08-03 08:00:00+00:00
1785747600000,1838.04,1851.11,1837.4,1850.58,1345.1944514,2026-08-03 09:00:00+00:00
1785751200000,1850.25,1851.62,1839.58,1843.5,136.90881563,2026-08-03 10:00:00+00:00
1785754800000,1843.85,1845.22,1836.57,1836.75,254.96998034,2026-08-03 11:00:00+00:00
1785758400000,1837.39,1842.87,1834.65,1841.35,376.90947284,2026-08-03 12:00:00+00:00
1785762000000,1841.36,1858.33,1836.73,1857.5,1240.15131714,2026-08-03 13:00:00+00:00
1785765600000,1857.5,1871.75,1849.44,1871.62,2025.40993315,2026-08-03 14:00:00+00:00
1785769200000,1871.53,1871.82,1857.79,1861.1,1419.4477623,2026-08-03 15:00:00+00:00
1785772800000,1861.19,1870.26,1859.99,1864.33,854.2915956,2026-08-03 16:00:00+00:00
1785776400000,1864.31,1872.2,1861.45,1867.01,827.06903044,2026-08-03 17:00:00+00:00
1785780000000,1866.91,1872.12,1865.0,1866.88,244.602854,2026-08-03 18:00:00+00:00
1785783600000,1867.09,1874.48,1866.91,1869.29,658.75103719,2026-08-03 19:00:00+00:00
1785787200000,1868.03,1874.1,1864.56,1866.99,347.33447257,2026-08-03 20:00:00+00:00
1785790800000,1866.99,1867.34,1861.76,1862.23,1587.12040245,2026-08-03 21:00:00+00:00
1785794400000,1862.23,1864.1,1851.12,1858.33,1083.86225181,2026-08-03 22:00:00+00:00
1785798000000,1858.4,1859.15,1854.51,1858.77,133.24433994,2026-08-03 23:00:00+00:00
1785801600000,1858.77,1861.27,1847.16,1848.9,372.621378,2026-08-04 00:00:00+00:00
1785805200000,1848.98,1867.86,1847.34,1865.55,608.64365028,2026-08-04 01:00:00+00:00
1785808800000,1865.88,1869.95,1860.82,1864.05,359.13609587,2026-08-04 02:00:00+00:00
1785812400000,1864.05,1864.93,1856.97,1862.32,106.55620798,2026-08-04 03:00:00+00:00
1785816000000,1862.36,1872.97,1860.55,1866.54,1085.97712672,2026-08-04 04:00:00+00:00
1785819600000,1866.42,1868.28,1862.45,1862.8,497.56167986,2026-08-04 05:00:00+00:00
1785823200000,1862.8,1869.87,1853.04,1855.16,994.16590396,2026-08-04 06:00:00+00:00
1785826800000,1855.23,1862.9,1851.72,1862.51,172.85614269,2026-08-04 07:00:00+00:00
1785830400000,1861.82,1864.3,1855.19,1855.69,1801.61425753,2026-08-04 08:00:00+00:00
1785834000000,1855.54,1856.62,1851.68,1856.62,409.96804635,2026-08-04 09:00:00+00:00
1785837600000,1856.72,1870.4,1851.95,1864.76,1433.66068554,2026-08-04 10:00:00+00:00
1785841200000,1864.76,1872.2,1864.15,1870.96,372.79312578,2026-08-04 11:00:00+00:00
1785844800000,1870.96,1879.84,1866.27,1873.37,953.06896213,2026-08-04 12:00:00+00:00
1785848400000,1873.31,1875.75,1858.17,1859.11,1049.38945794,2026-08-04 13:00:00+00:00
1785852000000,1859.64,1873.84,1856.73,1870.92,1118.84564182,2026-08-04 14:00:00+00:00
1785855600000,1871.24,1875.5,1860.14,1871.47,2940.56598943,2026-08-04 15:00:00+00:00
1785859200000,1871.31,1871.72,1864.45,1867.74,856.00184739,2026-08-04 16:00:00+00:00
1785862800000,1867.74,1875.8,1865.75,1867.95,451.05944512,2026-08-04 17:00:00+00:00
1785866400000,1867.81,1878.74,1867.81,1873.16,2143.91160576,2026-08-04 18:00:00+00:00
1785870000000,1873.76,1879.7,1872.42,1873.84,2019.98568588,2026-08-04 19:00:00+00:00
1785873600000,1874.08,1878.0,1865.1,1874.93,801.16336619,2026-08-04 20:00:00+00:00
1785877200000,1875.17,1875.17,1870.61,1871.1,300.5349517,2026-08-04 21:00:00+00:00
1785880800000,1870.83,1875.5,1867.73,1874.0,641.97377632,2026-08-04 22:00:00+00:00
1785884400000,1873.99,1879.3,1867.45,1868.45,1774.53049063,2026-08-04 23:00:00+00:00
1785888000000,1868.3,1871.95,1862.32,1862.35,271.45458536,2026-08-05 00:00:00+00:00
1785891600000,1862.45,1872.63,1859.91,1871.83,371.02953439,2026-08-05 01:00:00+00:00
1785895200000,1871.83,1876.08,1870.88,1872.72,491.13728105,2026-08-05 02:00:00+00:00
1785898800000,1872.71,1874.33,1862.57,1866.05,438.86109582,2026-08-05 03:00:00+00:00
1785902400000,1866.12,1867.51,1863.32,1865.87,109.52820921,2026-08-05 04:00:00+00:00
1785906000000,1865.73,1875.0,1865.6,1872.17,326.53950139,2026-08-05 05:00:00+00:00
1785909600000,1871.58,1872.0,1866.92,1868.09,943.83876268,2026-08-05 06:00:00+00:00
1785913200000,1868.07,1870.59,1861.97,1870.59,132.22753372,2026-08-05 07:00:00+00:00
1785916800000,1870.59,1872.22,1866.76,1868.41,685.39834771,2026-08-05 08:00:00+00:00
1785920400000,1868.1,1872.63,1867.83,1870.1,1142.4780957,2026-08-05 09:00:00+00:00
1785924000000,1870.21,1874.02,1865.2,1866.52,68.64333477,2026-08-05 10:00:00+00:00
1785927600000,1866.65,1869.3,1865.88,1867.15,80.96332819,2026-08-05 11:00:00+00:00
1785931200000,1866.98,1883.82,1866.3,1875.13,366.43820942,2026-08-05 12:00:00+00:00
1785934800000,1875.13,1877.77,1852.67,1876.97,3447.21525324,2026-08-05 13:00:00+00:00
1785938400000,1876.86,1881.0,1867.6,1874.59,1265.50023971,2026-08-05 14:00:00+00:00
1785942000000,1874.49,1880.87,1871.31,1872.15,505.82761923,2026-08-05 15:00:00+00:00
1785945600000,1872.15,1895.0,1872.14,1893.77,1329.58892983,2026-08-05 16:00:00+00:00
1785949200000,1893.77,1915.0,1888.93,1914.28,2705.01206082,2026-08-05 17:00:00+00:00
1785952800000,1914.44,1925.48,1911.92,1916.3,3805.93196002,2026-08-05 18:00:00+00:00
1785956400000,1916.26,1919.39,1913.95,1915.32,573.73335162,2026-08-05 19:00:00+00:00
1785960000000,1915.32,1922.61,1914.91,1915.31,789.38085679,2026-08-05 20:00:00+00:00
1785963600000,1915.43,1915.61,1905.38,1907.82,1560.25332057,2026-08-05 21:00:00+00:00
1785967200000,1906.84,1911.32,1904.7,1905.43,357.70791334,2026-08-05 22:00:00+00:00
1785970800000,1905.0,1909.91,1902.24,1907.01,288.59484526,2026-08-05 23:00:00+00:00
1785974400000,1907.18,1911.6,1905.49,1908.49,199.35105688,2026-08-06 00:00:00+00:00
1785978000000,1908.38,1909.18,1901.59,1904.85,183.59784322,2026-08-06 01:00:00+00:00
1785981600000,1904.83,1908.85,1893.06,1897.11,576.54494368,2026-08-06 02:00:00+00:00
1785985200000,1897.1,1897.39,1894.0,1897.02,181.86360116,2026-08-06 03:00:00+00:00
1785988800000,1897.04,1906.09,1894.0,1905.62,467.86777243,2026-08-06 04:00:00+00:00
1785992400000,1905.67,1917.53,1905.61,1912.03,670.69823059,2026-08-06 05:00:00+00:00
1785996000000,1912.32,1912.62,1907.56,1911.26,188.55077779,2026-08-06 06:00:00+00:00
