ema__prob,ema__conf,ema__exp_profit,rsi__prob,rsi__conf,rsi__exp_profit,sma__prob,sma__conf,sma__exp_profit,sr__prob,sr__conf,sr__exp_profit,vwap__prob,vwap__conf,vwap__exp_profit,close,target
0.2866666666666667,0.21333333333333332,0.026343800639898395,0.43,0.07,0.026343800639898395,0.32,0.18,0.026343800639898395,0.20333333333333334,0.29666666666666663,0.026343800639898395,0.32666666666666666,0.17333333333333334,0.026343800639898395,115562.8,0
0.29333333333333333,0.20666666666666667,0.026343800639898395,0.5066666666666667,0.00666666666666671,0.026343800639898395,0.3333333333333333,0.16666666666666669,0.026343800639898395,0.20666666666666667,0.29333333333333333,0.026343800639898395,0.30333333333333334,0.19666666666666666,0.026343800639898395,115370.1,0
0.31333333333333335,0.18666666666666665,0.026343800639898395,0.5066666666666667,0.00666666666666671,0.026343800639898395,0.37333333333333335,0.12666666666666665,0.026343800639898395,0.18666666666666668,0.31333333333333335,0.026343800639898395,0.30666666666666664,0.19333333333333336,0.026343800639898395,114940.0,0
0.31333333333333335,0.18666666666666665,0.026343800639898395,0.5066666666666667,0.00666666666666671,0.026343800639898395,0.34,0.15999999999999998,0.026343800639898395,0.18666666666666668,0.31333333333333335,0.026343800639898395,0.34,0.15999999999999998,0.026343800639898395,114883.2,0
0.32,0.18,0.026343800639898395,0.5066666666666667,0.00666666666666671,0.026343800639898395,0.41,0.09000000000000002,0.026343800639898395,0.20666666666666667,0.29333333333333333,0.026343800639898395,0.30666666666666664,0.19333333333333336,0.026343800639898395,114153.0,0
0.0,0.5,0.026343800639898395,0.31666666666666665,0.18333333333333335,0.026343800639898395,0.06,0.44,0.026343800639898395,0.0033333333333333335,0.49666666666666665,0.026343800639898395,0.01,0.49,0.026343800639898395,113923.5,0
0.0,0.5,0.026343800639898395,0.2866666666666667,0.21333333333333332,0.026343800639898395,0.0033333333333333335,0.49666666666666665,0.026343800639898395,0.0,0.5,0.026343800639898395,0.02,0.48,0.026343800639898395,114273.4,0
0.0033333333333333335,0.49666666666666665,0.026343800639898395,0.43,0.07,0.026343800639898395,0.006666666666666667,0.49333333333333335,0.026343800639898395,0.0,0.5,0.026343800639898395,0.016666666666666666,0.48333333333333334,0.026343800639898395,114333.0,0
0.006666666666666667,0.49333333333333335,0.026343800639898395,0.38333333333333336,0.11666666666666664,0.026343800639898395,0.016666666666666666,0.48333333333333334,0.026343800639898395,0.006666666666666667,0.49333333333333335,0.026343800639898395,0.03,0.47,0.026343800639898395,114725.1,0
0.0,0.5,0.026343800639898395,0.45666666666666667,0.043333333333333335,0.026343800639898395,0.006666666666666667,0.49333333333333335,0.026343800639898395,0.013333333333333334,0.4866666666666667,0.026343800639898395,0.006666666666666667,0.49333333333333335,0.026343800639898395,113683.5,0
0.0033333333333333335,0.49666666666666665,0.026343800639898395,0.5766666666666667,0.07666666666666666,0.026343800639898395,0.016666666666666666,0.48333333333333334,0.026343800639898395,0.0033333333333333335,0.49666666666666665,0.026343800639898395,0.03,0.47,0.026343800639898395,112918.0,0
0.006666666666666667,0.49333333333333335,0.026343800639898395,0.16666666666666666,0.33333333333333337,0.026343800639898395,0.013333333333333334,0.4866666666666667,0.026343800639898395,0.0033333333333333335,0.49666666666666665,0.026343800639898395,0.01,0.49,0.026343800639898395,112550.0,0
0.01,0.49,0.026343800639898395,0.23,0.27,0.026343800639898395,0.016666666666666666,0.48333333333333334,0.026343800639898395,0.01,0.49,0.026343800639898395,0.03333333333333333,0.4666666666666667,0.026343800639898395,113511.0,0
0.0033333333333333335,0.49666666666666665,0.026343800639898395,0.15666666666666668,0.3433333333333333,0.026343800639898395,0.006666666666666667,0.49333333333333335,0.026343800639898395,0.0,0.5,0.026343800639898395,0.04,0.46,0.026343800639898395,113187.5,0
0.03333333333333333,0.4666666666666667,0.026343800639898395,0.25,0.25,0.026343800639898395,0.04666666666666667,0.4533333333333333,0.026343800639898395,0.03333333333333333,0.4666666666666667,0.026343800639898395,0.02666666666666667,0.47333333333333333,0.026343800639898395,111591.1,0
0.09666666666666666,0.4033333333333333,0.026343800639898395,0.28,0.21999999999999997,0.026343800639898395,0.12333333333333334,0.37666666666666665,0.026343800639898395,0.02,0.48,0.026343800639898395,0.09666666666666666,0.4033333333333333,0.026343800639898395,110675.6,0
0.25,0.25,0.026343800639898395,0.20666666666666667,0.29333333333333333,0.026343800639898395,0.18666666666666668,0.31333333333333335,0.026343800639898395,0.05,0.45,0.026343800639898395,0.11,0.39,0.026343800639898395,110104.2,0
0.09666666666666666,0.4033333333333333,0.026343800639898395,0.2733333333333333,0.22666666666666668,0.026343800639898395,0.12666666666666668,0.3733333333333333,0.026343800639898395,0.08333333333333333,0.4166666666666667,0.026343800639898395,0.08666666666666667,0.41333333333333333,0.026343800639898395,110744.5,0
0.05333333333333334,0.44666666666666666,0.026343800639898395,0.16333333333333333,0.33666666666666667,0.026343800639898395,0.05333333333333334,0.44666666666666666,0.026343800639898395,0.18666666666666668,0.31333333333333335,0.026343800639898395,0.10666666666666667,0.3933333333333333,0.026343800639898395,111349.9,0
0.7133333333333334,0.21333333333333337,0.026343800639898395,0.78,0.28,0.026343800639898395,0.74,0.24,0.026343800639898395,0.7366666666666667,0.2366666666666667,0.026343800639898395,0.7133333333333334,0.21333333333333337,0.026343800639898395,109789.9,1
0.89,0.39,0.026343800639898395,0.7833333333333333,0.2833333333333333,0.026343800639898395,0.9266666666666666,0.42666666666666664,0.026343800639898395,0.8566666666666667,0.3566666666666667,0.026343800639898395,0.8533333333333334,0.3533333333333334,0.026343800639898395,107703.5,1
0.92,0.42000000000000004,0.026343800639898395,0.6666666666666666,0.16666666666666663,0.026343800639898395,0.9366666666666666,0.43666666666666665,0.026343800639898395,0.9533333333333334,0.45333333333333337,0.026343800639898395,0.9133333333333333,0.41333333333333333,0.026343800639898395,106477.7,1
0.88,0.38,0.026343800639898395,0.7166666666666667,0.21666666666666667,0.026343800639898395,0.8433333333333334,0.3433333333333334,0.026343800639898395,0.9633333333333334,0.4633333333333334,0.026343800639898395,0.78,0.28,0.026343800639898395,108302.7,1
0.8933333333333333,0.3933333333333333,0.026343800639898395,0.8633333333333333,0.3633333333333333,0.026343800639898395,0.8633333333333333,0.3633333333333333,0.026343800639898395,0.9166666666666666,0.41666666666666663,0.026343800639898395,0.75,0.25,0.026343800639898395,109192.5,1
0.8166666666666667,0.31666666666666665,0.026343800639898395,0.8366666666666667,0.33666666666666667,0.026343800639898395,0.7566666666666667,0.2566666666666667,0.026343800639898395,0.8066666666666666,0.30666666666666664,0.026343800639898395,0.77,0.27,0.026343800639898395,109426.8,1
0.6666666666666666,0.16666666666666663,0.026343800639898395,0.72,0.21999999999999997,0.026343800639898395,0.64,0.14,0.026343800639898395,0.67,0.17000000000000004,0.026343800639898395,0.6733333333333333,0.17333333333333334,0.026343800639898395,110379.7,1
0.2,0.3,0.026343800639898395,0.09666666666666666,0.4033333333333333,0.026343800639898395,0.19666666666666666,0.30333333333333334,0.026343800639898395,0.15666666666666668,0.3433333333333333,0.026343800639898395,0.14333333333333334,0.3566666666666667,0.026343800639898395,110127.6,0
0.056666666666666664,0.44333333333333336,0.026343800639898395,0.056666666666666664,0.44333333333333336,0.026343800639898395,0.03333333333333333,0.4666666666666667,0.026343800639898395,0.10333333333333333,0.39666666666666667,0.026343800639898395,0.06,0.44,0.026343800639898395,109763.5,0
0.08333333333333333,0.4166666666666667,0.026343800639898395,0.09666666666666666,0.4033333333333333,0.026343800639898395,0.05,0.45,0.026343800639898395,0.13666666666666666,0.36333333333333334,0.026343800639898395,0.09,0.41000000000000003,0.026343800639898395,109552.7,0
0.0,0.5,0.026343800639898395,0.07333333333333333,0.42666666666666664,0.026343800639898395,0.05,0.45,0.026343800639898395,0.02,0.48,0.026343800639898395,0.02666666666666667,0.47333333333333333,0.026343800639898395,110162.5,0
0.006666666666666667,0.49333333333333335,0.026343800639898395,0.04666666666666667,0.4533333333333333,0.026343800639898395,0.0033333333333333335,0.49666666666666665,0.026343800639898395,0.0,0.5,0.026343800639898395,0.0033333333333333335,0.49666666666666665,0.026343800639898395,110006.5,0
0.0,0.5,0.026343800639898395,0.04666666666666667,0.4533333333333333,0.026343800639898395,0.013333333333333334,0.4866666666666667,0.026343800639898395,0.0,0.5,0.026343800639898395,0.02,0.48,0.026343800639898395,110000.0,0
0.016666666666666666,0.48333333333333334,0.026343800639898395,0.03333333333333333,0.4666666666666667,0.026343800639898395,0.006666666666666667,0.49333333333333335,0.026343800639898395,0.006666666666666667,0.49333333333333335,0.026343800639898395,0.006666666666666667,0.49333333333333335,0.026343800639898395,109839.0,0
0.0,0.5,0.026343800639898395,0.02666666666666667,0.47333333333333333,0.026343800639898395,0.0033333333333333335,0.49666666666666665,0.026343800639898395,0.006666666666666667,0.49333333333333335,0.026343800639898395,0.0033333333333333335,0.49666666666666665,0.026343800639898395,109839.0,0
0.0,0.5,0.026343800639898395,0.056666666666666664,0.44333333333333336,0.026343800639898395,0.0,0.5,0.026343800639898395,0.0,0.5,0.026343800639898395,0.0033333333333333335,0.49666666666666665,0.026343800639898395,110018.0,0
0.0,0.5,0.026343800639898395,0.11333333333333333,0.38666666666666666,0.026343800639898395,0.0,0.5,0.026343800639898395,0.0033333333333333335,0.49666666666666665,0.026343800639898395,0.0033333333333333335,0.49666666666666665,0.026343800639898395,109994.2,0
0.023333333333333334,0.4766666666666667,0.026343800639898395,0.07333333333333333,0.42666666666666664,0.026343800639898395,0.0033333333333333335,0.49666666666666665,0.026343800639898395,0.013333333333333334,0.4866666666666667,0.026343800639898395,0.006666666666666667,0.49333333333333335,0.026343800639898395,110886.8,0
0.023333333333333334,0.4766666666666667,0.026343800639898395,0.07333333333333333,0.42666666666666664,0.026343800639898395,0.0,0.5,0.026343800639898395,0.013333333333333334,0.4866666666666667,0.026343800639898395,0.0033333333333333335,0.49666666666666665,0.026343800639898395,110979.9,0
0.0,0.5,0.026343800639898395,0.18333333333333332,0.31666666666666665,0.026343800639898395,0.0,0.5,0.026343800639898395,0.0,0.5,0.026343800639898395,0.01,0.49,0.026343800639898395,110100.0,0
0.0,0.5,0.026343800639898395,0.14,0.36,0.026343800639898395,0.0,0.5,0.026343800639898395,0.0,0.5,0.026343800639898395,0.0033333333333333335,0.49666666666666665,0.026343800639898395,110148.6,0
0.0,0.5,0.026343800639898395,0.09666666666666666,0.4033333333333333,0.026343800639898395,0.006666666666666667,0.49333333333333335,0.026343800639898395,0.013333333333333334,0.4866666666666667,0.026343800639898395,0.0033333333333333335,0.49666666666666665,0.026343800639898395,110589.6,0
0.006666666666666667,0.49333333333333335,0.026343800639898395,0.056666666666666664,0.44333333333333336,0.026343800639898395,0.01,0.49,0.026343800639898395,0.03,0.47,0.026343800639898395,0.08,0.42,0.026343800639898395,107991.4,0
0.0033333333333333335,0.49666666666666665,0.026343800639898395,0.03666666666666667,0.4633333333333333,0.026343800639898395,0.016666666666666666,0.48333333333333334,0.026343800639898395,0.016666666666666666,0.48333333333333334,0.026343800639898395,0.06666666666666667,0.43333333333333335,0.026343800639898395,107500.0,0
0.016666666666666666,0.48333333333333334,0.026343800639898395,0.01,0.49,0.026343800639898395,0.006666666666666667,0.49333333333333335,0.026343800639898395,0.013333333333333334,0.4866666666666667,0.026343800639898395,0.03666666666666667,0.4633333333333333,0.026343800639898395,107760.1,0
0.14666666666666667,0.35333333333333333,0.026343800639898395,0.07666666666666666,0.42333333333333334,0.026343800639898395,0.09,0.41000000000000003,0.026343800639898395,0.07333333333333333,0.42666666666666664,0.026343800639898395,0.13666666666666666,0.36333333333333334,0.026343800639898395,105713.4,0
0.013333333333333334,0.4866666666666667,0.026343800639898395,0.04,0.46,0.026343800639898395,0.013333333333333334,0.4866666666666667,0.026343800639898395,0.023333333333333334,0.4766666666666667,0.026343800639898395,0.023333333333333334,0.4766666666666667,0.026343800639898395,107020.0,0
0.06333333333333334,0.43666666666666665,0.026343800639898395,0.006666666666666667,0.49333333333333335,0.026343800639898395,0.03666666666666667,0.4633333333333333,0.026343800639898395,0.023333333333333334,0.4766666666666667,0.026343800639898395,0.08333333333333333,0.4166666666666667,0.026343800639898395,106538.3,0
0.013333333333333334,0.4866666666666667,0.026343800639898395,0.05,0.45,0.026343800639898395,0.04,0.46,0.026343800639898395,0.03333333333333333,0.4666666666666667,0.026343800639898395,0.07,0.43,0.026343800639898395,107134.8,0
0.043333333333333335,0.45666666666666667,0.026343800639898395,0.056666666666666664,0.44333333333333336,0.026343800639898395,0.043333333333333335,0.45666666666666667,0.026343800639898395,0.06,0.44,0.026343800639898395,0.056666666666666664,0.44333333333333336,0.026343800639898395,104428.3,0
0.03666666666666667,0.4633333333333333,0.026343800639898395,0.03333333333333333,0.4666666666666667,0.026343800639898395,0.04,0.46,0.026343800639898395,0.03333333333333333,0.4666666666666667,0.026343800639898395,0.05333333333333334,0.44666666666666666,0.026343800639898395,104540.0,0
0.09666666666666666,0.4033333333333333,0.026343800639898395,0.08333333333333333,0.4166666666666667,0.026343800639898395,0.10333333333333333,0.39666666666666667,0.026343800639898395,0.14666666666666667,0.35333333333333333,0.026343800639898395,0.13333333333333333,0.3666666666666667,0.026343800639898395,103160.1,0
0.7866666666666666,0.2866666666666666,0.026343800639898395,0.71,0.20999999999999996,0.026343800639898395,0.8033333333333333,0.30333333333333334,0.026343800639898395,0.76,0.26,0.026343800639898395,0.8033333333333333,0.30333333333333334,0.026343800639898395,100395.0,1
0.16,0.33999999999999997,0.026343800639898395,0.07333333333333333,0.42666666666666664,0.026343800639898395,0.19666666666666666,0.30333333333333334,0.026343800639898395,0.24,0.26,0.026343800639898395,0.16666666666666666,0.33333333333333337,0.026343800639898395,101537.3,0
0.29333333333333333,0.20666666666666667,0.026343800639898395,0.32,0.18,0.026343800639898395,0.25,0.25,0.026343800639898395,0.29,0.21000000000000002,0.026343800639898395,0.24,0.26,0.026343800639898395,102118.5,0
0.7333333333333333,0.23333333333333328,0.026343800639898395,0.8533333333333334,0.3533333333333334,0.026343800639898395,0.7166666666666667,0.21666666666666667,0.026343800639898395,0.8433333333333334,0.3433333333333334,0.026343800639898395,0.8166666666666667,0.31666666666666665,0.026343800639898395,102039.9,1
0.8166666666666667,0.31666666666666665,0.026343800639898395,0.8766666666666667,0.3766666666666667,0.026343800639898395,0.7966666666666666,0.29666666666666663,0.026343800639898395,0.8433333333333334,0.3433333333333334,0.026343800639898395,0.85,0.35,0.026343800639898395,102000.0,1
0.04666666666666667,0.4533333333333333,0.026343800639898395,0.14,0.36,0.026343800639898395,0.03666666666666667,0.4633333333333333,0.026343800639898395,0.043333333333333335,0.45666666666666667,0.026343800639898395,0.04666666666666667,0.4533333333333333,0.026343800639898395,103712.9,0
0.016666666666666666,0.48333333333333334,0.026343800639898395,0.11333333333333333,0.38666666666666666,0.026343800639898395,0.03333333333333333,0.4666666666666667,0.026343800639898395,0.03333333333333333,0.4666666666666667,0.026343800639898395,0.056666666666666664,0.44333333333333336,0.026343800639898395,104090.0,0
0.023333333333333334,0.4766666666666667,0.026343800639898395,0.06666666666666667,0.43333333333333335,0.026343800639898395,0.06,0.44,0.026343800639898395,0.02666666666666667,0.47333333333333333,0.026343800639898395,0.1,0.4,0.026343800639898395,103900.0,0
0.016666666666666666,0.48333333333333334,0.026343800639898395,0.043333333333333335,0.45666666666666667,0.026343800639898395,0.03333333333333333,0.4666666666666667,0.026343800639898395,0.02666666666666667,0.47333333333333333,0.026343800639898395,0.03333333333333333,0.4666666666666667,0.026343800639898395,103615.0,0
0.02,0.48,0.026343800639898395,0.04666666666666667,0.4533333333333333,0.026343800639898395,0.04666666666666667,0.4533333333333333,0.026343800639898395,0.056666666666666664,0.44333333333333336,0.026343800639898395,0.043333333333333335,0.45666666666666667,0.026343800639898395,103236.3,0
0.02,0.48,0.026343800639898395,0.08,0.42,0.026343800639898395,0.03333333333333333,0.4666666666666667,0.026343800639898395,0.09333333333333334,0.4066666666666667,0.026343800639898395,0.05333333333333334,0.44666666666666666,0.026343800639898395,103172.8,0
0.21,0.29000000000000004,0.026343800639898395,0.20333333333333334,0.29666666666666663,0.026343800639898395,0.19,0.31,0.026343800639898395,0.23666666666666666,0.2633333333333333,0.026343800639898395,0.16,0.33999999999999997,0.026343800639898395,101950.7,0
0.8833333333333333,0.3833333333333333,0.026343800639898395,0.6833333333333333,0.18333333333333335,0.026343800639898395,0.87,0.37,0.026343800639898395,0.8,0.30000000000000004,0.026343800639898395,0.8166666666666667,0.31666666666666665,0.026343800639898395,101355.0,1
0.8866666666666667,0.3866666666666667,0.026343800639898395,0.76,0.26,0.026343800639898395,0.8533333333333334,0.3533333333333334,0.026343800639898395,0.8966666666666666,0.3966666666666666,0.026343800639898395,0.87,0.37,0.026343800639898395,101290.1,1
0.97,0.47,0.026343800639898395,0.86,0.36,0.026343800639898395,0.9766666666666667,0.4766666666666667,0.026343800639898395,0.98,0.48,0.026343800639898395,0.97,0.47,0.026343800639898395,101864.9,1
0.9733333333333334,0.4733333333333334,0.026343800639898395,0.9266666666666666,0.42666666666666664,0.026343800639898395,0.9666666666666667,0.4666666666666667,0.026343800639898395,0.97,0.47,0.026343800639898395,0.9566666666666667,0.45666666666666667,0.026343800639898395,101973.6,1
0.9833333333333333,0.4833333333333333,0.026343800639898395,0.91,0.41000000000000003,0.026343800639898395,0.9766666666666667,0.4766666666666667,0.026343800639898395,0.97,0.47,0.026343800639898395,0.96,0.45999999999999996,0.026343800639898395,100369.4,1
0.9833333333333333,0.4833333333333333,0.026343800639898395,0.9166666666666666,0.41666666666666663,0.026343800639898395,0.9866666666666667,0.4866666666666667,0.026343800639898395,0.9866666666666667,0.4866666666666667,0.026343800639898395,0.9333333333333333,0.43333333333333335,0.026343800639898395,100780.0,1
0.9666666666666667,0.4666666666666667,0.026343800639898395,0.8733333333333333,0.3733333333333333,0.026343800639898395,0.93,0.43000000000000005,0.026343800639898395,0.9333333333333333,0.43333333333333335,0.026343800639898395,0.9033333333333333,0.4033333333333333,0.026343800639898395,103274.2,1
0.9466666666666667,0.44666666666666666,0.026343800639898395,0.8833333333333333,0.3833333333333333,0.026343800639898395,0.8966666666666666,0.3966666666666666,0.026343800639898395,0.9366666666666666,0.43666666666666665,0.026343800639898395,0.8933333333333333,0.3933333333333333,0.026343800639898395,103279.9,1
0.99,0.49,0.026343800639898395,0.9366666666666666,0.43666666666666665,0.026343800639898395,0.9733333333333334,0.4733333333333334,0.026343800639898395,0.9766666666666667,0.4766666666666667,0.026343800639898395,0.9466666666666667,0.44666666666666666,0.026343800639898395,102600.0,1
0.9966666666666667,0.4966666666666667,0.026343800639898395,0.95,0.44999999999999996,0.026343800639898395,0.9766666666666667,0.4766666666666667,0.026343800639898395,0.9933333333333333,0.4933333333333333,0.026343800639898395,0.9833333333333333,0.4833333333333333,0.026343800639898395,102299.9,1
0.9833333333333333,0.4833333333333333,0.026343800639898395,0.9366666666666666,0.43666666666666665,0.026343800639898395,0.9833333333333333,0.4833333333333333,0.026343800639898395,1.0,0.5,0.026343800639898395,0.9433333333333334,0.44333333333333336,0.026343800639898395,101800.1,1
0.98,0.48,0.026343800639898395,0.91,0.41000000000000003,0.026343800639898395,0.9933333333333333,0.4933333333333333,0.026343800639898395,0.9933333333333333,0.4933333333333333,0.026343800639898395,0.9866666666666667,0.4866666666666667,0.026343800639898395,101665.5,1
0.99,0.49,0.026343800639898395,0.89,0.39,0.026343800639898395,0.9633333333333334,0.4633333333333334,0.026343800639898395,0.99,0.49,0.026343800639898395,0.9966666666666667,0.4966666666666667,0.026343800639898395,101950.0,1
0.9866666666666667,0.4866666666666667,0.026343800639898395,0.8966666666666666,0.3966666666666666,0.026343800639898395,0.9433333333333334,0.44333333333333336,0.026343800639898395,0.9866666666666667,0.4866666666666667,0.026343800639898395,0.99,0.49,0.026343800639898395,102282.1,1
0.9666666666666667,0.4666666666666667,0.026343800639898395,0.91,0.41000000000000003,0.026343800639898395,0.9733333333333334,0.4733333333333334,0.026343800639898395,0.98,0.48,0.026343800639898395,0.98,0.48,0.026343800639898395,101624.3,1
0.9466666666666667,0.44666666666666666,0.026343800639898395,0.9166666666666666,0.41666666666666663,0.026343800639898395,0.9666666666666667,0.4666666666666667,0.026343800639898395,0.9666666666666667,0.4666666666666667,0.026343800639898395,0.9433333333333334,0.44333333333333336,0.026343800639898395,101887.3,1
0.8633333333333333,0.3633333333333333,0.026343800639898395,0.9233333333333333,0.42333333333333334,0.026343800639898395,0.85,0.35,0.026343800639898395,0.91,0.41000000000000003,0.026343800639898395,0.91,0.41000000000000003,0.026343800639898395,102210.1,1
0.22666666666666666,0.2733333333333333,0.026343800639898395,0.19,0.31,0.026343800639898395,0.19,0.31,0.026343800639898395,0.20666666666666667,0.29333333333333333,0.026343800639898395,0.18666666666666668,0.31333333333333335,0.026343800639898395,103766.7,0
0.2733333333333333,0.22666666666666668,0.026343800639898395,0.23333333333333334,0.26666666666666666,0.026343800639898395,0.19333333333333333,0.30666666666666664,0.026343800639898395,0.18,0.32,0.026343800639898395,0.19333333333333333,0.30666666666666664,0.026343800639898395,104791.0,0
0.6233333333333333,0.1233333333333333,0.026343800639898395,0.73,0.22999999999999998,0.026343800639898395,0.5866666666666667,0.08666666666666667,0.026343800639898395,0.6433333333333333,0.1433333333333333,0.026343800639898395,0.6866666666666666,0.18666666666666665,0.026343800639898395,104729.8,1
0.02,0.48,0.026343800639898395,0.023333333333333334,0.4766666666666667,0.026343800639898395,0.02,0.48,0.026343800639898395,0.04,0.46,0.026343800639898395,0.03666666666666667,0.4633333333333333,0.026343800639898395,106015.7,0
0.01,0.49,0.026343800639898395,0.016666666666666666,0.48333333333333334,0.026343800639898395,0.01,0.49,0.026343800639898395,0.0033333333333333335,0.49666666666666665,0.026343800639898395,0.01,0.49,0.026343800639898395,106416.5,0
0.02,0.48,0.026343800639898395,0.02666666666666667,0.47333333333333333,0.026343800639898395,0.02,0.48,0.026343800639898395,0.0033333333333333335,0.49666666666666665,0.026343800639898395,0.013333333333333334,0.4866666666666667,0.026343800639898395,106200.0,0
0.01,0.49,0.026343800639898395,0.1,0.4,0.026343800639898395,0.01,0.49,0.026343800639898395,0.023333333333333334,0.4766666666666667,0.026343800639898395,0.01,0.49,0.026343800639898395,105017.9,0
0.006666666666666667,0.49333333333333335,0.026343800639898395,0.043333333333333335,0.45666666666666667,0.026343800639898395,0.0033333333333333335,0.49666666666666665,0.026343800639898395,0.013333333333333334,0.4866666666666667,0.026343800639898395,0.0,0.5,0.026343800639898395,105768.1,0
0.006666666666666667,0.49333333333333335,0.026343800639898395,0.023333333333333334,0.4766666666666667,0.026343800639898395,0.0,0.5,0.026343800639898395,0.006666666666666667,0.49333333333333335,0.026343800639898395,0.006666666666666667,0.49333333333333335,0.026343800639898395,105973.3,0
0.02666666666666667,0.47333333333333333,0.026343800639898395,0.023333333333333334,0.4766666666666667,0.026343800639898395,0.02666666666666667,0.47333333333333333,0.026343800639898395,0.02,0.48,0.026343800639898395,0.0033333333333333335,0.49666666666666665,0.026343800639898395,106470.1,0
0.0,0.5,0.026343800639898395,0.016666666666666666,0.48333333333333334,0.026343800639898395,0.0033333333333333335,0.49666666666666665,0.026343800639898395,0.03666666666666667,0.4633333333333333,0.026343800639898395,0.0033333333333333335,0.49666666666666665,0.026343800639898395,104731.5,0
0.0033333333333333335,0.49666666666666665,0.026343800639898395,0.01,0.49,0.026343800639898395,0.0033333333333333335,0.49666666666666665,0.026343800639898395,0.0,0.5,0.026343800639898395,0.01,0.49,0.026343800639898395,105230.0,0
0.0033333333333333335,0.49666666666666665,0.026343800639898395,0.0033333333333333335,0.49666666666666665,0.026343800639898395,0.016666666666666666,0.48333333333333334,0.026343800639898395,0.006666666666666667,0.49333333333333335,0.026343800639898395,0.006666666666666667,0.49333333333333335,0.026343800639898395,103480.1,0
0.006666666666666667,0.49333333333333335,0.026343800639898395,0.0033333333333333335,0.49666666666666665,0.026343800639898395,0.01,0.49,0.026343800639898395,0.0033333333333333335,0.49666666666666665,0.026343800639898395,0.0,0.5,0.026343800639898395,103105.1,0
0.006666666666666667,0.49333333333333335,0.026343800639898395,0.02,0.48,0.026343800639898395,0.006666666666666667,0.49333333333333335,0.026343800639898395,0.006666666666666667,0.49333333333333335,0.026343800639898395,0.016666666666666666,0.48333333333333334,0.026343800639898395,103011.5,0
0.0033333333333333335,0.49666666666666665,0.026343800639898395,0.02,0.48,0.026343800639898395,0.0033333333333333335,0.49666666666666665,0.026343800639898395,0.0033333333333333335,0.49666666666666665,0.026343800639898395,0.01,0.49,0.026343800639898395,103254.8,0
0.0,0.5,0.026343800639898395,0.02666666666666667,0.47333333333333333,0.026343800639898395,0.0033333333333333335,0.49666666666666665,0.026343800639898395,0.006666666666666667,0.49333333333333335,0.026343800639898395,0.006666666666666667,0.49333333333333335,0.026343800639898395,103117.5,0
0.0033333333333333335,0.49666666666666665,0.026343800639898395,0.06,0.44,0.026343800639898395,0.01,0.49,0.026343800639898395,0.006666666666666667,0.49333333333333335,0.026343800639898395,0.013333333333333334,0.4866666666666667,0.026343800639898395,104994.2,0
0.023333333333333334,0.4766666666666667,0.026343800639898395,0.03666666666666667,0.4633333333333333,0.026343800639898395,0.02,0.48,0.026343800639898395,0.013333333333333334,0.4866666666666667,0.026343800639898395,0.013333333333333334,0.4866666666666667,0.026343800639898395,102170.9,0
0.14,0.36,0.026343800639898395,0.03666666666666667,0.4633333333333333,0.026343800639898395,0.04666666666666667,0.4533333333333333,0.026343800639898395,0.03333333333333333,0.4666666666666667,0.026343800639898395,0.06666666666666667,0.43333333333333335,0.026343800639898395,101279.9,0
0.04666666666666667,0.4533333333333333,0.026343800639898395,0.03,0.47,0.026343800639898395,0.02,0.48,0.026343800639898395,0.013333333333333334,0.4866666666666667,0.026343800639898395,0.01,0.49,0.026343800639898395,101666.6,0
0.0033333333333333335,0.49666666666666665,0.026343800639898395,0.043333333333333335,0.45666666666666667,0.026343800639898395,0.02,0.48,0.026343800639898395,0.006666666666666667,0.49333333333333335,0.026343800639898395,0.006666666666666667,0.49333333333333335,0.026343800639898395,102162.8,0
0.006666666666666667,0.49333333333333335,0.026343800639898395,0.043333333333333335,0.45666666666666667,0.026343800639898395,0.013333333333333334,0.4866666666666667,0.026343800639898395,0.0,0.5,0.026343800639898395,0.01,0.49,0.026343800639898395,103457.8,0
0.0033333333333333335,0.49666666666666665,0.026343800639898395,0.043333333333333335,0.45666666666666667,0.026343800639898395,0.0,0.5,0.026343800639898395,0.0033333333333333335,0.49666666666666665,0.026343800639898395,0.01,0.49,0.026343800639898395,102923.7,0
0.013333333333333334,0.4866666666666667,0.026343800639898395,0.03,0.47,0.026343800639898395,0.016666666666666666,0.48333333333333334,0.026343800639898395,0.01,0.49,0.026343800639898395,0.006666666666666667,0.49333333333333335,0.026343800639898395,101390.1,0
0.08666666666666667,0.41333333333333333,0.026343800639898395,0.023333333333333334,0.4766666666666667,0.026343800639898395,0.05,0.45,0.026343800639898395,0.05333333333333334,0.44666666666666666,0.026343800639898395,0.07666666666666666,0.42333333333333334,0.026343800639898395,98640.1,0
0.03333333333333333,0.4666666666666667,0.026343800639898395,0.01,0.49,0.026343800639898395,0.056666666666666664,0.44333333333333336,0.026343800639898395,0.02666666666666667,0.47333333333333333,0.026343800639898395,0.016666666666666666,0.48333333333333334,0.026343800639898395,99680.1,0
0.0,0.5,0.026343800639898395,0.03333333333333333,0.4666666666666667,0.026343800639898395,0.02666666666666667,0.47333333333333333,0.026343800639898395,0.006666666666666667,0.49333333333333335,0.026343800639898395,0.02,0.48,0.026343800639898395,99091.5,0
0.04666666666666667,0.4533333333333333,0.026343800639898395,0.023333333333333334,0.4766666666666667,0.026343800639898395,0.06,0.44,0.026343800639898395,0.04,0.46,0.026343800639898395,0.056666666666666664,0.44333333333333336,0.026343800639898395,97097.4,0
0.11333333333333333,0.38666666666666666,0.026343800639898395,0.11666666666666667,0.3833333333333333,0.026343800639898395,0.11,0.39,0.026343800639898395,0.07,0.43,0.026343800639898395,0.15333333333333332,0.3466666666666667,0.026343800639898395,96153.9,0
0.01,0.49,0.026343800639898395,0.01,0.49,0.026343800639898395,0.01,0.49,0.026343800639898395,0.03333333333333333,0.4666666666666667,0.026343800639898395,0.04,0.46,0.026343800639898395,96695.8,0
0.03,0.47,0.026343800639898395,0.10666666666666667,0.3933333333333333,0.026343800639898395,0.06333333333333334,0.43666666666666665,0.026343800639898395,0.06333333333333334,0.43666666666666665,0.026343800639898395,0.01,0.49,0.026343800639898395,95714.4,0
0.7433333333333333,0.2433333333333333,0.026343800639898395,0.8,0.30000000000000004,0.026343800639898395,0.7233333333333334,0.22333333333333338,0.026343800639898395,0.65,0.15000000000000002,0.026343800639898395,0.7,0.19999999999999996,0.026343800639898395,94517.3,1
0.013333333333333334,0.4866666666666667,0.026343800639898395,0.03,0.47,0.026343800639898395,0.0033333333333333335,0.49666666666666665,0.026343800639898395,0.02666666666666667,0.47333333333333333,0.026343800639898395,0.013333333333333334,0.4866666666666667,0.026343800639898395,96309.9,0
0.01,0.49,0.026343800639898395,0.02,0.48,0.026343800639898395,0.016666666666666666,0.48333333333333334,0.026343800639898395,0.0,0.5,0.026343800639898395,0.0,0.5,0.026343800639898395,96250.0,0
0.0,0.5,0.026343800639898395,0.016666666666666666,0.48333333333333334,0.026343800639898395,0.01,0.49,0.026343800639898395,0.006666666666666667,0.49333333333333335,0.026343800639898395,0.01,0.49,0.026343800639898395,95575.5,0
0.0,0.5,0.026343800639898395,0.09666666666666666,0.4033333333333333,0.026343800639898395,0.0,0.5,0.026343800639898395,0.0,0.5,0.026343800639898395,0.0033333333333333335,0.49666666666666665,0.026343800639898395,96216.1,0
0.0,0.5,0.026343800639898395,0.10666666666666667,0.3933333333333333,0.026343800639898395,0.04,0.46,0.026343800639898395,0.0033333333333333335,0.49666666666666665,0.026343800639898395,0.0033333333333333335,0.49666666666666665,0.026343800639898395,95939.8,0
0.006666666666666667,0.49333333333333335,0.026343800639898395,0.05333333333333334,0.44666666666666666,0.026343800639898395,0.0033333333333333335,0.49666666666666665,0.026343800639898395,0.006666666666666667,0.49333333333333335,0.026343800639898395,0.0033333333333333335,0.49666666666666665,0.026343800639898395,95537.9,0
0.0,0.5,0.026343800639898395,0.05333333333333334,0.44666666666666666,0.026343800639898395,0.0033333333333333335,0.49666666666666665,0.026343800639898395,0.0033333333333333335,0.49666666666666665,0.026343800639898395,0.02,0.48,0.026343800639898395,95766.5,0
0.0,0.5,0.026343800639898395,0.07333333333333333,0.42666666666666664,0.026343800639898395,0.0033333333333333335,0.49666666666666665,0.026343800639898395,0.0033333333333333335,0.49666666666666665,0.026343800639898395,0.0033333333333333335,0.49666666666666665,0.026343800639898395,96000.0,0
0.0,0.5,0.026343800639898395,0.09,0.41000000000000003,0.026343800639898395,0.0033333333333333335,0.49666666666666665,0.026343800639898395,0.0033333333333333335,0.49666666666666665,0.026343800639898395,0.013333333333333334,0.4866666666666667,0.026343800639898395,95550.0,0
0.0033333333333333335,0.49666666666666665,0.026343800639898395,0.03666666666666667,0.4633333333333333,0.026343800639898395,0.01,0.49,0.026343800639898395,0.043333333333333335,0.45666666666666667,0.026343800639898395,0.016666666666666666,0.48333333333333334,0.026343800639898395,94430.1,0
0.0,0.5,0.026343800639898395,0.056666666666666664,0.44333333333333336,0.026343800639898395,0.016666666666666666,0.48333333333333334,0.026343800639898395,0.03,0.47,0.026343800639898395,0.013333333333333334,0.4866666666666667,0.026343800639898395,93962.4,0
0.01,0.49,0.026343800639898395,0.023333333333333334,0.4766666666666667,0.026343800639898395,0.0,0.5,0.026343800639898395,0.0033333333333333335,0.49666666666666665,0.026343800639898395,0.0,0.5,0.026343800639898395,94190.1,0
0.0,0.5,0.026343800639898395,0.006666666666666667,0.49333333333333335,0.026343800639898395,0.0,0.5,0.026343800639898395,0.0,0.5,0.026343800639898395,0.006666666666666667,0.49333333333333335,0.026343800639898395,95399.9,0
0.0,0.5,0.026343800639898395,0.013333333333333334,0.4866666666666667,0.026343800639898395,0.0033333333333333335,0.49666666666666665,0.026343800639898395,0.0,0.5,0.026343800639898395,0.006666666666666667,0.49333333333333335,0.026343800639898395,95620.1,0
0.0,0.5,0.026343800639898395,0.02666666666666667,0.47333333333333333,0.026343800639898395,0.0,0.5,0.026343800639898395,0.01,0.49,0.026343800639898395,0.006666666666666667,0.49333333333333335,0.026343800639898395,95479.9,0
0.013333333333333334,0.4866666666666667,0.026343800639898395,0.0033333333333333335,0.49666666666666665,0.026343800639898395,0.006666666666666667,0.49333333333333335,0.026343800639898395,0.02666666666666667,0.47333333333333333,0.026343800639898395,0.006666666666666667,0.49333333333333335,0.026343800639898395,93826.3,0
0.66,0.16000000000000003,0.026343800639898395,0.68,0.18000000000000005,0.026343800639898395,0.6566666666666666,0.15666666666666662,0.026343800639898395,0.7,0.19999999999999996,0.026343800639898395,0.6133333333333333,0.11333333333333329,0.026343800639898395,91549.8,1
0.056666666666666664,0.44333333333333336,0.026343800639898395,0.05333333333333334,0.44666666666666666,0.026343800639898395,0.11,0.39,0.026343800639898395,0.056666666666666664,0.44333333333333336,0.026343800639898395,0.08666666666666667,0.41333333333333333,0.026343800639898395,92101.3,0
0.08666666666666667,0.41333333333333333,0.026343800639898395,0.09,0.41000000000000003,0.026343800639898395,0.07333333333333333,0.42666666666666664,0.026343800639898395,0.02666666666666667,0.47333333333333333,0.026343800639898395,0.12,0.38,0.026343800639898395,90743.9,0
0.08666666666666667,0.41333333333333333,0.026343800639898395,0.05333333333333334,0.44666666666666666,0.026343800639898395,0.04666666666666667,0.4533333333333333,0.026343800639898395,0.016666666666666666,0.48333333333333334,0.026343800639898395,0.15,0.35,0.026343800639898395,90380.0,0
0.0033333333333333335,0.49666666666666665,0.026343800639898395,0.03666666666666667,0.4633333333333333,0.026343800639898395,0.01,0.49,0.026343800639898395,0.0,0.5,0.026343800639898395,0.01,0.49,0.026343800639898395,91410.1,0
0.0,0.5,0.026343800639898395,0.03,0.47,0.026343800639898395,0.0033333333333333335,0.49666666666666665,0.026343800639898395,0.0,0.5,0.026343800639898395,0.0,0.5,0.026343800639898395,92873.7,0
0.0,0.5,0.026343800639898395,0.03666666666666667,0.4633333333333333,0.026343800639898395,0.0,0.5,0.026343800639898395,0.0,0.5,0.026343800639898395,0.0033333333333333335,0.49666666666666665,0.026343800639898395,93139.8,0
0.0,0.5,0.026343800639898395,0.02666666666666667,0.47333333333333333,0.026343800639898395,0.0033333333333333335,0.49666666666666665,0.026343800639898395,0.0,0.5,0.026343800639898395,0.0,0.5,0.026343800639898395,92966.1,0
0.0,0.5,0.026343800639898395,0.006666666666666667,0.49333333333333335,0.026343800639898395,0.006666666666666667,0.49333333333333335,0.026343800639898395,0.0,0.5,0.026343800639898395,0.0,0.5,0.026343800639898395,92450.0,0
0.0,0.5,0.026343800639898395,0.006666666666666667,0.49333333333333335,0.026343800639898395,0.0,0.5,0.026343800639898395,0.0033333333333333335,0.49666666666666665,0.026343800639898395,0.0,0.5,0.026343800639898395,91852.2,0
0.0033333333333333335,0.49666666666666665,0.026343800639898395,0.01,0.49,0.026343800639898395,0.0,0.5,0.026343800639898395,0.01,0.49,0.026343800639898395,0.0033333333333333335,0.49666666666666665,0.026343800639898395,91366.0,0
0.02,0.48,0.026343800639898395,0.07666666666666666,0.42333333333333334,0.026343800639898395,0.02,0.48,0.026343800639898395,0.03666666666666667,0.4633333333333333,0.026343800639898395,0.023333333333333334,0.4766666666666667,0.026343800639898395,89881.5,0
0.09,0.41000000000000003,0.026343800639898395,0.11,0.39,0.026343800639898395,0.04,0.46,0.026343800639898395,0.1,0.4,0.026343800639898395,0.07666666666666666,0.42333333333333334,0.026343800639898395,88777.9,0
0.0,0.5,0.026343800639898395,0.05,0.45,0.026343800639898395,0.0033333333333333335,0.49666666666666665,0.026343800639898395,0.0033333333333333335,0.49666666666666665,0.026343800639898395,0.03,0.47,0.026343800639898395,91427.7,0
0.0033333333333333335,0.49666666666666665,0.026343800639898395,0.04,0.46,0.026343800639898395,0.006666666666666667,0.49333333333333335,0.026343800639898395,0.01,0.49,0.026343800639898395,0.006666666666666667,0.49333333333333335,0.026343800639898395,92396.4,0
0.0033333333333333335,0.49666666666666665,0.026343800639898395,0.07666666666666666,0.42333333333333334,0.026343800639898395,0.006666666666666667,0.49333333333333335,0.026343800639898395,0.0033333333333333335,0.49666666666666665,0.026343800639898395,0.006666666666666667,0.49333333333333335,0.026343800639898395,92255.1,0
0.006666666666666667,0.49333333333333335,0.026343800639898395,0.01,0.49,0.026343800639898395,0.0,0.5,0.026343800639898395,0.006666666666666667,0.49333333333333335,0.026343800639898395,0.01,0.49,0.026343800639898395,91873.0,0
0.016666666666666666,0.48333333333333334,0.026343800639898395,0.013333333333333334,0.4866666666666667,0.026343800639898395,0.016666666666666666,0.48333333333333334,0.026343800639898395,0.01,0.49,0.026343800639898395,0.03333333333333333,0.4666666666666667,0.026343800639898395,89755.2,0
0.16,0.33999999999999997,0.026343800639898395,0.04,0.46,0.026343800639898395,0.12333333333333334,0.37666666666666665,0.026343800639898395,0.06666666666666667,0.43333333333333335,0.026343800639898395,0.14666666666666667,0.35333333333333333,0.026343800639898395,86801.0,0
0.15333333333333332,0.3466666666666667,0.026343800639898395,0.03666666666666667,0.4633333333333333,0.026343800639898395,0.14,0.36,0.026343800639898395,0.1,0.4,0.026343800639898395,0.12666666666666668,0.3733333333333333,0.026343800639898395,86503.0,0
0.8933333333333333,0.3933333333333333,0.026343800639898395,0.98,0.48,0.026343800639898395,0.8833333333333333,0.3833333333333333,0.026343800639898395,0.93,0.43000000000000005,0.026343800639898395,0.81,0.31000000000000005,0.026343800639898395,85777.0,1
0.99,0.49,0.026343800639898395,0.9466666666666667,0.44666666666666666,0.026343800639898395,0.97,0.47,0.026343800639898395,0.9933333333333333,0.4933333333333333,0.026343800639898395,0.9766666666666667,0.4766666666666667,0.026343800639898395,83929.4,1
0.9966666666666667,0.4966666666666667,0.026343800639898395,0.9566666666666667,0.45666666666666667,0.026343800639898395,0.9933333333333333,0.4933333333333333,0.026343800639898395,0.99,0.49,0.026343800639898395,0.9866666666666667,0.4866666666666667,0.026343800639898395,82214.4,1
0.9966666666666667,0.4966666666666667,0.026343800639898395,0.9566666666666667,0.45666666666666667,0.026343800639898395,1.0,0.5,0.026343800639898395,0.9966666666666667,0.4966666666666667,0.026343800639898395,0.98,0.48,0.026343800639898395,82836.6,1
0.97,0.47,0.026343800639898395,0.9566666666666667,0.45666666666666667,0.026343800639898395,0.99,0.49,0.026343800639898395,0.9966666666666667,0.4966666666666667,0.026343800639898395,0.9366666666666666,0.43666666666666665,0.026343800639898395,84165.1,1
0.9866666666666667,0.4866666666666667,0.026343800639898395,0.8766666666666667,0.3766666666666667,0.026343800639898395,0.98,0.48,0.026343800639898395,0.9866666666666667,0.4866666666666667,0.026343800639898395,0.9266666666666666,0.42666666666666664,0.026343800639898395,85069.4,1
0.9866666666666667,0.4866666666666667,0.026343800639898395,0.9766666666666667,0.4766666666666667,0.026343800639898395,0.99,0.49,0.026343800639898395,1.0,0.5,0.026343800639898395,0.9733333333333334,0.4733333333333334,0.026343800639898395,84404.4,1
0.9933333333333333,0.4933333333333333,0.026343800639898395,0.9766666666666667,0.4766666666666667,0.026343800639898395,0.9833333333333333,0.4833333333333333,0.026343800639898395,1.0,0.5,0.026343800639898395,1.0,0.5,0.026343800639898395,84525.4,1
1.0,0.5,0.026343800639898395,0.9233333333333333,0.42333333333333334,0.026343800639898395,0.9833333333333333,0.4833333333333333,0.026343800639898395,1.0,0.5,0.026343800639898395,0.9933333333333333,0.4933333333333333,0.026343800639898395,84046.8,1
0.9933333333333333,0.4933333333333333,0.026343800639898395,0.9133333333333333,0.41333333333333333,0.026343800639898395,0.9966666666666667,0.4966666666666667,0.026343800639898395,0.9966666666666667,0.4966666666666667,0.026343800639898395,0.9966666666666667,0.4966666666666667,0.026343800639898395,84242.5,1
0.9933333333333333,0.4933333333333333,0.026343800639898395,0.9233333333333333,0.42333333333333334,0.026343800639898395,0.99,0.49,0.026343800639898395,1.0,0.5,0.026343800639898395,0.99,0.49,0.026343800639898395,84555.8,1
0.9866666666666667,0.4866666666666667,0.026343800639898395,0.9233333333333333,0.42333333333333334,0.026343800639898395,0.9866666666666667,0.4866666666666667,0.026343800639898395,1.0,0.5,0.026343800639898395,0.9766666666666667,0.4766666666666667,0.026343800639898395,84679.9,1
0.9833333333333333,0.4833333333333333,0.026343800639898395,0.8866666666666667,0.3866666666666667,0.026343800639898395,0.9633333333333334,0.4633333333333334,0.026343800639898395,0.9866666666666667,0.4866666666666667,0.026343800639898395,0.9833333333333333,0.4833333333333333,0.026343800639898395,86248.8,1
0.98,0.48,0.026343800639898395,0.9533333333333334,0.45333333333333337,0.026343800639898395,0.9833333333333333,0.4833333333333333,0.026343800639898395,0.9933333333333333,0.4933333333333333,0.026343800639898395,0.9566666666666667,0.45666666666666667,0.026343800639898395,85735.5,1
0.9933333333333333,0.4933333333333333,0.026343800639898395,0.9366666666666666,0.43666666666666665,0.026343800639898395,0.9833333333333333,0.4833333333333333,0.026343800639898395,0.9933333333333333,0.4933333333333333,0.026343800639898395,0.9733333333333334,0.4733333333333334,0.026343800639898395,86241.3,1
0.9766666666666667,0.4766666666666667,0.026343800639898395,0.9366666666666666,0.43666666666666665,0.026343800639898395,0.99,0.49,0.026343800639898395,0.9866666666666667,0.4866666666666667,0.026343800639898395,0.9866666666666667,0.4866666666666667,0.026343800639898395,87049.2,1
0.92,0.42000000000000004,0.026343800639898395,0.9466666666666667,0.44666666666666666,0.026343800639898395,0.96,0.45999999999999996,0.026343800639898395,0.92,0.42000000000000004,0.026343800639898395,0.9466666666666667,0.44666666666666666,0.026343800639898395,87300.0,1
0.96,0.45999999999999996,0.026343800639898395,0.9333333333333333,0.43333333333333335,0.026343800639898395,0.9433333333333334,0.44333333333333336,0.026343800639898395,0.9566666666666667,0.45666666666666667,0.026343800639898395,0.9166666666666666,0.41666666666666663,0.026343800639898395,86777.4,1
0.38666666666666666,0.11333333333333334,0.026343800639898395,0.34,0.15999999999999998,0.026343800639898395,0.38666666666666666,0.11333333333333334,0.026343800639898395,0.36333333333333334,0.13666666666666666,0.026343800639898395,0.37333333333333335,0.12666666666666665,0.026343800639898395,87433.6,0
0.8766666666666667,0.3766666666666667,0.026343800639898395,0.9266666666666666,0.42666666666666664,0.026343800639898395,0.88,0.38,0.026343800639898395,0.94,0.43999999999999995,0.026343800639898395,0.9133333333333333,0.41333333333333333,0.026343800639898395,86997.2,1
0.9866666666666667,0.4866666666666667,0.026343800639898395,0.93,0.43000000000000005,0.026343800639898395,0.98,0.48,0.026343800639898395,0.9766666666666667,0.4766666666666667,0.026343800639898395,0.97,0.47,0.026343800639898395,86217.2,1
0.99,0.49,0.026343800639898395,0.9433333333333334,0.44333333333333336,0.026343800639898395,0.9833333333333333,0.4833333333333333,0.026343800639898395,0.9833333333333333,0.4833333333333333,0.026343800639898395,0.9666666666666667,0.4666666666666667,0.026343800639898395,86562.6,1
0.9266666666666666,0.42666666666666664,0.026343800639898395,0.8866666666666667,0.3866666666666667,0.026343800639898395,0.9433333333333334,0.44333333333333336,0.026343800639898395,0.91,0.41000000000000003,0.026343800639898395,0.9066666666666666,0.4066666666666666,0.026343800639898395,88310.2,1
0.94,0.43999999999999995,0.026343800639898395,0.89,0.39,0.026343800639898395,0.9433333333333334,0.44333333333333336,0.026343800639898395,0.9666666666666667,0.4666666666666667,0.026343800639898395,0.94,0.43999999999999995,0.026343800639898395,88275.0,1
0.9866666666666667,0.4866666666666667,0.026343800639898395,0.9,0.4,0.026343800639898395,0.9866666666666667,0.4866666666666667,0.026343800639898395,0.9966666666666667,0.4966666666666667,0.026343800639898395,0.9766666666666667,0.4766666666666667,0.026343800639898395,87735.1,1
0.9866666666666667,0.4866666666666667,0.026343800639898395,0.9266666666666666,0.42666666666666664,0.026343800639898395,0.9866666666666667,0.4866666666666667,0.026343800639898395,1.0,0.5,0.026343800639898395,0.9733333333333334,0.4733333333333334,0.026343800639898395,87396.6,1
0.98,0.48,0.026343800639898395,0.98,0.48,0.026343800639898395,0.9833333333333333,0.4833333333333333,0.026343800639898395,1.0,0.5,0.026343800639898395,0.9833333333333333,0.4833333333333333,0.026343800639898395,87336.0,1
1.0,0.5,0.026343800639898395,0.9533333333333334,0.45333333333333337,0.026343800639898395,0.99,0.49,0.026343800639898395,0.9966666666666667,0.4966666666666667,0.026343800639898395,0.9866666666666667,0.4866666666666667,0.026343800639898395,86934.8,1
1.0,0.5,0.026343800639898395,0.9533333333333334,0.45333333333333337,0.026343800639898395,0.9933333333333333,0.4933333333333333,0.026343800639898395,0.99,0.49,0.026343800639898395,0.9833333333333333,0.4833333333333333,0.026343800639898395,86861.5,1
0.9966666666666667,0.4966666666666667,0.026343800639898395,0.9366666666666666,0.43666666666666665,0.026343800639898395,0.9866666666666667,0.4866666666666667,0.026343800639898395,0.9833333333333333,0.4833333333333333,0.026343800639898395,0.9733333333333334,0.4733333333333334,0.026343800639898395,87326.3,1
0.9933333333333333,0.4933333333333333,0.026343800639898395,0.94,0.43999999999999995,0.026343800639898395,0.98,0.48,0.026343800639898395,1.0,0.5,0.026343800639898395,0.9733333333333334,0.4733333333333334,0.026343800639898395,87089.2,1
0.95,0.44999999999999996,0.026343800639898395,0.9433333333333334,0.44333333333333336,0.026343800639898395,0.9366666666666666,0.43666666666666665,0.026343800639898395,0.98,0.48,0.026343800639898395,0.9633333333333334,0.4633333333333334,0.026343800639898395,87900.0,1
0.9933333333333333,0.4933333333333333,0.026343800639898395,0.96,0.45999999999999996,0.026343800639898395,0.9833333333333333,0.4833333333333333,0.026343800639898395,0.99,0.49,0.026343800639898395,0.9766666666666667,0.4766666666666667,0.026343800639898395,87069.7,1
0.99,0.49,0.026343800639898395,0.97,0.47,0.026343800639898395,0.97,0.47,0.026343800639898395,0.9766666666666667,0.4766666666666667,0.026343800639898395,0.9666666666666667,0.4666666666666667,0.026343800639898395,86895.4,1
0.9266666666666666,0.42666666666666664,0.026343800639898395,0.93,0.43000000000000005,0.026343800639898395,0.9033333333333333,0.4033333333333333,0.026343800639898395,0.8866666666666667,0.3866666666666667,0.026343800639898395,0.8633333333333333,0.3633333333333333,0.026343800639898395,89988.2,1
0.86,0.36,0.026343800639898395,0.92,0.42000000000000004,0.026343800639898395,0.85,0.35,0.026343800639898395,0.86,0.36,0.026343800639898395,0.8066666666666666,0.30666666666666664,0.026343800639898395,90535.7,1
0.11666666666666667,0.3833333333333333,0.026343800639898395,0.05,0.45,0.026343800639898395,0.07666666666666666,0.42333333333333334,0.026343800639898395,0.07666666666666666,0.42333333333333334,0.026343800639898395,0.043333333333333335,0.45666666666666667,0.026343800639898395,91133.2,0
0.03333333333333333,0.4666666666666667,0.026343800639898395,0.05333333333333334,0.44666666666666666,0.026343800639898395,0.023333333333333334,0.4766666666666667,0.026343800639898395,0.01,0.49,0.026343800639898395,0.016666666666666666,0.48333333333333334,0.026343800639898395,91407.1,0
0.03666666666666667,0.4633333333333333,0.026343800639898395,0.03,0.47,0.026343800639898395,0.013333333333333334,0.4866666666666667,0.026343800639898395,0.0033333333333333335,0.49666666666666665,0.026343800639898395,0.04666666666666667,0.4533333333333333,0.026343800639898395,91413.6,0
0.14666666666666667,0.35333333333333333,0.026343800639898395,0.03333333333333333,0.4666666666666667,0.026343800639898395,0.06,0.44,0.026343800639898395,0.10333333333333333,0.39666666666666667,0.026343800639898395,0.043333333333333335,0.45666666666666667,0.026343800639898395,90954.4,0
0.03333333333333333,0.4666666666666667,0.026343800639898395,0.05333333333333334,0.44666666666666666,0.026343800639898395,0.016666666666666666,0.48333333333333334,0.026343800639898395,0.016666666666666666,0.48333333333333334,0.026343800639898395,0.03,0.47,0.026343800639898395,91518.8,0
0.10666666666666667,0.3933333333333333,0.026343800639898395,0.05,0.45,0.026343800639898395,0.04,0.46,0.026343800639898395,0.15,0.35,0.026343800639898395,0.05,0.45,0.026343800639898395,91281.4,0
0.7166666666666667,0.21666666666666667,0.026343800639898395,0.78,0.28,0.026343800639898395,0.7733333333333333,0.2733333333333333,0.026343800639898395,0.7866666666666666,0.2866666666666666,0.026343800639898395,0.6833333333333333,0.18333333333333335,0.026343800639898395,91205.0,1
0.7566666666666667,0.2566666666666667,0.026343800639898395,0.7333333333333333,0.23333333333333328,0.026343800639898395,0.7066666666666667,0.20666666666666667,0.026343800639898395,0.7933333333333333,0.29333333333333333,0.026343800639898395,0.72,0.21999999999999997,0.026343800639898395,90915.5,1
0.22,0.28,0.026343800639898395,0.08333333333333333,0.4166666666666667,0.026343800639898395,0.04666666666666667,0.4533333333333333,0.026343800639898395,0.20333333333333334,0.29666666666666663,0.026343800639898395,0.15,0.35,0.026343800639898395,91461.4,0
0.06333333333333334,0.43666666666666665,0.026343800639898395,0.11666666666666667,0.3833333333333333,0.026343800639898395,0.03,0.47,0.026343800639898395,0.05,0.45,0.026343800639898395,0.05333333333333334,0.44666666666666666,0.026343800639898395,92357.1,0
0.11666666666666667,0.3833333333333333,0.026343800639898395,0.08,0.42,0.026343800639898395,0.04666666666666667,0.4533333333333333,0.026343800639898395,0.03,0.47,0.026343800639898395,0.023333333333333334,0.4766666666666667,0.026343800639898395,91166.3,0
0.11666666666666667,0.3833333333333333,0.026343800639898395,0.04,0.46,0.026343800639898395,0.056666666666666664,0.44333333333333336,0.026343800639898395,0.023333333333333334,0.4766666666666667,0.026343800639898395,0.03333333333333333,0.4666666666666667,0.026343800639898395,90912.7,0
0.023333333333333334,0.4766666666666667,0.026343800639898395,0.01,0.49,0.026343800639898395,0.006666666666666667,0.49333333333333335,0.026343800639898395,0.006666666666666667,0.49333333333333335,0.026343800639898395,0.03,0.47,0.026343800639898395,90689.9,0
0.03333333333333333,0.4666666666666667,0.026343800639898395,0.03666666666666667,0.4633333333333333,0.026343800639898395,0.03333333333333333,0.4666666666666667,0.026343800639898395,0.02666666666666667,0.47333333333333333,0.026343800639898395,0.023333333333333334,0.4766666666666667,0.026343800639898395,90583.8,0
0.013333333333333334,0.4866666666666667,0.026343800639898395,0.043333333333333335,0.45666666666666667,0.026343800639898395,0.023333333333333334,0.4766666666666667,0.026343800639898395,0.0,0.5,0.026343800639898395,0.016666666666666666,0.48333333333333334,0.026343800639898395,90674.0,0
0.06666666666666667,0.43333333333333335,0.026343800639898395,0.06666666666666667,0.43333333333333335,0.026343800639898395,0.056666666666666664,0.44333333333333336,0.026343800639898395,0.02666666666666667,0.47333333333333333,0.026343800639898395,0.013333333333333334,0.4866666666666667,0.026343800639898395,91090.5,0
0.05,0.45,0.026343800639898395,0.1,0.4,0.026343800639898395,0.08333333333333333,0.4166666666666667,0.026343800639898395,0.03,0.47,0.026343800639898395,0.05333333333333334,0.44666666666666666,0.026343800639898395,90665.9,0
0.08333333333333333,0.4166666666666667,0.026343800639898395,0.07333333333333333,0.42666666666666664,0.026343800639898395,0.11666666666666667,0.3833333333333333,0.026343800639898395,0.09,0.41000000000000003,0.026343800639898395,0.1,0.4,0.026343800639898395,90833.6,0
0.8733333333333333,0.3733333333333333,0.026343800639898395,0.82,0.31999999999999995,0.026343800639898395,0.8566666666666667,0.3566666666666667,0.026343800639898395,0.83,0.32999999999999996,0.026343800639898395,0.8666666666666667,0.3666666666666667,0.026343800639898395,90902.6,1
0.96,0.45999999999999996,0.026343800639898395,0.93,0.43000000000000005,0.026343800639898395,0.9366666666666666,0.43666666666666665,0.026343800639898395,0.9833333333333333,0.4833333333333333,0.026343800639898395,0.9566666666666667,0.45666666666666667,0.026343800639898395,90957.6,1
0.9633333333333334,0.4633333333333334,0.026343800639898395,0.9566666666666667,0.45666666666666667,0.026343800639898395,0.97,0.47,0.026343800639898395,0.9966666666666667,0.4966666666666667,0.026343800639898395,0.9733333333333334,0.4733333333333334,0.026343800639898395,91059.4,1
0.97,0.47,0.026343800639898395,0.92,0.42000000000000004,0.026343800639898395,0.93,0.43000000000000005,0.026343800639898395,0.9766666666666667,0.4766666666666667,0.026343800639898395,0.9533333333333334,0.45333333333333337,0.026343800639898395,91424.0,1
0.95,0.44999999999999996,0.026343800639898395,0.9366666666666666,0.43666666666666665,0.026343800639898395,0.9466666666666667,0.44666666666666666,0.026343800639898395,0.9833333333333333,0.4833333333333333,0.026343800639898395,0.9566666666666667,0.45666666666666667,0.026343800639898395,91434.7,1
0.9266666666666666,0.42666666666666664,0.026343800639898395,0.9433333333333334,0.44333333333333336,0.026343800639898395,0.9366666666666666,0.43666666666666665,0.026343800639898395,0.9566666666666667,0.45666666666666667,0.026343800639898395,0.9066666666666666,0.4066666666666666,0.026343800639898395,90373.9,1
0.9633333333333334,0.4633333333333334,0.026343800639898395,0.8933333333333333,0.3933333333333333,0.026343800639898395,0.9766666666666667,0.4766666666666667,0.026343800639898395,0.9766666666666667,0.4766666666666667,0.026343800639898395,0.9566666666666667,0.45666666666666667,0.026343800639898395,86375.5,1
0.97,0.47,0.026343800639898395,0.9433333333333334,0.44333333333333336,0.026343800639898395,0.98,0.48,0.026343800639898395,0.9833333333333333,0.4833333333333333,0.026343800639898395,0.9666666666666667,0.4666666666666667,0.026343800639898395,86529.6,1
0.9766666666666667,0.4766666666666667,0.026343800639898395,0.9333333333333333,0.43333333333333335,0.026343800639898395,0.99,0.49,0.026343800639898395,0.95,0.44999999999999996,0.026343800639898395,0.95,0.44999999999999996,0.026343800639898395,86124.2,1
0.9633333333333334,0.4633333333333334,0.026343800639898395,0.9766666666666667,0.4766666666666667,0.026343800639898395,0.9966666666666667,0.4966666666666667,0.026343800639898395,0.9766666666666667,0.4766666666666667,0.026343800639898395,0.97,0.47,0.026343800639898395,84659.6,1
0.9866666666666667,0.4866666666666667,0.026343800639898395,0.9133333333333333,0.41333333333333333,0.026343800639898395,0.9866666666666667,0.4866666666666667,0.026343800639898395,0.9966666666666667,0.4966666666666667,0.026343800639898395,0.9833333333333333,0.4833333333333333,0.026343800639898395,85006.2,1
0.9866666666666667,0.4866666666666667,0.026343800639898395,0.9166666666666666,0.41666666666666663,0.026343800639898395,0.9733333333333334,0.4733333333333334,0.026343800639898395,0.9933333333333333,0.4933333333333333,0.026343800639898395,0.9766666666666667,0.4766666666666667,0.026343800639898395,86300.0,1
0.9566666666666667,0.45666666666666667,0.026343800639898395,0.9466666666666667,0.44666666666666666,0.026343800639898395,0.9766666666666667,0.4766666666666667,0.026343800639898395,0.9866666666666667,0.4866666666666667,0.026343800639898395,0.98,0.48,0.026343800639898395,86961.9,1
0.96,0.45999999999999996,0.026343800639898395,0.98,0.48,0.026343800639898395,0.98,0.48,0.026343800639898395,0.98,0.48,0.026343800639898395,0.9666666666666667,0.4666666666666667,0.026343800639898395,87022.0,1
0.9566666666666667,0.45666666666666667,0.026343800639898395,0.9833333333333333,0.4833333333333333,0.026343800639898395,0.96,0.45999999999999996,0.026343800639898395,0.9733333333333334,0.4733333333333334,0.026343800639898395,0.9666666666666667,0.4666666666666667,0.026343800639898395,87380.1,1
0.92,0.42000000000000004,0.026343800639898395,0.87,0.37,0.026343800639898395,0.93,0.43000000000000005,0.026343800639898395,0.92,0.42000000000000004,0.026343800639898395,0.9,0.4,0.026343800639898395,90908.8,1
0.8066666666666666,0.30666666666666664,0.026343800639898395,0.86,0.36,0.026343800639898395,0.8233333333333334,0.32333333333333336,0.026343800639898395,0.83,0.32999999999999996,0.026343800639898395,0.8233333333333334,0.32333333333333336,0.026343800639898395,91913.1,1
0.8566666666666667,0.3566666666666667,0.026343800639898395,0.88,0.38,0.026343800639898395,0.89,0.39,0.026343800639898395,0.8766666666666667,0.3766666666666667,0.026343800639898395,0.8766666666666667,0.3766666666666667,0.026343800639898395,91313.5,1
0.06,0.44,0.026343800639898395,0.05333333333333334,0.44666666666666666,0.026343800639898395,0.08666666666666667,0.41333333333333333,0.026343800639898395,0.08666666666666667,0.41333333333333333,0.026343800639898395,0.06666666666666667,0.43333333333333335,0.026343800639898395,92700.0,0
0.02,0.48,0.026343800639898395,0.06,0.44,0.026343800639898395,0.04666666666666667,0.4533333333333333,0.026343800639898395,0.02,0.48,0.026343800639898395,0.02,0.48,0.026343800639898395,93009.1,0
0.006666666666666667,0.49333333333333335,0.026343800639898395,0.03333333333333333,0.4666666666666667,0.026343800639898395,0.013333333333333334,0.4866666666666667,0.026343800639898395,0.016666666666666666,0.48333333333333334,0.026343800639898395,0.02666666666666667,0.47333333333333333,0.026343800639898395,93018.0,0
0.05,0.45,0.026343800639898395,0.06333333333333334,0.43666666666666665,0.026343800639898395,0.11666666666666667,0.3833333333333333,0.026343800639898395,0.023333333333333334,0.4766666666666667,0.026343800639898395,0.07333333333333333,0.42666666666666664,0.026343800639898395,92359.8,0
0.0033333333333333335,0.49666666666666665,0.026343800639898395,0.023333333333333334,0.4766666666666667,0.026343800639898395,0.023333333333333334,0.4766666666666667,0.026343800639898395,0.0033333333333333335,0.49666666666666665,0.026343800639898395,0.013333333333333334,0.4866666666666667,0.026343800639898395,93020.0,0
0.01,0.49,0.026343800639898395,0.02,0.48,0.026343800639898395,0.006666666666666667,0.49333333333333335,0.026343800639898395,0.006666666666666667,0.49333333333333335,0.026343800639898395,0.01,0.49,0.026343800639898395,93457.9,0
0.02666666666666667,0.47333333333333333,0.026343800639898395,0.03666666666666667,0.4633333333333333,0.026343800639898395,0.013333333333333334,0.4866666666666667,0.026343800639898395,0.016666666666666666,0.48333333333333334,0.026343800639898395,0.013333333333333334,0.4866666666666667,0.026343800639898395,93549.9,0
0.01,0.49,0.026343800639898395,0.023333333333333334,0.4766666666666667,0.026343800639898395,0.02,0.48,0.026343800639898395,0.006666666666666667,0.49333333333333335,0.026343800639898395,0.006666666666666667,0.49333333333333335,0.026343800639898395,93390.5,0
0.016666666666666666,0.48333333333333334,0.026343800639898395,0.03,0.47,0.026343800639898395,0.023333333333333334,0.4766666666666667,0.026343800639898395,0.0033333333333333335,0.49666666666666665,0.026343800639898395,0.02,0.48,0.026343800639898395,92916.8,0
0.006666666666666667,0.49333333333333335,0.026343800639898395,0.023333333333333334,0.4766666666666667,0.026343800639898395,0.023333333333333334,0.4766666666666667,0.026343800639898395,0.0033333333333333335,0.49666666666666665,0.026343800639898395,0.006666666666666667,0.49333333333333335,0.026343800639898395,93058.3,0
0.04666666666666667,0.4533333333333333,0.026343800639898395,0.04666666666666667,0.4533333333333333,0.026343800639898395,0.03666666666666667,0.4633333333333333,0.026343800639898395,0.016666666666666666,0.48333333333333334,0.026343800639898395,0.04666666666666667,0.4533333333333333,0.026343800639898395,92005.0,0
0.016666666666666666,0.48333333333333334,0.026343800639898395,0.04666666666666667,0.4533333333333333,0.026343800639898395,0.016666666666666666,0.48333333333333334,0.026343800639898395,0.0,0.5,0.026343800639898395,0.02666666666666667,0.47333333333333333,0.026343800639898395,92142.6,0
0.03666666666666667,0.4633333333333333,0.026343800639898395,0.043333333333333335,0.45666666666666667,0.026343800639898395,0.06666666666666667,0.43333333333333335,0.026343800639898395,0.02,0.48,0.026343800639898395,0.043333333333333335,0.45666666666666667,0.026343800639898395,92139.8,0
0.02,0.48,0.026343800639898395,0.03333333333333333,0.4666666666666667,0.026343800639898395,0.04666666666666667,0.4533333333333333,0.026343800639898395,0.023333333333333334,0.4766666666666667,0.026343800639898395,0.03,0.47,0.026343800639898395,92244.0,0
0.09333333333333334,0.4066666666666667,0.026343800639898395,0.17333333333333334,0.32666666666666666,0.026343800639898395,0.10666666666666667,0.3933333333333333,0.026343800639898395,0.15666666666666668,0.3433333333333333,0.026343800639898395,0.15,0.35,0.026343800639898395,91343.7,0
0.78,0.28,0.026343800639898395,0.8033333333333333,0.30333333333333334,0.026343800639898395,0.77,0.27,0.026343800639898395,0.8266666666666667,0.32666666666666666,0.026343800639898395,0.7466666666666667,0.2466666666666667,0.026343800639898395,90434.8,1
0.9133333333333333,0.41333333333333333,0.026343800639898395,0.9033333333333333,0.4033333333333333,0.026343800639898395,0.97,0.47,0.026343800639898395,0.9533333333333334,0.45333333333333337,0.026343800639898395,0.9333333333333333,0.43333333333333335,0.026343800639898395,89731.1,1
0.92,0.42000000000000004,0.026343800639898395,0.9066666666666666,0.4066666666666666,0.026343800639898395,0.9766666666666667,0.4766666666666667,0.026343800639898395,0.9766666666666667,0.4766666666666667,0.026343800639898395,0.93,0.43000000000000005,0.026343800639898395,89332.4,1
0.9866666666666667,0.4866666666666667,0.026343800639898395,0.97,0.47,0.026343800639898395,0.9466666666666667,0.44666666666666666,0.026343800639898395,0.9966666666666667,0.4966666666666667,0.026343800639898395,0.9633333333333334,0.4633333333333334,0.026343800639898395,89700.1,1
0.9833333333333333,0.4833333333333333,0.026343800639898395,0.97,0.47,0.026343800639898395,0.99,0.49,0.026343800639898395,0.9933333333333333,0.4933333333333333,0.026343800639898395,0.98,0.48,0.026343800639898395,89592.9,1
0.9866666666666667,0.4866666666666667,0.026343800639898395,0.97,0.47,0.026343800639898395,0.9966666666666667,0.4966666666666667,0.026343800639898395,1.0,0.5,0.026343800639898395,0.9833333333333333,0.4833333333333333,0.026343800639898395,89635.4,1
0.9533333333333334,0.45333333333333337,0.026343800639898395,0.9433333333333334,0.44333333333333336,0.026343800639898395,0.9733333333333334,0.4733333333333334,0.026343800639898395,0.99,0.49,0.026343800639898395,0.9833333333333333,0.4833333333333333,0.026343800639898395,89775.1,1
0.9866666666666667,0.4866666666666667,0.026343800639898395,0.9766666666666667,0.4766666666666667,0.026343800639898395,0.9866666666666667,0.4866666666666667,0.026343800639898395,1.0,0.5,0.026343800639898395,1.0,0.5,0.026343800639898395,89430.5,1
0.9733333333333334,0.4733333333333334,0.026343800639898395,0.9733333333333334,0.4733333333333334,0.026343800639898395,0.9833333333333333,0.4833333333333333,0.026343800639898395,1.0,0.5,0.026343800639898395,0.98,0.48,0.026343800639898395,89240.1,1
0.93,0.43000000000000005,0.026343800639898395,0.9533333333333334,0.45333333333333337,0.026343800639898395,0.9833333333333333,0.4833333333333333,0.026343800639898395,0.9833333333333333,0.4833333333333333,0.026343800639898395,0.98,0.48,0.026343800639898395,89722.0,1
0.9666666666666667,0.4666666666666667,0.026343800639898395,0.97,0.47,0.026343800639898395,0.98,0.48,0.026343800639898395,0.98,0.48,0.026343800639898395,0.99,0.49,0.026343800639898395,89374.7,1
0.9733333333333334,0.4733333333333334,0.026343800639898395,0.95,0.44999999999999996,0.026343800639898395,0.9733333333333334,0.4733333333333334,0.026343800639898395,0.9666666666666667,0.4666666666666667,0.026343800639898395,0.9933333333333333,0.4933333333333333,0.026343800639898395,89215.1,1
0.9266666666666666,0.42666666666666664,0.026343800639898395,0.91,0.41000000000000003,0.026343800639898395,0.9933333333333333,0.4933333333333333,0.026343800639898395,0.9766666666666667,0.4766666666666667,0.026343800639898395,0.9866666666666667,0.4866666666666667,0.026343800639898395,89539.8,1
0.95,0.44999999999999996,0.026343800639898395,0.86,0.36,0.026343800639898395,0.9433333333333334,0.44333333333333336,0.026343800639898395,0.9333333333333333,0.43333333333333335,0.026343800639898395,0.91,0.41000000000000003,0.026343800639898395,91359.8,1
0.8666666666666667,0.3666666666666667,0.026343800639898395,0.8866666666666667,0.3866666666666667,0.026343800639898395,0.91,0.41000000000000003,0.026343800639898395,0.9666666666666667,0.4666666666666667,0.026343800639898395,0.9266666666666666,0.42666666666666664,0.026343800639898395,90435.1,1
0.8866666666666667,0.3866666666666667,0.026343800639898395,0.88,0.38,0.026343800639898395,0.93,0.43000000000000005,0.026343800639898395,0.9133333333333333,0.41333333333333333,0.026343800639898395,0.8966666666666666,0.3966666666666666,0.026343800639898395,91088.3,1
0.93,0.43000000000000005,0.026343800639898395,0.9366666666666666,0.43666666666666665,0.026343800639898395,0.9666666666666667,0.4666666666666667,0.026343800639898395,0.9066666666666666,0.4066666666666666,0.026343800639898395,0.9333333333333333,0.43333333333333335,0.026343800639898395,91569.3,1
0.7966666666666666,0.29666666666666663,0.026343800639898395,0.9,0.4,0.026343800639898395,0.92,0.42000000000000004,0.026343800639898395,0.8633333333333333,0.3633333333333333,0.026343800639898395,0.8766666666666667,0.3766666666666667,0.026343800639898395,91954.0,1
0.25333333333333335,0.24666666666666665,0.026343800639898395,0.24666666666666667,0.2533333333333333,0.026343800639898395,0.2966666666666667,0.2033333333333333,0.026343800639898395,0.30333333333333334,0.19666666666666666,0.026343800639898395,0.31,0.19,0.026343800639898395,89972.6,0
0.7733333333333333,0.2733333333333333,0.026343800639898395,0.82,0.31999999999999995,0.026343800639898395,0.75,0.25,0.026343800639898395,0.7033333333333334,0.20333333333333337,0.026343800639898395,0.76,0.26,0.026343800639898395,90101.4,1
0.2733333333333333,0.22666666666666668,0.026343800639898395,0.25666666666666665,0.24333333333333335,0.026343800639898395,0.27,0.22999999999999998,0.026343800639898395,0.2733333333333333,0.22666666666666668,0.026343800639898395,0.24666666666666667,0.2533333333333333,0.026343800639898395,90650.1,0
0.30333333333333334,0.19666666666666666,0.026343800639898395,0.22666666666666666,0.2733333333333333,0.026343800639898395,0.31333333333333335,0.18666666666666665,0.026343800639898395,0.24666666666666667,0.2533333333333333,0.026343800639898395,0.26666666666666666,0.23333333333333334,0.026343800639898395,90424.2,0
0.7633333333333333,0.2633333333333333,0.026343800639898395,0.7533333333333333,0.2533333333333333,0.026343800639898395,0.77,0.27,0.026343800639898395,0.8533333333333334,0.3533333333333334,0.026343800639898395,0.81,0.31000000000000005,0.026343800639898395,90476.2,1
0.8133333333333334,0.31333333333333335,0.026343800639898395,0.7766666666666666,0.2766666666666666,0.026343800639898395,0.8566666666666667,0.3566666666666667,0.026343800639898395,0.8833333333333333,0.3833333333333333,0.026343800639898395,0.8133333333333334,0.31333333333333335,0.026343800639898395,90381.5,1
0.12333333333333334,0.37666666666666665,0.026343800639898395,0.08666666666666667,0.41333333333333333,0.026343800639898395,0.16,0.33999999999999997,0.026343800639898395,0.19666666666666666,0.30333333333333334,0.026343800639898395,0.16333333333333333,0.33666666666666667,0.026343800639898395,92680.7,0
0.02666666666666667,0.47333333333333333,0.026343800639898395,0.05333333333333334,0.44666666666666666,0.026343800639898395,0.05,0.45,0.026343800639898395,0.02666666666666667,0.47333333333333333,0.026343800639898395,0.05,0.45,0.026343800639898395,93809.2,0
0.04,0.46,0.026343800639898395,0.1,0.4,0.026343800639898395,0.043333333333333335,0.45666666666666667,0.026343800639898395,0.016666666666666666,0.48333333333333334,0.026343800639898395,0.02666666666666667,0.47333333333333333,0.026343800639898395,92702.2,0
0.03666666666666667,0.4633333333333333,0.026343800639898395,0.03333333333333333,0.4666666666666667,0.026343800639898395,0.03333333333333333,0.4666666666666667,0.026343800639898395,0.01,0.49,0.026343800639898395,0.013333333333333334,0.4866666666666667,0.026343800639898395,92429.6,0
0.006666666666666667,0.49333333333333335,0.026343800639898395,0.02,0.48,0.026343800639898395,0.02,0.48,0.026343800639898395,0.0,0.5,0.026343800639898395,0.01,0.49,0.026343800639898395,92779.9,0
0.013333333333333334,0.4866666666666667,0.026343800639898395,0.03333333333333333,0.4666666666666667,0.026343800639898395,0.02666666666666667,0.47333333333333333,0.026343800639898395,0.0033333333333333335,0.49666666666666665,0.026343800639898395,0.013333333333333334,0.4866666666666667,0.026343800639898395,92134.4,0
0.0,0.5,0.026343800639898395,0.02666666666666667,0.47333333333333333,0.026343800639898395,0.03,0.47,0.026343800639898395,0.006666666666666667,0.49333333333333335,0.026343800639898395,0.023333333333333334,0.4766666666666667,0.026343800639898395,92069.9,0
0.006666666666666667,0.49333333333333335,0.026343800639898395,0.016666666666666666,0.48333333333333334,0.026343800639898395,0.023333333333333334,0.4766666666666667,0.026343800639898395,0.0,0.5,0.026343800639898395,0.01,0.49,0.026343800639898395,92963.9,0
0.0,0.5,0.026343800639898395,0.08,0.42,0.026343800639898395,0.03,0.47,0.026343800639898395,0.013333333333333334,0.4866666666666667,0.026343800639898395,0.056666666666666664,0.44333333333333336,0.026343800639898395,92019.8,0
0.7233333333333334,0.22333333333333338,0.026343800639898395,0.8166666666666667,0.31666666666666665,0.026343800639898395,0.7466666666666667,0.2466666666666667,0.026343800639898395,0.7833333333333333,0.2833333333333333,0.026343800639898395,0.7366666666666667,0.2366666666666667,0.026343800639898395,89887.3,1
0.10333333333333333,0.39666666666666667,0.026343800639898395,0.18,0.32,0.026343800639898395,0.17666666666666667,0.32333333333333336,0.026343800639898395,0.11333333333333333,0.38666666666666666,0.026343800639898395,0.13333333333333333,0.3666666666666667,0.026343800639898395,90249.9,0
0.043333333333333335,0.45666666666666667,0.026343800639898395,0.23,0.27,0.026343800639898395,0.15666666666666668,0.3433333333333333,0.026343800639898395,0.06333333333333334,0.43666666666666665,0.026343800639898395,0.12666666666666668,0.3733333333333333,0.026343800639898395,90274.7,0
0.7066666666666667,0.20666666666666667,0.026343800639898395,0.7333333333333333,0.23333333333333328,0.026343800639898395,0.74,0.24,0.026343800639898395,0.74,0.24,0.026343800639898395,0.78,0.28,0.026343800639898395,89912.7,1
0.15,0.35,0.026343800639898395,0.19,0.31,0.026343800639898395,0.15666666666666668,0.3433333333333333,0.026343800639898395,0.06,0.44,0.026343800639898395,0.17666666666666667,0.32333333333333336,0.026343800639898395,90834.3,0
0.043333333333333335,0.45666666666666667,0.026343800639898395,0.12333333333333334,0.37666666666666665,0.026343800639898395,0.06333333333333334,0.43666666666666665,0.026343800639898395,0.01,0.49,0.026343800639898395,0.07333333333333333,0.42666666666666664,0.026343800639898395,92541.0,0
0.02666666666666667,0.47333333333333333,0.026343800639898395,0.013333333333333334,0.4866666666666667,0.026343800639898395,0.01,0.49,0.026343800639898395,0.0033333333333333335,0.49666666666666665,0.026343800639898395,0.023333333333333334,0.4766666666666667,0.026343800639898395,92317.3,0
0.016666666666666666,0.48333333333333334,0.026343800639898395,0.01,0.49,0.026343800639898395,0.023333333333333334,0.4766666666666667,0.026343800639898395,0.0033333333333333335,0.49666666666666665,0.026343800639898395,0.01,0.49,0.026343800639898395,92445.2,0
0.013333333333333334,0.4866666666666667,0.026343800639898395,0.013333333333333334,0.4866666666666667,0.026343800639898395,0.023333333333333334,0.4766666666666667,0.026343800639898395,0.0033333333333333335,0.49666666666666665,0.026343800639898395,0.023333333333333334,0.4766666666666667,0.026343800639898395,92401.1,0
0.18,0.32,0.026343800639898395,0.08,0.42,0.026343800639898395,0.056666666666666664,0.44333333333333336,0.026343800639898395,0.07666666666666666,0.42333333333333334,0.026343800639898395,0.03333333333333333,0.4666666666666667,0.026343800639898395,89926.8,0
0.01,0.49,0.026343800639898395,0.02666666666666667,0.47333333333333333,0.026343800639898395,0.013333333333333334,0.4866666666666667,0.026343800639898395,0.02,0.48,0.026343800639898395,0.016666666666666666,0.48333333333333334,0.026343800639898395,90210.1,0
0.02,0.48,0.026343800639898395,0.04666666666666667,0.4533333333333333,0.026343800639898395,0.006666666666666667,0.49333333333333335,0.026343800639898395,0.006666666666666667,0.49333333333333335,0.026343800639898395,0.01,0.49,0.026343800639898395,90277.2,0
0.013333333333333334,0.4866666666666667,0.026343800639898395,0.05,0.45,0.026343800639898395,0.013333333333333334,0.4866666666666667,0.026343800639898395,0.0033333333333333335,0.49666666666666665,0.026343800639898395,0.01,0.49,0.026343800639898395,90340.9,0
0.006666666666666667,0.49333333333333335,0.026343800639898395,0.06666666666666667,0.43333333333333335,0.026343800639898395,0.006666666666666667,0.49333333333333335,0.026343800639898395,0.0,0.5,0.026343800639898395,0.006666666666666667,0.49333333333333335,0.026343800639898395,90341.7,0
0.02,0.48,0.026343800639898395,0.08,0.42,0.026343800639898395,0.0033333333333333335,0.49666666666666665,0.026343800639898395,0.0,0.5,0.026343800639898395,0.006666666666666667,0.49333333333333335,0.026343800639898395,90359.2,0
0.02,0.48,0.026343800639898395,0.09,0.41000000000000003,0.026343800639898395,0.01,0.49,0.026343800639898395,0.016666666666666666,0.48333333333333334,0.026343800639898395,0.013333333333333334,0.4866666666666667,0.026343800639898395,90109.9,0
0.03333333333333333,0.4666666666666667,0.026343800639898395,0.05333333333333334,0.44666666666666666,0.026343800639898395,0.006666666666666667,0.49333333333333335,0.026343800639898395,0.0033333333333333335,0.49666666666666665,0.026343800639898395,0.01,0.49,0.026343800639898395,90193.3,0
0.04666666666666667,0.4533333333333333,0.026343800639898395,0.05,0.45,0.026343800639898395,0.0,0.5,0.026343800639898395,0.0,0.5,0.026343800639898395,0.013333333333333334,0.4866666666666667,0.026343800639898395,90254.1,0
0.04,0.46,0.026343800639898395,0.03666666666666667,0.4633333333333333,0.026343800639898395,0.016666666666666666,0.48333333333333334,0.026343800639898395,0.0,0.5,0.026343800639898395,0.0033333333333333335,0.49666666666666665,0.026343800639898395,90266.5,0
0.043333333333333335,0.45666666666666667,0.026343800639898395,0.043333333333333335,0.45666666666666667,0.026343800639898395,0.013333333333333334,0.4866666666666667,0.026343800639898395,0.04666666666666667,0.4533333333333333,0.026343800639898395,0.013333333333333334,0.4866666666666667,0.026343800639898395,90255.6,0
0.10333333333333333,0.39666666666666667,0.026343800639898395,0.09,0.41000000000000003,0.026343800639898395,0.013333333333333334,0.4866666666666667,0.026343800639898395,0.02,0.48,0.026343800639898395,0.01,0.49,0.026343800639898395,89398.4,0
0.07666666666666666,0.42333333333333334,0.026343800639898395,0.08,0.42,0.026343800639898395,0.01,0.49,0.026343800639898395,0.02666666666666667,0.47333333333333333,0.026343800639898395,0.01,0.49,0.026343800639898395,89020.1,0
0.08,0.42,0.026343800639898395,0.08666666666666667,0.41333333333333333,0.026343800639898395,0.013333333333333334,0.4866666666666667,0.026343800639898395,0.05333333333333334,0.44666666666666666,0.026343800639898395,0.03666666666666667,0.4633333333333333,0.026343800639898395,88658.2,0
0.1,0.4,0.026343800639898395,0.11,0.39,0.026343800639898395,0.03333333333333333,0.4666666666666667,0.026343800639898395,0.043333333333333335,0.45666666666666667,0.026343800639898395,0.07333333333333333,0.42666666666666664,0.026343800639898395,88163.0,0
0.13666666666666666,0.36333333333333334,0.026343800639898395,0.10333333333333333,0.39666666666666667,0.026343800639898395,0.03666666666666667,0.4633333333333333,0.026343800639898395,0.06666666666666667,0.43333333333333335,0.026343800639898395,0.03666666666666667,0.4633333333333333,0.026343800639898395,89275.0,0
0.056666666666666664,0.44333333333333336,0.026343800639898395,0.13333333333333333,0.3666666666666667,0.026343800639898395,0.04,0.46,0.026343800639898395,0.03333333333333333,0.4666666666666667,0.026343800639898395,0.05333333333333334,0.44666666666666666,0.026343800639898395,89746.7,0
0.09,0.41000000000000003,0.026343800639898395,0.14666666666666667,0.35333333333333333,0.026343800639898395,0.04,0.46,0.026343800639898395,0.05333333333333334,0.44666666666666666,0.026343800639898395,0.04,0.46,0.026343800639898395,89642.0,0
0.30666666666666664,0.19333333333333336,0.026343800639898395,0.25,0.25,0.026343800639898395,0.19333333333333333,0.30666666666666664,0.026343800639898395,0.2633333333333333,0.2366666666666667,0.026343800639898395,0.21,0.29000000000000004,0.026343800639898395,87031.3,0
0.9233333333333333,0.42333333333333334,0.026343800639898395,0.7966666666666666,0.29666666666666663,0.026343800639898395,0.8433333333333334,0.3433333333333334,0.026343800639898395,0.8766666666666667,0.3766666666666667,0.026343800639898395,0.88,0.38,0.026343800639898395,86135.1,1
0.8233333333333334,0.32333333333333336,0.026343800639898395,0.8,0.30000000000000004,0.026343800639898395,0.8466666666666667,0.3466666666666667,0.026343800639898395,0.88,0.38,0.026343800639898395,0.8366666666666667,0.33666666666666667,0.026343800639898395,86434.3,1
0.7966666666666666,0.29666666666666663,0.026343800639898395,0.8133333333333334,0.31333333333333335,0.026343800639898395,0.76,0.26,0.026343800639898395,0.6866666666666666,0.18666666666666665,0.026343800639898395,0.7933333333333333,0.29333333333333333,0.026343800639898395,85858.5,1
0.3,0.2,0.026343800639898395,0.30333333333333334,0.19666666666666666,0.026343800639898395,0.24333333333333335,0.25666666666666665,0.026343800639898395,0.32,0.18,0.026343800639898395,0.3333333333333333,0.16666666666666669,0.026343800639898395,86000.1,0
0.30666666666666664,0.19333333333333336,0.026343800639898395,0.21333333333333335,0.2866666666666666,0.026343800639898395,0.15666666666666668,0.3433333333333333,0.026343800639898395,0.31333333333333335,0.18666666666666665,0.026343800639898395,0.22333333333333333,0.27666666666666667,0.026343800639898395,87243.7,0
0.28,0.21999999999999997,0.026343800639898395,0.28,0.21999999999999997,0.026343800639898395,0.23333333333333334,0.26666666666666666,0.026343800639898395,0.25,0.25,0.026343800639898395,0.33,0.16999999999999998,0.026343800639898395,87936.1,0
0.8733333333333333,0.3733333333333333,0.026343800639898395,0.8366666666666667,0.33666666666666667,0.026343800639898395,0.8566666666666667,0.3566666666666667,0.026343800639898395,0.81,0.31000000000000005,0.026343800639898395,0.87,0.37,0.026343800639898395,87573.0,1
0.8566666666666667,0.3566666666666667,0.026343800639898395,0.84,0.33999999999999997,0.026343800639898395,0.8533333333333334,0.3533333333333334,0.026343800639898395,0.8033333333333333,0.30333333333333334,0.026343800639898395,0.8866666666666667,0.3866666666666667,0.026343800639898395,87840.7,1
0.9966666666666667,0.4966666666666667,0.026343800639898395,0.96,0.45999999999999996,0.026343800639898395,0.9833333333333333,0.4833333333333333,0.026343800639898395,0.96,0.45999999999999996,0.026343800639898395,0.9866666666666667,0.4866666666666667,0.026343800639898395,87192.3,1
0.9833333333333333,0.4833333333333333,0.026343800639898395,0.9733333333333334,0.4733333333333334,0.026343800639898395,0.99,0.49,0.026343800639898395,0.9733333333333334,0.4733333333333334,0.026343800639898395,0.98,0.48,0.026343800639898395,87022.6,1
1.0,0.5,0.026343800639898395,0.9666666666666667,0.4666666666666667,0.026343800639898395,0.99,0.49,0.026343800639898395,0.9733333333333334,0.4733333333333334,0.026343800639898395,0.9633333333333334,0.4633333333333334,0.026343800639898395,86958.6,1
0.97,0.47,0.026343800639898395,0.9333333333333333,0.43333333333333335,0.026343800639898395,0.98,0.48,0.026343800639898395,0.9933333333333333,0.4933333333333333,0.026343800639898395,0.9,0.4,0.026343800639898395,87204.5,1
0.97,0.47,0.026343800639898395,0.9166666666666666,0.41666666666666663,0.026343800639898395,0.9766666666666667,0.4766666666666667,0.026343800639898395,0.9566666666666667,0.45666666666666667,0.026343800639898395,0.96,0.45999999999999996,0.026343800639898395,85981.3,1
0.98,0.48,0.026343800639898395,0.9533333333333334,0.45333333333333337,0.026343800639898395,0.99,0.49,0.026343800639898395,1.0,0.5,0.026343800639898395,0.9833333333333333,0.4833333333333333,0.026343800639898395,86207.8,1
1.0,0.5,0.026343800639898395,0.95,0.44999999999999996,0.026343800639898395,0.99,0.49,0.026343800639898395,0.9966666666666667,0.4966666666666667,0.026343800639898395,0.9833333333333333,0.4833333333333333,0.026343800639898395,86554.2,1
0.9933333333333333,0.4933333333333333,0.026343800639898395,0.9433333333333334,0.44333333333333336,0.026343800639898395,0.97,0.47,0.026343800639898395,0.9933333333333333,0.4933333333333333,0.026343800639898395,0.9966666666666667,0.4966666666666667,0.026343800639898395,86799.6,1
0.8666666666666667,0.3666666666666667,0.026343800639898395,0.8966666666666666,0.3966666666666666,0.026343800639898395,0.9333333333333333,0.43333333333333335,0.026343800639898395,0.9233333333333333,0.42333333333333334,0.026343800639898395,0.9566666666666667,0.45666666666666667,0.026343800639898395,87221.5,1
0.25,0.25,0.026343800639898395,0.31666666666666665,0.18333333333333335,0.026343800639898395,0.35333333333333333,0.14666666666666667,0.026343800639898395,0.2733333333333333,0.22666666666666668,0.026343800639898395,0.31666666666666665,0.18333333333333335,0.026343800639898395,88452.8,0
0.9566666666666667,0.45666666666666667,0.026343800639898395,0.9033333333333333,0.4033333333333333,0.026343800639898395,0.9433333333333334,0.44333333333333336,0.026343800639898395,0.9633333333333334,0.4633333333333334,0.026343800639898395,0.9366666666666666,0.43666666666666665,0.026343800639898395,84465.0,1
0.98,0.48,0.026343800639898395,0.93,0.43000000000000005,0.026343800639898395,0.97,0.47,0.026343800639898395,0.9933333333333333,0.4933333333333333,0.026343800639898395,0.9766666666666667,0.4766666666666667,0.026343800639898395,85462.5,1
0.9533333333333334,0.45333333333333337,0.026343800639898395,0.8566666666666667,0.3566666666666667,0.026343800639898395,0.9366666666666666,0.43666666666666665,0.026343800639898395,0.9366666666666666,0.43666666666666665,0.026343800639898395,0.9633333333333334,0.4633333333333334,0.026343800639898395,86803.8,1
0.9733333333333334,0.4733333333333334,0.026343800639898395,0.93,0.43000000000000005,0.026343800639898395,0.9366666666666666,0.43666666666666665,0.026343800639898395,1.0,0.5,0.026343800639898395,0.94,0.43999999999999995,0.026343800639898395,87870.6,1
0.92,0.42000000000000004,0.026343800639898395,0.8833333333333333,0.3833333333333333,0.026343800639898395,0.9266666666666666,0.42666666666666664,0.026343800639898395,0.9533333333333334,0.45333333333333337,0.026343800639898395,0.9266666666666666,0.42666666666666664,0.026343800639898395,88139.7,1
0.97,0.47,0.026343800639898395,0.8966666666666666,0.3966666666666666,0.026343800639898395,0.97,0.47,0.026343800639898395,0.9933333333333333,0.4933333333333333,0.026343800639898395,0.93,0.43000000000000005,0.026343800639898395,87924.9,1
0.9766666666666667,0.4766666666666667,0.026343800639898395,0.9133333333333333,0.41333333333333333,0.026343800639898395,0.98,0.48,0.026343800639898395,0.9933333333333333,0.4933333333333333,0.026343800639898395,0.97,0.47,0.026343800639898395,87782.2,1
0.9,0.4,0.026343800639898395,0.92,0.42000000000000004,0.026343800639898395,0.96,0.45999999999999996,0.026343800639898395,0.9533333333333334,0.45333333333333337,0.026343800639898395,0.9233333333333333,0.42333333333333334,0.026343800639898395,88105.2,1
0.7233333333333334,0.22333333333333338,0.026343800639898395,0.7666666666666667,0.2666666666666667,0.026343800639898395,0.8066666666666666,0.30666666666666664,0.026343800639898395,0.8166666666666667,0.31666666666666665,0.026343800639898395,0.7966666666666666,0.29666666666666663,0.026343800639898395,88183.7,1
0.23,0.27,0.026343800639898395,0.25333333333333335,0.24666666666666665,0.026343800639898395,0.27,0.22999999999999998,0.026343800639898395,0.3233333333333333,0.1766666666666667,0.026343800639898395,0.22666666666666666,0.2733333333333333,0.026343800639898395,88217.4,0
0.62,0.12,0.026343800639898395,0.6833333333333333,0.18333333333333335,0.026343800639898395,0.68,0.18000000000000005,0.026343800639898395,0.7033333333333334,0.20333333333333337,0.026343800639898395,0.6633333333333333,0.16333333333333333,0.026343800639898395,88246.8,1
0.08333333333333333,0.4166666666666667,0.026343800639898395,0.12,0.38,0.026343800639898395,0.14666666666666667,0.35333333333333333,0.026343800639898395,0.16666666666666666,0.33333333333333337,0.026343800639898395,0.18666666666666668,0.31333333333333335,0.026343800639898395,88140.9,0
0.04666666666666667,0.4533333333333333,0.026343800639898395,0.08333333333333333,0.4166666666666667,0.026343800639898395,0.056666666666666664,0.44333333333333336,0.026343800639898395,0.06,0.44,0.026343800639898395,0.09333333333333334,0.4066666666666667,0.026343800639898395,88178.2,0
0.07666666666666666,0.42333333333333334,0.026343800639898395,0.09666666666666666,0.4033333333333333,0.026343800639898395,0.03666666666666667,0.4633333333333333,0.026343800639898395,0.03666666666666667,0.4633333333333333,0.026343800639898395,0.11,0.39,0.026343800639898395,88338.1,0
0.05,0.45,0.026343800639898395,0.023333333333333334,0.4766666666666667,0.026343800639898395,0.04666666666666667,0.4533333333333333,0.026343800639898395,0.013333333333333334,0.4866666666666667,0.026343800639898395,0.016666666666666666,0.48333333333333334,0.026343800639898395,88029.6,0
0.006666666666666667,0.49333333333333335,0.026343800639898395,0.013333333333333334,0.4866666666666667,0.026343800639898395,0.01,0.49,0.026343800639898395,0.01,0.49,0.026343800639898395,0.01,0.49,0.026343800639898395,88117.9,0
0.01,0.49,0.026343800639898395,0.013333333333333334,0.4866666666666667,0.026343800639898395,0.006666666666666667,0.49333333333333335,0.026343800639898395,0.0,0.5,0.026343800639898395,0.013333333333333334,0.4866666666666667,0.026343800639898395,88585.5,0
0.013333333333333334,0.4866666666666667,0.026343800639898395,0.06333333333333334,0.43666666666666665,0.026343800639898395,0.02,0.48,0.026343800639898395,0.016666666666666666,0.48333333333333334,0.026343800639898395,0.03,0.47,0.026343800639898395,88025.4,0
0.01,0.49,0.026343800639898395,0.03,0.47,0.026343800639898395,0.0033333333333333335,0.49666666666666665,0.026343800639898395,0.0,0.5,0.026343800639898395,0.006666666666666667,0.49333333333333335,0.026343800639898395,88458.0,0
0.006666666666666667,0.49333333333333335,0.026343800639898395,0.08,0.42,0.026343800639898395,0.0033333333333333335,0.49666666666666665,0.026343800639898395,0.0,0.5,0.026343800639898395,0.006666666666666667,0.49333333333333335,0.026343800639898395,88622.2,0
0.006666666666666667,0.49333333333333335,0.026343800639898395,0.023333333333333334,0.4766666666666667,0.026343800639898395,0.016666666666666666,0.48333333333333334,0.026343800639898395,0.0033333333333333335,0.49666666666666665,0.026343800639898395,0.013333333333333334,0.4866666666666667,0.026343800639898395,88771.7,0
0.03333333333333333,0.4666666666666667,0.026343800639898395,0.01,0.49,0.026343800639898395,0.023333333333333334,0.4766666666666667,0.026343800639898395,0.0,0.5,0.026343800639898395,0.013333333333333334,0.4866666666666667,0.026343800639898395,89130.2,0
0.02666666666666667,0.47333333333333333,0.026343800639898395,0.04,0.46,0.026343800639898395,0.05333333333333334,0.44666666666666666,0.026343800639898395,0.03666666666666667,0.4633333333333333,0.026343800639898395,0.03666666666666667,0.4633333333333333,0.026343800639898395,89907.6,0
0.06,0.44,0.026343800639898395,0.05,0.45,0.026343800639898395,0.043333333333333335,0.45666666666666667,0.026343800639898395,0.02666666666666667,0.47333333333333333,0.026343800639898395,0.04666666666666667,0.4533333333333333,0.026343800639898395,89702.4,0
0.18,0.32,0.026343800639898395,0.07333333333333333,0.42666666666666664,0.026343800639898395,0.11333333333333333,0.38666666666666666,0.026343800639898395,0.11,0.39,0.026343800639898395,0.10666666666666667,0.3933333333333333,0.026343800639898395,88041.1,0
0.03666666666666667,0.4633333333333333,0.026343800639898395,0.03333333333333333,0.4666666666666667,0.026343800639898395,0.07333333333333333,0.42666666666666664,0.026343800639898395,0.04666666666666667,0.4533333333333333,0.026343800639898395,0.09,0.41000000000000003,0.026343800639898395,88544.2,0
0.7433333333333333,0.2433333333333333,0.026343800639898395,0.7466666666666667,0.2466666666666667,0.026343800639898395,0.7166666666666667,0.21666666666666667,0.026343800639898395,0.6766666666666666,0.17666666666666664,0.026343800639898395,0.6633333333333333,0.16333333333333333,0.026343800639898395,88128.9,1
0.9266666666666666,0.42666666666666664,0.026343800639898395,0.9133333333333333,0.41333333333333333,0.026343800639898395,0.9166666666666666,0.41666666666666663,0.026343800639898395,0.8833333333333333,0.3833333333333333,0.026343800639898395,0.9,0.4,0.026343800639898395,87505.5,1
0.31666666666666665,0.18333333333333335,0.026343800639898395,0.29333333333333333,0.20666666666666667,0.026343800639898395,0.2733333333333333,0.22666666666666668,0.026343800639898395,0.27,0.22999999999999998,0.026343800639898395,0.25333333333333335,0.24666666666666665,0.026343800639898395,87816.9,0
0.9433333333333334,0.44333333333333336,0.026343800639898395,0.9233333333333333,0.42333333333333334,0.026343800639898395,0.9,0.4,0.026343800639898395,0.96,0.45999999999999996,0.026343800639898395,0.9266666666666666,0.42666666666666664,0.026343800639898395,87391.5,1
0.86,0.36,0.026343800639898395,0.82,0.31999999999999995,0.026343800639898395,0.7966666666666666,0.29666666666666663,0.026343800639898395,0.79,0.29000000000000004,0.026343800639898395,0.8233333333333334,0.32333333333333336,0.026343800639898395,87690.0,1
0.9633333333333334,0.4633333333333334,0.026343800639898395,0.8533333333333334,0.3533333333333334,0.026343800639898395,0.8966666666666666,0.3966666666666666,0.026343800639898395,0.9633333333333334,0.4633333333333334,0.026343800639898395,0.91,0.41000000000000003,0.026343800639898395,87416.4,1
0.3333333333333333,0.16666666666666669,0.026343800639898395,0.29,0.21000000000000002,0.026343800639898395,0.36,0.14,0.026343800639898395,0.4066666666666667,0.09333333333333332,0.026343800639898395,0.39,0.10999999999999999,0.026343800639898395,87274.0,0
0.89,0.39,0.026343800639898395,0.9,0.4,0.026343800639898395,0.9433333333333334,0.44333333333333336,0.026343800639898395,0.8933333333333333,0.3933333333333333,0.026343800639898395,0.9033333333333333,0.4033333333333333,0.026343800639898395,86870.9,1
0.8633333333333333,0.3633333333333333,0.026343800639898395,0.7866666666666666,0.2866666666666666,0.026343800639898395,0.8833333333333333,0.3833333333333333,0.026343800639898395,0.8833333333333333,0.3833333333333333,0.026343800639898395,0.86,0.36,0.026343800639898395,87155.9,1
0.91,0.41000000000000003,0.026343800639898395,0.8566666666666667,0.3566666666666667,0.026343800639898395,0.91,0.41000000000000003,0.026343800639898395,0.9266666666666666,0.42666666666666664,0.026343800639898395,0.8766666666666667,0.3766666666666667,0.026343800639898395,86979.4,1
0.24,0.26,0.026343800639898395,0.22333333333333333,0.27666666666666667,0.026343800639898395,0.20333333333333334,0.29666666666666663,0.026343800639898395,0.18333333333333332,0.31666666666666665,0.026343800639898395,0.23333333333333334,0.26666666666666666,0.026343800639898395,87498.8,0
0.07666666666666666,0.42333333333333334,0.026343800639898395,0.19,0.31,0.026343800639898395,0.14333333333333334,0.3566666666666667,0.026343800639898395,0.10666666666666667,0.3933333333333333,0.026343800639898395,0.12666666666666668,0.3733333333333333,0.026343800639898395,87613.7,0
0.05,0.45,0.026343800639898395,0.18333333333333332,0.31666666666666665,0.026343800639898395,0.08333333333333333,0.4166666666666667,0.026343800639898395,0.02,0.48,0.026343800639898395,0.10333333333333333,0.39666666666666667,0.026343800639898395,87793.1,0
0.06333333333333334,0.43666666666666665,0.026343800639898395,0.17666666666666667,0.32333333333333336,0.026343800639898395,0.09333333333333334,0.4066666666666667,0.026343800639898395,0.03,0.47,0.026343800639898395,0.11,0.39,0.026343800639898395,87786.4,0
0.7733333333333333,0.2733333333333333,0.026343800639898395,0.7433333333333333,0.2433333333333333,0.026343800639898395,0.79,0.29000000000000004,0.026343800639898395,0.7666666666666667,0.2666666666666667,0.026343800639898395,0.76,0.26,0.026343800639898395,87462.4,1
0.03666666666666667,0.4633333333333333,0.026343800639898395,0.09666666666666666,0.4033333333333333,0.026343800639898395,0.03333333333333333,0.4666666666666667,0.026343800639898395,0.03,0.47,0.026343800639898395,0.07333333333333333,0.42666666666666664,0.026343800639898395,88265.8,0
0.04,0.46,0.026343800639898395,0.12666666666666668,0.3733333333333333,0.026343800639898395,0.05,0.45,0.026343800639898395,0.05333333333333334,0.44666666666666666,0.026343800639898395,0.07333333333333333,0.42666666666666664,0.026343800639898395,88088.0,0
0.9766666666666667,0.4766666666666667,0.026343800639898395,0.7766666666666666,0.2766666666666666,0.026343800639898395,0.94,0.43999999999999995,0.026343800639898395,0.94,0.43999999999999995,0.026343800639898395,0.8066666666666666,0.30666666666666664,0.026343800639898395,87198.0,1
0.056666666666666664,0.44333333333333336,0.026343800639898395,0.09333333333333334,0.4066666666666667,0.026343800639898395,0.043333333333333335,0.45666666666666667,0.026343800639898395,0.03333333333333333,0.4666666666666667,0.026343800639898395,0.043333333333333335,0.45666666666666667,0.026343800639898395,88736.5,0
0.023333333333333334,0.4766666666666667,0.026343800639898395,0.18,0.32,0.026343800639898395,0.05,0.45,0.026343800639898395,0.03666666666666667,0.4633333333333333,0.026343800639898395,0.10333333333333333,0.39666666666666667,0.026343800639898395,88374.9,0
0.03333333333333333,0.4666666666666667,0.026343800639898395,0.11333333333333333,0.38666666666666666,0.026343800639898395,0.04666666666666667,0.4533333333333333,0.026343800639898395,0.03666666666666667,0.4633333333333333,0.026343800639898395,0.1,0.4,0.026343800639898395,88498.5,0
0.9266666666666666,0.42666666666666664,0.026343800639898395,0.8933333333333333,0.3933333333333333,0.026343800639898395,0.9433333333333334,0.44333333333333336,0.026343800639898395,0.9666666666666667,0.4666666666666667,0.026343800639898395,0.92,0.42000000000000004,0.026343800639898395,87066.1,1
0.85,0.35,0.026343800639898395,0.87,0.37,0.026343800639898395,0.92,0.42000000000000004,0.026343800639898395,0.9566666666666667,0.45666666666666667,0.026343800639898395,0.9166666666666666,0.41666666666666663,0.026343800639898395,87437.2,1
0.9666666666666667,0.4666666666666667,0.026343800639898395,0.88,0.38,0.026343800639898395,0.94,0.43999999999999995,0.026343800639898395,0.9566666666666667,0.45666666666666667,0.026343800639898395,0.91,0.41000000000000003,0.026343800639898395,87303.6,1
0.6933333333333334,0.19333333333333336,0.026343800639898395,0.76,0.26,0.026343800639898395,0.7366666666666667,0.2366666666666667,0.026343800639898395,0.7833333333333333,0.2833333333333333,0.026343800639898395,0.6733333333333333,0.17333333333333334,0.026343800639898395,87446.7,1
0.12,0.38,0.026343800639898395,0.14333333333333334,0.3566666666666667,0.026343800639898395,0.13666666666666666,0.36333333333333334,0.026343800639898395,0.3,0.2,0.026343800639898395,0.14666666666666667,0.35333333333333333,0.026343800639898395,87467.5,0
0.22333333333333333,0.27666666666666667,0.026343800639898395,0.15,0.35,0.026343800639898395,0.15666666666666668,0.3433333333333333,0.026343800639898395,0.28,0.21999999999999997,0.026343800639898395,0.15,0.35,0.026343800639898395,87416.6,0
0.02666666666666667,0.47333333333333333,0.026343800639898395,0.12666666666666668,0.3733333333333333,0.026343800639898395,0.1,0.4,0.026343800639898395,0.09,0.41000000000000003,0.026343800639898395,0.11666666666666667,0.3833333333333333,0.026343800639898395,87491.3,0
0.043333333333333335,0.45666666666666667,0.026343800639898395,0.12,0.38,0.026343800639898395,0.12333333333333334,0.37666666666666665,0.026343800639898395,0.09333333333333334,0.4066666666666667,0.026343800639898395,0.11,0.39,0.026343800639898395,87501.0,0
0.07666666666666666,0.42333333333333334,0.026343800639898395,0.13,0.37,0.026343800639898395,0.11,0.39,0.026343800639898395,0.20333333333333334,0.29666666666666663,0.026343800639898395,0.11333333333333333,0.38666666666666666,0.026343800639898395,87802.6,0
0.9566666666666667,0.45666666666666667,0.026343800639898395,0.93,0.43000000000000005,0.026343800639898395,0.96,0.45999999999999996,0.026343800639898395,0.92,0.42000000000000004,0.026343800639898395,0.9533333333333334,0.45333333333333337,0.026343800639898395,87685.9,1
0.97,0.47,0.026343800639898395,0.94,0.43999999999999995,0.026343800639898395,0.9833333333333333,0.4833333333333333,0.026343800639898395,0.96,0.45999999999999996,0.026343800639898395,0.98,0.48,0.026343800639898395,87651.0,1
0.98,0.48,0.026343800639898395,0.9533333333333334,0.45333333333333337,0.026343800639898395,0.9566666666666667,0.45666666666666667,0.026343800639898395,0.8833333333333333,0.3833333333333333,0.026343800639898395,0.9366666666666666,0.43666666666666665,0.026343800639898395,87792.8,1
0.98,0.48,0.026343800639898395,0.9366666666666666,0.43666666666666665,0.026343800639898395,0.97,0.47,0.026343800639898395,0.9766666666666667,0.4766666666666667,0.026343800639898395,0.94,0.43999999999999995,0.026343800639898395,87774.9,1
0.9733333333333334,0.4733333333333334,0.026343800639898395,0.9033333333333333,0.4033333333333333,0.026343800639898395,0.97,0.47,0.026343800639898395,0.9366666666666666,0.43666666666666665,0.026343800639898395,0.9566666666666667,0.45666666666666667,0.026343800639898395,87472.1,1
0.9533333333333334,0.45333333333333337,0.026343800639898395,0.9266666666666666,0.42666666666666664,0.026343800639898395,0.9366666666666666,0.43666666666666665,0.026343800639898395,0.9466666666666667,0.44666666666666666,0.026343800639898395,0.9366666666666666,0.43666666666666665,0.026343800639898395,87853.3,1
0.11,0.39,0.026343800639898395,0.11333333333333333,0.38666666666666666,0.026343800639898395,0.09666666666666666,0.4033333333333333,0.026343800639898395,0.11,0.39,0.026343800639898395,0.10666666666666667,0.3933333333333333,0.026343800639898395,90005.4,0
0.12,0.38,0.026343800639898395,0.14666666666666667,0.35333333333333333,0.026343800639898395,0.13666666666666666,0.36333333333333334,0.026343800639898395,0.18333333333333332,0.31666666666666665,0.026343800639898395,0.11333333333333333,0.38666666666666666,0.026343800639898395,89491.5,0
0.9333333333333333,0.43333333333333335,0.026343800639898395,0.92,0.42000000000000004,0.026343800639898395,0.9633333333333334,0.4633333333333334,0.026343800639898395,0.9366666666666666,0.43666666666666665,0.026343800639898395,0.9733333333333334,0.4733333333333334,0.026343800639898395,87489.0,1
0.8866666666666667,0.3866666666666667,0.026343800639898395,0.93,0.43000000000000005,0.026343800639898395,0.9366666666666666,0.43666666666666665,0.026343800639898395,0.97,0.47,0.026343800639898395,0.9733333333333334,0.4733333333333334,0.026343800639898395,87587.3,1
0.9633333333333334,0.4633333333333334,0.026343800639898395,0.92,0.42000000000000004,0.026343800639898395,0.9866666666666667,0.4866666666666667,0.026343800639898395,0.9933333333333333,0.4933333333333333,0.026343800639898395,0.9766666666666667,0.4766666666666667,0.026343800639898395,87253.9,1
0.9533333333333334,0.45333333333333337,0.026343800639898395,0.8666666666666667,0.3666666666666667,0.026343800639898395,0.9633333333333334,0.4633333333333334,0.026343800639898395,0.9966666666666667,0.4966666666666667,0.026343800639898395,0.97,0.47,0.026343800639898395,87135.1,1
0.97,0.47,0.026343800639898395,0.9666666666666667,0.4666666666666667,0.026343800639898395,0.9766666666666667,0.4766666666666667,0.026343800639898395,0.9933333333333333,0.4933333333333333,0.026343800639898395,0.9833333333333333,0.4833333333333333,0.026343800639898395,87251.0,1
0.9766666666666667,0.4766666666666667,0.026343800639898395,0.9433333333333334,0.44333333333333336,0.026343800639898395,0.9833333333333333,0.4833333333333333,0.026343800639898395,0.99,0.49,0.026343800639898395,0.9833333333333333,0.4833333333333333,0.026343800639898395,87372.6,1
0.9866666666666667,0.4866666666666667,0.026343800639898395,0.9166666666666666,0.41666666666666663,0.026343800639898395,0.9566666666666667,0.45666666666666667,0.026343800639898395,0.9633333333333334,0.4633333333333334,0.026343800639898395,0.9766666666666667,0.4766666666666667,0.026343800639898395,87775.1,1
0.3233333333333333,0.1766666666666667,0.026343800639898395,0.34,0.15999999999999998,0.026343800639898395,0.33,0.16999999999999998,0.026343800639898395,0.3233333333333333,0.1766666666666667,0.026343800639898395,0.32,0.18,0.026343800639898395,88902.8,0
0.9466666666666667,0.44666666666666666,0.026343800639898395,0.94,0.43999999999999995,0.026343800639898395,0.9166666666666666,0.41666666666666663,0.026343800639898395,0.96,0.45999999999999996,0.026343800639898395,0.9433333333333334,0.44333333333333336,0.026343800639898395,88140.4,1
0.94,0.43999999999999995,0.026343800639898395,0.9333333333333333,0.43333333333333335,0.026343800639898395,0.91,0.41000000000000003,0.026343800639898395,0.9633333333333334,0.4633333333333334,0.026343800639898395,0.9033333333333333,0.4033333333333333,0.026343800639898395,88401.9,1
0.9633333333333334,0.4633333333333334,0.026343800639898395,0.9533333333333334,0.45333333333333337,0.026343800639898395,0.9433333333333334,0.44333333333333336,0.026343800639898395,0.98,0.48,0.026343800639898395,0.94,0.43999999999999995,0.026343800639898395,88329.9,1
0.9533333333333334,0.45333333333333337,0.026343800639898395,0.96,0.45999999999999996,0.026343800639898395,0.9466666666666667,0.44666666666666666,0.026343800639898395,0.9833333333333333,0.4833333333333333,0.026343800639898395,0.9366666666666666,0.43666666666666665,0.026343800639898395,88500.0,1
0.87,0.37,0.026343800639898395,0.9233333333333333,0.42333333333333334,0.026343800639898395,0.8833333333333333,0.3833333333333333,0.026343800639898395,0.9233333333333333,0.42333333333333334,0.026343800639898395,0.8766666666666667,0.3766666666666667,0.026343800639898395,88892.0,1
0.9733333333333334,0.4733333333333334,0.026343800639898395,0.93,0.43000000000000005,0.026343800639898395,0.94,0.43999999999999995,0.026343800639898395,1.0,0.5,0.026343800639898395,0.95,0.44999999999999996,0.026343800639898395,87810.2,1
0.9833333333333333,0.4833333333333333,0.026343800639898395,0.9566666666666667,0.45666666666666667,0.026343800639898395,0.9633333333333334,0.4633333333333334,0.026343800639898395,0.9966666666666667,0.4966666666666667,0.026343800639898395,0.98,0.48,0.026343800639898395,87420.3,1
0.9833333333333333,0.4833333333333333,0.026343800639898395,0.9433333333333334,0.44333333333333336,0.026343800639898395,0.9833333333333333,0.4833333333333333,0.026343800639898395,0.9933333333333333,0.4933333333333333,0.026343800639898395,0.9766666666666667,0.4766666666666667,0.026343800639898395,87500.1,1
0.9933333333333333,0.4933333333333333,0.026343800639898395,0.9566666666666667,0.45666666666666667,0.026343800639898395,0.98,0.48,0.026343800639898395,1.0,0.5,0.026343800639898395,0.97,0.47,0.026343800639898395,87679.2,1
0.9966666666666667,0.4966666666666667,0.026343800639898395,0.9633333333333334,0.4633333333333334,0.026343800639898395,0.9766666666666667,0.4766666666666667,0.026343800639898395,0.9933333333333333,0.4933333333333333,0.026343800639898395,0.9933333333333333,0.4933333333333333,0.026343800639898395,87453.7,1
0.9966666666666667,0.4966666666666667,0.026343800639898395,0.98,0.48,0.026343800639898395,0.97,0.47,0.026343800639898395,1.0,0.5,0.026343800639898395,0.9833333333333333,0.4833333333333333,0.026343800639898395,87866.7,1
0.9966666666666667,0.4966666666666667,0.026343800639898395,0.96,0.45999999999999996,0.026343800639898395,0.9433333333333334,0.44333333333333336,0.026343800639898395,1.0,0.5,0.026343800639898395,0.9733333333333334,0.4733333333333334,0.026343800639898395,87923.5,1
0.9933333333333333,0.4933333333333333,0.026343800639898395,0.94,0.43999999999999995,0.026343800639898395,0.9533333333333334,0.45333333333333337,0.026343800639898395,0.9933333333333333,0.4933333333333333,0.026343800639898395,0.9533333333333334,0.45333333333333337,0.026343800639898395,88245.9,1
0.9833333333333333,0.4833333333333333,0.026343800639898395,0.9566666666666667,0.45666666666666667,0.026343800639898395,0.9466666666666667,0.44666666666666666,0.026343800639898395,0.9833333333333333,0.4833333333333333,0.026343800639898395,0.9333333333333333,0.43333333333333335,0.026343800639898395,88731.8,1
0.9966666666666667,0.4966666666666667,0.026343800639898395,0.9766666666666667,0.4766666666666667,0.026343800639898395,0.9966666666666667,0.4966666666666667,0.026343800639898395,0.9933333333333333,0.4933333333333333,0.026343800639898395,0.98,0.48,0.026343800639898395,88827.1,1
1.0,0.5,0.026343800639898395,0.97,0.47,0.026343800639898395,0.9966666666666667,0.4966666666666667,0.026343800639898395,0.9933333333333333,0.4933333333333333,0.026343800639898395,0.98,0.48,0.026343800639898395,88739.4,1
0.9733333333333334,0.4733333333333334,0.026343800639898395,0.99,0.49,0.026343800639898395,0.9966666666666667,0.4966666666666667,0.026343800639898395,0.9766666666666667,0.4766666666666667,0.026343800639898395,0.99,0.49,0.026343800639898395,89402.1,1
0.9966666666666667,0.4966666666666667,0.026343800639898395,0.9866666666666667,0.4866666666666667,0.026343800639898395,0.9933333333333333,0.4933333333333333,0.026343800639898395,0.9933333333333333,0.4933333333333333,0.026343800639898395,0.99,0.49,0.026343800639898395,89324.3,1
0.98,0.48,0.026343800639898395,0.97,0.47,0.026343800639898395,0.9933333333333333,0.4933333333333333,0.026343800639898395,0.9866666666666667,0.4866666666666667,0.026343800639898395,0.9433333333333334,0.44333333333333336,0.026343800639898395,89852.9,1
0.9933333333333333,0.4933333333333333,0.026343800639898395,0.99,0.49,0.026343800639898395,0.99,0.49,0.026343800639898395,0.9833333333333333,0.4833333333333333,0.026343800639898395,0.99,0.49,0.026343800639898395,89934.0,1
0.9866666666666667,0.4866666666666667,0.026343800639898395,0.9366666666666666,0.43666666666666665,0.026343800639898395,0.9866666666666667,0.4866666666666667,0.026343800639898395,0.9833333333333333,0.4833333333333333,0.026343800639898395,0.9833333333333333,0.4833333333333333,0.026343800639898395,90282.1,1
0.9966666666666667,0.4966666666666667,0.026343800639898395,0.9633333333333334,0.4633333333333334,0.026343800639898395,1.0,0.5,0.026343800639898395,1.0,0.5,0.026343800639898395,0.9833333333333333,0.4833333333333333,0.026343800639898395,89558.3,1
0.9966666666666667,0.4966666666666667,0.026343800639898395,0.9733333333333334,0.4733333333333334,0.026343800639898395,0.9966666666666667,0.4966666666666667,0.026343800639898395,1.0,0.5,0.026343800639898395,0.9933333333333333,0.4933333333333333,0.026343800639898395,89703.2,1
0.9966666666666667,0.4966666666666667,0.026343800639898395,0.9766666666666667,0.4766666666666667,0.026343800639898395,0.9966666666666667,0.4966666666666667,0.026343800639898395,1.0,0.5,0.026343800639898395,0.99,0.49,0.026343800639898395,89923.9,1
0.9966666666666667,0.4966666666666667,0.026343800639898395,0.9833333333333333,0.4833333333333333,0.026343800639898395,0.9966666666666667,0.4966666666666667,0.026343800639898395,0.9933333333333333,0.4933333333333333,0.026343800639898395,0.9933333333333333,0.4933333333333333,0.026343800639898395,90055.4,1
0.9966666666666667,0.4966666666666667,0.026343800639898395,0.9233333333333333,0.42333333333333334,0.026343800639898395,0.9933333333333333,0.4933333333333333,0.026343800639898395,0.9866666666666667,0.4866666666666667,0.026343800639898395,0.9866666666666667,0.4866666666666667,0.026343800639898395,90590.1,1
0.95,0.44999999999999996,0.026343800639898395,0.97,0.47,0.026343800639898395,0.97,0.47,0.026343800639898395,0.9733333333333334,0.4733333333333334,0.026343800639898395,0.9733333333333334,0.4733333333333334,0.026343800639898395,91199.4,1
0.9133333333333333,0.41333333333333333,0.026343800639898395,0.89,0.39,0.026343800639898395,0.8233333333333334,0.32333333333333336,0.026343800639898395,0.9666666666666667,0.4666666666666667,0.026343800639898395,0.95,0.44999999999999996,0.026343800639898395,91476.2,1
0.9933333333333333,0.4933333333333333,0.026343800639898395,0.9433333333333334,0.44333333333333336,0.026343800639898395,0.9833333333333333,0.4833333333333333,0.026343800639898395,0.9866666666666667,0.4866666666666667,0.026343800639898395,0.97,0.47,0.026343800639898395,91252.0,1
1.0,0.5,0.026343800639898395,0.9633333333333334,0.4633333333333334,0.026343800639898395,0.9933333333333333,0.4933333333333333,0.026343800639898395,0.9933333333333333,0.4933333333333333,0.026343800639898395,0.9833333333333333,0.4833333333333333,0.026343800639898395,91288.6,1
1.0,0.5,0.026343800639898395,0.9566666666666667,0.45666666666666667,0.026343800639898395,0.9933333333333333,0.4933333333333333,0.026343800639898395,0.9766666666666667,0.4766666666666667,0.026343800639898395,0.9666666666666667,0.4666666666666667,0.026343800639898395,91116.6,1
0.9733333333333334,0.4733333333333334,0.026343800639898395,0.9266666666666666,0.42666666666666664,0.026343800639898395,0.9433333333333334,0.44333333333333336,0.026343800639898395,0.9766666666666667,0.4766666666666667,0.026343800639898395,0.9266666666666666,0.42666666666666664,0.026343800639898395,91507.0,1
0.07333333333333333,0.42666666666666664,0.026343800639898395,0.04666666666666667,0.4533333333333333,0.026343800639898395,0.023333333333333334,0.4766666666666667,0.026343800639898395,0.06666666666666667,0.43333333333333335,0.026343800639898395,0.05,0.45,0.026343800639898395,92835.8,0
0.06333333333333334,0.43666666666666665,0.026343800639898395,0.03,0.47,0.026343800639898395,0.023333333333333334,0.4766666666666667,0.026343800639898395,0.1,0.4,0.026343800639898395,0.03666666666666667,0.4633333333333333,0.026343800639898395,92475.2,0
0.01,0.49,0.026343800639898395,0.01,0.49,0.026343800639898395,0.0,0.5,0.026343800639898395,0.05333333333333334,0.44666666666666666,0.026343800639898395,0.013333333333333334,0.4866666666666667,0.026343800639898395,93049.5,0
0.01,0.49,0.026343800639898395,0.013333333333333334,0.4866666666666667,0.026343800639898395,0.0,0.5,0.026343800639898395,0.04666666666666667,0.4533333333333333,0.026343800639898395,0.006666666666666667,0.49333333333333335,0.026343800639898395,93937.0,0
0.006666666666666667,0.49333333333333335,0.026343800639898395,0.0033333333333333335,0.49666666666666665,0.026343800639898395,0.0,0.5,0.026343800639898395,0.016666666666666666,0.48333333333333334,0.026343800639898395,0.016666666666666666,0.48333333333333334,0.026343800639898395,94288.1,0
0.01,0.49,0.026343800639898395,0.0033333333333333335,0.49666666666666665,0.026343800639898395,0.01,0.49,0.026343800639898395,0.0,0.5,0.026343800639898395,0.006666666666666667,0.49333333333333335,0.026343800639898395,93866.9,0
0.013333333333333334,0.4866666666666667,0.026343800639898395,0.0,0.5,0.026343800639898395,0.0033333333333333335,0.49666666666666665,0.026343800639898395,0.0,0.5,0.026343800639898395,0.01,0.49,0.026343800639898395,93754.9,0
0.006666666666666667,0.49333333333333335,0.026343800639898395,0.02,0.48,0.026343800639898395,0.0,0.5,0.026343800639898395,0.006666666666666667,0.49333333333333335,0.026343800639898395,0.02,0.48,0.026343800639898395,93215.3,0
0.0,0.5,0.026343800639898395,0.013333333333333334,0.4866666666666667,0.026343800639898395,0.006666666666666667,0.49333333333333335,0.026343800639898395,0.0,0.5,0.026343800639898395,0.023333333333333334,0.4766666666666667,0.026343800639898395,93794.1,0
0.0033333333333333335,0.49666666666666665,0.026343800639898395,0.013333333333333334,0.4866666666666667,0.026343800639898395,0.006666666666666667,0.49333333333333335,0.026343800639898395,0.0,0.5,0.026343800639898395,0.023333333333333334,0.4766666666666667,0.026343800639898395,93591.8,0
0.03,0.47,0.026343800639898395,0.11666666666666667,0.3833333333333333,0.026343800639898395,0.04,0.46,0.026343800639898395,0.023333333333333334,0.4766666666666667,0.026343800639898395,0.05,0.45,0.026343800639898395,92061.7,0
0.006666666666666667,0.49333333333333335,0.026343800639898395,0.06,0.44,0.026343800639898395,0.023333333333333334,0.4766666666666667,0.026343800639898395,0.01,0.49,0.026343800639898395,0.03333333333333333,0.4666666666666667,0.026343800639898395,93711.8,0
0.02666666666666667,0.47333333333333333,0.026343800639898395,0.03666666666666667,0.4633333333333333,0.026343800639898395,0.016666666666666666,0.48333333333333334,0.026343800639898395,0.0,0.5,0.026343800639898395,0.013333333333333334,0.4866666666666667,0.026343800639898395,92736.8,0
0.013333333333333334,0.4866666666666667,0.026343800639898395,0.02666666666666667,0.47333333333333333,0.026343800639898395,0.023333333333333334,0.4766666666666667,0.026343800639898395,0.0,0.5,0.026343800639898395,0.02666666666666667,0.47333333333333333,0.026343800639898395,92789.0,0
0.006666666666666667,0.49333333333333335,0.026343800639898395,0.01,0.49,0.026343800639898395,0.013333333333333334,0.4866666666666667,0.026343800639898395,0.0033333333333333335,0.49666666666666665,0.026343800639898395,0.03,0.47,0.026343800639898395,92031.8,0
0.02666666666666667,0.47333333333333333,0.026343800639898395,0.04,0.46,0.026343800639898395,0.05,0.45,0.026343800639898395,0.0033333333333333335,0.49666666666666665,0.026343800639898395,0.056666666666666664,0.44333333333333336,0.026343800639898395,91266.7,0
0.023333333333333334,0.4766666666666667,0.026343800639898395,0.03,0.47,0.026343800639898395,0.043333333333333335,0.45666666666666667,0.026343800639898395,0.0033333333333333335,0.49666666666666665,0.026343800639898395,0.03,0.47,0.026343800639898395,91094.6,0
0.0,0.5,0.026343800639898395,0.043333333333333335,0.45666666666666667,0.026343800639898395,0.04666666666666667,0.4533333333333333,0.026343800639898395,0.0,0.5,0.026343800639898395,0.016666666666666666,0.48333333333333334,0.026343800639898395,91273.3,0
0.09333333333333334,0.4066666666666667,0.026343800639898395,0.21666666666666667,0.2833333333333333,0.026343800639898395,0.14666666666666667,0.35333333333333333,0.026343800639898395,0.06333333333333334,0.43666666666666665,0.026343800639898395,0.14,0.36,0.026343800639898395,90701.5,0
0.7333333333333333,0.23333333333333328,0.026343800639898395,0.7233333333333334,0.22333333333333338,0.026343800639898395,0.7933333333333333,0.29333333333333333,0.026343800639898395,0.7133333333333334,0.21333333333333337,0.026343800639898395,0.7566666666666667,0.2566666666666667,0.026343800639898395,90424.2,1
0.8466666666666667,0.3466666666666667,0.026343800639898395,0.7633333333333333,0.2633333333333333,0.026343800639898395,0.8233333333333334,0.32333333333333336,0.026343800639898395,0.85,0.35,0.026343800639898395,0.7433333333333333,0.2433333333333333,0.026343800639898395,90096.8,1
0.07666666666666666,0.42333333333333334,0.026343800639898395,0.14,0.36,0.026343800639898395,0.09333333333333334,0.4066666666666667,0.026343800639898395,0.06,0.44,0.026343800639898395,0.14,0.36,0.026343800639898395,90711.4,0
0.04666666666666667,0.4533333333333333,0.026343800639898395,0.15666666666666668,0.3433333333333333,0.026343800639898395,0.023333333333333334,0.4766666666666667,0.026343800639898395,0.006666666666666667,0.49333333333333335,0.026343800639898395,0.07666666666666666,0.42333333333333334,0.026343800639898395,90846.8,0
0.043333333333333335,0.45666666666666667,0.026343800639898395,0.12333333333333334,0.37666666666666665,0.026343800639898395,0.06333333333333334,0.43666666666666665,0.026343800639898395,0.03333333333333333,0.4666666666666667,0.026343800639898395,0.056666666666666664,0.44333333333333336,0.026343800639898395,91029.1,0
0.07,0.43,0.026343800639898395,0.13666666666666666,0.36333333333333334,0.026343800639898395,0.12333333333333334,0.37666666666666665,0.026343800639898395,0.09333333333333334,0.4066666666666667,0.026343800639898395,0.12666666666666668,0.3733333333333333,0.026343800639898395,91118.4,0
0.17666666666666667,0.32333333333333336,0.026343800639898395,0.2633333333333333,0.2366666666666667,0.026343800639898395,0.23,0.27,0.026343800639898395,0.31,0.19,0.026343800639898395,0.26,0.24,0.026343800639898395,90626.5,0
0.86,0.36,0.026343800639898395,0.8833333333333333,0.3833333333333333,0.026343800639898395,0.89,0.39,0.026343800639898395,0.9133333333333333,0.41333333333333333,0.026343800639898395,0.8566666666666667,0.3566666666666667,0.026343800639898395,90336.8,1
0.84,0.33999999999999997,0.026343800639898395,0.8133333333333334,0.31333333333333335,0.026343800639898395,0.8533333333333334,0.3533333333333334,0.026343800639898395,0.7733333333333333,0.2733333333333333,0.026343800639898395,0.8933333333333333,0.3933333333333333,0.026343800639898395,91041.8,1
0.9733333333333334,0.4733333333333334,0.026343800639898395,0.9133333333333333,0.41333333333333333,0.026343800639898395,0.9833333333333333,0.4833333333333333,0.026343800639898395,0.9566666666666667,0.45666666666666667,0.026343800639898395,0.95,0.44999999999999996,0.026343800639898395,90231.9,1
0.98,0.48,0.026343800639898395,0.9266666666666666,0.42666666666666664,0.026343800639898395,0.9866666666666667,0.4866666666666667,0.026343800639898395,0.96,0.45999999999999996,0.026343800639898395,0.94,0.43999999999999995,0.026343800639898395,90513.2,1
0.9933333333333333,0.4933333333333333,0.026343800639898395,0.9833333333333333,0.4833333333333333,0.026343800639898395,1.0,0.5,0.026343800639898395,0.9633333333333334,0.4633333333333334,0.026343800639898395,0.99,0.49,0.026343800639898395,90516.0,1
0.9933333333333333,0.4933333333333333,0.026343800639898395,0.9766666666666667,0.4766666666666667,0.026343800639898395,1.0,0.5,0.026343800639898395,0.9933333333333333,0.4933333333333333,0.026343800639898395,0.99,0.49,0.026343800639898395,90532.5,1
0.99,0.49,0.026343800639898395,0.9766666666666667,0.4766666666666667,0.026343800639898395,0.9866666666666667,0.4866666666666667,0.026343800639898395,0.9833333333333333,0.4833333333333333,0.026343800639898395,1.0,0.5,0.026343800639898395,90584.8,1
1.0,0.5,0.026343800639898395,0.98,0.48,0.026343800639898395,0.9866666666666667,0.4866666666666667,0.026343800639898395,1.0,0.5,0.026343800639898395,1.0,0.5,0.026343800639898395,90539.7,1
1.0,0.5,0.026343800639898395,0.9733333333333334,0.4733333333333334,0.026343800639898395,0.99,0.49,0.026343800639898395,0.9966666666666667,0.4966666666666667,0.026343800639898395,0.9966666666666667,0.4966666666666667,0.026343800639898395,90504.7,1
1.0,0.5,0.026343800639898395,0.9866666666666667,0.4866666666666667,0.026343800639898395,0.9966666666666667,0.4966666666666667,0.026343800639898395,0.9966666666666667,0.4966666666666667,0.026343800639898395,0.9866666666666667,0.4866666666666667,0.026343800639898395,90375.2,1
1.0,0.5,0.026343800639898395,0.9866666666666667,0.4866666666666667,0.026343800639898395,0.9966666666666667,0.4966666666666667,0.026343800639898395,1.0,0.5,0.026343800639898395,0.9866666666666667,0.4866666666666667,0.026343800639898395,90608.0,1
1.0,0.5,0.026343800639898395,0.97,0.47,0.026343800639898395,1.0,0.5,0.026343800639898395,1.0,0.5,0.026343800639898395,0.9933333333333333,0.4933333333333333,0.026343800639898395,90586.2,1
1.0,0.5,0.026343800639898395,0.9466666666666667,0.44666666666666666,0.026343800639898395,0.99,0.49,0.026343800639898395,0.9966666666666667,0.4966666666666667,0.026343800639898395,0.9933333333333333,0.4933333333333333,0.026343800639898395,90605.6,1
0.9966666666666667,0.4966666666666667,0.026343800639898395,0.9566666666666667,0.45666666666666667,0.026343800639898395,1.0,0.5,0.026343800639898395,0.99,0.49,0.026343800639898395,0.9866666666666667,0.4866666666666667,0.026343800639898395,90749.8,1
0.9966666666666667,0.4966666666666667,0.026343800639898395,0.9433333333333334,0.44333333333333336,0.026343800639898395,0.9933333333333333,0.4933333333333333,0.026343800639898395,0.9966666666666667,0.4966666666666667,0.026343800639898395,0.9866666666666667,0.4866666666666667,0.026343800639898395,90576.0,1
1.0,0.5,0.026343800639898395,0.9766666666666667,0.4766666666666667,0.026343800639898395,0.9966666666666667,0.4966666666666667,0.026343800639898395,1.0,0.5,0.026343800639898395,0.9766666666666667,0.4766666666666667,0.026343800639898395,90849.8,1
0.9833333333333333,0.4833333333333333,0.026343800639898395,0.94,0.43999999999999995,0.026343800639898395,0.98,0.48,0.026343800639898395,1.0,0.5,0.026343800639898395,0.9733333333333334,0.4733333333333334,0.026343800639898395,91674.4,1
0.9933333333333333,0.4933333333333333,0.026343800639898395,0.9466666666666667,0.44666666666666666,0.026343800639898395,0.9866666666666667,0.4866666666666667,0.026343800639898395,1.0,0.5,0.026343800639898395,0.99,0.49,0.026343800639898395,91296.1,1
0.9866666666666667,0.4866666666666667,0.026343800639898395,0.9333333333333333,0.43333333333333335,0.026343800639898395,0.97,0.47,0.026343800639898395,0.99,0.49,0.026343800639898395,0.94,0.43999999999999995,0.026343800639898395,90520.4,1
0.99,0.49,0.026343800639898395,0.96,0.45999999999999996,0.026343800639898395,0.9933333333333333,0.4933333333333333,0.026343800639898395,1.0,0.5,0.026343800639898395,0.96,0.45999999999999996,0.026343800639898395,91565.4,1
0.96,0.45999999999999996,0.026343800639898395,0.9566666666666667,0.45666666666666667,0.026343800639898395,0.98,0.48,0.026343800639898395,0.9933333333333333,0.4933333333333333,0.026343800639898395,0.9166666666666666,0.41666666666666663,0.026343800639898395,91781.5,1
0.96,0.45999999999999996,0.026343800639898395,0.96,0.45999999999999996,0.026343800639898395,0.9433333333333334,0.44333333333333336,0.026343800639898395,0.9966666666666667,0.4966666666666667,0.026343800639898395,0.9666666666666667,0.4666666666666667,0.026343800639898395,91190.9,1
0.9866666666666667,0.4866666666666667,0.026343800639898395,0.9733333333333334,0.4733333333333334,0.026343800639898395,1.0,0.5,0.026343800639898395,0.9833333333333333,0.4833333333333333,0.026343800639898395,0.9666666666666667,0.4666666666666667,0.026343800639898395,91295.3,1
0.9833333333333333,0.4833333333333333,0.026343800639898395,0.9733333333333334,0.4733333333333334,0.026343800639898395,0.9866666666666667,0.4866666666666667,0.026343800639898395,0.9866666666666667,0.4866666666666667,0.026343800639898395,0.97,0.47,0.026343800639898395,91846.4,1
0.97,0.47,0.026343800639898395,0.9733333333333334,0.4733333333333334,0.026343800639898395,0.98,0.48,0.026343800639898395,0.9733333333333334,0.4733333333333334,0.026343800639898395,0.9566666666666667,0.45666666666666667,0.026343800639898395,91891.9,1
0.9233333333333333,0.42333333333333334,0.026343800639898395,0.9633333333333334,0.4633333333333334,0.026343800639898395,0.9433333333333334,0.44333333333333336,0.026343800639898395,0.9466666666666667,0.44666666666666666,0.026343800639898395,0.9033333333333333,0.4033333333333333,0.026343800639898395,93386.4,1
0.9,0.4,0.026343800639898395,0.9566666666666667,0.45666666666666667,0.026343800639898395,0.91,0.41000000000000003,0.026343800639898395,0.9133333333333333,0.41333333333333333,0.026343800639898395,0.8933333333333333,0.3933333333333333,0.026343800639898395,94200.0,1
0.7933333333333333,0.29333333333333333,0.026343800639898395,0.9,0.4,0.026343800639898395,0.7,0.19999999999999996,0.026343800639898395,0.7033333333333334,0.20333333333333337,0.026343800639898395,0.7733333333333333,0.2733333333333333,0.026343800639898395,95358.1,1
0.11666666666666667,0.3833333333333333,0.026343800639898395,0.08666666666666667,0.41333333333333333,0.026343800639898395,0.09,0.41000000000000003,0.026343800639898395,0.09666666666666666,0.4033333333333333,0.026343800639898395,0.10333333333333333,0.39666666666666667,0.026343800639898395,95650.3,0
0.22666666666666666,0.2733333333333333,0.026343800639898395,0.08666666666666667,0.41333333333333333,0.026343800639898395,0.11,0.39,0.026343800639898395,0.19666666666666666,0.30333333333333334,0.026343800639898395,0.19,0.31,0.026343800639898395,95172.6,0
0.69,0.18999999999999995,0.026343800639898395,0.71,0.20999999999999996,0.026343800639898395,0.6433333333333333,0.1433333333333333,0.026343800639898395,0.64,0.14,0.026343800639898395,0.64,0.14,0.026343800639898395,94729.5,1
0.03666666666666667,0.4633333333333333,0.026343800639898395,0.023333333333333334,0.4766666666666667,0.026343800639898395,0.02,0.48,0.026343800639898395,0.03,0.47,0.026343800639898395,0.05333333333333334,0.44666666666666666,0.026343800639898395,96747.8,0
0.016666666666666666,0.48333333333333334,0.026343800639898395,0.023333333333333334,0.4766666666666667,0.026343800639898395,0.006666666666666667,0.49333333333333335,0.026343800639898395,0.013333333333333334,0.4866666666666667,0.026343800639898395,0.06333333333333334,0.43666666666666665,0.026343800639898395,97242.8,0
0.013333333333333334,0.4866666666666667,0.026343800639898395,0.023333333333333334,0.4766666666666667,0.026343800639898395,0.01,0.49,0.026343800639898395,0.01,0.49,0.026343800639898395,0.05333333333333334,0.44666666666666666,0.026343800639898395,96933.3,0
0.006666666666666667,0.49333333333333335,0.026343800639898395,0.02666666666666667,0.47333333333333333,0.026343800639898395,0.006666666666666667,0.49333333333333335,0.026343800639898395,0.013333333333333334,0.4866666666666667,0.026343800639898395,0.02666666666666667,0.47333333333333333,0.026343800639898395,95937.9,0
0.006666666666666667,0.49333333333333335,0.026343800639898395,0.016666666666666666,0.48333333333333334,0.026343800639898395,0.0,0.5,0.026343800639898395,0.016666666666666666,0.48333333333333334,0.026343800639898395,0.0033333333333333335,0.49666666666666665,0.026343800639898395,96566.3,0
0.0033333333333333335,0.49666666666666665,0.026343800639898395,0.0033333333333333335,0.49666666666666665,0.026343800639898395,0.006666666666666667,0.49333333333333335,0.026343800639898395,0.01,0.49,0.026343800639898395,0.0033333333333333335,0.49666666666666665,0.026343800639898395,96569.8,0
0.0033333333333333335,0.49666666666666665,0.026343800639898395,0.02,0.48,0.026343800639898395,0.0033333333333333335,0.49666666666666665,0.026343800639898395,0.0033333333333333335,0.49666666666666665,0.026343800639898395,0.01,0.49,0.026343800639898395,96712.5,0
0.0,0.5,0.026343800639898395,0.056666666666666664,0.44333333333333336,0.026343800639898395,0.0,0.5,0.026343800639898395,0.01,0.49,0.026343800639898395,0.0,0.5,0.026343800639898395,95481.6,0
0.0,0.5,0.026343800639898395,0.01,0.49,0.026343800639898395,0.0033333333333333335,0.49666666666666665,0.026343800639898395,0.006666666666666667,0.49333333333333335,0.026343800639898395,0.0033333333333333335,0.49666666666666665,0.026343800639898395,95559.4,0
0.0,0.5,0.026343800639898395,0.006666666666666667,0.49333333333333335,0.026343800639898395,0.006666666666666667,0.49333333333333335,0.026343800639898395,0.0,0.5,0.026343800639898395,0.0,0.5,0.026343800639898395,95311.4,0
0.0,0.5,0.026343800639898395,0.02,0.48,0.026343800639898395,0.0033333333333333335,0.49666666666666665,0.026343800639898395,0.0,0.5,0.026343800639898395,0.0,0.5,0.026343800639898395,95632.6,0
0.0,0.5,0.026343800639898395,0.02,0.48,0.026343800639898395,0.0,0.5,0.026343800639898395,0.0,0.5,0.026343800639898395,0.01,0.49,0.026343800639898395,95396.0,0
0.0,0.5,0.026343800639898395,0.08333333333333333,0.4166666666666667,0.026343800639898395,0.0,0.5,0.026343800639898395,0.0,0.5,0.026343800639898395,0.01,0.49,0.026343800639898395,94550.0,0
0.0,0.5,0.026343800639898395,0.023333333333333334,0.4766666666666667,0.026343800639898395,0.0033333333333333335,0.49666666666666665,0.026343800639898395,0.0,0.5,0.026343800639898395,0.0,0.5,0.026343800639898395,94961.8,0
0.0,0.5,0.026343800639898395,0.013333333333333334,0.4866666666666667,0.026343800639898395,0.0,0.5,0.026343800639898395,0.0,0.5,0.026343800639898395,0.0033333333333333335,0.49666666666666665,0.026343800639898395,95510.9,0
0.0,0.5,0.026343800639898395,0.03666666666666667,0.4633333333333333,0.026343800639898395,0.0,0.5,0.026343800639898395,0.0,0.5,0.026343800639898395,0.0,0.5,0.026343800639898395,95337.2,0
0.0,0.5,0.026343800639898395,0.04,0.46,0.026343800639898395,0.0,0.5,0.026343800639898395,0.0,0.5,0.026343800639898395,0.0,0.5,0.026343800639898395,95053.0,0
0.0,0.5,0.026343800639898395,0.02666666666666667,0.47333333333333333,0.026343800639898395,0.0,0.5,0.026343800639898395,0.0,0.5,0.026343800639898395,0.016666666666666666,0.48333333333333334,0.026343800639898395,95254.4,0
0.0,0.5,0.026343800639898395,0.01,0.49,0.026343800639898395,0.0,0.5,0.026343800639898395,0.0,0.5,0.026343800639898395,0.0,0.5,0.026343800639898395,95538.2,0
0.0,0.5,0.026343800639898395,0.016666666666666666,0.48333333333333334,0.026343800639898395,0.0,0.5,0.026343800639898395,0.0,0.5,0.026343800639898395,0.0,0.5,0.026343800639898395,95253.8,0
0.0,0.5,0.026343800639898395,0.05333333333333334,0.44666666666666666,0.026343800639898395,0.0,0.5,0.026343800639898395,0.0,0.5,0.026343800639898395,0.0033333333333333335,0.49666666666666665,0.026343800639898395,95089.9,0
0.0,0.5,0.026343800639898395,0.023333333333333334,0.4766666666666667,0.026343800639898395,0.0,0.5,0.026343800639898395,0.0,0.5,0.026343800639898395,0.0033333333333333335,0.49666666666666665,0.026343800639898395,95138.0,0
0.0,0.5,0.026343800639898395,0.03,0.47,0.026343800639898395,0.0,0.5,0.026343800639898395,0.0033333333333333335,0.49666666666666665,0.026343800639898395,0.0,0.5,0.026343800639898395,95000.0,0
0.0,0.5,0.026343800639898395,0.03666666666666667,0.4633333333333333,0.026343800639898395,0.0033333333333333335,0.49666666666666665,0.026343800639898395,0.0033333333333333335,0.49666666666666665,0.026343800639898395,0.0,0.5,0.026343800639898395,95115.8,0
0.0,0.5,0.026343800639898395,0.04,0.46,0.026343800639898395,0.0,0.5,0.026343800639898395,0.006666666666666667,0.49333333333333335,0.026343800639898395,0.0033333333333333335,0.49666666666666665,0.026343800639898395,95082.4,0
0.0,0.5,0.026343800639898395,0.05333333333333334,0.44666666666666666,0.026343800639898395,0.0,0.5,0.026343800639898395,0.013333333333333334,0.4866666666666667,0.026343800639898395,0.0,0.5,0.026343800639898395,95329.9,0
0.023333333333333334,0.4766666666666667,0.026343800639898395,0.12333333333333334,0.37666666666666665,0.026343800639898395,0.01,0.49,0.026343800639898395,0.02666666666666667,0.47333333333333333,0.026343800639898395,0.02666666666666667,0.47333333333333333,0.026343800639898395,93632.6,0
0.05333333333333334,0.44666666666666666,0.026343800639898395,0.016666666666666666,0.48333333333333334,0.026343800639898395,0.023333333333333334,0.4766666666666667,0.026343800639898395,0.0,0.5,0.026343800639898395,0.02,0.48,0.026343800639898395,92650.4,0
0.013333333333333334,0.4866666666666667,0.026343800639898395,0.016666666666666666,0.48333333333333334,0.026343800639898395,0.0033333333333333335,0.49666666666666665,0.026343800639898395,0.0033333333333333335,0.49666666666666665,0.026343800639898395,0.0033333333333333335,0.49666666666666665,0.026343800639898395,92779.2,0
0.006666666666666667,0.49333333333333335,0.026343800639898395,0.016666666666666666,0.48333333333333334,0.026343800639898395,0.0033333333333333335,0.49666666666666665,0.026343800639898395,0.0,0.5,0.026343800639898395,0.01,0.49,0.026343800639898395,93145.7,0
0.006666666666666667,0.49333333333333335,0.026343800639898395,0.023333333333333334,0.4766666666666667,0.026343800639898395,0.0,0.5,0.026343800639898395,0.0,0.5,0.026343800639898395,0.006666666666666667,0.49333333333333335,0.026343800639898395,93012.0,0
0.0,0.5,0.026343800639898395,0.02,0.48,0.026343800639898395,0.0,0.5,0.026343800639898395,0.0033333333333333335,0.49666666666666665,0.026343800639898395,0.013333333333333334,0.4866666666666667,0.026343800639898395,93056.4,0
0.0033333333333333335,0.49666666666666665,0.026343800639898395,0.05333333333333334,0.44666666666666666,0.026343800639898395,0.0033333333333333335,0.49666666666666665,0.026343800639898395,0.013333333333333334,0.4866666666666667,0.026343800639898395,0.013333333333333334,0.4866666666666667,0.026343800639898395,92546.5,0
0.013333333333333334,0.4866666666666667,0.026343800639898395,0.09333333333333334,0.4066666666666667,0.026343800639898395,0.006666666666666667,0.49333333333333335,0.026343800639898395,0.013333333333333334,0.4866666666666667,0.026343800639898395,0.0033333333333333335,0.49666666666666665,0.026343800639898395,92370.6,0
0.03,0.47,0.026343800639898395,0.08,0.42,0.026343800639898395,0.023333333333333334,0.4766666666666667,0.026343800639898395,0.016666666666666666,0.48333333333333334,0.026343800639898395,0.016666666666666666,0.48333333333333334,0.026343800639898395,91092.5,0
0.02,0.48,0.026343800639898395,0.07333333333333333,0.42666666666666664,0.026343800639898395,0.023333333333333334,0.4766666666666667,0.026343800639898395,0.01,0.49,0.026343800639898395,0.0033333333333333335,0.49666666666666665,0.026343800639898395,91128.6,0
0.043333333333333335,0.45666666666666667,0.026343800639898395,0.04666666666666667,0.4533333333333333,0.026343800639898395,0.03333333333333333,0.4666666666666667,0.026343800639898395,0.03333333333333333,0.4666666666666667,0.026343800639898395,0.01,0.49,0.026343800639898395,90591.1,0
0.17333333333333334,0.32666666666666666,0.026343800639898395,0.12,0.38,0.026343800639898395,0.14,0.36,0.026343800639898395,0.13666666666666666,0.36333333333333334,0.026343800639898395,0.10333333333333333,0.39666666666666667,0.026343800639898395,89596.5,0
0.8,0.30000000000000004,0.026343800639898395,0.7433333333333333,0.2433333333333333,0.026343800639898395,0.77,0.27,0.026343800639898395,0.8966666666666666,0.3966666666666666,0.026343800639898395,0.7366666666666667,0.2366666666666667,0.026343800639898395,88309.9,1
0.8666666666666667,0.3666666666666667,0.026343800639898395,0.8333333333333334,0.33333333333333337,0.026343800639898395,0.8066666666666666,0.30666666666666664,0.026343800639898395,0.94,0.43999999999999995,0.026343800639898395,0.8466666666666667,0.3466666666666667,0.026343800639898395,89316.6,1
0.9333333333333333,0.43333333333333335,0.026343800639898395,0.92,0.42000000000000004,0.026343800639898395,0.9033333333333333,0.4033333333333333,0.026343800639898395,0.9566666666666667,0.45666666666666667,0.026343800639898395,0.9066666666666666,0.4066666666666666,0.026343800639898395,89119.1,1
0.94,0.43999999999999995,0.026343800639898395,0.92,0.42000000000000004,0.026343800639898395,0.9433333333333334,0.44333333333333336,0.026343800639898395,0.9733333333333334,0.4733333333333334,0.026343800639898395,0.9466666666666667,0.44666666666666666,0.026343800639898395,88700.0,1
0.05333333333333334,0.44666666666666666,0.026343800639898395,0.19666666666666666,0.30333333333333334,0.026343800639898395,0.07,0.43,0.026343800639898395,0.12,0.38,0.026343800639898395,0.12666666666666668,0.3733333333333333,0.026343800639898395,90218.3,0
0.056666666666666664,0.44333333333333336,0.026343800639898395,0.27666666666666667,0.22333333333333333,0.026343800639898395,0.05333333333333334,0.44666666666666666,0.026343800639898395,0.12,0.38,0.026343800639898395,0.11,0.39,0.026343800639898395,90275.8,0
0.7133333333333334,0.21333333333333337,0.026343800639898395,0.8566666666666667,0.3566666666666667,0.026343800639898395,0.72,0.21999999999999997,0.026343800639898395,0.6433333333333333,0.1433333333333333,0.026343800639898395,0.7066666666666667,0.20666666666666667,0.026343800639898395,89372.9,1
0.01,0.49,0.026343800639898395,0.04666666666666667,0.4533333333333333,0.026343800639898395,0.03,0.47,0.026343800639898395,0.06333333333333334,0.43666666666666665,0.026343800639898395,0.02666666666666667,0.47333333333333333,0.026343800639898395,89804.0,0
0.006666666666666667,0.49333333333333335,0.026343800639898395,0.016666666666666666,0.48333333333333334,0.026343800639898395,0.02,0.48,0.026343800639898395,0.0033333333333333335,0.49666666666666665,0.026343800639898395,0.02666666666666667,0.47333333333333333,0.026343800639898395,89741.9,0
0.0033333333333333335,0.49666666666666665,0.026343800639898395,0.02,0.48,0.026343800639898395,0.0,0.5,0.026343800639898395,0.0,0.5,0.026343800639898395,0.02666666666666667,0.47333333333333333,0.026343800639898395,89860.4,0
0.20333333333333334,0.29666666666666663,0.026343800639898395,0.06666666666666667,0.43333333333333335,0.026343800639898395,0.10666666666666667,0.3933333333333333,0.026343800639898395,0.10333333333333333,0.39666666666666667,0.026343800639898395,0.12666666666666668,0.3733333333333333,0.026343800639898395,88905.4,0
0.0033333333333333335,0.49666666666666665,0.026343800639898395,0.02,0.48,0.026343800639898395,0.0,0.5,0.026343800639898395,0.0,0.5,0.026343800639898395,0.013333333333333334,0.4866666666666667,0.026343800639898395,89699.6,0
0.0033333333333333335,0.49666666666666665,0.026343800639898395,0.02,0.48,0.026343800639898395,0.0,0.5,0.026343800639898395,0.03,0.47,0.026343800639898395,0.0033333333333333335,0.49666666666666665,0.026343800639898395,89454.2,0
0.0033333333333333335,0.49666666666666665,0.026343800639898395,0.016666666666666666,0.48333333333333334,0.026343800639898395,0.006666666666666667,0.49333333333333335,0.026343800639898395,0.0,0.5,0.026343800639898395,0.01,0.49,0.026343800639898395,89818.7,0
0.0,0.5,0.026343800639898395,0.016666666666666666,0.48333333333333334,0.026343800639898395,0.013333333333333334,0.4866666666666667,0.026343800639898395,0.01,0.49,0.026343800639898395,0.016666666666666666,0.48333333333333334,0.026343800639898395,89445.0,0
0.043333333333333335,0.45666666666666667,0.026343800639898395,0.043333333333333335,0.45666666666666667,0.026343800639898395,0.03666666666666667,0.4633333333333333,0.026343800639898395,0.05,0.45,0.026343800639898395,0.043333333333333335,0.45666666666666667,0.026343800639898395,89075.2,0
0.0033333333333333335,0.49666666666666665,0.026343800639898395,0.006666666666666667,0.49333333333333335,0.026343800639898395,0.0,0.5,0.026343800639898395,0.0,0.5,0.026343800639898395,0.01,0.49,0.026343800639898395,89644.4,0
0.0033333333333333335,0.49666666666666665,0.026343800639898395,0.01,0.49,0.026343800639898395,0.0033333333333333335,0.49666666666666665,0.026343800639898395,0.0,0.5,0.026343800639898395,0.01,0.49,0.026343800639898395,89860.9,0
0.0,0.5,0.026343800639898395,0.016666666666666666,0.48333333333333334,0.026343800639898395,0.013333333333333334,0.4866666666666667,0.026343800639898395,0.0,0.5,0.026343800639898395,0.006666666666666667,0.49333333333333335,0.026343800639898395,89495.0,0
0.0033333333333333335,0.49666666666666665,0.026343800639898395,0.01,0.49,0.026343800639898395,0.0033333333333333335,0.49666666666666665,0.026343800639898395,0.0,0.5,0.026343800639898395,0.006666666666666667,0.49333333333333335,0.026343800639898395,89643.6,0
0.0,0.5,0.026343800639898395,0.016666666666666666,0.48333333333333334,0.026343800639898395,0.0,0.5,0.026343800639898395,0.0,0.5,0.026343800639898395,0.0033333333333333335,0.49666666666666665,0.026343800639898395,89479.7,0
0.0033333333333333335,0.49666666666666665,0.026343800639898395,0.01,0.49,0.026343800639898395,0.0033333333333333335,0.49666666666666665,0.026343800639898395,0.0,0.5,0.026343800639898395,0.006666666666666667,0.49333333333333335,0.026343800639898395,89457.8,0
0.0033333333333333335,0.49666666666666665,0.026343800639898395,0.01,0.49,0.026343800639898395,0.013333333333333334,0.4866666666666667,0.026343800639898395,0.01,0.49,0.026343800639898395,0.023333333333333334,0.4766666666666667,0.026343800639898395,89142.8,0
0.0033333333333333335,0.49666666666666665,0.026343800639898395,0.02,0.48,0.026343800639898395,0.013333333333333334,0.4866666666666667,0.026343800639898395,0.006666666666666667,0.49333333333333335,0.026343800639898395,0.023333333333333334,0.4766666666666667,0.026343800639898395,89183.4,0
0.016666666666666666,0.48333333333333334,0.026343800639898395,0.013333333333333334,0.4866666666666667,0.026343800639898395,0.03,0.47,0.026343800639898395,0.006666666666666667,0.49333333333333335,0.026343800639898395,0.03666666666666667,0.4633333333333333,0.026343800639898395,89079.6,0
0.08333333333333333,0.4166666666666667,0.026343800639898395,0.20666666666666667,0.29333333333333333,0.026343800639898395,0.04666666666666667,0.4533333333333333,0.026343800639898395,0.05333333333333334,0.44666666666666666,0.026343800639898395,0.08,0.42,0.026343800639898395,88849.5,0
0.24333333333333335,0.25666666666666665,0.026343800639898395,0.25666666666666665,0.24333333333333335,0.026343800639898395,0.19,0.31,0.026343800639898395,0.12333333333333334,0.37666666666666665,0.026343800639898395,0.17666666666666667,0.32333333333333336,0.026343800639898395,88513.0,0
0.7933333333333333,0.29333333333333333,0.026343800639898395,0.8466666666666667,0.3466666666666667,0.026343800639898395,0.76,0.26,0.026343800639898395,0.82,0.31999999999999995,0.026343800639898395,0.8333333333333334,0.33333333333333337,0.026343800639898395,88430.0,1
0.8766666666666667,0.3766666666666667,0.026343800639898395,0.8766666666666667,0.3766666666666667,0.026343800639898395,0.8666666666666667,0.3666666666666667,0.026343800639898395,0.9,0.4,0.026343800639898395,0.8733333333333333,0.3733333333333333,0.026343800639898395,88316.3,1
0.94,0.43999999999999995,0.026343800639898395,0.93,0.43000000000000005,0.026343800639898395,0.9366666666666666,0.43666666666666665,0.026343800639898395,0.95,0.44999999999999996,0.026343800639898395,0.86,0.36,0.026343800639898395,86379.6,1
0.9533333333333334,0.45333333333333337,0.026343800639898395,0.9266666666666666,0.42666666666666664,0.026343800639898395,0.96,0.45999999999999996,0.026343800639898395,0.9433333333333334,0.44333333333333336,0.026343800639898395,0.93,0.43000000000000005,0.026343800639898395,86572.3,1
0.9466666666666667,0.44666666666666666,0.026343800639898395,0.8966666666666666,0.3966666666666666,0.026343800639898395,0.9666666666666667,0.4666666666666667,0.026343800639898395,0.97,0.47,0.026343800639898395,0.9533333333333334,0.45333333333333337,0.026343800639898395,87146.8,1
0.9633333333333334,0.4633333333333334,0.026343800639898395,0.9,0.4,0.026343800639898395,0.96,0.45999999999999996,0.026343800639898395,0.96,0.45999999999999996,0.026343800639898395,0.94,0.43999999999999995,0.026343800639898395,87906.1,1
0.96,0.45999999999999996,0.026343800639898395,0.9233333333333333,0.42333333333333334,0.026343800639898395,0.96,0.45999999999999996,0.026343800639898395,0.9766666666666667,0.4766666666666667,0.026343800639898395,0.91,0.41000000000000003,0.026343800639898395,87749.7,1
0.9466666666666667,0.44666666666666666,0.026343800639898395,0.94,0.43999999999999995,0.026343800639898395,0.96,0.45999999999999996,0.026343800639898395,0.9433333333333334,0.44333333333333336,0.026343800639898395,0.9766666666666667,0.4766666666666667,0.026343800639898395,87545.3,1
0.7933333333333333,0.29333333333333333,0.026343800639898395,0.89,0.39,0.026343800639898395,0.8666666666666667,0.3666666666666667,0.026343800639898395,0.8733333333333333,0.3733333333333333,0.026343800639898395,0.8766666666666667,0.3766666666666667,0.026343800639898395,87914.8,1
0.19666666666666666,0.30333333333333334,0.026343800639898395,0.2833333333333333,0.21666666666666667,0.026343800639898395,0.18,0.32,0.026343800639898395,0.15,0.35,0.026343800639898395,0.25333333333333335,0.24666666666666665,0.026343800639898395,88247.4,0
0.02,0.48,0.026343800639898395,0.03333333333333333,0.4666666666666667,0.026343800639898395,0.043333333333333335,0.45666666666666667,0.026343800639898395,0.023333333333333334,0.4766666666666667,0.026343800639898395,0.03666666666666667,0.4633333333333333,0.026343800639898395,88654.3,0
0.006666666666666667,0.49333333333333335,0.026343800639898395,0.02666666666666667,0.47333333333333333,0.026343800639898395,0.02,0.48,0.026343800639898395,0.013333333333333334,0.4866666666666667,0.026343800639898395,0.03333333333333333,0.4666666666666667,0.026343800639898395,88216.1,0
0.03,0.47,0.026343800639898395,0.03333333333333333,0.4666666666666667,0.026343800639898395,0.04,0.46,0.026343800639898395,0.07,0.43,0.026343800639898395,0.08,0.42,0.026343800639898395,87874.6,0
0.016666666666666666,0.48333333333333334,0.026343800639898395,0.02,0.48,0.026343800639898395,0.013333333333333334,0.4866666666666667,0.026343800639898395,0.04,0.46,0.026343800639898395,0.043333333333333335,0.45666666666666667,0.026343800639898395,87912.9,0
0.013333333333333334,0.4866666666666667,0.026343800639898395,0.03666666666666667,0.4633333333333333,0.026343800639898395,0.013333333333333334,0.4866666666666667,0.026343800639898395,0.0033333333333333335,0.49666666666666665,0.026343800639898395,0.02666666666666667,0.47333333333333333,0.026343800639898395,88268.5,0
0.006666666666666667,0.49333333333333335,0.026343800639898395,0.03,0.47,0.026343800639898395,0.016666666666666666,0.48333333333333334,0.026343800639898395,0.0,0.5,0.026343800639898395,0.013333333333333334,0.4866666666666667,0.026343800639898395,89124.1,0
0.006666666666666667,0.49333333333333335,0.026343800639898395,0.016666666666666666,0.48333333333333334,0.026343800639898395,0.006666666666666667,0.49333333333333335,0.026343800639898395,0.0,0.5,0.026343800639898395,0.016666666666666666,0.48333333333333334,0.026343800639898395,88990.7,0
0.0033333333333333335,0.49666666666666665,0.026343800639898395,0.02,0.48,0.026343800639898395,0.006666666666666667,0.49333333333333335,0.026343800639898395,0.0,0.5,0.026343800639898395,0.016666666666666666,0.48333333333333334,0.026343800639898395,89009.8,0
0.043333333333333335,0.45666666666666667,0.026343800639898395,0.023333333333333334,0.4766666666666667,0.026343800639898395,0.03333333333333333,0.4666666666666667,0.026343800639898395,0.006666666666666667,0.49333333333333335,0.026343800639898395,0.01,0.49,0.026343800639898395,89955.9,0
0.02,0.48,0.026343800639898395,0.02,0.48,0.026343800639898395,0.0,0.5,0.026343800639898395,0.0033333333333333335,0.49666666666666665,0.026343800639898395,0.01,0.49,0.026343800639898395,89359.6,0
0.006666666666666667,0.49333333333333335,0.026343800639898395,0.023333333333333334,0.4766666666666667,0.026343800639898395,0.0,0.5,0.026343800639898395,0.01,0.49,0.026343800639898395,0.016666666666666666,0.48333333333333334,0.026343800639898395,89252.1,0
0.013333333333333334,0.4866666666666667,0.026343800639898395,0.006666666666666667,0.49333333333333335,0.026343800639898395,0.0033333333333333335,0.49666666666666665,0.026343800639898395,0.006666666666666667,0.49333333333333335,0.026343800639898395,0.0033333333333333335,0.49666666666666665,0.026343800639898395,89159.6,0
0.013333333333333334,0.4866666666666667,0.026343800639898395,0.02666666666666667,0.47333333333333333,0.026343800639898395,0.006666666666666667,0.49333333333333335,0.026343800639898395,0.03666666666666667,0.4633333333333333,0.026343800639898395,0.05333333333333334,0.44666666666666666,0.026343800639898395,87922.0,0
0.02666666666666667,0.47333333333333333,0.026343800639898395,0.04,0.46,0.026343800639898395,0.023333333333333334,0.4766666666666667,0.026343800639898395,0.016666666666666666,0.48333333333333334,0.026343800639898395,0.043333333333333335,0.45666666666666667,0.026343800639898395,88188.5,0
0.03333333333333333,0.4666666666666667,0.026343800639898395,0.04,0.46,0.026343800639898395,0.023333333333333334,0.4766666666666667,0.026343800639898395,0.05333333333333334,0.44666666666666666,0.026343800639898395,0.06,0.44,0.026343800639898395,87697.2,0
0.03,0.47,0.026343800639898395,0.10333333333333333,0.39666666666666667,0.026343800639898395,0.03666666666666667,0.4633333333333333,0.026343800639898395,0.04666666666666667,0.4533333333333333,0.026343800639898395,0.07,0.43,0.026343800639898395,84797.6,0
0.02,0.48,0.026343800639898395,0.07,0.43,0.026343800639898395,0.03,0.47,0.026343800639898395,0.05333333333333334,0.44666666666666666,0.026343800639898395,0.06333333333333334,0.43666666666666665,0.026343800639898395,83840.9,0
0.04,0.46,0.026343800639898395,0.04666666666666667,0.4533333333333333,0.026343800639898395,0.03666666666666667,0.4633333333333333,0.026343800639898395,0.016666666666666666,0.48333333333333334,0.026343800639898395,0.06666666666666667,0.43333333333333335,0.026343800639898395,84515.1,0
0.01,0.49,0.026343800639898395,0.08,0.42,0.026343800639898395,0.023333333333333334,0.4766666666666667,0.026343800639898395,0.013333333333333334,0.4866666666666667,0.026343800639898395,0.03333333333333333,0.4666666666666667,0.026343800639898395,82562.7,0
0.01,0.49,0.026343800639898395,0.06,0.44,0.026343800639898395,0.006666666666666667,0.49333333333333335,0.026343800639898395,0.01,0.49,0.026343800639898395,0.01,0.49,0.026343800639898395,82684.5,0
0.013333333333333334,0.4866666666666667,0.026343800639898395,0.02,0.48,0.026343800639898395,0.006666666666666667,0.49333333333333335,0.026343800639898395,0.006666666666666667,0.49333333333333335,0.026343800639898395,0.013333333333333334,0.4866666666666667,0.026343800639898395,83014.0,0
0.0,0.5,0.026343800639898395,0.02666666666666667,0.47333333333333333,0.026343800639898395,0.0033333333333333335,0.49666666666666665,0.026343800639898395,0.0033333333333333335,0.49666666666666665,0.026343800639898395,0.023333333333333334,0.4766666666666667,0.026343800639898395,82768.1,0
0.023333333333333334,0.4766666666666667,0.026343800639898395,0.04666666666666667,0.4533333333333333,0.026343800639898395,0.023333333333333334,0.4766666666666667,0.026343800639898395,0.0,0.5,0.026343800639898395,0.023333333333333334,0.4766666666666667,0.026343800639898395,84096.6,0
0.03333333333333333,0.4666666666666667,0.026343800639898395,0.07,0.43,0.026343800639898395,0.03666666666666667,0.4633333333333333,0.026343800639898395,0.0,0.5,0.026343800639898395,0.03666666666666667,0.4633333333333333,0.026343800639898395,84124.7,0
0.013333333333333334,0.4866666666666667,0.026343800639898395,0.03666666666666667,0.4633333333333333,0.026343800639898395,0.05,0.45,0.026343800639898395,0.006666666666666667,0.49333333333333335,0.026343800639898395,0.013333333333333334,0.4866666666666667,0.026343800639898395,83900.1,0
0.006666666666666667,0.49333333333333335,0.026343800639898395,0.023333333333333334,0.4766666666666667,0.026343800639898395,0.02,0.48,0.026343800639898395,0.01,0.49,0.026343800639898395,0.013333333333333334,0.4866666666666667,0.026343800639898395,83399.6,0
0.0033333333333333335,0.49666666666666665,0.026343800639898395,0.013333333333333334,0.4866666666666667,0.026343800639898395,0.013333333333333334,0.4866666666666667,0.026343800639898395,0.03,0.47,0.026343800639898395,0.0033333333333333335,0.49666666666666665,0.026343800639898395,82856.1,0
0.0,0.5,0.026343800639898395,0.06666666666666667,0.43333333333333335,0.026343800639898395,0.006666666666666667,0.49333333333333335,0.026343800639898395,0.06666666666666667,0.43333333333333335,0.026343800639898395,0.0,0.5,0.026343800639898395,81180.2,0
0.6366666666666667,0.13666666666666671,0.026343800639898395,0.6866666666666666,0.18666666666666665,0.026343800639898395,0.6933333333333334,0.19333333333333336,0.026343800639898395,0.6066666666666667,0.10666666666666669,0.026343800639898395,0.7366666666666667,0.2366666666666667,0.026343800639898395,77648.3,1
0.013333333333333334,0.4866666666666667,0.026343800639898395,0.06333333333333334,0.43666666666666665,0.026343800639898395,0.016666666666666666,0.48333333333333334,0.026343800639898395,0.09666666666666666,0.4033333333333333,0.026343800639898395,0.0033333333333333335,0.49666666666666665,0.026343800639898395,78648.4,0
0.0,0.5,0.026343800639898395,0.0033333333333333335,0.49666666666666665,0.026343800639898395,0.01,0.49,0.026343800639898395,0.01,0.49,0.026343800639898395,0.0033333333333333335,0.49666666666666665,0.026343800639898395,78792.6,0
0.0,0.5,0.026343800639898395,0.0033333333333333335,0.49666666666666665,0.026343800639898395,0.0,0.5,0.026343800639898395,0.006666666666666667,0.49333333333333335,0.026343800639898395,0.0,0.5,0.026343800639898395,78263.7,0
0.0,0.5,0.026343800639898395,0.023333333333333334,0.4766666666666667,0.026343800639898395,0.0,0.5,0.026343800639898395,0.0,0.5,0.026343800639898395,0.02,0.48,0.026343800639898395,78674.4,0
0.0,0.5,0.026343800639898395,0.01,0.49,0.026343800639898395,0.0,0.5,0.026343800639898395,0.01,0.49,0.026343800639898395,0.0,0.5,0.026343800639898395,77526.1,0
0.0,0.5,0.026343800639898395,0.056666666666666664,0.44333333333333336,0.026343800639898395,0.0,0.5,0.026343800639898395,0.02,0.48,0.026343800639898395,0.0033333333333333335,0.49666666666666665,0.026343800639898395,77087.8,0
0.0,0.5,0.026343800639898395,0.056666666666666664,0.44333333333333336,0.026343800639898395,0.0,0.5,0.026343800639898395,0.006666666666666667,0.49333333333333335,0.026343800639898395,0.01,0.49,0.026343800639898395,76882.2,0
0.056666666666666664,0.44333333333333336,0.026343800639898395,0.08,0.42,0.026343800639898395,0.07333333333333333,0.42666666666666664,0.026343800639898395,0.03,0.47,0.026343800639898395,0.043333333333333335,0.45666666666666667,0.026343800639898395,76213.0,0
0.0033333333333333335,0.49666666666666665,0.026343800639898395,0.08666666666666667,0.41333333333333333,0.026343800639898395,0.0,0.5,0.026343800639898395,0.02,0.48,0.026343800639898395,0.0033333333333333335,0.49666666666666665,0.026343800639898395,76556.1,0
0.0033333333333333335,0.49666666666666665,0.026343800639898395,0.03333333333333333,0.4666666666666667,0.026343800639898395,0.006666666666666667,0.49333333333333335,0.026343800639898395,0.006666666666666667,0.49333333333333335,0.026343800639898395,0.006666666666666667,0.49333333333333335,0.026343800639898395,77644.0,0
0.006666666666666667,0.49333333333333335,0.026343800639898395,0.02,0.48,0.026343800639898395,0.0033333333333333335,0.49666666666666665,0.026343800639898395,0.0,0.5,0.026343800639898395,0.006666666666666667,0.49333333333333335,0.026343800639898395,78804.8,0
0.006666666666666667,0.49333333333333335,0.026343800639898395,0.04,0.46,0.026343800639898395,0.01,0.49,0.026343800639898395,0.0,0.5,0.026343800639898395,0.006666666666666667,0.49333333333333335,0.026343800639898395,78274.2,0
0.01,0.49,0.026343800639898395,0.016666666666666666,0.48333333333333334,0.026343800639898395,0.0033333333333333335,0.49666666666666665,0.026343800639898395,0.0,0.5,0.026343800639898395,0.016666666666666666,0.48333333333333334,0.026343800639898395,78669.2,0
0.01,0.49,0.026343800639898395,0.023333333333333334,0.4766666666666667,0.026343800639898395,0.0,0.5,0.026343800639898395,0.0,0.5,0.026343800639898395,0.0033333333333333335,0.49666666666666665,0.026343800639898395,78687.9,0
0.006666666666666667,0.49333333333333335,0.026343800639898395,0.043333333333333335,0.45666666666666667,0.026343800639898395,0.0033333333333333335,0.49666666666666665,0.026343800639898395,0.0,0.5,0.026343800639898395,0.0,0.5,0.026343800639898395,78704.7,0
0.0,0.5,0.026343800639898395,0.02666666666666667,0.47333333333333333,0.026343800639898395,0.0,0.5,0.026343800639898395,0.0,0.5,0.026343800639898395,0.006666666666666667,0.49333333333333335,0.026343800639898395,78007.0,0
0.0,0.5,0.026343800639898395,0.016666666666666666,0.48333333333333334,0.026343800639898395,0.0033333333333333335,0.49666666666666665,0.026343800639898395,0.0,0.5,0.026343800639898395,0.013333333333333334,0.4866666666666667,0.026343800639898395,78073.0,0
0.0033333333333333335,0.49666666666666665,0.026343800639898395,0.12,0.38,0.026343800639898395,0.0033333333333333335,0.49666666666666665,0.026343800639898395,0.0033333333333333335,0.49666666666666665,0.026343800639898395,0.07,0.43,0.026343800639898395,74857.8,0
0.0,0.5,0.026343800639898395,0.02666666666666667,0.47333333333333333,0.026343800639898395,0.0,0.5,0.026343800639898395,0.0,0.5,0.026343800639898395,0.0033333333333333335,0.49666666666666665,0.026343800639898395,75662.0,0
0.0033333333333333335,0.49666666666666665,0.026343800639898395,0.03666666666666667,0.4633333333333333,0.026343800639898395,0.0,0.5,0.026343800639898395,0.0,0.5,0.026343800639898395,0.0033333333333333335,0.49666666666666665,0.026343800639898395,76623.9,0
0.0033333333333333335,0.49666666666666665,0.026343800639898395,0.013333333333333334,0.4866666666666667,0.026343800639898395,0.0,0.5,0.026343800639898395,0.0033333333333333335,0.49666666666666665,0.026343800639898395,0.0,0.5,0.026343800639898395,76403.5,0
0.01,0.49,0.026343800639898395,0.016666666666666666,0.48333333333333334,0.026343800639898395,0.0,0.5,0.026343800639898395,0.0,0.5,0.026343800639898395,0.0,0.5,0.026343800639898395,76029.6,0
0.0033333333333333335,0.49666666666666665,0.026343800639898395,0.04,0.46,0.026343800639898395,0.0,0.5,0.026343800639898395,0.006666666666666667,0.49333333333333335,0.026343800639898395,0.01,0.49,0.026343800639898395,74012.3,0
0.0033333333333333335,0.49666666666666665,0.026343800639898395,0.016666666666666666,0.48333333333333334,0.026343800639898395,0.0,0.5,0.026343800639898395,0.0033333333333333335,0.49666666666666665,0.026343800639898395,0.02666666666666667,0.47333333333333333,0.026343800639898395,73757.6,0
0.08333333333333333,0.4166666666666667,0.026343800639898395,0.013333333333333334,0.4866666666666667,0.026343800639898395,0.06333333333333334,0.43666666666666665,0.026343800639898395,0.02,0.48,0.026343800639898395,0.016666666666666666,0.48333333333333334,0.026343800639898395,73013.6,0
0.07666666666666666,0.42333333333333334,0.026343800639898395,0.13,0.37,0.026343800639898395,0.05333333333333334,0.44666666666666666,0.026343800639898395,0.08333333333333333,0.4166666666666667,0.026343800639898395,0.07,0.43,0.026343800639898395,71107.5,0
0.08,0.42,0.026343800639898395,0.08,0.42,0.026343800639898395,0.056666666666666664,0.44333333333333336,0.026343800639898395,0.12,0.38,0.026343800639898395,0.06666666666666667,0.43333333333333335,0.026343800639898395,70569.9,0
0.11,0.39,0.026343800639898395,0.13666666666666666,0.36333333333333334,0.026343800639898395,0.09666666666666666,0.4033333333333333,0.026343800639898395,0.12666666666666668,0.3733333333333333,0.026343800639898395,0.08333333333333333,0.4166666666666667,0.026343800639898395,70201.3,0
0.8266666666666667,0.32666666666666666,0.026343800639898395,0.8766666666666667,0.3766666666666667,0.026343800639898395,0.89,0.39,0.026343800639898395,0.8066666666666666,0.30666666666666664,0.026343800639898395,0.8966666666666666,0.3966666666666666,0.026343800639898395,67390.1,1
0.96,0.45999999999999996,0.026343800639898395,0.9366666666666666,0.43666666666666665,0.026343800639898395,0.98,0.48,0.026343800639898395,0.8633333333333333,0.3633333333333333,0.026343800639898395,0.9533333333333334,0.45333333333333337,0.026343800639898395,65119.6,1
0.97,0.47,0.026343800639898395,0.9633333333333334,0.4633333333333334,0.026343800639898395,0.98,0.48,0.026343800639898395,0.93,0.43000000000000005,0.026343800639898395,0.98,0.48,0.026343800639898395,62858.1,1
0.99,0.49,0.026343800639898395,0.9433333333333334,0.44333333333333336,0.026343800639898395,0.98,0.48,0.026343800639898395,0.9933333333333333,0.4933333333333333,0.026343800639898395,0.97,0.47,0.026343800639898395,64102.5,1
0.9966666666666667,0.4966666666666667,0.026343800639898395,0.9266666666666666,0.42666666666666664,0.026343800639898395,0.9833333333333333,0.4833333333333333,0.026343800639898395,0.9966666666666667,0.4966666666666667,0.026343800639898395,0.9433333333333334,0.44333333333333336,0.026343800639898395,64756.4,1
0.98,0.48,0.026343800639898395,0.89,0.39,0.026343800639898395,0.97,0.47,0.026343800639898395,0.9933333333333333,0.4933333333333333,0.026343800639898395,0.9133333333333333,0.41333333333333333,0.026343800639898395,66555.0,1
0.9233333333333333,0.42333333333333334,0.026343800639898395,0.75,0.25,0.026343800639898395,0.86,0.36,0.026343800639898395,0.9166666666666666,0.41666666666666663,0.026343800639898395,0.8366666666666667,0.33666666666666667,0.026343800639898395,68586.6,1
0.043333333333333335,0.45666666666666667,0.026343800639898395,0.18,0.32,0.026343800639898395,0.1,0.4,0.026343800639898395,0.09,0.41000000000000003,0.026343800639898395,0.12666666666666668,0.3733333333333333,0.026343800639898395,70686.4,0
0.04,0.46,0.026343800639898395,0.19,0.31,0.026343800639898395,0.06333333333333334,0.43666666666666665,0.026343800639898395,0.05333333333333334,0.44666666666666666,0.026343800639898395,0.12333333333333334,0.37666666666666665,0.026343800639898395,70527.4,0
0.04666666666666667,0.4533333333333333,0.026343800639898395,0.11,0.39,0.026343800639898395,0.09666666666666666,0.4033333333333333,0.026343800639898395,0.06333333333333334,0.43666666666666665,0.026343800639898395,0.12333333333333334,0.37666666666666665,0.026343800639898395,70883.6,0
0.9666666666666667,0.4666666666666667,0.026343800639898395,0.7866666666666666,0.2866666666666666,0.026343800639898395,0.9366666666666666,0.43666666666666665,0.026343800639898395,0.96,0.45999999999999996,0.026343800639898395,0.9333333333333333,0.43333333333333335,0.026343800639898395,68081.7,1
0.97,0.47,0.026343800639898395,0.8233333333333334,0.32333333333333336,0.026343800639898395,0.9333333333333333,0.43333333333333335,0.026343800639898395,0.9666666666666667,0.4666666666666667,0.026343800639898395,0.94,0.43999999999999995,0.026343800639898395,67941.8,1
0.8266666666666667,0.32666666666666666,0.026343800639898395,0.6966666666666667,0.19666666666666666,0.026343800639898395,0.72,0.21999999999999997,0.026343800639898395,0.8333333333333334,0.33333333333333337,0.026343800639898395,0.8266666666666667,0.32666666666666666,0.026343800639898395,69071.3,1
0.16,0.33999999999999997,0.026343800639898395,0.15,0.35,0.026343800639898395,0.15333333333333332,0.3466666666666667,0.026343800639898395,0.12333333333333334,0.37666666666666665,0.026343800639898395,0.15666666666666668,0.3433333333333333,0.026343800639898395,69311.3,0
0.17,0.32999999999999996,0.026343800639898395,0.09666666666666666,0.4033333333333333,0.026343800639898395,0.12666666666666668,0.3733333333333333,0.026343800639898395,0.1,0.4,0.026343800639898395,0.14666666666666667,0.35333333333333333,0.026343800639898395,69268.8,0
0.6466666666666666,0.1466666666666666,0.026343800639898395,0.6933333333333334,0.19333333333333336,0.026343800639898395,0.65,0.15000000000000002,0.026343800639898395,0.6933333333333334,0.19333333333333336,0.026343800639898395,0.7133333333333334,0.21333333333333337,0.026343800639898395,69072.4,1
0.06666666666666667,0.43333333333333335,0.026343800639898395,0.11,0.39,0.026343800639898395,0.10333333333333333,0.39666666666666667,0.026343800639898395,0.03,0.47,0.026343800639898395,0.1,0.4,0.026343800639898395,69660.1,0
0.0033333333333333335,0.49666666666666665,0.026343800639898395,0.02,0.48,0.026343800639898395,0.013333333333333334,0.4866666666666667,0.026343800639898395,0.0,0.5,0.026343800639898395,0.016666666666666666,0.48333333333333334,0.026343800639898395,70941.0,0
0.0033333333333333335,0.49666666666666665,0.026343800639898395,0.043333333333333335,0.45666666666666667,0.026343800639898395,0.0033333333333333335,0.49666666666666665,0.026343800639898395,0.0,0.5,0.026343800639898395,0.016666666666666666,0.48333333333333334,0.026343800639898395,71100.0,0
0.006666666666666667,0.49333333333333335,0.026343800639898395,0.03,0.47,0.026343800639898395,0.013333333333333334,0.4866666666666667,0.026343800639898395,0.0033333333333333335,0.49666666666666665,0.026343800639898395,0.02666666666666667,0.47333333333333333,0.026343800639898395,71370.1,0
0.0033333333333333335,0.49666666666666665,0.026343800639898395,0.06,0.44,0.026343800639898395,0.023333333333333334,0.4766666666666667,0.026343800639898395,0.0033333333333333335,0.49666666666666665,0.026343800639898395,0.02666666666666667,0.47333333333333333,0.026343800639898395,70305.0,0
0.0033333333333333335,0.49666666666666665,0.026343800639898395,0.05,0.45,0.026343800639898395,0.02666666666666667,0.47333333333333333,0.026343800639898395,0.0,0.5,0.026343800639898395,0.02,0.48,0.026343800639898395,71286.5,0
0.01,0.49,0.026343800639898395,0.016666666666666666,0.48333333333333334,0.026343800639898395,0.0033333333333333335,0.49666666666666665,0.026343800639898395,0.0,0.5,0.026343800639898395,0.01,0.49,0.026343800639898395,70365.6,0
0.05,0.45,0.026343800639898395,0.02666666666666667,0.47333333333333333,0.026343800639898395,0.10333333333333333,0.39666666666666667,0.026343800639898395,0.07,0.43,0.026343800639898395,0.05333333333333334,0.44666666666666666,0.026343800639898395,68826.7,0
0.01,0.49,0.026343800639898395,0.016666666666666666,0.48333333333333334,0.026343800639898395,0.016666666666666666,0.48333333333333334,0.026343800639898395,0.0,0.5,0.026343800639898395,0.006666666666666667,0.49333333333333335,0.026343800639898395,69552.9,0
0.01,0.49,0.026343800639898395,0.006666666666666667,0.49333333333333335,0.026343800639898395,0.023333333333333334,0.4766666666666667,0.026343800639898395,0.0033333333333333335,0.49666666666666665,0.026343800639898395,0.006666666666666667,0.49333333333333335,0.026343800639898395,70883.9,0
0.013333333333333334,0.4866666666666667,0.026343800639898395,0.02666666666666667,0.47333333333333333,0.026343800639898395,0.0033333333333333335,0.49666666666666665,0.026343800639898395,0.0,0.5,0.026343800639898395,0.006666666666666667,0.49333333333333335,0.026343800639898395,70087.2,0
0.006666666666666667,0.49333333333333335,0.026343800639898395,0.03333333333333333,0.4666666666666667,0.026343800639898395,0.013333333333333334,0.4866666666666667,0.026343800639898395,0.0033333333333333335,0.49666666666666665,0.026343800639898395,0.016666666666666666,0.48333333333333334,0.026343800639898395,69460.8,0
0.02666666666666667,0.47333333333333333,0.026343800639898395,0.02,0.48,0.026343800639898395,0.04666666666666667,0.4533333333333333,0.026343800639898395,0.01,0.49,0.026343800639898395,0.03666666666666667,0.4633333333333333,0.026343800639898395,68860.2,0
0.05333333333333334,0.44666666666666666,0.026343800639898395,0.02666666666666667,0.47333333333333333,0.026343800639898395,0.11333333333333333,0.38666666666666666,0.026343800639898395,0.16333333333333333,0.33666666666666667,0.026343800639898395,0.02,0.48,0.026343800639898395,68478.6,0
0.013333333333333334,0.4866666666666667,0.026343800639898395,0.04,0.46,0.026343800639898395,0.013333333333333334,0.4866666666666667,0.026343800639898395,0.0,0.5,0.026343800639898395,0.0033333333333333335,0.49666666666666665,0.026343800639898395,69239.0,0
0.02666666666666667,0.47333333333333333,0.026343800639898395,0.02,0.48,0.026343800639898395,0.05,0.45,0.026343800639898395,0.016666666666666666,0.48333333333333334,0.026343800639898395,0.016666666666666666,0.48333333333333334,0.026343800639898395,69033.6,0
0.056666666666666664,0.44333333333333336,0.026343800639898395,0.05,0.45,0.026343800639898395,0.09333333333333334,0.4066666666666667,0.026343800639898395,0.02,0.48,0.026343800639898395,0.04666666666666667,0.4533333333333333,0.026343800639898395,68785.5,0
0.9366666666666666,0.43666666666666665,0.026343800639898395,0.9366666666666666,0.43666666666666665,0.026343800639898395,0.94,0.43999999999999995,0.026343800639898395,0.8933333333333333,0.3933333333333333,0.026343800639898395,0.8966666666666666,0.3966666666666666,0.026343800639898395,68132.3,1
0.99,0.49,0.026343800639898395,0.92,0.42000000000000004,0.026343800639898395,0.97,0.47,0.026343800639898395,0.9933333333333333,0.4933333333333333,0.026343800639898395,0.96,0.45999999999999996,0.026343800639898395,67000.0,1
0.9866666666666667,0.4866666666666667,0.026343800639898395,0.9566666666666667,0.45666666666666667,0.026343800639898395,0.9733333333333334,0.4733333333333334,0.026343800639898395,0.98,0.48,0.026343800639898395,0.9766666666666667,0.4766666666666667,0.026343800639898395,67023.4,1
0.9966666666666667,0.4966666666666667,0.026343800639898395,0.9566666666666667,0.45666666666666667,0.026343800639898395,0.9833333333333333,0.4833333333333333,0.026343800639898395,1.0,0.5,0.026343800639898395,0.9833333333333333,0.4833333333333333,0.026343800639898395,66481.7,1
0.99,0.49,0.026343800639898395,0.9633333333333334,0.4633333333333334,0.026343800639898395,0.9866666666666667,0.4866666666666667,0.026343800639898395,0.97,0.47,0.026343800639898395,0.97,0.47,0.026343800639898395,67537.1,1
1.0,0.5,0.026343800639898395,0.95,0.44999999999999996,0.026343800639898395,0.9933333333333333,0.4933333333333333,0.026343800639898395,0.9966666666666667,0.4966666666666667,0.026343800639898395,0.99,0.49,0.026343800639898395,67052.3,1
0.9866666666666667,0.4866666666666667,0.026343800639898395,0.9533333333333334,0.45333333333333337,0.026343800639898395,0.9966666666666667,0.4966666666666667,0.026343800639898395,0.9833333333333333,0.4833333333333333,0.026343800639898395,0.9733333333333334,0.4733333333333334,0.026343800639898395,67536.6,1
1.0,0.5,0.026343800639898395,0.9633333333333334,0.4633333333333334,0.026343800639898395,0.9966666666666667,0.4966666666666667,0.026343800639898395,0.9966666666666667,0.4966666666666667,0.026343800639898395,0.9933333333333333,0.4933333333333333,0.026343800639898395,67167.7,1
0.8766666666666667,0.3766666666666667,0.026343800639898395,0.8266666666666667,0.32666666666666666,0.026343800639898395,0.88,0.38,0.026343800639898395,0.95,0.44999999999999996,0.026343800639898395,0.87,0.37,0.026343800639898395,68061.7,1
1.0,0.5,0.026343800639898395,0.9666666666666667,0.4666666666666667,0.026343800639898395,1.0,0.5,0.026343800639898395,1.0,0.5,0.026343800639898395,0.98,0.48,0.026343800639898395,67080.0,1
1.0,0.5,0.026343800639898395,0.9366666666666666,0.43666666666666665,0.026343800639898395,0.9933333333333333,0.4933333333333333,0.026343800639898395,1.0,0.5,0.026343800639898395,0.9866666666666667,0.4866666666666667,0.026343800639898395,65725.5,1
1.0,0.5,0.026343800639898395,0.9733333333333334,0.4733333333333334,0.026343800639898395,0.9933333333333333,0.4933333333333333,0.026343800639898395,0.9966666666666667,0.4966666666666667,0.026343800639898395,0.9933333333333333,0.4933333333333333,0.026343800639898395,66203.8,1
0.8966666666666666,0.3966666666666666,0.026343800639898395,0.9166666666666666,0.41666666666666663,0.026343800639898395,0.9333333333333333,0.43333333333333335,0.026343800639898395,0.9766666666666667,0.4766666666666667,0.026343800639898395,0.9666666666666667,0.4666666666666667,0.026343800639898395,66499.9,1
0.9633333333333334,0.4633333333333334,0.026343800639898395,0.9266666666666666,0.42666666666666664,0.026343800639898395,0.9566666666666667,0.45666666666666667,0.026343800639898395,0.9833333333333333,0.4833333333333333,0.026343800639898395,0.9533333333333334,0.45333333333333337,0.026343800639898395,66152.9,1
0.9233333333333333,0.42333333333333334,0.026343800639898395,0.8766666666666667,0.3766666666666667,0.026343800639898395,0.8866666666666667,0.3866666666666667,0.026343800639898395,0.9233333333333333,0.42333333333333334,0.026343800639898395,0.9033333333333333,0.4033333333333333,0.026343800639898395,67120.5,1
0.12666666666666668,0.3733333333333333,0.026343800639898395,0.08,0.42,0.026343800639898395,0.05333333333333334,0.44666666666666666,0.026343800639898395,0.07,0.43,0.026343800639898395,0.05,0.45,0.026343800639898395,68643.3,0
0.02666666666666667,0.47333333333333333,0.026343800639898395,0.07333333333333333,0.42666666666666664,0.026343800639898395,0.02,0.48,0.026343800639898395,0.023333333333333334,0.4766666666666667,0.026343800639898395,0.016666666666666666,0.48333333333333334,0.026343800639898395,68911.4,0
0.023333333333333334,0.4766666666666667,0.026343800639898395,0.07,0.43,0.026343800639898395,0.023333333333333334,0.4766666666666667,0.026343800639898395,0.016666666666666666,0.48333333333333334,0.026343800639898395,0.016666666666666666,0.48333333333333334,0.026343800639898395,68837.0,0
0.0033333333333333335,0.49666666666666665,0.026343800639898395,0.07,0.43,0.026343800639898395,0.06,0.44,0.026343800639898395,0.0,0.5,0.026343800639898395,0.03333333333333333,0.4666666666666667,0.026343800639898395,68943.9,0
0.0033333333333333335,0.49666666666666665,0.026343800639898395,0.03333333333333333,0.4666666666666667,0.026343800639898395,0.01,0.49,0.026343800639898395,0.006666666666666667,0.49333333333333335,0.026343800639898395,0.013333333333333334,0.4866666666666667,0.026343800639898395,69186.2,0
0.0,0.5,0.026343800639898395,0.03333333333333333,0.4666666666666667,0.026343800639898395,0.01,0.49,0.026343800639898395,0.013333333333333334,0.4866666666666667,0.026343800639898395,0.02,0.48,0.026343800639898395,70480.0,0
0.0,0.5,0.026343800639898395,0.01,0.49,0.026343800639898395,0.0033333333333333335,0.49666666666666665,0.026343800639898395,0.006666666666666667,0.49333333333333335,0.026343800639898395,0.04,0.46,0.026343800639898395,69770.8,0
0.0,0.5,0.026343800639898395,0.013333333333333334,0.4866666666666667,0.026343800639898395,0.006666666666666667,0.49333333333333335,0.026343800639898395,0.0,0.5,0.026343800639898395,0.0033333333333333335,0.49666666666666665,0.026343800639898395,69800.1,0
0.0,0.5,0.026343800639898395,0.03333333333333333,0.4666666666666667,0.026343800639898395,0.006666666666666667,0.49333333333333335,0.026343800639898395,0.01,0.49,0.026343800639898395,0.0033333333333333335,0.49666666666666665,0.026343800639898395,69758.4,0
0.0,0.5,0.026343800639898395,0.023333333333333334,0.4766666666666667,0.026343800639898395,0.006666666666666667,0.49333333333333335,0.026343800639898395,0.01,0.49,0.026343800639898395,0.016666666666666666,0.48333333333333334,0.026343800639898395,69946.3,0
0.0033333333333333335,0.49666666666666665,0.026343800639898395,0.023333333333333334,0.4766666666666667,0.026343800639898395,0.02,0.48,0.026343800639898395,0.016666666666666666,0.48333333333333334,0.026343800639898395,0.013333333333333334,0.4866666666666667,0.026343800639898395,70780.0,0
0.0033333333333333335,0.49666666666666665,0.026343800639898395,0.056666666666666664,0.44333333333333336,0.026343800639898395,0.0033333333333333335,0.49666666666666665,0.026343800639898395,0.0033333333333333335,0.49666666666666665,0.026343800639898395,0.006666666666666667,0.49333333333333335,0.026343800639898395,70261.4,0
0.016666666666666666,0.48333333333333334,0.026343800639898395,0.023333333333333334,0.4766666666666667,0.026343800639898395,0.016666666666666666,0.48333333333333334,0.026343800639898395,0.0033333333333333335,0.49666666666666665,0.026343800639898395,0.006666666666666667,0.49333333333333335,0.026343800639898395,69056.6,0
0.02,0.48,0.026343800639898395,0.04666666666666667,0.4533333333333333,0.026343800639898395,0.01,0.49,0.026343800639898395,0.03666666666666667,0.4633333333333333,0.026343800639898395,0.03,0.47,0.026343800639898395,68242.2,0
0.0033333333333333335,0.49666666666666665,0.026343800639898395,0.016666666666666666,0.48333333333333334,0.026343800639898395,0.0033333333333333335,0.49666666666666665,0.026343800639898395,0.0,0.5,0.026343800639898395,0.01,0.49,0.026343800639898395,68780.0,0
0.03,0.47,0.026343800639898395,0.01,0.49,0.026343800639898395,0.013333333333333334,0.4866666666666667,0.026343800639898395,0.006666666666666667,0.49333333333333335,0.026343800639898395,0.016666666666666666,0.48333333333333334,0.026343800639898395,68387.7,0
0.03333333333333333,0.4666666666666667,0.026343800639898395,0.006666666666666667,0.49333333333333335,0.026343800639898395,0.006666666666666667,0.49333333333333335,0.026343800639898395,0.01,0.49,0.026343800639898395,0.013333333333333334,0.4866666666666667,0.026343800639898395,68540.0,0
0.01,0.49,0.026343800639898395,0.013333333333333334,0.4866666666666667,0.026343800639898395,0.0,0.5,0.026343800639898395,0.0,0.5,0.026343800639898395,0.0033333333333333335,0.49666666666666665,0.026343800639898395,68780.1,0
0.06666666666666667,0.43333333333333335,0.026343800639898395,0.03666666666666667,0.4633333333333333,0.026343800639898395,0.056666666666666664,0.44333333333333336,0.026343800639898395,0.06333333333333334,0.43666666666666665,0.026343800639898395,0.08333333333333333,0.4166666666666667,0.026343800639898395,67500.1,0
0.03666666666666667,0.4633333333333333,0.026343800639898395,0.006666666666666667,0.49333333333333335,0.026343800639898395,0.043333333333333335,0.45666666666666667,0.026343800639898395,0.03333333333333333,0.4666666666666667,0.026343800639898395,0.10333333333333333,0.39666666666666667,0.026343800639898395,67882.5,0
0.0033333333333333335,0.49666666666666665,0.026343800639898395,0.03333333333333333,0.4666666666666667,0.026343800639898395,0.023333333333333334,0.4766666666666667,0.026343800639898395,0.01,0.49,0.026343800639898395,0.016666666666666666,0.48333333333333334,0.026343800639898395,68860.0,0
0.01,0.49,0.026343800639898395,0.056666666666666664,0.44333333333333336,0.026343800639898395,0.03666666666666667,0.4633333333333333,0.026343800639898395,0.03333333333333333,0.4666666666666667,0.026343800639898395,0.016666666666666666,0.48333333333333334,0.026343800639898395,68440.0,0
0.03666666666666667,0.4633333333333333,0.026343800639898395,0.07,0.43,0.026343800639898395,0.043333333333333335,0.45666666666666667,0.026343800639898395,0.03666666666666667,0.4633333333333333,0.026343800639898395,0.02666666666666667,0.47333333333333333,0.026343800639898395,68366.4,0
0.043333333333333335,0.45666666666666667,0.026343800639898395,0.13333333333333333,0.3666666666666667,0.026343800639898395,0.08666666666666667,0.41333333333333333,0.026343800639898395,0.13333333333333333,0.3666666666666667,0.026343800639898395,0.09666666666666666,0.4033333333333333,0.026343800639898395,67800.1,0
0.16,0.33999999999999997,0.026343800639898395,0.13,0.37,0.026343800639898395,0.13333333333333333,0.3666666666666667,0.026343800639898395,0.20333333333333334,0.29666666666666663,0.026343800639898395,0.19333333333333333,0.30666666666666664,0.026343800639898395,67353.2,0
0.6233333333333333,0.1233333333333333,0.026343800639898395,0.71,0.20999999999999996,0.026343800639898395,0.6666666666666666,0.16666666666666663,0.026343800639898395,0.6666666666666666,0.16666666666666663,0.026343800639898395,0.6633333333333333,0.16333333333333333,0.026343800639898395,67760.0,1
0.18,0.32,0.026343800639898395,0.18,0.32,0.026343800639898395,0.12333333333333334,0.37666666666666665,0.026343800639898395,0.17666666666666667,0.32333333333333336,0.026343800639898395,0.17666666666666667,0.32333333333333336,0.026343800639898395,67475.4,0
0.22,0.28,0.026343800639898395,0.13,0.37,0.026343800639898395,0.13333333333333333,0.3666666666666667,0.026343800639898395,0.12333333333333334,0.37666666666666665,0.026343800639898395,0.18333333333333332,0.31666666666666665,0.026343800639898395,67600.0,0
0.05,0.45,0.026343800639898395,0.13,0.37,0.026343800639898395,0.1,0.4,0.026343800639898395,0.07333333333333333,0.42666666666666664,0.026343800639898395,0.11333333333333333,0.38666666666666666,0.026343800639898395,68094.9,0
0.6066666666666667,0.10666666666666669,0.026343800639898395,0.7766666666666666,0.2766666666666666,0.026343800639898395,0.7733333333333333,0.2733333333333333,0.026343800639898395,0.7966666666666666,0.29666666666666663,0.026343800639898395,0.7666666666666667,0.2666666666666667,0.026343800639898395,67340.1,1
0.22,0.28,0.026343800639898395,0.24666666666666667,0.2533333333333333,0.026343800639898395,0.19,0.31,0.026343800639898395,0.16333333333333333,0.33666666666666667,0.026343800639898395,0.23,0.27,0.026343800639898395,67672.3,0
0.9433333333333334,0.44333333333333336,0.026343800639898395,0.8933333333333333,0.3933333333333333,0.026343800639898395,0.9633333333333334,0.4633333333333334,0.026343800639898395,0.9633333333333334,0.4633333333333334,0.026343800639898395,0.9033333333333333,0.4033333333333333,0.026343800639898395,66143.7,1
0.95,0.44999999999999996,0.026343800639898395,0.8833333333333333,0.3833333333333333,0.026343800639898395,0.9366666666666666,0.43666666666666665,0.026343800639898395,0.9733333333333334,0.4733333333333334,0.026343800639898395,0.9333333333333333,0.43333333333333335,0.026343800639898395,66425.7,1
0.9366666666666666,0.43666666666666665,0.026343800639898395,0.9666666666666667,0.4666666666666667,0.026343800639898395,0.96,0.45999999999999996,0.026343800639898395,0.9766666666666667,0.4766666666666667,0.026343800639898395,0.9666666666666667,0.4666666666666667,0.026343800639898395,66953.3,1
0.9,0.4,0.026343800639898395,0.95,0.44999999999999996,0.026343800639898395,0.96,0.45999999999999996,0.026343800639898395,0.9666666666666667,0.4666666666666667,0.026343800639898395,0.95,0.44999999999999996,0.026343800639898395,67173.0,1
0.9833333333333333,0.4833333333333333,0.026343800639898395,0.9733333333333334,0.4733333333333334,0.026343800639898395,0.98,0.48,0.026343800639898395,0.99,0.49,0.026343800639898395,0.9966666666666667,0.4966666666666667,0.026343800639898395,66465.0,1
0.99,0.49,0.026343800639898395,0.9333333333333333,0.43333333333333335,0.026343800639898395,0.9766666666666667,0.4766666666666667,0.026343800639898395,0.9966666666666667,0.4966666666666667,0.026343800639898395,0.9933333333333333,0.4933333333333333,0.026343800639898395,66382.7,1
0.97,0.47,0.026343800639898395,0.9566666666666667,0.45666666666666667,0.026343800639898395,0.9766666666666667,0.4766666666666667,0.026343800639898395,0.9966666666666667,0.4966666666666667,0.026343800639898395,0.95,0.44999999999999996,0.026343800639898395,67020.0,1
0.9933333333333333,0.4933333333333333,0.026343800639898395,0.9133333333333333,0.41333333333333333,0.026343800639898395,0.96,0.45999999999999996,0.026343800639898395,0.9933333333333333,0.4933333333333333,0.026343800639898395,0.9833333333333333,0.4833333333333333,0.026343800639898395,66955.3,1
0.84,0.33999999999999997,0.026343800639898395,0.78,0.28,0.026343800639898395,0.8566666666666667,0.3566666666666667,0.026343800639898395,0.8633333333333333,0.3633333333333333,0.026343800639898395,0.8933333333333333,0.3933333333333333,0.026343800639898395,67340.0,1
0.08333333333333333,0.4166666666666667,0.026343800639898395,0.21,0.29000000000000004,0.026343800639898395,0.11,0.39,0.026343800639898395,0.12666666666666668,0.3733333333333333,0.026343800639898395,0.14666666666666667,0.35333333333333333,0.026343800639898395,67780.0,0
0.8266666666666667,0.32666666666666666,0.026343800639898395,0.7533333333333333,0.2533333333333333,0.026343800639898395,0.8333333333333334,0.33333333333333337,0.026343800639898395,0.8466666666666667,0.3466666666666667,0.026343800639898395,0.8466666666666667,0.3466666666666667,0.026343800639898395,67286.6,1
0.05333333333333334,0.44666666666666666,0.026343800639898395,0.12333333333333334,0.37666666666666665,0.026343800639898395,0.09666666666666666,0.4033333333333333,0.026343800639898395,0.04666666666666667,0.4533333333333333,0.026343800639898395,0.14,0.36,0.026343800639898395,67585.7,0
0.03,0.47,0.026343800639898395,0.13666666666666666,0.36333333333333334,0.026343800639898395,0.04666666666666667,0.4533333333333333,0.026343800639898395,0.023333333333333334,0.4766666666666667,0.026343800639898395,0.11,0.39,0.026343800639898395,67619.9,0
0.006666666666666667,0.49333333333333335,0.026343800639898395,0.06,0.44,0.026343800639898395,0.016666666666666666,0.48333333333333334,0.026343800639898395,0.016666666666666666,0.48333333333333334,0.026343800639898395,0.04,0.46,0.026343800639898395,67998.2,0
0.016666666666666666,0.48333333333333334,0.026343800639898395,0.06333333333333334,0.43666666666666665,0.026343800639898395,0.03,0.47,0.026343800639898395,0.006666666666666667,0.49333333333333335,0.026343800639898395,0.06666666666666667,0.43333333333333335,0.026343800639898395,67642.7,0
0.013333333333333334,0.4866666666666667,0.026343800639898395,0.02666666666666667,0.47333333333333333,0.026343800639898395,0.02,0.48,0.026343800639898395,0.006666666666666667,0.49333333333333335,0.026343800639898395,0.04,0.46,0.026343800639898395,67835.2,0
0.01,0.49,0.026343800639898395,0.01,0.49,0.026343800639898395,0.006666666666666667,0.49333333333333335,0.026343800639898395,0.006666666666666667,0.49333333333333335,0.026343800639898395,0.006666666666666667,0.49333333333333335,0.026343800639898395,68066.3,0
0.0,0.5,0.026343800639898395,0.03666666666666667,0.4633333333333333,0.026343800639898395,0.02,0.48,0.026343800639898395,0.0033333333333333335,0.49666666666666665,0.026343800639898395,0.023333333333333334,0.4766666666666667,0.026343800639898395,68622.6,0
0.006666666666666667,0.49333333333333335,0.026343800639898395,0.02666666666666667,0.47333333333333333,0.026343800639898395,0.013333333333333334,0.4866666666666667,0.026343800639898395,0.0033333333333333335,0.49666666666666665,0.026343800639898395,0.03333333333333333,0.4666666666666667,0.026343800639898395,68519.6,0
0.0,0.5,0.026343800639898395,0.11666666666666667,0.3833333333333333,0.026343800639898395,0.006666666666666667,0.49333333333333335,0.026343800639898395,0.006666666666666667,0.49333333333333335,0.026343800639898395,0.016666666666666666,0.48333333333333334,0.026343800639898395,67966.6,0
0.0,0.5,0.026343800639898395,0.08,0.42,0.026343800639898395,0.0033333333333333335,0.49666666666666665,0.026343800639898395,0.0,0.5,0.026343800639898395,0.016666666666666666,0.48333333333333334,0.026343800639898395,68019.0,0
0.0,0.5,0.026343800639898395,0.04666666666666667,0.4533333333333333,0.026343800639898395,0.01,0.49,0.026343800639898395,0.0,0.5,0.026343800639898395,0.006666666666666667,0.49333333333333335,0.026343800639898395,68000.1,0
0.006666666666666667,0.49333333333333335,0.026343800639898395,0.03666666666666667,0.4633333333333333,0.026343800639898395,0.0033333333333333335,0.49666666666666665,0.026343800639898395,0.0033333333333333335,0.49666666666666665,0.026343800639898395,0.016666666666666666,0.48333333333333334,0.026343800639898395,68195.2,0
0.023333333333333334,0.4766666666666667,0.026343800639898395,0.08,0.42,0.026343800639898395,0.016666666666666666,0.48333333333333334,0.026343800639898395,0.023333333333333334,0.4766666666666667,0.026343800639898395,0.02666666666666667,0.47333333333333333,0.026343800639898395,67668.2,0
0.09666666666666666,0.4033333333333333,0.026343800639898395,0.07666666666666666,0.42333333333333334,0.026343800639898395,0.07333333333333333,0.42666666666666664,0.026343800639898395,0.13666666666666666,0.36333333333333334,0.026343800639898395,0.1,0.4,0.026343800639898395,67389.1,0
0.016666666666666666,0.48333333333333334,0.026343800639898395,0.03666666666666667,0.4633333333333333,0.026343800639898395,0.043333333333333335,0.45666666666666667,0.026343800639898395,0.09666666666666666,0.4033333333333333,0.026343800639898395,0.06,0.44,0.026343800639898395,67612.1,0
0.98,0.48,0.026343800639898395,0.9166666666666666,0.41666666666666663,0.026343800639898395,0.98,0.48,0.026343800639898395,0.97,0.47,0.026343800639898395,0.97,0.47,0.026343800639898395,64940.1,1
0.9933333333333333,0.4933333333333333,0.026343800639898395,0.95,0.44999999999999996,0.026343800639898395,0.99,0.49,0.026343800639898395,0.9866666666666667,0.4866666666666667,0.026343800639898395,0.9966666666666667,0.4966666666666667,0.026343800639898395,65943.6,1
0.9833333333333333,0.4833333333333333,0.026343800639898395,0.9533333333333334,0.45333333333333337,0.026343800639898395,0.98,0.48,0.026343800639898395,0.9333333333333333,0.43333333333333335,0.026343800639898395,0.9766666666666667,0.4766666666666667,0.026343800639898395,66199.9,1
1.0,0.5,0.026343800639898395,0.9666666666666667,0.4666666666666667,0.026343800639898395,0.9933333333333333,0.4933333333333333,0.026343800639898395,0.9933333333333333,0.4933333333333333,0.026343800639898395,1.0,0.5,0.026343800639898395,65645.4,1
0.9966666666666667,0.4966666666666667,0.026343800639898395,0.97,0.47,0.026343800639898395,1.0,0.5,0.026343800639898395,0.9666666666666667,0.4666666666666667,0.026343800639898395,0.9933333333333333,0.4933333333333333,0.026343800639898395,64274.5,1
1.0,0.5,0.026343800639898395,0.9733333333333334,0.4733333333333334,0.026343800639898395,1.0,0.5,0.026343800639898395,1.0,0.5,0.026343800639898395,0.98,0.48,0.026343800639898395,64624.1,1
1.0,0.5,0.026343800639898395,0.9933333333333333,0.4933333333333333,0.026343800639898395,0.99,0.49,0.026343800639898395,0.98,0.48,0.026343800639898395,0.9866666666666667,0.4866666666666667,0.026343800639898395,63542.0,1
0.9933333333333333,0.4933333333333333,0.026343800639898395,0.9766666666666667,0.4766666666666667,0.026343800639898395,0.9966666666666667,0.4966666666666667,0.026343800639898395,0.9966666666666667,0.4966666666666667,0.026343800639898395,0.9966666666666667,0.4966666666666667,0.026343800639898395,63155.0,1
1.0,0.5,0.026343800639898395,0.9833333333333333,0.4833333333333333,0.026343800639898395,0.9933333333333333,0.4933333333333333,0.026343800639898395,0.9966666666666667,0.4966666666666667,0.026343800639898395,0.9966666666666667,0.4966666666666667,0.026343800639898395,63224.2,1
1.0,0.5,0.026343800639898395,0.9833333333333333,0.4833333333333333,0.026343800639898395,0.99,0.49,0.026343800639898395,0.9966666666666667,0.4966666666666667,0.026343800639898395,1.0,0.5,0.026343800639898395,63976.0,1
0.9966666666666667,0.4966666666666667,0.026343800639898395,0.9566666666666667,0.45666666666666667,0.026343800639898395,0.9966666666666667,0.4966666666666667,0.026343800639898395,0.9966666666666667,0.4966666666666667,0.026343800639898395,0.9966666666666667,0.4966666666666667,0.026343800639898395,64435.5,1
0.9966666666666667,0.4966666666666667,0.026343800639898395,0.97,0.47,0.026343800639898395,0.9966666666666667,0.4966666666666667,0.026343800639898395,0.9933333333333333,0.4933333333333333,0.026343800639898395,1.0,0.5,0.026343800639898395,64061.9,1
0.9833333333333333,0.4833333333333333,0.026343800639898395,0.9266666666666666,0.42666666666666664,0.026343800639898395,0.9933333333333333,0.4933333333333333,0.026343800639898395,0.9566666666666667,0.45666666666666667,0.026343800639898395,0.98,0.48,0.026343800639898395,65383.4,1
0.9866666666666667,0.4866666666666667,0.026343800639898395,0.9433333333333334,0.44333333333333336,0.026343800639898395,0.9766666666666667,0.4766666666666667,0.026343800639898395,0.9766666666666667,0.4766666666666667,0.026343800639898395,0.9833333333333333,0.4833333333333333,0.026343800639898395,65037.4,1
0.9633333333333334,0.4633333333333334,0.026343800639898395,0.92,0.42000000000000004,0.026343800639898395,0.95,0.44999999999999996,0.026343800639898395,0.8866666666666667,0.3866666666666667,0.026343800639898395,0.95,0.44999999999999996,0.026343800639898395,65412.0,1
0.15333333333333332,0.3466666666666667,0.026343800639898395,0.18333333333333332,0.31666666666666665,0.026343800639898395,0.13666666666666666,0.36333333333333334,0.026343800639898395,0.14666666666666667,0.35333333333333333,0.026343800639898395,0.15666666666666668,0.3433333333333333,0.026343800639898395,67407.5,0
0.09333333333333334,0.4066666666666667,0.026343800639898395,0.09666666666666666,0.4033333333333333,0.026343800639898395,0.08666666666666667,0.41333333333333333,0.026343800639898395,0.04,0.46,0.026343800639898395,0.09333333333333334,0.4066666666666667,0.026343800639898395,69038.9,0
0.06333333333333334,0.43666666666666665,0.026343800639898395,0.17333333333333334,0.32666666666666666,0.026343800639898395,0.06333333333333334,0.43666666666666665,0.026343800639898395,0.03333333333333333,0.4666666666666667,0.026343800639898395,0.08666666666666667,0.41333333333333333,0.026343800639898395,67978.6,0
0.03333333333333333,0.4666666666666667,0.026343800639898395,0.06333333333333334,0.43666666666666665,0.026343800639898395,0.06333333333333334,0.43666666666666665,0.026343800639898395,0.006666666666666667,0.49333333333333335,0.026343800639898395,0.05,0.45,0.026343800639898395,68213.4,0
0.07333333333333333,0.42666666666666664,0.026343800639898395,0.08666666666666667,0.41333333333333333,0.026343800639898395,0.06,0.44,0.026343800639898395,0.006666666666666667,0.49333333333333335,0.026343800639898395,0.05,0.45,0.026343800639898395,67833.6,0
0.043333333333333335,0.45666666666666667,0.026343800639898395,0.10666666666666667,0.3933333333333333,0.026343800639898395,0.07666666666666666,0.42333333333333334,0.026343800639898395,0.013333333333333334,0.4866666666666667,0.026343800639898395,0.06,0.44,0.026343800639898395,68037.3,0
0.67,0.17000000000000004,0.026343800639898395,0.7266666666666667,0.22666666666666668,0.026343800639898395,0.66,0.16000000000000003,0.026343800639898395,0.6833333333333333,0.18333333333333335,0.026343800639898395,0.6933333333333334,0.19333333333333336,0.026343800639898395,67374.2,1
0.11666666666666667,0.3833333333333333,0.026343800639898395,0.14666666666666667,0.35333333333333333,0.026343800639898395,0.13333333333333333,0.3666666666666667,0.026343800639898395,0.05,0.45,0.026343800639898395,0.10666666666666667,0.3933333333333333,0.026343800639898395,67601.9,0
0.15,0.35,0.026343800639898395,0.06333333333333334,0.43666666666666665,0.026343800639898395,0.11666666666666667,0.3833333333333333,0.026343800639898395,0.22333333333333333,0.27666666666666667,0.026343800639898395,0.11333333333333333,0.38666666666666666,0.026343800639898395,67461.5,0
0.05333333333333334,0.44666666666666666,0.026343800639898395,0.06333333333333334,0.43666666666666665,0.026343800639898395,0.03666666666666667,0.4633333333333333,0.026343800639898395,0.06666666666666667,0.43333333333333335,0.026343800639898395,0.04,0.46,0.026343800639898395,67607.4,0
0.043333333333333335,0.45666666666666667,0.026343800639898395,0.09666666666666666,0.4033333333333333,0.026343800639898395,0.07666666666666666,0.42333333333333334,0.026343800639898395,0.09666666666666666,0.4033333333333333,0.026343800639898395,0.05,0.45,0.026343800639898395,67681.7,0
0.3233333333333333,0.1766666666666667,0.026343800639898395,0.30333333333333334,0.19666666666666666,0.026343800639898395,0.2733333333333333,0.22666666666666668,0.026343800639898395,0.32,0.18,0.026343800639898395,0.26666666666666666,0.23333333333333334,0.026343800639898395,66125.0,0
0.8566666666666667,0.3566666666666667,0.026343800639898395,0.8066666666666666,0.30666666666666664,0.026343800639898395,0.7666666666666667,0.2666666666666667,0.026343800639898395,0.8,0.30000000000000004,0.026343800639898395,0.8233333333333334,0.32333333333333336,0.026343800639898395,66125.3,1
0.9533333333333334,0.45333333333333337,0.026343800639898395,0.8233333333333334,0.32333333333333336,0.026343800639898395,0.9466666666666667,0.44666666666666666,0.026343800639898395,0.8633333333333333,0.3633333333333333,0.026343800639898395,0.9733333333333334,0.4733333333333334,0.026343800639898395,65393.4,1
0.9666666666666667,0.4666666666666667,0.026343800639898395,0.7833333333333333,0.2833333333333333,0.026343800639898395,0.9133333333333333,0.41333333333333333,0.026343800639898395,0.9333333333333333,0.43333333333333335,0.026343800639898395,0.9066666666666666,0.4066666666666666,0.026343800639898395,65869.7,1
0.9966666666666667,0.4966666666666667,0.026343800639898395,0.96,0.45999999999999996,0.026343800639898395,0.9766666666666667,0.4766666666666667,0.026343800639898395,0.9933333333333333,0.4933333333333333,0.026343800639898395,0.95,0.44999999999999996,0.026343800639898395,65786.2,1
0.9933333333333333,0.4933333333333333,0.026343800639898395,0.9666666666666667,0.4666666666666667,0.026343800639898395,0.9666666666666667,0.4666666666666667,0.026343800639898395,1.0,0.5,0.026343800639898395,0.9766666666666667,0.4766666666666667,0.026343800639898395,63819.2,1
0.9933333333333333,0.4933333333333333,0.026343800639898395,0.95,0.44999999999999996,0.026343800639898395,0.9866666666666667,0.4866666666666667,0.026343800639898395,1.0,0.5,0.026343800639898395,0.9933333333333333,0.4933333333333333,0.026343800639898395,63845.7,1
1.0,0.5,0.026343800639898395,0.9466666666666667,0.44666666666666666,0.026343800639898395,0.99,0.49,0.026343800639898395,1.0,0.5,0.026343800639898395,1.0,0.5,0.026343800639898395,64855.5,1
0.9833333333333333,0.4833333333333333,0.026343800639898395,0.9133333333333333,0.41333333333333333,0.026343800639898395,0.9766666666666667,0.4766666666666667,0.026343800639898395,0.99,0.49,0.026343800639898395,0.9566666666666667,0.45666666666666667,0.026343800639898395,66372.3,1
0.96,0.45999999999999996,0.026343800639898395,0.97,0.47,0.026343800639898395,0.9566666666666667,0.45666666666666667,0.026343800639898395,0.9866666666666667,0.4866666666666667,0.026343800639898395,0.9633333333333334,0.4633333333333334,0.026343800639898395,66985.6,1
0.9066666666666666,0.4066666666666666,0.026343800639898395,0.9766666666666667,0.4766666666666667,0.026343800639898395,0.9066666666666666,0.4066666666666666,0.026343800639898395,0.9,0.4,0.026343800639898395,0.9666666666666667,0.4666666666666667,0.026343800639898395,67509.8,1
0.9633333333333334,0.4633333333333334,0.026343800639898395,0.98,0.48,0.026343800639898395,0.95,0.44999999999999996,0.026343800639898395,0.9766666666666667,0.4766666666666667,0.026343800639898395,0.9633333333333334,0.4633333333333334,0.026343800639898395,67118.2,1
0.9933333333333333,0.4933333333333333,0.026343800639898395,0.9933333333333333,0.4933333333333333,0.026343800639898395,0.9733333333333334,0.4733333333333334,0.026343800639898395,0.99,0.49,0.026343800639898395,0.9766666666666667,0.4766666666666667,0.026343800639898395,66470.5,1
0.9833333333333333,0.4833333333333333,0.026343800639898395,0.9833333333333333,0.4833333333333333,0.026343800639898395,0.95,0.44999999999999996,0.026343800639898395,0.9933333333333333,0.4933333333333333,0.026343800639898395,0.9833333333333333,0.4833333333333333,0.026343800639898395,66844.0,1
0.9866666666666667,0.4866666666666667,0.026343800639898395,0.95,0.44999999999999996,0.026343800639898395,0.9766666666666667,0.4766666666666667,0.026343800639898395,0.9966666666666667,0.4966666666666667,0.026343800639898395,0.99,0.49,0.026343800639898395,65965.8,1
0.99,0.49,0.026343800639898395,0.9366666666666666,0.43666666666666665,0.026343800639898395,0.98,0.48,0.026343800639898395,1.0,0.5,0.026343800639898395,0.9733333333333334,0.4733333333333334,0.026343800639898395,65748.8,1
0.9966666666666667,0.4966666666666667,0.026343800639898395,0.9333333333333333,0.43333333333333335,0.026343800639898395,0.9533333333333334,0.45333333333333337,0.026343800639898395,0.9966666666666667,0.4966666666666667,0.026343800639898395,0.9766666666666667,0.4766666666666667,0.026343800639898395,66818.7,1
0.9966666666666667,0.4966666666666667,0.026343800639898395,0.9666666666666667,0.4666666666666667,0.026343800639898395,0.9966666666666667,0.4966666666666667,0.026343800639898395,0.99,0.49,0.026343800639898395,0.9833333333333333,0.4833333333333333,0.026343800639898395,66002.1,1
0.9966666666666667,0.4966666666666667,0.026343800639898395,0.97,0.47,0.026343800639898395,0.99,0.49,0.026343800639898395,0.9866666666666667,0.4866666666666667,0.026343800639898395,0.9933333333333333,0.4933333333333333,0.026343800639898395,66343.0,1
0.9133333333333333,0.41333333333333333,0.026343800639898395,0.92,0.42000000000000004,0.026343800639898395,0.89,0.39,0.026343800639898395,0.96,0.45999999999999996,0.026343800639898395,0.9066666666666666,0.4066666666666666,0.026343800639898395,69119.7,1
0.9633333333333334,0.4633333333333334,0.026343800639898395,0.9666666666666667,0.4666666666666667,0.026343800639898395,0.9433333333333334,0.44333333333333336,0.026343800639898395,0.99,0.49,0.026343800639898395,0.93,0.43000000000000005,0.026343800639898395,68956.3,1
0.9733333333333334,0.4733333333333334,0.026343800639898395,0.9733333333333334,0.4733333333333334,0.026343800639898395,0.9566666666666667,0.45666666666666667,0.026343800639898395,1.0,0.5,0.026343800639898395,0.9533333333333334,0.45333333333333337,0.026343800639898395,68808.4,1
0.9866666666666667,0.4866666666666667,0.026343800639898395,0.9733333333333334,0.4733333333333334,0.026343800639898395,0.9733333333333334,0.4733333333333334,0.026343800639898395,1.0,0.5,0.026343800639898395,0.95,0.44999999999999996,0.026343800639898395,68367.8,1
0.98,0.48,0.026343800639898395,0.9633333333333334,0.4633333333333334,0.026343800639898395,0.9933333333333333,0.4933333333333333,0.026343800639898395,0.9966666666666667,0.4966666666666667,0.026343800639898395,0.9733333333333334,0.4733333333333334,0.026343800639898395,68146.9,1
0.9633333333333334,0.4633333333333334,0.026343800639898395,0.9366666666666666,0.43666666666666665,0.026343800639898395,0.9766666666666667,0.4766666666666667,0.026343800639898395,0.99,0.49,0.026343800639898395,0.9833333333333333,0.4833333333333333,0.026343800639898395,67014.3,1
0.98,0.48,0.026343800639898395,0.9433333333333334,0.44333333333333336,0.026343800639898395,0.98,0.48,0.026343800639898395,0.99,0.49,0.026343800639898395,0.97,0.47,0.026343800639898395,67717.1,1
0.98,0.48,0.026343800639898395,0.94,0.43999999999999995,0.026343800639898395,0.9633333333333334,0.4633333333333334,0.026343800639898395,0.9966666666666667,0.4966666666666667,0.026343800639898395,0.93,0.43000000000000005,0.026343800639898395,68450.7,1
0.9633333333333334,0.4633333333333334,0.026343800639898395,0.9566666666666667,0.45666666666666667,0.026343800639898395,0.9733333333333334,0.4733333333333334,0.026343800639898395,0.9966666666666667,0.4966666666666667,0.026343800639898395,0.9466666666666667,0.44666666666666666,0.026343800639898395,68336.7,1
0.95,0.44999999999999996,0.026343800639898395,0.8133333333333334,0.31333333333333335,0.026343800639898395,0.9333333333333333,0.43333333333333335,0.026343800639898395,0.9366666666666666,0.43666666666666665,0.026343800639898395,0.8233333333333334,0.32333333333333336,0.026343800639898395,67738.0,1
0.8333333333333334,0.33333333333333337,0.026343800639898395,0.23333333333333334,0.26666666666666666,0.026343800639898395,0.25333333333333335,0.24666666666666665,0.026343800639898395,0.73,0.22999999999999998,0.026343800639898395,0.17666666666666667,0.32333333333333336,0.026343800639898395,69507.9,0
0.6333333333333333,0.1333333333333333,0.026343800639898395,0.13666666666666666,0.36333333333333334,0.026343800639898395,0.056666666666666664,0.44333333333333336,0.026343800639898395,0.36333333333333334,0.13666666666666666,0.026343800639898395,0.023333333333333334,0.4766666666666667,0.026343800639898395,71124.9,0
0.5966666666666667,0.09666666666666668,0.026343800639898395,0.07,0.43,0.026343800639898395,0.02,0.48,0.026343800639898395,0.24666666666666667,0.2533333333333333,0.026343800639898395,0.03666666666666667,0.4633333333333333,0.026343800639898395,73429.7,0
0.5766666666666667,0.07666666666666666,0.026343800639898395,0.07333333333333333,0.42666666666666664,0.026343800639898395,0.03,0.47,0.026343800639898395,0.24333333333333335,0.25666666666666665,0.026343800639898395,0.01,0.49,0.026343800639898395,73651.6,0
0.5666666666666667,0.06666666666666665,0.026343800639898395,0.15666666666666668,0.3433333333333333,0.026343800639898395,0.02,0.48,0.026343800639898395,0.29,0.21000000000000002,0.026343800639898395,0.013333333333333334,0.4866666666666667,0.026343800639898395,72684.8,0
0.5666666666666667,0.06666666666666665,0.026343800639898395,0.04666666666666667,0.4533333333333333,0.026343800639898395,0.02666666666666667,0.47333333333333333,0.026343800639898395,0.2633333333333333,0.2366666666666667,0.026343800639898395,0.013333333333333334,0.4866666666666667,0.026343800639898395,72510.0,0
0.52,0.020000000000000018,0.026343800639898395,0.02666666666666667,0.47333333333333333,0.026343800639898395,0.016666666666666666,0.48333333333333334,0.026343800639898395,0.27666666666666667,0.22333333333333333,0.026343800639898395,0.02,0.48,0.026343800639898395,72067.6,0
0.49333333333333335,0.006666666666666654,0.026343800639898395,0.02,0.48,0.026343800639898395,0.01,0.49,0.026343800639898395,0.2633333333333333,0.2366666666666667,0.026343800639898395,0.013333333333333334,0.4866666666666667,0.026343800639898395,72925.2,0
0.5533333333333333,0.053333333333333344,0.026343800639898395,0.03666666666666667,0.4633333333333333,0.026343800639898395,0.023333333333333334,0.4766666666666667,0.026343800639898395,0.31,0.19,0.026343800639898395,0.023333333333333334,0.4766666666666667,0.026343800639898395,71647.3,0
0.6266666666666667,0.1266666666666667,0.026343800639898395,0.05,0.45,0.026343800639898395,0.04666666666666667,0.4533333333333333,0.026343800639898395,0.38333333333333336,0.11666666666666664,0.026343800639898395,0.07333333333333333,0.42666666666666664,0.026343800639898395,70960.9,0
0.63,0.13,0.026343800639898395,0.11,0.39,0.026343800639898395,0.10333333333333333,0.39666666666666667,0.026343800639898395,0.42,0.08000000000000002,0.026343800639898395,0.09,0.41000000000000003,0.026343800639898395,70877.4,0
0.4633333333333333,0.03666666666666668,0.026343800639898395,0.02666666666666667,0.47333333333333333,0.026343800639898395,0.03,0.47,0.026343800639898395,0.41333333333333333,0.08666666666666667,0.026343800639898395,0.05333333333333334,0.44666666666666666,0.026343800639898395,71099.6,0
0.47,0.030000000000000027,0.026343800639898395,0.03333333333333333,0.4666666666666667,0.026343800639898395,0.06,0.44,0.026343800639898395,0.43,0.07,0.026343800639898395,0.03666666666666667,0.4633333333333333,0.026343800639898395,71081.9,0
0.49666666666666665,0.003333333333333355,0.026343800639898395,0.02,0.48,0.026343800639898395,0.15333333333333332,0.3466666666666667,0.026343800639898395,0.54,0.040000000000000036,0.026343800639898395,0.1,0.4,0.026343800639898395,70229.0,0
0.51,0.010000000000000009,0.026343800639898395,0.056666666666666664,0.44333333333333336,0.026343800639898395,0.11,0.39,0.026343800639898395,0.65,0.15000000000000002,0.026343800639898395,0.12,0.38,0.026343800639898395,68522.3,0
0.5333333333333333,0.033333333333333326,0.026343800639898395,0.04666666666666667,0.4533333333333333,0.026343800639898395,0.10666666666666667,0.3933333333333333,0.026343800639898395,0.6633333333333333,0.16333333333333333,0.026343800639898395,0.1,0.4,0.026343800639898395,68123.7,0
0.5266666666666666,0.026666666666666616,0.026343800639898395,0.043333333333333335,0.45666666666666667,0.026343800639898395,0.17,0.32999999999999996,0.026343800639898395,0.6833333333333333,0.18333333333333335,0.026343800639898395,0.12666666666666668,0.3733333333333333,0.026343800639898395,68128.0,0
0.5133333333333333,0.013333333333333308,0.026343800639898395,0.9766666666666667,0.4766666666666667,0.026343800639898395,0.8566666666666667,0.3566666666666667,0.026343800639898395,0.6766666666666666,0.17666666666666664,0.026343800639898395,0.9033333333333333,0.4033333333333333,0.026343800639898395,68112.7,1
0.5133333333333333,0.013333333333333308,0.026343800639898395,0.9866666666666667,0.4866666666666667,0.026343800639898395,0.9633333333333334,0.4633333333333334,0.026343800639898395,0.69,0.18999999999999995,0.026343800639898395,0.97,0.47,0.026343800639898395,67854.8,1
0.54,0.040000000000000036,0.026343800639898395,0.9433333333333334,0.44333333333333336,0.026343800639898395,0.96,0.45999999999999996,0.026343800639898395,0.7,0.19999999999999996,0.026343800639898395,0.9866666666666667,0.4866666666666667,0.026343800639898395,68027.1,1
0.5533333333333333,0.053333333333333344,0.026343800639898395,0.9466666666666667,0.44666666666666666,0.026343800639898395,0.98,0.48,0.026343800639898395,0.7033333333333334,0.20333333333333337,0.026343800639898395,0.98,0.48,0.026343800639898395,67892.1,1
0.57,0.06999999999999995,0.026343800639898395,0.93,0.43000000000000005,0.026343800639898395,0.98,0.48,0.026343800639898395,0.7166666666666667,0.21666666666666667,0.026343800639898395,0.98,0.48,0.026343800639898395,67098.4,1
0.5566666666666666,0.05666666666666664,0.026343800639898395,0.9533333333333334,0.45333333333333337,0.026343800639898395,0.9933333333333333,0.4933333333333333,0.026343800639898395,0.7233333333333334,0.22333333333333338,0.026343800639898395,0.9866666666666667,0.4866666666666667,0.026343800639898395,67270.1,1
0.56,0.06000000000000005,0.026343800639898395,0.9633333333333334,0.4633333333333334,0.026343800639898395,1.0,0.5,0.026343800639898395,0.76,0.26,0.026343800639898395,0.98,0.48,0.026343800639898395,67006.9,1
0.5633333333333334,0.06333333333333335,0.026343800639898395,0.9566666666666667,0.45666666666666667,0.026343800639898395,1.0,0.5,0.026343800639898395,0.7666666666666667,0.2666666666666667,0.026343800639898395,0.9766666666666667,0.4766666666666667,0.026343800639898395,67317.7,1
0.55,0.050000000000000044,0.026343800639898395,0.9666666666666667,0.4666666666666667,0.026343800639898395,0.99,0.49,0.026343800639898395,0.7433333333333333,0.2433333333333333,0.026343800639898395,0.9766666666666667,0.4766666666666667,0.026343800639898395,67528.5,1
0.6266666666666667,0.1266666666666667,0.026343800639898395,0.97,0.47,0.026343800639898395,0.9966666666666667,0.4966666666666667,0.026343800639898395,0.7833333333333333,0.2833333333333333,0.026343800639898395,0.9766666666666667,0.4766666666666667,0.026343800639898395,67210.0,1
0.5866666666666667,0.08666666666666667,0.026343800639898395,0.9666666666666667,0.4666666666666667,0.026343800639898395,0.9933333333333333,0.4933333333333333,0.026343800639898395,0.78,0.28,0.026343800639898395,0.9866666666666667,0.4866666666666667,0.026343800639898395,67321.9,1
0.73,0.22999999999999998,0.026343800639898395,0.96,0.45999999999999996,0.026343800639898395,0.99,0.49,0.026343800639898395,0.8466666666666667,0.3466666666666667,0.026343800639898395,0.99,0.49,0.026343800639898395,65978.7,1
0.7033333333333334,0.20333333333333337,0.026343800639898395,0.9266666666666666,0.42666666666666664,0.026343800639898395,0.9933333333333333,0.4933333333333333,0.026343800639898395,0.77,0.27,0.026343800639898395,0.9933333333333333,0.4933333333333333,0.026343800639898395,67196.6,1
0.67,0.17000000000000004,0.026343800639898395,0.96,0.45999999999999996,0.026343800639898395,0.99,0.49,0.026343800639898395,0.75,0.25,0.026343800639898395,0.98,0.48,0.026343800639898395,67527.9,1
0.6466666666666666,0.1466666666666666,0.026343800639898395,0.95,0.44999999999999996,0.026343800639898395,0.9866666666666667,0.4866666666666667,0.026343800639898395,0.7133333333333334,0.21333333333333337,0.026343800639898395,0.9766666666666667,0.4766666666666667,0.026343800639898395,67750.3,1
0.5866666666666667,0.08666666666666667,0.026343800639898395,0.9733333333333334,0.4733333333333334,0.026343800639898395,0.9733333333333334,0.4733333333333334,0.026343800639898395,0.69,0.18999999999999995,0.026343800639898395,0.96,0.45999999999999996,0.026343800639898395,68909.9,1
0.5433333333333333,0.043333333333333335,0.026343800639898395,0.9533333333333334,0.45333333333333337,0.026343800639898395,0.9533333333333334,0.45333333333333337,0.026343800639898395,0.6733333333333333,0.17333333333333334,0.026343800639898395,0.95,0.44999999999999996,0.026343800639898395,69017.0,1
0.59,0.08999999999999997,0.026343800639898395,0.9833333333333333,0.4833333333333333,0.026343800639898395,0.9766666666666667,0.4766666666666667,0.026343800639898395,0.6966666666666667,0.19666666666666666,0.026343800639898395,0.9466666666666667,0.44666666666666666,0.026343800639898395,68446.9,1
0.6433333333333333,0.1433333333333333,0.026343800639898395,0.94,0.43999999999999995,0.026343800639898395,0.9766666666666667,0.4766666666666667,0.026343800639898395,0.6366666666666667,0.13666666666666671,0.026343800639898395,0.96,0.45999999999999996,0.026343800639898395,69437.0,1
0.64,0.14,0.026343800639898395,0.8466666666666667,0.3466666666666667,0.026343800639898395,0.83,0.32999999999999996,0.026343800639898395,0.48,0.020000000000000018,0.026343800639898395,0.8433333333333334,0.3433333333333334,0.026343800639898395,70397.3,1
0.63,0.13,0.026343800639898395,0.26,0.24,0.026343800639898395,0.31666666666666665,0.18333333333333335,0.026343800639898395,0.47,0.030000000000000027,0.026343800639898395,0.36,0.14,0.026343800639898395,70602.5,0
0.5666666666666667,0.06666666666666665,0.026343800639898395,0.7966666666666666,0.29666666666666663,0.026343800639898395,0.7366666666666667,0.2366666666666667,0.026343800639898395,0.38666666666666666,0.11333333333333334,0.026343800639898395,0.8333333333333334,0.33333333333333337,0.026343800639898395,71361.3,1
0.68,0.18000000000000005,0.026343800639898395,0.9333333333333333,0.43333333333333335,0.026343800639898395,0.9633333333333334,0.4633333333333334,0.026343800639898395,0.51,0.010000000000000009,0.026343800639898395,0.9566666666666667,0.45666666666666667,0.026343800639898395,70045.4,1
0.6666666666666666,0.16666666666666663,0.026343800639898395,0.9433333333333334,0.44333333333333336,0.026343800639898395,0.9866666666666667,0.4866666666666667,0.026343800639898395,0.51,0.010000000000000009,0.026343800639898395,0.9633333333333334,0.4633333333333334,0.026343800639898395,69955.4,1
0.6933333333333334,0.19333333333333336,0.026343800639898395,0.9533333333333334,0.45333333333333337,0.026343800639898395,0.99,0.49,0.026343800639898395,0.5433333333333333,0.043333333333333335,0.026343800639898395,0.9833333333333333,0.4833333333333333,0.026343800639898395,69567.6,1
0.6966666666666667,0.19666666666666666,0.026343800639898395,0.9566666666666667,0.45666666666666667,0.026343800639898395,0.9966666666666667,0.4966666666666667,0.026343800639898395,0.55,0.050000000000000044,0.026343800639898395,0.9866666666666667,0.4866666666666667,0.026343800639898395,69649.2,1
0.6966666666666667,0.19666666666666666,0.026343800639898395,0.97,0.47,0.026343800639898395,0.9866666666666667,0.4866666666666667,0.026343800639898395,0.58,0.07999999999999996,0.026343800639898395,0.97,0.47,0.026343800639898395,69174.4,1
0.7066666666666667,0.20666666666666667,0.026343800639898395,0.95,0.44999999999999996,0.026343800639898395,0.9233333333333333,0.42333333333333334,0.026343800639898395,0.47333333333333333,0.026666666666666672,0.026343800639898395,0.94,0.43999999999999995,0.026343800639898395,70242.8,1
0.6966666666666667,0.19666666666666666,0.026343800639898395,0.36333333333333334,0.13666666666666666,0.026343800639898395,0.33,0.16999999999999998,0.026343800639898395,0.4166666666666667,0.08333333333333331,0.026343800639898395,0.30333333333333334,0.19666666666666666,0.026343800639898395,70674.1,0
0.71,0.20999999999999996,0.026343800639898395,0.9333333333333333,0.43333333333333335,0.026343800639898395,0.96,0.45999999999999996,0.026343800639898395,0.48,0.020000000000000018,0.026343800639898395,0.9466666666666667,0.44666666666666666,0.026343800639898395,70200.4,1
0.6966666666666667,0.19666666666666666,0.026343800639898395,0.94,0.43999999999999995,0.026343800639898395,0.9966666666666667,0.4966666666666667,0.026343800639898395,0.5233333333333333,0.023333333333333317,0.026343800639898395,0.9766666666666667,0.4766666666666667,0.026343800639898395,69445.8,1
0.6966666666666667,0.19666666666666666,0.026343800639898395,0.9233333333333333,0.42333333333333334,0.026343800639898395,0.9833333333333333,0.4833333333333333,0.026343800639898395,0.42333333333333334,0.07666666666666666,0.026343800639898395,0.9533333333333334,0.45333333333333337,0.026343800639898395,69828.0,1
0.7033333333333334,0.20333333333333337,0.026343800639898395,0.9533333333333334,0.45333333333333337,0.026343800639898395,0.97,0.47,0.026343800639898395,0.3933333333333333,0.10666666666666669,0.026343800639898395,0.9766666666666667,0.4766666666666667,0.026343800639898395,70441.7,1
0.6966666666666667,0.19666666666666666,0.026343800639898395,0.9633333333333334,0.4633333333333334,0.026343800639898395,0.9966666666666667,0.4966666666666667,0.026343800639898395,0.39,0.10999999999999999,0.026343800639898395,0.9666666666666667,0.4666666666666667,0.026343800639898395,70357.3,1
0.7,0.19999999999999996,0.026343800639898395,0.95,0.44999999999999996,0.026343800639898395,0.9933333333333333,0.4933333333333333,0.026343800639898395,0.39,0.10999999999999999,0.026343800639898395,0.97,0.47,0.026343800639898395,70465.9,1
0.6866666666666666,0.18666666666666665,0.026343800639898395,0.9266666666666666,0.42666666666666664,0.026343800639898395,0.98,0.48,0.026343800639898395,0.36,0.14,0.026343800639898395,0.97,0.47,0.026343800639898395,70520.8,1
0.63,0.13,0.026343800639898395,0.8733333333333333,0.3733333333333333,0.026343800639898395,0.8633333333333333,0.3633333333333333,0.026343800639898395,0.36333333333333334,0.13666666666666666,0.026343800639898395,0.8233333333333334,0.32333333333333336,0.026343800639898395,71408.5,1
0.6166666666666667,0.1166666666666667,0.026343800639898395,0.34,0.15999999999999998,0.026343800639898395,0.32,0.18,0.026343800639898395,0.36333333333333334,0.13666666666666666,0.026343800639898395,0.3233333333333333,0.1766666666666667,0.026343800639898395,71639.5,0
0.5366666666666666,0.036666666666666625,0.026343800639898395,0.84,0.33999999999999997,0.026343800639898395,0.8033333333333333,0.30333333333333334,0.026343800639898395,0.4,0.09999999999999998,0.026343800639898395,0.7666666666666667,0.2666666666666667,0.026343800639898395,72242.1,1
0.62,0.12,0.026343800639898395,0.9333333333333333,0.43333333333333335,0.026343800639898395,0.8533333333333334,0.3533333333333334,0.026343800639898395,0.47333333333333333,0.026666666666666672,0.026343800639898395,0.8566666666666667,0.3566666666666667,0.026343800639898395,71860.1,1
0.6366666666666667,0.13666666666666671,0.026343800639898395,0.9033333333333333,0.4033333333333333,0.026343800639898395,0.9833333333333333,0.4833333333333333,0.026343800639898395,0.5533333333333333,0.053333333333333344,0.026343800639898395,0.93,0.43000000000000005,0.026343800639898395,71183.1,1
0.6333333333333333,0.1333333333333333,0.026343800639898395,0.8933333333333333,0.3933333333333333,0.026343800639898395,0.97,0.47,0.026343800639898395,0.59,0.08999999999999997,0.026343800639898395,0.9566666666666667,0.45666666666666667,0.026343800639898395,70953.0,1
0.6433333333333333,0.1433333333333333,0.026343800639898395,0.94,0.43999999999999995,0.026343800639898395,0.9833333333333333,0.4833333333333333,0.026343800639898395,0.6,0.09999999999999998,0.026343800639898395,0.9866666666666667,0.4866666666666667,0.026343800639898395,71083.5,1
0.64,0.14,0.026343800639898395,0.9766666666666667,0.4766666666666667,0.026343800639898395,0.9966666666666667,0.4966666666666667,0.026343800639898395,0.5833333333333334,0.08333333333333337,0.026343800639898395,0.98,0.48,0.026343800639898395,70594.1,1
0.6466666666666666,0.1466666666666666,0.026343800639898395,0.93,0.43000000000000005,0.026343800639898395,0.99,0.49,0.026343800639898395,0.5966666666666667,0.09666666666666668,0.026343800639898395,0.9833333333333333,0.4833333333333333,0.026343800639898395,70748.6,1
0.64,0.14,0.026343800639898395,0.93,0.43000000000000005,0.026343800639898395,0.9966666666666667,0.4966666666666667,0.026343800639898395,0.5833333333333334,0.08333333333333337,0.026343800639898395,0.9833333333333333,0.4833333333333333,0.026343800639898395,70609.8,1
0.6466666666666666,0.1466666666666666,0.026343800639898395,0.9433333333333334,0.44333333333333336,0.026343800639898395,0.99,0.49,0.026343800639898395,0.5866666666666667,0.08666666666666667,0.026343800639898395,0.9766666666666667,0.4766666666666667,0.026343800639898395,70715.9,1
0.65,0.15000000000000002,0.026343800639898395,0.9366666666666666,0.43666666666666665,0.026343800639898395,0.9933333333333333,0.4933333333333333,0.026343800639898395,0.56,0.06000000000000005,0.026343800639898395,0.9933333333333333,0.4933333333333333,0.026343800639898395,71210.6,1
0.65,0.15000000000000002,0.026343800639898395,0.96,0.45999999999999996,0.026343800639898395,0.98,0.48,0.026343800639898395,0.5733333333333334,0.07333333333333336,0.026343800639898395,0.99,0.49,0.026343800639898395,71358.5,1
0.6533333333333333,0.15333333333333332,0.026343800639898395,0.97,0.47,0.026343800639898395,0.9833333333333333,0.4833333333333333,0.026343800639898395,0.53,0.030000000000000027,0.026343800639898395,0.9833333333333333,0.4833333333333333,0.026343800639898395,71451.6,1
0.6433333333333333,0.1433333333333333,0.026343800639898395,0.96,0.45999999999999996,0.026343800639898395,0.96,0.45999999999999996,0.026343800639898395,0.53,0.030000000000000027,0.026343800639898395,0.96,0.45999999999999996,0.026343800639898395,71862.4,1
0.65,0.15000000000000002,0.026343800639898395,0.94,0.43999999999999995,0.026343800639898395,0.98,0.48,0.026343800639898395,0.5333333333333333,0.033333333333333326,0.026343800639898395,0.96,0.45999999999999996,0.026343800639898395,71495.5,1
0.65,0.15000000000000002,0.026343800639898395,0.9733333333333334,0.4733333333333334,0.026343800639898395,0.9833333333333333,0.4833333333333333,0.026343800639898395,0.5333333333333333,0.033333333333333326,0.026343800639898395,0.98,0.48,0.026343800639898395,71567.2,1
0.5533333333333333,0.053333333333333344,0.026343800639898395,0.86,0.36,0.026343800639898395,0.7633333333333333,0.2633333333333333,0.026343800639898395,0.48333333333333334,0.016666666666666663,0.026343800639898395,0.81,0.31000000000000005,0.026343800639898395,72835.7,1
0.41333333333333333,0.08666666666666667,0.026343800639898395,0.02,0.48,0.026343800639898395,0.05,0.45,0.026343800639898395,0.47,0.030000000000000027,0.026343800639898395,0.07333333333333333,0.42666666666666664,0.026343800639898395,73582.5,0
0.47,0.030000000000000027,0.026343800639898395,0.03,0.47,0.026343800639898395,0.03,0.47,0.026343800639898395,0.4866666666666667,0.013333333333333308,0.026343800639898395,0.04666666666666667,0.4533333333333333,0.026343800639898395,73456.6,0
0.4666666666666667,0.033333333333333326,0.026343800639898395,0.01,0.49,0.026343800639898395,0.02,0.48,0.026343800639898395,0.47333333333333333,0.026666666666666672,0.026343800639898395,0.02666666666666667,0.47333333333333333,0.026343800639898395,73554.1,0
0.5333333333333333,0.033333333333333326,0.026343800639898395,0.03,0.47,0.026343800639898395,0.10333333333333333,0.39666666666666667,0.026343800639898395,0.4866666666666667,0.013333333333333308,0.026343800639898395,0.03,0.47,0.026343800639898395,73292.1,0
0.43333333333333335,0.06666666666666665,0.026343800639898395,0.02666666666666667,0.47333333333333333,0.026343800639898395,0.023333333333333334,0.4766666666666667,0.026343800639898395,0.4,0.09999999999999998,0.026343800639898395,0.0033333333333333335,0.49666666666666665,0.026343800639898395,73976.5,0
0.4,0.09999999999999998,0.026343800639898395,0.02666666666666667,0.47333333333333333,0.026343800639898395,0.01,0.49,0.026343800639898395,0.36666666666666664,0.13333333333333336,0.026343800639898395,0.013333333333333334,0.4866666666666667,0.026343800639898395,74887.7,0
0.43333333333333335,0.06666666666666665,0.026343800639898395,0.02666666666666667,0.47333333333333333,0.026343800639898395,0.0,0.5,0.026343800639898395,0.33666666666666667,0.16333333333333333,0.026343800639898395,0.013333333333333334,0.4866666666666667,0.026343800639898395,74463.4,0
0.49333333333333335,0.006666666666666654,0.026343800639898395,0.07,0.43,0.026343800639898395,0.016666666666666666,0.48333333333333334,0.026343800639898395,0.35333333333333333,0.14666666666666667,0.026343800639898395,0.02666666666666667,0.47333333333333333,0.026343800639898395,74253.0,0
0.5333333333333333,0.033333333333333326,0.026343800639898395,0.016666666666666666,0.48333333333333334,0.026343800639898395,0.043333333333333335,0.45666666666666667,0.026343800639898395,0.42,0.08000000000000002,0.026343800639898395,0.03,0.47,0.026343800639898395,74038.1,0
0.5533333333333333,0.053333333333333344,0.026343800639898395,0.006666666666666667,0.49333333333333335,0.026343800639898395,0.06,0.44,0.026343800639898395,0.42,0.08000000000000002,0.026343800639898395,0.04,0.46,0.026343800639898395,73948.5,0
0.5,0.0,0.026343800639898395,0.0033333333333333335,0.49666666666666665,0.026343800639898395,0.03333333333333333,0.4666666666666667,0.026343800639898395,0.3933333333333333,0.10666666666666669,0.026343800639898395,0.023333333333333334,0.4766666666666667,0.026343800639898395,74543.9,0
0.56,0.06000000000000005,0.026343800639898395,0.02666666666666667,0.47333333333333333,0.026343800639898395,0.09333333333333334,0.4066666666666667,0.026343800639898395,0.4166666666666667,0.08333333333333331,0.026343800639898395,0.04666666666666667,0.4533333333333333,0.026343800639898395,73929.9,0
0.55,0.050000000000000044,0.026343800639898395,0.06666666666666667,0.43333333333333335,0.026343800639898395,0.07333333333333333,0.42666666666666664,0.026343800639898395,0.37,0.13,0.026343800639898395,0.06666666666666667,0.43333333333333335,0.026343800639898395,74482.4,0
0.6033333333333334,0.10333333333333339,0.026343800639898395,0.043333333333333335,0.45666666666666667,0.026343800639898395,0.09666666666666666,0.4033333333333333,0.026343800639898395,0.38,0.12,0.026343800639898395,0.07666666666666666,0.42333333333333334,0.026343800639898395,73898.6,0
0.6333333333333333,0.1333333333333333,0.026343800639898395,0.05333333333333334,0.44666666666666666,0.026343800639898395,0.09333333333333334,0.4066666666666667,0.026343800639898395,0.4666666666666667,0.033333333333333326,0.026343800639898395,0.08666666666666667,0.41333333333333333,0.026343800639898395,72980.7,0
0.66,0.16000000000000003,0.026343800639898395,0.03333333333333333,0.4666666666666667,0.026343800639898395,0.08333333333333333,0.4166666666666667,0.026343800639898395,0.63,0.13,0.026343800639898395,0.07666666666666666,0.42333333333333334,0.026343800639898395,71491.6,0
0.7066666666666667,0.20666666666666667,0.026343800639898395,0.03666666666666667,0.4633333333333333,0.026343800639898395,0.07666666666666666,0.42333333333333334,0.026343800639898395,0.6633333333333333,0.16333333333333333,0.026343800639898395,0.03666666666666667,0.4633333333333333,0.026343800639898395,71064.3,0
0.6966666666666667,0.19666666666666666,0.026343800639898395,0.04,0.46,0.026343800639898395,0.07,0.43,0.026343800639898395,0.67,0.17000000000000004,0.026343800639898395,0.04666666666666667,0.4533333333333333,0.026343800639898395,71270.9,0
0.5166666666666667,0.01666666666666672,0.026343800639898395,0.1,0.4,0.026343800639898395,0.12666666666666668,0.3733333333333333,0.026343800639898395,0.66,0.16000000000000003,0.026343800639898395,0.06666666666666667,0.43333333333333335,0.026343800639898395,71228.7,0
0.5166666666666667,0.01666666666666672,0.026343800639898395,0.65,0.15000000000000002,0.026343800639898395,0.63,0.13,0.026343800639898395,0.6433333333333333,0.1433333333333333,0.026343800639898395,0.6133333333333333,0.11333333333333329,0.026343800639898395,70189.0,1
0.5133333333333333,0.013333333333333308,0.026343800639898395,0.09666666666666666,0.4033333333333333,0.026343800639898395,0.14,0.36,0.026343800639898395,0.65,0.15000000000000002,0.026343800639898395,0.07,0.43,0.026343800639898395,69940.0,0
0.5133333333333333,0.013333333333333308,0.026343800639898395,0.07,0.43,0.026343800639898395,0.1,0.4,0.026343800639898395,0.67,0.17000000000000004,0.026343800639898395,0.11666666666666667,0.3833333333333333,0.026343800639898395,69416.0,0
0.51,0.010000000000000009,0.026343800639898395,0.056666666666666664,0.44333333333333336,0.026343800639898395,0.056666666666666664,0.44333333333333336,0.026343800639898395,0.6866666666666666,0.18666666666666665,0.026343800639898395,0.11,0.39,0.026343800639898395,70265.5,0
0.5133333333333333,0.013333333333333308,0.026343800639898395,0.10666666666666667,0.3933333333333333,0.026343800639898395,0.03666666666666667,0.4633333333333333,0.026343800639898395,0.6733333333333333,0.17333333333333334,0.026343800639898395,0.11666666666666667,0.3833333333333333,0.026343800639898395,69911.9,0
0.6533333333333333,0.15333333333333332,0.026343800639898395,0.12666666666666668,0.3733333333333333,0.026343800639898395,0.02,0.48,0.026343800639898395,0.6466666666666666,0.1466666666666666,0.026343800639898395,0.013333333333333334,0.4866666666666667,0.026343800639898395,70733.4,0
0.6433333333333333,0.1433333333333333,0.026343800639898395,0.07,0.43,0.026343800639898395,0.02,0.48,0.026343800639898395,0.6366666666666667,0.13666666666666671,0.026343800639898395,0.03333333333333333,0.4666666666666667,0.026343800639898395,70856.2,0
0.6466666666666666,0.1466666666666666,0.026343800639898395,0.07333333333333333,0.42666666666666664,0.026343800639898395,0.02,0.48,0.026343800639898395,0.6633333333333333,0.16333333333333333,0.026343800639898395,0.04666666666666667,0.4533333333333333,0.026343800639898395,70470.5,0
0.65,0.15000000000000002,0.026343800639898395,0.10333333333333333,0.39666666666666667,0.026343800639898395,0.05,0.45,0.026343800639898395,0.6533333333333333,0.15333333333333332,0.026343800639898395,0.07333333333333333,0.42666666666666664,0.026343800639898395,69856.8,0
0.64,0.14,0.026343800639898395,0.06666666666666667,0.43333333333333335,0.026343800639898395,0.04,0.46,0.026343800639898395,0.6566666666666666,0.15666666666666662,0.026343800639898395,0.03333333333333333,0.4666666666666667,0.026343800639898395,70169.0,0
0.6433333333333333,0.1433333333333333,0.026343800639898395,0.12666666666666668,0.3733333333333333,0.026343800639898395,0.05,0.45,0.026343800639898395,0.6466666666666666,0.1466666666666666,0.026343800639898395,0.023333333333333334,0.4766666666666667,0.026343800639898395,70515.6,0
0.42,0.08000000000000002,0.026343800639898395,0.21,0.29000000000000004,0.026343800639898395,0.16333333333333333,0.33666666666666667,0.026343800639898395,0.6266666666666667,0.1266666666666667,0.026343800639898395,0.13666666666666666,0.36333333333333334,0.026343800639898395,70660.6,0
0.41333333333333333,0.08666666666666667,0.026343800639898395,0.18666666666666668,0.31333333333333335,0.026343800639898395,0.17333333333333334,0.32666666666666666,0.026343800639898395,0.6166666666666667,0.1166666666666667,0.026343800639898395,0.13,0.37,0.026343800639898395,70692.5,0
0.41333333333333333,0.08666666666666667,0.026343800639898395,0.74,0.24,0.026343800639898395,0.6866666666666666,0.18666666666666665,0.026343800639898395,0.6166666666666667,0.1166666666666667,0.026343800639898395,0.6933333333333334,0.19333333333333336,0.026343800639898395,70633.6,1
0.41333333333333333,0.08666666666666667,0.026343800639898395,0.18666666666666668,0.31333333333333335,0.026343800639898395,0.2633333333333333,0.2366666666666667,0.026343800639898395,0.6166666666666667,0.1166666666666667,0.026343800639898395,0.20666666666666667,0.29333333333333333,0.026343800639898395,70632.6,0
0.44666666666666666,0.053333333333333344,0.026343800639898395,0.7666666666666667,0.2666666666666667,0.026343800639898395,0.8,0.30000000000000004,0.026343800639898395,0.6266666666666667,0.1266666666666667,0.026343800639898395,0.7533333333333333,0.2533333333333333,0.026343800639898395,70380.6,1
0.45666666666666667,0.043333333333333335,0.026343800639898395,0.8733333333333333,0.3733333333333333,0.026343800639898395,0.8966666666666666,0.3966666666666666,0.026343800639898395,0.6866666666666666,0.18666666666666665,0.026343800639898395,0.89,0.39,0.026343800639898395,68907.7,1
0.46,0.03999999999999998,0.026343800639898395,0.9333333333333333,0.43333333333333335,0.026343800639898395,0.96,0.45999999999999996,0.026343800639898395,0.6566666666666666,0.15666666666666662,0.026343800639898395,0.9666666666666667,0.4666666666666667,0.026343800639898395,69332.6,1
0.4633333333333333,0.03666666666666668,0.026343800639898395,0.94,0.43999999999999995,0.026343800639898395,0.9833333333333333,0.4833333333333333,0.026343800639898395,0.68,0.18000000000000005,0.026343800639898395,0.9633333333333334,0.4633333333333334,0.026343800639898395,68902.2,1
0.49,0.010000000000000009,0.026343800639898395,0.9533333333333334,0.45333333333333337,0.026343800639898395,0.97,0.47,0.026343800639898395,0.7066666666666667,0.20666666666666667,0.026343800639898395,0.98,0.48,0.026343800639898395,68208.0,1
0.4666666666666667,0.033333333333333326,0.026343800639898395,0.9266666666666666,0.42666666666666664,0.026343800639898395,0.9766666666666667,0.4766666666666667,0.026343800639898395,0.74,0.24,0.026343800639898395,0.96,0.45999999999999996,0.026343800639898395,68824.7,1
0.49333333333333335,0.006666666666666654,0.026343800639898395,0.95,0.44999999999999996,0.026343800639898395,0.9866666666666667,0.4866666666666667,0.026343800639898395,0.7066666666666667,0.20666666666666667,0.026343800639898395,0.99,0.49,0.026343800639898395,68180.2,1
0.5433333333333333,0.043333333333333335,0.026343800639898395,0.9266666666666666,0.42666666666666664,0.026343800639898395,0.9833333333333333,0.4833333333333333,0.026343800639898395,0.7066666666666667,0.20666666666666667,0.026343800639898395,0.9866666666666667,0.4866666666666667,0.026343800639898395,67857.1,1
0.7166666666666667,0.21666666666666667,0.026343800639898395,0.92,0.42000000000000004,0.026343800639898395,0.9366666666666666,0.43666666666666665,0.026343800639898395,0.7,0.19999999999999996,0.026343800639898395,0.9466666666666667,0.44666666666666666,0.026343800639898395,68057.3,1
0.71,0.20999999999999996,0.026343800639898395,0.8966666666666666,0.3966666666666666,0.026343800639898395,0.9133333333333333,0.41333333333333333,0.026343800639898395,0.72,0.21999999999999997,0.026343800639898395,0.9366666666666666,0.43666666666666665,0.026343800639898395,68297.8,1
0.65,0.15000000000000002,0.026343800639898395,0.81,0.31000000000000005,0.026343800639898395,0.8766666666666667,0.3766666666666667,0.026343800639898395,0.6333333333333333,0.1333333333333333,0.026343800639898395,0.8666666666666667,0.3666666666666667,0.026343800639898395,70070.8,1
0.6733333333333333,0.17333333333333334,0.026343800639898395,0.7766666666666666,0.2766666666666666,0.026343800639898395,0.8,0.30000000000000004,0.026343800639898395,0.6266666666666667,0.1266666666666667,0.026343800639898395,0.82,0.31999999999999995,0.026343800639898395,70103.8,1
0.63,0.13,0.026343800639898395,0.22333333333333333,0.27666666666666667,0.026343800639898395,0.12333333333333334,0.37666666666666665,0.026343800639898395,0.5866666666666667,0.08666666666666667,0.026343800639898395,0.11333333333333333,0.38666666666666666,0.026343800639898395,70679.3,0
0.6433333333333333,0.1433333333333333,0.026343800639898395,0.16666666666666666,0.33333333333333337,0.026343800639898395,0.08,0.42,0.026343800639898395,0.5833333333333334,0.08333333333333337,0.026343800639898395,0.04666666666666667,0.4533333333333333,0.026343800639898395,70887.2,0
0.6933333333333334,0.19333333333333336,0.026343800639898395,0.05333333333333334,0.44666666666666666,0.026343800639898395,0.03,0.47,0.026343800639898395,0.5666666666666667,0.06666666666666665,0.026343800639898395,0.023333333333333334,0.4766666666666667,0.026343800639898395,70512.4,0
0.6266666666666667,0.1266666666666667,0.026343800639898395,0.07666666666666666,0.42333333333333334,0.026343800639898395,0.05,0.45,0.026343800639898395,0.5033333333333333,0.0033333333333332993,0.026343800639898395,0.03333333333333333,0.4666666666666667,0.026343800639898395,71272.6,0
0.6433333333333333,0.1433333333333333,0.026343800639898395,0.056666666666666664,0.44333333333333336,0.026343800639898395,0.05,0.45,0.026343800639898395,0.5,0.0,0.026343800639898395,0.013333333333333334,0.4866666666666667,0.026343800639898395,71118.3,0
0.67,0.17000000000000004,0.026343800639898395,0.06,0.44,0.026343800639898395,0.06333333333333334,0.43666666666666665,0.026343800639898395,0.59,0.08999999999999997,0.026343800639898395,0.09,0.41000000000000003,0.026343800639898395,69860.8,0
0.6933333333333334,0.19333333333333336,0.026343800639898395,0.10333333333333333,0.39666666666666667,0.026343800639898395,0.10666666666666667,0.3933333333333333,0.026343800639898395,0.6666666666666666,0.16666666666666663,0.026343800639898395,0.13333333333333333,0.3666666666666667,0.026343800639898395,69322.9,0
0.6933333333333334,0.19333333333333336,0.026343800639898395,0.03,0.47,0.026343800639898395,0.016666666666666666,0.48333333333333334,0.026343800639898395,0.54,0.040000000000000036,0.026343800639898395,0.023333333333333334,0.4766666666666667,0.026343800639898395,70515.6,0
0.71,0.20999999999999996,0.026343800639898395,0.04,0.46,0.026343800639898395,0.013333333333333334,0.4866666666666667,0.026343800639898395,0.49666666666666665,0.003333333333333355,0.026343800639898395,0.023333333333333334,0.4766666666666667,0.026343800639898395,70700.5,0
0.71,0.20999999999999996,0.026343800639898395,0.03333333333333333,0.4666666666666667,0.026343800639898395,0.013333333333333334,0.4866666666666667,0.026343800639898395,0.47,0.030000000000000027,0.026343800639898395,0.02666666666666667,0.47333333333333333,0.026343800639898395,70897.1,0
0.65,0.15000000000000002,0.026343800639898395,0.10666666666666667,0.3933333333333333,0.026343800639898395,0.08,0.42,0.026343800639898395,0.43666666666666665,0.06333333333333335,0.026343800639898395,0.05333333333333334,0.44666666666666666,0.026343800639898395,71658.8,0
0.72,0.21999999999999997,0.026343800639898395,0.06666666666666667,0.43333333333333335,0.026343800639898395,0.016666666666666666,0.48333333333333334,0.026343800639898395,0.47,0.030000000000000027,0.026343800639898395,0.02666666666666667,0.47333333333333333,0.026343800639898395,70832.6,0
0.72,0.21999999999999997,0.026343800639898395,0.02666666666666667,0.47333333333333333,0.026343800639898395,0.013333333333333334,0.4866666666666667,0.026343800639898395,0.4633333333333333,0.03666666666666668,0.026343800639898395,0.04,0.46,0.026343800639898395,70838.6,0
0.6966666666666667,0.19666666666666666,0.026343800639898395,0.08333333333333333,0.4166666666666667,0.026343800639898395,0.043333333333333335,0.45666666666666667,0.026343800639898395,0.45,0.04999999999999999,0.026343800639898395,0.02666666666666667,0.47333333333333333,0.026343800639898395,71309.6,0
0.47,0.030000000000000027,0.026343800639898395,0.04,0.46,0.026343800639898395,0.013333333333333334,0.4866666666666667,0.026343800639898395,0.44,0.06,0.026343800639898395,0.04666666666666667,0.4533333333333333,0.026343800639898395,70857.5,0
0.43,0.07,0.026343800639898395,0.016666666666666666,0.48333333333333334,0.026343800639898395,0.03,0.47,0.026343800639898395,0.5266666666666666,0.026666666666666616,0.026343800639898395,0.02666666666666667,0.47333333333333333,0.026343800639898395,70054.7,0
0.4633333333333333,0.03666666666666668,0.026343800639898395,0.016666666666666666,0.48333333333333334,0.026343800639898395,0.01,0.49,0.026343800639898395,0.6466666666666666,0.1466666666666666,0.026343800639898395,0.023333333333333334,0.4766666666666667,0.026343800639898395,69255.6,0
0.4633333333333333,0.03666666666666668,0.026343800639898395,0.03666666666666667,0.4633333333333333,0.026343800639898395,0.013333333333333334,0.4866666666666667,0.026343800639898395,0.6766666666666666,0.17666666666666664,0.026343800639898395,0.04666666666666667,0.4533333333333333,0.026343800639898395,69050.0,0
0.49,0.010000000000000009,0.026343800639898395,0.05333333333333334,0.44666666666666666,0.026343800639898395,0.08,0.42,0.026343800639898395,0.6566666666666666,0.15666666666666662,0.026343800639898395,0.12,0.38,0.026343800639898395,68485.0,0
0.49333333333333335,0.006666666666666654,0.026343800639898395,0.056666666666666664,0.44333333333333336,0.026343800639898395,0.04,0.46,0.026343800639898395,0.66,0.16000000000000003,0.026343800639898395,0.06333333333333334,0.43666666666666665,0.026343800639898395,68780.4,0
0.4166666666666667,0.08333333333333331,0.026343800639898395,0.16333333333333333,0.33666666666666667,0.026343800639898395,0.06333333333333334,0.43666666666666665,0.026343800639898395,0.6266666666666667,0.1266666666666667,0.026343800639898395,0.10333333333333333,0.39666666666666667,0.026343800639898395,68730.6,0
0.4266666666666667,0.0733333333333333,0.026343800639898395,0.17,0.32999999999999996,0.026343800639898395,0.12,0.38,0.026343800639898395,0.6466666666666666,0.1466666666666666,0.026343800639898395,0.13333333333333333,0.3666666666666667,0.026343800639898395,68466.8,0
0.55,0.050000000000000044,0.026343800639898395,0.27666666666666667,0.22333333333333333,0.026343800639898395,0.25333333333333335,0.24666666666666665,0.026343800639898395,0.64,0.14,0.026343800639898395,0.3333333333333333,0.16666666666666669,0.026343800639898395,66670.1,0
0.54,0.040000000000000036,0.026343800639898395,0.91,0.41000000000000003,0.026343800639898395,0.8566666666666667,0.3566666666666667,0.026343800639898395,0.6566666666666666,0.15666666666666662,0.026343800639898395,0.8433333333333334,0.3433333333333334,0.026343800639898395,66074.2,1
0.57,0.06999999999999995,0.026343800639898395,0.9266666666666666,0.42666666666666664,0.026343800639898395,0.92,0.42000000000000004,0.026343800639898395,0.6566666666666666,0.15666666666666662,0.026343800639898395,0.9166666666666666,0.41666666666666663,0.026343800639898395,65998.2,1
0.6366666666666667,0.13666666666666671,0.026343800639898395,0.8066666666666666,0.30666666666666664,0.026343800639898395,0.8033333333333333,0.30333333333333334,0.026343800639898395,0.68,0.18000000000000005,0.026343800639898395,0.8966666666666666,0.3966666666666666,0.026343800639898395,66358.3,1
0.6733333333333333,0.17333333333333334,0.026343800639898395,0.9033333333333333,0.4033333333333333,0.026343800639898395,0.8566666666666667,0.3566666666666667,0.026343800639898395,0.69,0.18999999999999995,0.026343800639898395,0.9466666666666667,0.44666666666666666,0.026343800639898395,66176.3,1
0.73,0.22999999999999998,0.026343800639898395,0.35333333333333333,0.14666666666666667,0.026343800639898395,0.31666666666666665,0.18333333333333335,0.026343800639898395,0.6866666666666666,0.18666666666666665,0.026343800639898395,0.35,0.15000000000000002,0.026343800639898395,66500.0,0
0.7766666666666666,0.2766666666666666,0.026343800639898395,0.8866666666666667,0.3866666666666667,0.026343800639898395,0.85,0.35,0.026343800639898395,0.6866666666666666,0.18666666666666665,0.026343800639898395,0.8933333333333333,0.3933333333333333,0.026343800639898395,66276.0,1
0.7633333333333333,0.2633333333333333,0.026343800639898395,0.8733333333333333,0.3733333333333333,0.026343800639898395,0.9133333333333333,0.41333333333333333,0.026343800639898395,0.6933333333333334,0.19333333333333336,0.026343800639898395,0.9366666666666666,0.43666666666666665,0.026343800639898395,66976.5,1
0.78,0.28,0.026343800639898395,0.94,0.43999999999999995,0.026343800639898395,0.9766666666666667,0.4766666666666667,0.026343800639898395,0.6966666666666667,0.19666666666666666,0.026343800639898395,0.9533333333333334,0.45333333333333337,0.026343800639898395,66847.2,1
0.86,0.36,0.026343800639898395,0.9433333333333334,0.44333333333333336,0.026343800639898395,0.9366666666666666,0.43666666666666665,0.026343800639898395,0.7033333333333334,0.20333333333333337,0.026343800639898395,0.9333333333333333,0.43333333333333335,0.026343800639898395,66321.7,1
0.85,0.35,0.026343800639898395,0.35,0.15000000000000002,0.026343800639898395,0.35,0.15000000000000002,0.026343800639898395,0.6633333333333333,0.16333333333333333,0.026343800639898395,0.38333333333333336,0.11666666666666664,0.026343800639898395,66846.6,0
0.8766666666666667,0.3766666666666667,0.026343800639898395,0.9433333333333334,0.44333333333333336,0.026343800639898395,0.93,0.43000000000000005,0.026343800639898395,0.6833333333333333,0.18333333333333335,0.026343800639898395,0.9,0.4,0.026343800639898395,66610.1,1
0.86,0.36,0.026343800639898395,0.94,0.43999999999999995,0.026343800639898395,0.8933333333333333,0.3933333333333333,0.026343800639898395,0.66,0.16000000000000003,0.026343800639898395,0.9,0.4,0.026343800639898395,66749.7,1
0.8966666666666666,0.3966666666666666,0.026343800639898395,0.9366666666666666,0.43666666666666665,0.026343800639898395,0.9666666666666667,0.4666666666666667,0.026343800639898395,0.67,0.17000000000000004,0.026343800639898395,0.97,0.47,0.026343800639898395,66463.5,1
0.8966666666666666,0.3966666666666666,0.026343800639898395,0.9233333333333333,0.42333333333333334,0.026343800639898395,0.9666666666666667,0.4666666666666667,0.026343800639898395,0.67,0.17000000000000004,0.026343800639898395,0.99,0.49,0.026343800639898395,66293.0,1
0.9033333333333333,0.4033333333333333,0.026343800639898395,0.9,0.4,0.026343800639898395,0.9566666666666667,0.45666666666666667,0.026343800639898395,0.7,0.19999999999999996,0.026343800639898395,0.9266666666666666,0.42666666666666664,0.026343800639898395,65950.3,1
0.7833333333333333,0.2833333333333333,0.026343800639898395,0.8666666666666667,0.3666666666666667,0.026343800639898395,0.89,0.39,0.026343800639898395,0.6266666666666667,0.1266666666666667,0.026343800639898395,0.9166666666666666,0.41666666666666663,0.026343800639898395,67100.0,1
0.63,0.13,0.026343800639898395,0.8766666666666667,0.3766666666666667,0.026343800639898395,0.87,0.37,0.026343800639898395,0.5766666666666667,0.07666666666666666,0.026343800639898395,0.8466666666666667,0.3466666666666667,0.026343800639898395,67556.1,1
0.5966666666666667,0.09666666666666668,0.026343800639898395,0.8733333333333333,0.3733333333333333,0.026343800639898395,0.7766666666666666,0.2766666666666666,0.026343800639898395,0.5966666666666667,0.09666666666666668,0.026343800639898395,0.7633333333333333,0.2633333333333333,0.026343800639898395,67610.6,1
0.6066666666666667,0.10666666666666669,0.026343800639898395,0.30333333333333334,0.19666666666666666,0.026343800639898395,0.29,0.21000000000000002,0.026343800639898395,0.5866666666666667,0.08666666666666667,0.026343800639898395,0.23,0.27,0.026343800639898395,67570.7,0
0.8966666666666666,0.3966666666666666,0.026343800639898395,0.84,0.33999999999999997,0.026343800639898395,0.88,0.38,0.026343800639898395,0.6966666666666667,0.19666666666666666,0.026343800639898395,0.8966666666666666,0.3966666666666666,0.026343800639898395,66482.9,1
0.8866666666666667,0.3866666666666667,0.026343800639898395,0.2966666666666667,0.2033333333333333,0.026343800639898395,0.29333333333333333,0.20666666666666667,0.026343800639898395,0.6833333333333333,0.18333333333333335,0.026343800639898395,0.32,0.18,0.026343800639898395,66725.0,0
0.66,0.16000000000000003,0.026343800639898395,0.08,0.42,0.026343800639898395,0.06333333333333334,0.43666666666666665,0.026343800639898395,0.5733333333333334,0.07333333333333336,0.026343800639898395,0.04666666666666667,0.4533333333333333,0.026343800639898395,67640.5,0
0.68,0.18000000000000005,0.026343800639898395,0.13,0.37,0.026343800639898395,0.09,0.41000000000000003,0.026343800639898395,0.58,0.07999999999999996,0.026343800639898395,0.08666666666666667,0.41333333333333333,0.026343800639898395,67285.8,0
0.86,0.36,0.026343800639898395,0.71,0.20999999999999996,0.026343800639898395,0.6733333333333333,0.17333333333333334,0.026343800639898395,0.7166666666666667,0.21666666666666667,0.026343800639898395,0.7233333333333334,0.22333333333333338,0.026343800639898395,66640.1,1
0.86,0.36,0.026343800639898395,0.19666666666666666,0.30333333333333334,0.026343800639898395,0.21666666666666667,0.2833333333333333,0.026343800639898395,0.6933333333333334,0.19333333333333336,0.026343800639898395,0.24333333333333335,0.25666666666666665,0.026343800639898395,66657.4,0
0.6666666666666666,0.16666666666666663,0.026343800639898395,0.04666666666666667,0.4533333333333333,0.026343800639898395,0.023333333333333334,0.4766666666666667,0.026343800639898395,0.4866666666666667,0.013333333333333308,0.026343800639898395,0.023333333333333334,0.4766666666666667,0.026343800639898395,67799.4,0
0.6,0.09999999999999998,0.026343800639898395,0.08666666666666667,0.41333333333333333,0.026343800639898395,0.006666666666666667,0.49333333333333335,0.026343800639898395,0.44333333333333336,0.05666666666666664,0.026343800639898395,0.01,0.49,0.026343800639898395,68219.7,0
0.6133333333333333,0.11333333333333329,0.026343800639898395,0.10333333333333333,0.39666666666666667,0.026343800639898395,0.013333333333333334,0.4866666666666667,0.026343800639898395,0.44333333333333336,0.05666666666666664,0.026343800639898395,0.013333333333333334,0.4866666666666667,0.026343800639898395,68107.5,0
0.5466666666666666,0.046666666666666634,0.026343800639898395,0.06,0.44,0.026343800639898395,0.006666666666666667,0.49333333333333335,0.026343800639898395,0.4033333333333333,0.09666666666666668,0.026343800639898395,0.01,0.49,0.026343800639898395,68665.1,0
0.49666666666666665,0.003333333333333355,0.026343800639898395,0.05,0.45,0.026343800639898395,0.016666666666666666,0.48333333333333334,0.026343800639898395,0.4066666666666667,0.09333333333333332,0.026343800639898395,0.016666666666666666,0.48333333333333334,0.026343800639898395,68688.5,0
0.49,0.010000000000000009,0.026343800639898395,0.03333333333333333,0.4666666666666667,0.026343800639898395,0.013333333333333334,0.4866666666666667,0.026343800639898395,0.4066666666666667,0.09333333333333332,0.026343800639898395,0.02666666666666667,0.47333333333333333,0.026343800639898395,68903.1,0
0.51,0.010000000000000009,0.026343800639898395,0.07,0.43,0.026343800639898395,0.03333333333333333,0.4666666666666667,0.026343800639898395,0.43333333333333335,0.06666666666666665,0.026343800639898395,0.02666666666666667,0.47333333333333333,0.026343800639898395,68162.5,0
0.48,0.020000000000000018,0.026343800639898395,0.08,0.42,0.026343800639898395,0.06,0.44,0.026343800639898395,0.4266666666666667,0.0733333333333333,0.026343800639898395,0.04,0.46,0.026343800639898395,68098.5,0
0.71,0.20999999999999996,0.026343800639898395,0.8633333333333333,0.3633333333333333,0.026343800639898395,0.9433333333333334,0.44333333333333336,0.026343800639898395,0.66,0.16000000000000003,0.026343800639898395,0.8966666666666666,0.3966666666666666,0.026343800639898395,66579.3,1
0.7466666666666667,0.2466666666666667,0.026343800639898395,0.8,0.30000000000000004,0.026343800639898395,0.8966666666666666,0.3966666666666666,0.026343800639898395,0.6466666666666666,0.1466666666666666,0.026343800639898395,0.9033333333333333,0.4033333333333333,0.026343800639898395,66916.9,1
0.8266666666666667,0.32666666666666666,0.026343800639898395,0.87,0.37,0.026343800639898395,0.94,0.43999999999999995,0.026343800639898395,0.69,0.18999999999999995,0.026343800639898395,0.9433333333333334,0.44333333333333336,0.026343800639898395,66223.4,1
0.7666666666666667,0.2666666666666667,0.026343800639898395,0.8666666666666667,0.3666666666666667,0.026343800639898395,0.9,0.4,0.026343800639898395,0.6933333333333334,0.19333333333333336,0.026343800639898395,0.8966666666666666,0.3966666666666666,0.026343800639898395,66828.0,1
0.71,0.20999999999999996,0.026343800639898395,0.3233333333333333,0.1766666666666667,0.026343800639898395,0.31,0.19,0.026343800639898395,0.6866666666666666,0.18666666666666665,0.026343800639898395,0.36666666666666664,0.13333333333333336,0.026343800639898395,66969.0,0
0.7366666666666667,0.2366666666666667,0.026343800639898395,0.89,0.39,0.026343800639898395,0.8833333333333333,0.3833333333333333,0.026343800639898395,0.6866666666666666,0.18666666666666665,0.026343800639898395,0.91,0.41000000000000003,0.026343800639898395,66880.8,1
0.85,0.35,0.026343800639898395,0.9466666666666667,0.44666666666666666,0.026343800639898395,0.9766666666666667,0.4766666666666667,0.026343800639898395,0.6966666666666667,0.19666666666666666,0.026343800639898395,0.9766666666666667,0.4766666666666667,0.026343800639898395,66574.1,1
0.74,0.24,0.026343800639898395,0.9433333333333334,0.44333333333333336,0.026343800639898395,0.96,0.45999999999999996,0.026343800639898395,0.6566666666666666,0.15666666666666662,0.026343800639898395,0.95,0.44999999999999996,0.026343800639898395,67029.7,1
0.7466666666666667,0.2466666666666667,0.026343800639898395,0.95,0.44999999999999996,0.026343800639898395,0.97,0.47,0.026343800639898395,0.6366666666666667,0.13666666666666671,0.026343800639898395,0.99,0.49,0.026343800639898395,66999.6,1
0.7833333333333333,0.2833333333333333,0.026343800639898395,0.9666666666666667,0.4666666666666667,0.026343800639898395,0.9966666666666667,0.4966666666666667,0.026343800639898395,0.6533333333333333,0.15333333333333332,0.026343800639898395,0.9966666666666667,0.4966666666666667,0.026343800639898395,66819.2,1
0.7666666666666667,0.2666666666666667,0.026343800639898395,0.93,0.43000000000000005,0.026343800639898395,0.9866666666666667,0.4866666666666667,0.026343800639898395,0.6,0.09999999999999998,0.026343800639898395,0.9933333333333333,0.4933333333333333,0.026343800639898395,66878.6,1
0.7433333333333333,0.2433333333333333,0.026343800639898395,0.9333333333333333,0.43333333333333335,0.026343800639898395,1.0,0.5,0.026343800639898395,0.6033333333333334,0.10333333333333339,0.026343800639898395,0.98,0.48,0.026343800639898395,66933.0,1
0.76,0.26,0.026343800639898395,0.94,0.43999999999999995,0.026343800639898395,1.0,0.5,0.026343800639898395,0.66,0.16000000000000003,0.026343800639898395,0.9966666666666667,0.4966666666666667,0.026343800639898395,66843.1,1
0.77,0.27,0.026343800639898395,0.95,0.44999999999999996,0.026343800639898395,0.9966666666666667,0.4966666666666667,0.026343800639898395,0.6266666666666667,0.1266666666666667,0.026343800639898395,0.9933333333333333,0.4933333333333333,0.026343800639898395,67022.9,1
0.77,0.27,0.026343800639898395,0.96,0.45999999999999996,0.026343800639898395,0.99,0.49,0.026343800639898395,0.6133333333333333,0.11333333333333329,0.026343800639898395,1.0,0.5,0.026343800639898395,67121.9,1
0.7733333333333333,0.2733333333333333,0.026343800639898395,0.95,0.44999999999999996,0.026343800639898395,0.9666666666666667,0.4666666666666667,0.026343800639898395,0.5733333333333334,0.07333333333333336,0.026343800639898395,0.9433333333333334,0.44333333333333336,0.026343800639898395,67361.9,1
0.75,0.25,0.026343800639898395,0.9333333333333333,0.43333333333333335,0.026343800639898395,0.9766666666666667,0.4766666666666667,0.026343800639898395,0.58,0.07999999999999996,0.026343800639898395,0.9833333333333333,0.4833333333333333,0.026343800639898395,67283.0,1
0.7266666666666667,0.22666666666666668,0.026343800639898395,0.9466666666666667,0.44666666666666666,0.026343800639898395,0.98,0.48,0.026343800639898395,0.58,0.07999999999999996,0.026343800639898395,0.99,0.49,0.026343800639898395,67283.8,1
0.86,0.36,0.026343800639898395,0.9866666666666667,0.4866666666666667,0.026343800639898395,0.98,0.48,0.026343800639898395,0.54,0.040000000000000036,0.026343800639898395,0.9833333333333333,0.4833333333333333,0.026343800639898395,67113.0,1
0.8966666666666666,0.3966666666666666,0.026343800639898395,0.98,0.48,0.026343800639898395,0.9966666666666667,0.4966666666666667,0.026343800639898395,0.5733333333333334,0.07333333333333336,0.026343800639898395,0.99,0.49,0.026343800639898395,66797.9,1
0.88,0.38,0.026343800639898395,0.99,0.49,0.026343800639898395,0.99,0.49,0.026343800639898395,0.5433333333333333,0.043333333333333335,0.026343800639898395,0.9833333333333333,0.4833333333333333,0.026343800639898395,66960.9,1
0.87,0.37,0.026343800639898395,0.98,0.48,0.026343800639898395,0.99,0.49,0.026343800639898395,0.5666666666666667,0.06666666666666665,0.026343800639898395,0.9866666666666667,0.4866666666666667,0.026343800639898395,67273.7,1
0.8666666666666667,0.3666666666666667,0.026343800639898395,0.9566666666666667,0.45666666666666667,0.026343800639898395,0.9633333333333334,0.4633333333333334,0.026343800639898395,0.5666666666666667,0.06666666666666665,0.026343800639898395,0.9633333333333334,0.4633333333333334,0.026343800639898395,67330.7,1
0.7766666666666666,0.2766666666666666,0.026343800639898395,0.9433333333333334,0.44333333333333336,0.026343800639898395,0.9366666666666666,0.43666666666666665,0.026343800639898395,0.37666666666666665,0.12333333333333335,0.026343800639898395,0.92,0.42000000000000004,0.026343800639898395,68983.7,1
0.7566666666666667,0.2566666666666667,0.026343800639898395,0.9866666666666667,0.4866666666666667,0.026343800639898395,0.9866666666666667,0.4866666666666667,0.026343800639898395,0.38666666666666666,0.11333333333333334,0.026343800639898395,0.99,0.49,0.026343800639898395,69087.9,1
0.73,0.22999999999999998,0.026343800639898395,0.98,0.48,0.026343800639898395,0.9866666666666667,0.4866666666666667,0.026343800639898395,0.38666666666666666,0.11333333333333334,0.026343800639898395,0.97,0.47,0.026343800639898395,69075.2,1
0.7566666666666667,0.2566666666666667,0.026343800639898395,0.97,0.47,0.026343800639898395,0.9833333333333333,0.4833333333333333,0.026343800639898395,0.3566666666666667,0.1433333333333333,0.026343800639898395,0.9866666666666667,0.4866666666666667,0.026343800639898395,69593.4,1
0.71,0.20999999999999996,0.026343800639898395,0.93,0.43000000000000005,0.026343800639898395,0.9766666666666667,0.4766666666666667,0.026343800639898395,0.35,0.15000000000000002,0.026343800639898395,0.99,0.49,0.026343800639898395,69971.0,1
0.7366666666666667,0.2366666666666667,0.026343800639898395,0.9733333333333334,0.4733333333333334,0.026343800639898395,0.9766666666666667,0.4766666666666667,0.026343800639898395,0.36666666666666664,0.13333333333333336,0.026343800639898395,0.9766666666666667,0.4766666666666667,0.026343800639898395,69730.0,1
0.7533333333333333,0.2533333333333333,0.026343800639898395,0.9766666666666667,0.4766666666666667,0.026343800639898395,0.9833333333333333,0.4833333333333333,0.026343800639898395,0.42333333333333334,0.07666666666666666,0.026343800639898395,0.94,0.43999999999999995,0.026343800639898395,68861.4,1
0.7166666666666667,0.21666666666666667,0.026343800639898395,0.9866666666666667,0.4866666666666667,0.026343800639898395,0.9933333333333333,0.4933333333333333,0.026343800639898395,0.52,0.020000000000000018,0.026343800639898395,0.9733333333333334,0.4733333333333334,0.026343800639898395,68779.5,1
0.7333333333333333,0.23333333333333328,0.026343800639898395,0.9866666666666667,0.4866666666666667,0.026343800639898395,0.9933333333333333,0.4933333333333333,0.026343800639898395,0.5433333333333333,0.043333333333333335,0.026343800639898395,0.98,0.48,0.026343800639898395,68623.0,1
0.7166666666666667,0.21666666666666667,0.026343800639898395,0.99,0.49,0.026343800639898395,0.99,0.49,0.026343800639898395,0.56,0.06000000000000005,0.026343800639898395,0.99,0.49,0.026343800639898395,68347.9,1
0.72,0.21999999999999997,0.026343800639898395,0.9633333333333334,0.4633333333333334,0.026343800639898395,0.9933333333333333,0.4933333333333333,0.026343800639898395,0.5966666666666667,0.09666666666666668,0.026343800639898395,0.9766666666666667,0.4766666666666667,0.026343800639898395,68155.6,1
0.72,0.21999999999999997,0.026343800639898395,0.9866666666666667,0.4866666666666667,0.026343800639898395,0.99,0.49,0.026343800639898395,0.5566666666666666,0.05666666666666664,0.026343800639898395,0.9933333333333333,0.4933333333333333,0.026343800639898395,69015.8,1
0.49,0.010000000000000009,0.026343800639898395,0.89,0.39,0.026343800639898395,0.87,0.37,0.026343800639898395,0.49,0.010000000000000009,0.026343800639898395,0.8633333333333333,0.3633333333333333,0.026343800639898395,71925.0,1
0.5433333333333333,0.043333333333333335,0.026343800639898395,0.9666666666666667,0.4666666666666667,0.026343800639898395,0.9466666666666667,0.44666666666666666,0.026343800639898395,0.55,0.050000000000000044,0.026343800639898395,0.9633333333333334,0.4633333333333334,0.026343800639898395,71288.7,1
0.5033333333333333,0.0033333333333332993,0.026343800639898395,0.9433333333333334,0.44333333333333336,0.026343800639898395,0.9266666666666666,0.42666666666666664,0.026343800639898395,0.53,0.030000000000000027,0.026343800639898395,0.96,0.45999999999999996,0.026343800639898395,71620.0,1
0.5233333333333333,0.023333333333333317,0.026343800639898395,0.9333333333333333,0.43333333333333335,0.026343800639898395,0.9266666666666666,0.42666666666666664,0.026343800639898395,0.5366666666666666,0.036666666666666625,0.026343800639898395,0.9166666666666666,0.41666666666666663,0.026343800639898395,71670.8,1
0.6366666666666667,0.13666666666666671,0.026343800639898395,0.96,0.45999999999999996,0.026343800639898395,0.9533333333333334,0.45333333333333337,0.026343800639898395,0.5466666666666666,0.046666666666666634,0.026343800639898395,0.9233333333333333,0.42333333333333334,0.026343800639898395,71294.5,1
0.6433333333333333,0.1433333333333333,0.026343800639898395,0.8533333333333334,0.3533333333333334,0.026343800639898395,0.9266666666666666,0.42666666666666664,0.026343800639898395,0.5466666666666666,0.046666666666666634,0.026343800639898395,0.9433333333333334,0.44333333333333336,0.026343800639898395,71327.1,1
0.6733333333333333,0.17333333333333334,0.026343800639898395,0.92,0.42000000000000004,0.026343800639898395,0.9366666666666666,0.43666666666666665,0.026343800639898395,0.5566666666666666,0.05666666666666664,0.026343800639898395,0.96,0.45999999999999996,0.026343800639898395,71109.0,1
0.6466666666666666,0.1466666666666666,0.026343800639898395,0.7966666666666666,0.29666666666666663,0.026343800639898395,0.9533333333333334,0.45333333333333337,0.026343800639898395,0.5566666666666666,0.05666666666666664,0.026343800639898395,0.9366666666666666,0.43666666666666665,0.026343800639898395,70994.3,1
0.62,0.12,0.026343800639898395,0.92,0.42000000000000004,0.026343800639898395,0.9733333333333334,0.4733333333333334,0.026343800639898395,0.56,0.06000000000000005,0.026343800639898395,0.8966666666666666,0.3966666666666666,0.026343800639898395,70988.4,1
0.5933333333333334,0.09333333333333338,0.026343800639898395,0.8966666666666666,0.3966666666666666,0.026343800639898395,0.9066666666666666,0.4066666666666666,0.026343800639898395,0.5366666666666666,0.036666666666666625,0.026343800639898395,0.8433333333333334,0.3433333333333334,0.026343800639898395,71154.3,1
0.4766666666666667,0.023333333333333317,0.026343800639898395,0.14333333333333334,0.3566666666666667,0.026343800639898395,0.07333333333333333,0.42666666666666664,0.026343800639898395,0.48,0.020000000000000018,0.026343800639898395,0.17,0.32999999999999996,0.026343800639898395,72122.3,0
0.51,0.010000000000000009,0.026343800639898395,0.12666666666666668,0.3733333333333333,0.026343800639898395,0.05,0.45,0.026343800639898395,0.4766666666666667,0.023333333333333317,0.026343800639898395,0.08,0.42,0.026343800639898395,72126.8,0
0.5566666666666666,0.05666666666666664,0.026343800639898395,0.25,0.25,0.026343800639898395,0.19,0.31,0.026343800639898395,0.47,0.030000000000000027,0.026343800639898395,0.15333333333333332,0.3466666666666667,0.026343800639898395,71803.5,0
0.5333333333333333,0.033333333333333326,0.026343800639898395,0.08333333333333333,0.4166666666666667,0.026343800639898395,0.06666666666666667,0.43333333333333335,0.026343800639898395,0.4533333333333333,0.04666666666666669,0.026343800639898395,0.10333333333333333,0.39666666666666667,0.026343800639898395,71868.4,0
0.5533333333333333,0.053333333333333344,0.026343800639898395,0.06,0.44,0.026343800639898395,0.23666666666666666,0.2633333333333333,0.026343800639898395,0.49,0.010000000000000009,0.026343800639898395,0.19666666666666666,0.30333333333333334,0.026343800639898395,71483.9,0
0.5266666666666666,0.026666666666666616,0.026343800639898395,0.07,0.43,0.026343800639898395,0.02666666666666667,0.47333333333333333,0.026343800639898395,0.44333333333333336,0.05666666666666664,0.026343800639898395,0.043333333333333335,0.45666666666666667,0.026343800639898395,72135.9,0
0.5033333333333333,0.0033333333333332993,0.026343800639898395,0.03,0.47,0.026343800639898395,0.02,0.48,0.026343800639898395,0.42333333333333334,0.07666666666666666,0.026343800639898395,0.023333333333333334,0.4766666666666667,0.026343800639898395,72441.3,0
0.4033333333333333,0.09666666666666668,0.026343800639898395,0.10333333333333333,0.39666666666666667,0.026343800639898395,0.05,0.45,0.026343800639898395,0.35333333333333333,0.14666666666666667,0.026343800639898395,0.05333333333333334,0.44666666666666666,0.026343800639898395,73268.1,0
0.46,0.03999999999999998,0.026343800639898395,0.12333333333333334,0.37666666666666665,0.026343800639898395,0.05,0.45,0.026343800639898395,0.3566666666666667,0.1433333333333333,0.026343800639898395,0.043333333333333335,0.45666666666666667,0.026343800639898395,72973.8,0
0.49333333333333335,0.006666666666666654,0.026343800639898395,0.29,0.21000000000000002,0.026343800639898395,0.18333333333333332,0.31666666666666665,0.026343800639898395,0.36,0.14,0.026343800639898395,0.30333333333333334,0.19666666666666666,0.026343800639898395,72896.1,0
0.52,0.020000000000000018,0.026343800639898395,0.9166666666666666,0.41666666666666663,0.026343800639898395,0.8966666666666666,0.3966666666666666,0.026343800639898395,0.38666666666666666,0.11333333333333334,0.026343800639898395,0.86,0.36,0.026343800639898395,72761.5,1
0.5033333333333333,0.0033333333333332993,0.026343800639898395,0.8633333333333333,0.3633333333333333,0.026343800639898395,0.8766666666666667,0.3766666666666667,0.026343800639898395,0.38333333333333336,0.11666666666666664,0.026343800639898395,0.8966666666666666,0.3966666666666666,0.026343800639898395,72932.9,1
0.5166666666666667,0.01666666666666672,0.026343800639898395,0.9033333333333333,0.4033333333333333,0.026343800639898395,0.9866666666666667,0.4866666666666667,0.026343800639898395,0.37666666666666665,0.12333333333333335,0.026343800639898395,0.9466666666666667,0.44666666666666666,0.026343800639898395,72901.2,1
0.43333333333333335,0.06666666666666665,0.026343800639898395,0.84,0.33999999999999997,0.026343800639898395,0.69,0.18999999999999995,0.026343800639898395,0.36666666666666664,0.13333333333333336,0.026343800639898395,0.8333333333333334,0.33333333333333337,0.026343800639898395,73695.4,1
0.5166666666666667,0.01666666666666672,0.026343800639898395,0.86,0.36,0.026343800639898395,0.9433333333333334,0.44333333333333336,0.026343800639898395,0.37,0.13,0.026343800639898395,0.9566666666666667,0.45666666666666667,0.026343800639898395,73060.6,1
0.6333333333333333,0.1333333333333333,0.026343800639898395,0.9266666666666666,0.42666666666666664,0.026343800639898395,0.97,0.47,0.026343800639898395,0.41,0.09000000000000002,0.026343800639898395,0.9566666666666667,0.45666666666666667,0.026343800639898395,71627.2,1
0.6333333333333333,0.1333333333333333,0.026343800639898395,0.93,0.43000000000000005,0.026343800639898395,0.9633333333333334,0.4633333333333334,0.026343800639898395,0.4033333333333333,0.09666666666666668,0.026343800639898395,0.9566666666666667,0.45666666666666667,0.026343800639898395,71730.0,1
0.64,0.14,0.026343800639898395,0.93,0.43000000000000005,0.026343800639898395,0.9533333333333334,0.45333333333333337,0.026343800639898395,0.42333333333333334,0.07666666666666666,0.026343800639898395,0.9766666666666667,0.4766666666666667,0.026343800639898395,71499.1,1
0.6033333333333334,0.10333333333333339,0.026343800639898395,0.9566666666666667,0.45666666666666667,0.026343800639898395,0.97,0.47,0.026343800639898395,0.4633333333333333,0.03666666666666668,0.026343800639898395,0.96,0.45999999999999996,0.026343800639898395,70911.0,1
0.62,0.12,0.026343800639898395,0.94,0.43999999999999995,0.026343800639898395,0.99,0.49,0.026343800639898395,0.4666666666666667,0.033333333333333326,0.026343800639898395,0.99,0.49,0.026343800639898395,71119.9,1
0.61,0.10999999999999999,0.026343800639898395,0.9066666666666666,0.4066666666666666,0.026343800639898395,0.9766666666666667,0.4766666666666667,0.026343800639898395,0.47333333333333333,0.026666666666666672,0.026343800639898395,0.9933333333333333,0.4933333333333333,0.026343800639898395,70754.1,1
0.6033333333333334,0.10333333333333339,0.026343800639898395,0.9533333333333334,0.45333333333333337,0.026343800639898395,0.9933333333333333,0.4933333333333333,0.026343800639898395,0.47333333333333333,0.026666666666666672,0.026343800639898395,1.0,0.5,0.026343800639898395,71001.4,1
0.5966666666666667,0.09666666666666668,0.026343800639898395,0.9633333333333334,0.4633333333333334,0.026343800639898395,0.99,0.49,0.026343800639898395,0.46,0.03999999999999998,0.026343800639898395,0.9833333333333333,0.4833333333333333,0.026343800639898395,70832.3,1
0.6066666666666667,0.10666666666666669,0.026343800639898395,0.9566666666666667,0.45666666666666667,0.026343800639898395,0.9833333333333333,0.4833333333333333,0.026343800639898395,0.4766666666666667,0.023333333333333317,0.026343800639898395,0.99,0.49,0.026343800639898395,70948.1,1
0.6366666666666667,0.13666666666666671,0.026343800639898395,0.8966666666666666,0.3966666666666666,0.026343800639898395,0.9866666666666667,0.4866666666666667,0.026343800639898395,0.39666666666666667,0.10333333333333333,0.026343800639898395,0.9766666666666667,0.4766666666666667,0.026343800639898395,71897.0,1
0.5833333333333334,0.08333333333333337,0.026343800639898395,0.9133333333333333,0.41333333333333333,0.026343800639898395,0.9566666666666667,0.45666666666666667,0.026343800639898395,0.36,0.14,0.026343800639898395,0.9566666666666667,0.45666666666666667,0.026343800639898395,73351.8,1
0.45666666666666667,0.043333333333333335,0.026343800639898395,0.8833333333333333,0.3833333333333333,0.026343800639898395,0.8533333333333334,0.3533333333333334,0.026343800639898395,0.36333333333333334,0.13666666666666666,0.026343800639898395,0.8666666666666667,0.3666666666666667,0.026343800639898395,74441.7,1
0.45,0.04999999999999999,0.026343800639898395,0.94,0.43999999999999995,0.026343800639898395,0.97,0.47,0.026343800639898395,0.34,0.15999999999999998,0.026343800639898395,0.9566666666666667,0.45666666666666667,0.026343800639898395,74463.8,1
0.4533333333333333,0.04666666666666669,0.026343800639898395,0.9133333333333333,0.41333333333333333,0.026343800639898395,0.9533333333333334,0.45333333333333337,0.026343800639898395,0.33666666666666667,0.16333333333333333,0.026343800639898395,0.9166666666666666,0.41666666666666663,0.026343800639898395,74563.0,1
0.5133333333333333,0.013333333333333308,0.026343800639898395,0.9166666666666666,0.41666666666666663,0.026343800639898395,0.93,0.43000000000000005,0.026343800639898395,0.34,0.15999999999999998,0.026343800639898395,0.9533333333333334,0.45333333333333337,0.026343800639898395,74405.3,1
0.4266666666666667,0.0733333333333333,0.026343800639898395,0.27666666666666667,0.22333333333333333,0.026343800639898395,0.25333333333333335,0.24666666666666665,0.026343800639898395,0.31,0.19,0.026343800639898395,0.26,0.24,0.026343800639898395,75357.7,0
0.5533333333333333,0.053333333333333344,0.026343800639898395,0.9566666666666667,0.45666666666666667,0.026343800639898395,0.9433333333333334,0.44333333333333336,0.026343800639898395,0.3333333333333333,0.16666666666666669,0.026343800639898395,0.9333333333333333,0.43333333333333335,0.026343800639898395,74265.1,1
0.57,0.06999999999999995,0.026343800639898395,0.94,0.43999999999999995,0.026343800639898395,0.9666666666666667,0.4666666666666667,0.026343800639898395,0.33666666666666667,0.16333333333333333,0.026343800639898395,0.9633333333333334,0.4633333333333334,0.026343800639898395,74171.4,1
0.57,0.06999999999999995,0.026343800639898395,0.95,0.44999999999999996,0.026343800639898395,0.9633333333333334,0.4633333333333334,0.026343800639898395,0.36,0.14,0.026343800639898395,0.9733333333333334,0.4733333333333334,0.026343800639898395,74360.5,1
0.62,0.12,0.026343800639898395,0.96,0.45999999999999996,0.026343800639898395,0.99,0.49,0.026343800639898395,0.37,0.13,0.026343800639898395,0.98,0.48,0.026343800639898395,73769.8,1
0.5933333333333334,0.09333333333333338,0.026343800639898395,0.9366666666666666,0.43666666666666665,0.026343800639898395,0.98,0.48,0.026343800639898395,0.3566666666666667,0.1433333333333333,0.026343800639898395,0.99,0.49,0.026343800639898395,74220.0,1
0.6233333333333333,0.1233333333333333,0.026343800639898395,0.97,0.47,0.026343800639898395,0.9933333333333333,0.4933333333333333,0.026343800639898395,0.36333333333333334,0.13666666666666666,0.026343800639898395,0.9833333333333333,0.4833333333333333,0.026343800639898395,73839.9,1
0.55,0.050000000000000044,0.026343800639898395,0.84,0.33999999999999997,0.026343800639898395,0.88,0.38,0.026343800639898395,0.33666666666666667,0.16333333333333333,0.026343800639898395,0.91,0.41000000000000003,0.026343800639898395,75004.9,1
0.58,0.07999999999999996,0.026343800639898395,0.94,0.43999999999999995,0.026343800639898395,0.9666666666666667,0.4666666666666667,0.026343800639898395,0.3466666666666667,0.15333333333333332,0.026343800639898395,0.9633333333333334,0.4633333333333334,0.026343800639898395,74810.1,1
0.58,0.07999999999999996,0.026343800639898395,0.9333333333333333,0.43333333333333335,0.026343800639898395,0.94,0.43999999999999995,0.026343800639898395,0.33,0.16999999999999998,0.026343800639898395,0.9666666666666667,0.4666666666666667,0.026343800639898395,74898.5,1
0.59,0.08999999999999997,0.026343800639898395,0.93,0.43000000000000005,0.026343800639898395,0.9866666666666667,0.4866666666666667,0.026343800639898395,0.3333333333333333,0.16666666666666669,0.026343800639898395,0.9866666666666667,0.4866666666666667,0.026343800639898395,74706.7,1
0.6,0.09999999999999998,0.026343800639898395,0.9066666666666666,0.4066666666666666,0.026343800639898395,0.9866666666666667,0.4866666666666667,0.026343800639898395,0.34,0.15999999999999998,0.026343800639898395,0.9766666666666667,0.4766666666666667,0.026343800639898395,74583.9,1
0.5833333333333334,0.08333333333333337,0.026343800639898395,0.93,0.43000000000000005,0.026343800639898395,0.98,0.48,0.026343800639898395,0.3333333333333333,0.16666666666666669,0.026343800639898395,0.9333333333333333,0.43333333333333335,0.026343800639898395,74730.9,1
0.54,0.040000000000000036,0.026343800639898395,0.28,0.21999999999999997,0.026343800639898395,0.32,0.18,0.026343800639898395,0.30333333333333334,0.19666666666666666,0.026343800639898395,0.31333333333333335,0.18666666666666665,0.026343800639898395,75374.5,0
0.5533333333333333,0.053333333333333344,0.026343800639898395,0.82,0.31999999999999995,0.026343800639898395,0.8733333333333333,0.3733333333333333,0.026343800639898395,0.31333333333333335,0.18666666666666665,0.026343800639898395,0.8633333333333333,0.3633333333333333,0.026343800639898395,75162.9,1
0.5866666666666667,0.08666666666666667,0.026343800639898395,0.7433333333333333,0.2433333333333333,0.026343800639898395,0.7266666666666667,0.22666666666666668,0.026343800639898395,0.3333333333333333,0.16666666666666669,0.026343800639898395,0.7666666666666667,0.2666666666666667,0.026343800639898395,74630.1,1
0.5566666666666666,0.05666666666666664,0.026343800639898395,0.16666666666666666,0.33333333333333337,0.026343800639898395,0.23333333333333334,0.26666666666666666,0.026343800639898395,0.3333333333333333,0.16666666666666669,0.026343800639898395,0.27,0.22999999999999998,0.026343800639898395,75064.0,0
0.54,0.040000000000000036,0.026343800639898395,0.12333333333333334,0.37666666666666665,0.026343800639898395,0.09,0.41000000000000003,0.026343800639898395,0.3433333333333333,0.15666666666666668,0.026343800639898395,0.14333333333333334,0.3566666666666667,0.026343800639898395,75610.9,0
0.38,0.12,0.026343800639898395,0.03,0.47,0.026343800639898395,0.02666666666666667,0.47333333333333333,0.026343800639898395,0.33,0.16999999999999998,0.026343800639898395,0.20666666666666667,0.29333333333333333,0.026343800639898395,77834.2,0
0.3933333333333333,0.10666666666666669,0.026343800639898395,0.013333333333333334,0.4866666666666667,0.026343800639898395,0.006666666666666667,0.49333333333333335,0.026343800639898395,0.32,0.18,0.026343800639898395,0.18333333333333332,0.31666666666666665,0.026343800639898395,77450.1,0
0.42333333333333334,0.07666666666666666,0.026343800639898395,0.08333333333333333,0.4166666666666667,0.026343800639898395,0.01,0.49,0.026343800639898395,0.3433333333333333,0.15666666666666668,0.026343800639898395,0.24333333333333335,0.25666666666666665,0.026343800639898395,77117.4,0
0.45,0.04999999999999999,0.026343800639898395,0.03333333333333333,0.4666666666666667,0.026343800639898395,0.03,0.47,0.026343800639898395,0.3333333333333333,0.16666666666666669,0.026343800639898395,0.45,0.04999999999999999,0.026343800639898395,77010.4,0
0.44,0.06,0.026343800639898395,0.04666666666666667,0.4533333333333333,0.026343800639898395,0.04,0.46,0.026343800639898395,0.33,0.16999999999999998,0.026343800639898395,0.47,0.030000000000000027,0.026343800639898395,76999.7,0
0.5266666666666666,0.026666666666666616,0.026343800639898395,0.20666666666666667,0.29333333333333333,0.026343800639898395,0.16333333333333333,0.33666666666666667,0.026343800639898395,0.34,0.15999999999999998,0.026343800639898395,0.5266666666666666,0.026666666666666616,0.026343800639898395,76068.5,0
0.5233333333333333,0.023333333333333317,0.026343800639898395,0.11333333333333333,0.38666666666666666,0.026343800639898395,0.17666666666666667,0.32333333333333336,0.026343800639898395,0.3433333333333333,0.15666666666666668,0.026343800639898395,0.5166666666666667,0.01666666666666672,0.026343800639898395,76200.7,0
0.5466666666666666,0.046666666666666634,0.026343800639898395,0.83,0.32999999999999996,0.026343800639898395,0.87,0.37,0.026343800639898395,0.35,0.15000000000000002,0.026343800639898395,0.5366666666666666,0.036666666666666625,0.026343800639898395,75686.8,1
0.55,0.050000000000000044,0.026343800639898395,0.7566666666666667,0.2566666666666667,0.026343800639898395,0.9366666666666666,0.43666666666666665,0.026343800639898395,0.35333333333333333,0.14666666666666667,0.026343800639898395,0.5866666666666667,0.08666666666666667,0.026343800639898395,75728.8,1
0.5666666666666667,0.06666666666666665,0.026343800639898395,0.88,0.38,0.026343800639898395,0.87,0.37,0.026343800639898395,0.34,0.15999999999999998,0.026343800639898395,0.5366666666666666,0.036666666666666625,0.026343800639898395,75554.7,1
0.5633333333333334,0.06333333333333335,0.026343800639898395,0.30666666666666664,0.19333333333333336,0.026343800639898395,0.37666666666666665,0.12333333333333335,0.026343800639898395,0.35,0.15000000000000002,0.026343800639898395,0.5366666666666666,0.036666666666666625,0.026343800639898395,75295.4,0
0.5733333333333334,0.07333333333333336,0.026343800639898395,0.8633333333333333,0.3633333333333333,0.026343800639898395,0.8866666666666667,0.3866666666666667,0.026343800639898395,0.34,0.15999999999999998,0.026343800639898395,0.5666666666666667,0.06666666666666665,0.026343800639898395,75626.5,1
0.57,0.06999999999999995,0.026343800639898395,0.87,0.37,0.026343800639898395,0.9333333333333333,0.43333333333333335,0.026343800639898395,0.32666666666666666,0.17333333333333334,0.026343800639898395,0.5533333333333333,0.053333333333333344,0.026343800639898395,75865.7,1
0.5733333333333334,0.07333333333333336,0.026343800639898395,0.92,0.42000000000000004,0.026343800639898395,0.8933333333333333,0.3933333333333333,0.026343800639898395,0.3566666666666667,0.1433333333333333,0.026343800639898395,0.5533333333333333,0.053333333333333344,0.026343800639898395,75005.2,1
0.6066666666666667,0.10666666666666669,0.026343800639898395,0.9033333333333333,0.4033333333333333,0.026343800639898395,0.88,0.38,0.026343800639898395,0.45666666666666667,0.043333333333333335,0.026343800639898395,0.6033333333333334,0.10333333333333339,0.026343800639898395,73827.6,1
0.6066666666666667,0.10666666666666669,0.026343800639898395,0.9466666666666667,0.44666666666666666,0.026343800639898395,0.9866666666666667,0.4866666666666667,0.026343800639898395,0.39,0.10999999999999999,0.026343800639898395,0.6833333333333333,0.18333333333333335,0.026343800639898395,74669.1,1
0.62,0.12,0.026343800639898395,0.9466666666666667,0.44666666666666666,0.026343800639898395,0.9933333333333333,0.4933333333333333,0.026343800639898395,0.3933333333333333,0.10666666666666669,0.026343800639898395,0.6666666666666666,0.16666666666666663,0.026343800639898395,74833.7,1
0.6466666666666666,0.1466666666666666,0.026343800639898395,0.9566666666666667,0.45666666666666667,0.026343800639898395,0.9966666666666667,0.4966666666666667,0.026343800639898395,0.39666666666666667,0.10333333333333333,0.026343800639898395,0.6733333333333333,0.17333333333333334,0.026343800639898395,75219.0,1
0.64,0.14,0.026343800639898395,0.96,0.45999999999999996,0.026343800639898395,0.99,0.49,0.026343800639898395,0.36333333333333334,0.13666666666666666,0.026343800639898395,0.68,0.18000000000000005,0.026343800639898395,75755.3,1
0.6166666666666667,0.1166666666666667,0.026343800639898395,0.96,0.45999999999999996,0.026343800639898395,0.9866666666666667,0.4866666666666667,0.026343800639898395,0.3566666666666667,0.1433333333333333,0.026343800639898395,0.6833333333333333,0.18333333333333335,0.026343800639898395,76335.4,1
0.6466666666666666,0.1466666666666666,0.026343800639898395,0.9733333333333334,0.4733333333333334,0.026343800639898395,0.9866666666666667,0.4866666666666667,0.026343800639898395,0.37,0.13,0.026343800639898395,0.6533333333333333,0.15333333333333332,0.026343800639898395,75848.3,1
0.65,0.15000000000000002,0.026343800639898395,0.9866666666666667,0.4866666666666667,0.026343800639898395,0.9933333333333333,0.4933333333333333,0.026343800639898395,0.38666666666666666,0.11333333333333334,0.026343800639898395,0.6433333333333333,0.1433333333333333,0.026343800639898395,75745.1,1
0.6366666666666667,0.13666666666666671,0.026343800639898395,0.9733333333333334,0.4733333333333334,0.026343800639898395,0.9933333333333333,0.4933333333333333,0.026343800639898395,0.36666666666666664,0.13333333333333336,0.026343800639898395,0.68,0.18000000000000005,0.026343800639898395,76124.5,1
0.6133333333333333,0.11333333333333329,0.026343800639898395,0.9366666666666666,0.43666666666666665,0.026343800639898395,0.9866666666666667,0.4866666666666667,0.026343800639898395,0.3566666666666667,0.1433333333333333,0.026343800639898395,0.6666666666666666,0.16666666666666663,0.026343800639898395,76486.0,1
0.6333333333333333,0.1333333333333333,0.026343800639898395,0.9866666666666667,0.4866666666666667,0.026343800639898395,0.99,0.49,0.026343800639898395,0.36,0.14,0.026343800639898395,0.6566666666666666,0.15666666666666662,0.026343800639898395,75850.8,1
0.6133333333333333,0.11333333333333329,0.026343800639898395,0.9566666666666667,0.45666666666666667,0.026343800639898395,0.99,0.49,0.026343800639898395,0.38666666666666666,0.11333333333333334,0.026343800639898395,0.64,0.14,0.026343800639898395,75031.2,1
0.6333333333333333,0.1333333333333333,0.026343800639898395,0.9833333333333333,0.4833333333333333,0.026343800639898395,0.9933333333333333,0.4933333333333333,0.026343800639898395,0.3,0.2,0.026343800639898395,0.67,0.17000000000000004,0.026343800639898395,76351.9,1
0.58,0.07999999999999996,0.026343800639898395,0.7133333333333334,0.21333333333333337,0.026343800639898395,0.6333333333333333,0.1333333333333333,0.026343800639898395,0.3,0.2,0.026343800639898395,0.5066666666666667,0.00666666666666671,0.026343800639898395,77561.6,1
0.51,0.010000000000000009,0.026343800639898395,0.15666666666666668,0.3433333333333333,0.026343800639898395,0.10666666666666667,0.3933333333333333,0.026343800639898395,0.32,0.18,0.026343800639898395,0.43,0.07,0.026343800639898395,78010.5,0
0.47333333333333333,0.026666666666666672,0.026343800639898395,0.09,0.41000000000000003,0.026343800639898395,0.04666666666666667,0.4533333333333333,0.026343800639898395,0.30333333333333334,0.19666666666666666,0.026343800639898395,0.46,0.03999999999999998,0.026343800639898395,78304.3,0
0.43,0.07,0.026343800639898395,0.08666666666666667,0.41333333333333333,0.026343800639898395,0.03,0.47,0.026343800639898395,0.25,0.25,0.026343800639898395,0.32,0.18,0.026343800639898395,79334.7,0
0.4666666666666667,0.033333333333333326,0.026343800639898395,0.09333333333333334,0.4066666666666667,0.026343800639898395,0.023333333333333334,0.4766666666666667,0.026343800639898395,0.26666666666666666,0.23333333333333334,0.026343800639898395,0.38,0.12,0.026343800639898395,78869.1,0
0.5733333333333334,0.07333333333333336,0.026343800639898395,0.14666666666666667,0.35333333333333333,0.026343800639898395,0.056666666666666664,0.44333333333333336,0.026343800639898395,0.2866666666666667,0.21333333333333332,0.026343800639898395,0.47333333333333333,0.026666666666666672,0.026343800639898395,78204.0,0
0.5933333333333334,0.09333333333333338,0.026343800639898395,0.13666666666666666,0.36333333333333334,0.026343800639898395,0.05333333333333334,0.44666666666666666,0.026343800639898395,0.31666666666666665,0.18333333333333335,0.026343800639898395,0.6266666666666667,0.1266666666666667,0.026343800639898395,77752.2,0
0.5766666666666667,0.07666666666666666,0.026343800639898395,0.08333333333333333,0.4166666666666667,0.026343800639898395,0.016666666666666666,0.48333333333333334,0.026343800639898395,0.3,0.2,0.026343800639898395,0.5933333333333334,0.09333333333333338,0.026343800639898395,78033.2,0
0.5766666666666667,0.07666666666666666,0.026343800639898395,0.12666666666666668,0.3733333333333333,0.026343800639898395,0.11666666666666667,0.3833333333333333,0.026343800639898395,0.31666666666666665,0.18333333333333335,0.026343800639898395,0.6,0.09999999999999998,0.026343800639898395,77745.2,0
0.5533333333333333,0.053333333333333344,0.026343800639898395,0.07666666666666666,0.42333333333333334,0.026343800639898395,0.04666666666666667,0.4533333333333333,0.026343800639898395,0.2966666666666667,0.2033333333333333,0.026343800639898395,0.5,0.0,0.026343800639898395,78404.3,0
0.5733333333333334,0.07333333333333336,0.026343800639898395,0.7633333333333333,0.2633333333333333,0.026343800639898395,0.7433333333333333,0.2433333333333333,0.026343800639898395,0.31333333333333335,0.18666666666666665,0.026343800639898395,0.6933333333333334,0.19333333333333336,0.026343800639898395,77757.1,1
0.56,0.06000000000000005,0.026343800639898395,0.16333333333333333,0.33666666666666667,0.026343800639898395,0.11333333333333333,0.38666666666666666,0.026343800639898395,0.2966666666666667,0.2033333333333333,0.026343800639898395,0.6366666666666667,0.13666666666666671,0.026343800639898395,78283.6,0
0.5666666666666667,0.06666666666666665,0.026343800639898395,0.93,0.43000000000000005,0.026343800639898395,0.9933333333333333,0.4933333333333333,0.026343800639898395,0.29333333333333333,0.20666666666666667,0.026343800639898395,0.6733333333333333,0.17333333333333334,0.026343800639898395,77759.6,1
0.5833333333333334,0.08333333333333337,0.026343800639898395,0.97,0.47,0.026343800639898395,1.0,0.5,0.026343800639898395,0.30666666666666664,0.19333333333333336,0.026343800639898395,0.67,0.17000000000000004,0.026343800639898395,77647.3,1
0.5633333333333334,0.06333333333333335,0.026343800639898395,0.94,0.43999999999999995,0.026343800639898395,0.9466666666666667,0.44666666666666666,0.026343800639898395,0.29333333333333333,0.20666666666666667,0.026343800639898395,0.6466666666666666,0.1466666666666666,0.026343800639898395,78264.1,1
0.57,0.06999999999999995,0.026343800639898395,0.9533333333333334,0.45333333333333337,0.026343800639898395,0.9866666666666667,0.4866666666666667,0.026343800639898395,0.2866666666666667,0.21333333333333332,0.026343800639898395,0.6566666666666666,0.15666666666666662,0.026343800639898395,78060.0,1
0.58,0.07999999999999996,0.026343800639898395,0.95,0.44999999999999996,0.026343800639898395,0.9666666666666667,0.4666666666666667,0.026343800639898395,0.31,0.19,0.026343800639898395,0.6733333333333333,0.17333333333333334,0.026343800639898395,77631.9,1
0.5933333333333334,0.09333333333333338,0.026343800639898395,0.9233333333333333,0.42333333333333334,0.026343800639898395,0.86,0.36,0.026343800639898395,0.31666666666666665,0.18333333333333335,0.026343800639898395,0.6566666666666666,0.15666666666666662,0.026343800639898395,77455.0,1
0.59,0.08999999999999997,0.026343800639898395,0.08,0.42,0.026343800639898395,0.2,0.3,0.026343800639898395,0.31333333333333335,0.18666666666666665,0.026343800639898395,0.6266666666666667,0.1266666666666667,0.026343800639898395,77680.8,0
0.59,0.08999999999999997,0.026343800639898395,0.08666666666666667,0.41333333333333333,0.026343800639898395,0.05333333333333334,0.44666666666666666,0.026343800639898395,0.30666666666666664,0.19333333333333336,0.026343800639898395,0.6166666666666667,0.1166666666666667,0.026343800639898395,77528.4,0
0.5866666666666667,0.08666666666666667,0.026343800639898395,0.06,0.44,0.026343800639898395,0.02666666666666667,0.47333333333333333,0.026343800639898395,0.36,0.14,0.026343800639898395,0.6066666666666667,0.10666666666666669,0.026343800639898395,77696.8,0
0.5833333333333334,0.08333333333333337,0.026343800639898395,0.07333333333333333,0.42666666666666664,0.026343800639898395,0.023333333333333334,0.4766666666666667,0.026343800639898395,0.36333333333333334,0.13666666666666666,0.026343800639898395,0.58,0.07999999999999996,0.026343800639898395,77365.0,0
0.5833333333333334,0.08333333333333337,0.026343800639898395,0.08333333333333333,0.4166666666666667,0.026343800639898395,0.03,0.47,0.026343800639898395,0.36333333333333334,0.13666666666666666,0.026343800639898395,0.5733333333333334,0.07333333333333336,0.026343800639898395,77342.3,0
0.5933333333333334,0.09333333333333338,0.026343800639898395,0.09,0.41000000000000003,0.026343800639898395,0.016666666666666666,0.48333333333333334,0.026343800639898395,0.37666666666666665,0.12333333333333335,0.026343800639898395,0.5733333333333334,0.07333333333333336,0.026343800639898395,77648.5,0
0.59,0.08999999999999997,0.026343800639898395,0.04666666666666667,0.4533333333333333,0.026343800639898395,0.07666666666666666,0.42333333333333334,0.026343800639898395,0.39,0.10999999999999999,0.026343800639898395,0.5733333333333334,0.07333333333333336,0.026343800639898395,77402.3,0
0.5866666666666667,0.08666666666666667,0.026343800639898395,0.02666666666666667,0.47333333333333333,0.026343800639898395,0.006666666666666667,0.49333333333333335,0.026343800639898395,0.38,0.12,0.026343800639898395,0.5633333333333334,0.06333333333333335,0.026343800639898395,78111.1,0
0.5833333333333334,0.08333333333333337,0.026343800639898395,0.023333333333333334,0.4766666666666667,0.026343800639898395,0.0,0.5,0.026343800639898395,0.38333333333333336,0.11666666666666664,0.026343800639898395,0.5633333333333334,0.06333333333333335,0.026343800639898395,78120.9,0
0.5866666666666667,0.08666666666666667,0.026343800639898395,0.07666666666666666,0.42333333333333334,0.026343800639898395,0.006666666666666667,0.49333333333333335,0.026343800639898395,0.38,0.12,0.026343800639898395,0.52,0.020000000000000018,0.026343800639898395,78068.9,0
0.5866666666666667,0.08666666666666667,0.026343800639898395,0.04666666666666667,0.4533333333333333,0.026343800639898395,0.013333333333333334,0.4866666666666667,0.026343800639898395,0.37,0.13,0.026343800639898395,0.5533333333333333,0.053333333333333344,0.026343800639898395,78263.4,0
0.5666666666666667,0.06666666666666665,0.026343800639898395,0.06,0.44,0.026343800639898395,0.01,0.49,0.026343800639898395,0.36666666666666664,0.13333333333333336,0.026343800639898395,0.5566666666666666,0.05666666666666664,0.026343800639898395,78653.8,0
0.5333333333333333,0.033333333333333326,0.026343800639898395,0.09333333333333334,0.4066666666666667,0.026343800639898395,0.06666666666666667,0.43333333333333335,0.026343800639898395,0.4,0.09999999999999998,0.026343800639898395,0.5333333333333333,0.033333333333333326,0.026343800639898395,79110.0,0
0.57,0.06999999999999995,0.026343800639898395,0.023333333333333334,0.4766666666666667,0.026343800639898395,0.02666666666666667,0.47333333333333333,0.026343800639898395,0.44666666666666666,0.053333333333333344,0.026343800639898395,0.61,0.10999999999999999,0.026343800639898395,77650.0,0
0.5733333333333334,0.07333333333333336,0.026343800639898395,0.03,0.47,0.026343800639898395,0.03666666666666667,0.4633333333333333,0.026343800639898395,0.43666666666666665,0.06333333333333335,0.026343800639898395,0.6,0.09999999999999998,0.026343800639898395,77840.8,0
0.5833333333333334,0.08333333333333337,0.026343800639898395,0.04666666666666667,0.4533333333333333,0.026343800639898395,0.013333333333333334,0.4866666666666667,0.026343800639898395,0.4666666666666667,0.033333333333333326,0.026343800639898395,0.64,0.14,0.026343800639898395,76791.1,0
0.5766666666666667,0.07666666666666666,0.026343800639898395,0.04,0.46,0.026343800639898395,0.023333333333333334,0.4766666666666667,0.026343800639898395,0.48333333333333334,0.016666666666666663,0.026343800639898395,0.6433333333333333,0.1433333333333333,0.026343800639898395,76857.7,0
0.5933333333333334,0.09333333333333338,0.026343800639898395,0.043333333333333335,0.45666666666666667,0.026343800639898395,0.04,0.46,0.026343800639898395,0.44666666666666666,0.053333333333333344,0.026343800639898395,0.67,0.17000000000000004,0.026343800639898395,77374.7,0
0.55,0.050000000000000044,0.026343800639898395,0.2866666666666667,0.21333333333333332,0.026343800639898395,0.08,0.42,0.026343800639898395,0.47333333333333333,0.026666666666666672,0.026343800639898395,0.63,0.13,0.026343800639898395,76826.3,0
0.5566666666666666,0.05666666666666664,0.026343800639898395,0.2833333333333333,0.21666666666666667,0.026343800639898395,0.11666666666666667,0.3833333333333333,0.026343800639898395,0.47333333333333333,0.026666666666666672,0.026343800639898395,0.64,0.14,0.026343800639898395,76868.9,0
0.5933333333333334,0.09333333333333338,0.026343800639898395,0.8766666666666667,0.3766666666666667,0.026343800639898395,0.8933333333333333,0.3933333333333333,0.026343800639898395,0.48333333333333334,0.016666666666666663,0.026343800639898395,0.5733333333333334,0.07333333333333336,0.026343800639898395,76195.9,1
0.5933333333333334,0.09333333333333338,0.026343800639898395,0.8933333333333333,0.3933333333333333,0.026343800639898395,0.96,0.45999999999999996,0.026343800639898395,0.5033333333333333,0.0033333333333332993,0.026343800639898395,0.6066666666666667,0.10666666666666669,0.026343800639898395,76034.7,1
0.59,0.08999999999999997,0.026343800639898395,0.94,0.43999999999999995,0.026343800639898395,0.9933333333333333,0.4933333333333333,0.026343800639898395,0.5066666666666667,0.00666666666666671,0.026343800639898395,0.5933333333333334,0.09333333333333338,0.026343800639898395,76310.5,1
0.5933333333333334,0.09333333333333338,0.026343800639898395,0.9166666666666666,0.41666666666666663,0.026343800639898395,0.9966666666666667,0.4966666666666667,0.026343800639898395,0.5133333333333333,0.013333333333333308,0.026343800639898395,0.6066666666666667,0.10666666666666669,0.026343800639898395,76331.9,1
0.5933333333333334,0.09333333333333338,0.026343800639898395,0.97,0.47,0.026343800639898395,0.9866666666666667,0.4866666666666667,0.026343800639898395,0.4866666666666667,0.013333333333333308,0.026343800639898395,0.5633333333333334,0.06333333333333335,0.026343800639898395,76983.4,1
0.5933333333333334,0.09333333333333338,0.026343800639898395,0.97,0.47,0.026343800639898395,0.9866666666666667,0.4866666666666667,0.026343800639898395,0.4766666666666667,0.023333333333333317,0.026343800639898395,0.58,0.07999999999999996,0.026343800639898395,77038.4,1
0.6,0.09999999999999998,0.026343800639898395,0.9366666666666666,0.43666666666666665,0.026343800639898395,0.9466666666666667,0.44666666666666666,0.026343800639898395,0.4166666666666667,0.08333333333333331,0.026343800639898395,0.58,0.07999999999999996,0.026343800639898395,77598.2,1
0.56,0.06000000000000005,0.026343800639898395,0.9766666666666667,0.4766666666666667,0.026343800639898395,0.99,0.49,0.026343800639898395,0.5066666666666667,0.00666666666666671,0.026343800639898395,0.5433333333333333,0.043333333333333335,0.026343800639898395,75880.5,1
0.5566666666666666,0.05666666666666664,0.026343800639898395,0.96,0.45999999999999996,0.026343800639898395,0.9766666666666667,0.4766666666666667,0.026343800639898395,0.51,0.010000000000000009,0.026343800639898395,0.5433333333333333,0.043333333333333335,0.026343800639898395,75513.5,1
0.5633333333333334,0.06333333333333335,0.026343800639898395,0.9666666666666667,0.4666666666666667,0.026343800639898395,0.98,0.48,0.026343800639898395,0.5133333333333333,0.013333333333333308,0.026343800639898395,0.5266666666666666,0.026666666666666616,0.026343800639898395,75750.3,1
0.5866666666666667,0.08666666666666667,0.026343800639898395,0.9833333333333333,0.4833333333333333,0.026343800639898395,0.99,0.49,0.026343800639898395,0.5333333333333333,0.033333333333333326,0.026343800639898395,0.5433333333333333,0.043333333333333335,0.026343800639898395,75918.8,1
0.5866666666666667,0.08666666666666667,0.026343800639898395,0.9833333333333333,0.4833333333333333,0.026343800639898395,0.99,0.49,0.026343800639898395,0.5866666666666667,0.08666666666666667,0.026343800639898395,0.5566666666666666,0.05666666666666664,0.026343800639898395,76112.7,1
0.5933333333333334,0.09333333333333338,0.026343800639898395,0.9533333333333334,0.45333333333333337,0.026343800639898395,0.9866666666666667,0.4866666666666667,0.026343800639898395,0.5966666666666667,0.09666666666666668,0.026343800639898395,0.5466666666666666,0.046666666666666634,0.026343800639898395,76020.7,1
0.5933333333333334,0.09333333333333338,0.026343800639898395,0.9766666666666667,0.4766666666666667,0.026343800639898395,0.9966666666666667,0.4966666666666667,0.026343800639898395,0.5933333333333334,0.09333333333333338,0.026343800639898395,0.5566666666666666,0.05666666666666664,0.026343800639898395,76441.9,1
0.59,0.08999999999999997,0.026343800639898395,0.9666666666666667,0.4666666666666667,0.026343800639898395,1.0,0.5,0.026343800639898395,0.5933333333333334,0.09333333333333338,0.026343800639898395,0.56,0.06000000000000005,0.026343800639898395,76412.7,1
0.5866666666666667,0.08666666666666667,0.026343800639898395,0.91,0.41000000000000003,0.026343800639898395,0.97,0.47,0.026343800639898395,0.5833333333333334,0.08333333333333337,0.026343800639898395,0.5266666666666666,0.026666666666666616,0.026343800639898395,76313.0,1
0.6233333333333333,0.1233333333333333,0.026343800639898395,0.93,0.43000000000000005,0.026343800639898395,0.9766666666666667,0.4766666666666667,0.026343800639898395,0.5566666666666666,0.05666666666666664,0.026343800639898395,0.5366666666666666,0.036666666666666625,0.026343800639898395,77090.7,1
0.6266666666666667,0.1266666666666667,0.026343800639898395,0.9433333333333334,0.44333333333333336,0.026343800639898395,0.98,0.48,0.026343800639898395,0.5633333333333334,0.06333333333333335,0.026343800639898395,0.5766666666666667,0.07666666666666666,0.026343800639898395,77106.5,1
0.6233333333333333,0.1233333333333333,0.026343800639898395,0.95,0.44999999999999996,0.026343800639898395,0.9933333333333333,0.4933333333333333,0.026343800639898395,0.5266666666666666,0.026666666666666616,0.026343800639898395,0.6033333333333334,0.10333333333333339,0.026343800639898395,77438.5,1
0.5866666666666667,0.08666666666666667,0.026343800639898395,0.98,0.48,0.026343800639898395,0.99,0.49,0.026343800639898395,0.52,0.020000000000000018,0.026343800639898395,0.6133333333333333,0.11333333333333329,0.026343800639898395,78454.4,1
0.5866666666666667,0.08666666666666667,0.026343800639898395,0.9533333333333334,0.45333333333333337,0.026343800639898395,0.99,0.49,0.026343800639898395,0.52,0.020000000000000018,0.026343800639898395,0.6433333333333333,0.1433333333333333,0.026343800639898395,78375.1,1
0.6233333333333333,0.1233333333333333,0.026343800639898395,0.9633333333333334,0.4633333333333334,0.026343800639898395,0.99,0.49,0.026343800639898395,0.5266666666666666,0.026666666666666616,0.026343800639898395,0.6266666666666667,0.1266666666666667,0.026343800639898395,78235.3,1
0.6266666666666667,0.1266666666666667,0.026343800639898395,0.98,0.48,0.026343800639898395,0.9966666666666667,0.4966666666666667,0.026343800639898395,0.51,0.010000000000000009,0.026343800639898395,0.6266666666666667,0.1266666666666667,0.026343800639898395,78421.8,1
0.62,0.12,0.026343800639898395,0.9666666666666667,0.4666666666666667,0.026343800639898395,1.0,0.5,0.026343800639898395,0.5266666666666666,0.026666666666666616,0.026343800639898395,0.6366666666666667,0.13666666666666671,0.026343800639898395,78205.0,1
0.6133333333333333,0.11333333333333329,0.026343800639898395,0.96,0.45999999999999996,0.026343800639898395,0.9966666666666667,0.4966666666666667,0.026343800639898395,0.5333333333333333,0.033333333333333326,0.026343800639898395,0.6566666666666666,0.15666666666666662,0.026343800639898395,78134.9,1
0.6233333333333333,0.1233333333333333,0.026343800639898395,0.96,0.45999999999999996,0.026343800639898395,0.9933333333333333,0.4933333333333333,0.026343800639898395,0.5166666666666667,0.01666666666666672,0.026343800639898395,0.6033333333333334,0.10333333333333339,0.026343800639898395,78473.6,1
0.6166666666666667,0.1166666666666667,0.026343800639898395,0.94,0.43999999999999995,0.026343800639898395,0.9933333333333333,0.4933333333333333,0.026343800639898395,0.5233333333333333,0.023333333333333317,0.026343800639898395,0.6166666666666667,0.1166666666666667,0.026343800639898395,78485.4,1
0.6166666666666667,0.1166666666666667,0.026343800639898395,0.98,0.48,0.026343800639898395,1.0,0.5,0.026343800639898395,0.5166666666666667,0.01666666666666672,0.026343800639898395,0.64,0.14,0.026343800639898395,78660.0,1
0.61,0.10999999999999999,0.026343800639898395,0.99,0.49,0.026343800639898395,0.9933333333333333,0.4933333333333333,0.026343800639898395,0.55,0.050000000000000044,0.026343800639898395,0.71,0.20999999999999996,0.026343800639898395,78180.0,1
0.6,0.09999999999999998,0.026343800639898395,0.9666666666666667,0.4666666666666667,0.026343800639898395,1.0,0.5,0.026343800639898395,0.56,0.06000000000000005,0.026343800639898395,0.7133333333333334,0.21333333333333337,0.026343800639898395,78360.1,1
0.61,0.10999999999999999,0.026343800639898395,0.9833333333333333,0.4833333333333333,0.026343800639898395,1.0,0.5,0.026343800639898395,0.5466666666666666,0.046666666666666634,0.026343800639898395,0.6933333333333334,0.19333333333333336,0.026343800639898395,78649.3,1
0.6033333333333334,0.10333333333333339,0.026343800639898395,0.97,0.47,0.026343800639898395,0.9966666666666667,0.4966666666666667,0.026343800639898395,0.5566666666666666,0.05666666666666664,0.026343800639898395,0.7033333333333334,0.20333333333333337,0.026343800639898395,78652.4,1
0.6033333333333334,0.10333333333333339,0.026343800639898395,0.97,0.47,0.026343800639898395,0.9966666666666667,0.4966666666666667,0.026343800639898395,0.5533333333333333,0.053333333333333344,0.026343800639898395,0.7033333333333334,0.20333333333333337,0.026343800639898395,78743.6,1
0.5933333333333334,0.09333333333333338,0.026343800639898395,0.9766666666666667,0.4766666666666667,0.026343800639898395,0.9933333333333333,0.4933333333333333,0.026343800639898395,0.5533333333333333,0.053333333333333344,0.026343800639898395,0.7266666666666667,0.22666666666666668,0.026343800639898395,78547.4,1
0.49666666666666665,0.003333333333333355,0.026343800639898395,0.9066666666666666,0.4066666666666666,0.026343800639898395,0.8866666666666667,0.3866666666666667,0.026343800639898395,0.39,0.10999999999999999,0.026343800639898395,0.51,0.010000000000000009,0.026343800639898395,80299.4,1
0.5766666666666667,0.07666666666666666,0.026343800639898395,0.9533333333333334,0.45333333333333337,0.026343800639898395,0.9633333333333334,0.4633333333333334,0.026343800639898395,0.44,0.06,0.026343800639898395,0.5866666666666667,0.08666666666666667,0.026343800639898395,79689.7,1
0.5666666666666667,0.06666666666666665,0.026343800639898395,0.96,0.45999999999999996,0.026343800639898395,0.9666666666666667,0.4666666666666667,0.026343800639898395,0.46,0.03999999999999998,0.026343800639898395,0.6633333333333333,0.16333333333333333,0.026343800639898395,78787.7,1
0.5566666666666666,0.05666666666666664,0.026343800639898395,0.9433333333333334,0.44333333333333336,0.026343800639898395,0.9733333333333334,0.4733333333333334,0.026343800639898395,0.42,0.08000000000000002,0.026343800639898395,0.5566666666666666,0.05666666666666664,0.026343800639898395,80024.3,1
0.55,0.050000000000000044,0.026343800639898395,0.89,0.39,0.026343800639898395,0.95,0.44999999999999996,0.026343800639898395,0.42,0.08000000000000002,0.026343800639898395,0.53,0.030000000000000027,0.026343800639898395,80043.4,1
0.5633333333333334,0.06333333333333335,0.026343800639898395,0.9433333333333334,0.44333333333333336,0.026343800639898395,0.9333333333333333,0.43333333333333335,0.026343800639898395,0.43,0.07,0.026343800639898395,0.5866666666666667,0.08666666666666667,0.026343800639898395,79843.7,1
0.4533333333333333,0.04666666666666669,0.026343800639898395,0.016666666666666666,0.48333333333333334,0.026343800639898395,0.023333333333333334,0.4766666666666667,0.026343800639898395,0.36,0.14,0.026343800639898395,0.45666666666666667,0.043333333333333335,0.026343800639898395,80879.3,0
0.5,0.0,0.026343800639898395,0.03333333333333333,0.4666666666666667,0.026343800639898395,0.03333333333333333,0.4666666666666667,0.026343800639898395,0.37666666666666665,0.12333333333333335,0.026343800639898395,0.43333333333333335,0.06666666666666665,0.026343800639898395,80858.9,0
0.49,0.010000000000000009,0.026343800639898395,0.03333333333333333,0.4666666666666667,0.026343800639898395,0.01,0.49,0.026343800639898395,0.37,0.13,0.026343800639898395,0.43,0.07,0.026343800639898395,81021.5,0
0.38,0.12,0.026343800639898395,0.0033333333333333335,0.49666666666666665,0.026343800639898395,0.0,0.5,0.026343800639898395,0.3433333333333333,0.15666666666666668,0.026343800639898395,0.32666666666666666,0.17333333333333334,0.026343800639898395,81535.9,0
0.4066666666666667,0.09333333333333332,0.026343800639898395,0.016666666666666666,0.48333333333333334,0.026343800639898395,0.0,0.5,0.026343800639898395,0.32666666666666666,0.17333333333333334,0.026343800639898395,0.36666666666666664,0.13333333333333336,0.026343800639898395,81601.0,0
0.5133333333333333,0.013333333333333308,0.026343800639898395,0.043333333333333335,0.45666666666666667,0.026343800639898395,0.08,0.42,0.026343800639898395,0.3466666666666667,0.15333333333333332,0.026343800639898395,0.47333333333333333,0.026666666666666672,0.026343800639898395,80900.8,0
0.47,0.030000000000000027,0.026343800639898395,0.04,0.46,0.026343800639898395,0.0033333333333333335,0.49666666666666665,0.026343800639898395,0.31666666666666665,0.18333333333333335,0.026343800639898395,0.39666666666666667,0.10333333333333333,0.026343800639898395,81577.7,0
0.51,0.010000000000000009,0.026343800639898395,0.03,0.47,0.026343800639898395,0.006666666666666667,0.49333333333333335,0.026343800639898395,0.3333333333333333,0.16666666666666669,0.026343800639898395,0.4266666666666667,0.0733333333333333,0.026343800639898395,81344.1,0
0.37333333333333335,0.12666666666666665,0.026343800639898395,0.01,0.49,0.026343800639898395,0.006666666666666667,0.49333333333333335,0.026343800639898395,0.30333333333333334,0.19666666666666666,0.026343800639898395,0.27,0.22999999999999998,0.026343800639898395,82502.1,0
0.5066666666666667,0.00666666666666671,0.026343800639898395,0.03,0.47,0.026343800639898395,0.006666666666666667,0.49333333333333335,0.026343800639898395,0.35,0.15000000000000002,0.026343800639898395,0.46,0.03999999999999998,0.026343800639898395,81700.1,0
0.5233333333333333,0.023333333333333317,0.026343800639898395,0.03333333333333333,0.4666666666666667,0.026343800639898395,0.013333333333333334,0.4866666666666667,0.026343800639898395,0.3433333333333333,0.15666666666666668,0.026343800639898395,0.52,0.020000000000000018,0.026343800639898395,81471.5,0
0.52,0.020000000000000018,0.026343800639898395,0.03333333333333333,0.4666666666666667,0.026343800639898395,0.03333333333333333,0.4666666666666667,0.026343800639898395,0.37333333333333335,0.12666666666666665,0.026343800639898395,0.5,0.0,0.026343800639898395,81438.0,0
0.5533333333333333,0.053333333333333344,0.026343800639898395,0.07666666666666666,0.42333333333333334,0.026343800639898395,0.12333333333333334,0.37666666666666665,0.026343800639898395,0.41,0.09000000000000002,0.026343800639898395,0.57,0.06999999999999995,0.026343800639898395,80825.2,0
0.53,0.030000000000000027,0.026343800639898395,0.07666666666666666,0.42333333333333334,0.026343800639898395,0.05,0.45,0.026343800639898395,0.36,0.14,0.026343800639898395,0.5133333333333333,0.013333333333333308,0.026343800639898395,81510.7,0
0.55,0.050000000000000044,0.026343800639898395,0.16666666666666666,0.33333333333333337,0.026343800639898395,0.19,0.31,0.026343800639898395,0.45,0.04999999999999999,0.026343800639898395,0.5833333333333334,0.08333333333333337,0.026343800639898395,80864.9,0
0.53,0.030000000000000027,0.026343800639898395,0.86,0.36,0.026343800639898395,0.9033333333333333,0.4033333333333333,0.026343800639898395,0.4533333333333333,0.04666666666666669,0.026343800639898395,0.6166666666666667,0.1166666666666667,0.026343800639898395,79860.0,1
0.55,0.050000000000000044,0.026343800639898395,0.86,0.36,0.026343800639898395,0.9433333333333334,0.44333333333333336,0.026343800639898395,0.4666666666666667,0.033333333333333326,0.026343800639898395,0.6066666666666667,0.10666666666666669,0.026343800639898395,80129.4,1
0.5466666666666666,0.046666666666666634,0.026343800639898395,0.8666666666666667,0.3666666666666667,0.026343800639898395,0.96,0.45999999999999996,0.026343800639898395,0.45,0.04999999999999999,0.026343800639898395,0.6033333333333334,0.10333333333333339,0.026343800639898395,80011.5,1
0.54,0.040000000000000036,0.026343800639898395,0.9666666666666667,0.4666666666666667,0.026343800639898395,0.9833333333333333,0.4833333333333333,0.026343800639898395,0.4666666666666667,0.033333333333333326,0.026343800639898395,0.6366666666666667,0.13666666666666671,0.026343800639898395,79565.7,1
0.5466666666666666,0.046666666666666634,0.026343800639898395,0.9733333333333334,0.4733333333333334,0.026343800639898395,0.9966666666666667,0.4966666666666667,0.026343800639898395,0.48333333333333334,0.016666666666666663,0.026343800639898395,0.63,0.13,0.026343800639898395,79666.8,1
0.5766666666666667,0.07666666666666666,0.026343800639898395,0.94,0.43999999999999995,0.026343800639898395,0.9933333333333333,0.4933333333333333,0.026343800639898395,0.4533333333333333,0.04666666666666669,0.026343800639898395,0.6433333333333333,0.1433333333333333,0.026343800639898395,80219.5,1
0.5766666666666667,0.07666666666666666,0.026343800639898395,0.9833333333333333,0.4833333333333333,0.026343800639898395,1.0,0.5,0.026343800639898395,0.47,0.030000000000000027,0.026343800639898395,0.66,0.16000000000000003,0.026343800639898395,80114.9,1
0.58,0.07999999999999996,0.026343800639898395,0.9933333333333333,0.4933333333333333,0.026343800639898395,1.0,0.5,0.026343800639898395,0.4766666666666667,0.023333333333333317,0.026343800639898395,0.6566666666666666,0.15666666666666662,0.026343800639898395,80156.6,1
0.5833333333333334,0.08333333333333337,0.026343800639898395,0.96,0.45999999999999996,0.026343800639898395,0.9966666666666667,0.4966666666666667,0.026343800639898395,0.4866666666666667,0.013333333333333308,0.026343800639898395,0.6666666666666666,0.16666666666666663,0.026343800639898395,80196.9,1
0.5866666666666667,0.08666666666666667,0.026343800639898395,0.9466666666666667,0.44666666666666666,0.026343800639898395,0.98,0.48,0.026343800639898395,0.48333333333333334,0.016666666666666663,0.026343800639898395,0.6,0.09999999999999998,0.026343800639898395,80391.4,1
0.5833333333333334,0.08333333333333337,0.026343800639898395,0.95,0.44999999999999996,0.026343800639898395,0.9833333333333333,0.4833333333333333,0.026343800639898395,0.48,0.020000000000000018,0.026343800639898395,0.6166666666666667,0.1166666666666667,0.026343800639898395,80216.7,1
0.59,0.08999999999999997,0.026343800639898395,0.9366666666666666,0.43666666666666665,0.026343800639898395,0.99,0.49,0.026343800639898395,0.47333333333333333,0.026666666666666672,0.026343800639898395,0.63,0.13,0.026343800639898395,80324.2,1
0.5933333333333334,0.09333333333333338,0.026343800639898395,0.92,0.42000000000000004,0.026343800639898395,0.97,0.47,0.026343800639898395,0.46,0.03999999999999998,0.026343800639898395,0.6233333333333333,0.1233333333333333,0.026343800639898395,80518.8,1
0.59,0.08999999999999997,0.026343800639898395,0.33666666666666667,0.16333333333333333,0.026343800639898395,0.29333333333333333,0.20666666666666667,0.026343800639898395,0.4533333333333333,0.04666666666666669,0.026343800639898395,0.5733333333333334,0.07333333333333336,0.026343800639898395,80938.3,0
0.5866666666666667,0.08666666666666667,0.026343800639898395,0.8666666666666667,0.3666666666666667,0.026343800639898395,0.8566666666666667,0.3566666666666667,0.026343800639898395,0.4866666666666667,0.013333333333333308,0.026343800639898395,0.6233333333333333,0.1233333333333333,0.026343800639898395,80670.1,1
0.5866666666666667,0.08666666666666667,0.026343800639898395,0.13333333333333333,0.3666666666666667,0.026343800639898395,0.16,0.33999999999999997,0.026343800639898395,0.5,0.0,0.026343800639898395,0.61,0.10999999999999999,0.026343800639898395,80762.1,0
0.5866666666666667,0.08666666666666667,0.026343800639898395,0.6633333333333333,0.16333333333333333,0.026343800639898395,0.6666666666666666,0.16666666666666663,0.026343800639898395,0.5133333333333333,0.013333333333333308,0.026343800639898395,0.62,0.12,0.026343800639898395,80728.0,1
0.5766666666666667,0.07666666666666666,0.026343800639898395,0.08,0.42,0.026343800639898395,0.13,0.37,0.026343800639898395,0.5133333333333333,0.013333333333333308,0.026343800639898395,0.6233333333333333,0.1233333333333333,0.026343800639898395,80793.0,0
0.5733333333333334,0.07333333333333336,0.026343800639898395,0.07666666666666666,0.42333333333333334,0.026343800639898395,0.02666666666666667,0.47333333333333333,0.026343800639898395,0.47,0.030000000000000027,0.026343800639898395,0.64,0.14,0.026343800639898395,81400.0,0
0.5733333333333334,0.07333333333333336,0.026343800639898395,0.05,0.45,0.026343800639898395,0.006666666666666667,0.49333333333333335,0.026343800639898395,0.47,0.030000000000000027,0.026343800639898395,0.6533333333333333,0.15333333333333332,0.026343800639898395,81400.2,0
0.5333333333333333,0.033333333333333326,0.026343800639898395,0.03666666666666667,0.4633333333333333,0.026343800639898395,0.05,0.45,0.026343800639898395,0.46,0.03999999999999998,0.026343800639898395,0.65,0.15000000000000002,0.026343800639898395,82171.8,0
0.5733333333333334,0.07333333333333336,0.026343800639898395,0.11333333333333333,0.38666666666666666,0.026343800639898395,0.11333333333333333,0.38666666666666666,0.026343800639898395,0.5166666666666667,0.01666666666666672,0.026343800639898395,0.6766666666666666,0.17666666666666664,0.026343800639898395,80712.7,0
0.58,0.07999999999999996,0.026343800639898395,0.08333333333333333,0.4166666666666667,0.026343800639898395,0.08666666666666667,0.41333333333333333,0.026343800639898395,0.5266666666666666,0.026666666666666616,0.026343800639898395,0.6533333333333333,0.15333333333333332,0.026343800639898395,80716.8,0
0.5866666666666667,0.08666666666666667,0.026343800639898395,0.03666666666666667,0.4633333333333333,0.026343800639898395,0.013333333333333334,0.4866666666666667,0.026343800639898395,0.5133333333333333,0.013333333333333308,0.026343800639898395,0.6766666666666666,0.17666666666666664,0.026343800639898395,81151.8,0
0.5833333333333334,0.08333333333333337,0.026343800639898395,0.043333333333333335,0.45666666666666667,0.026343800639898395,0.016666666666666666,0.48333333333333334,0.026343800639898395,0.5266666666666666,0.026666666666666616,0.026343800639898395,0.6933333333333334,0.19333333333333336,0.026343800639898395,81398.4,0
0.5733333333333334,0.07333333333333336,0.026343800639898395,0.013333333333333334,0.4866666666666667,0.026343800639898395,0.013333333333333334,0.4866666666666667,0.026343800639898395,0.5266666666666666,0.026666666666666616,0.026343800639898395,0.6466666666666666,0.1466666666666666,0.026343800639898395,81942.5,0
0.57,0.06999999999999995,0.026343800639898395,0.02,0.48,0.026343800639898395,0.023333333333333334,0.4766666666666667,0.026343800639898395,0.5333333333333333,0.033333333333333326,0.026343800639898395,0.6866666666666666,0.18666666666666665,0.026343800639898395,81730.5,0
0.5566666666666666,0.05666666666666664,0.026343800639898395,0.9466666666666667,0.44666666666666666,0.026343800639898395,0.9366666666666666,0.43666666666666665,0.026343800639898395,0.5166666666666667,0.01666666666666672,0.026343800639898395,0.64,0.14,0.026343800639898395,81028.2,1
0.55,0.050000000000000044,0.026343800639898395,0.9433333333333334,0.44333333333333336,0.026343800639898395,0.9633333333333334,0.4633333333333334,0.026343800639898395,0.55,0.050000000000000044,0.026343800639898395,0.5966666666666667,0.09666666666666668,0.026343800639898395,80850.0,1
0.5433333333333333,0.043333333333333335,0.026343800639898395,0.9666666666666667,0.4666666666666667,0.026343800639898395,0.97,0.47,0.026343800639898395,0.55,0.050000000000000044,0.026343800639898395,0.6,0.09999999999999998,0.026343800639898395,80755.4,1
0.5366666666666666,0.036666666666666625,0.026343800639898395,0.94,0.43999999999999995,0.026343800639898395,0.95,0.44999999999999996,0.026343800639898395,0.5366666666666666,0.036666666666666625,0.026343800639898395,0.5566666666666666,0.05666666666666664,0.026343800639898395,80332.9,1
0.5633333333333334,0.06333333333333335,0.026343800639898395,0.94,0.43999999999999995,0.026343800639898395,0.95,0.44999999999999996,0.026343800639898395,0.5533333333333333,0.053333333333333344,0.026343800639898395,0.6,0.09999999999999998,0.026343800639898395,80807.9,1
0.5466666666666666,0.046666666666666634,0.026343800639898395,0.92,0.42000000000000004,0.026343800639898395,0.9366666666666666,0.43666666666666665,0.026343800639898395,0.56,0.06000000000000005,0.026343800639898395,0.6033333333333334,0.10333333333333339,0.026343800639898395,80492.3,1
0.56,0.06000000000000005,0.026343800639898395,0.06666666666666667,0.43333333333333335,0.026343800639898395,0.056666666666666664,0.44333333333333336,0.026343800639898395,0.5433333333333333,0.043333333333333335,0.026343800639898395,0.6166666666666667,0.1166666666666667,0.026343800639898395,81215.5,0
0.5566666666666666,0.05666666666666664,0.026343800639898395,0.10333333333333333,0.39666666666666667,0.026343800639898395,0.05,0.45,0.026343800639898395,0.5466666666666666,0.046666666666666634,0.026343800639898395,0.5966666666666667,0.09666666666666668,0.026343800639898395,81004.7,0
0.5333333333333333,0.033333333333333326,0.026343800639898395,0.11333333333333333,0.38666666666666666,0.026343800639898395,0.08666666666666667,0.41333333333333333,0.026343800639898395,0.55,0.050000000000000044,0.026343800639898395,0.56,0.06000000000000005,0.026343800639898395,80474.0,0
0.55,0.050000000000000044,0.026343800639898395,0.74,0.24,0.026343800639898395,0.6866666666666666,0.18666666666666665,0.026343800639898395,0.5766666666666667,0.07666666666666666,0.026343800639898395,0.53,0.030000000000000027,0.026343800639898395,78780.1,1
0.56,0.06000000000000005,0.026343800639898395,0.09333333333333334,0.4066666666666667,0.026343800639898395,0.07,0.43,0.026343800639898395,0.6,0.09999999999999998,0.026343800639898395,0.5233333333333333,0.023333333333333317,0.026343800639898395,79616.3,0
0.55,0.050000000000000044,0.026343800639898395,0.16,0.33999999999999997,0.026343800639898395,0.09333333333333334,0.4066666666666667,0.026343800639898395,0.5966666666666667,0.09666666666666668,0.026343800639898395,0.5266666666666666,0.026666666666666616,0.026343800639898395,79292.1,0
0.57,0.06999999999999995,0.026343800639898395,0.05,0.45,0.026343800639898395,0.09666666666666666,0.4033333333333333,0.026343800639898395,0.6066666666666667,0.10666666666666669,0.026343800639898395,0.5333333333333333,0.033333333333333326,0.026343800639898395,79008.6,0
0.5766666666666667,0.07666666666666666,0.026343800639898395,0.04,0.46,0.026343800639898395,0.06,0.44,0.026343800639898395,0.6066666666666667,0.10666666666666669,0.026343800639898395,0.5566666666666666,0.05666666666666664,0.026343800639898395,79725.4,0
0.5766666666666667,0.07666666666666666,0.026343800639898395,0.06333333333333334,0.43666666666666665,0.026343800639898395,0.056666666666666664,0.44333333333333336,0.026343800639898395,0.6,0.09999999999999998,0.026343800639898395,0.5533333333333333,0.053333333333333344,0.026343800639898395,79245.3,0
0.5166666666666667,0.01666666666666672,0.026343800639898395,0.06,0.44,0.026343800639898395,0.19666666666666666,0.30333333333333334,0.026343800639898395,0.47,0.030000000000000027,0.026343800639898395,0.57,0.06999999999999995,0.026343800639898395,81299.9,0
0.52,0.020000000000000018,0.026343800639898395,0.04666666666666667,0.4533333333333333,0.026343800639898395,0.17666666666666667,0.32333333333333336,0.026343800639898395,0.49666666666666665,0.003333333333333355,0.026343800639898395,0.5866666666666667,0.08666666666666667,0.026343800639898395,81421.0,0
0.5933333333333334,0.09333333333333338,0.026343800639898395,0.04666666666666667,0.4533333333333333,0.026343800639898395,0.19333333333333333,0.30666666666666664,0.026343800639898395,0.51,0.010000000000000009,0.026343800639898395,0.6233333333333333,0.1233333333333333,0.026343800639898395,81070.1,0
0.5466666666666666,0.046666666666666634,0.026343800639898395,0.016666666666666666,0.48333333333333334,0.026343800639898395,0.24333333333333335,0.25666666666666665,0.026343800639898395,0.4866666666666667,0.013333333333333308,0.026343800639898395,0.6066666666666667,0.10666666666666669,0.026343800639898395,81071.1,0
0.5466666666666666,0.046666666666666634,0.026343800639898395,0.02,0.48,0.026343800639898395,0.25666666666666665,0.24333333333333335,0.026343800639898395,0.5366666666666666,0.036666666666666625,0.026343800639898395,0.62,0.12,0.026343800639898395,80814.9,0
0.5333333333333333,0.033333333333333326,0.026343800639898395,0.016666666666666666,0.48333333333333334,0.026343800639898395,0.23,0.27,0.026343800639898395,0.5533333333333333,0.053333333333333344,0.026343800639898395,0.59,0.08999999999999997,0.026343800639898395,80615.2,0
0.5266666666666666,0.026666666666666616,0.026343800639898395,0.03666666666666667,0.4633333333333333,0.026343800639898395,0.2733333333333333,0.22666666666666668,0.026343800639898395,0.59,0.08999999999999997,0.026343800639898395,0.53,0.030000000000000027,0.026343800639898395,79131.6,0
0.5233333333333333,0.023333333333333317,0.026343800639898395,0.006666666666666667,0.49333333333333335,0.026343800639898395,0.2966666666666667,0.2033333333333333,0.026343800639898395,0.59,0.08999999999999997,0.026343800639898395,0.5066666666666667,0.00666666666666671,0.026343800639898395,79103.8,0
0.5233333333333333,0.023333333333333317,0.026343800639898395,0.01,0.49,0.026343800639898395,0.30666666666666664,0.19333333333333336,0.026343800639898395,0.59,0.08999999999999997,0.026343800639898395,0.55,0.050000000000000044,0.026343800639898395,79062.5,0
0.42,0.08000000000000002,0.026343800639898395,0.006666666666666667,0.49333333333333335,0.026343800639898395,0.33,0.16999999999999998,0.026343800639898395,0.59,0.08999999999999997,0.026343800639898395,0.48,0.020000000000000018,0.026343800639898395,79022.5,0
0.4166666666666667,0.08333333333333331,0.026343800639898395,0.006666666666666667,0.49333333333333335,0.026343800639898395,0.4666666666666667,0.033333333333333326,0.026343800639898395,0.5766666666666667,0.07666666666666666,0.026343800639898395,0.49333333333333335,0.006666666666666654,0.026343800639898395,78343.8,0
0.41333333333333333,0.08666666666666667,0.026343800639898395,0.013333333333333334,0.4866666666666667,0.026343800639898395,0.5033333333333333,0.0033333333333332993,0.026343800639898395,0.59,0.08999999999999997,0.026343800639898395,0.5533333333333333,0.053333333333333344,0.026343800639898395,78048.2,0
0.4066666666666667,0.09333333333333332,0.026343800639898395,0.0033333333333333335,0.49666666666666665,0.026343800639898395,0.47333333333333333,0.026666666666666672,0.026343800639898395,0.5933333333333334,0.09333333333333338,0.026343800639898395,0.52,0.020000000000000018,0.026343800639898395,78208.8,0
0.41,0.09000000000000002,0.026343800639898395,0.0,0.5,0.026343800639898395,0.47,0.030000000000000027,0.026343800639898395,0.5833333333333334,0.08333333333333337,0.026343800639898395,0.5333333333333333,0.033333333333333326,0.026343800639898395,78233.1,0
0.41333333333333333,0.08666666666666667,0.026343800639898395,0.0,0.5,0.026343800639898395,0.47,0.030000000000000027,0.026343800639898395,0.61,0.10999999999999999,0.026343800639898395,0.51,0.010000000000000009,0.026343800639898395,78122.8,0
0.37,0.13,0.026343800639898395,0.03,0.47,0.026343800639898395,0.47333333333333333,0.026666666666666672,0.026343800639898395,0.6,0.09999999999999998,0.026343800639898395,0.5166666666666667,0.01666666666666672,0.026343800639898395,77974.3,0
0.37333333333333335,0.12666666666666665,0.026343800639898395,0.02,0.48,0.026343800639898395,0.47333333333333333,0.026666666666666672,0.026343800639898395,0.5933333333333334,0.09333333333333338,0.026343800639898395,0.49666666666666665,0.003333333333333355,0.026343800639898395,78146.3,0
0.36666666666666664,0.13333333333333336,0.026343800639898395,0.03333333333333333,0.4666666666666667,0.026343800639898395,0.42333333333333334,0.07666666666666666,0.026343800639898395,0.59,0.08999999999999997,0.026343800639898395,0.5033333333333333,0.0033333333333332993,0.026343800639898395,78381.9,0
0.37333333333333335,0.12666666666666665,0.026343800639898395,0.03333333333333333,0.4666666666666667,0.026343800639898395,0.4666666666666667,0.033333333333333326,0.026343800639898395,0.59,0.08999999999999997,0.026343800639898395,0.5166666666666667,0.01666666666666672,0.026343800639898395,78015.9,0
0.36333333333333334,0.13666666666666666,0.026343800639898395,0.06666666666666667,0.43333333333333335,0.026343800639898395,0.39,0.10999999999999999,0.026343800639898395,0.58,0.07999999999999996,0.026343800639898395,0.5033333333333333,0.0033333333333332993,0.026343800639898395,78384.0,0
0.37666666666666665,0.12333333333333335,0.026343800639898395,0.21666666666666667,0.2833333333333333,0.026343800639898395,0.5,0.0,0.026343800639898395,0.54,0.040000000000000036,0.026343800639898395,0.55,0.050000000000000044,0.026343800639898395,77410.0,0
0.3566666666666667,0.1433333333333333,0.026343800639898395,0.25,0.25,0.026343800639898395,0.5433333333333333,0.043333333333333335,0.026343800639898395,0.56,0.06000000000000005,0.026343800639898395,0.5633333333333334,0.06333333333333335,0.026343800639898395,76884.5,1
0.35,0.15000000000000002,0.026343800639898395,0.24333333333333335,0.25666666666666665,0.026343800639898395,0.54,0.040000000000000036,0.026343800639898395,0.56,0.06000000000000005,0.026343800639898395,0.56,0.06000000000000005,0.026343800639898395,77021.5,1
0.35333333333333333,0.14666666666666667,0.026343800639898395,0.25,0.25,0.026343800639898395,0.5366666666666666,0.036666666666666625,0.026343800639898395,0.5566666666666666,0.05666666666666664,0.026343800639898395,0.5566666666666666,0.05666666666666664,0.026343800639898395,77245.2,1
0.37333333333333335,0.12666666666666665,0.026343800639898395,0.26,0.24,0.026343800639898395,0.54,0.040000000000000036,0.026343800639898395,0.5466666666666666,0.046666666666666634,0.026343800639898395,0.58,0.07999999999999996,0.026343800639898395,76341.5,1
0.35333333333333333,0.14666666666666667,0.026343800639898395,0.22,0.28,0.026343800639898395,0.5433333333333333,0.043333333333333335,0.026343800639898395,0.5533333333333333,0.053333333333333344,0.026343800639898395,0.5733333333333334,0.07333333333333336,0.026343800639898395,76835.8,1
0.35333333333333333,0.14666666666666667,0.026343800639898395,0.19666666666666666,0.30333333333333334,0.026343800639898395,0.5333333333333333,0.033333333333333326,0.026343800639898395,0.55,0.050000000000000044,0.026343800639898395,0.53,0.030000000000000027,0.026343800639898395,76946.5,1
0.35333333333333333,0.14666666666666667,0.026343800639898395,0.18333333333333332,0.31666666666666665,0.026343800639898395,0.5433333333333333,0.043333333333333335,0.026343800639898395,0.56,0.06000000000000005,0.026343800639898395,0.54,0.040000000000000036,0.026343800639898395,76713.8,1
0.35333333333333333,0.14666666666666667,0.026343800639898395,0.15666666666666668,0.3433333333333333,0.026343800639898395,0.5033333333333333,0.0033333333333332993,0.026343800639898395,0.5466666666666666,0.046666666666666634,0.026343800639898395,0.5166666666666667,0.01666666666666672,0.026343800639898395,77175.5,1
0.36333333333333334,0.13666666666666666,0.026343800639898395,0.19333333333333333,0.30666666666666664,0.026343800639898395,0.5666666666666667,0.06666666666666665,0.026343800639898395,0.5633333333333334,0.06333333333333335,0.026343800639898395,0.5466666666666666,0.046666666666666634,0.026343800639898395,76645.6,1
0.3566666666666667,0.1433333333333333,0.026343800639898395,0.19666666666666666,0.30333333333333334,0.026343800639898395,0.58,0.07999999999999996,0.026343800639898395,0.5633333333333334,0.06333333333333335,0.026343800639898395,0.5866666666666667,0.08666666666666667,0.026343800639898395,76450.2,1
0.35,0.15000000000000002,0.026343800639898395,0.16,0.33999999999999997,0.026343800639898395,0.53,0.030000000000000027,0.026343800639898395,0.55,0.050000000000000044,0.026343800639898395,0.5633333333333334,0.06333333333333335,0.026343800639898395,76739.2,1
0.35333333333333333,0.14666666666666667,0.026343800639898395,0.17333333333333334,0.32666666666666666,0.026343800639898395,0.5133333333333333,0.013333333333333308,0.026343800639898395,0.55,0.050000000000000044,0.026343800639898395,0.55,0.050000000000000044,0.026343800639898395,76756.3,1
0.43333333333333335,0.06666666666666665,0.026343800639898395,0.3466666666666667,0.15333333333333332,0.026343800639898395,0.54,0.040000000000000036,0.026343800639898395,0.55,0.050000000000000044,0.026343800639898395,0.5266666666666666,0.026666666666666616,0.026343800639898395,76652.8,1
0.41333333333333333,0.08666666666666667,0.026343800639898395,0.31333333333333335,0.18666666666666665,0.026343800639898395,0.4666666666666667,0.033333333333333326,0.026343800639898395,0.5333333333333333,0.033333333333333326,0.026343800639898395,0.5133333333333333,0.013333333333333308,0.026343800639898395,77209.4,0
0.41,0.09000000000000002,0.026343800639898395,0.32666666666666666,0.17333333333333334,0.026343800639898395,0.4666666666666667,0.033333333333333326,0.026343800639898395,0.5366666666666666,0.036666666666666625,0.026343800639898395,0.45666666666666667,0.043333333333333335,0.026343800639898395,77303.0,0
0.42,0.08000000000000002,0.026343800639898395,0.3233333333333333,0.1766666666666667,0.026343800639898395,0.45,0.04999999999999999,0.026343800639898395,0.54,0.040000000000000036,0.026343800639898395,0.49,0.010000000000000009,0.026343800639898395,77379.3,0
0.42,0.08000000000000002,0.026343800639898395,0.31,0.19,0.026343800639898395,0.44,0.06,0.026343800639898395,0.5333333333333333,0.033333333333333326,0.026343800639898395,0.44,0.06,0.026343800639898395,77598.2,0
0.42333333333333334,0.07666666666666666,0.026343800639898395,0.31666666666666665,0.18333333333333335,0.026343800639898395,0.43,0.07,0.026343800639898395,0.5433333333333333,0.043333333333333335,0.026343800639898395,0.45666666666666667,0.043333333333333335,0.026343800639898395,77479.4,0
0.44333333333333336,0.05666666666666664,0.026343800639898395,0.2966666666666667,0.2033333333333333,0.026343800639898395,0.45,0.04999999999999999,0.026343800639898395,0.44666666666666666,0.053333333333333344,0.026343800639898395,0.42333333333333334,0.07666666666666666,0.026343800639898395,77998.4,0
0.44333333333333336,0.05666666666666664,0.026343800639898395,0.35,0.15000000000000002,0.026343800639898395,0.44333333333333336,0.05666666666666664,0.026343800639898395,0.47333333333333333,0.026666666666666672,0.026343800639898395,0.45,0.04999999999999999,0.026343800639898395,77811.5,0
0.4266666666666667,0.0733333333333333,0.026343800639898395,0.3566666666666667,0.1433333333333333,0.026343800639898395,0.45,0.04999999999999999,0.026343800639898395,0.51,0.010000000000000009,0.026343800639898395,0.4633333333333333,0.03666666666666668,0.026343800639898395,77108.1,0
0.42,0.08000000000000002,0.026343800639898395,0.33666666666666667,0.16333333333333333,0.026343800639898395,0.44333333333333336,0.05666666666666664,0.026343800639898395,0.49666666666666665,0.003333333333333355,0.026343800639898395,0.43666666666666665,0.06333333333333335,0.026343800639898395,77181.4,0
0.43333333333333335,0.06666666666666665,0.026343800639898395,0.3466666666666667,0.15333333333333332,0.026343800639898395,0.4266666666666667,0.0733333333333333,0.026343800639898395,0.4866666666666667,0.013333333333333308,0.026343800639898395,0.4633333333333333,0.03666666666666668,0.026343800639898395,77612.9,0
0.43333333333333335,0.06666666666666665,0.026343800639898395,0.36666666666666664,0.13333333333333336,0.026343800639898395,0.4266666666666667,0.0733333333333333,0.026343800639898395,0.48,0.020000000000000018,0.026343800639898395,0.4666666666666667,0.033333333333333326,0.026343800639898395,77549.7,0
0.27,0.22999999999999998,0.026343800639898395,0.43,0.07,0.026343800639898395,0.4766666666666667,0.023333333333333317,0.026343800639898395,0.48,0.020000000000000018,0.026343800639898395,0.41333333333333333,0.08666666666666667,0.026343800639898395,77704.3,0
0.23666666666666666,0.2633333333333333,0.026343800639898395,0.4533333333333333,0.04666666666666669,0.026343800639898395,0.43666666666666665,0.06333333333333335,0.026343800639898395,0.4866666666666667,0.013333333333333308,0.026343800639898395,0.42333333333333334,0.07666666666666666,0.026343800639898395,77339.1,0
0.23666666666666666,0.2633333333333333,0.026343800639898395,0.4666666666666667,0.033333333333333326,0.026343800639898395,0.44333333333333336,0.05666666666666664,0.026343800639898395,0.4766666666666667,0.023333333333333317,0.026343800639898395,0.4166666666666667,0.08333333333333331,0.026343800639898395,77330.0,0
0.27,0.22999999999999998,0.026343800639898395,0.4866666666666667,0.013333333333333308,0.026343800639898395,0.5166666666666667,0.01666666666666672,0.026343800639898395,0.49333333333333335,0.006666666666666654,0.026343800639898395,0.45666666666666667,0.043333333333333335,0.026343800639898395,76702.0,1
0.2833333333333333,0.21666666666666667,0.026343800639898395,0.5,0.0,0.026343800639898395,0.6333333333333333,0.1333333333333333,0.026343800639898395,0.5433333333333333,0.043333333333333335,0.026343800639898395,0.5366666666666666,0.036666666666666625,0.026343800639898395,75768.8,1
0.30333333333333334,0.19666666666666666,0.026343800639898395,0.4666666666666667,0.033333333333333326,0.026343800639898395,0.6533333333333333,0.15333333333333332,0.026343800639898395,0.5433333333333333,0.043333333333333335,0.026343800639898395,0.5466666666666666,0.046666666666666634,0.026343800639898395,75456.5,1
0.39666666666666667,0.10333333333333333,0.026343800639898395,0.47,0.030000000000000027,0.026343800639898395,0.5733333333333334,0.07333333333333336,0.026343800639898395,0.54,0.040000000000000036,0.026343800639898395,0.5266666666666666,0.026666666666666616,0.026343800639898395,75544.7,1
0.4166666666666667,0.08333333333333331,0.026343800639898395,0.47,0.030000000000000027,0.026343800639898395,0.6233333333333333,0.1233333333333333,0.026343800639898395,0.5266666666666666,0.026666666666666616,0.026343800639898395,0.5633333333333334,0.06333333333333335,0.026343800639898395,74505.8,1
0.41333333333333333,0.08666666666666667,0.026343800639898395,0.45666666666666667,0.043333333333333335,0.026343800639898395,0.6466666666666666,0.1466666666666666,0.026343800639898395,0.5266666666666666,0.026666666666666616,0.026343800639898395,0.54,0.040000000000000036,0.026343800639898395,74730.9,1
0.4,0.09999999999999998,0.026343800639898395,0.45,0.04999999999999999,0.026343800639898395,0.56,0.06000000000000005,0.026343800639898395,0.49666666666666665,0.003333333333333355,0.026343800639898395,0.5233333333333333,0.023333333333333317,0.026343800639898395,75421.5,1
0.38,0.12,0.026343800639898395,0.44333333333333336,0.05666666666666664,0.026343800639898395,0.5366666666666666,0.036666666666666625,0.026343800639898395,0.5,0.0,0.026343800639898395,0.51,0.010000000000000009,0.026343800639898395,75895.1,1
0.35,0.15000000000000002,0.026343800639898395,0.42333333333333334,0.07666666666666666,0.026343800639898395,0.48333333333333334,0.016666666666666663,0.026343800639898395,0.43333333333333335,0.06666666666666665,0.026343800639898395,0.4166666666666667,0.08333333333333331,0.026343800639898395,76670.1,1
0.37,0.13,0.026343800639898395,0.41,0.09000000000000002,0.026343800639898395,0.49666666666666665,0.003333333333333355,0.026343800639898395,0.43666666666666665,0.06333333333333335,0.026343800639898395,0.41,0.09000000000000002,0.026343800639898395,76650.1,0
0.37333333333333335,0.12666666666666665,0.026343800639898395,0.39,0.10999999999999999,0.026343800639898395,0.4666666666666667,0.033333333333333326,0.026343800639898395,0.43333333333333335,0.06666666666666665,0.026343800639898395,0.4166666666666667,0.08333333333333331,0.026343800639898395,76704.1,0
0.4,0.09999999999999998,0.026343800639898395,0.38666666666666666,0.11333333333333334,0.026343800639898395,0.4766666666666667,0.023333333333333317,0.026343800639898395,0.44666666666666666,0.053333333333333344,0.026343800639898395,0.43666666666666665,0.06333333333333335,0.026343800639898395,77183.9,0
0.37666666666666665,0.12333333333333335,0.026343800639898395,0.43333333333333335,0.06666666666666665,0.026343800639898395,0.5066666666666667,0.00666666666666671,0.026343800639898395,0.5066666666666667,0.00666666666666671,0.026343800639898395,0.48,0.020000000000000018,0.026343800639898395,76287.8,0
0.37333333333333335,0.12666666666666665,0.026343800639898395,0.35,0.15000000000000002,0.026343800639898395,0.4766666666666667,0.023333333333333317,0.026343800639898395,0.4866666666666667,0.013333333333333308,0.026343800639898395,0.39666666666666667,0.10333333333333333,0.026343800639898395,76680.6,0
0.38333333333333336,0.11666666666666664,0.026343800639898395,0.37,0.13,0.026343800639898395,0.48,0.020000000000000018,0.026343800639898395,0.47,0.030000000000000027,0.026343800639898395,0.4166666666666667,0.08333333333333331,0.026343800639898395,76984.9,0
0.5133333333333333,0.013333333333333308,0.026343800639898395,0.4166666666666667,0.08333333333333331,0.026343800639898395,0.49333333333333335,0.006666666666666654,0.026343800639898395,0.48333333333333334,0.016666666666666663,0.026343800639898395,0.4166666666666667,0.08333333333333331,0.026343800639898395,76935.2,0
0.5266666666666666,0.026666666666666616,0.026343800639898395,0.4,0.09999999999999998,0.026343800639898395,0.44666666666666666,0.053333333333333344,0.026343800639898395,0.4766666666666667,0.023333333333333317,0.026343800639898395,0.3933333333333333,0.10666666666666669,0.026343800639898395,77290.6,0
0.53,0.030000000000000027,0.026343800639898395,0.45,0.04999999999999999,0.026343800639898395,0.46,0.03999999999999998,0.026343800639898395,0.4766666666666667,0.023333333333333317,0.026343800639898395,0.4,0.09999999999999998,0.026343800639898395,77278.6,0
0.53,0.030000000000000027,0.026343800639898395,0.43666666666666665,0.06333333333333335,0.026343800639898395,0.43333333333333335,0.06666666666666665,0.026343800639898395,0.49,0.010000000000000009,0.026343800639898395,0.38333333333333336,0.11666666666666664,0.026343800639898395,77556.6,0
0.53,0.030000000000000027,0.026343800639898395,0.45666666666666667,0.043333333333333335,0.026343800639898395,0.43333333333333335,0.06666666666666665,0.026343800639898395,0.49666666666666665,0.003333333333333355,0.026343800639898395,0.38666666666666666,0.11333333333333334,0.026343800639898395,77384.6,0
0.52,0.020000000000000018,0.026343800639898395,0.44666666666666666,0.053333333333333344,0.026343800639898395,0.4533333333333333,0.04666666666666669,0.026343800639898395,0.5,0.0,0.026343800639898395,0.4166666666666667,0.08333333333333331,0.026343800639898395,77265.9,0
0.3466666666666667,0.15333333333333332,0.026343800639898395,0.43666666666666665,0.06333333333333335,0.026343800639898395,0.4866666666666667,0.013333333333333308,0.026343800639898395,0.5133333333333333,0.013333333333333308,0.026343800639898395,0.4666666666666667,0.033333333333333326,0.026343800639898395,76587.7,0
0.3433333333333333,0.15666666666666668,0.026343800639898395,0.4066666666666667,0.09333333333333332,0.026343800639898395,0.4766666666666667,0.023333333333333317,0.026343800639898395,0.5066666666666667,0.00666666666666671,0.026343800639898395,0.48,0.020000000000000018,0.026343800639898395,76637.1,0
0.36333333333333334,0.13666666666666666,0.026343800639898395,0.42333333333333334,0.07666666666666666,0.026343800639898395,0.43666666666666665,0.06333333333333335,0.026343800639898395,0.5,0.0,0.026343800639898395,0.4533333333333333,0.04666666666666669,0.026343800639898395,77101.1,0
0.36,0.14,0.026343800639898395,0.4266666666666667,0.0733333333333333,0.026343800639898395,0.4866666666666667,0.013333333333333308,0.026343800639898395,0.5066666666666667,0.00666666666666671,0.026343800639898395,0.48333333333333334,0.016666666666666663,0.026343800639898395,76420.6,0
0.36333333333333334,0.13666666666666666,0.026343800639898395,0.42,0.08000000000000002,0.026343800639898395,0.5533333333333333,0.053333333333333344,0.026343800639898395,0.5266666666666666,0.026666666666666616,0.026343800639898395,0.54,0.040000000000000036,0.026343800639898395,75921.7,0
0.36333333333333334,0.13666666666666666,0.026343800639898395,0.47333333333333333,0.026666666666666672,0.026343800639898395,0.5766666666666667,0.07666666666666666,0.026343800639898395,0.5366666666666666,0.036666666666666625,0.026343800639898395,0.5,0.0,0.026343800639898395,75824.0,0
0.25666666666666665,0.24333333333333335,0.026343800639898395,0.45666666666666667,0.043333333333333335,0.026343800639898395,0.5733333333333334,0.07333333333333336,0.026343800639898395,0.5433333333333333,0.043333333333333335,0.026343800639898395,0.49333333333333335,0.006666666666666654,0.026343800639898395,75553.6,0
0.26666666666666666,0.23333333333333334,0.026343800639898395,0.47,0.030000000000000027,0.026343800639898395,0.5266666666666666,0.026666666666666616,0.026343800639898395,0.5633333333333334,0.06333333333333335,0.026343800639898395,0.49,0.010000000000000009,0.026343800639898395,75856.2,0
0.2633333333333333,0.2366666666666667,0.026343800639898395,0.4766666666666667,0.023333333333333317,0.026343800639898395,0.5466666666666666,0.046666666666666634,0.026343800639898395,0.5666666666666667,0.06666666666666665,0.026343800639898395,0.49666666666666665,0.003333333333333355,0.026343800639898395,75641.8,0
0.25666666666666665,0.24333333333333335,0.026343800639898395,0.3433333333333333,0.15666666666666668,0.026343800639898395,0.5633333333333334,0.06333333333333335,0.026343800639898395,0.6,0.09999999999999998,0.026343800639898395,0.5266666666666666,0.026666666666666616,0.026343800639898395,75196.6,0
0.2833333333333333,0.21666666666666667,0.026343800639898395,0.38666666666666666,0.11333333333333334,0.026343800639898395,0.5766666666666667,0.07666666666666666,0.026343800639898395,0.59,0.08999999999999997,0.026343800639898395,0.5266666666666666,0.026666666666666616,0.026343800639898395,74916.7,0
0.32666666666666666,0.17333333333333334,0.026343800639898395,0.3466666666666667,0.15333333333333332,0.026343800639898395,0.6,0.09999999999999998,0.026343800639898395,0.5966666666666667,0.09666666666666668,0.026343800639898395,0.53,0.030000000000000027,0.026343800639898395,74337.1,0
0.3566666666666667,0.1433333333333333,0.026343800639898395,0.31,0.19,0.026343800639898395,0.54,0.040000000000000036,0.026343800639898395,0.49666666666666665,0.003333333333333355,0.026343800639898395,0.51,0.010000000000000009,0.026343800639898395,73133.1,1
0.3566666666666667,0.1433333333333333,0.026343800639898395,0.3233333333333333,0.1766666666666667,0.026343800639898395,0.5466666666666666,0.046666666666666634,0.026343800639898395,0.45,0.04999999999999999,0.026343800639898395,0.52,0.020000000000000018,0.026343800639898395,73340.8,1
0.35333333333333333,0.14666666666666667,0.026343800639898395,0.33,0.16999999999999998,0.026343800639898395,0.5266666666666666,0.026666666666666616,0.026343800639898395,0.4533333333333333,0.04666666666666669,0.026343800639898395,0.5166666666666667,0.01666666666666672,0.026343800639898395,73378.5,1
0.3466666666666667,0.15333333333333332,0.026343800639898395,0.34,0.15999999999999998,0.026343800639898395,0.5333333333333333,0.033333333333333326,0.026343800639898395,0.47,0.030000000000000027,0.026343800639898395,0.54,0.040000000000000036,0.026343800639898395,72806.3,1
0.3466666666666667,0.15333333333333332,0.026343800639898395,0.29,0.21000000000000002,0.026343800639898395,0.5566666666666666,0.05666666666666664,0.026343800639898395,0.45666666666666667,0.043333333333333335,0.026343800639898395,0.55,0.050000000000000044,0.026343800639898395,73300.7,1
0.3233333333333333,0.1766666666666667,0.026343800639898395,0.35333333333333333,0.14666666666666667,0.026343800639898395,0.61,0.10999999999999999,0.026343800639898395,0.48,0.020000000000000018,0.026343800639898395,0.5133333333333333,0.013333333333333308,0.026343800639898395,73515.7,1
0.32666666666666666,0.17333333333333334,0.026343800639898395,0.37333333333333335,0.12666666666666665,0.026343800639898395,0.6,0.09999999999999998,0.026343800639898395,0.4866666666666667,0.013333333333333308,0.026343800639898395,0.5866666666666667,0.08666666666666667,0.026343800639898395,73186.3,1
0.32,0.18,0.026343800639898395,0.33666666666666667,0.16333333333333333,0.026343800639898395,0.6133333333333333,0.11333333333333329,0.026343800639898395,0.47333333333333333,0.026666666666666672,0.026343800639898395,0.56,0.06000000000000005,0.026343800639898395,73422.3,1
0.31666666666666665,0.18333333333333335,0.026343800639898395,0.35333333333333333,0.14666666666666667,0.026343800639898395,0.6,0.09999999999999998,0.026343800639898395,0.4766666666666667,0.023333333333333317,0.026343800639898395,0.5666666666666667,0.06666666666666665,0.026343800639898395,73364.0,1
0.33,0.16999999999999998,0.026343800639898395,0.33,0.16999999999999998,0.026343800639898395,0.5766666666666667,0.07666666666666666,0.026343800639898395,0.44666666666666666,0.053333333333333344,0.026343800639898395,0.5566666666666666,0.05666666666666664,0.026343800639898395,73696.4,0
0.33666666666666667,0.16333333333333333,0.026343800639898395,0.3466666666666667,0.15333333333333332,0.026343800639898395,0.5866666666666667,0.08666666666666667,0.026343800639898395,0.43333333333333335,0.06666666666666665,0.026343800639898395,0.56,0.06000000000000005,0.026343800639898395,73418.0,0
0.33666666666666667,0.16333333333333333,0.026343800639898395,0.3466666666666667,0.15333333333333332,0.026343800639898395,0.61,0.10999999999999999,0.026343800639898395,0.43666666666666665,0.06333333333333335,0.026343800639898395,0.55,0.050000000000000044,0.026343800639898395,73370.7,0
0.32,0.18,0.026343800639898395,0.31333333333333335,0.18666666666666665,0.026343800639898395,0.6133333333333333,0.11333333333333329,0.026343800639898395,0.42333333333333334,0.07666666666666666,0.026343800639898395,0.5633333333333334,0.06333333333333335,0.026343800639898395,73430.2,0
0.32,0.18,0.026343800639898395,0.37666666666666665,0.12333333333333335,0.026343800639898395,0.5966666666666667,0.09666666666666668,0.026343800639898395,0.42,0.08000000000000002,0.026343800639898395,0.56,0.06000000000000005,0.026343800639898395,73443.1,0
0.30666666666666664,0.19333333333333336,0.026343800639898395,0.32666666666666666,0.17333333333333334,0.026343800639898395,0.59,0.08999999999999997,0.026343800639898395,0.4166666666666667,0.08333333333333331,0.026343800639898395,0.5766666666666667,0.07666666666666666,0.026343800639898395,73494.5,0
0.26666666666666666,0.23333333333333334,0.026343800639898395,0.36333333333333334,0.13666666666666666,0.026343800639898395,0.5533333333333333,0.053333333333333344,0.026343800639898395,0.39,0.10999999999999999,0.026343800639898395,0.49666666666666665,0.003333333333333355,0.026343800639898395,73811.4,0
0.25333333333333335,0.24666666666666665,0.026343800639898395,0.39,0.10999999999999999,0.026343800639898395,0.54,0.040000000000000036,0.026343800639898395,0.4,0.09999999999999998,0.026343800639898395,0.4866666666666667,0.013333333333333308,0.026343800639898395,73901.1,0
0.26,0.24,0.026343800639898395,0.36,0.14,0.026343800639898395,0.5466666666666666,0.046666666666666634,0.026343800639898395,0.38666666666666666,0.11333333333333334,0.026343800639898395,0.5033333333333333,0.0033333333333332993,0.026343800639898395,73753.7,0
0.24,0.26,0.026343800639898395,0.36333333333333334,0.13666666666666666,0.026343800639898395,0.47,0.030000000000000027,0.026343800639898395,0.38333333333333336,0.11666666666666664,0.026343800639898395,0.49,0.010000000000000009,0.026343800639898395,74037.6,0
0.24333333333333335,0.25666666666666665,0.026343800639898395,0.31333333333333335,0.18666666666666665,0.026343800639898395,0.52,0.020000000000000018,0.026343800639898395,0.38,0.12,0.026343800639898395,0.4633333333333333,0.03666666666666668,0.026343800639898395,73767.6,0
0.24333333333333335,0.25666666666666665,0.026343800639898395,0.3466666666666667,0.15333333333333332,0.026343800639898395,0.4666666666666667,0.033333333333333326,0.026343800639898395,0.36666666666666664,0.13333333333333336,0.026343800639898395,0.4766666666666667,0.023333333333333317,0.026343800639898395,73838.3,0
0.27,0.22999999999999998,0.026343800639898395,0.30666666666666664,0.19333333333333336,0.026343800639898395,0.5133333333333333,0.013333333333333308,0.026343800639898395,0.39,0.10999999999999999,0.026343800639898395,0.5166666666666667,0.01666666666666672,0.026343800639898395,73545.1,0
0.27666666666666667,0.22333333333333333,0.026343800639898395,0.31333333333333335,0.18666666666666665,0.026343800639898395,0.5433333333333333,0.043333333333333335,0.026343800639898395,0.4,0.09999999999999998,0.026343800639898395,0.5133333333333333,0.013333333333333308,0.026343800639898395,73451.2,0
0.27,0.22999999999999998,0.026343800639898395,0.33666666666666667,0.16333333333333333,0.026343800639898395,0.4866666666666667,0.013333333333333308,0.026343800639898395,0.43,0.07,0.026343800639898395,0.46,0.03999999999999998,0.026343800639898395,73570.0,0
0.22333333333333333,0.27666666666666667,0.026343800639898395,0.32666666666666666,0.17333333333333334,0.026343800639898395,0.44666666666666666,0.053333333333333344,0.026343800639898395,0.4066666666666667,0.09333333333333332,0.026343800639898395,0.34,0.15999999999999998,0.026343800639898395,73673.1,0
0.31666666666666665,0.18333333333333335,0.026343800639898395,0.3466666666666667,0.15333333333333332,0.026343800639898395,0.54,0.040000000000000036,0.026343800639898395,0.46,0.03999999999999998,0.026343800639898395,0.4166666666666667,0.08333333333333331,0.026343800639898395,72719.8,0
0.31666666666666665,0.18333333333333335,0.026343800639898395,0.35,0.15000000000000002,0.026343800639898395,0.58,0.07999999999999996,0.026343800639898395,0.48,0.020000000000000018,0.026343800639898395,0.4666666666666667,0.033333333333333326,0.026343800639898395,72384.3,0
0.33,0.16999999999999998,0.026343800639898395,0.42,0.08000000000000002,0.026343800639898395,0.5233333333333333,0.023333333333333317,0.026343800639898395,0.5933333333333334,0.09333333333333338,0.026343800639898395,0.4766666666666667,0.023333333333333317,0.026343800639898395,71000.0,0
0.33666666666666667,0.16333333333333333,0.026343800639898395,0.3333333333333333,0.16666666666666669,0.026343800639898395,0.5833333333333334,0.08333333333333337,0.026343800639898395,0.5033333333333333,0.0033333333333332993,0.026343800639898395,0.4666666666666667,0.033333333333333326,0.026343800639898395,71493.2,0
0.33666666666666667,0.16333333333333333,0.026343800639898395,0.37,0.13,0.026343800639898395,0.58,0.07999999999999996,0.026343800639898395,0.5566666666666666,0.05666666666666664,0.026343800639898395,0.4633333333333333,0.03666666666666668,0.026343800639898395,71317.5,0
0.21,0.29000000000000004,0.026343800639898395,0.29333333333333333,0.20666666666666667,0.026343800639898395,0.43666666666666665,0.06333333333333335,0.026343800639898395,0.4266666666666667,0.0733333333333333,0.026343800639898395,0.2866666666666667,0.21333333333333332,0.026343800639898395,70846.2,0
0.21666666666666667,0.2833333333333333,0.026343800639898395,0.48,0.020000000000000018,0.026343800639898395,0.4033333333333333,0.09666666666666668,0.026343800639898395,0.4266666666666667,0.0733333333333333,0.026343800639898395,0.3233333333333333,0.1766666666666667,0.026343800639898395,70022.1,0
0.22333333333333333,0.27666666666666667,0.026343800639898395,0.5,0.0,0.026343800639898395,0.3333333333333333,0.16666666666666669,0.026343800639898395,0.5133333333333333,0.013333333333333308,0.026343800639898395,0.31666666666666665,0.18333333333333335,0.026343800639898395,69362.5,0
0.24666666666666667,0.2533333333333333,0.026343800639898395,0.6466666666666666,0.1466666666666666,0.026343800639898395,0.32666666666666666,0.17333333333333334,0.026343800639898395,0.41333333333333333,0.08666666666666667,0.026343800639898395,0.45666666666666667,0.043333333333333335,0.026343800639898395,67197.7,0
0.24333333333333335,0.25666666666666665,0.026343800639898395,0.6066666666666667,0.10666666666666669,0.026343800639898395,0.31,0.19,0.026343800639898395,0.33666666666666667,0.16333333333333333,0.026343800639898395,0.44666666666666666,0.053333333333333344,0.026343800639898395,67209.9,0
0.25,0.25,0.026343800639898395,0.6566666666666666,0.15666666666666662,0.026343800639898395,0.31,0.19,0.026343800639898395,0.38666666666666666,0.11333333333333334,0.026343800639898395,0.49333333333333335,0.006666666666666654,0.026343800639898395,66669.7,0
0.33666666666666667,0.16333333333333333,0.026343800639898395,0.74,0.24,0.026343800639898395,0.3333333333333333,0.16666666666666669,0.026343800639898395,0.43333333333333335,0.06666666666666665,0.026343800639898395,0.58,0.07999999999999996,0.026343800639898395,65770.5,0
0.3,0.2,0.026343800639898395,0.48,0.020000000000000018,0.026343800639898395,0.32666666666666666,0.17333333333333334,0.026343800639898395,0.42333333333333334,0.07666666666666666,0.026343800639898395,0.5566666666666666,0.05666666666666664,0.026343800639898395,67130.6,0
0.31666666666666665,0.18333333333333335,0.026343800639898395,0.49333333333333335,0.006666666666666654,0.026343800639898395,0.33666666666666667,0.16333333333333333,0.026343800639898395,0.4266666666666667,0.0733333333333333,0.026343800639898395,0.56,0.06000000000000005,0.026343800639898395,66985.0,0
0.43666666666666665,0.06333333333333335,0.026343800639898395,0.5733333333333334,0.07333333333333336,0.026343800639898395,0.36333333333333334,0.13666666666666666,0.026343800639898395,0.43666666666666665,0.06333333333333335,0.026343800639898395,0.6166666666666667,0.1166666666666667,0.026343800639898395,66000.0,0
0.47333333333333333,0.026666666666666672,0.026343800639898395,0.57,0.06999999999999995,0.026343800639898395,0.3933333333333333,0.10666666666666669,0.026343800639898395,0.4766666666666667,0.023333333333333317,0.026343800639898395,0.6666666666666666,0.16666666666666663,0.026343800639898395,65376.1,0
0.66,0.16000000000000003,0.026343800639898395,0.6833333333333333,0.18333333333333335,0.026343800639898395,0.5566666666666666,0.05666666666666664,0.026343800639898395,0.5166666666666667,0.01666666666666672,0.026343800639898395,0.7366666666666667,0.2366666666666667,0.026343800639898395,64035.8,0
0.6466666666666666,0.1466666666666666,0.026343800639898395,0.5833333333333334,0.08333333333333337,0.026343800639898395,0.49333333333333335,0.006666666666666654,0.026343800639898395,0.44666666666666666,0.053333333333333344,0.026343800639898395,0.7233333333333334,0.22333333333333338,0.026343800639898395,64290.0,0
0.71,0.20999999999999996,0.026343800639898395,0.6333333333333333,0.1333333333333333,0.026343800639898395,0.5833333333333334,0.08333333333333337,0.026343800639898395,0.47,0.030000000000000027,0.026343800639898395,0.7533333333333333,0.2533333333333333,0.026343800639898395,63525.1,0
0.7733333333333333,0.2733333333333333,0.026343800639898395,0.66,0.16000000000000003,0.026343800639898395,0.67,0.17000000000000004,0.026343800639898395,0.4766666666666667,0.023333333333333317,0.026343800639898395,0.75,0.25,0.026343800639898395,62476.1,0
0.75,0.25,0.026343800639898395,0.48333333333333334,0.016666666666666663,0.026343800639898395,0.52,0.020000000000000018,0.026343800639898395,0.44666666666666666,0.053333333333333344,0.026343800639898395,0.71,0.20999999999999996,0.026343800639898395,63826.7,0
0.78,0.28,0.026343800639898395,0.5066666666666667,0.00666666666666671,0.026343800639898395,0.5333333333333333,0.033333333333333326,0.026343800639898395,0.45,0.04999999999999999,0.026343800639898395,0.7133333333333334,0.21333333333333337,0.026343800639898395,63547.7,0
0.7766666666666666,0.2766666666666666,0.026343800639898395,0.43,0.07,0.026343800639898395,0.5266666666666666,0.026666666666666616,0.026343800639898395,0.43666666666666665,0.06333333333333335,0.026343800639898395,0.7266666666666667,0.22666666666666668,0.026343800639898395,63814.0,0
0.8233333333333334,0.32333333333333336,0.026343800639898395,0.48333333333333334,0.016666666666666663,0.026343800639898395,0.6233333333333333,0.1233333333333333,0.026343800639898395,0.47333333333333333,0.026666666666666672,0.026343800639898395,0.7566666666666667,0.2566666666666667,0.026343800639898395,62648.3,0
0.8266666666666667,0.32666666666666666,0.026343800639898395,0.46,0.03999999999999998,0.026343800639898395,0.5866666666666667,0.08666666666666667,0.026343800639898395,0.47333333333333333,0.026666666666666672,0.026343800639898395,0.75,0.25,0.026343800639898395,63043.1,0
0.83,0.32999999999999996,0.026343800639898395,0.47,0.030000000000000027,0.026343800639898395,0.6533333333333333,0.15333333333333332,0.026343800639898395,0.47,0.030000000000000027,0.026343800639898395,0.78,0.28,0.026343800639898395,61920.0,1
0.8766666666666667,0.3766666666666667,0.026343800639898395,0.47333333333333333,0.026666666666666672,0.026343800639898395,0.75,0.25,0.026343800639898395,0.4766666666666667,0.023333333333333317,0.026343800639898395,0.81,0.31000000000000005,0.026343800639898395,60400.1,1
0.8766666666666667,0.3766666666666667,0.026343800639898395,0.5133333333333333,0.013333333333333308,0.026343800639898395,0.74,0.24,0.026343800639898395,0.46,0.03999999999999998,0.026343800639898395,0.82,0.31999999999999995,0.026343800639898395,60287.6,1
0.87,0.37,0.026343800639898395,0.4066666666666667,0.09333333333333332,0.026343800639898395,0.6666666666666666,0.16666666666666663,0.026343800639898395,0.44666666666666666,0.053333333333333344,0.026343800639898395,0.7833333333333333,0.2833333333333333,0.026343800639898395,61037.9,1
0.8766666666666667,0.3766666666666667,0.026343800639898395,0.5033333333333333,0.0033333333333332993,0.026343800639898395,0.69,0.18999999999999995,0.026343800639898395,0.45,0.04999999999999999,0.026343800639898395,0.8866666666666667,0.3866666666666667,0.026343800639898395,60671.7,1
0.8733333333333333,0.3733333333333333,0.026343800639898395,0.52,0.020000000000000018,0.026343800639898395,0.67,0.17000000000000004,0.026343800639898395,0.4533333333333333,0.04666666666666669,0.026343800639898395,0.8266666666666667,0.32666666666666666,0.026343800639898395,60974.0,1
0.8766666666666667,0.3766666666666667,0.026343800639898395,0.53,0.030000000000000027,0.026343800639898395,0.67,0.17000000000000004,0.026343800639898395,0.46,0.03999999999999998,0.026343800639898395,0.8866666666666667,0.3866666666666667,0.026343800639898395,60761.9,1
0.8833333333333333,0.3833333333333333,0.026343800639898395,0.5433333333333333,0.043333333333333335,0.026343800639898395,0.67,0.17000000000000004,0.026343800639898395,0.46,0.03999999999999998,0.026343800639898395,0.8866666666666667,0.3866666666666667,0.026343800639898395,60746.3,1
0.88,0.38,0.026343800639898395,0.57,0.06999999999999995,0.026343800639898395,0.6866666666666666,0.18666666666666665,0.026343800639898395,0.46,0.03999999999999998,0.026343800639898395,0.8833333333333333,0.3833333333333333,0.026343800639898395,60575.3,1
0.88,0.38,0.026343800639898395,0.5033333333333333,0.0033333333333332993,0.026343800639898395,0.6733333333333333,0.17333333333333334,0.026343800639898395,0.47,0.030000000000000027,0.026343800639898395,0.88,0.38,0.026343800639898395,60855.7,1
0.92,0.42000000000000004,0.026343800639898395,0.67,0.17000000000000004,0.026343800639898395,0.64,0.14,0.026343800639898395,0.52,0.020000000000000018,0.026343800639898395,0.9,0.4,0.026343800639898395,61678.4,0
0.8866666666666667,0.3866666666666667,0.026343800639898395,0.6166666666666667,0.1166666666666667,0.026343800639898395,0.58,0.07999999999999996,0.026343800639898395,0.49,0.010000000000000009,0.026343800639898395,0.87,0.37,0.026343800639898395,62381.1,0
0.8633333333333333,0.3633333333333333,0.026343800639898395,0.5966666666666667,0.09666666666666668,0.026343800639898395,0.5466666666666666,0.046666666666666634,0.026343800639898395,0.49333333333333335,0.006666666666666654,0.026343800639898395,0.7933333333333333,0.29333333333333333,0.026343800639898395,62615.0,0
0.9066666666666666,0.4066666666666666,0.026343800639898395,0.6066666666666667,0.10666666666666669,0.026343800639898395,0.6,0.09999999999999998,0.026343800639898395,0.51,0.010000000000000009,0.026343800639898395,0.84,0.33999999999999997,0.026343800639898395,62067.1,0
0.92,0.42000000000000004,0.026343800639898395,0.61,0.10999999999999999,0.026343800639898395,0.6466666666666666,0.1466666666666666,0.026343800639898395,0.5366666666666666,0.036666666666666625,0.026343800639898395,0.9,0.4,0.026343800639898395,61305.5,1
0.8166666666666667,0.31666666666666665,0.026343800639898395,0.48,0.020000000000000018,0.026343800639898395,0.4766666666666667,0.023333333333333317,0.026343800639898395,0.49666666666666665,0.003333333333333355,0.026343800639898395,0.67,0.17000000000000004,0.026343800639898395,63307.6,0
0.8833333333333333,0.3833333333333333,0.026343800639898395,0.36333333333333334,0.13666666666666666,0.026343800639898395,0.4766666666666667,0.023333333333333317,0.026343800639898395,0.5066666666666667,0.00666666666666671,0.026343800639898395,0.6866666666666666,0.18666666666666665,0.026343800639898395,63078.2,0
0.86,0.36,0.026343800639898395,0.36333333333333334,0.13666666666666666,0.026343800639898395,0.4666666666666667,0.033333333333333326,0.026343800639898395,0.5066666666666667,0.00666666666666671,0.026343800639898395,0.6733333333333333,0.17333333333333334,0.026343800639898395,63230.4,0
0.8366666666666667,0.33666666666666667,0.026343800639898395,0.36666666666666664,0.13333333333333336,0.026343800639898395,0.43333333333333335,0.06666666666666665,0.026343800639898395,0.49666666666666665,0.003333333333333355,0.026343800639898395,0.66,0.16000000000000003,0.026343800639898395,63438.0,0
0.8533333333333334,0.3533333333333334,0.026343800639898395,0.37,0.13,0.026343800639898395,0.42,0.08000000000000002,0.026343800639898395,0.47333333333333333,0.026666666666666672,0.026343800639898395,0.5966666666666667,0.09666666666666668,0.026343800639898395,63745.4,0
0.9033333333333333,0.4033333333333333,0.026343800639898395,0.3566666666666667,0.1433333333333333,0.026343800639898395,0.4633333333333333,0.03666666666666668,0.026343800639898395,0.49666666666666665,0.003333333333333355,0.026343800639898395,0.6466666666666666,0.1466666666666666,0.026343800639898395,63344.8,0
0.89,0.39,0.026343800639898395,0.34,0.15999999999999998,0.026343800639898395,0.4866666666666667,0.013333333333333308,0.026343800639898395,0.5233333333333333,0.023333333333333317,0.026343800639898395,0.64,0.14,0.026343800639898395,63076.4,0
0.92,0.42000000000000004,0.026343800639898395,0.41,0.09000000000000002,0.026343800639898395,0.5333333333333333,0.033333333333333326,0.026343800639898395,0.47333333333333333,0.026666666666666672,0.026343800639898395,0.68,0.18000000000000005,0.026343800639898395,62851.4,0
0.9133333333333333,0.41333333333333333,0.026343800639898395,0.37666666666666665,0.12333333333333335,0.026343800639898395,0.48333333333333334,0.016666666666666663,0.026343800639898395,0.4666666666666667,0.033333333333333326,0.026343800639898395,0.67,0.17000000000000004,0.026343800639898395,63158.5,1
0.95,0.44999999999999996,0.026343800639898395,0.39666666666666667,0.10333333333333333,0.026343800639898395,0.55,0.050000000000000044,0.026343800639898395,0.4866666666666667,0.013333333333333308,0.026343800639898395,0.71,0.20999999999999996,0.026343800639898395,62680.2,1
0.9433333333333334,0.44333333333333336,0.026343800639898395,0.49333333333333335,0.006666666666666654,0.026343800639898395,0.7533333333333333,0.2533333333333333,0.026343800639898395,0.56,0.06000000000000005,0.026343800639898395,0.8166666666666667,0.31666666666666665,0.026343800639898395,61087.9,1
0.93,0.43000000000000005,0.026343800639898395,0.41,0.09000000000000002,0.026343800639898395,0.6166666666666667,0.1166666666666667,0.026343800639898395,0.5333333333333333,0.033333333333333326,0.026343800639898395,0.8,0.30000000000000004,0.026343800639898395,62050.0,1
0.9466666666666667,0.44666666666666666,0.026343800639898395,0.43,0.07,0.026343800639898395,0.6966666666666667,0.19666666666666666,0.026343800639898395,0.5366666666666666,0.036666666666666625,0.026343800639898395,0.82,0.31999999999999995,0.026343800639898395,61690.4,1
0.95,0.44999999999999996,0.026343800639898395,0.44,0.06,0.026343800639898395,0.7466666666666667,0.2466666666666667,0.026343800639898395,0.5366666666666666,0.036666666666666625,0.026343800639898395,0.85,0.35,0.026343800639898395,61500.0,1
0.95,0.44999999999999996,0.026343800639898395,0.38666666666666666,0.11333333333333334,0.026343800639898395,0.7033333333333334,0.20333333333333337,0.026343800639898395,0.54,0.040000000000000036,0.026343800639898395,0.8166666666666667,0.31666666666666665,0.026343800639898395,61640.0,1
0.9533333333333334,0.45333333333333337,0.026343800639898395,0.43666666666666665,0.06333333333333335,0.026343800639898395,0.78,0.28,0.026343800639898395,0.57,0.06999999999999995,0.026343800639898395,0.91,0.41000000000000003,0.026343800639898395,60981.8,1
0.9466666666666667,0.44666666666666666,0.026343800639898395,0.39666666666666667,0.10333333333333333,0.026343800639898395,0.6033333333333334,0.10333333333333339,0.026343800639898395,0.4766666666666667,0.023333333333333317,0.026343800639898395,0.7233333333333334,0.22333333333333338,0.026343800639898395,62589.2,1
0.95,0.44999999999999996,0.026343800639898395,0.36333333333333334,0.13666666666666666,0.026343800639898395,0.66,0.16000000000000003,0.026343800639898395,0.52,0.020000000000000018,0.026343800639898395,0.84,0.33999999999999997,0.026343800639898395,61894.8,1
0.9433333333333334,0.44333333333333336,0.026343800639898395,0.38333333333333336,0.11666666666666664,0.026343800639898395,0.7,0.19999999999999996,0.026343800639898395,0.5266666666666666,0.026666666666666616,0.026343800639898395,0.87,0.37,0.026343800639898395,61464.4,1
0.95,0.44999999999999996,0.026343800639898395,0.56,0.06000000000000005,0.026343800639898395,0.6266666666666667,0.1266666666666667,0.026343800639898395,0.49,0.010000000000000009,0.026343800639898395,0.78,0.28,0.026343800639898395,62610.9,1
0.9566666666666667,0.45666666666666667,0.026343800639898395,0.6066666666666667,0.10666666666666669,0.026343800639898395,0.64,0.14,0.026343800639898395,0.44666666666666666,0.053333333333333344,0.026343800639898395,0.7833333333333333,0.2833333333333333,0.026343800639898395,62646.0,1
0.94,0.43999999999999995,0.026343800639898395,0.58,0.07999999999999996,0.026343800639898395,0.6233333333333333,0.1233333333333333,0.026343800639898395,0.43333333333333335,0.06666666666666665,0.026343800639898395,0.7533333333333333,0.2533333333333333,0.026343800639898395,63047.7,1
0.9566666666666667,0.45666666666666667,0.026343800639898395,0.6166666666666667,0.1166666666666667,0.026343800639898395,0.63,0.13,0.026343800639898395,0.44333333333333336,0.05666666666666664,0.026343800639898395,0.78,0.28,0.026343800639898395,62669.6,1
0.9233333333333333,0.42333333333333334,0.026343800639898395,0.59,0.08999999999999997,0.026343800639898395,0.5733333333333334,0.07333333333333336,0.026343800639898395,0.42,0.08000000000000002,0.026343800639898395,0.7266666666666667,0.22666666666666668,0.026343800639898395,63557.2,1
0.9266666666666666,0.42666666666666664,0.026343800639898395,0.64,0.14,0.026343800639898395,0.5766666666666667,0.07666666666666666,0.026343800639898395,0.41,0.09000000000000002,0.026343800639898395,0.74,0.24,0.026343800639898395,63552.3,1
0.9133333333333333,0.41333333333333333,0.026343800639898395,0.54,0.040000000000000036,0.026343800639898395,0.59,0.08999999999999997,0.026343800639898395,0.42,0.08000000000000002,0.026343800639898395,0.7166666666666667,0.21666666666666667,0.026343800639898395,63430.6,1
0.8833333333333333,0.3833333333333333,0.026343800639898395,0.5566666666666666,0.05666666666666664,0.026343800639898395,0.62,0.12,0.026343800639898395,0.4033333333333333,0.09666666666666668,0.026343800639898395,0.6966666666666667,0.19666666666666666,0.026343800639898395,63013.3,1
0.8466666666666667,0.3466666666666667,0.026343800639898395,0.44666666666666666,0.053333333333333344,0.026343800639898395,0.57,0.06999999999999995,0.026343800639898395,0.38666666666666666,0.11333333333333334,0.026343800639898395,0.66,0.16000000000000003,0.026343800639898395,63705.0,1
0.8366666666666667,0.33666666666666667,0.026343800639898395,0.45666666666666667,0.043333333333333335,0.026343800639898395,0.57,0.06999999999999995,0.026343800639898395,0.39666666666666667,0.10333333333333333,0.026343800639898395,0.7033333333333334,0.20333333333333337,0.026343800639898395,63551.7,1
0.8233333333333334,0.32333333333333336,0.026343800639898395,0.48333333333333334,0.016666666666666663,0.026343800639898395,0.5766666666666667,0.07666666666666666,0.026343800639898395,0.39,0.10999999999999999,0.026343800639898395,0.71,0.20999999999999996,0.026343800639898395,63567.1,1
0.8266666666666667,0.32666666666666666,0.026343800639898395,0.53,0.030000000000000027,0.026343800639898395,0.57,0.06999999999999995,0.026343800639898395,0.39666666666666667,0.10333333333333333,0.026343800639898395,0.7033333333333334,0.20333333333333337,0.026343800639898395,63543.2,1
0.8366666666666667,0.33666666666666667,0.026343800639898395,0.5266666666666666,0.026666666666666616,0.026343800639898395,0.6066666666666667,0.10666666666666669,0.026343800639898395,0.4066666666666667,0.09333333333333332,0.026343800639898395,0.7433333333333333,0.2433333333333333,0.026343800639898395,63494.3,1
0.8366666666666667,0.33666666666666667,0.026343800639898395,0.4766666666666667,0.023333333333333317,0.026343800639898395,0.61,0.10999999999999999,0.026343800639898395,0.39,0.10999999999999999,0.026343800639898395,0.7166666666666667,0.21666666666666667,0.026343800639898395,63783.9,1
0.83,0.32999999999999996,0.026343800639898395,0.5266666666666666,0.026666666666666616,0.026343800639898395,0.6133333333333333,0.11333333333333329,0.026343800639898395,0.39666666666666667,0.10333333333333333,0.026343800639898395,0.6933333333333334,0.19333333333333336,0.026343800639898395,63920.7,1
0.78,0.28,0.026343800639898395,0.41,0.09000000000000002,0.026343800639898395,0.61,0.10999999999999999,0.026343800639898395,0.37,0.13,0.026343800639898395,0.6666666666666666,0.16666666666666663,0.026343800639898395,64253.4,1
0.7766666666666666,0.2766666666666666,0.026343800639898395,0.39666666666666667,0.10333333333333333,0.026343800639898395,0.61,0.10999999999999999,0.026343800639898395,0.3333333333333333,0.16666666666666669,0.026343800639898395,0.6766666666666666,0.17666666666666664,0.026343800639898395,64281.7,1
0.7766666666666666,0.2766666666666666,0.026343800639898395,0.3466666666666667,0.15333333333333332,0.026343800639898395,0.5933333333333334,0.09333333333333338,0.026343800639898395,0.35,0.15000000000000002,0.026343800639898395,0.67,0.17000000000000004,0.026343800639898395,64404.0,1
0.7833333333333333,0.2833333333333333,0.026343800639898395,0.30333333333333334,0.19666666666666666,0.026343800639898395,0.64,0.14,0.026343800639898395,0.33666666666666667,0.16333333333333333,0.026343800639898395,0.6833333333333333,0.18333333333333335,0.026343800639898395,64512.8,1
0.8,0.30000000000000004,0.026343800639898395,0.3233333333333333,0.1766666666666667,0.026343800639898395,0.65,0.15000000000000002,0.026343800639898395,0.3466666666666667,0.15333333333333332,0.026343800639898395,0.69,0.18999999999999995,0.026343800639898395,64409.8,1
0.7966666666666666,0.29666666666666663,0.026343800639898395,0.30666666666666664,0.19333333333333336,0.026343800639898395,0.65,0.15000000000000002,0.026343800639898395,0.35,0.15000000000000002,0.026343800639898395,0.6933333333333334,0.19333333333333336,0.026343800639898395,64521.5,1
0.8633333333333333,0.3633333333333333,0.026343800639898395,0.38,0.12,0.026343800639898395,0.68,0.18000000000000005,0.026343800639898395,0.36333333333333334,0.13666666666666666,0.026343800639898395,0.74,0.24,0.026343800639898395,63982.4,1
0.8966666666666666,0.3966666666666666,0.026343800639898395,0.33666666666666667,0.16333333333333333,0.026343800639898395,0.7066666666666667,0.20666666666666667,0.026343800639898395,0.34,0.15999999999999998,0.026343800639898395,0.77,0.27,0.026343800639898395,63750.0,1
0.7833333333333333,0.2833333333333333,0.026343800639898395,0.42333333333333334,0.07666666666666666,0.026343800639898395,0.58,0.07999999999999996,0.026343800639898395,0.27,0.22999999999999998,0.026343800639898395,0.6333333333333333,0.1333333333333333,0.026343800639898395,65715.1,0
0.8533333333333334,0.3533333333333334,0.026343800639898395,0.3933333333333333,0.10666666666666669,0.026343800639898395,0.5433333333333333,0.043333333333333335,0.026343800639898395,0.27,0.22999999999999998,0.026343800639898395,0.5433333333333333,0.043333333333333335,0.026343800639898395,65890.0,0
0.8733333333333333,0.3733333333333333,0.026343800639898395,0.4033333333333333,0.09666666666666668,0.026343800639898395,0.61,0.10999999999999999,0.026343800639898395,0.28,0.21999999999999997,0.026343800639898395,0.56,0.06000000000000005,0.026343800639898395,65622.4,0
0.8566666666666667,0.3566666666666667,0.026343800639898395,0.44,0.06,0.026343800639898395,0.48,0.020000000000000018,0.026343800639898395,0.2866666666666667,0.21333333333333332,0.026343800639898395,0.5133333333333333,0.013333333333333308,0.026343800639898395,66197.5,0
0.77,0.27,0.026343800639898395,0.44666666666666666,0.053333333333333344,0.026343800639898395,0.4033333333333333,0.09666666666666668,0.026343800639898395,0.30333333333333334,0.19666666666666666,0.026343800639898395,0.4866666666666667,0.013333333333333308,0.026343800639898395,67243.2,0
0.8566666666666667,0.3566666666666667,0.026343800639898395,0.49333333333333335,0.006666666666666654,0.026343800639898395,0.43333333333333335,0.06666666666666665,0.026343800639898395,0.3433333333333333,0.15666666666666668,0.026343800639898395,0.52,0.020000000000000018,0.026343800639898395,66555.0,0
0.85,0.35,0.026343800639898395,0.4633333333333333,0.03666666666666668,0.026343800639898395,0.49333333333333335,0.006666666666666654,0.026343800639898395,0.37,0.13,0.026343800639898395,0.5166666666666667,0.01666666666666672,0.026343800639898395,66284.3,0
0.7733333333333333,0.2733333333333333,0.026343800639898395,0.4,0.09999999999999998,0.026343800639898395,0.56,0.06000000000000005,0.026343800639898395,0.36,0.14,0.026343800639898395,0.63,0.13,0.026343800639898395,66109.9,0
0.76,0.26,0.026343800639898395,0.44333333333333336,0.05666666666666664,0.026343800639898395,0.5233333333333333,0.023333333333333317,0.026343800639898395,0.36,0.14,0.026343800639898395,0.5966666666666667,0.09666666666666668,0.026343800639898395,66336.4,0
0.7366666666666667,0.2366666666666667,0.026343800639898395,0.4266666666666667,0.0733333333333333,0.026343800639898395,0.51,0.010000000000000009,0.026343800639898395,0.35333333333333333,0.14666666666666667,0.026343800639898395,0.6033333333333334,0.10333333333333339,0.026343800639898395,66434.4,0
0.8066666666666666,0.30666666666666664,0.026343800639898395,0.43333333333333335,0.06666666666666665,0.026343800639898395,0.5966666666666667,0.09666666666666668,0.026343800639898395,0.36666666666666664,0.13333333333333336,0.026343800639898395,0.6233333333333333,0.1233333333333333,0.026343800639898395,65816.4,0
0.8266666666666667,0.32666666666666666,0.026343800639898395,0.45,0.04999999999999999,0.026343800639898395,0.6266666666666667,0.1266666666666667,0.026343800639898395,0.37666666666666665,0.12333333333333335,0.026343800639898395,0.6066666666666667,0.10666666666666669,0.026343800639898395,65603.8,0
0.83,0.32999999999999996,0.026343800639898395,0.49,0.010000000000000009,0.026343800639898395,0.6366666666666667,0.13666666666666671,0.026343800639898395,0.37,0.13,0.026343800639898395,0.64,0.14,0.026343800639898395,65609.5,0
0.8433333333333334,0.3433333333333334,0.026343800639898395,0.43,0.07,0.026343800639898395,0.6,0.09999999999999998,0.026343800639898395,0.35,0.15000000000000002,0.026343800639898395,0.6366666666666667,0.13666666666666671,0.026343800639898395,65781.5,0
0.8733333333333333,0.3733333333333333,0.026343800639898395,0.43666666666666665,0.06333333333333335,0.026343800639898395,0.6966666666666667,0.19666666666666666,0.026343800639898395,0.3933333333333333,0.10666666666666669,0.026343800639898395,0.65,0.15000000000000002,0.026343800639898395,65472.2,0
0.96,0.45999999999999996,0.026343800639898395,0.5266666666666666,0.026666666666666616,0.026343800639898395,0.74,0.24,0.026343800639898395,0.43,0.07,0.026343800639898395,0.6933333333333334,0.19333333333333336,0.026343800639898395,64752.0,0
0.93,0.43000000000000005,0.026343800639898395,0.47,0.030000000000000027,0.026343800639898395,0.68,0.18000000000000005,0.026343800639898395,0.36666666666666664,0.13333333333333336,0.026343800639898395,0.68,0.18000000000000005,0.026343800639898395,65703.5,0
0.9266666666666666,0.42666666666666664,0.026343800639898395,0.49333333333333335,0.006666666666666654,0.026343800639898395,0.7866666666666666,0.2866666666666666,0.026343800639898395,0.47333333333333333,0.026666666666666672,0.026343800639898395,0.7233333333333334,0.22333333333333338,0.026343800639898395,64250.0,0
0.9666666666666667,0.4666666666666667,0.026343800639898395,0.4766666666666667,0.023333333333333317,0.026343800639898395,0.77,0.27,0.026343800639898395,0.4766666666666667,0.023333333333333317,0.026343800639898395,0.73,0.22999999999999998,0.026343800639898395,64454.8,0
0.9433333333333334,0.44333333333333336,0.026343800639898395,0.36666666666666664,0.13333333333333336,0.026343800639898395,0.7766666666666666,0.2766666666666666,0.026343800639898395,0.46,0.03999999999999998,0.026343800639898395,0.7733333333333333,0.2733333333333333,0.026343800639898395,64203.8,0
0.95,0.44999999999999996,0.026343800639898395,0.4066666666666667,0.09333333333333332,0.026343800639898395,0.77,0.27,0.026343800639898395,0.4766666666666667,0.023333333333333317,0.026343800639898395,0.77,0.27,0.026343800639898395,64434.8,0
0.9366666666666666,0.43666666666666665,0.026343800639898395,0.4066666666666667,0.09333333333333332,0.026343800639898395,0.83,0.32999999999999996,0.026343800639898395,0.5166666666666667,0.01666666666666672,0.026343800639898395,0.7833333333333333,0.2833333333333333,0.026343800639898395,63910.1,1
0.9533333333333334,0.45333333333333337,0.026343800639898395,0.46,0.03999999999999998,0.026343800639898395,0.8766666666666667,0.3766666666666667,0.026343800639898395,0.6033333333333334,0.10333333333333339,0.026343800639898395,0.8166666666666667,0.31666666666666665,0.026343800639898395,62297.9,1
0.9366666666666666,0.43666666666666665,0.026343800639898395,0.4633333333333333,0.03666666666666668,0.026343800639898395,0.8666666666666667,0.3666666666666667,0.026343800639898395,0.6166666666666667,0.1166666666666667,0.026343800639898395,0.8333333333333334,0.33333333333333337,0.026343800639898395,62866.4,1
0.9533333333333334,0.45333333333333337,0.026343800639898395,0.5033333333333333,0.0033333333333332993,0.026343800639898395,0.8866666666666667,0.3866666666666667,0.026343800639898395,0.6166666666666667,0.1166666666666667,0.026343800639898395,0.8166666666666667,0.31666666666666665,0.026343800639898395,62885.6,1
0.96,0.45999999999999996,0.026343800639898395,0.5966666666666667,0.09666666666666668,0.026343800639898395,0.8933333333333333,0.3933333333333333,0.026343800639898395,0.6166666666666667,0.1166666666666667,0.026343800639898395,0.78,0.28,0.026343800639898395,62695.3,1
0.9666666666666667,0.4666666666666667,0.026343800639898395,0.62,0.12,0.026343800639898395,0.89,0.39,0.026343800639898395,0.61,0.10999999999999999,0.026343800639898395,0.7966666666666666,0.29666666666666663,0.026343800639898395,62555.2,1
0.9733333333333334,0.4733333333333334,0.026343800639898395,0.6033333333333334,0.10333333333333339,0.026343800639898395,0.8966666666666666,0.3966666666666666,0.026343800639898395,0.5866666666666667,0.08666666666666667,0.026343800639898395,0.7966666666666666,0.29666666666666663,0.026343800639898395,62574.0,1
0.9666666666666667,0.4666666666666667,0.026343800639898395,0.5566666666666666,0.05666666666666664,0.026343800639898395,0.88,0.38,0.026343800639898395,0.6033333333333334,0.10333333333333339,0.026343800639898395,0.77,0.27,0.026343800639898395,63151.9,1
0.9833333333333333,0.4833333333333333,0.026343800639898395,0.5633333333333334,0.06333333333333335,0.026343800639898395,0.88,0.38,0.026343800639898395,0.61,0.10999999999999999,0.026343800639898395,0.75,0.25,0.026343800639898395,62973.4,1
0.9733333333333334,0.4733333333333334,0.026343800639898395,0.6166666666666667,0.1166666666666667,0.026343800639898395,0.87,0.37,0.026343800639898395,0.5833333333333334,0.08333333333333337,0.026343800639898395,0.7666666666666667,0.2666666666666667,0.026343800639898395,63486.4,1
0.9833333333333333,0.4833333333333333,0.026343800639898395,0.6633333333333333,0.16333333333333333,0.026343800639898395,0.8666666666666667,0.3666666666666667,0.026343800639898395,0.58,0.07999999999999996,0.026343800639898395,0.7666666666666667,0.2666666666666667,0.026343800639898395,63410.9,1
0.9633333333333334,0.4633333333333334,0.026343800639898395,0.5566666666666666,0.05666666666666664,0.026343800639898395,0.8733333333333333,0.3733333333333333,0.026343800639898395,0.56,0.06000000000000005,0.026343800639898395,0.7433333333333333,0.2433333333333333,0.026343800639898395,63599.4,1
0.96,0.45999999999999996,0.026343800639898395,0.6033333333333334,0.10333333333333339,0.026343800639898395,0.87,0.37,0.026343800639898395,0.57,0.06999999999999995,0.026343800639898395,0.74,0.24,0.026343800639898395,63629.6,1
0.9566666666666667,0.45666666666666667,0.026343800639898395,0.5566666666666666,0.05666666666666664,0.026343800639898395,0.7866666666666666,0.2866666666666666,0.026343800639898395,0.5,0.0,0.026343800639898395,0.7366666666666667,0.2366666666666667,0.026343800639898395,64074.1,0
0.9533333333333334,0.45333333333333337,0.026343800639898395,0.5533333333333333,0.053333333333333344,0.026343800639898395,0.8166666666666667,0.31666666666666665,0.026343800639898395,0.5333333333333333,0.033333333333333326,0.026343800639898395,0.7333333333333333,0.23333333333333328,0.026343800639898395,63867.6,0
0.9233333333333333,0.42333333333333334,0.026343800639898395,0.5433333333333333,0.043333333333333335,0.026343800639898395,0.7666666666666667,0.2666666666666667,0.026343800639898395,0.47333333333333333,0.026666666666666672,0.026343800639898395,0.7433333333333333,0.2433333333333333,0.026343800639898395,64250.1,0
0.8966666666666666,0.3966666666666666,0.026343800639898395,0.42,0.08000000000000002,0.026343800639898395,0.7366666666666667,0.2366666666666667,0.026343800639898395,0.43,0.07,0.026343800639898395,0.74,0.24,0.026343800639898395,64356.7,0
0.9166666666666666,0.41666666666666663,0.026343800639898395,0.5166666666666667,0.01666666666666672,0.026343800639898395,0.74,0.24,0.026343800639898395,0.45666666666666667,0.043333333333333335,0.026343800639898395,0.7366666666666667,0.2366666666666667,0.026343800639898395,64120.3,0
0.92,0.42000000000000004,0.026343800639898395,0.48,0.020000000000000018,0.026343800639898395,0.7233333333333334,0.22333333333333338,0.026343800639898395,0.45,0.04999999999999999,0.026343800639898395,0.7466666666666667,0.2466666666666667,0.026343800639898395,64070.3,0
0.91,0.41000000000000003,0.026343800639898395,0.52,0.020000000000000018,0.026343800639898395,0.7266666666666667,0.22666666666666668,0.026343800639898395,0.4633333333333333,0.03666666666666668,0.026343800639898395,0.7366666666666667,0.2366666666666667,0.026343800639898395,64150.1,0
0.9066666666666666,0.4066666666666666,0.026343800639898395,0.47,0.030000000000000027,0.026343800639898395,0.71,0.20999999999999996,0.026343800639898395,0.46,0.03999999999999998,0.026343800639898395,0.7466666666666667,0.2466666666666667,0.026343800639898395,64136.6,0
0.96,0.45999999999999996,0.026343800639898395,0.5433333333333333,0.043333333333333335,0.026343800639898395,0.8733333333333333,0.3733333333333333,0.026343800639898395,0.5066666666666667,0.00666666666666671,0.026343800639898395,0.7366666666666667,0.2366666666666667,0.026343800639898395,63234.0,0
0.9466666666666667,0.44666666666666666,0.026343800639898395,0.58,0.07999999999999996,0.026343800639898395,0.8,0.30000000000000004,0.026343800639898395,0.55,0.050000000000000044,0.026343800639898395,0.7566666666666667,0.2566666666666667,0.026343800639898395,63895.2,0
0.9466666666666667,0.44666666666666666,0.026343800639898395,0.5733333333333334,0.07333333333333336,0.026343800639898395,0.7733333333333333,0.2733333333333333,0.026343800639898395,0.5133333333333333,0.013333333333333308,0.026343800639898395,0.72,0.21999999999999997,0.026343800639898395,64120.0,0
0.95,0.44999999999999996,0.026343800639898395,0.5,0.0,0.026343800639898395,0.7666666666666667,0.2666666666666667,0.026343800639898395,0.47,0.030000000000000027,0.026343800639898395,0.7433333333333333,0.2433333333333333,0.026343800639898395,64590.8,0
0.9333333333333333,0.43333333333333335,0.026343800639898395,0.55,0.050000000000000044,0.026343800639898395,0.74,0.24,0.026343800639898395,0.48,0.020000000000000018,0.026343800639898395,0.7233333333333334,0.22333333333333338,0.026343800639898395,64762.4,0
0.9533333333333334,0.45333333333333337,0.026343800639898395,0.54,0.040000000000000036,0.026343800639898395,0.77,0.27,0.026343800639898395,0.5533333333333333,0.053333333333333344,0.026343800639898395,0.7666666666666667,0.2666666666666667,0.026343800639898395,64426.9,0
0.95,0.44999999999999996,0.026343800639898395,0.6066666666666667,0.10666666666666669,0.026343800639898395,0.84,0.33999999999999997,0.026343800639898395,0.6166666666666667,0.1166666666666667,0.026343800639898395,0.76,0.26,0.026343800639898395,63953.6,0
0.9533333333333334,0.45333333333333337,0.026343800639898395,0.36666666666666664,0.13333333333333336,0.026343800639898395,0.8066666666666666,0.30666666666666664,0.026343800639898395,0.6166666666666667,0.1166666666666667,0.026343800639898395,0.7433333333333333,0.2433333333333333,0.026343800639898395,63989.0,0
0.9466666666666667,0.44666666666666666,0.026343800639898395,0.4266666666666667,0.0733333333333333,0.026343800639898395,0.8933333333333333,0.3933333333333333,0.026343800639898395,0.6266666666666667,0.1266666666666667,0.026343800639898395,0.8066666666666666,0.30666666666666664,0.026343800639898395,62799.7,0
0.9533333333333334,0.45333333333333337,0.026343800639898395,0.4266666666666667,0.0733333333333333,0.026343800639898395,0.89,0.39,0.026343800639898395,0.66,0.16000000000000003,0.026343800639898395,0.82,0.31999999999999995,0.026343800639898395,62438.1,0
0.96,0.45999999999999996,0.026343800639898395,0.39,0.10999999999999999,0.026343800639898395,0.89,0.39,0.026343800639898395,0.6466666666666666,0.1466666666666666,0.026343800639898395,0.8266666666666667,0.32666666666666666,0.026343800639898395,62393.7,0
0.9666666666666667,0.4666666666666667,0.026343800639898395,0.44333333333333336,0.05666666666666664,0.026343800639898395,0.8933333333333333,0.3933333333333333,0.026343800639898395,0.65,0.15000000000000002,0.026343800639898395,0.8,0.30000000000000004,0.026343800639898395,62320.2,0
0.9733333333333334,0.4733333333333334,0.026343800639898395,0.42333333333333334,0.07666666666666666,0.026343800639898395,0.85,0.35,0.026343800639898395,0.6566666666666666,0.15666666666666662,0.026343800639898395,0.7833333333333333,0.2833333333333333,0.026343800639898395,62650.3,0
0.94,0.43999999999999995,0.026343800639898395,0.42333333333333334,0.07666666666666666,0.026343800639898395,0.89,0.39,0.026343800639898395,0.5933333333333334,0.09333333333333338,0.026343800639898395,0.81,0.31000000000000005,0.026343800639898395,62659.1,0
0.9466666666666667,0.44666666666666666,0.026343800639898395,0.5133333333333333,0.013333333333333308,0.026343800639898395,0.8966666666666666,0.3966666666666666,0.026343800639898395,0.57,0.06999999999999995,0.026343800639898395,0.79,0.29000000000000004,0.026343800639898395,62559.6,0
0.9366666666666666,0.43666666666666665,0.026343800639898395,0.44666666666666666,0.053333333333333344,0.026343800639898395,0.88,0.38,0.026343800639898395,0.5833333333333334,0.08333333333333337,0.026343800639898395,0.7933333333333333,0.29333333333333333,0.026343800639898395,62839.0,0
0.96,0.45999999999999996,0.026343800639898395,0.5966666666666667,0.09666666666666668,0.026343800639898395,0.8433333333333334,0.3433333333333334,0.026343800639898395,0.65,0.15000000000000002,0.026343800639898395,0.83,0.32999999999999996,0.026343800639898395,60179.1,1
0.96,0.45999999999999996,0.026343800639898395,0.6266666666666667,0.1266666666666667,0.026343800639898395,0.8466666666666667,0.3466666666666667,0.026343800639898395,0.61,0.10999999999999999,0.026343800639898395,0.7733333333333333,0.2733333333333333,0.026343800639898395,59868.8,1
0.96,0.45999999999999996,0.026343800639898395,0.48,0.020000000000000018,0.026343800639898395,0.8666666666666667,0.3666666666666667,0.026343800639898395,0.6133333333333333,0.11333333333333329,0.026343800639898395,0.84,0.33999999999999997,0.026343800639898395,60980.8,0
0.9433333333333334,0.44333333333333336,0.026343800639898395,0.6566666666666666,0.15666666666666662,0.026343800639898395,0.8766666666666667,0.3766666666666667,0.026343800639898395,0.6166666666666667,0.1166666666666667,0.026343800639898395,0.82,0.31999999999999995,0.026343800639898395,60795.1,0
0.94,0.43999999999999995,0.026343800639898395,0.58,0.07999999999999996,0.026343800639898395,0.89,0.39,0.026343800639898395,0.5766666666666667,0.07666666666666666,0.026343800639898395,0.7833333333333333,0.2833333333333333,0.026343800639898395,61817.5,0
0.9433333333333334,0.44333333333333336,0.026343800639898395,0.61,0.10999999999999999,0.026343800639898395,0.8533333333333334,0.3533333333333334,0.026343800639898395,0.6033333333333334,0.10333333333333339,0.026343800639898395,0.8,0.30000000000000004,0.026343800639898395,61190.8,0
0.9466666666666667,0.44666666666666666,0.026343800639898395,0.6833333333333333,0.18333333333333335,0.026343800639898395,0.86,0.36,0.026343800639898395,0.5566666666666666,0.05666666666666664,0.026343800639898395,0.7733333333333333,0.2733333333333333,0.026343800639898395,59469.4,1
0.9466666666666667,0.44666666666666666,0.026343800639898395,0.6833333333333333,0.18333333333333335,0.026343800639898395,0.8666666666666667,0.3666666666666667,0.026343800639898395,0.5466666666666666,0.046666666666666634,0.026343800639898395,0.8233333333333334,0.32333333333333336,0.026343800639898395,59199.1,1
0.95,0.44999999999999996,0.026343800639898395,0.6433333333333333,0.1433333333333333,0.026343800639898395,0.8666666666666667,0.3666666666666667,0.026343800639898395,0.56,0.06000000000000005,0.026343800639898395,0.8266666666666667,0.32666666666666666,0.026343800639898395,59707.1,1
0.9633333333333334,0.4633333333333334,0.026343800639898395,0.63,0.13,0.026343800639898395,0.8833333333333333,0.3833333333333333,0.026343800639898395,0.5666666666666667,0.06666666666666665,0.026343800639898395,0.7966666666666666,0.29666666666666663,0.026343800639898395,59948.4,0
0.9666666666666667,0.4666666666666667,0.026343800639898395,0.58,0.07999999999999996,0.026343800639898395,0.88,0.38,0.026343800639898395,0.5366666666666666,0.036666666666666625,0.026343800639898395,0.7833333333333333,0.2833333333333333,0.026343800639898395,60456.8,0
0.9666666666666667,0.4666666666666667,0.026343800639898395,0.6033333333333334,0.10333333333333339,0.026343800639898395,0.8633333333333333,0.3633333333333333,0.026343800639898395,0.5566666666666666,0.05666666666666664,0.026343800639898395,0.7966666666666666,0.29666666666666663,0.026343800639898395,59332.1,1
0.97,0.47,0.026343800639898395,0.6066666666666667,0.10666666666666669,0.026343800639898395,0.8933333333333333,0.3933333333333333,0.026343800639898395,0.5633333333333334,0.06333333333333335,0.026343800639898395,0.8066666666666666,0.30666666666666664,0.026343800639898395,60245.5,0
0.9633333333333334,0.4633333333333334,0.026343800639898395,0.62,0.12,0.026343800639898395,0.9033333333333333,0.4033333333333333,0.026343800639898395,0.5633333333333334,0.06333333333333335,0.026343800639898395,0.8033333333333333,0.30333333333333334,0.026343800639898395,59664.8,1
0.97,0.47,0.026343800639898395,0.6166666666666667,0.1166666666666667,0.026343800639898395,0.8833333333333333,0.3833333333333333,0.026343800639898395,0.5633333333333334,0.06333333333333335,0.026343800639898395,0.8033333333333333,0.30333333333333334,0.026343800639898395,60009.2,0
0.9666666666666667,0.4666666666666667,0.026343800639898395,0.6566666666666666,0.15666666666666662,0.026343800639898395,0.8666666666666667,0.3666666666666667,0.026343800639898395,0.56,0.06000000000000005,0.026343800639898395,0.7866666666666666,0.2866666666666666,0.026343800639898395,60231.1,0
0.98,0.48,0.026343800639898395,0.6566666666666666,0.15666666666666662,0.026343800639898395,0.8733333333333333,0.3733333333333333,0.026343800639898395,0.5066666666666667,0.00666666666666671,0.026343800639898395,0.7533333333333333,0.2533333333333333,0.026343800639898395,60447.6,0
0.9766666666666667,0.4766666666666667,0.026343800639898395,0.6833333333333333,0.18333333333333335,0.026343800639898395,0.8766666666666667,0.3766666666666667,0.026343800639898395,0.55,0.050000000000000044,0.026343800639898395,0.7633333333333333,0.2633333333333333,0.026343800639898395,60267.7,0
0.9666666666666667,0.4666666666666667,0.026343800639898395,0.65,0.15000000000000002,0.026343800639898395,0.81,0.31000000000000005,0.026343800639898395,0.47333333333333333,0.026666666666666672,0.026343800639898395,0.7333333333333333,0.23333333333333328,0.026343800639898395,60739.9,0
0.9733333333333334,0.4733333333333334,0.026343800639898395,0.6933333333333334,0.19333333333333336,0.026343800639898395,0.8866666666666667,0.3866666666666667,0.026343800639898395,0.5433333333333333,0.043333333333333335,0.026343800639898395,0.8,0.30000000000000004,0.026343800639898395,60083.4,0
0.9666666666666667,0.4666666666666667,0.026343800639898395,0.67,0.17000000000000004,0.026343800639898395,0.89,0.39,0.026343800639898395,0.5366666666666666,0.036666666666666625,0.026343800639898395,0.7933333333333333,0.29333333333333333,0.026343800639898395,59941.5,0
0.97,0.47,0.026343800639898395,0.6266666666666667,0.1266666666666667,0.026343800639898395,0.8866666666666667,0.3866666666666667,0.026343800639898395,0.5233333333333333,0.023333333333333317,0.026343800639898395,0.7566666666666667,0.2566666666666667,0.026343800639898395,60122.6,0
0.9733333333333334,0.4733333333333334,0.026343800639898395,0.6666666666666666,0.16666666666666663,0.026343800639898395,0.8933333333333333,0.3933333333333333,0.026343800639898395,0.5266666666666666,0.026666666666666616,0.026343800639898395,0.7433333333333333,0.2433333333333333,0.026343800639898395,60128.6,0
0.9766666666666667,0.4766666666666667,0.026343800639898395,0.6133333333333333,0.11333333333333329,0.026343800639898395,0.8566666666666667,0.3566666666666667,0.026343800639898395,0.5233333333333333,0.023333333333333317,0.026343800639898395,0.7366666666666667,0.2366666666666667,0.026343800639898395,60250.7,0
0.97,0.47,0.026343800639898395,0.6833333333333333,0.18333333333333335,0.026343800639898395,0.9033333333333333,0.4033333333333333,0.026343800639898395,0.5333333333333333,0.033333333333333326,0.026343800639898395,0.7833333333333333,0.2833333333333333,0.026343800639898395,59798.5,0
0.9666666666666667,0.4666666666666667,0.026343800639898395,0.68,0.18000000000000005,0.026343800639898395,0.8966666666666666,0.3966666666666666,0.026343800639898395,0.5333333333333333,0.033333333333333326,0.026343800639898395,0.8,0.30000000000000004,0.026343800639898395,59398.4,0
0.9633333333333334,0.4633333333333334,0.026343800639898395,0.6466666666666666,0.1466666666666666,0.026343800639898395,0.8633333333333333,0.3633333333333333,0.026343800639898395,0.53,0.030000000000000027,0.026343800639898395,0.7833333333333333,0.2833333333333333,0.026343800639898395,59489.5,0
0.9833333333333333,0.4833333333333333,0.026343800639898395,0.5933333333333334,0.09333333333333338,0.026343800639898395,0.8566666666666667,0.3566666666666667,0.026343800639898395,0.5166666666666667,0.01666666666666672,0.026343800639898395,0.7566666666666667,0.2566666666666667,0.026343800639898395,59948.1,1
0.9866666666666667,0.4866666666666667,0.026343800639898395,0.68,0.18000000000000005,0.026343800639898395,0.87,0.37,0.026343800639898395,0.5266666666666666,0.026666666666666616,0.026343800639898395,0.76,0.26,0.026343800639898395,59944.6,1
0.9866666666666667,0.4866666666666667,0.026343800639898395,0.66,0.16000000000000003,0.026343800639898395,0.8466666666666667,0.3466666666666667,0.026343800639898395,0.52,0.020000000000000018,0.026343800639898395,0.7433333333333333,0.2433333333333333,0.026343800639898395,59869.2,1
0.9866666666666667,0.4866666666666667,0.026343800639898395,0.6366666666666667,0.13666666666666671,0.026343800639898395,0.87,0.37,0.026343800639898395,0.54,0.040000000000000036,0.026343800639898395,0.7666666666666667,0.2666666666666667,0.026343800639898395,59707.5,1
0.94,0.43999999999999995,0.026343800639898395,0.5466666666666666,0.046666666666666634,0.026343800639898395,0.7666666666666667,0.2666666666666667,0.026343800639898395,0.49666666666666665,0.003333333333333355,0.026343800639898395,0.6966666666666667,0.19666666666666666,0.026343800639898395,60343.0,0
0.9533333333333334,0.45333333333333337,0.026343800639898395,0.6833333333333333,0.18333333333333335,0.026343800639898395,0.8066666666666666,0.30666666666666664,0.026343800639898395,0.49666666666666665,0.003333333333333355,0.026343800639898395,0.7033333333333334,0.20333333333333337,0.026343800639898395,60157.3,1
0.9666666666666667,0.4666666666666667,0.026343800639898395,0.5666666666666667,0.06666666666666665,0.026343800639898395,0.8333333333333334,0.33333333333333337,0.026343800639898395,0.5733333333333334,0.07333333333333336,0.026343800639898395,0.7966666666666666,0.29666666666666663,0.026343800639898395,59545.1,1
0.9666666666666667,0.4666666666666667,0.026343800639898395,0.58,0.07999999999999996,0.026343800639898395,0.8766666666666667,0.3766666666666667,0.026343800639898395,0.58,0.07999999999999996,0.026343800639898395,0.8066666666666666,0.30666666666666664,0.026343800639898395,59430.0,1
0.9666666666666667,0.4666666666666667,0.026343800639898395,0.5333333333333333,0.033333333333333326,0.026343800639898395,0.8066666666666666,0.30666666666666664,0.026343800639898395,0.5733333333333334,0.07333333333333336,0.026343800639898395,0.8233333333333334,0.32333333333333336,0.026343800639898395,59088.1,1
0.9566666666666667,0.45666666666666667,0.026343800639898395,0.47,0.030000000000000027,0.026343800639898395,0.8266666666666667,0.32666666666666666,0.026343800639898395,0.5833333333333334,0.08333333333333337,0.026343800639898395,0.73,0.22999999999999998,0.026343800639898395,58273.1,1
0.97,0.47,0.026343800639898395,0.5033333333333333,0.0033333333333332993,0.026343800639898395,0.83,0.32999999999999996,0.026343800639898395,0.5766666666666667,0.07666666666666666,0.026343800639898395,0.8266666666666667,0.32666666666666666,0.026343800639898395,58729.8,1
0.9666666666666667,0.4666666666666667,0.026343800639898395,0.51,0.010000000000000009,0.026343800639898395,0.8166666666666667,0.31666666666666665,0.026343800639898395,0.5766666666666667,0.07666666666666666,0.026343800639898395,0.82,0.31999999999999995,0.026343800639898395,58531.9,1
0.98,0.48,0.026343800639898395,0.6233333333333333,0.1233333333333333,0.026343800639898395,0.8066666666666666,0.30666666666666664,0.026343800639898395,0.57,0.06999999999999995,0.026343800639898395,0.7966666666666666,0.29666666666666663,0.026343800639898395,59100.0,1
0.9733333333333334,0.4733333333333334,0.026343800639898395,0.6733333333333333,0.17333333333333334,0.026343800639898395,0.8233333333333334,0.32333333333333336,0.026343800639898395,0.5466666666666666,0.046666666666666634,0.026343800639898395,0.8266666666666667,0.32666666666666666,0.026343800639898395,58693.3,1
0.9766666666666667,0.4766666666666667,0.026343800639898395,0.65,0.15000000000000002,0.026343800639898395,0.82,0.31999999999999995,0.026343800639898395,0.5433333333333333,0.043333333333333335,0.026343800639898395,0.83,0.32999999999999996,0.026343800639898395,58545.6,1
0.95,0.44999999999999996,0.026343800639898395,0.63,0.13,0.026343800639898395,0.7866666666666666,0.2866666666666666,0.026343800639898395,0.44333333333333336,0.05666666666666664,0.026343800639898395,0.7,0.19999999999999996,0.026343800639898395,60097.0,1
0.9566666666666667,0.45666666666666667,0.026343800639898395,0.67,0.17000000000000004,0.026343800639898395,0.79,0.29000000000000004,0.026343800639898395,0.46,0.03999999999999998,0.026343800639898395,0.7,0.19999999999999996,0.026343800639898395,59965.5,1
0.96,0.45999999999999996,0.026343800639898395,0.6666666666666666,0.16666666666666663,0.026343800639898395,0.78,0.28,0.026343800639898395,0.5,0.0,0.026343800639898395,0.6933333333333334,0.19333333333333336,0.026343800639898395,59959.4,1
0.8833333333333333,0.3833333333333333,0.026343800639898395,0.5033333333333333,0.0033333333333332993,0.026343800639898395,0.7233333333333334,0.22333333333333338,0.026343800639898395,0.42,0.08000000000000002,0.026343800639898395,0.67,0.17000000000000004,0.026343800639898395,60986.0,1
0.9633333333333334,0.4633333333333334,0.026343800639898395,0.55,0.050000000000000044,0.026343800639898395,0.8066666666666666,0.30666666666666664,0.026343800639898395,0.5166666666666667,0.01666666666666672,0.026343800639898395,0.7333333333333333,0.23333333333333328,0.026343800639898395,60063.3,1
0.8333333333333334,0.33333333333333337,0.026343800639898395,0.5166666666666667,0.01666666666666672,0.026343800639898395,0.6733333333333333,0.17333333333333334,0.026343800639898395,0.41,0.09000000000000002,0.026343800639898395,0.69,0.18999999999999995,0.026343800639898395,61286.6,1
0.7733333333333333,0.2733333333333333,0.026343800639898395,0.53,0.030000000000000027,0.026343800639898395,0.6633333333333333,0.16333333333333333,0.026343800639898395,0.42,0.08000000000000002,0.026343800639898395,0.6933333333333334,0.19333333333333336,0.026343800639898395,61550.0,1
0.8066666666666666,0.30666666666666664,0.026343800639898395,0.52,0.020000000000000018,0.026343800639898395,0.65,0.15000000000000002,0.026343800639898395,0.42333333333333334,0.07666666666666666,0.026343800639898395,0.7066666666666667,0.20666666666666667,0.026343800639898395,61399.8,1
0.8133333333333334,0.31333333333333335,0.026343800639898395,0.49333333333333335,0.006666666666666654,0.026343800639898395,0.6333333333333333,0.1333333333333333,0.026343800639898395,0.4266666666666667,0.0733333333333333,0.026343800639898395,0.67,0.17000000000000004,0.026343800639898395,61484.4,1
0.8366666666666667,0.33666666666666667,0.026343800639898395,0.5133333333333333,0.013333333333333308,0.026343800639898395,0.68,0.18000000000000005,0.026343800639898395,0.44,0.06,0.026343800639898395,0.7066666666666667,0.20666666666666667,0.026343800639898395,61360.8,1
0.8033333333333333,0.30333333333333334,0.026343800639898395,0.51,0.010000000000000009,0.026343800639898395,0.68,0.18000000000000005,0.026343800639898395,0.41333333333333333,0.08666666666666667,0.026343800639898395,0.71,0.20999999999999996,0.026343800639898395,61680.1,1
0.7966666666666666,0.29666666666666663,0.026343800639898395,0.5166666666666667,0.01666666666666672,0.026343800639898395,0.6666666666666666,0.16666666666666663,0.026343800639898395,0.4,0.09999999999999998,0.026343800639898395,0.72,0.21999999999999997,0.026343800639898395,61955.8,1
0.82,0.31999999999999995,0.026343800639898395,0.5133333333333333,0.013333333333333308,0.026343800639898395,0.6866666666666666,0.18666666666666665,0.026343800639898395,0.42,0.08000000000000002,0.026343800639898395,0.7533333333333333,0.2533333333333333,0.026343800639898395,61866.9,1
0.7966666666666666,0.29666666666666663,0.026343800639898395,0.49,0.010000000000000009,0.026343800639898395,0.6533333333333333,0.15333333333333332,0.026343800639898395,0.39,0.10999999999999999,0.026343800639898395,0.7233333333333334,0.22333333333333338,0.026343800639898395,62159.4,1
0.79,0.29000000000000004,0.026343800639898395,0.45,0.04999999999999999,0.026343800639898395,0.66,0.16000000000000003,0.026343800639898395,0.4066666666666667,0.09333333333333332,0.026343800639898395,0.7133333333333334,0.21333333333333337,0.026343800639898395,62546.8,0
0.8133333333333334,0.31333333333333335,0.026343800639898395,0.49,0.010000000000000009,0.026343800639898395,0.6766666666666666,0.17666666666666664,0.026343800639898395,0.41333333333333333,0.08666666666666667,0.026343800639898395,0.71,0.20999999999999996,0.026343800639898395,62574.9,1
0.83,0.32999999999999996,0.026343800639898395,0.52,0.020000000000000018,0.026343800639898395,0.6666666666666666,0.16666666666666663,0.026343800639898395,0.4166666666666667,0.08333333333333331,0.026343800639898395,0.6666666666666666,0.16666666666666663,0.026343800639898395,62530.0,1
0.83,0.32999999999999996,0.026343800639898395,0.5266666666666666,0.026666666666666616,0.026343800639898395,0.71,0.20999999999999996,0.026343800639898395,0.49666666666666665,0.003333333333333355,0.026343800639898395,0.6766666666666666,0.17666666666666664,0.026343800639898395,62436.6,1
0.82,0.31999999999999995,0.026343800639898395,0.5033333333333333,0.0033333333333332993,0.026343800639898395,0.6366666666666667,0.13666666666666671,0.026343800639898395,0.43666666666666665,0.06333333333333335,0.026343800639898395,0.6833333333333333,0.18333333333333335,0.026343800639898395,62883.2,1
0.8033333333333333,0.30333333333333334,0.026343800639898395,0.44333333333333336,0.05666666666666664,0.026343800639898395,0.6266666666666667,0.1266666666666667,0.026343800639898395,0.45,0.04999999999999999,0.026343800639898395,0.65,0.15000000000000002,0.026343800639898395,63246.6,0
0.8266666666666667,0.32666666666666666,0.026343800639898395,0.51,0.010000000000000009,0.026343800639898395,0.6566666666666666,0.15666666666666662,0.026343800639898395,0.47333333333333333,0.026666666666666672,0.026343800639898395,0.68,0.18000000000000005,0.026343800639898395,63085.8,1
0.86,0.36,0.026343800639898395,0.5766666666666667,0.07666666666666666,0.026343800639898395,0.74,0.24,0.026343800639898395,0.5066666666666667,0.00666666666666671,0.026343800639898395,0.6733333333333333,0.17333333333333334,0.026343800639898395,62710.1,1
0.8666666666666667,0.3666666666666667,0.026343800639898395,0.53,0.030000000000000027,0.026343800639898395,0.68,0.18000000000000005,0.026343800639898395,0.5,0.0,0.026343800639898395,0.64,0.14,0.026343800639898395,62974.8,1
0.8866666666666667,0.3866666666666667,0.026343800639898395,0.6233333333333333,0.1233333333333333,0.026343800639898395,0.7733333333333333,0.2733333333333333,0.026343800639898395,0.5133333333333333,0.013333333333333308,0.026343800639898395,0.6733333333333333,0.17333333333333334,0.026343800639898395,62590.3,1
0.8833333333333333,0.3833333333333333,0.026343800639898395,0.52,0.020000000000000018,0.026343800639898395,0.73,0.22999999999999998,0.026343800639898395,0.5166666666666667,0.01666666666666672,0.026343800639898395,0.6366666666666667,0.13666666666666671,0.026343800639898395,62682.9,1
0.8766666666666667,0.3766666666666667,0.026343800639898395,0.5433333333333333,0.043333333333333335,0.026343800639898395,0.74,0.24,0.026343800639898395,0.5133333333333333,0.013333333333333308,0.026343800639898395,0.6433333333333333,0.1433333333333333,0.026343800639898395,62722.7,1
0.86,0.36,0.026343800639898395,0.4666666666666667,0.033333333333333326,0.026343800639898395,0.5433333333333333,0.043333333333333335,0.026343800639898395,0.5266666666666666,0.026666666666666616,0.026343800639898395,0.5633333333333334,0.06333333333333335,0.026343800639898395,63593.0,0
0.8733333333333333,0.3733333333333333,0.026343800639898395,0.3933333333333333,0.10666666666666669,0.026343800639898395,0.6566666666666666,0.15666666666666662,0.026343800639898395,0.5366666666666666,0.036666666666666625,0.026343800639898395,0.54,0.040000000000000036,0.026343800639898395,63241.6,0
0.8633333333333333,0.3633333333333333,0.026343800639898395,0.44333333333333336,0.05666666666666664,0.026343800639898395,0.6666666666666666,0.16666666666666663,0.026343800639898395,0.5533333333333333,0.053333333333333344,0.026343800639898395,0.5666666666666667,0.06666666666666665,0.026343800639898395,63023.2,0
0.9,0.4,0.026343800639898395,0.45,0.04999999999999999,0.026343800639898395,0.7666666666666667,0.2666666666666667,0.026343800639898395,0.5666666666666667,0.06666666666666665,0.026343800639898395,0.6166666666666667,0.1166666666666667,0.026343800639898395,62455.5,0
0.8966666666666666,0.3966666666666666,0.026343800639898395,0.4033333333333333,0.09666666666666668,0.026343800639898395,0.6533333333333333,0.15333333333333332,0.026343800639898395,0.5166666666666667,0.01666666666666672,0.026343800639898395,0.5066666666666667,0.00666666666666671,0.026343800639898395,63490.6,0
0.88,0.38,0.026343800639898395,0.4033333333333333,0.09666666666666668,0.026343800639898395,0.6366666666666667,0.13666666666666671,0.026343800639898395,0.5,0.0,0.026343800639898395,0.5466666666666666,0.046666666666666634,0.026343800639898395,63696.6,0
0.86,0.36,0.026343800639898395,0.37333333333333335,0.12666666666666665,0.026343800639898395,0.5766666666666667,0.07666666666666666,0.026343800639898395,0.5366666666666666,0.036666666666666625,0.026343800639898395,0.5166666666666667,0.01666666666666672,0.026343800639898395,64005.1,0
0.8666666666666667,0.3666666666666667,0.026343800639898395,0.5,0.0,0.026343800639898395,0.7366666666666667,0.2366666666666667,0.026343800639898395,0.6033333333333334,0.10333333333333339,0.026343800639898395,0.6433333333333333,0.1433333333333333,0.026343800639898395,63125.0,0
0.8766666666666667,0.3766666666666667,0.026343800639898395,0.5433333333333333,0.043333333333333335,0.026343800639898395,0.7266666666666667,0.22666666666666668,0.026343800639898395,0.6166666666666667,0.1166666666666667,0.026343800639898395,0.6166666666666667,0.1166666666666667,0.026343800639898395,63035.1,1
0.8733333333333333,0.3733333333333333,0.026343800639898395,0.4866666666666667,0.013333333333333308,0.026343800639898395,0.7133333333333334,0.21333333333333337,0.026343800639898395,0.6066666666666667,0.10666666666666669,0.026343800639898395,0.6433333333333333,0.1433333333333333,0.026343800639898395,63338.6,0
0.8566666666666667,0.3566666666666667,0.026343800639898395,0.47,0.030000000000000027,0.026343800639898395,0.5866666666666667,0.08666666666666667,0.026343800639898395,0.5633333333333334,0.06333333333333335,0.026343800639898395,0.6166666666666667,0.1166666666666667,0.026343800639898395,63871.9,1
0.8533333333333334,0.3533333333333334,0.026343800639898395,0.48,0.020000000000000018,0.026343800639898395,0.6166666666666667,0.1166666666666667,0.026343800639898395,0.5733333333333334,0.07333333333333336,0.026343800639898395,0.6466666666666666,0.1466666666666666,0.026343800639898395,63766.9,1
0.86,0.36,0.026343800639898395,0.5066666666666667,0.00666666666666671,0.026343800639898395,0.71,0.20999999999999996,0.026343800639898395,0.5966666666666667,0.09666666666666668,0.026343800639898395,0.67,0.17000000000000004,0.026343800639898395,63304.0,1
0.9333333333333333,0.43333333333333335,0.026343800639898395,0.5366666666666666,0.036666666666666625,0.026343800639898395,0.7333333333333333,0.23333333333333328,0.026343800639898395,0.6466666666666666,0.1466666666666666,0.026343800639898395,0.7366666666666667,0.2366666666666667,0.026343800639898395,62703.1,1
0.93,0.43000000000000005,0.026343800639898395,0.44666666666666666,0.053333333333333344,0.026343800639898395,0.7366666666666667,0.2366666666666667,0.026343800639898395,0.64,0.14,0.026343800639898395,0.6966666666666667,0.19666666666666666,0.026343800639898395,62838.9,1
0.94,0.43999999999999995,0.026343800639898395,0.5433333333333333,0.043333333333333335,0.026343800639898395,0.76,0.26,0.026343800639898395,0.6566666666666666,0.15666666666666662,0.026343800639898395,0.75,0.25,0.026343800639898395,62247.0,1
0.9433333333333334,0.44333333333333336,0.026343800639898395,0.5466666666666666,0.046666666666666634,0.026343800639898395,0.7966666666666666,0.29666666666666663,0.026343800639898395,0.6666666666666666,0.16666666666666663,0.026343800639898395,0.74,0.24,0.026343800639898395,61646.5,1
0.9766666666666667,0.4766666666666667,0.026343800639898395,0.43,0.07,0.026343800639898395,0.7766666666666666,0.2766666666666666,0.026343800639898395,0.6766666666666666,0.17666666666666664,0.026343800639898395,0.7566666666666667,0.2566666666666667,0.026343800639898395,62216.8,1
0.9766666666666667,0.4766666666666667,0.026343800639898395,0.4766666666666667,0.023333333333333317,0.026343800639898395,0.7733333333333333,0.2733333333333333,0.026343800639898395,0.67,0.17000000000000004,0.026343800639898395,0.75,0.25,0.026343800639898395,62241.1,1
0.9533333333333334,0.45333333333333337,0.026343800639898395,0.6666666666666666,0.16666666666666663,0.026343800639898395,0.84,0.33999999999999997,0.026343800639898395,0.69,0.18999999999999995,0.026343800639898395,0.7466666666666667,0.2466666666666667,0.026343800639898395,61933.1,1
0.9566666666666667,0.45666666666666667,0.026343800639898395,0.58,0.07999999999999996,0.026343800639898395,0.81,0.31000000000000005,0.026343800639898395,0.6666666666666666,0.16666666666666663,0.026343800639898395,0.7033333333333334,0.20333333333333337,0.026343800639898395,62955.8,1
0.97,0.47,0.026343800639898395,0.62,0.12,0.026343800639898395,0.8066666666666666,0.30666666666666664,0.026343800639898395,0.6633333333333333,0.16333333333333333,0.026343800639898395,0.7333333333333333,0.23333333333333328,0.026343800639898395,62721.9,1
0.9733333333333334,0.4733333333333334,0.026343800639898395,0.5733333333333334,0.07333333333333336,0.026343800639898395,0.81,0.31000000000000005,0.026343800639898395,0.66,0.16000000000000003,0.026343800639898395,0.71,0.20999999999999996,0.026343800639898395,62815.2,1
0.9633333333333334,0.4633333333333334,0.026343800639898395,0.5566666666666666,0.05666666666666664,0.026343800639898395,0.82,0.31999999999999995,0.026343800639898395,0.6366666666666667,0.13666666666666671,0.026343800639898395,0.6833333333333333,0.18333333333333335,0.026343800639898395,63176.2,1
0.9533333333333334,0.45333333333333337,0.026343800639898395,0.5866666666666667,0.08666666666666667,0.026343800639898395,0.8266666666666667,0.32666666666666666,0.026343800639898395,0.6133333333333333,0.11333333333333329,0.026343800639898395,0.68,0.18000000000000005,0.026343800639898395,63174.0,1
0.9333333333333333,0.43333333333333335,0.026343800639898395,0.5266666666666666,0.026666666666666616,0.026343800639898395,0.7833333333333333,0.2833333333333333,0.026343800639898395,0.5433333333333333,0.043333333333333335,0.026343800639898395,0.64,0.14,0.026343800639898395,63893.9,1
0.9166666666666666,0.41666666666666663,0.026343800639898395,0.5066666666666667,0.00666666666666671,0.026343800639898395,0.7766666666666666,0.2766666666666666,0.026343800639898395,0.5466666666666666,0.046666666666666634,0.026343800639898395,0.6466666666666666,0.1466666666666666,0.026343800639898395,63950.0,1
0.9133333333333333,0.41333333333333333,0.026343800639898395,0.45666666666666667,0.043333333333333335,0.026343800639898395,0.7,0.19999999999999996,0.026343800639898395,0.49,0.010000000000000009,0.026343800639898395,0.63,0.13,0.026343800639898395,64376.0,0
0.9066666666666666,0.4066666666666666,0.026343800639898395,0.43333333333333335,0.06666666666666665,0.026343800639898395,0.7766666666666666,0.2766666666666666,0.026343800639898395,0.49666666666666665,0.003333333333333355,0.026343800639898395,0.64,0.14,0.026343800639898395,63968.9,0
0.89,0.39,0.026343800639898395,0.47,0.030000000000000027,0.026343800639898395,0.79,0.29000000000000004,0.026343800639898395,0.49333333333333335,0.006666666666666654,0.026343800639898395,0.66,0.16000000000000003,0.026343800639898395,63868.8,0
0.8833333333333333,0.3833333333333333,0.026343800639898395,0.48333333333333334,0.016666666666666663,0.026343800639898395,0.75,0.25,0.026343800639898395,0.47,0.030000000000000027,0.026343800639898395,0.6466666666666666,0.1466666666666666,0.026343800639898395,64126.4,0
0.8566666666666667,0.3566666666666667,0.026343800639898395,0.38333333333333336,0.11666666666666664,0.026343800639898395,0.74,0.24,0.026343800639898395,0.48,0.020000000000000018,0.026343800639898395,0.6733333333333333,0.17333333333333334,0.026343800639898395,64130.8,0
0.8633333333333333,0.3633333333333333,0.026343800639898395,0.32666666666666666,0.17333333333333334,0.026343800639898395,0.7366666666666667,0.2366666666666667,0.026343800639898395,0.4866666666666667,0.013333333333333308,0.026343800639898395,0.6966666666666667,0.19666666666666666,0.026343800639898395,64116.2,0
0.86,0.36,0.026343800639898395,0.3,0.2,0.026343800639898395,0.73,0.22999999999999998,0.026343800639898395,0.49,0.010000000000000009,0.026343800639898395,0.6933333333333334,0.19333333333333336,0.026343800639898395,64142.5,0
0.87,0.37,0.026343800639898395,0.35,0.15000000000000002,0.026343800639898395,0.7433333333333333,0.2433333333333333,0.026343800639898395,0.4866666666666667,0.013333333333333308,0.026343800639898395,0.66,0.16000000000000003,0.026343800639898395,64126.2,0
0.86,0.36,0.026343800639898395,0.32666666666666666,0.17333333333333334,0.026343800639898395,0.74,0.24,0.026343800639898395,0.49333333333333335,0.006666666666666654,0.026343800639898395,0.6766666666666666,0.17666666666666664,0.026343800639898395,64239.8,0
0.9133333333333333,0.41333333333333333,0.026343800639898395,0.39666666666666667,0.10333333333333333,0.026343800639898395,0.78,0.28,0.026343800639898395,0.5066666666666667,0.00666666666666671,0.026343800639898395,0.7,0.19999999999999996,0.026343800639898395,63779.5,0
0.9,0.4,0.026343800639898395,0.37666666666666665,0.12333333333333335,0.026343800639898395,0.77,0.27,0.026343800639898395,0.57,0.06999999999999995,0.026343800639898395,0.7033333333333334,0.20333333333333337,0.026343800639898395,64164.7,1
0.9133333333333333,0.41333333333333333,0.026343800639898395,0.32666666666666666,0.17333333333333334,0.026343800639898395,0.78,0.28,0.026343800639898395,0.5733333333333334,0.07333333333333336,0.026343800639898395,0.6966666666666667,0.19666666666666666,0.026343800639898395,63854.6,1
0.9066666666666666,0.4066666666666666,0.026343800639898395,0.32,0.18,0.026343800639898395,0.78,0.28,0.026343800639898395,0.5766666666666667,0.07666666666666666,0.026343800639898395,0.6966666666666667,0.19666666666666666,0.026343800639898395,63966.1,1
0.8933333333333333,0.3933333333333333,0.026343800639898395,0.4,0.09999999999999998,0.026343800639898395,0.7833333333333333,0.2833333333333333,0.026343800639898395,0.5766666666666667,0.07666666666666666,0.026343800639898395,0.71,0.20999999999999996,0.026343800639898395,64123.3,1
0.88,0.38,0.026343800639898395,0.34,0.15999999999999998,0.026343800639898395,0.78,0.28,0.026343800639898395,0.5833333333333334,0.08333333333333337,0.026343800639898395,0.71,0.20999999999999996,0.026343800639898395,64188.5,1
0.8933333333333333,0.3933333333333333,0.026343800639898395,0.4866666666666667,0.013333333333333308,0.026343800639898395,0.7766666666666666,0.2766666666666666,0.026343800639898395,0.5966666666666667,0.09666666666666668,0.026343800639898395,0.7066666666666667,0.20666666666666667,0.026343800639898395,63737.4,1
0.9166666666666666,0.41666666666666663,0.026343800639898395,0.53,0.030000000000000027,0.026343800639898395,0.8,0.30000000000000004,0.026343800639898395,0.66,0.16000000000000003,0.026343800639898395,0.7266666666666667,0.22666666666666668,0.026343800639898395,62766.2,1
0.9466666666666667,0.44666666666666666,0.026343800639898395,0.4666666666666667,0.033333333333333326,0.026343800639898395,0.7966666666666666,0.29666666666666663,0.026343800639898395,0.6466666666666666,0.1466666666666666,0.026343800639898395,0.7266666666666667,0.22666666666666668,0.026343800639898395,62937.4,1
0.9433333333333334,0.44333333333333336,0.026343800639898395,0.5233333333333333,0.023333333333333317,0.026343800639898395,0.81,0.31000000000000005,0.026343800639898395,0.65,0.15000000000000002,0.026343800639898395,0.7333333333333333,0.23333333333333328,0.026343800639898395,62844.1,1
0.95,0.44999999999999996,0.026343800639898395,0.49666666666666665,0.003333333333333355,0.026343800639898395,0.82,0.31999999999999995,0.026343800639898395,0.6733333333333333,0.17333333333333334,0.026343800639898395,0.7166666666666667,0.21666666666666667,0.026343800639898395,62567.4,1
0.9333333333333333,0.43333333333333335,0.026343800639898395,0.56,0.06000000000000005,0.026343800639898395,0.8266666666666667,0.32666666666666666,0.026343800639898395,0.6933333333333334,0.19333333333333336,0.026343800639898395,0.7266666666666667,0.22666666666666668,0.026343800639898395,62219.8,1
0.9433333333333334,0.44333333333333336,0.026343800639898395,0.5033333333333333,0.0033333333333332993,0.026343800639898395,0.8333333333333334,0.33333333333333337,0.026343800639898395,0.69,0.18999999999999995,0.026343800639898395,0.7433333333333333,0.2433333333333333,0.026343800639898395,62253.5,1
0.92,0.42000000000000004,0.026343800639898395,0.6266666666666667,0.1266666666666667,0.026343800639898395,0.8633333333333333,0.3633333333333333,0.026343800639898395,0.6866666666666666,0.18666666666666665,0.026343800639898395,0.7233333333333334,0.22333333333333338,0.026343800639898395,62504.5,1
0.92,0.42000000000000004,0.026343800639898395,0.6966666666666667,0.19666666666666666,0.026343800639898395,0.8566666666666667,0.3566666666666667,0.026343800639898395,0.6933333333333334,0.19333333333333336,0.026343800639898395,0.7233333333333334,0.22333333333333338,0.026343800639898395,62471.4,1
0.94,0.43999999999999995,0.026343800639898395,0.6433333333333333,0.1433333333333333,0.026343800639898395,0.8433333333333334,0.3433333333333334,0.026343800639898395,0.67,0.17000000000000004,0.026343800639898395,0.7233333333333334,0.22333333333333338,0.026343800639898395,62774.8,1
0.8566666666666667,0.3566666666666667,0.026343800639898395,0.6033333333333334,0.10333333333333339,0.026343800639898395,0.7966666666666666,0.29666666666666663,0.026343800639898395,0.5433333333333333,0.043333333333333335,0.026343800639898395,0.6566666666666666,0.15666666666666662,0.026343800639898395,64668.5,0
0.8833333333333333,0.3833333333333333,0.026343800639898395,0.66,0.16000000000000003,0.026343800639898395,0.8333333333333334,0.33333333333333337,0.026343800639898395,0.5833333333333334,0.08333333333333337,0.026343800639898395,0.72,0.21999999999999997,0.026343800639898395,64515.7,0
0.8766666666666667,0.3766666666666667,0.026343800639898395,0.6666666666666666,0.16666666666666663,0.026343800639898395,0.7633333333333333,0.2633333333333333,0.026343800639898395,0.44666666666666666,0.053333333333333344,0.026343800639898395,0.71,0.20999999999999996,0.026343800639898395,64977.2,0
0.9266666666666666,0.42666666666666664,0.026343800639898395,0.49666666666666665,0.003333333333333355,0.026343800639898395,0.8,0.30000000000000004,0.026343800639898395,0.45666666666666667,0.043333333333333335,0.026343800639898395,0.6966666666666667,0.19666666666666666,0.026343800639898395,64741.2,0
0.9366666666666666,0.43666666666666665,0.026343800639898395,0.5366666666666666,0.036666666666666625,0.026343800639898395,0.8133333333333334,0.31333333333333335,0.026343800639898395,0.47,0.030000000000000027,0.026343800639898395,0.7133333333333334,0.21333333333333337,0.026343800639898395,64506.9,0
0.9233333333333333,0.42333333333333334,0.026343800639898395,0.5066666666666667,0.00666666666666671,0.026343800639898395,0.8033333333333333,0.30333333333333334,0.026343800639898395,0.47,0.030000000000000027,0.026343800639898395,0.7133333333333334,0.21333333333333337,0.026343800639898395,64690.8,0
0.86,0.36,0.026343800639898395,0.43,0.07,0.026343800639898395,0.7166666666666667,0.21666666666666667,0.026343800639898395,0.44,0.06,0.026343800639898395,0.6466666666666666,0.1466666666666666,0.026343800639898395,65369.4,0
0.9066666666666666,0.4066666666666666,0.026343800639898395,0.4766666666666667,0.023333333333333317,0.026343800639898395,0.79,0.29000000000000004,0.026343800639898395,0.47333333333333333,0.026666666666666672,0.026343800639898395,0.7033333333333334,0.20333333333333337,0.026343800639898395,64926.0,0
0.8933333333333333,0.3933333333333333,0.026343800639898395,0.52,0.020000000000000018,0.026343800639898395,0.8133333333333334,0.31333333333333335,0.026343800639898395,0.4766666666666667,0.023333333333333317,0.026343800639898395,0.72,0.21999999999999997,0.026343800639898395,64709.4,0
0.88,0.38,0.026343800639898395,0.5966666666666667,0.09666666666666668,0.026343800639898395,0.78,0.28,0.026343800639898395,0.49333333333333335,0.006666666666666654,0.026343800639898395,0.7166666666666667,0.21666666666666667,0.026343800639898395,64563.5,0
0.91,0.41000000000000003,0.026343800639898395,0.61,0.10999999999999999,0.026343800639898395,0.78,0.28,0.026343800639898395,0.5133333333333333,0.013333333333333308,0.026343800639898395,0.7066666666666667,0.20666666666666667,0.026343800639898395,64190.0,1
0.91,0.41000000000000003,0.026343800639898395,0.6133333333333333,0.11333333333333329,0.026343800639898395,0.7766666666666666,0.2766666666666666,0.026343800639898395,0.5266666666666666,0.026666666666666616,0.026343800639898395,0.71,0.20999999999999996,0.026343800639898395,64204.9,1
0.9033333333333333,0.4033333333333333,0.026343800639898395,0.5833333333333334,0.08333333333333337,0.026343800639898395,0.76,0.26,0.026343800639898395,0.4866666666666667,0.013333333333333308,0.026343800639898395,0.7133333333333334,0.21333333333333337,0.026343800639898395,64656.4,1
0.9066666666666666,0.4066666666666666,0.026343800639898395,0.61,0.10999999999999999,0.026343800639898395,0.77,0.27,0.026343800639898395,0.5166666666666667,0.01666666666666672,0.026343800639898395,0.7133333333333334,0.21333333333333337,0.026343800639898395,64215.9,1
0.9466666666666667,0.44666666666666666,0.026343800639898395,0.62,0.12,0.026343800639898395,0.7933333333333333,0.29333333333333333,0.026343800639898395,0.54,0.040000000000000036,0.026343800639898395,0.6833333333333333,0.18333333333333335,0.026343800639898395,63789.5,1
0.9633333333333334,0.4633333333333334,0.026343800639898395,0.6266666666666667,0.1266666666666667,0.026343800639898395,0.79,0.29000000000000004,0.026343800639898395,0.6,0.09999999999999998,0.026343800639898395,0.6733333333333333,0.17333333333333334,0.026343800639898395,63511.4,1
0.9266666666666666,0.42666666666666664,0.026343800639898395,0.6033333333333334,0.10333333333333339,0.026343800639898395,0.7866666666666666,0.2866666666666666,0.026343800639898395,0.6433333333333333,0.1433333333333333,0.026343800639898395,0.6866666666666666,0.18666666666666665,0.026343800639898395,62777.9,1
0.9566666666666667,0.45666666666666667,0.026343800639898395,0.6166666666666667,0.1166666666666667,0.026343800639898395,0.8,0.30000000000000004,0.026343800639898395,0.66,0.16000000000000003,0.026343800639898395,0.7133333333333334,0.21333333333333337,0.026343800639898395,63238.0,1
0.9666666666666667,0.4666666666666667,0.026343800639898395,0.6433333333333333,0.1433333333333333,0.026343800639898395,0.7933333333333333,0.29333333333333333,0.026343800639898395,0.6533333333333333,0.15333333333333332,0.026343800639898395,0.7266666666666667,0.22666666666666668,0.026343800639898395,63400.0,1
0.9666666666666667,0.4666666666666667,0.026343800639898395,0.63,0.13,0.026343800639898395,0.78,0.28,0.026343800639898395,0.5566666666666666,0.05666666666666664,0.026343800639898395,0.6933333333333334,0.19333333333333336,0.026343800639898395,64102.0,1
0.9733333333333334,0.4733333333333334,0.026343800639898395,0.68,0.18000000000000005,0.026343800639898395,0.79,0.29000000000000004,0.026343800639898395,0.5866666666666667,0.08666666666666667,0.026343800639898395,0.7033333333333334,0.20333333333333337,0.026343800639898395,63907.0,1
0.9333333333333333,0.43333333333333335,0.026343800639898395,0.7,0.19999999999999996,0.026343800639898395,0.8266666666666667,0.32666666666666666,0.026343800639898395,0.57,0.06999999999999995,0.026343800639898395,0.7333333333333333,0.23333333333333328,0.026343800639898395,63972.6,1
0.9333333333333333,0.43333333333333335,0.026343800639898395,0.7166666666666667,0.21666666666666667,0.026343800639898395,0.8266666666666667,0.32666666666666666,0.026343800639898395,0.5766666666666667,0.07666666666666666,0.026343800639898395,0.7066666666666667,0.20666666666666667,0.026343800639898395,63975.7,1
0.9266666666666666,0.42666666666666664,0.026343800639898395,0.72,0.21999999999999997,0.026343800639898395,0.83,0.32999999999999996,0.026343800639898395,0.5733333333333334,0.07333333333333336,0.026343800639898395,0.7266666666666667,0.22666666666666668,0.026343800639898395,64018.9,1
0.9233333333333333,0.42333333333333334,0.026343800639898395,0.69,0.18999999999999995,0.026343800639898395,0.8266666666666667,0.32666666666666666,0.026343800639898395,0.58,0.07999999999999996,0.026343800639898395,0.7133333333333334,0.21333333333333337,0.026343800639898395,64072.9,1
0.9066666666666666,0.4066666666666666,0.026343800639898395,0.7,0.19999999999999996,0.026343800639898395,0.8233333333333334,0.32333333333333336,0.026343800639898395,0.49666666666666665,0.003333333333333355,0.026343800639898395,0.7166666666666667,0.21666666666666667,0.026343800639898395,64528.2,1
0.88,0.38,0.026343800639898395,0.6333333333333333,0.1333333333333333,0.026343800639898395,0.8166666666666667,0.31666666666666665,0.026343800639898395,0.5,0.0,0.026343800639898395,0.77,0.27,0.026343800639898395,64796.7,1
0.8766666666666667,0.3766666666666667,0.026343800639898395,0.47,0.030000000000000027,0.026343800639898395,0.81,0.31000000000000005,0.026343800639898395,0.5333333333333333,0.033333333333333326,0.026343800639898395,0.75,0.25,0.026343800639898395,64657.5,1
0.8566666666666667,0.3566666666666667,0.026343800639898395,0.5766666666666667,0.07666666666666666,0.026343800639898395,0.8133333333333334,0.31333333333333335,0.026343800639898395,0.5533333333333333,0.053333333333333344,0.026343800639898395,0.74,0.24,0.026343800639898395,64655.3,1
0.86,0.36,0.026343800639898395,0.6266666666666667,0.1266666666666667,0.026343800639898395,0.8,0.30000000000000004,0.026343800639898395,0.5433333333333333,0.043333333333333335,0.026343800639898395,0.7533333333333333,0.2533333333333333,0.026343800639898395,64418.7,1
0.86,0.36,0.026343800639898395,0.6066666666666667,0.10666666666666669,0.026343800639898395,0.7866666666666666,0.2866666666666666,0.026343800639898395,0.5433333333333333,0.043333333333333335,0.026343800639898395,0.75,0.25,0.026343800639898395,64529.6,1
0.8533333333333334,0.3533333333333334,0.026343800639898395,0.62,0.12,0.026343800639898395,0.8033333333333333,0.30333333333333334,0.026343800639898395,0.5466666666666666,0.046666666666666634,0.026343800639898395,0.7533333333333333,0.2533333333333333,0.026343800639898395,64398.7,1
0.85,0.35,0.026343800639898395,0.6,0.09999999999999998,0.026343800639898395,0.8033333333333333,0.30333333333333334,0.026343800639898395,0.5633333333333334,0.06333333333333335,0.026343800639898395,0.7566666666666667,0.2566666666666667,0.026343800639898395,64678.1,1
0.85,0.35,0.026343800639898395,0.5966666666666667,0.09666666666666668,0.026343800639898395,0.8166666666666667,0.31666666666666665,0.026343800639898395,0.5566666666666666,0.05666666666666664,0.026343800639898395,0.7466666666666667,0.2466666666666667,0.026343800639898395,64799.9,1
0.91,0.41000000000000003,0.026343800639898395,0.5666666666666667,0.06666666666666665,0.026343800639898395,0.8266666666666667,0.32666666666666666,0.026343800639898395,0.56,0.06000000000000005,0.026343800639898395,0.7233333333333334,0.22333333333333338,0.026343800639898395,64198.2,1
0.91,0.41000000000000003,0.026343800639898395,0.59,0.08999999999999997,0.026343800639898395,0.81,0.31000000000000005,0.026343800639898395,0.5233333333333333,0.023333333333333317,0.026343800639898395,0.74,0.24,0.026343800639898395,64935.9,1
0.88,0.38,0.026343800639898395,0.51,0.010000000000000009,0.026343800639898395,0.7566666666666667,0.2566666666666667,0.026343800639898395,0.49666666666666665,0.003333333333333355,0.026343800639898395,0.7266666666666667,0.22666666666666668,0.026343800639898395,65542.5,1
0.9033333333333333,0.4033333333333333,0.026343800639898395,0.5833333333333334,0.08333333333333337,0.026343800639898395,0.8066666666666666,0.30666666666666664,0.026343800639898395,0.5433333333333333,0.043333333333333335,0.026343800639898395,0.75,0.25,0.026343800639898395,65090.7,1
0.9066666666666666,0.4066666666666666,0.026343800639898395,0.5833333333333334,0.08333333333333337,0.026343800639898395,0.8033333333333333,0.30333333333333334,0.026343800639898395,0.54,0.040000000000000036,0.026343800639898395,0.75,0.25,0.026343800639898395,65215.7,1
0.8666666666666667,0.3666666666666667,0.026343800639898395,0.68,0.18000000000000005,0.026343800639898395,0.82,0.31999999999999995,0.026343800639898395,0.5266666666666666,0.026666666666666616,0.026343800639898395,0.72,0.21999999999999997,0.026343800639898395,65531.9,0
0.83,0.32999999999999996,0.026343800639898395,0.6733333333333333,0.17333333333333334,0.026343800639898395,0.74,0.24,0.026343800639898395,0.4866666666666667,0.013333333333333308,0.026343800639898395,0.6833333333333333,0.18333333333333335,0.026343800639898395,66150.0,0
0.8166666666666667,0.31666666666666665,0.026343800639898395,0.5666666666666667,0.06666666666666665,0.026343800639898395,0.72,0.21999999999999997,0.026343800639898395,0.5166666666666667,0.01666666666666672,0.026343800639898395,0.6666666666666666,0.16666666666666663,0.026343800639898395,66297.5,0
0.7766666666666666,0.2766666666666666,0.026343800639898395,0.5066666666666667,0.00666666666666671,0.026343800639898395,0.6266666666666667,0.1266666666666667,0.026343800639898395,0.5066666666666667,0.00666666666666671,0.026343800639898395,0.61,0.10999999999999999,0.026343800639898395,66653.3,0
0.7966666666666666,0.29666666666666663,0.026343800639898395,0.5166666666666667,0.01666666666666672,0.026343800639898395,0.6766666666666666,0.17666666666666664,0.026343800639898395,0.5066666666666667,0.00666666666666671,0.026343800639898395,0.6233333333333333,0.1233333333333333,0.026343800639898395,66412.9,0
0.7833333333333333,0.2833333333333333,0.026343800639898395,0.43333333333333335,0.06666666666666665,0.026343800639898395,0.6766666666666666,0.17666666666666664,0.026343800639898395,0.52,0.020000000000000018,0.026343800639898395,0.6233333333333333,0.1233333333333333,0.026343800639898395,66511.7,0
0.7866666666666666,0.2866666666666666,0.026343800639898395,0.45666666666666667,0.043333333333333335,0.026343800639898395,0.75,0.25,0.026343800639898395,0.55,0.050000000000000044,0.026343800639898395,0.6533333333333333,0.15333333333333332,0.026343800639898395,66164.8,0
0.8166666666666667,0.31666666666666665,0.026343800639898395,0.5266666666666666,0.026666666666666616,0.026343800639898395,0.78,0.28,0.026343800639898395,0.57,0.06999999999999995,0.026343800639898395,0.6866666666666666,0.18666666666666665,0.026343800639898395,65800.1,0
0.8166666666666667,0.31666666666666665,0.026343800639898395,0.47333333333333333,0.026666666666666672,0.026343800639898395,0.7566666666666667,0.2566666666666667,0.026343800639898395,0.5766666666666667,0.07666666666666666,0.026343800639898395,0.69,0.18999999999999995,0.026343800639898395,65969.0,0
0.8166666666666667,0.31666666666666665,0.026343800639898395,0.5366666666666666,0.036666666666666625,0.026343800639898395,0.7566666666666667,0.2566666666666667,0.026343800639898395,0.58,0.07999999999999996,0.026343800639898395,0.67,0.17000000000000004,0.026343800639898395,66014.0,0
0.8166666666666667,0.31666666666666665,0.026343800639898395,0.5533333333333333,0.053333333333333344,0.026343800639898395,0.7866666666666666,0.2866666666666666,0.026343800639898395,0.57,0.06999999999999995,0.026343800639898395,0.6766666666666666,0.17666666666666664,0.026343800639898395,65900.6,0
0.8166666666666667,0.31666666666666665,0.026343800639898395,0.51,0.010000000000000009,0.026343800639898395,0.77,0.27,0.026343800639898395,0.5666666666666667,0.06666666666666665,0.026343800639898395,0.69,0.18999999999999995,0.026343800639898395,66072.5,0
0.8633333333333333,0.3633333333333333,0.026343800639898395,0.41,0.09000000000000002,0.026343800639898395,0.7533333333333333,0.2533333333333333,0.026343800639898395,0.58,0.07999999999999996,0.026343800639898395,0.6733333333333333,0.17333333333333334,0.026343800639898395,65621.1,0
0.8633333333333333,0.3633333333333333,0.026343800639898395,0.4266666666666667,0.0733333333333333,0.026343800639898395,0.7633333333333333,0.2633333333333333,0.026343800639898395,0.6166666666666667,0.1166666666666667,0.026343800639898395,0.6766666666666666,0.17666666666666664,0.026343800639898395,65404.8,0
0.8666666666666667,0.3666666666666667,0.026343800639898395,0.44333333333333336,0.05666666666666664,0.026343800639898395,0.75,0.25,0.026343800639898395,0.6066666666666667,0.10666666666666669,0.026343800639898395,0.6733333333333333,0.17333333333333334,0.026343800639898395,65522.0,0
0.88,0.38,0.026343800639898395,0.43333333333333335,0.06666666666666665,0.026343800639898395,0.81,0.31000000000000005,0.026343800639898395,0.65,0.15000000000000002,0.026343800639898395,0.69,0.18999999999999995,0.026343800639898395,64907.8,0
0.9066666666666666,0.4066666666666666,0.026343800639898395,0.37,0.13,0.026343800639898395,0.82,0.31999999999999995,0.026343800639898395,0.6566666666666666,0.15666666666666662,0.026343800639898395,0.7233333333333334,0.22333333333333338,0.026343800639898395,64810.0,0
0.9033333333333333,0.4033333333333333,0.026343800639898395,0.38666666666666666,0.11333333333333334,0.026343800639898395,0.8166666666666667,0.31666666666666665,0.026343800639898395,0.6666666666666666,0.16666666666666663,0.026343800639898395,0.7066666666666667,0.20666666666666667,0.026343800639898395,65050.1,0
0.94,0.43999999999999995,0.026343800639898395,0.35,0.15000000000000002,0.026343800639898395,0.7466666666666667,0.2466666666666667,0.026343800639898395,0.6466666666666666,0.1466666666666666,0.026343800639898395,0.69,0.18999999999999995,0.026343800639898395,65404.0,0
0.94,0.43999999999999995,0.026343800639898395,0.33666666666666667,0.16333333333333333,0.026343800639898395,0.75,0.25,0.026343800639898395,0.6666666666666666,0.16666666666666663,0.026343800639898395,0.7,0.19999999999999996,0.026343800639898395,65453.5,0
0.93,0.43000000000000005,0.026343800639898395,0.30666666666666664,0.19333333333333336,0.026343800639898395,0.7666666666666667,0.2666666666666667,0.026343800639898395,0.6966666666666667,0.19666666666666666,0.026343800639898395,0.71,0.20999999999999996,0.026343800639898395,65021.9,1
0.8966666666666666,0.3966666666666666,0.026343800639898395,0.32,0.18,0.026343800639898395,0.78,0.28,0.026343800639898395,0.72,0.21999999999999997,0.026343800639898395,0.7266666666666667,0.22666666666666668,0.026343800639898395,64026.3,1
0.9266666666666666,0.42666666666666664,0.026343800639898395,0.2733333333333333,0.22666666666666668,0.026343800639898395,0.7866666666666666,0.2866666666666666,0.026343800639898395,0.72,0.21999999999999997,0.026343800639898395,0.73,0.22999999999999998,0.026343800639898395,64171.6,1
0.92,0.42000000000000004,0.026343800639898395,0.30333333333333334,0.19666666666666666,0.026343800639898395,0.78,0.28,0.026343800639898395,0.72,0.21999999999999997,0.026343800639898395,0.7333333333333333,0.23333333333333328,0.026343800639898395,64087.8,1
0.9266666666666666,0.42666666666666664,0.026343800639898395,0.52,0.020000000000000018,0.026343800639898395,0.79,0.29000000000000004,0.026343800639898395,0.72,0.21999999999999997,0.026343800639898395,0.74,0.24,0.026343800639898395,64025.8,1
0.9266666666666666,0.42666666666666664,0.026343800639898395,0.49,0.010000000000000009,0.026343800639898395,0.7833333333333333,0.2833333333333333,0.026343800639898395,0.7266666666666667,0.22666666666666668,0.026343800639898395,0.74,0.24,0.026343800639898395,63965.1,1
0.9266666666666666,0.42666666666666664,0.026343800639898395,0.5533333333333333,0.053333333333333344,0.026343800639898395,0.79,0.29000000000000004,0.026343800639898395,0.7233333333333334,0.22333333333333338,0.026343800639898395,0.74,0.24,0.026343800639898395,63991.5,0
0.9333333333333333,0.43333333333333335,0.026343800639898395,0.53,0.030000000000000027,0.026343800639898395,0.7933333333333333,0.29333333333333333,0.026343800639898395,0.7266666666666667,0.22666666666666668,0.026343800639898395,0.7566666666666667,0.2566666666666667,0.026343800639898395,64127.1,0
0.95,0.44999999999999996,0.026343800639898395,0.5433333333333333,0.043333333333333335,0.026343800639898395,0.7766666666666666,0.2766666666666666,0.026343800639898395,0.7266666666666667,0.22666666666666668,0.026343800639898395,0.7566666666666667,0.2566666666666667,0.026343800639898395,64328.5,0
0.95,0.44999999999999996,0.026343800639898395,0.5333333333333333,0.033333333333333326,0.026343800639898395,0.7933333333333333,0.29333333333333333,0.026343800639898395,0.7166666666666667,0.21666666666666667,0.026343800639898395,0.7466666666666667,0.2466666666666667,0.026343800639898395,64312.9,0
0.9366666666666666,0.43666666666666665,0.026343800639898395,0.6866666666666666,0.18666666666666665,0.026343800639898395,0.8366666666666667,0.33666666666666667,0.026343800639898395,0.7133333333333334,0.21333333333333337,0.026343800639898395,0.7433333333333333,0.2433333333333333,0.026343800639898395,64481.8,0
0.9333333333333333,0.43333333333333335,0.026343800639898395,0.7566666666666667,0.2566666666666667,0.026343800639898395,0.8333333333333334,0.33333333333333337,0.026343800639898395,0.71,0.20999999999999996,0.026343800639898395,0.7566666666666667,0.2566666666666667,0.026343800639898395,64310.2,0
0.9366666666666666,0.43666666666666665,0.026343800639898395,0.7933333333333333,0.29333333333333333,0.026343800639898395,0.8466666666666667,0.3466666666666667,0.026343800639898395,0.67,0.17000000000000004,0.026343800639898395,0.7433333333333333,0.2433333333333333,0.026343800639898395,64451.2,0
0.9333333333333333,0.43333333333333335,0.026343800639898395,0.7666666666666667,0.2666666666666667,0.026343800639898395,0.8266666666666667,0.32666666666666666,0.026343800639898395,0.61,0.10999999999999999,0.026343800639898395,0.7266666666666667,0.22666666666666668,0.026343800639898395,64718.6,0
0.9333333333333333,0.43333333333333335,0.026343800639898395,0.7466666666666667,0.2466666666666667,0.026343800639898395,0.8366666666666667,0.33666666666666667,0.026343800639898395,0.6433333333333333,0.1433333333333333,0.026343800639898395,0.7366666666666667,0.2366666666666667,0.026343800639898395,64640.6,0
0.9166666666666666,0.41666666666666663,0.026343800639898395,0.71,0.20999999999999996,0.026343800639898395,0.8166666666666667,0.31666666666666665,0.026343800639898395,0.5966666666666667,0.09666666666666668,0.026343800639898395,0.7433333333333333,0.2433333333333333,0.026343800639898395,65336.6,0
0.93,0.43000000000000005,0.026343800639898395,0.32666666666666666,0.17333333333333334,0.026343800639898395,0.7133333333333334,0.21333333333333337,0.026343800639898395,0.6,0.09999999999999998,0.026343800639898395,0.7466666666666667,0.2466666666666667,0.026343800639898395,65221.7,0
0.93,0.43000000000000005,0.026343800639898395,0.2833333333333333,0.21666666666666667,0.026343800639898395,0.7166666666666667,0.21666666666666667,0.026343800639898395,0.61,0.10999999999999999,0.026343800639898395,0.7533333333333333,0.2533333333333333,0.026343800639898395,65164.1,0
0.9133333333333333,0.41333333333333333,0.026343800639898395,0.3233333333333333,0.1766666666666667,0.026343800639898395,0.7033333333333334,0.20333333333333337,0.026343800639898395,0.6133333333333333,0.11333333333333329,0.026343800639898395,0.76,0.26,0.026343800639898395,65054.7,0
0.94,0.43999999999999995,0.026343800639898395,0.38666666666666666,0.11333333333333334,0.026343800639898395,0.7633333333333333,0.2633333333333333,0.026343800639898395,0.6333333333333333,0.1333333333333333,0.026343800639898395,0.7133333333333334,0.21333333333333337,0.026343800639898395,64482.4,0
0.9433333333333334,0.44333333333333336,0.026343800639898395,0.3333333333333333,0.16666666666666669,0.026343800639898395,0.7266666666666667,0.22666666666666668,0.026343800639898395,0.6166666666666667,0.1166666666666667,0.026343800639898395,0.72,0.21999999999999997,0.026343800639898395,64902.9,0
0.8833333333333333,0.3833333333333333,0.026343800639898395,0.3566666666666667,0.1433333333333333,0.026343800639898395,0.7533333333333333,0.2533333333333333,0.026343800639898395,0.6766666666666666,0.17666666666666664,0.026343800639898395,0.7533333333333333,0.2533333333333333,0.026343800639898395,63697.1,1
0.8966666666666666,0.3966666666666666,0.026343800639898395,0.44333333333333336,0.05666666666666664,0.026343800639898395,0.7866666666666666,0.2866666666666666,0.026343800639898395,0.6733333333333333,0.17333333333333334,0.026343800639898395,0.7566666666666667,0.2566666666666667,0.026343800639898395,63274.6,1
0.91,0.41000000000000003,0.026343800639898395,0.43666666666666665,0.06333333333333335,0.026343800639898395,0.8,0.30000000000000004,0.026343800639898395,0.7,0.19999999999999996,0.026343800639898395,0.73,0.22999999999999998,0.026343800639898395,63434.9,1
0.91,0.41000000000000003,0.026343800639898395,0.44,0.06,0.026343800639898395,0.78,0.28,0.026343800639898395,0.7033333333333334,0.20333333333333337,0.026343800639898395,0.73,0.22999999999999998,0.026343800639898395,63412.2,1
0.9366666666666666,0.43666666666666665,0.026343800639898395,0.43666666666666665,0.06333333333333335,0.026343800639898395,0.78,0.28,0.026343800639898395,0.69,0.18999999999999995,0.026343800639898395,0.7466666666666667,0.2466666666666667,0.026343800639898395,63858.9,1
0.9366666666666666,0.43666666666666665,0.026343800639898395,0.48333333333333334,0.016666666666666663,0.026343800639898395,0.7766666666666666,0.2766666666666666,0.026343800639898395,0.7,0.19999999999999996,0.026343800639898395,0.7266666666666667,0.22666666666666668,0.026343800639898395,63801.5,1
0.9466666666666667,0.44666666666666666,0.026343800639898395,0.4633333333333333,0.03666666666666668,0.026343800639898395,0.78,0.28,0.026343800639898395,0.7066666666666667,0.20666666666666667,0.026343800639898395,0.73,0.22999999999999998,0.026343800639898395,63859.6,0
0.9266666666666666,0.42666666666666664,0.026343800639898395,0.39,0.10999999999999999,0.026343800639898395,0.7966666666666666,0.29666666666666663,0.026343800639898395,0.7066666666666667,0.20666666666666667,0.026343800639898395,0.7566666666666667,0.2566666666666667,0.026343800639898395,63657.0,0
0.9466666666666667,0.44666666666666666,0.026343800639898395,0.38,0.12,0.026343800639898395,0.7866666666666666,0.2866666666666666,0.026343800639898395,0.6566666666666666,0.15666666666666662,0.026343800639898395,0.6966666666666667,0.19666666666666666,0.026343800639898395,64481.2,0
0.9466666666666667,0.44666666666666666,0.026343800639898395,0.34,0.15999999999999998,0.026343800639898395,0.7866666666666666,0.2866666666666666,0.026343800639898395,0.6566666666666666,0.15666666666666662,0.026343800639898395,0.6966666666666667,0.19666666666666666,0.026343800639898395,64424.9,0
0.95,0.44999999999999996,0.026343800639898395,0.27666666666666667,0.22333333333333333,0.026343800639898395,0.7766666666666666,0.2766666666666666,0.026343800639898395,0.69,0.18999999999999995,0.026343800639898395,0.7433333333333333,0.2433333333333333,0.026343800639898395,63881.9,0
0.9266666666666666,0.42666666666666664,0.026343800639898395,0.2733333333333333,0.22666666666666668,0.026343800639898395,0.7833333333333333,0.2833333333333333,0.026343800639898395,0.6866666666666666,0.18666666666666665,0.026343800639898395,0.74,0.24,0.026343800639898395,63514.9,0
0.9566666666666667,0.45666666666666667,0.026343800639898395,0.25,0.25,0.026343800639898395,0.7866666666666666,0.2866666666666666,0.026343800639898395,0.6833333333333333,0.18333333333333335,0.026343800639898395,0.7333333333333333,0.23333333333333328,0.026343800639898395,63901.0,0
0.94,0.43999999999999995,0.026343800639898395,0.4066666666666667,0.09333333333333332,0.026343800639898395,0.7966666666666666,0.29666666666666663,0.026343800639898395,0.7,0.19999999999999996,0.026343800639898395,0.72,0.21999999999999997,0.026343800639898395,64078.6,0
0.94,0.43999999999999995,0.026343800639898395,0.43333333333333335,0.06666666666666665,0.026343800639898395,0.8,0.30000000000000004,0.026343800639898395,0.6966666666666667,0.19666666666666666,0.026343800639898395,0.7166666666666667,0.21666666666666667,0.026343800639898395,63906.4,0
0.93,0.43000000000000005,0.026343800639898395,0.4533333333333333,0.04666666666666669,0.026343800639898395,0.77,0.27,0.026343800639898395,0.64,0.14,0.026343800639898395,0.7033333333333334,0.20333333333333337,0.026343800639898395,64695.4,0
0.9333333333333333,0.43333333333333335,0.026343800639898395,0.52,0.020000000000000018,0.026343800639898395,0.7833333333333333,0.2833333333333333,0.026343800639898395,0.6633333333333333,0.16333333333333333,0.026343800639898395,0.7066666666666667,0.20666666666666667,0.026343800639898395,64659.7,0
0.9366666666666666,0.43666666666666665,0.026343800639898395,0.47333333333333333,0.026666666666666672,0.026343800639898395,0.77,0.27,0.026343800639898395,0.6633333333333333,0.16333333333333333,0.026343800639898395,0.69,0.18999999999999995,0.026343800639898395,64742.9,0
0.9366666666666666,0.43666666666666665,0.026343800639898395,0.4533333333333333,0.04666666666666669,0.026343800639898395,0.7633333333333333,0.2633333333333333,0.026343800639898395,0.6666666666666666,0.16666666666666663,0.026343800639898395,0.7033333333333334,0.20333333333333337,0.026343800639898395,64723.0,0
0.92,0.42000000000000004,0.026343800639898395,0.26666666666666666,0.23333333333333334,0.026343800639898395,0.7633333333333333,0.2633333333333333,0.026343800639898395,0.6633333333333333,0.16333333333333333,0.026343800639898395,0.7,0.19999999999999996,0.026343800639898395,64299.3,0
0.9233333333333333,0.42333333333333334,0.026343800639898395,0.24666666666666667,0.2533333333333333,0.026343800639898395,0.7766666666666666,0.2766666666666666,0.026343800639898395,0.69,0.18999999999999995,0.026343800639898395,0.7233333333333334,0.22333333333333338,0.026343800639898395,63890.4,0
0.9233333333333333,0.42333333333333334,0.026343800639898395,0.24666666666666667,0.2533333333333333,0.026343800639898395,0.7666666666666667,0.2666666666666667,0.026343800639898395,0.6933333333333334,0.19333333333333336,0.026343800639898395,0.7333333333333333,0.23333333333333328,0.026343800639898395,63732.6,0
0.88,0.38,0.026343800639898395,0.38666666666666666,0.11333333333333334,0.026343800639898395,0.78,0.28,0.026343800639898395,0.6933333333333334,0.19333333333333336,0.026343800639898395,0.7466666666666667,0.2466666666666667,0.026343800639898395,62643.0,1
0.8733333333333333,0.3733333333333333,0.026343800639898395,0.3433333333333333,0.15666666666666668,0.026343800639898395,0.7866666666666666,0.2866666666666666,0.026343800639898395,0.7,0.19999999999999996,0.026343800639898395,0.74,0.24,0.026343800639898395,62895.3,0
0.8766666666666667,0.3766666666666667,0.026343800639898395,0.36,0.14,0.026343800639898395,0.7866666666666666,0.2866666666666666,0.026343800639898395,0.7,0.19999999999999996,0.026343800639898395,0.73,0.22999999999999998,0.026343800639898395,62822.0,0
0.8766666666666667,0.3766666666666667,0.026343800639898395,0.52,0.020000000000000018,0.026343800639898395,0.7966666666666666,0.29666666666666663,0.026343800639898395,0.7,0.19999999999999996,0.026343800639898395,0.7433333333333333,0.2433333333333333,0.026343800639898395,62942.3,1
0.8733333333333333,0.3733333333333333,0.026343800639898395,0.5366666666666666,0.036666666666666625,0.026343800639898395,0.7966666666666666,0.29666666666666663,0.026343800639898395,0.6966666666666667,0.19666666666666666,0.026343800639898395,0.75,0.25,0.026343800639898395,62990.1,1
0.8833333333333333,0.3833333333333333,0.026343800639898395,0.5033333333333333,0.0033333333333332993,0.026343800639898395,0.7833333333333333,0.2833333333333333,0.026343800639898395,0.6966666666666667,0.19666666666666666,0.026343800639898395,0.7433333333333333,0.2433333333333333,0.026343800639898395,63016.2,1
0.88,0.38,0.026343800639898395,0.49333333333333335,0.006666666666666654,0.026343800639898395,0.7966666666666666,0.29666666666666663,0.026343800639898395,0.6833333333333333,0.18333333333333335,0.026343800639898395,0.77,0.27,0.026343800639898395,62956.1,1
0.89,0.39,0.026343800639898395,0.5633333333333334,0.06333333333333335,0.026343800639898395,0.8066666666666666,0.30666666666666664,0.026343800639898395,0.6866666666666666,0.18666666666666665,0.026343800639898395,0.7733333333333333,0.2733333333333333,0.026343800639898395,62477.9,1
0.88,0.38,0.026343800639898395,0.47333333333333333,0.026666666666666672,0.026343800639898395,0.8033333333333333,0.30333333333333334,0.026343800639898395,0.68,0.18000000000000005,0.026343800639898395,0.74,0.24,0.026343800639898395,62760.0,1
0.9366666666666666,0.43666666666666665,0.026343800639898395,0.5266666666666666,0.026666666666666616,0.026343800639898395,0.8066666666666666,0.30666666666666664,0.026343800639898395,0.6533333333333333,0.15333333333333332,0.026343800639898395,0.7566666666666667,0.2566666666666667,0.026343800639898395,63392.7,1
0.9366666666666666,0.43666666666666665,0.026343800639898395,0.5266666666666666,0.026666666666666616,0.026343800639898395,0.81,0.31000000000000005,0.026343800639898395,0.6233333333333333,0.1233333333333333,0.026343800639898395,0.7533333333333333,0.2533333333333333,0.026343800639898395,63427.4,1
0.9166666666666666,0.41666666666666663,0.026343800639898395,0.63,0.13,0.026343800639898395,0.8066666666666666,0.30666666666666664,0.026343800639898395,0.6433333333333333,0.1433333333333333,0.026343800639898395,0.76,0.26,0.026343800639898395,62965.8,1
0.9266666666666666,0.42666666666666664,0.026343800639898395,0.5533333333333333,0.053333333333333344,0.026343800639898395,0.8,0.30000000000000004,0.026343800639898395,0.6466666666666666,0.1466666666666666,0.026343800639898395,0.7666666666666667,0.2666666666666667,0.026343800639898395,63046.2,1
0.9366666666666666,0.43666666666666665,0.026343800639898395,0.52,0.020000000000000018,0.026343800639898395,0.8166666666666667,0.31666666666666665,0.026343800639898395,0.6566666666666666,0.15666666666666662,0.026343800639898395,0.7533333333333333,0.2533333333333333,0.026343800639898395,63378.1,1
0.9366666666666666,0.43666666666666665,0.026343800639898395,0.5466666666666666,0.046666666666666634,0.026343800639898395,0.8166666666666667,0.31666666666666665,0.026343800639898395,0.65,0.15000000000000002,0.026343800639898395,0.74,0.24,0.026343800639898395,63500.0,1
0.8966666666666666,0.3966666666666666,0.026343800639898395,0.5933333333333334,0.09333333333333338,0.026343800639898395,0.8133333333333334,0.31333333333333335,0.026343800639898395,0.6366666666666667,0.13666666666666671,0.026343800639898395,0.7466666666666667,0.2466666666666667,0.026343800639898395,62793.4,1
0.89,0.39,0.026343800639898395,0.6566666666666666,0.15666666666666662,0.026343800639898395,0.8233333333333334,0.32333333333333336,0.026343800639898395,0.6366666666666667,0.13666666666666671,0.026343800639898395,0.7466666666666667,0.2466666666666667,0.026343800639898395,62531.0,1
0.8933333333333333,0.3933333333333333,0.026343800639898395,0.5933333333333334,0.09333333333333338,0.026343800639898395,0.8233333333333334,0.32333333333333336,0.026343800639898395,0.6366666666666667,0.13666666666666671,0.026343800639898395,0.7633333333333333,0.2633333333333333,0.026343800639898395,62469.0,1
0.9366666666666666,0.43666666666666665,0.026343800639898395,0.45,0.04999999999999999,0.026343800639898395,0.78,0.28,0.026343800639898395,0.6266666666666667,0.1266666666666667,0.026343800639898395,0.71,0.20999999999999996,0.026343800639898395,63603.3,1
0.9366666666666666,0.43666666666666665,0.026343800639898395,0.48333333333333334,0.016666666666666663,0.026343800639898395,0.78,0.28,0.026343800639898395,0.6333333333333333,0.1333333333333333,0.026343800639898395,0.6833333333333333,0.18333333333333335,0.026343800639898395,63813.4,1
0.94,0.43999999999999995,0.026343800639898395,0.4633333333333333,0.03666666666666668,0.026343800639898395,0.7866666666666666,0.2866666666666666,0.026343800639898395,0.6233333333333333,0.1233333333333333,0.026343800639898395,0.7133333333333334,0.21333333333333337,0.026343800639898395,63461.7,1
0.9333333333333333,0.43333333333333335,0.026343800639898395,0.5733333333333334,0.07333333333333336,0.026343800639898395,0.8033333333333333,0.30333333333333334,0.026343800639898395,0.62,0.12,0.026343800639898395,0.7133333333333334,0.21333333333333337,0.026343800639898395,63735.8,1
0.93,0.43000000000000005,0.026343800639898395,0.5033333333333333,0.0033333333333332993,0.026343800639898395,0.7866666666666666,0.2866666666666666,0.026343800639898395,0.62,0.12,0.026343800639898395,0.72,0.21999999999999997,0.026343800639898395,63627.7,1
0.9266666666666666,0.42666666666666664,0.026343800639898395,0.5766666666666667,0.07666666666666666,0.026343800639898395,0.8,0.30000000000000004,0.026343800639898395,0.6133333333333333,0.11333333333333329,0.026343800639898395,0.7166666666666667,0.21666666666666667,0.026343800639898395,63861.1,1
0.9066666666666666,0.4066666666666666,0.026343800639898395,0.5833333333333334,0.08333333333333337,0.026343800639898395,0.77,0.27,0.026343800639898395,0.57,0.06999999999999995,0.026343800639898395,0.7133333333333334,0.21333333333333337,0.026343800639898395,64080.1,1
0.8866666666666667,0.3866666666666667,0.026343800639898395,0.5766666666666667,0.07666666666666666,0.026343800639898395,0.75,0.25,0.026343800639898395,0.58,0.07999999999999996,0.026343800639898395,0.73,0.22999999999999998,0.026343800639898395,64181.8,1
0.8866666666666667,0.3866666666666667,0.026343800639898395,0.6033333333333334,0.10333333333333339,0.026343800639898395,0.7766666666666666,0.2766666666666666,0.026343800639898395,0.6,0.09999999999999998,0.026343800639898395,0.71,0.20999999999999996,0.026343800639898395,64053.7,1
0.8566666666666667,0.3566666666666667,0.026343800639898395,0.5033333333333333,0.0033333333333332993,0.026343800639898395,0.7833333333333333,0.2833333333333333,0.026343800639898395,0.6133333333333333,0.11333333333333329,0.026343800639898395,0.7233333333333334,0.22333333333333338,0.026343800639898395,64126.8,1
0.8633333333333333,0.3633333333333333,0.026343800639898395,0.6566666666666666,0.15666666666666662,0.026343800639898395,0.7666666666666667,0.2666666666666667,0.026343800639898395,0.6066666666666667,0.10666666666666669,0.026343800639898395,0.7466666666666667,0.2466666666666667,0.026343800639898395,64105.0,1
0.8633333333333333,0.3633333333333333,0.026343800639898395,0.6666666666666666,0.16666666666666663,0.026343800639898395,0.7633333333333333,0.2633333333333333,0.026343800639898395,0.6,0.09999999999999998,0.026343800639898395,0.75,0.25,0.026343800639898395,64015.2,1
0.8566666666666667,0.3566666666666667,0.026343800639898395,0.64,0.14,0.026343800639898395,0.7733333333333333,0.2733333333333333,0.026343800639898395,0.6,0.09999999999999998,0.026343800639898395,0.75,0.25,0.026343800639898395,64332.3,1
0.8333333333333334,0.33333333333333337,0.026343800639898395,0.6533333333333333,0.15333333333333332,0.026343800639898395,0.7333333333333333,0.23333333333333328,0.026343800639898395,0.5333333333333333,0.033333333333333326,0.026343800639898395,0.7466666666666667,0.2466666666666667,0.026343800639898395,64790.9,1
0.84,0.33999999999999997,0.026343800639898395,0.67,0.17000000000000004,0.026343800639898395,0.7566666666666667,0.2566666666666667,0.026343800639898395,0.5666666666666667,0.06666666666666665,0.026343800639898395,0.7433333333333333,0.2433333333333333,0.026343800639898395,64599.2,1
0.84,0.33999999999999997,0.026343800639898395,0.7466666666666667,0.2466666666666667,0.026343800639898395,0.7766666666666666,0.2766666666666666,0.026343800639898395,0.5633333333333334,0.06333333333333335,0.026343800639898395,0.7366666666666667,0.2366666666666667,0.026343800639898395,64460.3,1
0.8233333333333334,0.32333333333333336,0.026343800639898395,0.7366666666666667,0.2366666666666667,0.026343800639898395,0.73,0.22999999999999998,0.026343800639898395,0.5633333333333334,0.06333333333333335,0.026343800639898395,0.7066666666666667,0.20666666666666667,0.026343800639898395,64756.5,1
0.8433333333333334,0.3433333333333334,0.026343800639898395,0.7533333333333333,0.2533333333333333,0.026343800639898395,0.7733333333333333,0.2733333333333333,0.026343800639898395,0.5666666666666667,0.06666666666666665,0.026343800639898395,0.7366666666666667,0.2366666666666667,0.026343800639898395,64535.0,1
0.84,0.33999999999999997,0.026343800639898395,0.73,0.22999999999999998,0.026343800639898395,0.7733333333333333,0.2733333333333333,0.026343800639898395,0.5566666666666666,0.05666666666666664,0.026343800639898395,0.7466666666666667,0.2466666666666667,0.026343800639898395,64573.6,1
0.8733333333333333,0.3733333333333333,0.026343800639898395,0.71,0.20999999999999996,0.026343800639898395,0.78,0.28,0.026343800639898395,0.5666666666666667,0.06666666666666665,0.026343800639898395,0.7066666666666667,0.20666666666666667,0.026343800639898395,64401.7,1
0.8766666666666667,0.3766666666666667,0.026343800639898395,0.7433333333333333,0.2433333333333333,0.026343800639898395,0.79,0.29000000000000004,0.026343800639898395,0.5733333333333334,0.07333333333333336,0.026343800639898395,0.69,0.18999999999999995,0.026343800639898395,64259.2,1
0.8833333333333333,0.3833333333333333,0.026343800639898395,0.7366666666666667,0.2366666666666667,0.026343800639898395,0.82,0.31999999999999995,0.026343800639898395,0.5866666666666667,0.08666666666666667,0.026343800639898395,0.75,0.25,0.026343800639898395,64230.3,1
0.8833333333333333,0.3833333333333333,0.026343800639898395,0.73,0.22999999999999998,0.026343800639898395,0.8133333333333334,0.31333333333333335,0.026343800639898395,0.58,0.07999999999999996,0.026343800639898395,0.75,0.25,0.026343800639898395,64269.5,1
0.86,0.36,0.026343800639898395,0.7033333333333334,0.20333333333333337,0.026343800639898395,0.8133333333333334,0.31333333333333335,0.026343800639898395,0.5666666666666667,0.06666666666666665,0.026343800639898395,0.7766666666666666,0.2766666666666666,0.026343800639898395,64974.0,0
0.8533333333333334,0.3533333333333334,0.026343800639898395,0.7366666666666667,0.2366666666666667,0.026343800639898395,0.8166666666666667,0.31666666666666665,0.026343800639898395,0.5666666666666667,0.06666666666666665,0.026343800639898395,0.7833333333333333,0.2833333333333333,0.026343800639898395,64860.4,1
0.8466666666666667,0.3466666666666667,0.026343800639898395,0.7766666666666666,0.2766666666666666,0.026343800639898395,0.82,0.31999999999999995,0.026343800639898395,0.56,0.06000000000000005,0.026343800639898395,0.7766666666666666,0.2766666666666666,0.026343800639898395,64914.0,1
0.83,0.32999999999999996,0.026343800639898395,0.7866666666666666,0.2866666666666666,0.026343800639898395,0.8066666666666666,0.30666666666666664,0.026343800639898395,0.5633333333333334,0.06333333333333335,0.026343800639898395,0.7533333333333333,0.2533333333333333,0.026343800639898395,64886.1,1
0.8133333333333334,0.31333333333333335,0.026343800639898395,0.69,0.18999999999999995,0.026343800639898395,0.7933333333333333,0.29333333333333333,0.026343800639898395,0.5633333333333334,0.06333333333333335,0.026343800639898395,0.7333333333333333,0.23333333333333328,0.026343800639898395,64980.1,0
0.8133333333333334,0.31333333333333335,0.026343800639898395,0.67,0.17000000000000004,0.026343800639898395,0.79,0.29000000000000004,0.026343800639898395,0.5633333333333334,0.06333333333333335,0.026343800639898395,0.6966666666666667,0.19666666666666666,0.026343800639898395,64914.0,0
0.8066666666666666,0.30666666666666664,0.026343800639898395,0.5433333333333333,0.043333333333333335,0.026343800639898395,0.77,0.27,0.026343800639898395,0.5566666666666666,0.05666666666666664,0.026343800639898395,0.6833333333333333,0.18333333333333335,0.026343800639898395,64919.1,0
0.7933333333333333,0.29333333333333333,0.026343800639898395,0.6333333333333333,0.1333333333333333,0.026343800639898395,0.7533333333333333,0.2533333333333333,0.026343800639898395,0.57,0.06999999999999995,0.026343800639898395,0.7,0.19999999999999996,0.026343800639898395,65049.9,0
0.7933333333333333,0.29333333333333333,0.026343800639898395,0.7066666666666667,0.20666666666666667,0.026343800639898395,0.7533333333333333,0.2533333333333333,0.026343800639898395,0.5633333333333334,0.06333333333333335,0.026343800639898395,0.6866666666666666,0.18666666666666665,0.026343800639898395,65032.0,0
0.7966666666666666,0.29666666666666663,0.026343800639898395,0.66,0.16000000000000003,0.026343800639898395,0.75,0.25,0.026343800639898395,0.56,0.06000000000000005,0.026343800639898395,0.6766666666666666,0.17666666666666664,0.026343800639898395,64901.1,0
0.8266666666666667,0.32666666666666666,0.026343800639898395,0.6,0.09999999999999998,0.026343800639898395,0.73,0.22999999999999998,0.026343800639898395,0.5866666666666667,0.08666666666666667,0.026343800639898395,0.6666666666666666,0.16666666666666663,0.026343800639898395,64730.9,0
0.8266666666666667,0.32666666666666666,0.026343800639898395,0.5833333333333334,0.08333333333333337,0.026343800639898395,0.72,0.21999999999999997,0.026343800639898395,0.5833333333333334,0.08333333333333337,0.026343800639898395,0.67,0.17000000000000004,0.026343800639898395,64787.1,0
0.8166666666666667,0.31666666666666665,0.026343800639898395,0.6366666666666667,0.13666666666666671,0.026343800639898395,0.72,0.21999999999999997,0.026343800639898395,0.5733333333333334,0.07333333333333336,0.026343800639898395,0.68,0.18000000000000005,0.026343800639898395,64900.0,0
0.8166666666666667,0.31666666666666665,0.026343800639898395,0.63,0.13,0.026343800639898395,0.7066666666666667,0.20666666666666667,0.026343800639898395,0.5433333333333333,0.043333333333333335,0.026343800639898395,0.6733333333333333,0.17333333333333334,0.026343800639898395,65177.1,0
0.8233333333333334,0.32333333333333336,0.026343800639898395,0.5666666666666667,0.06666666666666665,0.026343800639898395,0.7133333333333334,0.21333333333333337,0.026343800639898395,0.57,0.06999999999999995,0.026343800639898395,0.6733333333333333,0.17333333333333334,0.026343800639898395,65141.0,0
0.8266666666666667,0.32666666666666666,0.026343800639898395,0.5566666666666666,0.05666666666666664,0.026343800639898395,0.7166666666666667,0.21666666666666667,0.026343800639898395,0.5566666666666666,0.05666666666666664,0.026343800639898395,0.68,0.18000000000000005,0.026343800639898395,64860.0,0
0.8333333333333334,0.33333333333333337,0.026343800639898395,0.52,0.020000000000000018,0.026343800639898395,0.71,0.20999999999999996,0.026343800639898395,0.5633333333333334,0.06333333333333335,0.026343800639898395,0.6733333333333333,0.17333333333333334,0.026343800639898395,64917.4,0
0.8266666666666667,0.32666666666666666,0.026343800639898395,0.5033333333333333,0.0033333333333332993,0.026343800639898395,0.7166666666666667,0.21666666666666667,0.026343800639898395,0.5766666666666667,0.07666666666666666,0.026343800639898395,0.6666666666666666,0.16666666666666663,0.026343800639898395,65153.7,0
0.8266666666666667,0.32666666666666666,0.026343800639898395,0.66,0.16000000000000003,0.026343800639898395,0.7133333333333334,0.21333333333333337,0.026343800639898395,0.5866666666666667,0.08666666666666667,0.026343800639898395,0.6766666666666666,0.17666666666666664,0.026343800639898395,65071.8,0
0.92,0.42000000000000004,0.026343800639898395,0.6833333333333333,0.18333333333333335,0.026343800639898395,0.8333333333333334,0.33333333333333337,0.026343800639898395,0.57,0.06999999999999995,0.026343800639898395,0.7366666666666667,0.2366666666666667,0.026343800639898395,64231.7,0
0.91,0.41000000000000003,0.026343800639898395,0.7133333333333334,0.21333333333333337,0.026343800639898395,0.84,0.33999999999999997,0.026343800639898395,0.6,0.09999999999999998,0.026343800639898395,0.7566666666666667,0.2566666666666667,0.026343800639898395,63975.7,0
0.91,0.41000000000000003,0.026343800639898395,0.6566666666666666,0.15666666666666662,0.026343800639898395,0.84,0.33999999999999997,0.026343800639898395,0.5966666666666667,0.09666666666666668,0.026343800639898395,0.7633333333333333,0.2633333333333333,0.026343800639898395,63922.1,0
0.8933333333333333,0.3933333333333333,0.026343800639898395,0.4266666666666667,0.0733333333333333,0.026343800639898395,0.8,0.30000000000000004,0.026343800639898395,0.59,0.08999999999999997,0.026343800639898395,0.7733333333333333,0.2733333333333333,0.026343800639898395,64071.3,0
0.8933333333333333,0.3933333333333333,0.026343800639898395,0.41333333333333333,0.08666666666666667,0.026343800639898395,0.8066666666666666,0.30666666666666664,0.026343800639898395,0.6033333333333334,0.10333333333333339,0.026343800639898395,0.7666666666666667,0.2666666666666667,0.026343800639898395,64003.4,0
0.9133333333333333,0.41333333333333333,0.026343800639898395,0.42,0.08000000000000002,0.026343800639898395,0.8,0.30000000000000004,0.026343800639898395,0.59,0.08999999999999997,0.026343800639898395,0.77,0.27,0.026343800639898395,64339.5,0
0.88,0.38,0.026343800639898395,0.4066666666666667,0.09333333333333332,0.026343800639898395,0.81,0.31000000000000005,0.026343800639898395,0.6033333333333334,0.10333333333333339,0.026343800639898395,0.76,0.26,0.026343800639898395,63558.1,0
0.8766666666666667,0.3766666666666667,0.026343800639898395,0.4666666666666667,0.033333333333333326,0.026343800639898395,0.8133333333333334,0.31333333333333335,0.026343800639898395,0.6233333333333333,0.1233333333333333,0.026343800639898395,0.7633333333333333,0.2633333333333333,0.026343800639898395,63478.4,0
0.8766666666666667,0.3766666666666667,0.026343800639898395,0.4166666666666667,0.08333333333333331,0.026343800639898395,0.8133333333333334,0.31333333333333335,0.026343800639898395,0.6233333333333333,0.1233333333333333,0.026343800639898395,0.7733333333333333,0.2733333333333333,0.026343800639898395,63541.1,0
0.91,0.41000000000000003,0.026343800639898395,0.49333333333333335,0.006666666666666654,0.026343800639898395,0.82,0.31999999999999995,0.026343800639898395,0.6033333333333334,0.10333333333333339,0.026343800639898395,0.7466666666666667,0.2466666666666667,0.026343800639898395,63774.7,0
0.9133333333333333,0.41333333333333333,0.026343800639898395,0.49333333333333335,0.006666666666666654,0.026343800639898395,0.82,0.31999999999999995,0.026343800639898395,0.6066666666666667,0.10666666666666669,0.026343800639898395,0.7533333333333333,0.2533333333333333,0.026343800639898395,63763.2,0
0.92,0.42000000000000004,0.026343800639898395,0.47,0.030000000000000027,0.026343800639898395,0.8133333333333334,0.31333333333333335,0.026343800639898395,0.59,0.08999999999999997,0.026343800639898395,0.74,0.24,0.026343800639898395,64164.9,0
0.8766666666666667,0.3766666666666667,0.026343800639898395,0.49666666666666665,0.003333333333333355,0.026343800639898395,0.8033333333333333,0.30333333333333334,0.026343800639898395,0.6166666666666667,0.1166666666666667,0.026343800639898395,0.7566666666666667,0.2566666666666667,0.026343800639898395,63376.2,0
0.8766666666666667,0.3766666666666667,0.026343800639898395,0.5033333333333333,0.0033333333333332993,0.026343800639898395,0.7933333333333333,0.29333333333333333,0.026343800639898395,0.6133333333333333,0.11333333333333329,0.026343800639898395,0.7466666666666667,0.2466666666666667,0.026343800639898395,63352.6,0
0.88,0.38,0.026343800639898395,0.48,0.020000000000000018,0.026343800639898395,0.8033333333333333,0.30333333333333334,0.026343800639898395,0.62,0.12,0.026343800639898395,0.7433333333333333,0.2433333333333333,0.026343800639898395,63412.0,0
0.91,0.41000000000000003,0.026343800639898395,0.6166666666666667,0.1166666666666667,0.026343800639898395,0.8,0.30000000000000004,0.026343800639898395,0.6033333333333334,0.10333333333333339,0.026343800639898395,0.7466666666666667,0.2466666666666667,0.026343800639898395,63575.3,0
0.9166666666666666,0.41666666666666663,0.026343800639898395,0.5466666666666666,0.046666666666666634,0.026343800639898395,0.8166666666666667,0.31666666666666665,0.026343800639898395,0.5933333333333334,0.09333333333333338,0.026343800639898395,0.7366666666666667,0.2366666666666667,0.026343800639898395,63797.5,0
0.8966666666666666,0.3966666666666666,0.026343800639898395,0.62,0.12,0.026343800639898395,0.8133333333333334,0.31333333333333335,0.026343800639898395,0.6066666666666667,0.10666666666666669,0.026343800639898395,0.76,0.26,0.026343800639898395,63406.0,0
0.8966666666666666,0.3966666666666666,0.026343800639898395,0.61,0.10999999999999999,0.026343800639898395,0.8066666666666666,0.30666666666666664,0.026343800639898395,0.6066666666666667,0.10666666666666669,0.026343800639898395,0.7533333333333333,0.2533333333333333,0.026343800639898395,63369.1,0
0.8966666666666666,0.3966666666666666,0.026343800639898395,0.6366666666666667,0.13666666666666671,0.026343800639898395,0.8066666666666666,0.30666666666666664,0.026343800639898395,0.6166666666666667,0.1166666666666667,0.026343800639898395,0.76,0.26,0.026343800639898395,63334.9,0
0.91,0.41000000000000003,0.026343800639898395,0.6333333333333333,0.1333333333333333,0.026343800639898395,0.8133333333333334,0.31333333333333335,0.026343800639898395,0.6,0.09999999999999998,0.026343800639898395,0.7433333333333333,0.2433333333333333,0.026343800639898395,63423.3,0
0.8966666666666666,0.3966666666666666,0.026343800639898395,0.6933333333333334,0.19333333333333336,0.026343800639898395,0.8033333333333333,0.30333333333333334,0.026343800639898395,0.6166666666666667,0.1166666666666667,0.026343800639898395,0.78,0.28,0.026343800639898395,63251.1,0
0.86,0.36,0.026343800639898395,0.67,0.17000000000000004,0.026343800639898395,0.8233333333333334,0.32333333333333336,0.026343800639898395,0.6,0.09999999999999998,0.026343800639898395,0.7833333333333333,0.2833333333333333,0.026343800639898395,62862.7,1
0.8566666666666667,0.3566666666666667,0.026343800639898395,0.64,0.14,0.026343800639898395,0.81,0.31000000000000005,0.026343800639898395,0.6,0.09999999999999998,0.026343800639898395,0.7766666666666666,0.2766666666666666,0.026343800639898395,62804.9,1
0.86,0.36,0.026343800639898395,0.58,0.07999999999999996,0.026343800639898395,0.8133333333333334,0.31333333333333335,0.026343800639898395,0.61,0.10999999999999999,0.026343800639898395,0.79,0.29000000000000004,0.026343800639898395,62914.0,1
0.8633333333333333,0.3633333333333333,0.026343800639898395,0.61,0.10999999999999999,0.026343800639898395,0.8133333333333334,0.31333333333333335,0.026343800639898395,0.61,0.10999999999999999,0.026343800639898395,0.7833333333333333,0.2833333333333333,0.026343800639898395,62887.3,1
0.8866666666666667,0.3866666666666667,0.026343800639898395,0.6466666666666666,0.1466666666666666,0.026343800639898395,0.8066666666666666,0.30666666666666664,0.026343800639898395,0.6133333333333333,0.11333333333333329,0.026343800639898395,0.7766666666666666,0.2766666666666666,0.026343800639898395,62979.4,1
0.9,0.4,0.026343800639898395,0.7133333333333334,0.21333333333333337,0.026343800639898395,0.8066666666666666,0.30666666666666664,0.026343800639898395,0.6133333333333333,0.11333333333333329,0.026343800639898395,0.76,0.26,0.026343800639898395,62989.8,1
0.9,0.4,0.026343800639898395,0.6866666666666666,0.18666666666666665,0.026343800639898395,0.7933333333333333,0.29333333333333333,0.026343800639898395,0.61,0.10999999999999999,0.026343800639898395,0.7533333333333333,0.2533333333333333,0.026343800639898395,62987.1,1
0.9,0.4,0.026343800639898395,0.65,0.15000000000000002,0.026343800639898395,0.8,0.30000000000000004,0.026343800639898395,0.61,0.10999999999999999,0.026343800639898395,0.7566666666666667,0.2566666666666667,0.026343800639898395,62954.9,1
0.9133333333333333,0.41333333333333333,0.026343800639898395,0.6633333333333333,0.16333333333333333,0.026343800639898395,0.8066666666666666,0.30666666666666664,0.026343800639898395,0.6,0.09999999999999998,0.026343800639898395,0.7633333333333333,0.2633333333333333,0.026343800639898395,63037.1,1
0.9133333333333333,0.41333333333333333,0.026343800639898395,0.62,0.12,0.026343800639898395,0.81,0.31000000000000005,0.026343800639898395,0.5933333333333334,0.09333333333333338,0.026343800639898395,0.7533333333333333,0.2533333333333333,0.026343800639898395,63056.0,1
0.9133333333333333,0.41333333333333333,0.026343800639898395,0.51,0.010000000000000009,0.026343800639898395,0.8033333333333333,0.30333333333333334,0.026343800639898395,0.5966666666666667,0.09666666666666668,0.026343800639898395,0.7533333333333333,0.2533333333333333,0.026343800639898395,63024.3,1
0.9033333333333333,0.4033333333333333,0.026343800639898395,0.46,0.03999999999999998,0.026343800639898395,0.7966666666666666,0.29666666666666663,0.026343800639898395,0.5866666666666667,0.08666666666666667,0.026343800639898395,0.78,0.28,0.026343800639898395,63059.1,1
0.9033333333333333,0.4033333333333333,0.026343800639898395,0.5233333333333333,0.023333333333333317,0.026343800639898395,0.7966666666666666,0.29666666666666663,0.026343800639898395,0.5933333333333334,0.09333333333333338,0.026343800639898395,0.7733333333333333,0.2733333333333333,0.026343800639898395,62989.6,1
0.9033333333333333,0.4033333333333333,0.026343800639898395,0.5166666666666667,0.01666666666666672,0.026343800639898395,0.7966666666666666,0.29666666666666663,0.026343800639898395,0.5866666666666667,0.08666666666666667,0.026343800639898395,0.7766666666666666,0.2766666666666666,0.026343800639898395,62924.9,1
0.9066666666666666,0.4066666666666666,0.026343800639898395,0.5433333333333333,0.043333333333333335,0.026343800639898395,0.7933333333333333,0.29333333333333333,0.026343800639898395,0.57,0.06999999999999995,0.026343800639898395,0.7566666666666667,0.2566666666666667,0.026343800639898395,63075.0,1
0.9033333333333333,0.4033333333333333,0.026343800639898395,0.5733333333333334,0.07333333333333336,0.026343800639898395,0.7933333333333333,0.29333333333333333,0.026343800639898395,0.5766666666666667,0.07666666666666666,0.026343800639898395,0.7766666666666666,0.2766666666666666,0.026343800639898395,63049.1,1
0.9,0.4,0.026343800639898395,0.5433333333333333,0.043333333333333335,0.026343800639898395,0.7866666666666666,0.2866666666666666,0.026343800639898395,0.5866666666666667,0.08666666666666667,0.026343800639898395,0.7733333333333333,0.2733333333333333,0.026343800639898395,62819.1,1
0.9333333333333333,0.43333333333333335,0.026343800639898395,0.48333333333333334,0.016666666666666663,0.026343800639898395,0.8433333333333334,0.3433333333333334,0.026343800639898395,0.5766666666666667,0.07666666666666666,0.026343800639898395,0.7433333333333333,0.2433333333333333,0.026343800639898395,63362.2,1
0.93,0.43000000000000005,0.026343800639898395,0.5166666666666667,0.01666666666666672,0.026343800639898395,0.84,0.33999999999999997,0.026343800639898395,0.6,0.09999999999999998,0.026343800639898395,0.7333333333333333,0.23333333333333328,0.026343800639898395,63463.0,1
0.93,0.43000000000000005,0.026343800639898395,0.55,0.050000000000000044,0.026343800639898395,0.8433333333333334,0.3433333333333334,0.026343800639898395,0.5966666666666667,0.09666666666666668,0.026343800639898395,0.75,0.25,0.026343800639898395,63561.2,1
0.91,0.41000000000000003,0.026343800639898395,0.5066666666666667,0.00666666666666671,0.026343800639898395,0.7766666666666666,0.2766666666666666,0.026343800639898395,0.5266666666666666,0.026666666666666616,0.026343800639898395,0.7533333333333333,0.2533333333333333,0.026343800639898395,64138.7,1
0.9066666666666666,0.4066666666666666,0.026343800639898395,0.5633333333333334,0.06333333333333335,0.026343800639898395,0.7833333333333333,0.2833333333333333,0.026343800639898395,0.56,0.06000000000000005,0.026343800639898395,0.7633333333333333,0.2633333333333333,0.026343800639898395,64262.3,1
0.8866666666666667,0.3866666666666667,0.026343800639898395,0.5633333333333334,0.06333333333333335,0.026343800639898395,0.78,0.28,0.026343800639898395,0.49333333333333335,0.006666666666666654,0.026343800639898395,0.7433333333333333,0.2433333333333333,0.026343800639898395,64471.7,1
0.9033333333333333,0.4033333333333333,0.026343800639898395,0.41333333333333333,0.08666666666666667,0.026343800639898395,0.8233333333333334,0.32333333333333336,0.026343800639898395,0.5466666666666666,0.046666666666666634,0.026343800639898395,0.7466666666666667,0.2466666666666667,0.026343800639898395,64122.2,1
0.89,0.39,0.026343800639898395,0.4033333333333333,0.09666666666666668,0.026343800639898395,0.8233333333333334,0.32333333333333336,0.026343800639898395,0.5466666666666666,0.046666666666666634,0.026343800639898395,0.75,0.25,0.026343800639898395,64139.2,1
0.8733333333333333,0.3733333333333333,0.026343800639898395,0.43666666666666665,0.06333333333333335,0.026343800639898395,0.8066666666666666,0.30666666666666664,0.026343800639898395,0.5366666666666666,0.036666666666666625,0.026343800639898395,0.7466666666666667,0.2466666666666667,0.026343800639898395,64283.6,1
0.82,0.31999999999999995,0.026343800639898395,0.5133333333333333,0.013333333333333308,0.026343800639898395,0.8066666666666666,0.30666666666666664,0.026343800639898395,0.49333333333333335,0.006666666666666654,0.026343800639898395,0.7966666666666666,0.29666666666666663,0.026343800639898395,64803.0,1
0.8433333333333334,0.3433333333333334,0.026343800639898395,0.5066666666666667,0.00666666666666671,0.026343800639898395,0.8133333333333334,0.31333333333333335,0.026343800639898395,0.52,0.020000000000000018,0.026343800639898395,0.79,0.29000000000000004,0.026343800639898395,64617.2,1
0.8366666666666667,0.33666666666666667,0.026343800639898395,0.5533333333333333,0.053333333333333344,0.026343800639898395,0.8133333333333334,0.31333333333333335,0.026343800639898395,0.52,0.020000000000000018,0.026343800639898395,0.7466666666666667,0.2466666666666667,0.026343800639898395,64677.2,1
0.86,0.36,0.026343800639898395,0.5033333333333333,0.0033333333333332993,0.026343800639898395,0.8166666666666667,0.31666666666666665,0.026343800639898395,0.52,0.020000000000000018,0.026343800639898395,0.7166666666666667,0.21666666666666667,0.026343800639898395,64284.1,1
0.8966666666666666,0.3966666666666666,0.026343800639898395,0.5233333333333333,0.023333333333333317,0.026343800639898395,0.8166666666666667,0.31666666666666665,0.026343800639898395,0.5233333333333333,0.023333333333333317,0.026343800639898395,0.7133333333333334,0.21333333333333337,0.026343800639898395,64254.0,1
0.9,0.4,0.026343800639898395,0.5133333333333333,0.013333333333333308,0.026343800639898395,0.82,0.31999999999999995,0.026343800639898395,0.5133333333333333,0.013333333333333308,0.026343800639898395,0.71,0.20999999999999996,0.026343800639898395,64456.3,1
0.68,0.18000000000000005,0.026343800639898395,0.24333333333333335,0.25666666666666665,0.026343800639898395,0.4033333333333333,0.09666666666666668,0.026343800639898395,0.4866666666666667,0.013333333333333308,0.026343800639898395,0.4766666666666667,0.023333333333333317,0.026343800639898395,68539.7,1
0.6866666666666666,0.18666666666666665,0.026343800639898395,0.2,0.3,0.026343800639898395,0.42333333333333334,0.07666666666666666,0.026343800639898395,0.4866666666666667,0.013333333333333308,0.026343800639898395,0.4766666666666667,0.023333333333333317,0.026343800639898395,68393.8,1
0.6766666666666666,0.17666666666666664,0.026343800639898395,0.19,0.31,0.026343800639898395,0.36666666666666664,0.13333333333333336,0.026343800639898395,0.42333333333333334,0.07666666666666666,0.026343800639898395,0.4533333333333333,0.04666666666666669,0.026343800639898395,69285.0,1
0.6666666666666666,0.16666666666666663,0.026343800639898395,0.18666666666666668,0.31333333333333335,0.026343800639898395,0.37666666666666665,0.12333333333333335,0.026343800639898395,0.37,0.13,0.026343800639898395,0.49333333333333335,0.006666666666666654,0.026343800639898395,69137.7,1
0.6866666666666666,0.18666666666666665,0.026343800639898395,0.17666666666666667,0.32333333333333336,0.026343800639898395,0.38,0.12,0.026343800639898395,0.3233333333333333,0.1766666666666667,0.026343800639898395,0.4633333333333333,0.03666666666666668,0.026343800639898395,69768.0,1
0.65,0.15000000000000002,0.026343800639898395,0.18333333333333332,0.31666666666666665,0.026343800639898395,0.38666666666666666,0.11333333333333334,0.026343800639898395,0.22333333333333333,0.27666666666666667,0.026343800639898395,0.4033333333333333,0.09666666666666668,0.026343800639898395,71875.8,1
0.6466666666666666,0.1466666666666666,0.026343800639898395,0.17666666666666667,0.32333333333333336,0.026343800639898395,0.37333333333333335,0.12666666666666665,0.026343800639898395,0.22,0.28,0.026343800639898395,0.37666666666666665,0.12333333333333335,0.026343800639898395,72431.7,1
0.61,0.10999999999999999,0.026343800639898395,0.17333333333333334,0.32666666666666666,0.026343800639898395,0.36666666666666664,0.13333333333333336,0.026343800639898395,0.21333333333333335,0.2866666666666666,0.026343800639898395,0.38666666666666666,0.11333333333333334,0.026343800639898395,72632.2,1
0.5833333333333334,0.08333333333333337,0.026343800639898395,0.17333333333333334,0.32666666666666666,0.026343800639898395,0.35333333333333333,0.14666666666666667,0.026343800639898395,0.22333333333333333,0.27666666666666667,0.026343800639898395,0.37,0.13,0.026343800639898395,73001.1,1
0.5833333333333334,0.08333333333333337,0.026343800639898395,0.10333333333333333,0.39666666666666667,0.026343800639898395,0.32666666666666666,0.17333333333333334,0.026343800639898395,0.24333333333333335,0.25666666666666665,0.026343800639898395,0.35333333333333333,0.14666666666666667,0.026343800639898395,74486.2,1
0.5733333333333334,0.07333333333333336,0.026343800639898395,0.10666666666666667,0.3933333333333333,0.026343800639898395,0.32,0.18,0.026343800639898395,0.23333333333333334,0.26666666666666666,0.026343800639898395,0.3333333333333333,0.16666666666666669,0.026343800639898395,76275.6,1
0.5733333333333334,0.07333333333333336,0.026343800639898395,0.10333333333333333,0.39666666666666667,0.026343800639898395,0.31,0.19,0.026343800639898395,0.2633333333333333,0.2366666666666667,0.026343800639898395,0.31333333333333335,0.18666666666666665,0.026343800639898395,76689.9,1
0.57,0.06999999999999995,0.026343800639898395,0.10666666666666667,0.3933333333333333,0.026343800639898395,0.30333333333333334,0.19666666666666666,0.026343800639898395,0.26666666666666666,0.23333333333333334,0.026343800639898395,0.29,0.21000000000000002,0.026343800639898395,77185.7,0
0.54,0.040000000000000036,0.026343800639898395,0.11333333333333333,0.38666666666666666,0.026343800639898395,0.2966666666666667,0.2033333333333333,0.026343800639898395,0.2633333333333333,0.2366666666666667,0.026343800639898395,0.30666666666666664,0.19333333333333336,0.026343800639898395,76999.8,1
0.5366666666666666,0.036666666666666625,0.026343800639898395,0.10666666666666667,0.3933333333333333,0.026343800639898395,0.29333333333333333,0.20666666666666667,0.026343800639898395,0.24666666666666667,0.2533333333333333,0.026343800639898395,0.33666666666666667,0.16333333333333333,0.026343800639898395,78327.2,1
0.5366666666666666,0.036666666666666625,0.026343800639898395,0.12,0.38,0.026343800639898395,0.29333333333333333,0.20666666666666667,0.026343800639898395,0.22666666666666666,0.2733333333333333,0.026343800639898395,0.3433333333333333,0.15666666666666668,0.026343800639898395,78409.5,1
0.5233333333333333,0.023333333333333317,0.026343800639898395,0.16333333333333333,0.33666666666666667,0.026343800639898395,0.27,0.22999999999999998,0.026343800639898395,0.24,0.26,0.026343800639898395,0.31333333333333335,0.18666666666666665,0.026343800639898395,77266.2,1
0.48,0.020000000000000018,0.026343800639898395,0.12,0.38,0.026343800639898395,0.26666666666666666,0.23333333333333334,0.026343800639898395,0.25,0.25,0.026343800639898395,0.38666666666666666,0.11333333333333334,0.026343800639898395,77130.3,1
0.4666666666666667,0.033333333333333326,0.026343800639898395,0.12333333333333334,0.37666666666666665,0.026343800639898395,0.2733333333333333,0.22666666666666668,0.026343800639898395,0.26,0.24,0.026343800639898395,0.35333333333333333,0.14666666666666667,0.026343800639898395,76966.8,1
0.46,0.03999999999999998,0.026343800639898395,0.12333333333333334,0.37666666666666665,0.026343800639898395,0.26666666666666666,0.23333333333333334,0.026343800639898395,0.24666666666666667,0.2533333333333333,0.026343800639898395,0.37,0.13,0.026343800639898395,77431.4,1
0.4666666666666667,0.033333333333333326,0.026343800639898395,0.14,0.36,0.026343800639898395,0.29,0.21000000000000002,0.026343800639898395,0.24666666666666667,0.2533333333333333,0.026343800639898395,0.36,0.14,0.026343800639898395,77082.6,1
0.46,0.03999999999999998,0.026343800639898395,0.11333333333333333,0.38666666666666666,0.026343800639898395,0.32666666666666666,0.17333333333333334,0.026343800639898395,0.25333333333333335,0.24666666666666665,0.026343800639898395,0.38333333333333336,0.11666666666666664,0.026343800639898395,76921.1,1
0.4866666666666667,0.013333333333333308,0.026343800639898395,0.16,0.33999999999999997,0.026343800639898395,0.37666666666666665,0.12333333333333335,0.026343800639898395,0.28,0.21999999999999997,0.026343800639898395,0.39666666666666667,0.10333333333333333,0.026343800639898395,75976.4,1
0.4766666666666667,0.023333333333333317,0.026343800639898395,0.10666666666666667,0.3933333333333333,0.026343800639898395,0.3433333333333333,0.15666666666666668,0.026343800639898395,0.25,0.25,0.026343800639898395,0.38333333333333336,0.11666666666666664,0.026343800639898395,77308.7,1
0.47333333333333333,0.026666666666666672,0.026343800639898395,0.12666666666666668,0.3733333333333333,0.026343800639898395,0.3466666666666667,0.15333333333333332,0.026343800639898395,0.25,0.25,0.026343800639898395,0.3566666666666667,0.1433333333333333,0.026343800639898395,77138.4,1
0.4266666666666667,0.0733333333333333,0.026343800639898395,0.11666666666666667,0.3833333333333333,0.026343800639898395,0.3333333333333333,0.16666666666666669,0.026343800639898395,0.25333333333333335,0.24666666666666665,0.026343800639898395,0.38,0.12,0.026343800639898395,77333.0,1
0.42333333333333334,0.07666666666666666,0.026343800639898395,0.11333333333333333,0.38666666666666666,0.026343800639898395,0.32,0.18,0.026343800639898395,0.24333333333333335,0.25666666666666665,0.026343800639898395,0.3566666666666667,0.1433333333333333,0.026343800639898395,77737.5,1
0.4166666666666667,0.08333333333333331,0.026343800639898395,0.13666666666666666,0.36333333333333334,0.026343800639898395,0.3466666666666667,0.15333333333333332,0.026343800639898395,0.2633333333333333,0.2366666666666667,0.026343800639898395,0.42333333333333334,0.07666666666666666,0.026343800639898395,76935.9,1
0.43666666666666665,0.06333333333333335,0.026343800639898395,0.11333333333333333,0.38666666666666666,0.026343800639898395,0.33,0.16999999999999998,0.026343800639898395,0.2633333333333333,0.2366666666666667,0.026343800639898395,0.4066666666666667,0.09333333333333332,0.026343800639898395,77303.3,1
0.41333333333333333,0.08666666666666667,0.026343800639898395,0.11,0.39,0.026343800639898395,0.32,0.18,0.026343800639898395,0.26666666666666666,0.23333333333333334,0.026343800639898395,0.3333333333333333,0.16666666666666669,0.026343800639898395,78424.2,1
0.4066666666666667,0.09333333333333332,0.026343800639898395,0.11666666666666667,0.3833333333333333,0.026343800639898395,0.31666666666666665,0.18333333333333335,0.026343800639898395,0.31,0.19,0.026343800639898395,0.28,0.21999999999999997,0.026343800639898395,79074.1,0
0.41,0.09000000000000002,0.026343800639898395,0.13,0.37,0.026343800639898395,0.35,0.15000000000000002,0.026343800639898395,0.31,0.19,0.026343800639898395,0.29333333333333333,0.20666666666666667,0.026343800639898395,78742.8,1
0.41,0.09000000000000002,0.026343800639898395,0.11,0.39,0.026343800639898395,0.34,0.15999999999999998,0.026343800639898395,0.3,0.2,0.026343800639898395,0.34,0.15999999999999998,0.026343800639898395,78966.1,1
0.39,0.10999999999999999,0.026343800639898395,0.12666666666666668,0.3733333333333333,0.026343800639898395,0.31333333333333335,0.18666666666666665,0.026343800639898395,0.25666666666666665,0.24333333333333335,0.026343800639898395,0.29,0.21000000000000002,0.026343800639898395,80472.6,0
0.4033333333333333,0.09666666666666668,0.026343800639898395,0.18,0.32,0.026343800639898395,0.36666666666666664,0.13333333333333336,0.026343800639898395,0.2733333333333333,0.22666666666666668,0.026343800639898395,0.2866666666666667,0.21333333333333332,0.026343800639898395,79714.3,1
0.4266666666666667,0.0733333333333333,0.026343800639898395,0.17333333333333334,0.32666666666666666,0.026343800639898395,0.39,0.10999999999999999,0.026343800639898395,0.27666666666666667,0.22333333333333333,0.026343800639898395,0.36,0.14,0.026343800639898395,79105.8,1
0.4166666666666667,0.08333333333333331,0.026343800639898395,0.15,0.35,0.026343800639898395,0.3333333333333333,0.16666666666666669,0.026343800639898395,0.2733333333333333,0.22666666666666668,0.026343800639898395,0.31666666666666665,0.18333333333333335,0.026343800639898395,79529.2,1
0.4266666666666667,0.0733333333333333,0.026343800639898395,0.21666666666666667,0.2833333333333333,0.026343800639898395,0.3433333333333333,0.15666666666666668,0.026343800639898395,0.28,0.21999999999999997,0.026343800639898395,0.4066666666666667,0.09333333333333332,0.026343800639898395,78936.7,1
0.46,0.03999999999999998,0.026343800639898395,0.20333333333333334,0.29666666666666663,0.026343800639898395,0.45,0.04999999999999999,0.026343800639898395,0.29333333333333333,0.20666666666666667,0.026343800639898395,0.44,0.06,0.026343800639898395,78509.4,1
0.44333333333333336,0.05666666666666664,0.026343800639898395,0.16666666666666666,0.33333333333333337,0.026343800639898395,0.39,0.10999999999999999,0.026343800639898395,0.2866666666666667,0.21333333333333332,0.026343800639898395,0.5033333333333333,0.0033333333333332993,0.026343800639898395,79089.2,0
0.46,0.03999999999999998,0.026343800639898395,0.18666666666666668,0.31333333333333335,0.026343800639898395,0.37333333333333335,0.12666666666666665,0.026343800639898395,0.3,0.2,0.026343800639898395,0.46,0.03999999999999998,0.026343800639898395,78917.8,0
0.47333333333333333,0.026666666666666672,0.026343800639898395,0.21,0.29000000000000004,0.026343800639898395,0.4766666666666667,0.023333333333333317,0.026343800639898395,0.30666666666666664,0.19333333333333336,0.026343800639898395,0.49,0.010000000000000009,0.026343800639898395,78480.6,0
0.5233333333333333,0.023333333333333317,0.026343800639898395,0.21333333333333335,0.2866666666666666,0.026343800639898395,0.49,0.010000000000000009,0.026343800639898395,0.31666666666666665,0.18333333333333335,0.026343800639898395,0.49,0.010000000000000009,0.026343800639898395,78008.8,0
0.5,0.0,0.026343800639898395,0.20333333333333334,0.29666666666666663,0.026343800639898395,0.51,0.010000000000000009,0.026343800639898395,0.31333333333333335,0.18666666666666665,0.026343800639898395,0.5,0.0,0.026343800639898395,78459.9,0
0.47333333333333333,0.026666666666666672,0.026343800639898395,0.2,0.3,0.026343800639898395,0.36,0.14,0.026343800639898395,0.3,0.2,0.026343800639898395,0.5166666666666667,0.01666666666666672,0.026343800639898395,79008.6,0
0.49333333333333335,0.006666666666666654,0.026343800639898395,0.21666666666666667,0.2833333333333333,0.026343800639898395,0.38666666666666666,0.11333333333333334,0.026343800639898395,0.3333333333333333,0.16666666666666669,0.026343800639898395,0.48,0.020000000000000018,0.026343800639898395,78816.5,0
0.48,0.020000000000000018,0.026343800639898395,0.19333333333333333,0.30666666666666664,0.026343800639898395,0.36666666666666664,0.13333333333333336,0.026343800639898395,0.33666666666666667,0.16333333333333333,0.026343800639898395,0.42,0.08000000000000002,0.026343800639898395,79085.7,0
0.47,0.030000000000000027,0.026343800639898395,0.16666666666666666,0.33333333333333337,0.026343800639898395,0.31,0.19,0.026343800639898395,0.33,0.16999999999999998,0.026343800639898395,0.39,0.10999999999999999,0.026343800639898395,79472.0,0
0.44333333333333336,0.05666666666666664,0.026343800639898395,0.13666666666666666,0.36333333333333334,0.026343800639898395,0.25333333333333335,0.24666666666666665,0.026343800639898395,0.33,0.16999999999999998,0.026343800639898395,0.33,0.16999999999999998,0.026343800639898395,80311.5,0
0.4666666666666667,0.033333333333333326,0.026343800639898395,0.19,0.31,0.026343800639898395,0.31666666666666665,0.18333333333333335,0.026343800639898395,0.3433333333333333,0.15666666666666668,0.026343800639898395,0.39,0.10999999999999999,0.026343800639898395,79916.8,0
0.45,0.04999999999999999,0.026343800639898395,0.15666666666666668,0.3433333333333333,0.026343800639898395,0.31,0.19,0.026343800639898395,0.3433333333333333,0.15666666666666668,0.026343800639898395,0.42,0.08000000000000002,0.026343800639898395,80265.9,0
0.47,0.030000000000000027,0.026343800639898395,0.21,0.29000000000000004,0.026343800639898395,0.2633333333333333,0.2366666666666667,0.026343800639898395,0.33666666666666667,0.16333333333333333,0.026343800639898395,0.35333333333333333,0.14666666666666667,0.026343800639898395,79828.2,0
0.49,0.010000000000000009,0.026343800639898395,0.22,0.28,0.026343800639898395,0.27,0.22999999999999998,0.026343800639898395,0.33,0.16999999999999998,0.026343800639898395,0.4633333333333333,0.03666666666666668,0.026343800639898395,79681.8,0
0.49666666666666665,0.003333333333333355,0.026343800639898395,0.27,0.22999999999999998,0.026343800639898395,0.29333333333333333,0.20666666666666667,0.026343800639898395,0.34,0.15999999999999998,0.026343800639898395,0.43666666666666665,0.06333333333333335,0.026343800639898395,79593.4,0
0.5833333333333334,0.08333333333333337,0.026343800639898395,0.3466666666666667,0.15333333333333332,0.026343800639898395,0.5,0.0,0.026343800639898395,0.38,0.12,0.026343800639898395,0.54,0.040000000000000036,0.026343800639898395,78333.7,0
0.5866666666666667,0.08666666666666667,0.026343800639898395,0.33,0.16999999999999998,0.026343800639898395,0.5166666666666667,0.01666666666666672,0.026343800639898395,0.41333333333333333,0.08666666666666667,0.026343800639898395,0.5566666666666666,0.05666666666666664,0.026343800639898395,77561.2,1
0.5866666666666667,0.08666666666666667,0.026343800639898395,0.2966666666666667,0.2033333333333333,0.026343800639898395,0.52,0.020000000000000018,0.026343800639898395,0.4,0.09999999999999998,0.026343800639898395,0.6066666666666667,0.10666666666666669,0.026343800639898395,77841.8,1
0.5833333333333334,0.08333333333333337,0.026343800639898395,0.26,0.24,0.026343800639898395,0.5133333333333333,0.013333333333333308,0.026343800639898395,0.4033333333333333,0.09666666666666668,0.026343800639898395,0.6066666666666667,0.10666666666666669,0.026343800639898395,77515.5,1
0.59,0.08999999999999997,0.026343800639898395,0.22666666666666666,0.2733333333333333,0.026343800639898395,0.5066666666666667,0.00666666666666671,0.026343800639898395,0.4033333333333333,0.09666666666666668,0.026343800639898395,0.59,0.08999999999999997,0.026343800639898395,77637.0,1
0.5933333333333334,0.09333333333333338,0.026343800639898395,0.22333333333333333,0.27666666666666667,0.026343800639898395,0.5166666666666667,0.01666666666666672,0.026343800639898395,0.37333333333333335,0.12666666666666665,0.026343800639898395,0.57,0.06999999999999995,0.026343800639898395,77593.1,1
0.6,0.09999999999999998,0.026343800639898395,0.20333333333333334,0.29666666666666663,0.026343800639898395,0.49666666666666665,0.003333333333333355,0.026343800639898395,0.36666666666666664,0.13333333333333336,0.026343800639898395,0.5666666666666667,0.06666666666666665,0.026343800639898395,77858.4,1
0.61,0.10999999999999999,0.026343800639898395,0.14333333333333334,0.3566666666666667,0.026343800639898395,0.4166666666666667,0.08333333333333331,0.026343800639898395,0.33666666666666667,0.16333333333333333,0.026343800639898395,0.5466666666666666,0.046666666666666634,0.026343800639898395,78165.1,1
0.6166666666666667,0.1166666666666667,0.026343800639898395,0.16,0.33999999999999997,0.026343800639898395,0.41,0.09000000000000002,0.026343800639898395,0.34,0.15999999999999998,0.026343800639898395,0.56,0.06000000000000005,0.026343800639898395,78227.8,0
0.5933333333333334,0.09333333333333338,0.026343800639898395,0.17666666666666667,0.32333333333333336,0.026343800639898395,0.43,0.07,0.026343800639898395,0.37333333333333335,0.12666666666666665,0.026343800639898395,0.5866666666666667,0.08666666666666667,0.026343800639898395,78137.5,0
0.5933333333333334,0.09333333333333338,0.026343800639898395,0.18333333333333332,0.31666666666666665,0.026343800639898395,0.47,0.030000000000000027,0.026343800639898395,0.38666666666666666,0.11333333333333334,0.026343800639898395,0.58,0.07999999999999996,0.026343800639898395,78127.1,0
0.5966666666666667,0.09666666666666668,0.026343800639898395,0.20666666666666667,0.29333333333333333,0.026343800639898395,0.43666666666666665,0.06333333333333335,0.026343800639898395,0.3933333333333333,0.10666666666666669,0.026343800639898395,0.5633333333333334,0.06333333333333335,0.026343800639898395,78149.9,0
0.59,0.08999999999999997,0.026343800639898395,0.15666666666666668,0.3433333333333333,0.026343800639898395,0.38333333333333336,0.11666666666666664,0.026343800639898395,0.3433333333333333,0.15666666666666668,0.026343800639898395,0.53,0.030000000000000027,0.026343800639898395,78808.3,0
0.5833333333333334,0.08333333333333337,0.026343800639898395,0.18333333333333332,0.31666666666666665,0.026343800639898395,0.4,0.09999999999999998,0.026343800639898395,0.3333333333333333,0.16666666666666669,0.026343800639898395,0.5533333333333333,0.053333333333333344,0.026343800639898395,78850.2,0
0.58,0.07999999999999996,0.026343800639898395,0.22,0.28,0.026343800639898395,0.5633333333333334,0.06333333333333335,0.026343800639898395,0.4166666666666667,0.08333333333333331,0.026343800639898395,0.61,0.10999999999999999,0.026343800639898395,77681.6,0
0.59,0.08999999999999997,0.026343800639898395,0.15666666666666668,0.3433333333333333,0.026343800639898395,0.5433333333333333,0.043333333333333335,0.026343800639898395,0.4166666666666667,0.08333333333333331,0.026343800639898395,0.6233333333333333,0.1233333333333333,0.026343800639898395,77738.8,0
0.6166666666666667,0.1166666666666667,0.026343800639898395,0.15,0.35,0.026343800639898395,0.47,0.030000000000000027,0.026343800639898395,0.39,0.10999999999999999,0.026343800639898395,0.6166666666666667,0.1166666666666667,0.026343800639898395,78192.5,0
0.6166666666666667,0.1166666666666667,0.026343800639898395,0.15,0.35,0.026343800639898395,0.47,0.030000000000000027,0.026343800639898395,0.38666666666666666,0.11333333333333334,0.026343800639898395,0.6,0.09999999999999998,0.026343800639898395,78294.4,0
0.6133333333333333,0.11333333333333329,0.026343800639898395,0.17333333333333334,0.32666666666666666,0.026343800639898395,0.4766666666666667,0.023333333333333317,0.026343800639898395,0.38,0.12,0.026343800639898395,0.6133333333333333,0.11333333333333329,0.026343800639898395,78564.8,0
0.6066666666666667,0.10666666666666669,0.026343800639898395,0.14,0.36,0.026343800639898395,0.43333333333333335,0.06666666666666665,0.026343800639898395,0.3566666666666667,0.1433333333333333,0.026343800639898395,0.5933333333333334,0.09333333333333338,0.026343800639898395,78900.0,0
0.6166666666666667,0.1166666666666667,0.026343800639898395,0.15333333333333332,0.3466666666666667,0.026343800639898395,0.43666666666666665,0.06333333333333335,0.026343800639898395,0.39666666666666667,0.10333333333333333,0.026343800639898395,0.61,0.10999999999999999,0.026343800639898395,78566.1,0
0.6033333333333334,0.10333333333333339,0.026343800639898395,0.17666666666666667,0.32333333333333336,0.026343800639898395,0.44666666666666666,0.053333333333333344,0.026343800639898395,0.39,0.10999999999999999,0.026343800639898395,0.6033333333333334,0.10333333333333339,0.026343800639898395,78656.9,1
0.59,0.08999999999999997,0.026343800639898395,0.19666666666666666,0.30333333333333334,0.026343800639898395,0.44666666666666666,0.053333333333333344,0.026343800639898395,0.39666666666666667,0.10333333333333333,0.026343800639898395,0.61,0.10999999999999999,0.026343800639898395,78616.4,1
0.5866666666666667,0.08666666666666667,0.026343800639898395,0.20333333333333334,0.29666666666666663,0.026343800639898395,0.47,0.030000000000000027,0.026343800639898395,0.4066666666666667,0.09333333333333332,0.026343800639898395,0.59,0.08999999999999997,0.026343800639898395,78072.6,1
0.5833333333333334,0.08333333333333337,0.026343800639898395,0.18666666666666668,0.31333333333333335,0.026343800639898395,0.54,0.040000000000000036,0.026343800639898395,0.4166666666666667,0.08333333333333331,0.026343800639898395,0.6233333333333333,0.1233333333333333,0.026343800639898395,77891.0,1
0.5833333333333334,0.08333333333333337,0.026343800639898395,0.23333333333333334,0.26666666666666666,0.026343800639898395,0.55,0.050000000000000044,0.026343800639898395,0.4066666666666667,0.09333333333333332,0.026343800639898395,0.59,0.08999999999999997,0.026343800639898395,77268.3,1
0.5733333333333334,0.07333333333333336,0.026343800639898395,0.24333333333333335,0.25666666666666665,0.026343800639898395,0.5466666666666666,0.046666666666666634,0.026343800639898395,0.4033333333333333,0.09666666666666668,0.026343800639898395,0.57,0.06999999999999995,0.026343800639898395,77398.1,1
0.58,0.07999999999999996,0.026343800639898395,0.24,0.26,0.026343800639898395,0.5533333333333333,0.053333333333333344,0.026343800639898395,0.39,0.10999999999999999,0.026343800639898395,0.5833333333333334,0.08333333333333337,0.026343800639898395,77525.7,1
0.5766666666666667,0.07666666666666666,0.026343800639898395,0.28,0.21999999999999997,0.026343800639898395,0.5733333333333334,0.07333333333333336,0.026343800639898395,0.3933333333333333,0.10666666666666669,0.026343800639898395,0.57,0.06999999999999995,0.026343800639898395,77437.7,1
0.63,0.13,0.026343800639898395,0.2966666666666667,0.2033333333333333,0.026343800639898395,0.5933333333333334,0.09333333333333338,0.026343800639898395,0.44666666666666666,0.053333333333333344,0.026343800639898395,0.5866666666666667,0.08666666666666667,0.026343800639898395,76790.6,1
0.59,0.08999999999999997,0.026343800639898395,0.2633333333333333,0.2366666666666667,0.026343800639898395,0.5866666666666667,0.08666666666666667,0.026343800639898395,0.4166666666666667,0.08333333333333331,0.026343800639898395,0.6033333333333334,0.10333333333333339,0.026343800639898395,77248.4,1
0.6033333333333334,0.10333333333333339,0.026343800639898395,0.27666666666666667,0.22333333333333333,0.026343800639898395,0.5266666666666666,0.026666666666666616,0.026343800639898395,0.41,0.09000000000000002,0.026343800639898395,0.58,0.07999999999999996,0.026343800639898395,77305.9,1
0.6066666666666667,0.10666666666666669,0.026343800639898395,0.2733333333333333,0.22666666666666668,0.026343800639898395,0.52,0.020000000000000018,0.026343800639898395,0.4066666666666667,0.09333333333333332,0.026343800639898395,0.57,0.06999999999999995,0.026343800639898395,77305.1,1
0.65,0.15000000000000002,0.026343800639898395,0.26666666666666666,0.23333333333333334,0.026343800639898395,0.55,0.050000000000000044,0.026343800639898395,0.4066666666666667,0.09333333333333332,0.026343800639898395,0.5966666666666667,0.09666666666666668,0.026343800639898395,77670.6,1
0.6466666666666666,0.1466666666666666,0.026343800639898395,0.21666666666666667,0.2833333333333333,0.026343800639898395,0.5333333333333333,0.033333333333333326,0.026343800639898395,0.4066666666666667,0.09333333333333332,0.026343800639898395,0.5833333333333334,0.08333333333333337,0.026343800639898395,77626.0,1
0.65,0.15000000000000002,0.026343800639898395,0.22333333333333333,0.27666666666666667,0.026343800639898395,0.5333333333333333,0.033333333333333326,0.026343800639898395,0.4266666666666667,0.0733333333333333,0.026343800639898395,0.5833333333333334,0.08333333333333337,0.026343800639898395,77917.5,1
0.44,0.06,0.026343800639898395,0.24333333333333335,0.25666666666666665,0.026343800639898395,0.4166666666666667,0.08333333333333331,0.026343800639898395,0.3233333333333333,0.1766666666666667,0.026343800639898395,0.44333333333333336,0.05666666666666664,0.026343800639898395,81361.7,0
0.4266666666666667,0.0733333333333333,0.026343800639898395,0.23,0.27,0.026343800639898395,0.43333333333333335,0.06666666666666665,0.026343800639898395,0.31333333333333335,0.18666666666666665,0.026343800639898395,0.44,0.06,0.026343800639898395,81746.9,0
0.44333333333333336,0.05666666666666664,0.026343800639898395,0.24666666666666667,0.2533333333333333,0.026343800639898395,0.3933333333333333,0.10666666666666669,0.026343800639898395,0.3333333333333333,0.16666666666666669,0.026343800639898395,0.49666666666666665,0.003333333333333355,0.026343800639898395,81276.1,0
0.5066666666666667,0.00666666666666671,0.026343800639898395,0.25,0.25,0.026343800639898395,0.36333333333333334,0.13666666666666666,0.026343800639898395,0.32666666666666666,0.17333333333333334,0.026343800639898395,0.5633333333333334,0.06333333333333335,0.026343800639898395,80853.5,0
0.5733333333333334,0.07333333333333336,0.026343800639898395,0.29,0.21000000000000002,0.026343800639898395,0.38,0.12,0.026343800639898395,0.33666666666666667,0.16333333333333333,0.026343800639898395,0.5466666666666666,0.046666666666666634,0.026343800639898395,80650.1,0
0.4766666666666667,0.023333333333333317,0.026343800639898395,0.21666666666666667,0.2833333333333333,0.026343800639898395,0.37333333333333335,0.12666666666666665,0.026343800639898395,0.33,0.16999999999999998,0.026343800639898395,0.54,0.040000000000000036,0.026343800639898395,81220.0,0
0.6066666666666667,0.10666666666666669,0.026343800639898395,0.2733333333333333,0.22666666666666668,0.026343800639898395,0.47333333333333333,0.026666666666666672,0.026343800639898395,0.36,0.14,0.026343800639898395,0.6633333333333333,0.16333333333333333,0.026343800639898395,79421.1,1
0.5966666666666667,0.09666666666666668,0.026343800639898395,0.23666666666666666,0.2633333333333333,0.026343800639898395,0.38,0.12,0.026343800639898395,0.3433333333333333,0.15666666666666668,0.026343800639898395,0.63,0.13,0.026343800639898395,79798.9,0
0.5833333333333334,0.08333333333333337,0.026343800639898395,0.25333333333333335,0.24666666666666665,0.026343800639898395,0.4666666666666667,0.033333333333333326,0.026343800639898395,0.3566666666666667,0.1433333333333333,0.026343800639898395,0.6666666666666666,0.16666666666666663,0.026343800639898395,79676.4,0
0.59,0.08999999999999997,0.026343800639898395,0.22333333333333333,0.27666666666666667,0.026343800639898395,0.5066666666666667,0.00666666666666671,0.026343800639898395,0.35,0.15000000000000002,0.026343800639898395,0.6333333333333333,0.1333333333333333,0.026343800639898395,79602.0,0
0.58,0.07999999999999996,0.026343800639898395,0.21666666666666667,0.2833333333333333,0.026343800639898395,0.53,0.030000000000000027,0.026343800639898395,0.35333333333333333,0.14666666666666667,0.026343800639898395,0.62,0.12,0.026343800639898395,79720.9,0
0.6,0.09999999999999998,0.026343800639898395,0.20666666666666667,0.29333333333333333,0.026343800639898395,0.5366666666666666,0.036666666666666625,0.026343800639898395,0.3566666666666667,0.1433333333333333,0.026343800639898395,0.6066666666666667,0.10666666666666669,0.026343800639898395,79618.5,0
0.59,0.08999999999999997,0.026343800639898395,0.19,0.31,0.026343800639898395,0.44333333333333336,0.05666666666666664,0.026343800639898395,0.32,0.18,0.026343800639898395,0.6433333333333333,0.1433333333333333,0.026343800639898395,79814.3,0
0.5966666666666667,0.09666666666666668,0.026343800639898395,0.22666666666666666,0.2733333333333333,0.026343800639898395,0.41,0.09000000000000002,0.026343800639898395,0.3233333333333333,0.1766666666666667,0.026343800639898395,0.67,0.17000000000000004,0.026343800639898395,79752.7,0
0.59,0.08999999999999997,0.026343800639898395,0.18,0.32,0.026343800639898395,0.38666666666666666,0.11333333333333334,0.026343800639898395,0.32666666666666666,0.17333333333333334,0.026343800639898395,0.65,0.15000000000000002,0.026343800639898395,79828.4,0
0.5833333333333334,0.08333333333333337,0.026343800639898395,0.21,0.29000000000000004,0.026343800639898395,0.37666666666666665,0.12333333333333335,0.026343800639898395,0.35,0.15000000000000002,0.026343800639898395,0.6266666666666667,0.1266666666666667,0.026343800639898395,80039.9,0
0.5966666666666667,0.09666666666666668,0.026343800639898395,0.23,0.27,0.026343800639898395,0.37333333333333335,0.12666666666666665,0.026343800639898395,0.37333333333333335,0.12666666666666665,0.026343800639898395,0.6533333333333333,0.15333333333333332,0.026343800639898395,79820.6,0
0.6033333333333334,0.10333333333333339,0.026343800639898395,0.18666666666666668,0.31333333333333335,0.026343800639898395,0.37,0.13,0.026343800639898395,0.37666666666666665,0.12333333333333335,0.026343800639898395,0.6366666666666667,0.13666666666666671,0.026343800639898395,79919.4,0
0.5866666666666667,0.08666666666666667,0.026343800639898395,0.19666666666666666,0.30333333333333334,0.026343800639898395,0.35333333333333333,0.14666666666666667,0.026343800639898395,0.38333333333333336,0.11666666666666664,0.026343800639898395,0.6233333333333333,0.1233333333333333,0.026343800639898395,79709.2,0
0.59,0.08999999999999997,0.026343800639898395,0.21666666666666667,0.2833333333333333,0.026343800639898395,0.35,0.15000000000000002,0.026343800639898395,0.44,0.06,0.026343800639898395,0.61,0.10999999999999999,0.026343800639898395,79825.1,0
0.5633333333333334,0.06333333333333335,0.026343800639898395,0.2866666666666667,0.21333333333333332,0.026343800639898395,0.37333333333333335,0.12666666666666665,0.026343800639898395,0.43,0.07,0.026343800639898395,0.5766666666666667,0.07666666666666666,0.026343800639898395,80334.3,0
0.5766666666666667,0.07666666666666666,0.026343800639898395,0.33666666666666667,0.16333333333333333,0.026343800639898395,0.38666666666666666,0.11333333333333334,0.026343800639898395,0.4533333333333333,0.04666666666666669,0.026343800639898395,0.5866666666666667,0.08666666666666667,0.026343800639898395,79581.9,0
0.5633333333333334,0.06333333333333335,0.026343800639898395,0.3333333333333333,0.16666666666666669,0.026343800639898395,0.5766666666666667,0.07666666666666666,0.026343800639898395,0.4666666666666667,0.033333333333333326,0.026343800639898395,0.57,0.06999999999999995,0.026343800639898395,79380.8,0
0.57,0.06999999999999995,0.026343800639898395,0.3233333333333333,0.1766666666666667,0.026343800639898395,0.43666666666666665,0.06333333333333335,0.026343800639898395,0.47333333333333333,0.026666666666666672,0.026343800639898395,0.5466666666666666,0.046666666666666634,0.026343800639898395,79410.5,0
0.5566666666666666,0.05666666666666664,0.026343800639898395,0.3433333333333333,0.15666666666666668,0.026343800639898395,0.61,0.10999999999999999,0.026343800639898395,0.4866666666666667,0.013333333333333308,0.026343800639898395,0.5533333333333333,0.053333333333333344,0.026343800639898395,78805.5,0
0.59,0.08999999999999997,0.026343800639898395,0.34,0.15999999999999998,0.026343800639898395,0.54,0.040000000000000036,0.026343800639898395,0.4766666666666667,0.023333333333333317,0.026343800639898395,0.58,0.07999999999999996,0.026343800639898395,79353.8,0
0.57,0.06999999999999995,0.026343800639898395,0.34,0.15999999999999998,0.026343800639898395,0.57,0.06999999999999995,0.026343800639898395,0.4866666666666667,0.013333333333333308,0.026343800639898395,0.5766666666666667,0.07666666666666666,0.026343800639898395,79090.3,0
0.55,0.050000000000000044,0.026343800639898395,0.27666666666666667,0.22333333333333333,0.026343800639898395,0.61,0.10999999999999999,0.026343800639898395,0.49666666666666665,0.003333333333333355,0.026343800639898395,0.58,0.07999999999999996,0.026343800639898395,78905.0,0
0.5766666666666667,0.07666666666666666,0.026343800639898395,0.2833333333333333,0.21666666666666667,0.026343800639898395,0.63,0.13,0.026343800639898395,0.5166666666666667,0.01666666666666672,0.026343800639898395,0.5366666666666666,0.036666666666666625,0.026343800639898395,78447.4,0
0.5766666666666667,0.07666666666666666,0.026343800639898395,0.28,0.21999999999999997,0.026343800639898395,0.6333333333333333,0.1333333333333333,0.026343800639898395,0.5166666666666667,0.01666666666666672,0.026343800639898395,0.5366666666666666,0.036666666666666625,0.026343800639898395,78402.1,0
0.5733333333333334,0.07333333333333336,0.026343800639898395,0.2633333333333333,0.2366666666666667,0.026343800639898395,0.5933333333333334,0.09333333333333338,0.026343800639898395,0.4866666666666667,0.013333333333333308,0.026343800639898395,0.5833333333333334,0.08333333333333337,0.026343800639898395,78893.4,0
0.5633333333333334,0.06333333333333335,0.026343800639898395,0.2633333333333333,0.2366666666666667,0.026343800639898395,0.63,0.13,0.026343800639898395,0.51,0.010000000000000009,0.026343800639898395,0.5866666666666667,0.08666666666666667,0.026343800639898395,78438.1,0
0.56,0.06000000000000005,0.026343800639898395,0.26,0.24,0.026343800639898395,0.5633333333333334,0.06333333333333335,0.026343800639898395,0.51,0.010000000000000009,0.026343800639898395,0.5933333333333334,0.09333333333333338,0.026343800639898395,78449.6,0
0.5733333333333334,0.07333333333333336,0.026343800639898395,0.3333333333333333,0.16666666666666669,0.026343800639898395,0.5833333333333334,0.08333333333333337,0.026343800639898395,0.55,0.050000000000000044,0.026343800639898395,0.55,0.050000000000000044,0.026343800639898395,78631.5,0
0.59,0.08999999999999997,0.026343800639898395,0.30333333333333334,0.19666666666666666,0.026343800639898395,0.59,0.08999999999999997,0.026343800639898395,0.52,0.020000000000000018,0.026343800639898395,0.52,0.020000000000000018,0.026343800639898395,79262.5,0
0.59,0.08999999999999997,0.026343800639898395,0.35,0.15000000000000002,0.026343800639898395,0.6066666666666667,0.10666666666666669,0.026343800639898395,0.5066666666666667,0.00666666666666671,0.026343800639898395,0.5266666666666666,0.026666666666666616,0.026343800639898395,79310.9,0
0.5666666666666667,0.06666666666666665,0.026343800639898395,0.33,0.16999999999999998,0.026343800639898395,0.5866666666666667,0.08666666666666667,0.026343800639898395,0.5466666666666666,0.046666666666666634,0.026343800639898395,0.59,0.08999999999999997,0.026343800639898395,78576.6,0
0.5766666666666667,0.07666666666666666,0.026343800639898395,0.30333333333333334,0.19666666666666666,0.026343800639898395,0.61,0.10999999999999999,0.026343800639898395,0.5466666666666666,0.046666666666666634,0.026343800639898395,0.5633333333333334,0.06333333333333335,0.026343800639898395,78210.6,0
0.57,0.06999999999999995,0.026343800639898395,0.3333333333333333,0.16666666666666669,0.026343800639898395,0.5966666666666667,0.09666666666666668,0.026343800639898395,0.56,0.06000000000000005,0.026343800639898395,0.5266666666666666,0.026666666666666616,0.026343800639898395,78288.6,0
0.5433333333333333,0.043333333333333335,0.026343800639898395,0.26,0.24,0.026343800639898395,0.66,0.16000000000000003,0.026343800639898395,0.57,0.06999999999999995,0.026343800639898395,0.45666666666666667,0.043333333333333335,0.026343800639898395,78297.6,0
0.56,0.06000000000000005,0.026343800639898395,0.32,0.18,0.026343800639898395,0.6566666666666666,0.15666666666666662,0.026343800639898395,0.58,0.07999999999999996,0.026343800639898395,0.46,0.03999999999999998,0.026343800639898395,78088.5,0
0.56,0.06000000000000005,0.026343800639898395,0.25666666666666665,0.24333333333333335,0.026343800639898395,0.6633333333333333,0.16333333333333333,0.026343800639898395,0.5733333333333334,0.07333333333333336,0.026343800639898395,0.4766666666666667,0.023333333333333317,0.026343800639898395,77815.2,0
0.5266666666666666,0.026666666666666616,0.026343800639898395,0.3,0.2,0.026343800639898395,0.6966666666666667,0.19666666666666666,0.026343800639898395,0.61,0.10999999999999999,0.026343800639898395,0.52,0.020000000000000018,0.026343800639898395,77225.1,0
0.5266666666666666,0.026666666666666616,0.026343800639898395,0.30666666666666664,0.19333333333333336,0.026343800639898395,0.7,0.19999999999999996,0.026343800639898395,0.6133333333333333,0.11333333333333329,0.026343800639898395,0.5166666666666667,0.01666666666666672,0.026343800639898395,77132.7,0
0.5333333333333333,0.033333333333333326,0.026343800639898395,0.33666666666666667,0.16333333333333333,0.026343800639898395,0.7266666666666667,0.22666666666666668,0.026343800639898395,0.5933333333333334,0.09333333333333338,0.026343800639898395,0.52,0.020000000000000018,0.026343800639898395,76542.0,1
0.5566666666666666,0.05666666666666664,0.026343800639898395,0.31666666666666665,0.18333333333333335,0.026343800639898395,0.65,0.15000000000000002,0.026343800639898395,0.6,0.09999999999999998,0.026343800639898395,0.5333333333333333,0.033333333333333326,0.026343800639898395,76860.8,1
0.56,0.06000000000000005,0.026343800639898395,0.31666666666666665,0.18333333333333335,0.026343800639898395,0.6133333333333333,0.11333333333333329,0.026343800639898395,0.61,0.10999999999999999,0.026343800639898395,0.53,0.030000000000000027,0.026343800639898395,77207.3,1
0.5566666666666666,0.05666666666666664,0.026343800639898395,0.30666666666666664,0.19333333333333336,0.026343800639898395,0.6566666666666666,0.15666666666666662,0.026343800639898395,0.6133333333333333,0.11333333333333329,0.026343800639898395,0.5,0.0,0.026343800639898395,77000.0,0
0.5533333333333333,0.053333333333333344,0.026343800639898395,0.3,0.2,0.026343800639898395,0.5966666666666667,0.09666666666666668,0.026343800639898395,0.5933333333333334,0.09333333333333338,0.026343800639898395,0.54,0.040000000000000036,0.026343800639898395,77704.7,0
0.57,0.06999999999999995,0.026343800639898395,0.34,0.15999999999999998,0.026343800639898395,0.6033333333333334,0.10333333333333339,0.026343800639898395,0.5933333333333334,0.09333333333333338,0.026343800639898395,0.5033333333333333,0.0033333333333332993,0.026343800639898395,77260.6,1
0.5666666666666667,0.06666666666666665,0.026343800639898395,0.2866666666666667,0.21333333333333332,0.026343800639898395,0.61,0.10999999999999999,0.026343800639898395,0.6033333333333334,0.10333333333333339,0.026343800639898395,0.52,0.020000000000000018,0.026343800639898395,77210.9,1
0.5666666666666667,0.06666666666666665,0.026343800639898395,0.25,0.25,0.026343800639898395,0.5566666666666666,0.05666666666666664,0.026343800639898395,0.6033333333333334,0.10333333333333339,0.026343800639898395,0.49333333333333335,0.006666666666666654,0.026343800639898395,77262.0,1
0.5566666666666666,0.05666666666666664,0.026343800639898395,0.23666666666666666,0.2633333333333333,0.026343800639898395,0.5633333333333334,0.06333333333333335,0.026343800639898395,0.61,0.10999999999999999,0.026343800639898395,0.49,0.010000000000000009,0.026343800639898395,77253.8,1
0.5566666666666666,0.05666666666666664,0.026343800639898395,0.24,0.26,0.026343800639898395,0.57,0.06999999999999995,0.026343800639898395,0.61,0.10999999999999999,0.026343800639898395,0.5033333333333333,0.0033333333333332993,0.026343800639898395,77337.7,1
0.5533333333333333,0.053333333333333344,0.026343800639898395,0.2966666666666667,0.2033333333333333,0.026343800639898395,0.5666666666666667,0.06666666666666665,0.026343800639898395,0.5966666666666667,0.09666666666666668,0.026343800639898395,0.5033333333333333,0.0033333333333332993,0.026343800639898395,77366.4,1
0.56,0.06000000000000005,0.026343800639898395,0.26666666666666666,0.23333333333333334,0.026343800639898395,0.5733333333333334,0.07333333333333336,0.026343800639898395,0.6066666666666667,0.10666666666666669,0.026343800639898395,0.49,0.010000000000000009,0.026343800639898395,77104.6,0
0.5533333333333333,0.053333333333333344,0.026343800639898395,0.25666666666666665,0.24333333333333335,0.026343800639898395,0.5766666666666667,0.07666666666666666,0.026343800639898395,0.6033333333333334,0.10333333333333339,0.026343800639898395,0.49666666666666665,0.003333333333333355,0.026343800639898395,77264.9,0
0.5366666666666666,0.036666666666666625,0.026343800639898395,0.25666666666666665,0.24333333333333335,0.026343800639898395,0.5533333333333333,0.053333333333333344,0.026343800639898395,0.6133333333333333,0.11333333333333329,0.026343800639898395,0.47333333333333333,0.026666666666666672,0.026343800639898395,77177.2,0
0.53,0.030000000000000027,0.026343800639898395,0.2633333333333333,0.2366666666666667,0.026343800639898395,0.5566666666666666,0.05666666666666664,0.026343800639898395,0.61,0.10999999999999999,0.026343800639898395,0.4666666666666667,0.033333333333333326,0.026343800639898395,77103.4,0
0.5433333333333333,0.043333333333333335,0.026343800639898395,0.27,0.22999999999999998,0.026343800639898395,0.5866666666666667,0.08666666666666667,0.026343800639898395,0.62,0.12,0.026343800639898395,0.47333333333333333,0.026666666666666672,0.026343800639898395,76749.4,0
0.5366666666666666,0.036666666666666625,0.026343800639898395,0.24333333333333335,0.25666666666666665,0.026343800639898395,0.5666666666666667,0.06666666666666665,0.026343800639898395,0.61,0.10999999999999999,0.026343800639898395,0.4866666666666667,0.013333333333333308,0.026343800639898395,77106.2,0
0.5266666666666666,0.026666666666666616,0.026343800639898395,0.22333333333333333,0.27666666666666667,0.026343800639898395,0.56,0.06000000000000005,0.026343800639898395,0.6066666666666667,0.10666666666666669,0.026343800639898395,0.47,0.030000000000000027,0.026343800639898395,77253.8,0
0.5466666666666666,0.046666666666666634,0.026343800639898395,0.25,0.25,0.026343800639898395,0.5733333333333334,0.07333333333333336,0.026343800639898395,0.6133333333333333,0.11333333333333329,0.026343800639898395,0.4666666666666667,0.033333333333333326,0.026343800639898395,76800.2,0
0.5933333333333334,0.09333333333333338,0.026343800639898395,0.22666666666666666,0.2733333333333333,0.026343800639898395,0.58,0.07999999999999996,0.026343800639898395,0.63,0.13,0.026343800639898395,0.5133333333333333,0.013333333333333308,0.026343800639898395,77560.2,0
0.5933333333333334,0.09333333333333338,0.026343800639898395,0.24,0.26,0.026343800639898395,0.5833333333333334,0.08333333333333337,0.026343800639898395,0.5333333333333333,0.033333333333333326,0.026343800639898395,0.52,0.020000000000000018,0.026343800639898395,77850.0,0
0.5966666666666667,0.09666666666666668,0.026343800639898395,0.25,0.25,0.026343800639898395,0.57,0.06999999999999995,0.026343800639898395,0.5633333333333334,0.06333333333333335,0.026343800639898395,0.52,0.020000000000000018,0.026343800639898395,77742.0,0
0.5766666666666667,0.07666666666666666,0.026343800639898395,0.25333333333333335,0.24666666666666665,0.026343800639898395,0.5133333333333333,0.013333333333333308,0.026343800639898395,0.4666666666666667,0.033333333333333326,0.026343800639898395,0.49666666666666665,0.003333333333333355,0.026343800639898395,78553.6,0
0.5466666666666666,0.046666666666666634,0.026343800639898395,0.25,0.25,0.026343800639898395,0.52,0.020000000000000018,0.026343800639898395,0.4533333333333333,0.04666666666666669,0.026343800639898395,0.5333333333333333,0.033333333333333326,0.026343800639898395,79000.0,0
0.6133333333333333,0.11333333333333329,0.026343800639898395,0.26666666666666666,0.23333333333333334,0.026343800639898395,0.53,0.030000000000000027,0.026343800639898395,0.5433333333333333,0.043333333333333335,0.026343800639898395,0.5466666666666666,0.046666666666666634,0.026343800639898395,78193.1,0
0.4633333333333333,0.03666666666666668,0.026343800639898395,0.19666666666666666,0.30333333333333334,0.026343800639898395,0.5266666666666666,0.026666666666666616,0.026343800639898395,0.5733333333333334,0.07333333333333336,0.026343800639898395,0.5133333333333333,0.013333333333333308,0.026343800639898395,77657.0,0
0.44333333333333336,0.05666666666666664,0.026343800639898395,0.2,0.3,0.026343800639898395,0.5566666666666666,0.05666666666666664,0.026343800639898395,0.61,0.10999999999999999,0.026343800639898395,0.49666666666666665,0.003333333333333355,0.026343800639898395,76885.5,0
0.44333333333333336,0.05666666666666664,0.026343800639898395,0.17333333333333334,0.32666666666666666,0.026343800639898395,0.5566666666666666,0.05666666666666664,0.026343800639898395,0.61,0.10999999999999999,0.026343800639898395,0.5033333333333333,0.0033333333333332993,0.026343800639898395,76910.6,0
0.42333333333333334,0.07666666666666666,0.026343800639898395,0.18333333333333332,0.31666666666666665,0.026343800639898395,0.5533333333333333,0.053333333333333344,0.026343800639898395,0.5966666666666667,0.09666666666666668,0.026343800639898395,0.5233333333333333,0.023333333333333317,0.026343800639898395,76469.0,1
0.43333333333333335,0.06666666666666665,0.026343800639898395,0.22,0.28,0.026343800639898395,0.5866666666666667,0.08666666666666667,0.026343800639898395,0.5533333333333333,0.053333333333333344,0.026343800639898395,0.54,0.040000000000000036,0.026343800639898395,76105.3,1
0.44666666666666666,0.053333333333333344,0.026343800639898395,0.24666666666666667,0.2533333333333333,0.026343800639898395,0.62,0.12,0.026343800639898395,0.5633333333333334,0.06333333333333335,0.026343800639898395,0.51,0.010000000000000009,0.026343800639898395,75585.1,1
0.4533333333333333,0.04666666666666669,0.026343800639898395,0.22666666666666666,0.2733333333333333,0.026343800639898395,0.5933333333333334,0.09333333333333338,0.026343800639898395,0.5466666666666666,0.046666666666666634,0.026343800639898395,0.5033333333333333,0.0033333333333332993,0.026343800639898395,75766.6,1
0.45666666666666667,0.043333333333333335,0.026343800639898395,0.25333333333333335,0.24666666666666665,0.026343800639898395,0.6033333333333334,0.10333333333333339,0.026343800639898395,0.5666666666666667,0.06666666666666665,0.026343800639898395,0.5,0.0,0.026343800639898395,75704.0,1
0.46,0.03999999999999998,0.026343800639898395,0.23666666666666666,0.2633333333333333,0.026343800639898395,0.5466666666666666,0.046666666666666634,0.026343800639898395,0.57,0.06999999999999995,0.026343800639898395,0.5133333333333333,0.013333333333333308,0.026343800639898395,76179.9,1
0.46,0.03999999999999998,0.026343800639898395,0.24666666666666667,0.2533333333333333,0.026343800639898395,0.5766666666666667,0.07666666666666666,0.026343800639898395,0.5733333333333334,0.07333333333333336,0.026343800639898395,0.5333333333333333,0.033333333333333326,0.026343800639898395,75732.9,1
0.45,0.04999999999999999,0.026343800639898395,0.23,0.27,0.026343800639898395,0.54,0.040000000000000036,0.026343800639898395,0.5833333333333334,0.08333333333333337,0.026343800639898395,0.54,0.040000000000000036,0.026343800639898395,76012.4,1
0.45,0.04999999999999999,0.026343800639898395,0.23333333333333334,0.26666666666666666,0.026343800639898395,0.5466666666666666,0.046666666666666634,0.026343800639898395,0.57,0.06999999999999995,0.026343800639898395,0.5033333333333333,0.0033333333333332993,0.026343800639898395,76146.1,1
0.5166666666666667,0.01666666666666672,0.026343800639898395,0.16333333333333333,0.33666666666666667,0.026343800639898395,0.53,0.030000000000000027,0.026343800639898395,0.5766666666666667,0.07666666666666666,0.026343800639898395,0.5,0.0,0.026343800639898395,76368.8,1
0.5233333333333333,0.023333333333333317,0.026343800639898395,0.16333333333333333,0.33666666666666667,0.026343800639898395,0.5433333333333333,0.043333333333333335,0.026343800639898395,0.5766666666666667,0.07666666666666666,0.026343800639898395,0.51,0.010000000000000009,0.026343800639898395,76385.6,1
0.5166666666666667,0.01666666666666672,0.026343800639898395,0.17333333333333334,0.32666666666666666,0.026343800639898395,0.5266666666666666,0.026666666666666616,0.026343800639898395,0.57,0.06999999999999995,0.026343800639898395,0.5066666666666667,0.00666666666666671,0.026343800639898395,76406.9,1
0.5366666666666666,0.036666666666666625,0.026343800639898395,0.19,0.31,0.026343800639898395,0.5033333333333333,0.0033333333333332993,0.026343800639898395,0.57,0.06999999999999995,0.026343800639898395,0.5133333333333333,0.013333333333333308,0.026343800639898395,76695.3,1
0.5233333333333333,0.023333333333333317,0.026343800639898395,0.19333333333333333,0.30666666666666664,0.026343800639898395,0.49666666666666665,0.003333333333333355,0.026343800639898395,0.58,0.07999999999999996,0.026343800639898395,0.52,0.020000000000000018,0.026343800639898395,76527.8,1
0.5166666666666667,0.01666666666666672,0.026343800639898395,0.17666666666666667,0.32333333333333336,0.026343800639898395,0.52,0.020000000000000018,0.026343800639898395,0.57,0.06999999999999995,0.026343800639898395,0.52,0.020000000000000018,0.026343800639898395,76354.8,1
0.59,0.08999999999999997,0.026343800639898395,0.35333333333333333,0.14666666666666667,0.026343800639898395,0.5333333333333333,0.033333333333333326,0.026343800639898395,0.5133333333333333,0.013333333333333308,0.026343800639898395,0.5566666666666666,0.05666666666666664,0.026343800639898395,77303.0,1
0.59,0.08999999999999997,0.026343800639898395,0.36333333333333334,0.13666666666666666,0.026343800639898395,0.5,0.0,0.026343800639898395,0.48,0.020000000000000018,0.026343800639898395,0.5833333333333334,0.08333333333333337,0.026343800639898395,77727.4,1
0.59,0.08999999999999997,0.026343800639898395,0.35,0.15000000000000002,0.026343800639898395,0.47,0.030000000000000027,0.026343800639898395,0.49,0.010000000000000009,0.026343800639898395,0.5733333333333334,0.07333333333333336,0.026343800639898395,77993.0,1
0.41333333333333333,0.08666666666666667,0.026343800639898395,0.3333333333333333,0.16666666666666669,0.026343800639898395,0.37333333333333335,0.12666666666666665,0.026343800639898395,0.39666666666666667,0.10333333333333333,0.026343800639898395,0.47333333333333333,0.026666666666666672,0.026343800639898395,80693.8,1
0.41,0.09000000000000002,0.026343800639898395,0.31,0.19,0.026343800639898395,0.30333333333333334,0.19666666666666666,0.026343800639898395,0.3333333333333333,0.16666666666666669,0.026343800639898395,0.45666666666666667,0.043333333333333335,0.026343800639898395,81190.7,1
0.41333333333333333,0.08666666666666667,0.026343800639898395,0.35333333333333333,0.14666666666666667,0.026343800639898395,0.32666666666666666,0.17333333333333334,0.026343800639898395,0.34,0.15999999999999998,0.026343800639898395,0.5466666666666666,0.046666666666666634,0.026343800639898395,80878.1,1
0.41333333333333333,0.08666666666666667,0.026343800639898395,0.18,0.32,0.026343800639898395,0.2633333333333333,0.2366666666666667,0.026343800639898395,0.34,0.15999999999999998,0.026343800639898395,0.5066666666666667,0.00666666666666671,0.026343800639898395,81104.5,1
0.43333333333333335,0.06666666666666665,0.026343800639898395,0.2,0.3,0.026343800639898395,0.26,0.24,0.026343800639898395,0.34,0.15999999999999998,0.026343800639898395,0.51,0.010000000000000009,0.026343800639898395,81067.1,1
0.43333333333333335,0.06666666666666665,0.026343800639898395,0.17333333333333334,0.32666666666666666,0.026343800639898395,0.25333333333333335,0.24666666666666665,0.026343800639898395,0.33,0.16999999999999998,0.026343800639898395,0.4633333333333333,0.03666666666666668,0.026343800639898395,81283.2,1
0.4266666666666667,0.0733333333333333,0.026343800639898395,0.15666666666666668,0.3433333333333333,0.026343800639898395,0.22,0.28,0.026343800639898395,0.32666666666666666,0.17333333333333334,0.026343800639898395,0.44666666666666666,0.053333333333333344,0.026343800639898395,81608.6,1
0.44666666666666666,0.053333333333333344,0.026343800639898395,0.20666666666666667,0.29333333333333333,0.026343800639898395,0.22666666666666666,0.2733333333333333,0.026343800639898395,0.3433333333333333,0.15666666666666668,0.026343800639898395,0.45,0.04999999999999999,0.026343800639898395,81341.4,1
0.49,0.010000000000000009,0.026343800639898395,0.18333333333333332,0.31666666666666665,0.026343800639898395,0.23333333333333334,0.26666666666666666,0.026343800639898395,0.3433333333333333,0.15666666666666668,0.026343800639898395,0.48333333333333334,0.016666666666666663,0.026343800639898395,81226.5,1
0.6033333333333334,0.10333333333333339,0.026343800639898395,0.37666666666666665,0.12333333333333335,0.026343800639898395,0.4633333333333333,0.03666666666666668,0.026343800639898395,0.36333333333333334,0.13666666666666666,0.026343800639898395,0.6733333333333333,0.17333333333333334,0.026343800639898395,80463.0,1
0.6,0.09999999999999998,0.026343800639898395,0.38666666666666666,0.11333333333333334,0.026343800639898395,0.49666666666666665,0.003333333333333355,0.026343800639898395,0.38,0.12,0.026343800639898395,0.6533333333333333,0.15333333333333332,0.026343800639898395,80285.5,1
0.6,0.09999999999999998,0.026343800639898395,0.3566666666666667,0.1433333333333333,0.026343800639898395,0.4766666666666667,0.023333333333333317,0.026343800639898395,0.43,0.07,0.026343800639898395,0.6666666666666666,0.16666666666666663,0.026343800639898395,80464.4,1
0.6133333333333333,0.11333333333333329,0.026343800639898395,0.31666666666666665,0.18333333333333335,0.026343800639898395,0.34,0.15999999999999998,0.026343800639898395,0.42333333333333334,0.07666666666666666,0.026343800639898395,0.61,0.10999999999999999,0.026343800639898395,80878.6,1
0.6066666666666667,0.10666666666666669,0.026343800639898395,0.37,0.13,0.026343800639898395,0.2866666666666667,0.21333333333333332,0.026343800639898395,0.4066666666666667,0.09333333333333332,0.026343800639898395,0.5633333333333334,0.06333333333333335,0.026343800639898395,81157.1,1
0.6133333333333333,0.11333333333333329,0.026343800639898395,0.32,0.18,0.026343800639898395,0.2866666666666667,0.21333333333333332,0.026343800639898395,0.4,0.09999999999999998,0.026343800639898395,0.6133333333333333,0.11333333333333329,0.026343800639898395,81164.0,1
0.5966666666666667,0.09666666666666668,0.026343800639898395,0.34,0.15999999999999998,0.026343800639898395,0.24666666666666667,0.2533333333333333,0.026343800639898395,0.31333333333333335,0.18666666666666665,0.026343800639898395,0.4266666666666667,0.0733333333333333,0.026343800639898395,81409.3,1
0.54,0.040000000000000036,0.026343800639898395,0.3333333333333333,0.16666666666666669,0.026343800639898395,0.19,0.31,0.026343800639898395,0.30333333333333334,0.19666666666666666,0.026343800639898395,0.3466666666666667,0.15333333333333332,0.026343800639898395,81704.8,1
0.36333333333333334,0.13666666666666666,0.026343800639898395,0.22666666666666666,0.2733333333333333,0.026343800639898395,0.13666666666666666,0.36333333333333334,0.026343800639898395,0.23,0.27,0.026343800639898395,0.18,0.32,0.026343800639898395,84870.7,0
0.34,0.15999999999999998,0.026343800639898395,0.2,0.3,0.026343800639898395,0.13666666666666666,0.36333333333333334,0.026343800639898395,0.22,0.28,0.026343800639898395,0.17666666666666667,0.32333333333333336,0.026343800639898395,85927.9,0
0.3333333333333333,0.16666666666666669,0.026343800639898395,0.19,0.31,0.026343800639898395,0.15,0.35,0.026343800639898395,0.21333333333333335,0.2866666666666666,0.026343800639898395,0.18333333333333332,0.31666666666666665,0.026343800639898395,86489.3,0
0.3333333333333333,0.16666666666666669,0.026343800639898395,0.20333333333333334,0.29666666666666663,0.026343800639898395,0.14666666666666667,0.35333333333333333,0.026343800639898395,0.22333333333333333,0.27666666666666667,0.026343800639898395,0.18333333333333332,0.31666666666666665,0.026343800639898395,86593.8,0
0.33,0.16999999999999998,0.026343800639898395,0.11666666666666667,0.3833333333333333,0.026343800639898395,0.11,0.39,0.026343800639898395,0.24,0.26,0.026343800639898395,0.21333333333333335,0.2866666666666666,0.026343800639898395,85676.2,0
0.3433333333333333,0.15666666666666668,0.026343800639898395,0.08666666666666667,0.41333333333333333,0.026343800639898395,0.1,0.4,0.026343800639898395,0.24666666666666667,0.2533333333333333,0.026343800639898395,0.21666666666666667,0.2833333333333333,0.026343800639898395,85336.3,0
0.33666666666666667,0.16333333333333333,0.026343800639898395,0.07333333333333333,0.42666666666666664,0.026343800639898395,0.09,0.41000000000000003,0.026343800639898395,0.23666666666666666,0.2633333333333333,0.026343800639898395,0.21,0.29000000000000004,0.026343800639898395,85965.4,0
0.3333333333333333,0.16666666666666669,0.026343800639898395,0.06666666666666667,0.43333333333333335,0.026343800639898395,0.08333333333333333,0.4166666666666667,0.026343800639898395,0.22666666666666666,0.2733333333333333,0.026343800639898395,0.18666666666666668,0.31333333333333335,0.026343800639898395,86403.0,0
0.3466666666666667,0.15333333333333332,0.026343800639898395,0.07666666666666666,0.42333333333333334,0.026343800639898395,0.09666666666666666,0.4033333333333333,0.026343800639898395,0.23,0.27,0.026343800639898395,0.19,0.31,0.026343800639898395,86212.9,0
0.35,0.15000000000000002,0.026343800639898395,0.06,0.44,0.026343800639898395,0.09666666666666666,0.4033333333333333,0.026343800639898395,0.23333333333333334,0.26666666666666666,0.026343800639898395,0.22333333333333333,0.27666666666666667,0.026343800639898395,86196.7,0
0.34,0.15999999999999998,0.026343800639898395,0.14333333333333334,0.3566666666666667,0.026343800639898395,0.09,0.41000000000000003,0.026343800639898395,0.20333333333333334,0.29666666666666663,0.026343800639898395,0.22666666666666666,0.2733333333333333,0.026343800639898395,86701.0,0
0.36666666666666664,0.13333333333333336,0.026343800639898395,0.14666666666666667,0.35333333333333333,0.026343800639898395,0.09333333333333334,0.4066666666666667,0.026343800639898395,0.20666666666666667,0.29333333333333333,0.026343800639898395,0.26666666666666666,0.23333333333333334,0.026343800639898395,86121.8,0
0.38666666666666666,0.11333333333333334,0.026343800639898395,0.14666666666666667,0.35333333333333333,0.026343800639898395,0.16333333333333333,0.33666666666666667,0.026343800639898395,0.21,0.29000000000000004,0.026343800639898395,0.3333333333333333,0.16666666666666669,0.026343800639898395,85640.0,0
0.5166666666666667,0.01666666666666672,0.026343800639898395,0.21333333333333335,0.2866666666666666,0.026343800639898395,0.27,0.22999999999999998,0.026343800639898395,0.2833333333333333,0.21666666666666667,0.026343800639898395,0.38,0.12,0.026343800639898395,83996.0,0
0.51,0.010000000000000009,0.026343800639898395,0.16,0.33999999999999997,0.026343800639898395,0.2833333333333333,0.21666666666666667,0.026343800639898395,0.27,0.22999999999999998,0.026343800639898395,0.43,0.07,0.026343800639898395,84500.0,0
0.5166666666666667,0.01666666666666672,0.026343800639898395,0.17333333333333334,0.32666666666666666,0.026343800639898395,0.29333333333333333,0.20666666666666667,0.026343800639898395,0.28,0.21999999999999997,0.026343800639898395,0.4533333333333333,0.04666666666666669,0.026343800639898395,84384.6,0
0.52,0.020000000000000018,0.026343800639898395,0.16333333333333333,0.33666666666666667,0.026343800639898395,0.26,0.24,0.026343800639898395,0.29,0.21000000000000002,0.026343800639898395,0.5133333333333333,0.013333333333333308,0.026343800639898395,83923.3,1
0.5266666666666666,0.026666666666666616,0.026343800639898395,0.15333333333333332,0.3466666666666667,0.026343800639898395,0.3,0.2,0.026343800639898395,0.2733333333333333,0.22666666666666668,0.026343800639898395,0.49,0.010000000000000009,0.026343800639898395,84519.2,0
0.5433333333333333,0.043333333333333335,0.026343800639898395,0.24,0.26,0.026343800639898395,0.37666666666666665,0.12333333333333335,0.026343800639898395,0.3233333333333333,0.1766666666666667,0.026343800639898395,0.5433333333333333,0.043333333333333335,0.026343800639898395,83461.7,1
0.54,0.040000000000000036,0.026343800639898395,0.19666666666666666,0.30333333333333334,0.026343800639898395,0.17666666666666667,0.32333333333333336,0.026343800639898395,0.29333333333333333,0.20666666666666667,0.026343800639898395,0.4866666666666667,0.013333333333333308,0.026343800639898395,84395.8,0
0.5433333333333333,0.043333333333333335,0.026343800639898395,0.21333333333333335,0.2866666666666666,0.026343800639898395,0.21,0.29000000000000004,0.026343800639898395,0.32,0.18,0.026343800639898395,0.49666666666666665,0.003333333333333355,0.026343800639898395,84389.2,1
0.5433333333333333,0.043333333333333335,0.026343800639898395,0.22666666666666666,0.2733333333333333,0.026343800639898395,0.21333333333333335,0.2866666666666666,0.026343800639898395,0.32,0.18,0.026343800639898395,0.51,0.010000000000000009,0.026343800639898395,84380.0,1
0.5533333333333333,0.053333333333333344,0.026343800639898395,0.26,0.24,0.026343800639898395,0.26,0.24,0.026343800639898395,0.32666666666666666,0.17333333333333334,0.026343800639898395,0.5333333333333333,0.033333333333333326,0.026343800639898395,84211.2,1
0.5566666666666666,0.05666666666666664,0.026343800639898395,0.2733333333333333,0.22666666666666668,0.026343800639898395,0.2833333333333333,0.21666666666666667,0.026343800639898395,0.36,0.14,0.026343800639898395,0.5266666666666666,0.026666666666666616,0.026343800639898395,84024.2,1
0.5533333333333333,0.053333333333333344,0.026343800639898395,0.25333333333333335,0.24666666666666665,0.026343800639898395,0.22,0.28,0.026343800639898395,0.2966666666666667,0.2033333333333333,0.026343800639898395,0.5033333333333333,0.0033333333333332993,0.026343800639898395,84574.5,0
0.5433333333333333,0.043333333333333335,0.026343800639898395,0.31333333333333335,0.18666666666666665,0.026343800639898395,0.32,0.18,0.026343800639898395,0.37,0.13,0.026343800639898395,0.5666666666666667,0.06666666666666665,0.026343800639898395,83777.5,0
0.56,0.06000000000000005,0.026343800639898395,0.25,0.25,0.026343800639898395,0.30333333333333334,0.19666666666666666,0.026343800639898395,0.36,0.14,0.026343800639898395,0.5566666666666666,0.05666666666666664,0.026343800639898395,84008.8,0
0.5633333333333334,0.06333333333333335,0.026343800639898395,0.2833333333333333,0.21666666666666667,0.026343800639898395,0.3,0.2,0.026343800639898395,0.35333333333333333,0.14666666666666667,0.026343800639898395,0.5933333333333334,0.09333333333333338,0.026343800639898395,84090.5,0
0.56,0.06000000000000005,0.026343800639898395,0.26666666666666666,0.23333333333333334,0.026343800639898395,0.30333333333333334,0.19666666666666666,0.026343800639898395,0.37,0.13,0.026343800639898395,0.62,0.12,0.026343800639898395,83935.5,0
0.57,0.06999999999999995,0.026343800639898395,0.2633333333333333,0.2366666666666667,0.026343800639898395,0.3,0.2,0.026343800639898395,0.36,0.14,0.026343800639898395,0.62,0.12,0.026343800639898395,84100.6,0
0.5766666666666667,0.07666666666666666,0.026343800639898395,0.25333333333333335,0.24666666666666665,0.026343800639898395,0.31333333333333335,0.18666666666666665,0.026343800639898395,0.3933333333333333,0.10666666666666669,0.026343800639898395,0.6166666666666667,0.1166666666666667,0.026343800639898395,84164.6,0
0.57,0.06999999999999995,0.026343800639898395,0.24333333333333335,0.25666666666666665,0.026343800639898395,0.30666666666666664,0.19333333333333336,0.026343800639898395,0.4,0.09999999999999998,0.026343800639898395,0.6233333333333333,0.1233333333333333,0.026343800639898395,84142.9,0
0.5666666666666667,0.06666666666666665,0.026343800639898395,0.25333333333333335,0.24666666666666665,0.026343800639898395,0.30333333333333334,0.19666666666666666,0.026343800639898395,0.42,0.08000000000000002,0.026343800639898395,0.61,0.10999999999999999,0.026343800639898395,84007.9,0
0.5766666666666667,0.07666666666666666,0.026343800639898395,0.15666666666666668,0.3433333333333333,0.026343800639898395,0.24,0.26,0.026343800639898395,0.36666666666666664,0.13333333333333336,0.026343800639898395,0.6233333333333333,0.1233333333333333,0.026343800639898395,84426.7,0
0.5766666666666667,0.07666666666666666,0.026343800639898395,0.17,0.32999999999999996,0.026343800639898395,0.2633333333333333,0.2366666666666667,0.026343800639898395,0.37666666666666665,0.12333333333333335,0.026343800639898395,0.5966666666666667,0.09666666666666668,0.026343800639898395,84380.0,0
0.57,0.06999999999999995,0.026343800639898395,0.14333333333333334,0.3566666666666667,0.026343800639898395,0.17333333333333334,0.32666666666666666,0.026343800639898395,0.3566666666666667,0.1433333333333333,0.026343800639898395,0.58,0.07999999999999996,0.026343800639898395,84767.9,0
0.5666666666666667,0.06666666666666665,0.026343800639898395,0.15333333333333332,0.3466666666666667,0.026343800639898395,0.16,0.33999999999999997,0.026343800639898395,0.36,0.14,0.026343800639898395,0.6133333333333333,0.11333333333333329,0.026343800639898395,84875.6,0
0.5766666666666667,0.07666666666666666,0.026343800639898395,0.19,0.31,0.026343800639898395,0.26,0.24,0.026343800639898395,0.36666666666666664,0.13333333333333336,0.026343800639898395,0.5833333333333334,0.08333333333333337,0.026343800639898395,84450.1,0
0.5766666666666667,0.07666666666666666,0.026343800639898395,0.14666666666666667,0.35333333333333333,0.026343800639898395,0.19,0.31,0.026343800639898395,0.35333333333333333,0.14666666666666667,0.026343800639898395,0.6133333333333333,0.11333333333333329,0.026343800639898395,84716.5,0
0.57,0.06999999999999995,0.026343800639898395,0.22333333333333333,0.27666666666666667,0.026343800639898395,0.20333333333333334,0.29666666666666663,0.026343800639898395,0.37333333333333335,0.12666666666666665,0.026343800639898395,0.6333333333333333,0.1333333333333333,0.026343800639898395,84444.2,0
0.53,0.030000000000000027,0.026343800639898395,0.28,0.21999999999999997,0.026343800639898395,0.3566666666666667,0.1433333333333333,0.026343800639898395,0.4266666666666667,0.0733333333333333,0.026343800639898395,0.63,0.13,0.026343800639898395,83319.8,1
0.58,0.07999999999999996,0.026343800639898395,0.27,0.22999999999999998,0.026343800639898395,0.39,0.10999999999999999,0.026343800639898395,0.45,0.04999999999999999,0.026343800639898395,0.6233333333333333,0.1233333333333333,0.026343800639898395,82931.3,1
0.5633333333333334,0.06333333333333335,0.026343800639898395,0.23666666666666666,0.2633333333333333,0.026343800639898395,0.39,0.10999999999999999,0.026343800639898395,0.4166666666666667,0.08333333333333331,0.026343800639898395,0.6133333333333333,0.11333333333333329,0.026343800639898395,83062.3,1
0.55,0.050000000000000044,0.026343800639898395,0.24666666666666667,0.2533333333333333,0.026343800639898395,0.3566666666666667,0.1433333333333333,0.026343800639898395,0.39666666666666667,0.10333333333333333,0.026343800639898395,0.59,0.08999999999999997,0.026343800639898395,83340.3,1
0.5566666666666666,0.05666666666666664,0.026343800639898395,0.25333333333333335,0.24666666666666665,0.026343800639898395,0.36333333333333334,0.13666666666666666,0.026343800639898395,0.4,0.09999999999999998,0.026343800639898395,0.6266666666666667,0.1266666666666667,0.026343800639898395,83350.2,1
0.5633333333333334,0.06333333333333335,0.026343800639898395,0.22333333333333333,0.27666666666666667,0.026343800639898395,0.31,0.19,0.026343800639898395,0.4066666666666667,0.09333333333333332,0.026343800639898395,0.6066666666666667,0.10666666666666669,0.026343800639898395,83462.7,1
0.55,0.050000000000000044,0.026343800639898395,0.20333333333333334,0.29666666666666663,0.026343800639898395,0.37666666666666665,0.12333333333333335,0.026343800639898395,0.4166666666666667,0.08333333333333331,0.026343800639898395,0.6066666666666667,0.10666666666666669,0.026343800639898395,83035.7,1
0.6066666666666667,0.10666666666666669,0.026343800639898395,0.18,0.32,0.026343800639898395,0.34,0.15999999999999998,0.026343800639898395,0.38666666666666666,0.11333333333333334,0.026343800639898395,0.63,0.13,0.026343800639898395,83951.3,1
0.5966666666666667,0.09666666666666668,0.026343800639898395,0.19333333333333333,0.30666666666666664,0.026343800639898395,0.3,0.2,0.026343800639898395,0.37,0.13,0.026343800639898395,0.64,0.14,0.026343800639898395,84324.2,1
0.5566666666666666,0.05666666666666664,0.026343800639898395,0.22333333333333333,0.27666666666666667,0.026343800639898395,0.35,0.15000000000000002,0.026343800639898395,0.43,0.07,0.026343800639898395,0.5966666666666667,0.09666666666666668,0.026343800639898395,83050.9,1
0.5833333333333334,0.08333333333333337,0.026343800639898395,0.16333333333333333,0.33666666666666667,0.026343800639898395,0.3433333333333333,0.15666666666666668,0.026343800639898395,0.4266666666666667,0.0733333333333333,0.026343800639898395,0.59,0.08999999999999997,0.026343800639898395,83564.9,1
0.59,0.08999999999999997,0.026343800639898395,0.15,0.35,0.026343800639898395,0.3566666666666667,0.1433333333333333,0.026343800639898395,0.4033333333333333,0.09666666666666668,0.026343800639898395,0.61,0.10999999999999999,0.026343800639898395,83633.4,1
0.55,0.050000000000000044,0.026343800639898395,0.16666666666666666,0.33333333333333337,0.026343800639898395,0.31333333333333335,0.18666666666666665,0.026343800639898395,0.4266666666666667,0.0733333333333333,0.026343800639898395,0.6166666666666667,0.1166666666666667,0.026343800639898395,83269.6,1
0.55,0.050000000000000044,0.026343800639898395,0.15666666666666668,0.3433333333333333,0.026343800639898395,0.31333333333333335,0.18666666666666665,0.026343800639898395,0.4266666666666667,0.0733333333333333,0.026343800639898395,0.6066666666666667,0.10666666666666669,0.026343800639898395,83259.1,1
0.6,0.09999999999999998,0.026343800639898395,0.14333333333333334,0.3566666666666667,0.026343800639898395,0.3433333333333333,0.15666666666666668,0.026343800639898395,0.39666666666666667,0.10333333333333333,0.026343800639898395,0.61,0.10999999999999999,0.026343800639898395,83878.9,1
0.59,0.08999999999999997,0.026343800639898395,0.17,0.32999999999999996,0.026343800639898395,0.31333333333333335,0.18666666666666665,0.026343800639898395,0.38333333333333336,0.11666666666666664,0.026343800639898395,0.6566666666666666,0.15666666666666662,0.026343800639898395,84084.9,1
0.5733333333333334,0.07333333333333336,0.026343800639898395,0.17666666666666667,0.32333333333333336,0.026343800639898395,0.32666666666666666,0.17333333333333334,0.026343800639898395,0.38333333333333336,0.11666666666666664,0.026343800639898395,0.6233333333333333,0.1233333333333333,0.026343800639898395,83551.4,1
0.5733333333333334,0.07333333333333336,0.026343800639898395,0.12666666666666668,0.3733333333333333,0.026343800639898395,0.33,0.16999999999999998,0.026343800639898395,0.39,0.10999999999999999,0.026343800639898395,0.63,0.13,0.026343800639898395,83564.7,1
0.5933333333333334,0.09333333333333338,0.026343800639898395,0.11,0.39,0.026343800639898395,0.35333333333333333,0.14666666666666667,0.026343800639898395,0.38666666666666666,0.11333333333333334,0.026343800639898395,0.6233333333333333,0.1233333333333333,0.026343800639898395,83695.0,1
0.5666666666666667,0.06666666666666665,0.026343800639898395,0.14333333333333334,0.3566666666666667,0.026343800639898395,0.31666666666666665,0.18333333333333335,0.026343800639898395,0.4033333333333333,0.09666666666666668,0.026343800639898395,0.6066666666666667,0.10666666666666669,0.026343800639898395,83375.2,1
0.6,0.09999999999999998,0.026343800639898395,0.11666666666666667,0.3833333333333333,0.026343800639898395,0.31333333333333335,0.18666666666666665,0.026343800639898395,0.41,0.09000000000000002,0.026343800639898395,0.6366666666666667,0.13666666666666671,0.026343800639898395,83883.3,1
0.5966666666666667,0.09666666666666668,0.026343800639898395,0.11666666666666667,0.3833333333333333,0.026343800639898395,0.31333333333333335,0.18666666666666665,0.026343800639898395,0.41333333333333333,0.08666666666666667,0.026343800639898395,0.6266666666666667,0.1266666666666667,0.026343800639898395,84127.0,1
0.59,0.08999999999999997,0.026343800639898395,0.15333333333333332,0.3466666666666667,0.026343800639898395,0.27666666666666667,0.22333333333333333,0.026343800639898395,0.39,0.10999999999999999,0.026343800639898395,0.65,0.15000000000000002,0.026343800639898395,84630.1,1
0.5866666666666667,0.08666666666666667,0.026343800639898395,0.16666666666666666,0.33333333333333337,0.026343800639898395,0.25,0.25,0.026343800639898395,0.41333333333333333,0.08666666666666667,0.026343800639898395,0.6266666666666667,0.1266666666666667,0.026343800639898395,84849.1,1
0.54,0.040000000000000036,0.026343800639898395,0.16333333333333333,0.33666666666666667,0.026343800639898395,0.26666666666666666,0.23333333333333334,0.026343800639898395,0.36666666666666664,0.13333333333333336,0.026343800639898395,0.63,0.13,0.026343800639898395,85480.6,0
0.52,0.020000000000000018,0.026343800639898395,0.16333333333333333,0.33666666666666667,0.026343800639898395,0.2966666666666667,0.2033333333333333,0.026343800639898395,0.35,0.15000000000000002,0.026343800639898395,0.5933333333333334,0.09333333333333338,0.026343800639898395,86071.5,0
0.5,0.0,0.026343800639898395,0.18666666666666668,0.31333333333333335,0.026343800639898395,0.3,0.2,0.026343800639898395,0.36,0.14,0.026343800639898395,0.57,0.06999999999999995,0.026343800639898395,86407.9,1
0.5866666666666667,0.08666666666666667,0.026343800639898395,0.20666666666666667,0.29333333333333333,0.026343800639898395,0.26666666666666666,0.23333333333333334,0.026343800639898395,0.36333333333333334,0.13666666666666666,0.026343800639898395,0.6366666666666667,0.13666666666666671,0.026343800639898395,85318.9,1
0.5733333333333334,0.07333333333333336,0.026343800639898395,0.16,0.33999999999999997,0.026343800639898395,0.3233333333333333,0.1766666666666667,0.026343800639898395,0.47,0.030000000000000027,0.026343800639898395,0.6066666666666667,0.10666666666666669,0.026343800639898395,84300.1,1
0.5833333333333334,0.08333333333333337,0.026343800639898395,0.15333333333333332,0.3466666666666667,0.026343800639898395,0.31,0.19,0.026343800639898395,0.46,0.03999999999999998,0.026343800639898395,0.64,0.14,0.026343800639898395,84503.7,1
0.5733333333333334,0.07333333333333336,0.026343800639898395,0.21333333333333335,0.2866666666666666,0.026343800639898395,0.28,0.21999999999999997,0.026343800639898395,0.45666666666666667,0.043333333333333335,0.026343800639898395,0.6966666666666667,0.19666666666666666,0.026343800639898395,84684.3,1
0.5733333333333334,0.07333333333333336,0.026343800639898395,0.21,0.29000000000000004,0.026343800639898395,0.31333333333333335,0.18666666666666665,0.026343800639898395,0.4533333333333333,0.04666666666666669,0.026343800639898395,0.7,0.19999999999999996,0.026343800639898395,84542.0,1
0.58,0.07999999999999996,0.026343800639898395,0.22,0.28,0.026343800639898395,0.31333333333333335,0.18666666666666665,0.026343800639898395,0.44,0.06,0.026343800639898395,0.6633333333333333,0.16333333333333333,0.026343800639898395,84667.5,1
0.58,0.07999999999999996,0.026343800639898395,0.21333333333333335,0.2866666666666666,0.026343800639898395,0.2733333333333333,0.22666666666666668,0.026343800639898395,0.4,0.09999999999999998,0.026343800639898395,0.7033333333333334,0.20333333333333337,0.026343800639898395,84854.2,1
0.5833333333333334,0.08333333333333337,0.026343800639898395,0.21333333333333335,0.2866666666666666,0.026343800639898395,0.2866666666666667,0.21333333333333332,0.026343800639898395,0.4266666666666667,0.0733333333333333,0.026343800639898395,0.6933333333333334,0.19333333333333336,0.026343800639898395,84835.5,1
0.5766666666666667,0.07666666666666666,0.026343800639898395,0.21333333333333335,0.2866666666666666,0.026343800639898395,0.29,0.21000000000000002,0.026343800639898395,0.4533333333333333,0.04666666666666669,0.026343800639898395,0.6866666666666666,0.18666666666666665,0.026343800639898395,84740.0,1
0.5866666666666667,0.08666666666666667,0.026343800639898395,0.21333333333333335,0.2866666666666666,0.026343800639898395,0.30333333333333334,0.19666666666666666,0.026343800639898395,0.44666666666666666,0.053333333333333344,0.026343800639898395,0.6766666666666666,0.17666666666666664,0.026343800639898395,84833.0,1
0.58,0.07999999999999996,0.026343800639898395,0.2,0.3,0.026343800639898395,0.2733333333333333,0.22666666666666668,0.026343800639898395,0.43,0.07,0.026343800639898395,0.6433333333333333,0.1433333333333333,0.026343800639898395,85095.4,1
0.5766666666666667,0.07666666666666666,0.026343800639898395,0.21666666666666667,0.2833333333333333,0.026343800639898395,0.27666666666666667,0.22333333333333333,0.026343800639898395,0.4066666666666667,0.09333333333333332,0.026343800639898395,0.67,0.17000000000000004,0.026343800639898395,85300.0,1
0.5733333333333334,0.07333333333333336,0.026343800639898395,0.22333333333333333,0.27666666666666667,0.026343800639898395,0.27666666666666667,0.22333333333333333,0.026343800639898395,0.42333333333333334,0.07666666666666666,0.026343800639898395,0.6666666666666666,0.16666666666666663,0.026343800639898395,85249.9,0
0.5666666666666667,0.06666666666666665,0.026343800639898395,0.22666666666666666,0.2733333333333333,0.026343800639898395,0.27666666666666667,0.22333333333333333,0.026343800639898395,0.43333333333333335,0.06666666666666665,0.026343800639898395,0.68,0.18000000000000005,0.026343800639898395,85412.8,0
