ts,open,high,low,close,volume,datetime
1771262100000,67707.9,67925.1,67582.1,67901.6,31.05692002,2026-02-16 17:15:00+00:00
1771263000000,67900.1,68042.8,67864.3,67997.3,37.44123364,2026-02-16 17:30:00+00:00
1771263900000,67994.1,67994.1,67880.0,67922.1,7.9763388,2026-02-16 17:45:00+00:00
1771264800000,67920.0,68121.3,67880.2,68092.4,10.83923213,2026-02-16 18:00:00+00:00
1771265700000,68092.4,68198.0,68037.3,68061.0,7.30830361,2026-02-16 18:15:00+00:00
1771266600000,68080.2,68080.2,67936.7,67968.0,52.76793853,2026-02-16 18:30:00+00:00
1771267500000,67975.6,67995.7,67803.4,67824.6,24.24947134,2026-02-16 18:45:00+00:00
1771268400000,67824.7,67954.1,67824.6,67954.1,3.04614391,2026-02-16 19:00:00+00:00
1771269300000,67949.7,68000.0,67800.0,67950.0,19.04371173,2026-02-16 19:15:00+00:00
1771270200000,67950.1,68111.9,67950.1,68060.0,53.39910359,2026-02-16 19:30:00+00:00
1771271100000,68060.0,68064.3,67868.5,67882.5,1.54823995,2026-02-16 19:45:00+00:00
1771272000000,67882.5,67923.6,67800.1,67923.6,5.88436297,2026-02-16 20:00:00+00:00
1771272900000,67906.4,68180.0,67890.2,68160.2,13.37132531,2026-02-16 20:15:00+00:00
1771273800000,68180.0,68230.4,68073.9,68190.6,21.85779409,2026-02-16 20:30:00+00:00
1771274700000,68190.6,68533.9,68180.0,68497.7,28.79733844,2026-02-16 20:45:00+00:00
1771275600000,68497.7,68549.2,68401.7,68530.9,32.84912754,2026-02-16 21:00:00+00:00
1771276500000,68540.0,68593.1,68440.1,68456.9,42.22480586,2026-02-16 21:15:00+00:00
1771277400000,68480.0,68547.2,68440.1,68519.8,1.49056481,2026-02-16 21:30:00+00:00
1771278300000,68518.0,68891.9,68440.0,68840.0,22.29807669,2026-02-16 21:45:00+00:00
1771279200000,68829.9,68830.0,68660.1,68727.7,39.84032924,2026-02-16 22:00:00+00:00
1771280100000,68720.8,68780.0,68572.0,68572.1,14.70308217,2026-02-16 22:15:00+00:00
1771281000000,68572.1,68684.6,68482.7,68570.3,39.95417533,2026-02-16 22:30:00+00:00
1771281900000,68565.2,68620.0,68480.2,68560.1,24.97080579,2026-02-16 22:45:00+00:00
1771282800000,68560.2,68719.9,68509.6,68695.5,2.19064371,2026-02-16 23:00:00+00:00
1771283700000,68700.8,68781.1,68628.8,68628.9,7.30100337,2026-02-16 23:15:00+00:00
1771284600000,68628.9,68707.3,68604.1,68660.0,4.19265297,2026-02-16 23:30:00+00:00
1771285500000,68660.1,68950.0,68660.1,68860.0,8.33592573,2026-02-16 23:45:00+00:00
1771286400000,68860.0,68866.7,68739.9,68840.0,8.98240438,2026-02-17 00:00:00+00:00
1771287300000,68860.0,68893.4,68682.7,68869.4,6.65484631,2026-02-17 00:15:00+00:00
1771288200000,68860.1,68921.7,68808.4,68836.2,14.52950954,2026-02-17 00:30:00+00:00
1771289100000,68836.2,69035.2,68820.1,68847.7,69.54792913,2026-02-17 00:45:00+00:00
1771290000000,68847.7,68960.0,68760.3,68875.2,22.04307153,2026-02-17 01:00:00+00:00
1771290900000,68879.6,68927.0,68824.6,68850.2,0.77413266,2026-02-17 01:15:00+00:00
1771291800000,68850.1,68950.0,68817.0,68831.2,2.64583888,2026-02-17 01:30:00+00:00
1771292700000,68831.2,68853.8,68550.5,68584.8,5.24708187,2026-02-17 01:45:00+00:00
1771293600000,68584.8,69191.0,68353.6,69080.0,22.15541006,2026-02-17 02:00:00+00:00
1771294500000,69080.0,69159.9,68966.3,69002.1,14.6013881,2026-02-17 02:15:00+00:00
1771295400000,69002.1,69030.3,68878.3,68920.0,4.15660481,2026-02-17 02:30:00+00:00
1771296300000,68920.0,68996.4,68816.3,68816.4,1.74385898,2026-02-17 02:45:00+00:00
1771297200000,68816.4,68816.4,68620.0,68660.0,11.57583177,2026-02-17 03:00:00+00:00
1771298100000,68679.9,68720.0,68575.2,68613.0,5.03870413,2026-02-17 03:15:00+00:00
1771299000000,68613.0,68619.9,68476.4,68524.4,5.56690062,2026-02-17 03:30:00+00:00
1771299900000,68524.3,68551.7,68440.0,68440.0,7.00103836,2026-02-17 03:45:00+00:00
1771300800000,68440.1,68561.7,68367.1,68540.1,6.69388138,2026-02-17 04:00:00+00:00
1771301700000,68540.1,68659.9,68460.0,68567.7,2.78084031,2026-02-17 04:15:00+00:00
1771302600000,68567.7,68567.7,68273.5,68387.9,5.62195405,2026-02-17 04:30:00+00:00
1771303500000,68387.9,68447.8,68360.1,68439.9,8.33986849,2026-02-17 04:45:00+00:00
1771304400000,68439.9,68460.0,68304.1,68307.2,2.73572641,2026-02-17 05:00:00+00:00
1771305300000,68307.2,68307.2,67920.8,68021.8,22.43731738,2026-02-17 05:15:00+00:00
1771306200000,68021.8,68143.9,67880.0,68143.8,2.32465807,2026-02-17 05:30:00+00:00
1771307100000,68143.9,68239.0,68100.0,68211.4,2.12396662,2026-02-17 05:45:00+00:00
1771308000000,68210.4,68394.3,68210.3,68331.3,5.86257782,2026-02-17 06:00:00+00:00
1771308900000,68331.4,68418.9,68286.7,68418.9,1.45030089,2026-02-17 06:15:00+00:00
1771309800000,68418.9,68464.0,68380.0,68428.8,0.79817209,2026-02-17 06:30:00+00:00
1771310700000,68428.7,68428.8,68369.6,68383.8,0.42018439,2026-02-17 06:45:00+00:00
1771311600000,68383.8,68383.8,68260.0,68300.0,1.33703227,2026-02-17 07:00:00+00:00
1771312500000,68299.9,68342.5,68164.7,68177.2,0.71579396,2026-02-17 07:15:00+00:00
1771313400000,68177.2,68425.8,68152.5,68374.0,11.52176657,2026-02-17 07:30:00+00:00
1771314300000,68374.0,68436.6,68360.1,68366.4,1.18328145,2026-02-17 07:45:00+00:00
1771315200000,68366.5,68438.3,68360.0,68360.1,1.62921244,2026-02-17 08:00:00+00:00
1771316100000,68360.1,68360.1,68254.3,68260.1,1.23669719,2026-02-17 08:15:00+00:00
1771317000000,68260.1,68300.0,68120.1,68179.8,1.37079242,2026-02-17 08:30:00+00:00
1771317900000,68179.7,68220.1,68100.0,68140.0,1.45447833,2026-02-17 08:45:00+00:00
1771318800000,68140.0,68260.0,68040.0,68076.4,59.35729476,2026-02-17 09:00:00+00:00
1771319700000,68076.4,68108.2,67962.8,67998.5,6.15800814,2026-02-17 09:15:00+00:00
1771320600000,67998.4,68044.7,67961.0,68044.7,2.83853247,2026-02-17 09:30:00+00:00
1771321500000,68044.7,68119.9,68000.4,68069.8,22.07447602,2026-02-17 09:45:00+00:00
1771322400000,68080.0,68140.0,68034.0,68080.0,4.22307716,2026-02-17 10:00:00+00:00
1771323300000,68079.9,68079.9,67778.0,67889.3,14.69027835,2026-02-17 10:15:00+00:00
1771324200000,67889.2,67889.2,67750.0,67750.1,30.50453742,2026-02-17 10:30:00+00:00
1771325100000,67750.1,67800.1,67684.1,67800.0,7.78611022,2026-02-17 10:45:00+00:00
1771326000000,67800.0,67873.3,67675.9,67853.0,5.37944648,2026-02-17 11:00:00+00:00
1771326900000,67853.1,67879.9,67700.0,67840.0,12.25421742,2026-02-17 11:15:00+00:00
1771327800000,67860.0,67860.0,67709.2,67709.2,49.4319671,2026-02-17 11:30:00+00:00
1771328700000,67709.2,67857.3,67696.4,67800.1,125.66836081,2026-02-17 11:45:00+00:00
1771329600000,67800.1,68107.7,67800.1,68042.6,22.69901675,2026-02-17 12:00:00+00:00
1771330500000,68042.6,68106.5,67980.1,68071.1,2.91101097,2026-02-17 12:15:00+00:00
1771331400000,68071.1,68246.1,68050.1,68157.1,19.27265445,2026-02-17 12:30:00+00:00
1771332300000,68157.1,68157.1,67836.9,67862.8,33.1051159,2026-02-17 12:45:00+00:00
1771333200000,67862.8,68064.6,67720.0,68064.6,18.95750986,2026-02-17 13:00:00+00:00
1771334100000,68064.5,68319.9,67967.6,68077.4,25.90481231,2026-02-17 13:15:00+00:00
1771335000000,68077.4,68077.4,67940.1,67982.0,3.63529751,2026-02-17 13:30:00+00:00
1771335900000,67982.0,68304.1,67960.0,68087.0,21.36092038,2026-02-17 13:45:00+00:00
1771336800000,68087.0,68294.8,68040.1,68045.2,122.74048487,2026-02-17 14:00:00+00:00
1771337700000,68054.8,68140.0,67973.3,68002.1,4.31011366,2026-02-17 14:15:00+00:00
1771338600000,68002.1,68200.0,66928.3,67069.1,109.94950328,2026-02-17 14:30:00+00:00
1771339500000,67069.1,67091.6,66692.9,66848.9,97.16105802,2026-02-17 14:45:00+00:00
1771340400000,66840.9,67142.1,66764.3,66764.3,71.05276357,2026-02-17 15:00:00+00:00
1771341300000,66778.9,67114.3,66711.9,66800.0,158.61507927,2026-02-17 15:15:00+00:00
1771342200000,66800.0,66977.2,66592.4,66977.2,44.90042511,2026-02-17 15:30:00+00:00
1771343100000,66977.2,67367.8,66963.4,67353.2,32.51270586,2026-02-17 15:45:00+00:00
1771344000000,67353.3,67924.6,67304.4,67720.0,40.22089837,2026-02-17 16:00:00+00:00
1771344900000,67720.0,67902.8,67472.8,67499.9,90.44462823,2026-02-17 16:15:00+00:00
1771345800000,67500.0,68095.2,67408.6,67680.0,121.38107348,2026-02-17 16:30:00+00:00
1771346700000,67680.1,67734.4,67489.4,67489.5,13.30940934,2026-02-17 16:45:00+00:00
1771347600000,67489.5,67679.9,67059.4,67232.7,29.92933538,2026-02-17 17:00:00+00:00
1771348500000,67232.5,67417.0,67168.8,67417.0,10.97532617,2026-02-17 17:15:00+00:00
1771349400000,67417.0,67453.0,66950.0,66960.1,31.60709323,2026-02-17 17:30:00+00:00
1771350300000,66960.0,67269.1,66860.0,67207.4,125.98886024,2026-02-17 17:45:00+00:00
1771351200000,67208.3,67348.1,67112.3,67335.7,20.08176789,2026-02-17 18:00:00+00:00
1771352100000,67335.7,67765.3,67231.5,67700.1,24.42084509,2026-02-17 18:15:00+00:00
1771353000000,67700.1,68080.7,67662.5,67966.7,54.59102419,2026-02-17 18:30:00+00:00
1771353900000,67945.6,68164.9,67819.7,68060.0,27.30798881,2026-02-17 18:45:00+00:00
1771354800000,68060.1,68140.0,67962.4,68139.9,25.71485981,2026-02-17 19:00:00+00:00
1771355700000,68130.1,68189.4,67842.6,67842.7,12.85252393,2026-02-17 19:15:00+00:00
1771356600000,67842.6,67940.0,67780.0,67940.0,109.94335116,2026-02-17 19:30:00+00:00
1771357500000,67940.0,68012.1,67724.6,67760.0,8.1722817,2026-02-17 19:45:00+00:00
1771358400000,67761.9,67799.6,67523.1,67577.7,23.5853224,2026-02-17 20:00:00+00:00
1771359300000,67577.1,67740.0,67480.1,67715.2,130.61222788,2026-02-17 20:15:00+00:00
1771360200000,67700.1,67880.8,67509.5,67826.6,8.85824814,2026-02-17 20:30:00+00:00
1771361100000,67820.0,67839.9,67700.0,67723.0,8.36091713,2026-02-17 20:45:00+00:00
1771362000000,67720.1,67850.8,67636.7,67850.8,4.828537,2026-02-17 21:00:00+00:00
1771362900000,67852.0,67869.6,67560.1,67560.1,15.83375847,2026-02-17 21:15:00+00:00
1771363800000,67560.1,67577.8,67505.4,67560.0,32.61814671,2026-02-17 21:30:00+00:00
1771364700000,67560.1,67638.5,67540.1,67627.6,2.97075701,2026-02-17 21:45:00+00:00
1771365600000,67627.7,67627.7,67509.1,67552.9,2.97296918,2026-02-17 22:00:00+00:00
1771366500000,67553.0,67641.5,67513.5,67641.5,12.51026673,2026-02-17 22:15:00+00:00
1771367400000,67660.0,67740.0,67585.4,67596.9,4.48972705,2026-02-17 22:30:00+00:00
1771368300000,67595.9,67613.9,67477.9,67506.8,2.26021479,2026-02-17 22:45:00+00:00
1771369200000,67506.9,67520.0,67363.9,67414.1,3.78685403,2026-02-17 23:00:00+00:00
1771370100000,67414.0,67580.5,67414.0,67420.1,1.24118964,2026-02-17 23:15:00+00:00
1771371000000,67420.1,67499.9,67363.8,67470.0,4.66406247,2026-02-17 23:30:00+00:00
1771371900000,67500.0,67540.0,67460.1,67475.4,4.77233004,2026-02-17 23:45:00+00:00
1771372800000,67475.4,67592.8,67475.3,67589.9,3.1819846,2026-02-18 00:00:00+00:00
1771373700000,67589.9,67589.9,67427.5,67471.8,3.12747179,2026-02-18 00:15:00+00:00
1771374600000,67471.8,67575.2,67440.0,67440.0,1.04483539,2026-02-18 00:30:00+00:00
1771375500000,67427.5,67427.5,67262.9,67287.6,12.36775498,2026-02-18 00:45:00+00:00
1771376400000,67286.1,67336.1,67037.5,67099.8,10.54697288,2026-02-18 01:00:00+00:00
1771377300000,67080.0,67200.0,67029.4,67029.5,20.98826726,2026-02-18 01:15:00+00:00
1771378200000,67029.4,67144.2,66844.4,67144.2,21.18318355,2026-02-18 01:30:00+00:00
1771379100000,67144.2,67152.4,67034.6,67132.1,35.73089803,2026-02-18 01:45:00+00:00
1771380000000,67132.1,67368.0,67132.0,67231.3,17.40060848,2026-02-18 02:00:00+00:00
1771380900000,67231.4,67284.9,67189.5,67200.1,1.79505384,2026-02-18 02:15:00+00:00
1771381800000,67200.0,67368.0,67181.9,67342.2,4.87756807,2026-02-18 02:30:00+00:00
1771382700000,67342.2,67342.2,67230.5,67291.9,7.11834195,2026-02-18 02:45:00+00:00
1771383600000,67291.9,67435.0,67291.8,67364.9,8.69758153,2026-02-18 03:00:00+00:00
1771384500000,67364.8,67509.0,67364.8,67509.0,1.26175252,2026-02-18 03:15:00+00:00
1771385400000,67509.0,67611.0,67488.5,67598.2,3.12679425,2026-02-18 03:30:00+00:00
1771386300000,67598.3,67651.5,67560.0,67600.0,4.21550162,2026-02-18 03:45:00+00:00
1771387200000,67600.1,67653.0,67462.1,67517.1,3.4334118,2026-02-18 04:00:00+00:00
1771388100000,67517.1,67639.0,67517.1,67635.3,1.32954849,2026-02-18 04:15:00+00:00
1771389000000,67635.2,67700.3,67620.0,67659.6,10.74157047,2026-02-18 04:30:00+00:00
1771389900000,67659.5,67838.5,67640.0,67771.2,13.17411648,2026-02-18 04:45:00+00:00
1771390800000,67771.3,67838.5,67720.1,67838.5,3.07439027,2026-02-18 05:00:00+00:00
1771391700000,67838.5,67880.0,67689.7,67689.7,22.34975862,2026-02-18 05:15:00+00:00
1771392600000,67689.8,67719.9,67580.2,67601.1,6.65426473,2026-02-18 05:30:00+00:00
1771393500000,67601.1,67680.0,67578.9,67613.7,1.11117815,2026-02-18 05:45:00+00:00
1771394400000,67613.7,67740.0,67600.1,67740.0,2.26497347,2026-02-18 06:00:00+00:00
1771395300000,67759.6,67860.0,67717.9,67837.0,2.84143482,2026-02-18 06:15:00+00:00
1771396200000,67837.1,67900.9,67800.0,67900.8,5.2897049,2026-02-18 06:30:00+00:00
1771397100000,67880.0,67919.6,67783.4,67813.9,2.96602575,2026-02-18 06:45:00+00:00
1771398000000,67813.9,67851.1,67740.0,67740.1,1.93199611,2026-02-18 07:00:00+00:00
1771398900000,67740.1,67740.1,67668.7,67715.8,3.58088712,2026-02-18 07:15:00+00:00
1771399800000,67715.8,68060.0,67715.7,68060.0,85.92342226,2026-02-18 07:30:00+00:00
1771400700000,68059.9,68173.1,68002.1,68094.9,20.48754294,2026-02-18 07:45:00+00:00
1771401600000,68094.9,68227.8,68062.1,68183.3,5.834736,2026-02-18 08:00:00+00:00
1771402500000,68183.3,68418.9,68183.3,68241.8,18.87083872,2026-02-18 08:15:00+00:00
1771403400000,68241.8,68258.2,68100.1,68141.4,1.55679067,2026-02-18 08:30:00+00:00
1771404300000,68141.4,68179.9,68048.0,68082.9,1.72978746,2026-02-18 08:45:00+00:00
1771405200000,68082.9,68169.7,67982.1,68169.7,3.30846848,2026-02-18 09:00:00+00:00
1771406100000,68169.6,68219.6,68140.0,68140.1,21.63333456,2026-02-18 09:15:00+00:00
1771407000000,68140.1,68246.0,68096.1,68246.0,7.13524529,2026-02-18 09:30:00+00:00
1771407900000,68246.1,68246.1,68120.1,68130.0,4.67771267,2026-02-18 09:45:00+00:00
1771408800000,68130.0,68140.0,68054.2,68139.9,6.34892473,2026-02-18 10:00:00+00:00
1771409700000,68139.9,68139.9,67960.7,67978.9,10.32915756,2026-02-18 10:15:00+00:00
1771410600000,68000.0,68000.0,67716.5,67716.6,6.80995875,2026-02-18 10:30:00+00:00
1771411500000,67739.8,67819.5,67739.8,67754.6,17.28408755,2026-02-18 10:45:00+00:00
1771412400000,67754.7,67769.0,67080.0,67361.3,29.10595063,2026-02-18 11:00:00+00:00
1771413300000,67361.4,67460.0,67230.0,67425.6,10.74787787,2026-02-18 11:15:00+00:00
1771414200000,67425.6,67529.9,67389.3,67504.7,24.26943988,2026-02-18 11:30:00+00:00
1771415100000,67520.0,67554.2,67340.1,67340.1,5.54047269,2026-02-18 11:45:00+00:00
1771416000000,67340.1,67640.0,67340.0,67560.0,20.07376927,2026-02-18 12:00:00+00:00
1771416900000,67560.0,67600.0,67480.0,67546.1,7.72054985,2026-02-18 12:15:00+00:00
1771417800000,67546.1,67559.9,67335.2,67518.7,16.66077977,2026-02-18 12:30:00+00:00
1771418700000,67518.1,67567.8,67424.8,67430.6,7.57430202,2026-02-18 12:45:00+00:00
1771419600000,67430.6,67550.0,67367.3,67520.1,1.89452767,2026-02-18 13:00:00+00:00
1771420500000,67520.1,67560.0,67407.7,67471.3,5.77568759,2026-02-18 13:15:00+00:00
1771421400000,67471.3,67471.3,67221.0,67260.0,5.82751358,2026-02-18 13:30:00+00:00
1771422300000,67260.0,67292.4,67050.0,67212.7,38.44157504,2026-02-18 13:45:00+00:00
1771423200000,67212.8,67340.0,67200.0,67260.0,25.13700254,2026-02-18 14:00:00+00:00
1771424100000,67255.1,67255.1,67041.2,67080.0,20.14293859,2026-02-18 14:15:00+00:00
1771425000000,67080.1,67289.1,66990.0,67088.6,36.57584998,2026-02-18 14:30:00+00:00
1771425900000,67123.6,67280.0,66684.4,67160.1,79.12424408,2026-02-18 14:45:00+00:00
1771426800000,67197.8,67500.0,67197.7,67335.9,32.25507991,2026-02-18 15:00:00+00:00
1771427700000,67340.0,67473.2,67301.6,67303.2,19.49325574,2026-02-18 15:15:00+00:00
1771428600000,67303.7,68310.0,67286.3,68080.0,71.20365246,2026-02-18 15:30:00+00:00
1771429500000,68089.0,68092.9,67611.0,67672.3,77.60719725,2026-02-18 15:45:00+00:00
1771430400000,67672.2,67689.6,66980.0,67048.5,62.79323631,2026-02-18 16:00:00+00:00
1771431300000,67041.5,67322.1,66969.9,67227.6,29.38881132,2026-02-18 16:15:00+00:00
1771432200000,67227.7,67280.0,67032.4,67206.8,73.86008693,2026-02-18 16:30:00+00:00
1771433100000,67204.9,67220.0,67020.0,67118.7,15.9867562,2026-02-18 16:45:00+00:00
1771434000000,67118.7,67448.9,67040.0,67066.9,11.41793913,2026-02-18 17:00:00+00:00
1771434900000,67067.0,67160.0,67040.0,67120.0,11.54482191,2026-02-18 17:15:00+00:00
1771435800000,67120.0,67193.4,67070.7,67075.8,9.02367503,2026-02-18 17:30:00+00:00
1771436700000,67092.2,67174.6,67070.0,67150.5,27.73632404,2026-02-18 17:45:00+00:00
1771437600000,67159.9,67196.7,67070.0,67097.5,14.17748991,2026-02-18 18:00:00+00:00
1771438500000,67097.5,67124.7,66614.8,66845.5,88.64797593,2026-02-18 18:15:00+00:00
1771439400000,66839.3,66921.2,66308.7,66308.7,60.77377998,2026-02-18 18:30:00+00:00
1771440300000,66339.9,66503.1,66192.2,66333.4,83.29348934,2026-02-18 18:45:00+00:00
1771441200000,66326.9,66567.3,66280.1,66347.0,39.31373903,2026-02-18 19:00:00+00:00
1771442100000,66347.1,66420.2,66073.2,66239.9,55.42377735,2026-02-18 19:15:00+00:00
1771443000000,66240.0,66274.2,65838.5,66122.5,98.00514078,2026-02-18 19:30:00+00:00
1771443900000,66122.5,66333.3,66040.1,66143.7,40.07130781,2026-02-18 19:45:00+00:00
1771444800000,66146.3,66306.8,66120.1,66227.4,19.0663661,2026-02-18 20:00:00+00:00
1771445700000,66227.5,66333.3,66126.4,66278.2,51.70265608,2026-02-18 20:15:00+00:00
1771446600000,66268.3,66511.7,66268.3,66400.0,18.19996079,2026-02-18 20:30:00+00:00
1771447500000,66400.0,66492.9,66140.1,66209.9,21.50866536,2026-02-18 20:45:00+00:00
1771448400000,66226.1,66308.6,66071.3,66178.5,161.21899162,2026-02-18 21:00:00+00:00
1771449300000,66178.5,66360.0,66175.1,66360.0,12.1017842,2026-02-18 21:15:00+00:00
1771450200000,66360.0,66454.8,66320.1,66427.0,15.02501652,2026-02-18 21:30:00+00:00
1771451100000,66427.0,66427.0,66250.0,66300.4,8.77359783,2026-02-18 21:45:00+00:00
1771452000000,66303.0,66355.7,66206.9,66220.0,9.577543,2026-02-18 22:00:00+00:00
1771452900000,66220.0,66337.3,66219.9,66297.3,9.8969289,2026-02-18 22:15:00+00:00
1771453800000,66284.9,66420.0,66284.9,66381.8,29.49329613,2026-02-18 22:30:00+00:00
1771454700000,66381.8,66446.7,66370.5,66377.1,9.21397603,2026-02-18 22:45:00+00:00
1771455600000,66377.1,66400.0,66250.0,66320.0,5.80658291,2026-02-18 23:00:00+00:00
1771456500000,66340.0,66358.9,66267.0,66278.5,10.97746052,2026-02-18 23:15:00+00:00
1771457400000,66278.5,66445.5,66278.5,66426.6,9.02023447,2026-02-18 23:30:00+00:00
1771458300000,66435.1,66464.7,66384.4,66425.7,6.81038897,2026-02-18 23:45:00+00:00
1771459200000,66425.7,66537.5,66364.6,66380.1,9.42302506,2026-02-19 00:00:00+00:00
1771460100000,66380.1,66484.3,66309.0,66368.2,5.62675824,2026-02-19 00:15:00+00:00
1771461000000,66368.2,66502.4,66320.1,66502.4,1.41438298,2026-02-19 00:30:00+00:00
1771461900000,66502.3,66518.2,66356.8,66408.7,2.643191,2026-02-19 00:45:00+00:00
1771462800000,66408.7,66725.0,66408.2,66680.1,30.64830721,2026-02-19 01:00:00+00:00
1771463700000,66680.1,66697.0,66512.4,66651.0,3.97544321,2026-02-19 01:15:00+00:00
1771464600000,66664.9,66780.0,66606.4,66772.6,6.93465829,2026-02-19 01:30:00+00:00
1771465500000,66772.6,66839.2,66732.4,66839.2,3.05608703,2026-02-19 01:45:00+00:00
1771466400000,66839.2,66839.2,66740.0,66799.6,2.44410709,2026-02-19 02:00:00+00:00
1771467300000,66799.7,66913.5,66784.6,66913.5,20.41314501,2026-02-19 02:15:00+00:00
1771468200000,66913.5,66913.5,66620.0,66620.0,8.2804522,2026-02-19 02:30:00+00:00
1771469100000,66620.1,66836.3,66620.1,66820.0,10.53574024,2026-02-19 02:45:00+00:00
1771470000000,66809.8,66836.3,66700.1,66755.0,1.7109203,2026-02-19 03:00:00+00:00
1771470900000,66755.0,66929.7,66755.0,66916.3,8.53807259,2026-02-19 03:15:00+00:00
1771471800000,66916.3,66916.3,66828.6,66860.5,9.23447539,2026-02-19 03:30:00+00:00
1771472700000,66860.6,66969.3,66837.9,66953.3,3.61936446,2026-02-19 03:45:00+00:00
1771473600000,66953.4,67021.3,66921.7,66949.9,17.9729618,2026-02-19 04:00:00+00:00
1771474500000,66950.0,66950.0,66820.7,66857.0,6.05780931,2026-02-19 04:15:00+00:00
1771475400000,66857.0,66913.6,66788.8,66788.8,9.11736094,2026-02-19 04:30:00+00:00
1771476300000,66782.7,66840.2,66727.8,66780.1,6.19770162,2026-02-19 04:45:00+00:00
1771477200000,66780.1,66800.0,66666.0,66740.1,2.47039123,2026-02-19 05:00:00+00:00
1771478100000,66740.1,66853.3,66666.1,66706.7,2.64784167,2026-02-19 05:15:00+00:00
1771479000000,66706.7,66780.0,66700.0,66746.3,3.20071919,2026-02-19 05:30:00+00:00
1771479900000,66742.0,66838.9,66700.0,66838.9,1.48594211,2026-02-19 05:45:00+00:00
1771480800000,66838.7,66960.0,66835.3,66960.0,6.41725025,2026-02-19 06:00:00+00:00
1771481700000,66959.9,67183.6,66940.0,67141.5,15.01202417,2026-02-19 06:15:00+00:00
1771482600000,67149.7,67254.9,67071.7,67079.6,109.01057753,2026-02-19 06:30:00+00:00
1771483500000,67079.6,67176.1,67079.6,67105.0,1.73068452,2026-02-19 06:45:00+00:00
1771484400000,67112.3,67181.9,67000.1,67113.3,7.3669929,2026-02-19 07:00:00+00:00
1771485300000,67113.3,67216.0,67113.3,67188.8,4.98632232,2026-02-19 07:15:00+00:00
1771486200000,67187.4,67296.2,67092.0,67154.6,12.42523138,2026-02-19 07:30:00+00:00
1771487100000,67149.5,67180.0,67111.4,67173.0,12.33889904,2026-02-19 07:45:00+00:00
1771488000000,67173.0,67173.6,67009.3,67034.9,7.09804163,2026-02-19 08:00:00+00:00
1771488900000,67023.7,67068.5,66857.1,66876.3,19.33580289,2026-02-19 08:15:00+00:00
1771489800000,66876.3,66920.0,66768.4,66888.1,7.89197348,2026-02-19 08:30:00+00:00
1771490700000,66888.1,66920.0,66817.4,66920.0,3.76160629,2026-02-19 08:45:00+00:00
1771491600000,66936.2,67006.1,66854.4,66997.5,2.59042819,2026-02-19 09:00:00+00:00
1771492500000,66993.7,67145.7,66968.3,67100.0,4.85137075,2026-02-19 09:15:00+00:00
1771493400000,67090.7,67103.6,67020.0,67033.4,1.34581963,2026-02-19 09:30:00+00:00
1771494300000,67033.5,67033.5,66738.5,66810.0,4.87444001,2026-02-19 09:45:00+00:00
1771495200000,66810.1,66883.4,66724.5,66840.7,1.2976542,2026-02-19 10:00:00+00:00
1771496100000,66840.7,66895.1,66832.3,66855.9,0.81574908,2026-02-19 10:15:00+00:00
1771497000000,66840.1,66920.0,66794.3,66919.9,1.8398546,2026-02-19 10:30:00+00:00
1771497900000,66920.0,66920.0,66753.6,66804.0,2.63675423,2026-02-19 10:45:00+00:00
1771498800000,66804.0,66886.4,66800.1,66885.8,5.56706814,2026-02-19 11:00:00+00:00
1771499700000,66885.8,66887.1,66820.2,66820.2,1.62522956,2026-02-19 11:15:00+00:00
1771500600000,66820.2,66820.2,66640.0,66649.8,23.55023286,2026-02-19 11:30:00+00:00
1771501500000,66640.0,66680.0,66447.4,66465.0,11.53797833,2026-02-19 11:45:00+00:00
1771502400000,66465.0,66520.0,66286.3,66520.0,20.10830132,2026-02-19 12:00:00+00:00
1771503300000,66520.0,66640.0,66460.0,66626.6,12.86013191,2026-02-19 12:15:00+00:00
1771504200000,66626.7,66634.0,66455.5,66593.4,14.19797214,2026-02-19 12:30:00+00:00
1771505100000,66593.3,66593.4,66469.5,66486.9,4.06562088,2026-02-19 12:45:00+00:00
1771506000000,66486.9,66529.7,66214.0,66363.6,16.8346272,2026-02-19 13:00:00+00:00
1771506900000,66363.6,66391.3,66126.6,66142.6,39.70712659,2026-02-19 13:15:00+00:00
1771507800000,66142.5,66258.6,65904.8,65955.7,121.8070215,2026-02-19 13:30:00+00:00
1771508700000,65955.6,65967.7,65757.5,65889.9,33.70932403,2026-02-19 13:45:00+00:00
1771509600000,65889.9,66056.1,65813.2,66020.0,44.78963169,2026-02-19 14:00:00+00:00
1771510500000,66020.1,66034.8,65855.7,65940.0,38.10609947,2026-02-19 14:15:00+00:00
1771511400000,65940.0,66306.9,65620.1,66240.1,36.08943923,2026-02-19 14:30:00+00:00
1771512300000,66240.1,66629.3,66080.1,66380.0,83.71901742,2026-02-19 14:45:00+00:00
1771513200000,66380.0,66708.3,66031.5,66038.8,87.79591571,2026-02-19 15:00:00+00:00
1771514100000,66059.9,66356.0,65958.0,66015.7,41.42030768,2026-02-19 15:15:00+00:00
1771515000000,66015.8,66508.6,65960.0,66449.2,51.65597963,2026-02-19 15:30:00+00:00
1771515900000,66449.1,66540.0,66134.6,66382.7,11.87741998,2026-02-19 15:45:00+00:00
1771516800000,66382.7,66382.7,65881.2,66104.5,12.54760654,2026-02-19 16:00:00+00:00
1771517700000,66115.8,66360.0,66096.7,66161.6,15.65453213,2026-02-19 16:15:00+00:00
1771518600000,66161.6,66483.0,66161.6,66391.7,30.37057408,2026-02-19 16:30:00+00:00
1771519500000,66391.3,66420.0,66180.0,66300.0,10.52413371,2026-02-19 16:45:00+00:00
1771520400000,66286.4,66644.4,66240.0,66644.4,11.99463762,2026-02-19 17:00:00+00:00
1771521300000,66644.4,67000.0,66560.0,66620.0,48.22841782,2026-02-19 17:15:00+00:00
1771522200000,66600.1,66680.0,66476.8,66618.6,19.73807316,2026-02-19 17:30:00+00:00
1771523100000,66600.1,66631.3,66152.3,66339.9,29.29503579,2026-02-19 17:45:00+00:00
1771524000000,66340.0,66604.4,66220.0,66604.4,30.59631602,2026-02-19 18:00:00+00:00
1771524900000,66604.4,66875.0,66460.4,66875.0,14.85967364,2026-02-19 18:15:00+00:00
1771525800000,66875.0,66973.1,66682.7,66969.2,30.66194608,2026-02-19 18:30:00+00:00
1771526700000,66969.2,67005.2,66850.8,67003.8,131.78584503,2026-02-19 18:45:00+00:00
1771527600000,67004.6,67170.6,66849.2,66880.1,34.25799269,2026-02-19 19:00:00+00:00
1771528500000,66880.1,67040.0,66836.3,66900.1,7.84016964,2026-02-19 19:15:00+00:00
1771529400000,66900.1,66926.4,66678.3,66854.2,6.71413481,2026-02-19 19:30:00+00:00
1771530300000,66854.2,67093.7,66771.6,67020.0,24.30417854,2026-02-19 19:45:00+00:00
1771531200000,67020.0,67101.8,66923.4,66981.2,23.6851268,2026-02-19 20:00:00+00:00
1771532100000,66967.7,66969.5,66817.3,66920.6,64.35558262,2026-02-19 20:15:00+00:00
1771533000000,66920.6,67000.8,66900.0,66940.0,11.68177714,2026-02-19 20:30:00+00:00
1771533900000,66920.1,67141.9,66920.0,67106.0,43.62961273,2026-02-19 20:45:00+00:00
1771534800000,67107.9,67132.2,67014.3,67026.8,15.1369781,2026-02-19 21:00:00+00:00
1771535700000,67020.1,67040.0,66976.8,67000.0,19.84278554,2026-02-19 21:15:00+00:00
1771536600000,67000.0,67038.0,66952.2,66952.2,5.85605729,2026-02-19 21:30:00+00:00
1771537500000,66947.7,66968.9,66893.6,66898.0,3.0169414,2026-02-19 21:45:00+00:00
1771538400000,66898.0,66898.0,66754.3,66875.0,19.88694202,2026-02-19 22:00:00+00:00
1771539300000,66872.8,66872.8,66755.0,66755.1,10.07565157,2026-02-19 22:15:00+00:00
1771540200000,66755.1,66820.0,66643.4,66820.0,17.42807878,2026-02-19 22:30:00+00:00
1771541100000,66820.0,66960.0,66740.0,66900.0,4.83932017,2026-02-19 22:45:00+00:00
1771542000000,66900.1,66944.0,66790.7,66833.8,8.34990333,2026-02-19 23:00:00+00:00
1771542900000,66833.8,66973.0,66833.8,66958.2,3.22868207,2026-02-19 23:15:00+00:00
1771543800000,66958.1,66960.0,66900.0,66920.1,3.09852904,2026-02-19 23:30:00+00:00
1771544700000,66920.0,66997.9,66890.9,66955.3,2.95362457,2026-02-19 23:45:00+00:00
1771545600000,66955.3,67150.0,66922.9,67150.0,7.73011916,2026-02-20 00:00:00+00:00
1771546500000,67150.0,67436.5,67126.4,67342.4,78.52707351,2026-02-20 00:15:00+00:00
1771547400000,67352.4,67352.4,67242.0,67251.2,17.63062829,2026-02-20 00:30:00+00:00
1771548300000,67251.2,67256.9,67188.8,67215.8,3.23219813,2026-02-20 00:45:00+00:00
1771549200000,67200.1,67300.0,67200.0,67289.6,1.90508405,2026-02-20 01:00:00+00:00
1771550100000,67289.7,67289.7,67125.7,67159.9,5.7084683,2026-02-20 01:15:00+00:00
1771551000000,67159.9,67319.4,67159.9,67297.7,3.03171891,2026-02-20 01:30:00+00:00
1771551900000,67297.6,67297.7,67153.5,67260.0,10.59265864,2026-02-20 01:45:00+00:00
1771552800000,67260.0,67318.7,67220.0,67251.5,7.9715651,2026-02-20 02:00:00+00:00
1771553700000,67251.5,67269.2,67162.8,67168.6,4.06291806,2026-02-20 02:15:00+00:00
1771554600000,67165.3,67280.0,67165.3,67270.4,0.84075648,2026-02-20 02:30:00+00:00
1771555500000,67270.3,67296.4,67220.1,67240.0,5.02389315,2026-02-20 02:45:00+00:00
1771556400000,67225.0,67280.0,67224.9,67256.9,0.56068555,2026-02-20 03:00:00+00:00
1771557300000,67256.9,67432.7,67215.4,67367.1,3.08475236,2026-02-20 03:15:00+00:00
1771558200000,67367.1,67447.5,67292.9,67296.4,7.04895821,2026-02-20 03:30:00+00:00
1771559100000,67296.4,67352.6,67283.3,67340.0,3.39037784,2026-02-20 03:45:00+00:00
1771560000000,67340.0,67358.1,67226.3,67272.1,4.82366957,2026-02-20 04:00:00+00:00
1771560900000,67272.2,67315.0,67081.5,67183.6,10.28811596,2026-02-20 04:15:00+00:00
1771561800000,67183.7,67295.3,67142.0,67246.7,13.29292152,2026-02-20 04:30:00+00:00
1771562700000,67260.0,67260.0,67200.0,67228.7,2.29472426,2026-02-20 04:45:00+00:00
1771563600000,67228.7,67252.9,67177.4,67225.4,3.76628104,2026-02-20 05:00:00+00:00
1771564500000,67225.4,67419.6,67225.3,67357.6,4.96545905,2026-02-20 05:15:00+00:00
1771565400000,67357.7,67903.7,67357.7,67892.7,134.31073948,2026-02-20 05:30:00+00:00
1771566300000,67892.7,67984.6,67716.5,67739.8,32.22033873,2026-02-20 05:45:00+00:00
1771567200000,67739.9,67857.5,67700.1,67833.6,3.45763058,2026-02-20 06:00:00+00:00
1771568100000,67833.6,67856.6,67677.0,67700.1,6.64714689,2026-02-20 06:15:00+00:00
1771569000000,67700.1,67824.3,67643.2,67720.7,28.04482232,2026-02-20 06:30:00+00:00
1771569900000,67720.8,67854.0,67700.0,67815.7,4.95525956,2026-02-20 06:45:00+00:00
1771570800000,67815.7,67827.1,67760.0,67807.7,3.00777321,2026-02-20 07:00:00+00:00
1771571700000,67807.6,67960.0,67807.6,67922.9,1.56830192,2026-02-20 07:15:00+00:00
1771572600000,67922.8,67922.9,67854.2,67872.8,10.5742858,2026-02-20 07:30:00+00:00
1771573500000,67872.9,67893.5,67744.6,67780.0,7.74555663,2026-02-20 07:45:00+00:00
1771574400000,67780.0,67875.2,67779.9,67855.9,2.76426977,2026-02-20 08:00:00+00:00
1771575300000,67855.9,67912.0,67826.9,67835.2,1.00893559,2026-02-20 08:15:00+00:00
1771576200000,67835.2,67873.9,67733.6,67764.5,4.64312764,2026-02-20 08:30:00+00:00
1771577100000,67764.4,67860.0,67764.4,67848.5,1.0383436,2026-02-20 08:45:00+00:00
1771578000000,67848.5,68180.1,67848.5,68101.3,15.18688046,2026-02-20 09:00:00+00:00
1771578900000,68101.3,68182.7,68097.9,68173.4,5.77119382,2026-02-20 09:15:00+00:00
1771579800000,68173.8,68184.0,68100.0,68117.4,7.70315982,2026-02-20 09:30:00+00:00
1771580700000,68117.4,68200.0,68117.3,68192.4,57.89271088,2026-02-20 09:45:00+00:00
1771581600000,68190.6,68266.3,68089.7,68153.6,16.19296239,2026-02-20 10:00:00+00:00
1771582500000,68153.3,68265.0,68116.5,68252.6,4.07830381,2026-02-20 10:15:00+00:00
1771583400000,68252.7,68257.3,68136.5,68136.5,3.78640045,2026-02-20 10:30:00+00:00
1771584300000,68136.6,68140.1,67849.0,67898.8,17.28823273,2026-02-20 10:45:00+00:00
1771585200000,67898.9,67950.0,67777.1,67842.0,6.34527664,2026-02-20 11:00:00+00:00
1771586100000,67841.9,67842.0,67768.7,67842.0,3.44604948,2026-02-20 11:15:00+00:00
1771587000000,67842.0,67856.4,67408.1,67420.3,27.47023387,2026-02-20 11:30:00+00:00
1771587900000,67420.2,67571.2,67263.6,67286.6,9.8586601,2026-02-20 11:45:00+00:00
1771588800000,67286.7,67468.2,67263.0,67463.1,21.87531726,2026-02-20 12:00:00+00:00
1771589700000,67463.2,67509.6,67255.5,67299.7,13.04022268,2026-02-20 12:15:00+00:00
1771590600000,67299.2,67469.9,67299.1,67463.4,1.66236631,2026-02-20 12:30:00+00:00
1771591500000,67463.5,67555.5,67450.0,67508.9,15.61156731,2026-02-20 12:45:00+00:00
1771592400000,67508.9,67508.9,67070.0,67120.1,26.06781278,2026-02-20 13:00:00+00:00
1771593300000,67117.2,67219.9,67000.0,67184.9,102.39630929,2026-02-20 13:15:00+00:00
1771594200000,67184.9,67184.9,66450.0,66593.5,115.22884109,2026-02-20 13:30:00+00:00
1771595100000,66593.5,66908.8,66593.4,66780.6,37.20417967,2026-02-20 13:45:00+00:00
1771596000000,66780.6,66982.9,66760.0,66884.6,15.67982196,2026-02-20 14:00:00+00:00
1771596900000,66884.6,67057.1,66657.5,66980.1,48.35214264,2026-02-20 14:15:00+00:00
1771597800000,66979.4,67295.7,66840.1,67060.0,108.50148776,2026-02-20 14:30:00+00:00
1771598700000,67060.0,67120.0,66868.7,67060.1,22.25354543,2026-02-20 14:45:00+00:00
1771599600000,67060.1,68000.0,66873.7,66873.7,215.89813326,2026-02-20 15:00:00+00:00
1771600500000,66873.7,67538.0,66540.5,67420.0,39.42551876,2026-02-20 15:15:00+00:00
1771601400000,67439.9,67439.9,66926.4,67216.0,32.04706172,2026-02-20 15:30:00+00:00
1771602300000,67216.0,67639.9,67150.0,67585.7,53.27451747,2026-02-20 15:45:00+00:00
1771603200000,67570.9,67788.7,67500.0,67717.5,57.08601014,2026-02-20 16:00:00+00:00
1771604100000,67717.6,67887.4,67290.8,67306.5,22.02879599,2026-02-20 16:15:00+00:00
1771605000000,67306.5,67500.7,67280.1,67480.1,16.0915364,2026-02-20 16:30:00+00:00
1771605900000,67480.1,67878.8,67480.0,67799.8,44.16799748,2026-02-20 16:45:00+00:00
1771606800000,67780.1,67780.1,67038.8,67048.5,51.27716308,2026-02-20 17:00:00+00:00
1771607700000,67048.4,67220.0,67008.1,67008.2,25.31774078,2026-02-20 17:15:00+00:00
1771608600000,67008.2,67300.0,66965.1,67240.1,161.47141707,2026-02-20 17:30:00+00:00
1771609500000,67240.0,67643.4,67084.4,67591.0,86.04922336,2026-02-20 17:45:00+00:00
1771610400000,67591.0,67748.9,67469.3,67529.8,25.59388295,2026-02-20 18:00:00+00:00
1771611300000,67552.4,67654.9,67447.4,67650.3,11.32196615,2026-02-20 18:15:00+00:00
1771612200000,67650.3,67962.0,67529.9,67760.0,63.57492874,2026-02-20 18:30:00+00:00
1771613100000,67760.0,67944.4,67682.8,67904.3,45.51895058,2026-02-20 18:45:00+00:00
1771614000000,67904.3,67978.4,67660.0,67676.7,59.07459364,2026-02-20 19:00:00+00:00
1771614900000,67679.1,67759.8,67554.2,67584.4,15.21196172,2026-02-20 19:15:00+00:00
1771615800000,67584.3,67800.0,67530.4,67580.0,15.53857925,2026-02-20 19:30:00+00:00
1771616700000,67580.0,67680.0,67555.7,67619.9,22.48151212,2026-02-20 19:45:00+00:00
1771617600000,67619.9,67798.1,67619.8,67794.8,20.14637518,2026-02-20 20:00:00+00:00
1771618500000,67794.8,67794.8,67560.0,67560.1,6.70839636,2026-02-20 20:15:00+00:00
1771619400000,67560.0,67700.0,67519.3,67700.0,4.10335195,2026-02-20 20:30:00+00:00
1771620300000,67700.0,67729.8,67620.0,67722.0,7.38440053,2026-02-20 20:45:00+00:00
1771621200000,67721.9,67779.1,67620.7,67690.3,5.80684026,2026-02-20 21:00:00+00:00
1771622100000,67690.3,67726.2,67643.8,67717.8,6.48438954,2026-02-20 21:15:00+00:00
1771623000000,67717.8,67800.0,67685.6,67750.0,10.96961272,2026-02-20 21:30:00+00:00
1771623900000,67750.1,67800.0,67698.0,67787.9,13.6494126,2026-02-20 21:45:00+00:00
1771624800000,67787.9,67789.8,67625.3,67640.0,4.9424071,2026-02-20 22:00:00+00:00
1771625700000,67640.0,67979.0,67640.0,67920.1,16.12825857,2026-02-20 22:15:00+00:00
1771626600000,67920.1,68092.9,67880.6,67942.9,168.29203134,2026-02-20 22:30:00+00:00
1771627500000,67943.0,68050.0,67909.2,68050.0,72.40635326,2026-02-20 22:45:00+00:00
1771628400000,68050.0,68200.5,67988.0,67996.6,131.48951688,2026-02-20 23:00:00+00:00
1771629300000,67996.6,68024.6,67940.1,67990.3,6.85762703,2026-02-20 23:15:00+00:00
1771630200000,67980.1,68000.0,67900.0,67930.0,6.89832006,2026-02-20 23:30:00+00:00
1771631100000,67930.0,68004.8,67930.0,67998.2,3.73810869,2026-02-20 23:45:00+00:00
1771632000000,67998.2,68006.3,67925.5,67980.0,3.25286875,2026-02-21 00:00:00+00:00
1771632900000,67980.1,67980.1,67868.4,67900.9,16.94963384,2026-02-21 00:15:00+00:00
1771633800000,67899.3,67899.3,67826.0,67826.0,6.59972978,2026-02-21 00:30:00+00:00
1771634700000,67820.1,67843.7,67786.0,67801.1,14.35863129,2026-02-21 00:45:00+00:00
1771635600000,67801.1,67880.0,67801.0,67880.0,1.92987991,2026-02-21 01:00:00+00:00
1771636500000,67880.0,67880.0,67857.8,67857.8,1.5195455,2026-02-21 01:15:00+00:00
1771637400000,67852.0,67960.0,67838.1,67960.0,1.71478212,2026-02-21 01:30:00+00:00
1771638300000,67959.9,67960.0,67940.0,67940.1,0.73263927,2026-02-21 01:45:00+00:00
1771639200000,67940.1,67994.1,67900.0,67988.5,3.03749399,2026-02-21 02:00:00+00:00
1771640100000,67980.0,68033.3,67955.3,68033.3,2.26012409,2026-02-21 02:15:00+00:00
1771641000000,68033.3,68069.6,68004.0,68033.9,7.67893779,2026-02-21 02:30:00+00:00
1771641900000,68038.2,68038.2,67972.6,67980.0,0.57124167,2026-02-21 02:45:00+00:00
1771642800000,67980.1,67980.1,67664.8,67760.0,13.56944955,2026-02-21 03:00:00+00:00
1771643700000,67759.9,67791.5,67732.3,67784.8,4.23776306,2026-02-21 03:15:00+00:00
1771644600000,67784.8,67798.8,67538.0,67600.0,7.1990121,2026-02-21 03:30:00+00:00
1771645500000,67600.0,67642.8,67565.7,67642.7,3.6113766,2026-02-21 03:45:00+00:00
1771646400000,67642.8,67660.0,67590.9,67659.9,1.79127029,2026-02-21 04:00:00+00:00
1771647300000,67659.9,67680.0,67577.6,67680.0,1.98182531,2026-02-21 04:15:00+00:00
1771648200000,67679.9,67731.1,67679.9,67719.8,1.34778763,2026-02-21 04:30:00+00:00
1771649100000,67689.1,67818.0,67689.0,67796.8,3.19898969,2026-02-21 04:45:00+00:00
1771650000000,67796.9,67840.0,67796.8,67809.6,0.52184138,2026-02-21 05:00:00+00:00
1771650900000,67809.6,67844.7,67802.7,67839.8,4.1364369,2026-02-21 05:15:00+00:00
1771651800000,67839.9,67860.0,67796.9,67838.9,3.91097188,2026-02-21 05:30:00+00:00
1771652700000,67838.9,67850.0,67817.5,67823.5,2.08223629,2026-02-21 05:45:00+00:00
1771653600000,67823.5,67900.0,67823.5,67900.0,1.27862157,2026-02-21 06:00:00+00:00
1771654500000,67900.0,67900.0,67863.7,67863.9,1.79660836,2026-02-21 06:15:00+00:00
1771655400000,67863.9,67863.9,67738.7,67768.5,1.96256956,2026-02-21 06:30:00+00:00
1771656300000,67768.6,67768.6,67731.3,67759.9,5.16891165,2026-02-21 06:45:00+00:00
1771657200000,67760.0,67834.0,67736.4,67806.3,3.04248024,2026-02-21 07:00:00+00:00
1771658100000,67806.4,67820.0,67801.8,67820.0,0.79807039,2026-02-21 07:15:00+00:00
1771659000000,67819.9,67848.3,67812.5,67822.5,5.54092483,2026-02-21 07:30:00+00:00
1771659900000,67822.5,67837.3,67822.5,67835.2,0.91608688,2026-02-21 07:45:00+00:00
1771660800000,67835.2,67871.9,67812.4,67871.9,14.59028671,2026-02-21 08:00:00+00:00
1771661700000,67871.9,67952.6,67871.8,67952.6,1.98836942,2026-02-21 08:15:00+00:00
1771662600000,67952.6,67977.0,67925.4,67977.0,25.75573794,2026-02-21 08:30:00+00:00
1771663500000,67977.0,68048.0,67952.3,68048.0,5.23694367,2026-02-21 08:45:00+00:00
1771664400000,68048.0,68048.0,67960.0,67960.0,1.0833062,2026-02-21 09:00:00+00:00
1771665300000,67960.1,68240.0,67960.0,68201.3,8.84820606,2026-02-21 09:15:00+00:00
1771666200000,68201.2,68266.1,68120.0,68180.1,7.10754186,2026-02-21 09:30:00+00:00
1771667100000,68180.0,68194.9,68134.3,68134.4,23.69898124,2026-02-21 09:45:00+00:00
1771668000000,68134.4,68221.6,68134.4,68152.8,12.6177758,2026-02-21 10:00:00+00:00
1771668900000,68152.7,68190.7,68126.3,68190.7,6.56400208,2026-02-21 10:15:00+00:00
1771669800000,68190.7,68194.0,68172.7,68184.4,11.22532111,2026-02-21 10:30:00+00:00
1771670700000,68200.0,68200.0,68157.0,68175.4,17.25124649,2026-02-21 10:45:00+00:00
1771671600000,68175.4,68240.0,68175.3,68224.6,3.27520687,2026-02-21 11:00:00+00:00
1771672500000,68224.6,68248.7,68160.7,68177.7,13.26408509,2026-02-21 11:15:00+00:00
1771673400000,68177.6,68177.6,68075.2,68087.0,6.53831519,2026-02-21 11:30:00+00:00
1771674300000,68084.5,68100.8,68066.2,68066.3,2.22057384,2026-02-21 11:45:00+00:00
1771675200000,68066.3,68106.7,67956.9,67956.9,1.84134551,2026-02-21 12:00:00+00:00
1771676100000,67957.0,67980.0,67950.0,67950.1,6.1142519,2026-02-21 12:15:00+00:00
1771677000000,67950.0,67996.6,67905.4,67996.6,2.01709305,2026-02-21 12:30:00+00:00
1771677900000,67996.6,68178.4,67996.5,68178.3,1.17167583,2026-02-21 12:45:00+00:00
1771678800000,68178.3,68180.0,68120.8,68121.7,1.37150874,2026-02-21 13:00:00+00:00
1771679700000,68121.8,68218.0,68105.0,68216.5,2.28222731,2026-02-21 13:15:00+00:00
1771680600000,68216.5,68216.5,68162.1,68162.1,0.91548768,2026-02-21 13:30:00+00:00
1771681500000,68162.2,68222.0,68136.9,68221.9,9.20545154,2026-02-21 13:45:00+00:00
1771682400000,68222.0,68224.0,68160.3,68220.0,30.58852011,2026-02-21 14:00:00+00:00
1771683300000,68230.1,68653.3,68210.0,68424.3,64.99806727,2026-02-21 14:15:00+00:00
1771684200000,68424.3,68590.0,68400.0,68513.2,10.99254702,2026-02-21 14:30:00+00:00
1771685100000,68517.5,68559.6,68422.5,68428.5,8.29940246,2026-02-21 14:45:00+00:00
1771686000000,68423.7,68496.7,68407.0,68479.9,2.99196789,2026-02-21 15:00:00+00:00
1771686900000,68480.0,68549.9,68440.0,68440.0,7.08284058,2026-02-21 15:15:00+00:00
1771687800000,68440.0,68672.0,68400.0,68636.3,18.19321037,2026-02-21 15:30:00+00:00
1771688700000,68618.1,68678.8,68580.1,68622.6,12.31371238,2026-02-21 15:45:00+00:00
1771689600000,68600.1,68600.1,68292.7,68337.4,323.15977665,2026-02-21 16:00:00+00:00
1771690500000,68337.4,68337.4,68079.0,68256.4,24.03207918,2026-02-21 16:15:00+00:00
1771691400000,68256.4,68331.0,68123.3,68313.9,6.74398194,2026-02-21 16:30:00+00:00
1771692300000,68335.8,68338.7,68295.0,68301.1,3.02773137,2026-02-21 16:45:00+00:00
1771693200000,68307.3,68331.4,68184.6,68270.4,3.53073067,2026-02-21 17:00:00+00:00
1771694100000,68270.4,68300.0,68206.6,68280.9,7.25214014,2026-02-21 17:15:00+00:00
1771695000000,68280.9,68445.5,68260.1,68423.5,3.29564046,2026-02-21 17:30:00+00:00
1771695900000,68423.4,68438.1,68392.0,68400.1,1.23116961,2026-02-21 17:45:00+00:00
1771696800000,68400.1,68423.1,68382.9,68402.1,4.04871398,2026-02-21 18:00:00+00:00
1771697700000,68402.1,68517.5,68402.0,68480.1,10.40399593,2026-02-21 18:15:00+00:00
1771698600000,68480.1,68553.3,68480.0,68529.5,23.82324365,2026-02-21 18:30:00+00:00
1771699500000,68530.1,68600.0,68480.0,68543.0,26.4225964,2026-02-21 18:45:00+00:00
1771700400000,68543.0,68600.0,68520.1,68578.6,139.68383944,2026-02-21 19:00:00+00:00
1771701300000,68578.6,68596.1,68540.1,68575.4,2.32561444,2026-02-21 19:15:00+00:00
1771702200000,68564.5,68600.0,68558.8,68589.3,23.95399895,2026-02-21 19:30:00+00:00
1771703100000,68593.0,68593.0,68499.7,68519.6,5.03943644,2026-02-21 19:45:00+00:00
1771704000000,68519.6,68519.6,68480.0,68484.8,2.51887362,2026-02-21 20:00:00+00:00
1771704900000,68480.1,68580.3,68480.0,68562.2,4.20608459,2026-02-21 20:15:00+00:00
1771705800000,68562.1,68562.2,68321.3,68367.6,22.54205032,2026-02-21 20:30:00+00:00
1771706700000,68367.7,68392.7,68189.4,68197.8,18.93921458,2026-02-21 20:45:00+00:00
1771707600000,68197.7,68320.0,68166.7,68264.7,8.01564528,2026-02-21 21:00:00+00:00
1771708500000,68264.7,68345.7,68264.6,68340.0,17.01266177,2026-02-21 21:15:00+00:00
1771709400000,68339.9,68340.0,68270.6,68270.7,15.97285367,2026-02-21 21:30:00+00:00
1771710300000,68270.7,68360.0,68270.7,68359.9,1.28149089,2026-02-21 21:45:00+00:00
1771711200000,68359.9,68407.7,68225.0,68238.1,6.01411999,2026-02-21 22:00:00+00:00
1771712100000,68242.5,68296.6,68242.5,68270.3,1.58229236,2026-02-21 22:15:00+00:00
1771713000000,68260.1,68260.1,67936.3,68076.7,26.32439491,2026-02-21 22:30:00+00:00
1771713900000,68076.7,68145.9,67879.2,67962.8,12.79139235,2026-02-21 22:45:00+00:00
1771714800000,67962.9,67994.6,67927.7,67956.5,3.69235536,2026-02-21 23:00:00+00:00
1771715700000,67952.7,68070.8,67952.6,68068.1,2.47220802,2026-02-21 23:15:00+00:00
1771716600000,68068.2,68094.7,68054.4,68068.3,2.04808191,2026-02-21 23:30:00+00:00
1771717500000,68060.0,68060.0,67950.2,67966.6,10.6527052,2026-02-21 23:45:00+00:00
1771718400000,67966.7,68006.7,67926.6,68005.0,35.8528419,2026-02-22 00:00:00+00:00
1771719300000,68005.0,68030.4,67800.0,67829.0,18.15577422,2026-02-22 00:15:00+00:00
1771720200000,67838.1,67888.4,67838.1,67840.1,6.91263344,2026-02-22 00:30:00+00:00
1771721100000,67840.0,67920.0,67840.0,67919.9,4.6300392,2026-02-22 00:45:00+00:00
1771722000000,67920.0,68036.8,67919.9,68000.0,5.11267017,2026-02-22 01:00:00+00:00
1771722900000,68000.1,68095.5,68000.0,68090.4,6.61893218,2026-02-22 01:15:00+00:00
1771723800000,68090.4,68119.5,68021.2,68084.5,8.90328897,2026-02-22 01:30:00+00:00
1771724700000,68091.2,68140.0,68078.2,68109.0,0.74594406,2026-02-22 01:45:00+00:00
1771725600000,68129.9,68180.8,68106.0,68166.1,1.9756465,2026-02-22 02:00:00+00:00
1771726500000,68187.9,68187.9,68040.0,68045.9,3.47486266,2026-02-22 02:15:00+00:00
1771727400000,68045.9,68075.7,67967.0,67978.2,15.75126114,2026-02-22 02:30:00+00:00
1771728300000,67978.1,68000.0,67864.6,67892.5,8.39076977,2026-02-22 02:45:00+00:00
1771729200000,67892.6,67996.0,67889.5,67995.9,1.12793387,2026-02-22 03:00:00+00:00
1771730100000,67996.0,68000.1,67820.0,67959.8,8.11159089,2026-02-22 03:15:00+00:00
1771731000000,67959.8,67959.9,67890.0,67959.9,2.03916249,2026-02-22 03:30:00+00:00
1771731900000,67959.9,68030.0,67935.9,68019.0,2.19932452,2026-02-22 03:45:00+00:00
1771732800000,68019.1,68058.8,68019.0,68058.8,21.70236839,2026-02-22 04:00:00+00:00
1771733700000,68045.1,68045.1,67962.5,68000.6,2.12987671,2026-02-22 04:15:00+00:00
1771734600000,68000.6,68009.7,67960.0,67960.1,0.85286213,2026-02-22 04:30:00+00:00
1771735500000,67960.1,67976.8,67960.1,67961.4,1.95240175,2026-02-22 04:45:00+00:00
1771736400000,67961.5,67982.3,67866.4,67868.5,2.19724886,2026-02-22 05:00:00+00:00
1771737300000,67868.5,67933.0,67868.5,67927.3,1.05369109,2026-02-22 05:15:00+00:00
1771738200000,67927.4,67927.4,67907.5,67919.5,1.84620414,2026-02-22 05:30:00+00:00
1771739100000,67919.4,67940.0,67874.2,67939.9,1.42448769,2026-02-22 05:45:00+00:00
1771740000000,67940.0,68020.0,67939.9,68006.1,0.62313961,2026-02-22 06:00:00+00:00
1771740900000,68023.6,68155.7,68016.7,68090.9,23.53670762,2026-02-22 06:15:00+00:00
1771741800000,68092.2,68133.4,68040.1,68046.5,5.07378629,2026-02-22 06:30:00+00:00
1771742700000,68046.4,68060.4,68033.1,68033.7,0.49490524,2026-02-22 06:45:00+00:00
1771743600000,68033.7,68033.7,67974.0,68006.7,2.99655276,2026-02-22 07:00:00+00:00
1771744500000,68006.7,68011.9,67986.4,68011.9,3.00062382,2026-02-22 07:15:00+00:00
1771745400000,68011.9,68080.3,68011.8,68079.9,4.50586978,2026-02-22 07:30:00+00:00
1771746300000,68079.9,68080.0,68000.0,68000.1,3.1958198,2026-02-22 07:45:00+00:00
1771747200000,68000.1,68000.1,67967.9,67998.9,0.58721479,2026-02-22 08:00:00+00:00
1771748100000,67973.4,67988.2,67918.5,67918.6,1.06379695,2026-02-22 08:15:00+00:00
1771749000000,67939.4,67978.0,67920.1,67950.2,1.56937036,2026-02-22 08:30:00+00:00
1771749900000,67950.2,67967.5,67927.3,67960.0,3.83654178,2026-02-22 08:45:00+00:00
1771750800000,67948.1,68000.0,67948.0,68000.0,1.84145832,2026-02-22 09:00:00+00:00
1771751700000,68020.0,68020.0,67997.8,68005.5,1.09461384,2026-02-22 09:15:00+00:00
1771752600000,68005.6,68038.0,67980.0,68037.9,6.39853598,2026-02-22 09:30:00+00:00
1771753500000,68038.0,68077.4,68038.0,68060.0,20.43515774,2026-02-22 09:45:00+00:00
1771754400000,68060.1,68060.1,68010.1,68030.3,6.21859074,2026-02-22 10:00:00+00:00
1771755300000,68030.3,68112.6,68025.3,68080.0,2.47465922,2026-02-22 10:15:00+00:00
1771756200000,68080.1,68118.4,68080.0,68084.9,3.16472986,2026-02-22 10:30:00+00:00
1771757100000,68085.0,68124.4,68084.9,68124.3,3.11176078,2026-02-22 10:45:00+00:00
1771758000000,68124.4,68214.0,68124.3,68199.0,2.83563123,2026-02-22 11:00:00+00:00
1771758900000,68199.0,68214.0,68172.5,68198.8,4.14381434,2026-02-22 11:15:00+00:00
1771759800000,68198.8,68214.5,68160.0,68164.5,1.35640328,2026-02-22 11:30:00+00:00
1771760700000,68164.5,68197.6,68164.4,68195.2,4.83057074,2026-02-22 11:45:00+00:00
1771761600000,68195.2,68202.1,67976.1,67992.5,9.74031354,2026-02-22 12:00:00+00:00
1771762500000,67993.6,68064.3,67987.9,68056.1,7.98291161,2026-02-22 12:15:00+00:00
1771763400000,68056.2,68056.2,67900.0,67900.0,16.00940855,2026-02-22 12:30:00+00:00
1771764300000,67900.1,67972.9,67900.0,67934.9,73.22297949,2026-02-22 12:45:00+00:00
1771765200000,67935.0,68000.0,67934.9,67970.0,3.20565387,2026-02-22 13:00:00+00:00
1771766100000,67970.0,68000.0,67928.2,67928.3,1.46183187,2026-02-22 13:15:00+00:00
1771767000000,67928.2,67928.4,67561.3,67599.9,127.24638977,2026-02-22 13:30:00+00:00
1771767900000,67600.0,67696.4,67593.3,67634.1,15.14690272,2026-02-22 13:45:00+00:00
1771768800000,67634.1,67637.1,67488.3,67637.0,26.87179007,2026-02-22 14:00:00+00:00
1771769700000,67637.1,67658.9,67563.1,67595.1,18.84997864,2026-02-22 14:15:00+00:00
1771770600000,67595.1,67663.0,67390.7,67399.7,10.13104013,2026-02-22 14:30:00+00:00
1771771500000,67404.3,67549.5,67348.7,67430.9,126.22359153,2026-02-22 14:45:00+00:00
1771772400000,67431.0,67459.8,67285.1,67420.0,9.75052032,2026-02-22 15:00:00+00:00
1771773300000,67420.0,67568.1,67331.7,67560.0,10.74056118,2026-02-22 15:15:00+00:00
1771774200000,67560.0,67785.9,67540.0,67747.7,9.08217883,2026-02-22 15:30:00+00:00
1771775100000,67747.8,67789.7,67657.0,67668.2,18.06914884,2026-02-22 15:45:00+00:00
1771776000000,67668.2,67668.2,67573.1,67575.0,95.31154155,2026-02-22 16:00:00+00:00
1771776900000,67575.0,67600.8,67533.5,67540.0,14.31936964,2026-02-22 16:15:00+00:00
1771777800000,67530.2,67559.2,67494.6,67540.0,7.10398933,2026-02-22 16:30:00+00:00
1771778700000,67539.9,67615.6,67539.9,67614.6,1.11979402,2026-02-22 16:45:00+00:00
1771779600000,67614.6,67614.6,67522.2,67574.5,3.79755605,2026-02-22 17:00:00+00:00
1771780500000,67574.5,67574.5,67481.5,67481.5,2.43792481,2026-02-22 17:15:00+00:00
1771781400000,67481.6,67512.6,67180.0,67256.7,42.13436323,2026-02-22 17:30:00+00:00
1771782300000,67256.7,67360.0,67256.6,67328.6,17.35657406,2026-02-22 17:45:00+00:00
1771783200000,67358.5,67400.0,67320.0,67400.0,4.81976718,2026-02-22 18:00:00+00:00
1771784100000,67399.9,67432.6,67309.9,67310.0,8.05533331,2026-02-22 18:15:00+00:00
1771785000000,67310.0,67358.1,67301.9,67357.8,1.30649893,2026-02-22 18:30:00+00:00
1771785900000,67357.9,67435.8,67357.8,67413.5,4.24589634,2026-02-22 18:45:00+00:00
1771786800000,67413.5,67450.0,67374.6,67402.2,4.16395954,2026-02-22 19:00:00+00:00
1771787700000,67402.3,67423.3,67380.1,67383.7,2.83188199,2026-02-22 19:15:00+00:00
1771788600000,67383.7,67447.3,67383.6,67435.3,4.85302569,2026-02-22 19:30:00+00:00
1771789500000,67435.4,67436.7,67380.0,67389.1,17.30985817,2026-02-22 19:45:00+00:00
1771790400000,67389.1,67420.0,67327.2,67351.6,30.86751646,2026-02-22 20:00:00+00:00
1771791300000,67351.6,67440.8,67351.5,67406.4,10.48963729,2026-02-22 20:15:00+00:00
1771792200000,67406.3,67413.1,67360.8,67385.2,17.1411715,2026-02-22 20:30:00+00:00
1771793100000,67385.2,67446.7,67321.1,67350.9,14.25088297,2026-02-22 20:45:00+00:00
1771794000000,67350.9,67442.6,67350.9,67401.8,10.4956751,2026-02-22 21:00:00+00:00
1771794900000,67401.7,67460.0,67401.7,67435.0,18.70685153,2026-02-22 21:15:00+00:00
1771795800000,67435.1,67576.7,67435.1,67570.1,4.05226418,2026-02-22 21:30:00+00:00
1771796700000,67570.1,67594.7,67554.5,67590.7,6.60978442,2026-02-22 21:45:00+00:00
1771797600000,67590.7,67590.7,67461.8,67480.9,11.07750752,2026-02-22 22:00:00+00:00
1771798500000,67480.8,67642.0,67480.8,67566.2,4.51822553,2026-02-22 22:15:00+00:00
1771799400000,67566.2,67667.8,67532.5,67651.4,3.29199506,2026-02-22 22:30:00+00:00
1771800300000,67640.1,67709.1,67640.1,67653.6,1.92902751,2026-02-22 22:45:00+00:00
1771801200000,67653.7,67680.0,67469.0,67469.0,3.37438354,2026-02-22 23:00:00+00:00
1771802100000,67469.0,67579.6,67447.0,67579.6,4.60626054,2026-02-22 23:15:00+00:00
1771803000000,67579.5,67579.5,67464.5,67464.6,1.72661396,2026-02-22 23:30:00+00:00
1771803900000,67464.6,67684.7,67464.5,67612.1,6.83246349,2026-02-22 23:45:00+00:00
1771804800000,67612.1,67653.3,67560.7,67599.9,17.11266545,2026-02-23 00:00:00+00:00
1771805700000,67592.6,67598.9,67369.4,67436.3,13.88110434,2026-02-23 00:15:00+00:00
1771806600000,67436.3,67436.3,67166.2,67166.3,17.85702127,2026-02-23 00:30:00+00:00
1771807500000,67166.2,67166.2,66701.3,66715.4,66.76022364,2026-02-23 00:45:00+00:00
1771808400000,66715.4,66715.4,65267.4,65488.6,281.1531709,2026-02-23 01:00:00+00:00
1771809300000,65488.5,65488.5,65000.0,65060.0,117.05939683,2026-02-23 01:15:00+00:00
1771810200000,65050.1,65363.4,65004.0,65130.1,46.97840365,2026-02-23 01:30:00+00:00
1771811100000,65130.1,65159.2,64203.2,64417.4,175.5111871,2026-02-23 01:45:00+00:00
1771812000000,64410.7,64779.0,64334.3,64719.0,34.02297273,2026-02-23 02:00:00+00:00
1771812900000,64736.3,64802.2,64520.1,64739.9,30.72025455,2026-02-23 02:15:00+00:00
1771813800000,64740.0,64886.7,64680.0,64829.1,17.19779296,2026-02-23 02:30:00+00:00
1771814700000,64825.6,64878.6,64701.7,64774.2,18.7365043,2026-02-23 02:45:00+00:00
1771815600000,64774.3,65025.0,64774.2,64928.9,13.82325729,2026-02-23 03:00:00+00:00
1771816500000,64928.8,64928.8,64688.5,64750.1,21.03806473,2026-02-23 03:15:00+00:00
1771817400000,64750.0,64980.0,64720.0,64980.0,14.42474471,2026-02-23 03:30:00+00:00
1771818300000,64980.0,64995.0,64910.5,64940.1,18.05278029,2026-02-23 03:45:00+00:00
1771819200000,64940.1,65012.6,64820.1,65012.6,11.6972746,2026-02-23 04:00:00+00:00
1771820100000,65012.6,65012.6,64711.5,64756.1,8.8944722,2026-02-23 04:15:00+00:00
1771821000000,64756.0,64798.7,64679.9,64713.8,7.83791096,2026-02-23 04:30:00+00:00
1771821900000,64713.7,64810.1,64693.1,64810.1,9.09903388,2026-02-23 04:45:00+00:00
1771822800000,64810.1,65126.6,64810.0,65073.4,118.74156653,2026-02-23 05:00:00+00:00
1771823700000,65073.4,65201.3,64923.0,65026.5,14.56084199,2026-02-23 05:15:00+00:00
1771824600000,65026.4,65091.5,64991.7,64999.1,41.79594755,2026-02-23 05:30:00+00:00
1771825500000,64999.1,65062.6,64943.2,65039.9,14.99562903,2026-02-23 05:45:00+00:00
1771826400000,65040.0,65342.7,65024.2,65338.3,13.5682218,2026-02-23 06:00:00+00:00
1771827300000,65338.3,65445.0,65300.0,65300.0,17.58677551,2026-02-23 06:15:00+00:00
1771828200000,65300.1,65636.5,65269.8,65518.0,13.82854121,2026-02-23 06:30:00+00:00
1771829100000,65517.9,65770.4,65517.9,65749.7,11.49887087,2026-02-23 06:45:00+00:00
1771830000000,65749.7,65873.5,65701.2,65780.0,125.18711161,2026-02-23 07:00:00+00:00
1771830900000,65780.1,65836.7,65654.5,65696.7,64.64199471,2026-02-23 07:15:00+00:00
1771831800000,65691.2,65983.7,65675.6,65940.0,8.91161571,2026-02-23 07:30:00+00:00
1771832700000,65940.0,65973.4,65894.8,65943.6,4.56266269,2026-02-23 07:45:00+00:00
1771833600000,65943.6,65943.6,65707.3,65832.3,14.79715535,2026-02-23 08:00:00+00:00
1771834500000,65832.3,65863.4,65613.7,65690.2,3.89277865,2026-02-23 08:15:00+00:00
1771835400000,65690.1,65720.0,65583.2,65613.0,4.29093176,2026-02-23 08:30:00+00:00
1771836300000,65613.1,65673.6,65580.0,65672.1,5.88924881,2026-02-23 08:45:00+00:00
1771837200000,65672.1,65818.3,65672.0,65801.2,9.7165241,2026-02-23 09:00:00+00:00
1771838100000,65801.3,65859.7,65719.9,65854.1,23.09181041,2026-02-23 09:15:00+00:00
1771839000000,65854.0,66309.4,65834.5,66266.1,28.8217267,2026-02-23 09:30:00+00:00
1771839900000,66266.1,66428.8,66250.0,66400.1,9.73792933,2026-02-23 09:45:00+00:00
1771840800000,66396.8,66562.5,66303.6,66303.6,36.80987934,2026-02-23 10:00:00+00:00
1771841700000,66303.6,66479.0,66268.5,66349.3,4.8665056,2026-02-23 10:15:00+00:00
1771842600000,66349.4,66375.5,66232.0,66340.1,7.62134613,2026-02-23 10:30:00+00:00
1771843500000,66340.1,66407.0,66246.6,66315.6,7.08178247,2026-02-23 10:45:00+00:00
1771844400000,66315.6,66361.7,66260.3,66358.4,13.89037622,2026-02-23 11:00:00+00:00
1771845300000,66358.4,66476.5,66315.4,66315.6,17.94146085,2026-02-23 11:15:00+00:00
1771846200000,66315.6,66315.6,66118.7,66121.5,17.60297241,2026-02-23 11:30:00+00:00
1771847100000,66121.6,66212.4,66120.0,66199.9,5.89487055,2026-02-23 11:45:00+00:00
1771848000000,66199.9,66232.0,66157.2,66219.4,7.73770579,2026-02-23 12:00:00+00:00
1771848900000,66219.5,66225.8,66059.1,66135.4,23.99426368,2026-02-23 12:15:00+00:00
1771849800000,66135.5,66476.5,65907.4,66420.1,20.66532785,2026-02-23 12:30:00+00:00
1771850700000,66420.1,66513.4,66243.4,66260.5,4.40653,2026-02-23 12:45:00+00:00
1771851600000,66260.5,66377.6,66203.6,66214.8,10.58087495,2026-02-23 13:00:00+00:00
1771852500000,66214.8,66250.1,66117.1,66223.2,22.69903577,2026-02-23 13:15:00+00:00
1771853400000,66223.2,66424.0,66144.8,66346.3,15.67059817,2026-02-23 13:30:00+00:00
1771854300000,66346.3,66369.2,66110.8,66130.0,12.76971772,2026-02-23 13:45:00+00:00
1771855200000,66130.0,66250.0,66130.0,66234.0,12.18872779,2026-02-23 14:00:00+00:00
1771856100000,66246.6,66246.6,66054.2,66077.3,27.8483152,2026-02-23 14:15:00+00:00
1771857000000,66077.3,66198.9,65500.0,65849.1,67.60322521,2026-02-23 14:30:00+00:00
1771857900000,65840.1,66079.0,65620.1,65920.0,9.80655669,2026-02-23 14:45:00+00:00
1771858800000,65920.0,66083.0,65703.8,65947.7,13.25968289,2026-02-23 15:00:00+00:00
1771859700000,65947.8,66203.3,65748.5,65791.0,36.43482142,2026-02-23 15:15:00+00:00
1771860600000,65793.4,65919.4,65715.4,65799.4,13.08274998,2026-02-23 15:30:00+00:00
1771861500000,65785.0,65901.8,65578.2,65645.4,19.68584244,2026-02-23 15:45:00+00:00
1771862400000,65645.9,65660.6,65169.4,65184.2,38.88071938,2026-02-23 16:00:00+00:00
1771863300000,65199.9,65652.3,65199.9,65630.9,25.82612031,2026-02-23 16:15:00+00:00
1771864200000,65630.9,65699.9,65445.4,65564.4,38.30315291,2026-02-23 16:30:00+00:00
1771865100000,65563.6,65580.0,65298.3,65340.0,18.04549568,2026-02-23 16:45:00+00:00
1771866000000,65340.0,65442.5,65050.0,65050.0,30.50438558,2026-02-23 17:00:00+00:00
1771866900000,65068.3,65160.0,64580.0,64580.1,94.62376705,2026-02-23 17:15:00+00:00
1771867800000,64580.1,64676.3,64331.8,64460.1,52.47192211,2026-02-23 17:30:00+00:00
1771868700000,64486.1,64800.0,64160.4,64800.0,81.89853894,2026-02-23 17:45:00+00:00
1771869600000,64803.0,64862.5,64650.0,64780.9,22.27732298,2026-02-23 18:00:00+00:00
1771870500000,64785.7,64900.0,64603.9,64812.6,27.80957909,2026-02-23 18:15:00+00:00
1771871400000,64812.7,65152.1,64741.3,64887.5,38.66479913,2026-02-23 18:30:00+00:00
1771872300000,64883.8,64883.8,64579.4,64622.8,13.85293388,2026-02-23 18:45:00+00:00
1771873200000,64622.9,64826.0,64597.3,64684.7,19.68737487,2026-02-23 19:00:00+00:00
1771874100000,64686.9,64704.5,64372.9,64443.0,78.03908289,2026-02-23 19:15:00+00:00
1771875000000,64451.9,64520.0,64088.0,64180.0,66.24710685,2026-02-23 19:30:00+00:00
1771875900000,64199.9,64342.6,64103.2,64274.5,160.91959648,2026-02-23 19:45:00+00:00
1771876800000,64282.8,64342.6,63917.0,63951.7,74.33619325,2026-02-23 20:00:00+00:00
1771877700000,63944.2,64148.8,63888.0,63986.1,39.12147618,2026-02-23 20:15:00+00:00
1771878600000,63986.0,64298.7,63985.8,64244.9,31.72196787,2026-02-23 20:30:00+00:00
1771879500000,64250.5,64464.0,64213.7,64464.0,33.0332087,2026-02-23 20:45:00+00:00
1771880400000,64459.1,64674.9,64440.3,64583.4,11.8553123,2026-02-23 21:00:00+00:00
1771881300000,64583.4,64634.5,64505.0,64547.2,10.92425957,2026-02-23 21:15:00+00:00
1771882200000,64542.8,64771.8,64517.9,64622.3,38.59807661,2026-02-23 21:30:00+00:00
1771883100000,64622.2,64706.4,64544.2,64550.7,9.14090739,2026-02-23 21:45:00+00:00
1771884000000,64550.7,64964.0,64549.4,64956.3,18.72943276,2026-02-23 22:00:00+00:00
1771884900000,64949.5,64988.8,64827.1,64933.1,12.12638136,2026-02-23 22:15:00+00:00
1771885800000,64933.1,64933.1,64740.1,64783.0,8.20224913,2026-02-23 22:30:00+00:00
1771886700000,64781.6,64849.5,64628.0,64704.1,126.71443837,2026-02-23 22:45:00+00:00
1771887600000,64704.1,64877.7,64696.1,64847.4,8.04715857,2026-02-23 23:00:00+00:00
1771888500000,64847.4,64870.0,64772.2,64812.4,7.43622448,2026-02-23 23:15:00+00:00
1771889400000,64812.4,64837.5,64520.0,64580.2,275.23866969,2026-02-23 23:30:00+00:00
1771890300000,64580.2,64640.0,64512.2,64624.1,32.53662135,2026-02-23 23:45:00+00:00
1771891200000,64624.1,64849.9,64624.0,64849.9,18.77096482,2026-02-24 00:00:00+00:00
1771892100000,64860.0,64971.0,64764.8,64829.0,6.23068288,2026-02-24 00:15:00+00:00
1771893000000,64829.1,64949.9,64800.0,64900.1,2.4415721,2026-02-24 00:30:00+00:00
1771893900000,64900.1,64950.0,64855.4,64906.1,35.51729815,2026-02-24 00:45:00+00:00
1771894800000,64906.1,64906.1,64220.1,64285.4,33.75519837,2026-02-24 01:00:00+00:00
1771895700000,64291.4,64496.6,63351.6,64404.3,119.3218357,2026-02-24 01:15:00+00:00
1771896600000,64404.3,64560.0,64049.4,64294.6,24.53770464,2026-02-24 01:30:00+00:00
1771897500000,64294.6,64359.8,64020.2,64130.5,30.53421973,2026-02-24 01:45:00+00:00
1771898400000,64130.5,64278.4,63995.5,64219.3,14.62039638,2026-02-24 02:00:00+00:00
1771899300000,64219.3,64284.3,64000.1,64279.9,7.51957801,2026-02-24 02:15:00+00:00
1771900200000,64280.0,64458.0,64102.8,64102.9,6.44704303,2026-02-24 02:30:00+00:00
1771901100000,64102.9,64160.7,64064.7,64100.0,2.75415322,2026-02-24 02:45:00+00:00
1771902000000,64100.0,64100.0,63540.3,63660.0,42.8659301,2026-02-24 03:00:00+00:00
1771902900000,63660.0,63820.0,63561.9,63681.1,7.52487504,2026-02-24 03:15:00+00:00
1771903800000,63681.1,63734.7,63614.8,63636.8,19.90131036,2026-02-24 03:30:00+00:00
1771904700000,63636.8,63646.0,63123.6,63542.0,460.94463943,2026-02-24 03:45:00+00:00
1771905600000,63542.1,63574.7,63000.0,63000.0,64.47779946,2026-02-24 04:00:00+00:00
1771906500000,63000.0,63353.8,62859.0,63189.4,41.69251916,2026-02-24 04:15:00+00:00
1771907400000,63189.4,63322.0,62977.1,63322.0,47.79847438,2026-02-24 04:30:00+00:00
1771908300000,63322.0,63356.3,63216.7,63343.5,6.55667759,2026-02-24 04:45:00+00:00
1771909200000,63343.5,63500.0,63259.6,63482.1,15.76873272,2026-02-24 05:00:00+00:00
1771910100000,63482.1,63482.1,62679.6,62822.4,67.63373268,2026-02-24 05:15:00+00:00
1771911000000,62822.4,63020.0,62722.5,62965.0,18.99757795,2026-02-24 05:30:00+00:00
1771911900000,62964.9,63073.1,62940.0,63069.8,20.83146255,2026-02-24 05:45:00+00:00
1771912800000,63069.8,63186.7,62881.5,63112.4,10.7475732,2026-02-24 06:00:00+00:00
1771913700000,63112.4,63271.3,63089.4,63179.8,7.02336563,2026-02-24 06:15:00+00:00
1771914600000,63179.8,63285.0,63160.0,63241.0,3.28236191,2026-02-24 06:30:00+00:00
1771915500000,63240.9,63240.9,62940.1,63061.3,9.98866241,2026-02-24 06:45:00+00:00
1771916400000,63061.3,63330.9,62910.1,63324.9,29.91678261,2026-02-24 07:00:00+00:00
1771917300000,63324.9,63324.9,63140.0,63273.8,24.66275971,2026-02-24 07:15:00+00:00
1771918200000,63273.8,63273.8,63064.8,63071.7,21.89359937,2026-02-24 07:30:00+00:00
1771919100000,63071.7,63155.0,62999.0,63155.0,6.89658681,2026-02-24 07:45:00+00:00
1771920000000,63160.0,63239.9,63001.8,63223.0,6.81882144,2026-02-24 08:00:00+00:00
1771920900000,63223.0,63294.9,63084.8,63279.9,24.71427532,2026-02-24 08:15:00+00:00
1771921800000,63280.0,63396.3,63269.8,63375.2,4.95560123,2026-02-24 08:30:00+00:00
1771922700000,63375.2,63408.4,63329.6,63380.1,3.87113959,2026-02-24 08:45:00+00:00
1771923600000,63380.2,63402.4,63207.6,63260.0,2.98368861,2026-02-24 09:00:00+00:00
1771924500000,63260.0,63279.9,63088.6,63129.0,10.03499519,2026-02-24 09:15:00+00:00
1771925400000,63128.9,63158.4,62929.5,63138.1,12.14034448,2026-02-24 09:30:00+00:00
1771926300000,63138.0,63245.1,63042.8,63226.9,28.01232019,2026-02-24 09:45:00+00:00
1771927200000,63226.9,63262.1,63120.0,63204.8,16.32998939,2026-02-24 10:00:00+00:00
1771928100000,63204.8,63280.1,63151.0,63260.1,10.28300989,2026-02-24 10:15:00+00:00
1771929000000,63260.1,63280.1,63122.3,63196.0,6.30209063,2026-02-24 10:30:00+00:00
1771929900000,63196.0,63340.0,63160.0,63285.4,14.61047066,2026-02-24 10:45:00+00:00
1771930800000,63285.4,63302.2,63168.8,63191.4,7.49607919,2026-02-24 11:00:00+00:00
1771931700000,63191.5,63203.5,63140.1,63160.1,29.90695526,2026-02-24 11:15:00+00:00
1771932600000,63160.1,63240.0,63062.0,63207.6,9.57259001,2026-02-24 11:30:00+00:00
1771933500000,63200.4,63227.5,63149.3,63224.2,6.89621535,2026-02-24 11:45:00+00:00
1771934400000,63224.2,63285.0,63118.7,63268.6,28.27644484,2026-02-24 12:00:00+00:00
1771935300000,63247.4,63330.0,63219.9,63329.0,2.78614162,2026-02-24 12:15:00+00:00
1771936200000,63329.0,63329.0,63069.9,63101.1,4.98491989,2026-02-24 12:30:00+00:00
1771937100000,63101.1,63122.0,62951.0,62955.4,37.96435423,2026-02-24 12:45:00+00:00
1771938000000,62957.1,63088.4,62906.9,63080.1,8.68091286,2026-02-24 13:00:00+00:00
1771938900000,63080.1,63088.6,62870.5,62899.9,12.9537437,2026-02-24 13:15:00+00:00
1771939800000,62900.0,63059.9,62500.0,62918.0,69.32925494,2026-02-24 13:30:00+00:00
1771940700000,62918.1,63022.2,62878.1,62904.5,16.07413825,2026-02-24 13:45:00+00:00
1771941600000,62904.5,62993.8,62747.1,62912.8,14.11693589,2026-02-24 14:00:00+00:00
1771942500000,62912.8,63000.0,62804.7,62968.7,12.79196139,2026-02-24 14:15:00+00:00
1771943400000,62996.3,63472.8,62787.9,63340.0,94.09827395,2026-02-24 14:30:00+00:00
1771944300000,63340.0,63817.6,63280.0,63461.7,44.83021647,2026-02-24 14:45:00+00:00
1771945200000,63458.4,63664.7,63323.5,63568.4,42.95322102,2026-02-24 15:00:00+00:00
1771946100000,63560.1,63947.0,63560.0,63930.2,141.51108532,2026-02-24 15:15:00+00:00
1771947000000,63924.8,63969.6,63666.0,63749.2,26.05024921,2026-02-24 15:30:00+00:00
1771947900000,63750.1,64009.3,63720.3,63976.0,38.59767817,2026-02-24 15:45:00+00:00
1771948800000,63976.1,64415.1,63950.5,64158.5,47.44117173,2026-02-24 16:00:00+00:00
1771949700000,64163.5,64197.3,63895.8,63950.9,19.18213777,2026-02-24 16:15:00+00:00
1771950600000,63946.0,64102.1,63700.0,64040.0,29.59771298,2026-02-24 16:30:00+00:00
1771951500000,64040.1,64279.6,63808.4,64264.3,30.56162025,2026-02-24 16:45:00+00:00
1771952400000,64264.3,64504.2,64160.1,64428.4,43.30173261,2026-02-24 17:00:00+00:00
1771953300000,64400.0,64400.0,64127.3,64143.1,18.01976923,2026-02-24 17:15:00+00:00
1771954200000,64148.3,64258.5,64103.2,64103.2,10.12479402,2026-02-24 17:30:00+00:00
1771955100000,64103.2,64255.4,64056.9,64238.6,8.53247736,2026-02-24 17:45:00+00:00
1771956000000,64220.1,64392.7,63932.9,63943.1,19.23001986,2026-02-24 18:00:00+00:00
1771956900000,63959.9,64334.3,63940.1,64294.0,26.74551436,2026-02-24 18:15:00+00:00
1771957800000,64298.5,64479.3,64287.1,64367.8,26.59073423,2026-02-24 18:30:00+00:00
1771958700000,64379.2,64496.9,64366.2,64436.7,17.18998664,2026-02-24 18:45:00+00:00
1771959600000,64436.7,64717.0,64274.0,64299.9,63.87302975,2026-02-24 19:00:00+00:00
1771960500000,64299.9,64427.2,64259.7,64306.1,4.49259033,2026-02-24 19:15:00+00:00
1771961400000,64306.1,64500.0,64302.2,64473.3,25.5272662,2026-02-24 19:30:00+00:00
1771962300000,64473.3,64485.9,64382.5,64435.5,4.5032843,2026-02-24 19:45:00+00:00
1771963200000,64435.5,64480.0,64319.3,64402.2,51.18023727,2026-02-24 20:00:00+00:00
1771964100000,64402.2,64499.9,64402.1,64471.6,8.19219928,2026-02-24 20:15:00+00:00
1771965000000,64471.8,64580.1,64388.0,64491.9,19.59039264,2026-02-24 20:30:00+00:00
1771965900000,64492.0,64510.0,64385.9,64476.2,15.21958374,2026-02-24 20:45:00+00:00
1771966800000,64469.3,64469.3,64142.5,64250.0,13.6204303,2026-02-24 21:00:00+00:00
1771967700000,64250.1,64250.1,63849.5,63900.0,23.42928333,2026-02-24 21:15:00+00:00
1771968600000,63899.9,64055.3,63867.8,64027.2,15.04279211,2026-02-24 21:30:00+00:00
1771969500000,64027.2,64086.0,63991.2,64048.9,6.97192907,2026-02-24 21:45:00+00:00
1771970400000,64047.4,64226.1,63982.7,64217.1,4.98369471,2026-02-24 22:00:00+00:00
1771971300000,64218.9,64219.0,64094.7,64153.8,2.2204218,2026-02-24 22:15:00+00:00
1771972200000,64153.8,64193.6,64065.6,64094.0,7.55929929,2026-02-24 22:30:00+00:00
1771973100000,64094.2,64126.2,64002.0,64116.4,5.65081406,2026-02-24 22:45:00+00:00
1771974000000,64124.7,64150.0,63835.0,64084.8,16.70675202,2026-02-24 23:00:00+00:00
1771974900000,64071.2,64207.1,64065.5,64185.8,37.10513282,2026-02-24 23:15:00+00:00
1771975800000,64185.7,64248.0,64138.7,64138.7,3.93498242,2026-02-24 23:30:00+00:00
1771976700000,64138.8,64142.1,64025.1,64061.9,15.82371535,2026-02-24 23:45:00+00:00
1771977600000,64062.0,64070.0,63921.3,63921.3,5.67336421,2026-02-25 00:00:00+00:00
1771978500000,63921.4,64062.2,63921.4,63958.4,14.88325581,2026-02-25 00:15:00+00:00
1771979400000,63958.4,64264.3,63958.4,64262.7,7.48202323,2026-02-25 00:30:00+00:00
1771980300000,64262.5,64311.2,64159.6,64223.2,2.98943245,2026-02-25 00:45:00+00:00
1771981200000,64223.2,65934.0,64159.7,65591.5,155.55136089,2026-02-25 01:00:00+00:00
1771982100000,65604.0,66311.8,65429.4,65948.2,85.96991815,2026-02-25 01:15:00+00:00
1771983000000,65948.1,66273.6,65794.2,65794.3,26.53683258,2026-02-25 01:30:00+00:00
1771983900000,65794.2,66049.8,65794.2,65918.8,13.04116294,2026-02-25 01:45:00+00:00
1771984800000,65918.7,66293.4,65913.1,66244.2,43.1775942,2026-02-25 02:00:00+00:00
1771985700000,66226.9,66244.3,66061.8,66111.3,169.47270938,2026-02-25 02:15:00+00:00
1771986600000,66111.3,66159.0,65889.0,65929.2,10.05746476,2026-02-25 02:30:00+00:00
1771987500000,65929.1,66000.0,65878.3,65885.7,5.40222813,2026-02-25 02:45:00+00:00
1771988400000,65885.7,65944.4,65817.9,65829.1,8.03129518,2026-02-25 03:00:00+00:00
1771989300000,65829.0,65829.1,65495.5,65575.6,15.27347852,2026-02-25 03:15:00+00:00
1771990200000,65575.6,65612.7,65385.2,65454.9,8.653955,2026-02-25 03:30:00+00:00
1771991100000,65454.8,65544.6,65361.4,65383.4,9.97777542,2026-02-25 03:45:00+00:00
1771992000000,65383.4,65521.2,65130.5,65431.9,39.23613306,2026-02-25 04:00:00+00:00
1771992900000,65431.9,65607.0,65347.5,65576.6,38.31960988,2026-02-25 04:15:00+00:00
1771993800000,65576.6,65628.6,65545.6,65616.1,4.53315209,2026-02-25 04:30:00+00:00
1771994700000,65616.2,65616.2,65410.9,65438.0,4.41700369,2026-02-25 04:45:00+00:00
1771995600000,65438.0,65494.4,65312.0,65334.0,10.9254011,2026-02-25 05:00:00+00:00
1771996500000,65334.1,65353.5,65154.8,65186.0,36.03790072,2026-02-25 05:15:00+00:00
1771997400000,65185.9,65217.8,64777.4,64820.5,28.37401453,2026-02-25 05:30:00+00:00
1771998300000,64820.5,64980.3,64777.4,64855.1,8.04731634,2026-02-25 05:45:00+00:00
1771999200000,64855.1,65008.6,64855.1,64989.8,5.41414433,2026-02-25 06:00:00+00:00
1772000100000,64989.7,65111.1,64898.3,65040.2,3.47306952,2026-02-25 06:15:00+00:00
1772001000000,65013.1,65105.8,64973.0,65097.3,1.45535841,2026-02-25 06:30:00+00:00
1772001900000,65097.2,65097.2,64868.3,64887.0,5.98958929,2026-02-25 06:45:00+00:00
1772002800000,64887.0,65067.7,64777.3,65018.0,13.69153811,2026-02-25 07:00:00+00:00
1772003700000,65017.9,65173.5,65010.0,65103.2,7.54471151,2026-02-25 07:15:00+00:00
1772004600000,65103.2,65173.5,64891.9,64905.7,6.03375198,2026-02-25 07:30:00+00:00
1772005500000,64927.4,65037.4,64927.3,65037.4,4.47535801,2026-02-25 07:45:00+00:00
1772006400000,65037.4,65065.2,64960.8,65003.2,3.0120173,2026-02-25 08:00:00+00:00
1772007300000,65014.3,65217.7,65014.2,65185.7,4.27968924,2026-02-25 08:15:00+00:00
1772008200000,65185.7,65446.4,65185.7,65435.5,66.38619307,2026-02-25 08:30:00+00:00
1772009100000,65422.0,65557.8,65370.3,65520.9,14.05980194,2026-02-25 08:45:00+00:00
1772010000000,65520.5,65668.0,65454.6,65542.5,12.12035498,2026-02-25 09:00:00+00:00
1772010900000,65542.5,65630.3,65510.1,65530.1,3.71527827,2026-02-25 09:15:00+00:00
1772011800000,65548.0,65548.0,65436.1,65449.0,6.59964622,2026-02-25 09:30:00+00:00
1772012700000,65449.0,65559.5,65449.0,65544.7,2.74845479,2026-02-25 09:45:00+00:00
1772013600000,65544.7,65599.9,65472.0,65558.1,14.66104546,2026-02-25 10:00:00+00:00
1772014500000,65558.1,65634.8,65367.0,65367.1,5.8724903,2026-02-25 10:15:00+00:00
1772015400000,65367.0,65419.6,65344.4,65419.5,11.47250328,2026-02-25 10:30:00+00:00
1772016300000,65419.6,65495.0,65361.4,65391.9,7.31431339,2026-02-25 10:45:00+00:00
1772017200000,65391.3,65391.3,65165.0,65235.7,35.08740894,2026-02-25 11:00:00+00:00
1772018100000,65234.6,65360.8,65196.2,65360.7,10.83903089,2026-02-25 11:15:00+00:00
1772019000000,65360.8,65472.1,65324.8,65408.6,8.68366852,2026-02-25 11:30:00+00:00
1772019900000,65408.7,65439.3,65373.5,65412.0,2.34951853,2026-02-25 11:45:00+00:00
1772020800000,65412.0,65495.2,65324.8,65492.8,3.20326646,2026-02-25 12:00:00+00:00
1772021700000,65492.7,65920.4,65492.7,65775.9,18.69489807,2026-02-25 12:15:00+00:00
1772022600000,65775.9,65865.3,65747.4,65851.1,12.93102429,2026-02-25 12:30:00+00:00
1772023500000,65851.1,66222.9,65820.7,66041.9,39.84534252,2026-02-25 12:45:00+00:00
1772024400000,66041.9,66266.6,66041.9,66052.0,22.96334723,2026-02-25 13:00:00+00:00
1772025300000,66051.9,66232.7,66007.8,66172.3,16.81111364,2026-02-25 13:15:00+00:00
1772026200000,66172.3,66409.4,66144.9,66315.9,79.4739042,2026-02-25 13:30:00+00:00
1772027100000,66315.9,66719.9,66236.1,66236.2,78.29649328,2026-02-25 13:45:00+00:00
1772028000000,66236.2,66486.0,66222.0,66480.0,35.85859203,2026-02-25 14:00:00+00:00
1772028900000,66480.1,66613.6,66443.1,66580.6,29.33317157,2026-02-25 14:15:00+00:00
1772029800000,66580.6,66815.9,66217.0,66243.3,53.874053,2026-02-25 14:30:00+00:00
1772030700000,66243.4,67000.0,66243.4,66975.8,51.58742999,2026-02-25 14:45:00+00:00
1772031600000,66976.1,67242.0,66770.2,66860.1,75.22532264,2026-02-25 15:00:00+00:00
1772032500000,66860.0,67058.9,66707.6,67056.2,25.42942224,2026-02-25 15:15:00+00:00
1772033400000,67056.2,67526.0,66969.5,67512.3,122.12598365,2026-02-25 15:30:00+00:00
1772034300000,67512.4,67562.3,67227.1,67407.5,76.2397935,2026-02-25 15:45:00+00:00
1772035200000,67414.1,67866.0,67413.9,67619.3,98.46783556,2026-02-25 16:00:00+00:00
1772036100000,67619.3,68080.5,67600.0,67879.1,130.28498393,2026-02-25 16:15:00+00:00
1772037000000,67877.0,68000.0,67828.4,67960.3,36.69359729,2026-02-25 16:30:00+00:00
1772037900000,67960.2,68324.4,67960.2,68300.5,81.45619454,2026-02-25 16:45:00+00:00
1772038800000,68300.6,68662.4,68040.7,68524.4,67.23932482,2026-02-25 17:00:00+00:00
1772039700000,68524.4,68706.7,68291.9,68590.3,74.51100397,2026-02-25 17:15:00+00:00
1772040600000,68590.3,68786.5,68430.9,68783.0,58.69204513,2026-02-25 17:30:00+00:00
1772041500000,68786.8,68888.0,68620.5,68690.1,42.87300555,2026-02-25 17:45:00+00:00
1772042400000,68690.1,68921.6,68371.8,68900.0,96.31210521,2026-02-25 18:00:00+00:00
1772043300000,68900.0,69463.9,68749.8,69348.7,74.12417416,2026-02-25 18:15:00+00:00
1772044200000,69348.7,69549.9,69217.1,69509.1,74.87768587,2026-02-25 18:30:00+00:00
1772045100000,69506.6,69506.8,69277.6,69330.6,79.80735091,2026-02-25 18:45:00+00:00
1772046000000,69330.6,69400.0,68814.2,68912.6,22.89635633,2026-02-25 19:00:00+00:00
1772046900000,68912.6,69146.3,68864.9,68983.3,17.36500507,2026-02-25 19:15:00+00:00
1772047800000,68983.3,69001.8,68789.9,68906.4,10.6165368,2026-02-25 19:30:00+00:00
1772048700000,68906.3,69088.9,68875.6,69038.9,24.85547993,2026-02-25 19:45:00+00:00
1772049600000,69039.0,69093.4,68650.0,68650.1,38.61062865,2026-02-25 20:00:00+00:00
1772050500000,68650.0,68863.3,68650.0,68828.7,17.05688812,2026-02-25 20:15:00+00:00
1772051400000,68828.7,69203.2,68807.0,69126.2,34.70462149,2026-02-25 20:30:00+00:00
1772052300000,69126.2,69377.0,69117.1,69174.1,45.77822702,2026-02-25 20:45:00+00:00
1772053200000,69165.2,69233.8,68966.9,68985.2,20.55097223,2026-02-25 21:00:00+00:00
1772054100000,68985.2,69092.2,68838.9,68838.9,14.69643911,2026-02-25 21:15:00+00:00
1772055000000,68838.9,70000.0,68806.0,69248.9,121.43795783,2026-02-25 21:30:00+00:00
1772055900000,69249.0,69249.0,68849.0,68947.7,34.07869172,2026-02-25 21:45:00+00:00
1772056800000,68947.7,69211.4,68915.8,69090.0,44.17657434,2026-02-25 22:00:00+00:00
1772057700000,69090.0,69090.0,68862.4,68882.4,5.4422183,2026-02-25 22:15:00+00:00
1772058600000,68882.4,68900.0,68319.0,68422.3,44.11970375,2026-02-25 22:30:00+00:00
1772059500000,68424.4,68526.3,68091.3,68463.0,38.68599932,2026-02-25 22:45:00+00:00
1772060400000,68435.9,68682.1,68215.9,68533.3,34.70433663,2026-02-25 23:00:00+00:00
1772061300000,68533.2,68533.2,68281.1,68306.0,23.99629405,2026-02-25 23:15:00+00:00
1772062200000,68302.5,68302.5,67620.0,67704.0,52.93112104,2026-02-25 23:30:00+00:00
1772063100000,67684.2,67992.5,67671.8,67978.6,30.71139636,2026-02-25 23:45:00+00:00
1772064000000,67978.6,68155.4,67745.2,68148.5,8.67807049,2026-02-26 00:00:00+00:00
1772064900000,68148.5,68433.7,68133.7,68294.0,25.41577446,2026-02-26 00:15:00+00:00
1772065800000,68294.0,68525.7,67994.0,68198.8,23.69658506,2026-02-26 00:30:00+00:00
1772066700000,68198.8,68362.8,68142.3,68349.6,14.68942682,2026-02-26 00:45:00+00:00
1772067600000,68349.6,68690.3,68229.5,68576.2,17.87427578,2026-02-26 01:00:00+00:00
1772068500000,68576.2,68595.9,68393.6,68393.7,4.0201514,2026-02-26 01:15:00+00:00
1772069400000,68393.7,68546.8,68247.5,68367.0,7.97462876,2026-02-26 01:30:00+00:00
1772070300000,68366.9,68399.2,68246.7,68250.2,7.02924343,2026-02-26 01:45:00+00:00
1772071200000,68250.2,68267.3,67814.1,67864.5,10.26256232,2026-02-26 02:00:00+00:00
1772072100000,67864.5,68147.4,67864.4,67949.1,10.72764414,2026-02-26 02:15:00+00:00
1772073000000,67949.1,68207.3,67949.0,68207.3,6.73982935,2026-02-26 02:30:00+00:00
1772073900000,68207.3,68335.2,68118.4,68280.5,4.22718967,2026-02-26 02:45:00+00:00
1772074800000,68275.7,68369.7,68061.5,68148.1,18.84405578,2026-02-26 03:00:00+00:00
1772075700000,68148.1,68177.9,68084.0,68119.8,1.86422166,2026-02-26 03:15:00+00:00
1772076600000,68115.0,68277.4,68076.8,68267.7,11.33523058,2026-02-26 03:30:00+00:00
1772077500000,68246.0,68316.4,68195.1,68213.4,13.03904857,2026-02-26 03:45:00+00:00
1772078400000,68213.4,68599.8,68202.0,68516.3,4.21214653,2026-02-26 04:00:00+00:00
1772079300000,68516.4,68681.1,68426.0,68570.4,5.76252251,2026-02-26 04:15:00+00:00
1772080200000,68570.3,68855.4,68570.3,68743.4,10.26367173,2026-02-26 04:30:00+00:00
1772081100000,68743.4,68743.4,68593.0,68593.1,2.27626805,2026-02-26 04:45:00+00:00
1772082000000,68593.1,68593.1,68246.8,68308.4,5.36756702,2026-02-26 05:00:00+00:00
1772082900000,68308.4,68415.5,68141.8,68381.6,10.48092698,2026-02-26 05:15:00+00:00
1772083800000,68361.6,68434.6,68275.3,68422.0,2.79657844,2026-02-26 05:30:00+00:00
1772084700000,68422.0,68497.8,68356.8,68439.9,3.87713474,2026-02-26 05:45:00+00:00
1772085600000,68439.9,68517.5,68313.0,68467.9,2.74925663,2026-02-26 06:00:00+00:00
1772086500000,68462.4,68462.4,68264.0,68264.0,13.05758618,2026-02-26 06:15:00+00:00
1772087400000,68264.0,68264.0,68123.4,68143.1,3.96402876,2026-02-26 06:30:00+00:00
1772088300000,68143.0,68227.3,68074.8,68181.3,14.4412551,2026-02-26 06:45:00+00:00
1772089200000,68180.4,68257.2,68180.3,68211.0,1.79779772,2026-02-26 07:00:00+00:00
1772090100000,68211.0,68281.0,68107.6,68178.3,2.4933754,2026-02-26 07:15:00+00:00
1772091000000,68178.2,68178.3,68000.0,68003.9,14.80395299,2026-02-26 07:30:00+00:00
1772091900000,68004.2,68004.3,67833.5,67833.6,6.00148557,2026-02-26 07:45:00+00:00
1772092800000,67833.6,68058.6,67824.1,68054.2,19.58348176,2026-02-26 08:00:00+00:00
1772093700000,68054.2,68235.9,67973.4,68040.5,2.43004058,2026-02-26 08:15:00+00:00
1772094600000,68040.5,68142.7,67946.9,67973.7,1.82573809,2026-02-26 08:30:00+00:00
1772095500000,67973.7,68113.5,67924.1,67924.6,2.03351418,2026-02-26 08:45:00+00:00
1772096400000,67945.1,68408.0,67945.1,68356.0,18.86382751,2026-02-26 09:00:00+00:00
1772097300000,68338.1,68338.1,68170.2,68179.2,8.00806092,2026-02-26 09:15:00+00:00
1772098200000,68179.2,68465.2,68152.6,68412.5,15.19684261,2026-02-26 09:30:00+00:00
1772099100000,68412.6,68632.7,68412.5,68591.7,24.55029916,2026-02-26 09:45:00+00:00
1772100000000,68591.9,68703.1,68509.0,68509.1,4.96933667,2026-02-26 10:00:00+00:00
1772100900000,68509.1,68533.2,68349.0,68349.0,8.77162264,2026-02-26 10:15:00+00:00
1772101800000,68349.0,68442.6,68287.7,68417.2,2.39605625,2026-02-26 10:30:00+00:00
1772102700000,68437.2,68447.9,68271.4,68308.7,3.38982137,2026-02-26 10:45:00+00:00
1772103600000,68308.7,68385.1,68275.7,68350.1,12.67241267,2026-02-26 11:00:00+00:00
1772104500000,68350.1,68350.2,68156.7,68156.8,4.45702721,2026-02-26 11:15:00+00:00
1772105400000,68156.8,68217.5,68083.2,68083.2,6.43714204,2026-02-26 11:30:00+00:00
1772106300000,68082.3,68082.4,67993.3,68037.3,5.7565855,2026-02-26 11:45:00+00:00
1772107200000,68037.3,68244.9,68037.3,68201.9,13.1293806,2026-02-26 12:00:00+00:00
1772108100000,68201.9,68281.6,68138.8,68151.3,11.9490044,2026-02-26 12:15:00+00:00
1772109000000,68147.7,68281.6,68092.2,68092.3,2.17984388,2026-02-26 12:30:00+00:00
1772109900000,68092.2,68218.8,68032.2,68156.1,16.81206006,2026-02-26 12:45:00+00:00
1772110800000,68156.1,68201.2,68008.1,68039.3,6.55060614,2026-02-26 13:00:00+00:00
1772111700000,68039.3,68146.0,67953.0,68146.0,14.52370133,2026-02-26 13:15:00+00:00
1772112600000,68165.5,68194.0,68000.0,68075.0,15.28150604,2026-02-26 13:30:00+00:00
1772113500000,68074.9,68182.0,67850.0,67924.4,28.13811084,2026-02-26 13:45:00+00:00
1772114400000,67908.9,68022.8,67676.0,67975.3,45.07890042,2026-02-26 14:00:00+00:00
1772115300000,67975.3,68138.8,67833.7,68126.3,19.54046795,2026-02-26 14:15:00+00:00
1772116200000,68126.4,68263.0,67751.7,67819.4,45.926869,2026-02-26 14:30:00+00:00
1772117100000,67819.4,67819.4,67279.3,67692.3,104.09367604,2026-02-26 14:45:00+00:00
1772118000000,67692.4,67738.3,67250.0,67399.2,38.36610711,2026-02-26 15:00:00+00:00
1772118900000,67399.1,67399.2,66850.0,66991.8,111.80100702,2026-02-26 15:15:00+00:00
1772119800000,66987.2,67462.7,66747.8,67349.7,53.2216069,2026-02-26 15:30:00+00:00
1772120700000,67349.7,67590.8,67243.1,67374.2,18.53824575,2026-02-26 15:45:00+00:00
1772121600000,67368.7,67448.0,67077.0,67121.8,22.07650884,2026-02-26 16:00:00+00:00
1772122500000,67141.8,67553.4,67120.1,67460.4,31.14979727,2026-02-26 16:15:00+00:00
1772123400000,67460.4,67460.4,66935.3,67026.6,66.71590275,2026-02-26 16:30:00+00:00
1772124300000,67026.3,67055.3,66513.0,66624.8,143.39872734,2026-02-26 16:45:00+00:00
1772125200000,66624.8,66997.1,66602.0,66902.6,50.17725594,2026-02-26 17:00:00+00:00
1772126100000,66892.2,67043.4,66745.5,66952.2,43.32722487,2026-02-26 17:15:00+00:00
1772127000000,66952.3,67000.2,66719.2,66738.9,18.88328448,2026-02-26 17:30:00+00:00
1772127900000,66739.0,66841.7,66636.4,66838.9,23.05435507,2026-02-26 17:45:00+00:00
1772128800000,66838.9,66871.3,66588.5,66753.4,23.35478154,2026-02-26 18:00:00+00:00
1772129700000,66753.3,67021.3,66753.3,66861.1,33.33403891,2026-02-26 18:15:00+00:00
1772130600000,66861.1,67350.4,66861.1,67275.2,54.63465266,2026-02-26 18:30:00+00:00
1772131500000,67275.2,67348.4,67176.6,67297.8,30.30415234,2026-02-26 18:45:00+00:00
1772132400000,67305.6,67842.7,67282.1,67515.0,162.56512046,2026-02-26 19:00:00+00:00
1772133300000,67514.9,67750.8,67492.6,67560.5,28.52490944,2026-02-26 19:15:00+00:00
1773063000000,68753.0,69250.0,68732.0,69232.1,72.15427144,2026-03-09 13:30:00+00:00
1773063900000,69232.1,69292.3,68800.1,68987.0,245.93084883,2026-03-09 13:45:00+00:00
1773064800000,68987.0,69228.2,68706.9,68845.5,52.27161201,2026-03-09 14:00:00+00:00
1773065700000,68845.5,69278.5,68845.5,69152.0,72.63928344,2026-03-09 14:15:00+00:00
1773066600000,69167.0,69477.9,69126.5,69428.5,50.54661547,2026-03-09 14:30:00+00:00
1773067500000,69429.0,69429.0,69095.5,69137.0,40.18448258,2026-03-09 14:45:00+00:00
1773068400000,69148.7,69248.8,69004.7,69152.0,11.11124857,2026-03-09 15:00:00+00:00
1773069300000,69162.2,69248.5,69000.7,69090.5,14.37491522,2026-03-09 15:15:00+00:00
1773070200000,69090.5,69178.9,68764.6,68780.0,46.2791008,2026-03-09 15:30:00+00:00
1773071100000,68780.0,69046.9,68756.4,68909.9,19.5139436,2026-03-09 15:45:00+00:00
1773072000000,68900.1,69047.0,68777.8,68807.3,6.73851657,2026-03-09 16:00:00+00:00
1773072900000,68803.0,69025.1,68771.1,68973.0,8.75142943,2026-03-09 16:15:00+00:00
1773073800000,68973.0,69120.3,68657.4,69092.2,75.78085455,2026-03-09 16:30:00+00:00
1773074700000,69092.2,69211.6,68916.1,68975.8,18.93439432,2026-03-09 16:45:00+00:00
1773075600000,68973.7,69086.8,68916.0,68987.0,12.88958865,2026-03-09 17:00:00+00:00
1773076500000,68987.0,69062.0,68629.8,68644.8,36.36621281,2026-03-09 17:15:00+00:00
1773077400000,68644.9,68776.3,68284.8,68418.0,26.97826948,2026-03-09 17:30:00+00:00
1773078300000,68418.0,68671.8,68417.7,68619.5,25.60895389,2026-03-09 17:45:00+00:00
1773079200000,68619.5,68619.5,68255.0,68458.5,18.28867767,2026-03-09 18:00:00+00:00
1773080100000,68455.4,68641.9,68428.1,68553.8,23.91632457,2026-03-09 18:15:00+00:00
1773081000000,68553.9,68700.0,68492.3,68508.7,26.59298665,2026-03-09 18:30:00+00:00
1773081900000,68508.8,68549.8,68342.1,68361.2,6.51867492,2026-03-09 18:45:00+00:00
1773082800000,68363.7,68500.0,68363.7,68417.0,8.04190496,2026-03-09 19:00:00+00:00
1773083700000,68417.1,69361.0,68402.0,69361.0,54.58416794,2026-03-09 19:15:00+00:00
1773084600000,69361.0,69513.0,68805.9,68998.7,67.63231043,2026-03-09 19:30:00+00:00
1773085500000,68990.6,69072.0,68852.0,69017.0,29.19263045,2026-03-09 19:45:00+00:00
1773086400000,69008.3,69154.9,68912.0,69002.1,14.06108925,2026-03-09 20:00:00+00:00
1773087300000,69008.6,69088.6,68942.1,68984.9,12.73782183,2026-03-09 20:15:00+00:00
1773088200000,68980.3,68980.3,68837.0,68910.9,13.20078329,2026-03-09 20:30:00+00:00
1773089100000,68910.8,69044.1,68792.0,68998.7,8.25018185,2026-03-09 20:45:00+00:00
1773090000000,68990.9,69119.2,68978.1,69042.8,33.23331575,2026-03-09 21:00:00+00:00
1773090900000,69047.0,69047.0,68850.2,68867.0,8.87418434,2026-03-09 21:15:00+00:00
1773091800000,68867.1,69011.6,68698.6,68968.4,11.64767418,2026-03-09 21:30:00+00:00
1773092700000,68957.1,69023.7,68912.0,68918.6,4.60140143,2026-03-09 21:45:00+00:00
1773093600000,68929.2,69018.0,68712.5,68826.8,13.65199016,2026-03-09 22:00:00+00:00
1773094500000,68831.0,68868.0,68747.3,68844.7,3.92896354,2026-03-09 22:15:00+00:00
1773095400000,68839.7,68876.7,68620.4,68753.7,13.55254706,2026-03-09 22:30:00+00:00
1773096300000,68753.6,68755.3,68627.0,68652.2,19.36063701,2026-03-09 22:45:00+00:00
1773097200000,68652.3,68694.1,68556.2,68656.9,8.3973091,2026-03-09 23:00:00+00:00
1773098100000,68656.9,68656.9,68550.1,68603.8,5.06235744,2026-03-09 23:15:00+00:00
1773099000000,68603.7,68622.0,68530.4,68562.5,4.83299124,2026-03-09 23:30:00+00:00
1773099900000,68559.0,68573.6,68377.7,68446.9,19.94913224,2026-03-09 23:45:00+00:00
1773100800000,68447.0,68507.0,68399.9,68432.1,8.38495526,2026-03-10 00:00:00+00:00
1773101700000,68432.1,69008.5,68423.4,68987.1,35.73294189,2026-03-10 00:15:00+00:00
1773102600000,68987.1,69200.0,68898.0,69188.7,42.69475335,2026-03-10 00:30:00+00:00
1773103500000,69191.2,69278.1,69067.4,69163.2,40.32530726,2026-03-10 00:45:00+00:00
1773104400000,69163.2,69255.0,69079.5,69122.1,7.56439646,2026-03-10 01:00:00+00:00
1773105300000,69122.1,69152.0,68872.8,68978.9,10.27893169,2026-03-10 01:15:00+00:00
1773106200000,68978.8,69089.5,68814.5,68972.0,6.51422885,2026-03-10 01:30:00+00:00
1773107100000,68971.9,69369.6,68942.1,69281.8,19.44059846,2026-03-10 01:45:00+00:00
1773108000000,69272.2,69362.0,69126.4,69231.6,8.5799306,2026-03-10 02:00:00+00:00
1773108900000,69231.6,69386.2,69154.3,69386.2,2.58678955,2026-03-10 02:15:00+00:00
1773109800000,69386.2,70400.0,69386.2,70322.0,230.52619491,2026-03-10 02:30:00+00:00
1773110700000,70321.9,70570.2,70249.9,70276.9,37.50294528,2026-03-10 02:45:00+00:00
1773111600000,70277.0,70352.0,70040.0,70177.5,12.51568192,2026-03-10 03:00:00+00:00
1773112500000,70177.5,70262.0,70115.5,70115.5,4.20354175,2026-03-10 03:15:00+00:00
1773113400000,70115.6,70126.2,69850.0,69850.4,84.38267384,2026-03-10 03:30:00+00:00
1773114300000,69850.4,69850.4,69411.2,69437.0,17.51779646,2026-03-10 03:45:00+00:00
1773115200000,69437.1,69752.0,69437.1,69737.1,14.57630131,2026-03-10 04:00:00+00:00
1773116100000,69737.0,69813.2,69597.2,69756.3,21.14740263,2026-03-10 04:15:00+00:00
1773117000000,69752.1,70013.5,69750.9,69959.8,9.43204256,2026-03-10 04:30:00+00:00
1773117900000,69956.4,70130.0,69864.7,70066.9,17.74127144,2026-03-10 04:45:00+00:00
1773118800000,70066.9,70350.4,70021.4,70193.1,58.8150672,2026-03-10 05:00:00+00:00
1773119700000,70190.2,70321.9,70033.0,70033.1,11.98792487,2026-03-10 05:15:00+00:00
1773120600000,70033.1,70112.7,69929.5,69946.9,2.7524755,2026-03-10 05:30:00+00:00
1773121500000,69946.9,69977.0,69920.0,69964.6,6.77927391,2026-03-10 05:45:00+00:00
1773122400000,69964.7,69977.0,69858.0,69882.8,14.68873676,2026-03-10 06:00:00+00:00
1773123300000,69882.9,70178.5,69775.3,70157.1,7.23491488,2026-03-10 06:15:00+00:00
1773124200000,70157.0,70157.0,69977.0,69977.1,6.5482561,2026-03-10 06:30:00+00:00
1773125100000,69977.0,70051.9,69888.0,69917.0,23.65436462,2026-03-10 06:45:00+00:00
1773126000000,69923.6,70411.9,69847.6,70247.0,42.5165936,2026-03-10 07:00:00+00:00
1773126900000,70247.1,70523.4,70247.1,70325.5,19.80899232,2026-03-10 07:15:00+00:00
1773127800000,70325.5,70403.7,70307.3,70345.9,15.61857851,2026-03-10 07:30:00+00:00
1773128700000,70342.5,70501.9,70270.5,70397.3,30.30163499,2026-03-10 07:45:00+00:00
1773129600000,70397.3,70934.1,70397.0,70907.0,52.68696273,2026-03-10 08:00:00+00:00
1773130500000,70906.9,70977.8,70752.1,70862.1,32.33977952,2026-03-10 08:15:00+00:00
1773131400000,70850.3,71083.6,70850.2,70937.1,54.66560516,2026-03-10 08:30:00+00:00
1773132300000,70937.0,70937.0,70646.4,70680.4,31.51548461,2026-03-10 08:45:00+00:00
1773133200000,70680.5,70898.4,70662.0,70817.1,20.62893627,2026-03-10 09:00:00+00:00
1773134100000,70817.1,71267.0,70765.9,71251.9,36.37146532,2026-03-10 09:15:00+00:00
1773135000000,71240.1,71293.6,71053.4,71087.0,27.58069423,2026-03-10 09:30:00+00:00
1773135900000,71087.0,71087.0,70955.2,71076.1,29.38243714,2026-03-10 09:45:00+00:00
1773136800000,71072.9,71077.9,70862.0,70892.0,9.66348277,2026-03-10 10:00:00+00:00
1773137700000,70891.9,70907.0,70770.9,70773.1,53.6530448,2026-03-10 10:15:00+00:00
1773138600000,70773.2,70926.4,70693.9,70749.5,57.83319557,2026-03-10 10:30:00+00:00
1773139500000,70746.0,70869.9,70685.6,70774.3,30.43153979,2026-03-10 10:45:00+00:00
1773140400000,70774.4,70852.9,70629.5,70629.5,8.87699733,2026-03-10 11:00:00+00:00
1773141300000,70629.5,70750.4,70583.3,70650.0,14.30392319,2026-03-10 11:15:00+00:00
1773142200000,70650.0,70667.0,70562.5,70582.3,11.97358553,2026-03-10 11:30:00+00:00
1773143100000,70582.3,70685.5,70558.4,70602.5,33.43994242,2026-03-10 11:45:00+00:00
1773144000000,70600.2,70622.0,70374.9,70427.1,37.28753871,2026-03-10 12:00:00+00:00
1773144900000,70427.1,70542.9,70376.6,70376.7,15.89965521,2026-03-10 12:15:00+00:00
1773145800000,70376.7,70472.0,70319.2,70456.9,14.8674297,2026-03-10 12:30:00+00:00
1773146700000,70457.0,70593.8,70457.0,70517.0,7.99221216,2026-03-10 12:45:00+00:00
1773147600000,70517.0,70748.2,70517.0,70748.2,17.43178887,2026-03-10 13:00:00+00:00
1773148500000,70748.2,70900.0,70682.1,70864.0,10.20323611,2026-03-10 13:15:00+00:00
1773149400000,70869.8,70909.6,69750.0,69942.6,120.82819576,2026-03-10 13:30:00+00:00
1773150300000,69942.6,70274.4,69827.0,69932.0,26.09553859,2026-03-10 13:45:00+00:00
1773151200000,69932.0,70128.7,69432.7,69500.1,174.74974235,2026-03-10 14:00:00+00:00
1773152100000,69500.1,69926.6,69259.8,69812.0,57.60556895,2026-03-10 14:15:00+00:00
1773153000000,69812.1,70480.0,69812.1,70458.3,29.72955898,2026-03-10 14:30:00+00:00
1773153900000,70461.5,71515.6,70415.0,71447.6,280.68523124,2026-03-10 14:45:00+00:00
1773154800000,71450.0,71781.1,71117.0,71233.4,91.00635848,2026-03-10 15:00:00+00:00
1773155700000,71233.3,71456.4,71006.8,71386.8,19.42928511,2026-03-10 15:15:00+00:00
1773156600000,71372.1,71619.9,71005.0,71147.0,41.56817036,2026-03-10 15:30:00+00:00
1773157500000,71147.0,71367.4,70918.3,71361.3,29.04606903,2026-03-10 15:45:00+00:00
1773158400000,71361.3,71445.1,70960.7,71144.0,26.66548611,2026-03-10 16:00:00+00:00
1773159300000,71144.1,71720.5,71144.0,71402.0,54.85921966,2026-03-10 16:15:00+00:00
1773160200000,71401.9,71471.7,71235.1,71393.1,56.62708236,2026-03-10 16:30:00+00:00
1773161100000,71393.0,71416.9,71183.1,71284.7,10.72302662,2026-03-10 16:45:00+00:00
1773162000000,71286.4,71473.2,71222.1,71282.0,12.36355535,2026-03-10 17:00:00+00:00
1773162900000,71282.0,71372.0,71017.3,71074.5,8.20060096,2026-03-10 17:15:00+00:00
1773163800000,71079.8,71237.0,70541.7,70711.6,51.29639955,2026-03-10 17:30:00+00:00
1773164700000,70711.5,70969.3,70578.4,70883.3,27.534243,2026-03-10 17:45:00+00:00
1773165600000,70883.4,70916.5,70409.5,70409.5,18.44918546,2026-03-10 18:00:00+00:00
1773166500000,70409.5,70581.3,70150.1,70344.8,56.99772426,2026-03-10 18:15:00+00:00
1773167400000,70344.8,70444.7,69997.4,70044.8,80.73311202,2026-03-10 18:30:00+00:00
1773168300000,70051.1,70229.2,69892.0,70021.9,45.14926023,2026-03-10 18:45:00+00:00
1773169200000,70022.0,70158.9,69896.0,70079.0,12.01301967,2026-03-10 19:00:00+00:00
1773170100000,70079.0,70271.7,69919.8,69968.4,14.31967686,2026-03-10 19:15:00+00:00
1773171000000,69968.3,70091.9,69745.2,69999.3,32.03772431,2026-03-10 19:30:00+00:00
1773171900000,69999.4,70067.0,69960.2,70045.4,8.73705278,2026-03-10 19:45:00+00:00
1773172800000,70056.0,70240.7,70025.4,70100.2,23.38747807,2026-03-10 20:00:00+00:00
1773173700000,70111.2,70275.0,70024.0,70257.6,6.26211082,2026-03-10 20:15:00+00:00
1773174600000,70257.6,70346.3,70232.0,70287.6,18.26325905,2026-03-10 20:30:00+00:00
1773175500000,70290.8,70296.9,70232.0,70246.5,4.46136052,2026-03-10 20:45:00+00:00
1773176400000,70246.4,70427.2,70091.0,70123.4,22.13812527,2026-03-10 21:00:00+00:00
1773177300000,70123.5,70184.2,69954.8,69954.8,171.68702718,2026-03-10 21:15:00+00:00
1773178200000,69954.8,70063.8,69609.1,69752.1,55.23431844,2026-03-10 21:30:00+00:00
1773179100000,69752.3,69827.0,69569.7,69779.1,16.35550762,2026-03-10 21:45:00+00:00
1773180000000,69779.1,69850.9,69485.4,69624.8,17.60486947,2026-03-10 22:00:00+00:00
1773180900000,69624.7,69751.9,69457.4,69620.4,16.41524716,2026-03-10 22:15:00+00:00
1773181800000,69620.4,69697.0,69516.5,69631.9,12.64139692,2026-03-10 22:30:00+00:00
1773182700000,69628.9,69776.9,69596.9,69707.0,7.97647448,2026-03-10 22:45:00+00:00
1773183600000,69707.0,69850.7,69707.0,69820.2,3.17655623,2026-03-10 23:00:00+00:00
1773184500000,69812.1,69871.9,69708.4,69797.0,5.79371413,2026-03-10 23:15:00+00:00
1773185400000,69812.0,69946.3,69800.4,69925.9,9.43518331,2026-03-10 23:30:00+00:00
1773186300000,69925.9,69965.9,69872.6,69955.4,4.62194946,2026-03-10 23:45:00+00:00
1773187200000,69955.4,70077.4,69782.1,70075.7,41.74821548,2026-03-11 00:00:00+00:00
1773188100000,70075.8,70144.0,69885.9,70057.3,16.13212794,2026-03-11 00:15:00+00:00
1773189000000,70057.4,70057.4,69825.1,69847.7,14.27571014,2026-03-11 00:30:00+00:00
1773189900000,69847.7,70165.2,69847.7,70052.1,4.50964904,2026-03-11 00:45:00+00:00
1773190800000,70052.1,70138.6,70007.0,70063.6,5.08819632,2026-03-11 01:00:00+00:00
1773191700000,70063.7,70131.8,69994.6,70082.0,16.94976678,2026-03-11 01:15:00+00:00
1773192600000,70091.8,70091.8,69902.1,69973.9,17.66592244,2026-03-11 01:30:00+00:00
1773193500000,69973.8,70120.0,69932.0,70084.4,4.07493648,2026-03-11 01:45:00+00:00
1773194400000,70084.5,70121.9,70022.0,70022.1,1.53188428,2026-03-11 02:00:00+00:00
1773195300000,70022.1,70049.3,69947.0,69969.1,38.9066003,2026-03-11 02:15:00+00:00
1773196200000,69969.0,69969.0,69644.8,69709.1,14.2248585,2026-03-11 02:30:00+00:00
1773197100000,69709.0,69803.7,69650.4,69803.7,5.06812281,2026-03-11 02:45:00+00:00
1773198000000,69812.0,69887.0,69692.0,69698.1,4.95041997,2026-03-11 03:00:00+00:00
1773198900000,69698.1,69721.4,69522.6,69555.3,4.60435535,2026-03-11 03:15:00+00:00
1773199800000,69547.2,69631.5,69531.4,69560.9,5.14929489,2026-03-11 03:30:00+00:00
1773200700000,69561.0,69647.6,69517.1,69567.6,15.59888415,2026-03-11 03:45:00+00:00
1773201600000,69567.7,69661.2,69519.8,69661.2,7.17734261,2026-03-11 04:00:00+00:00
1773202500000,69661.9,69977.0,69661.9,69965.4,25.02230308,2026-03-11 04:15:00+00:00
1773203400000,69977.0,70008.3,69921.6,69977.1,4.05928365,2026-03-11 04:30:00+00:00
1773204300000,69993.7,70251.8,69987.0,70154.5,9.85710038,2026-03-11 04:45:00+00:00
1773205200000,70133.2,70186.9,70022.0,70022.1,1.88639328,2026-03-11 05:00:00+00:00
1773206100000,70022.1,70022.1,69902.0,69941.0,2.01656773,2026-03-11 05:15:00+00:00
1773207000000,69941.1,69941.1,69450.0,69534.3,37.52991458,2026-03-11 05:30:00+00:00
1773207900000,69542.1,69609.3,69512.1,69512.1,6.13169613,2026-03-11 05:45:00+00:00
1773208800000,69512.2,69721.9,69512.1,69721.9,22.26209265,2026-03-11 06:00:00+00:00
1773209700000,69721.4,69819.9,69678.7,69788.3,3.39381801,2026-03-11 06:15:00+00:00
1773210600000,69788.7,69917.0,69788.7,69828.8,4.66018659,2026-03-11 06:30:00+00:00
1773211500000,69841.0,69985.3,69732.1,69955.0,16.35932595,2026-03-11 06:45:00+00:00
1773212400000,69955.0,70012.4,69887.0,69905.5,8.63996249,2026-03-11 07:00:00+00:00
1773213300000,69905.4,69925.1,69779.0,69799.0,3.6510369,2026-03-11 07:15:00+00:00
1773214200000,69799.1,69799.1,69519.7,69557.0,14.11747448,2026-03-11 07:30:00+00:00
1773215100000,69552.4,69740.2,69512.4,69649.2,3.34416527,2026-03-11 07:45:00+00:00
1773216000000,69647.1,69774.3,69607.6,69615.9,3.80487066,2026-03-11 08:00:00+00:00
1773216900000,69629.0,69632.0,69512.2,69512.2,1.70326991,2026-03-11 08:15:00+00:00
1773217800000,69512.2,69793.8,69512.1,69687.0,12.97670152,2026-03-11 08:30:00+00:00
1773218700000,69687.0,69687.0,69516.7,69665.1,24.20194887,2026-03-11 08:45:00+00:00
1773219600000,69664.6,69673.9,69546.0,69546.0,2.26608367,2026-03-11 09:00:00+00:00
1773220500000,69546.0,69662.0,69546.0,69549.0,3.0525974,2026-03-11 09:15:00+00:00
1773221400000,69549.0,69628.5,69387.1,69558.8,19.24074544,2026-03-11 09:30:00+00:00
1773222300000,69558.8,69737.0,69408.8,69452.0,3.07630881,2026-03-11 09:45:00+00:00
1773223200000,69463.9,69512.0,69403.8,69502.9,5.21252453,2026-03-11 10:00:00+00:00
1773224100000,69502.9,69572.0,69445.0,69469.3,6.38865523,2026-03-11 10:15:00+00:00
1773225000000,69482.0,69712.5,69479.3,69694.7,5.19469627,2026-03-11 10:30:00+00:00
1773225900000,69694.7,69694.7,69592.4,69610.1,6.09614035,2026-03-11 10:45:00+00:00
1773226800000,69610.1,69663.5,69557.1,69579.6,34.45625604,2026-03-11 11:00:00+00:00
1773227700000,69587.0,69630.9,69445.1,69457.6,1.65627228,2026-03-11 11:15:00+00:00
1773228600000,69457.6,69556.5,69422.0,69431.1,2.841682,2026-03-11 11:30:00+00:00
1773229500000,69437.0,69483.3,69155.9,69174.4,22.33717209,2026-03-11 11:45:00+00:00
1773230400000,69175.6,69242.0,68971.6,69173.9,60.20792808,2026-03-11 12:00:00+00:00
1773231300000,69173.9,69431.3,69173.9,69406.7,12.25786231,2026-03-11 12:15:00+00:00
1773232200000,69411.8,69795.5,69203.3,69245.8,44.24450881,2026-03-11 12:30:00+00:00
1773233100000,69245.8,69392.0,69172.5,69362.1,45.78285383,2026-03-11 12:45:00+00:00
1773234000000,69362.1,70024.2,69360.3,69900.0,68.12254081,2026-03-11 13:00:00+00:00
1773234900000,69900.0,70380.3,69837.1,70227.0,129.40579717,2026-03-11 13:15:00+00:00
1773235800000,70227.0,71083.3,70227.0,70490.3,111.74013197,2026-03-11 13:30:00+00:00
1773236700000,70487.1,70563.7,69820.5,70187.6,83.02177143,2026-03-11 13:45:00+00:00
1773237600000,70187.7,70827.3,69942.9,70231.1,127.28829734,2026-03-11 14:00:00+00:00
1773238500000,70237.0,70688.7,70200.8,70675.7,26.51006569,2026-03-11 14:15:00+00:00
1773239400000,70667.6,70956.7,70468.7,70854.0,41.39008739,2026-03-11 14:30:00+00:00
1773240300000,70854.1,70986.3,70536.3,70566.5,27.3687799,2026-03-11 14:45:00+00:00
1773241200000,70573.8,70652.0,70007.0,70171.9,50.35303378,2026-03-11 15:00:00+00:00
1773242100000,70172.0,70467.6,70052.1,70247.0,28.44895938,2026-03-11 15:15:00+00:00
1773243000000,70234.4,70272.9,69707.1,70098.7,18.13388007,2026-03-11 15:30:00+00:00
1773243900000,70098.7,70341.9,69915.5,70242.8,12.17317127,2026-03-11 15:45:00+00:00
1773244800000,70253.1,70489.0,70183.7,70479.4,75.9565741,2026-03-11 16:00:00+00:00
1773245700000,70479.4,70611.5,70306.3,70463.5,20.08209044,2026-03-11 16:15:00+00:00
1773246600000,70463.5,70790.7,70463.5,70749.9,33.53434761,2026-03-11 16:30:00+00:00
1773247500000,70750.0,70842.1,70537.2,70570.0,31.57235273,2026-03-11 16:45:00+00:00
1773248400000,70570.0,71000.0,70569.9,70899.9,85.15374318,2026-03-11 17:00:00+00:00
1773249300000,70899.9,71333.6,70866.5,71275.9,184.32169913,2026-03-11 17:15:00+00:00
1773250200000,71282.2,71345.2,70524.1,70866.7,89.32578429,2026-03-11 17:30:00+00:00
1773251100000,70842.4,70986.3,70657.7,70780.2,43.74227834,2026-03-11 17:45:00+00:00
1773252000000,70801.1,70892.6,70688.3,70771.3,15.50812752,2026-03-11 18:00:00+00:00
1773252900000,70771.2,70892.9,70636.0,70705.7,23.78757508,2026-03-11 18:15:00+00:00
1773253800000,70705.8,70765.8,70463.4,70522.4,165.25809069,2026-03-11 18:30:00+00:00
1773254700000,70522.4,70786.2,70469.0,70640.8,12.31017009,2026-03-11 18:45:00+00:00
1773255600000,70640.7,70651.7,70405.3,70506.3,44.29226321,2026-03-11 19:00:00+00:00
1773256500000,70506.3,70575.0,70421.0,70550.6,14.24506442,2026-03-11 19:15:00+00:00
1773257400000,70550.6,70747.6,70514.2,70704.9,14.53471239,2026-03-11 19:30:00+00:00
1773258300000,70698.6,70742.5,70607.0,70674.1,21.23010212,2026-03-11 19:45:00+00:00
1773259200000,70674.1,70674.1,70453.3,70468.1,16.44079509,2026-03-11 20:00:00+00:00
1773260100000,70468.0,70534.9,70408.6,70459.8,10.49002446,2026-03-11 20:15:00+00:00
1773261000000,70463.7,70591.4,70463.6,70571.4,10.35313128,2026-03-11 20:30:00+00:00
1773261900000,70571.5,70713.0,70488.7,70634.3,26.99546118,2026-03-11 20:45:00+00:00
1773262800000,70634.4,70780.0,70517.9,70559.6,19.25161608,2026-03-11 21:00:00+00:00
1773263700000,70559.5,70607.0,70533.7,70578.4,12.13495969,2026-03-11 21:15:00+00:00
1773264600000,70578.4,70692.7,70578.4,70593.6,8.50437718,2026-03-11 21:30:00+00:00
1773265500000,70569.1,70779.9,70562.4,70762.1,23.08024823,2026-03-11 21:45:00+00:00
1773266400000,70762.1,70935.5,70684.1,70823.6,35.29285693,2026-03-11 22:00:00+00:00
1773267300000,70823.6,70823.6,70502.5,70502.5,17.90270859,2026-03-11 22:15:00+00:00
1773268200000,70502.6,70542.9,70317.6,70380.0,17.69829018,2026-03-11 22:30:00+00:00
1773269100000,70379.9,70493.1,70270.1,70366.6,13.32220196,2026-03-11 22:45:00+00:00
1773270000000,70366.6,70500.0,70366.6,70462.2,6.53360879,2026-03-11 23:00:00+00:00
1773270900000,70464.4,70464.4,70343.9,70379.6,1.2362528,2026-03-11 23:15:00+00:00
1773271800000,70379.5,70419.1,70240.7,70249.9,33.05891156,2026-03-11 23:30:00+00:00
1773272700000,70249.9,70303.7,70148.0,70200.4,25.58897998,2026-03-11 23:45:00+00:00
1773273600000,70200.4,70320.1,70147.5,70273.3,4.80449148,2026-03-12 00:00:00+00:00
1773274500000,70273.3,70362.3,70180.7,70268.0,8.51063443,2026-03-12 00:15:00+00:00
1773275400000,70268.0,70333.7,70167.9,70288.4,3.03397525,2026-03-12 00:30:00+00:00
1773276300000,70288.5,70302.7,70207.8,70231.1,0.95211462,2026-03-12 00:45:00+00:00
1773277200000,70227.7,70227.7,69867.2,69924.1,63.45398359,2026-03-12 01:00:00+00:00
1773278100000,69924.0,70000.3,69905.0,69924.1,3.94990979,2026-03-12 01:15:00+00:00
1773279000000,69915.9,69986.5,69800.0,69966.4,51.62983881,2026-03-12 01:30:00+00:00
1773279900000,69966.3,69989.1,69781.5,69828.9,21.30947443,2026-03-12 01:45:00+00:00
1773280800000,69829.0,69876.8,69782.4,69794.8,4.41287364,2026-03-12 02:00:00+00:00
1773281700000,69794.8,69832.6,69536.4,69633.1,25.56470276,2026-03-12 02:15:00+00:00
1773282600000,69613.6,69621.5,69380.0,69461.2,23.17030462,2026-03-12 02:30:00+00:00
1773283500000,69461.2,69497.3,69244.9,69310.0,18.24831422,2026-03-12 02:45:00+00:00
1773284400000,69310.1,69410.8,69257.2,69369.8,8.77219683,2026-03-12 03:00:00+00:00
1773285300000,69369.9,69497.4,69369.8,69423.2,3.63097042,2026-03-12 03:15:00+00:00
1773286200000,69419.2,69623.3,69419.1,69570.3,5.18182704,2026-03-12 03:30:00+00:00
1773287100000,69570.2,69570.3,69302.4,69445.8,1.05662527,2026-03-12 03:45:00+00:00
1773288000000,69445.9,69669.9,69439.5,69603.7,20.63594818,2026-03-12 04:00:00+00:00
1773288900000,69603.7,69603.8,69476.1,69486.2,2.12000342,2026-03-12 04:15:00+00:00
1773289800000,69486.1,69487.6,69304.5,69388.2,4.0177236,2026-03-12 04:30:00+00:00
1773290700000,69388.2,69400.0,69328.1,69396.3,6.9464763,2026-03-12 04:45:00+00:00
1773291600000,69383.2,69460.0,69344.6,69358.1,0.90223926,2026-03-12 05:00:00+00:00
1773292500000,69358.1,69401.6,69228.2,69273.7,4.71492792,2026-03-12 05:15:00+00:00
1773293400000,69273.7,69537.3,69273.7,69517.8,2.91181996,2026-03-12 05:30:00+00:00
1773294300000,69517.8,69517.8,69411.8,69474.0,2.25490322,2026-03-12 05:45:00+00:00
1773295200000,69478.6,69478.6,69367.4,69454.3,12.62843222,2026-03-12 06:00:00+00:00
1773296100000,69458.4,69544.8,69421.1,69536.5,17.75685753,2026-03-12 06:15:00+00:00
1773297000000,69536.6,69554.4,69421.3,69483.8,1.40754749,2026-03-12 06:30:00+00:00
1773297900000,69483.9,69509.9,69440.2,69480.9,12.5066736,2026-03-12 06:45:00+00:00
1773298800000,69491.5,69527.3,69434.6,69516.2,3.91067167,2026-03-12 07:00:00+00:00
1773299700000,69514.0,69633.3,69501.3,69624.5,9.1535861,2026-03-12 07:15:00+00:00
1773300600000,69624.6,69750.0,69610.6,69692.0,29.5337785,2026-03-12 07:30:00+00:00
1773301500000,69687.5,69847.0,69687.4,69828.0,14.96888284,2026-03-12 07:45:00+00:00
1773302400000,69828.0,69922.4,69733.7,69780.6,35.62918591,2026-03-12 08:00:00+00:00
1773303300000,69768.1,70112.8,69754.7,69814.0,10.8455103,2026-03-12 08:15:00+00:00
1773304200000,69813.6,69899.4,69716.8,69808.8,6.56282281,2026-03-12 08:30:00+00:00
1773305100000,69814.5,69898.6,69786.9,69898.6,3.09363407,2026-03-12 08:45:00+00:00
1773306000000,69914.1,69914.1,69707.1,69764.4,7.76550026,2026-03-12 09:00:00+00:00
1773306900000,69778.1,69778.1,69587.1,69685.4,8.75724413,2026-03-12 09:15:00+00:00
1773307800000,69691.5,70318.6,69691.5,70294.0,21.42380422,2026-03-12 09:30:00+00:00
1773308700000,70291.2,70380.7,69870.9,69967.2,10.91094509,2026-03-12 09:45:00+00:00
1773309600000,69957.3,70062.9,69870.8,69967.5,4.91492821,2026-03-12 10:00:00+00:00
1773310500000,69967.4,70202.5,69966.0,70160.1,6.95951804,2026-03-12 10:15:00+00:00
1773311400000,70160.2,70462.6,70143.2,70392.4,28.0795778,2026-03-12 10:30:00+00:00
1773312300000,70392.2,70513.9,70281.0,70431.5,26.19102351,2026-03-12 10:45:00+00:00
1773313200000,70431.5,70544.8,70380.8,70431.1,12.30572155,2026-03-12 11:00:00+00:00
1773314100000,70431.2,70640.3,70414.8,70568.9,20.0439939,2026-03-12 11:15:00+00:00
1773315000000,70568.9,70747.9,70500.4,70679.3,31.46026867,2026-03-12 11:30:00+00:00
1773315900000,70679.2,70787.1,70423.8,70441.7,11.56617792,2026-03-12 11:45:00+00:00
1773316800000,70441.7,70474.2,70303.7,70383.7,9.09138364,2026-03-12 12:00:00+00:00
1773317700000,70383.6,70474.8,70335.8,70443.2,31.15399304,2026-03-12 12:15:00+00:00
1773318600000,70443.2,70482.2,70307.9,70482.1,27.2878398,2026-03-12 12:30:00+00:00
1773319500000,70482.2,70608.0,70357.2,70396.4,14.61157747,2026-03-12 12:45:00+00:00
1773320400000,70396.4,70534.8,70365.6,70444.8,14.04923319,2026-03-12 13:00:00+00:00
1773321300000,70432.4,70444.8,70008.6,70125.2,18.62475617,2026-03-12 13:15:00+00:00
1773322200000,70125.2,70450.0,69971.5,70104.9,61.38517424,2026-03-12 13:30:00+00:00
1773323100000,70100.2,70144.3,69713.9,69989.6,37.20220808,2026-03-12 13:45:00+00:00
1773324000000,69989.7,70414.4,69989.6,70385.0,45.33153894,2026-03-12 14:00:00+00:00
1773324900000,70385.0,70654.3,69950.2,69981.4,52.7830313,2026-03-12 14:15:00+00:00
1773325800000,69981.5,70001.4,69413.1,69598.6,60.87792107,2026-03-12 14:30:00+00:00
1773326700000,69593.9,69789.2,69387.8,69615.0,10.71050451,2026-03-12 14:45:00+00:00
1773327600000,69615.0,69795.1,69498.7,69748.8,10.77152492,2026-03-12 15:00:00+00:00
1773328500000,69748.8,70434.8,69723.1,70304.4,69.95636074,2026-03-12 15:15:00+00:00
1773329400000,70306.2,70572.9,70160.2,70398.2,67.95031509,2026-03-12 15:30:00+00:00
1773330300000,70398.2,70514.1,70245.5,70357.3,66.33192803,2026-03-12 15:45:00+00:00
1773331200000,70357.3,70517.6,69927.0,70144.1,35.62805916,2026-03-12 16:00:00+00:00
1773332100000,70144.1,70562.5,70097.5,70097.5,14.34931669,2026-03-12 16:15:00+00:00
1773333000000,70089.3,70468.7,70063.9,70399.9,5.83889412,2026-03-12 16:30:00+00:00
1773333900000,70404.0,70537.7,70272.1,70390.2,32.20496045,2026-03-12 16:45:00+00:00
1773334800000,70397.0,70549.9,70366.7,70452.1,18.3833329,2026-03-12 17:00:00+00:00
1773335700000,70452.0,70521.7,70210.2,70309.9,14.21124624,2026-03-12 17:15:00+00:00
1773336600000,70310.0,70469.3,70278.4,70388.4,35.36426204,2026-03-12 17:30:00+00:00
1773337500000,70390.9,70441.4,70121.4,70227.8,4.76134952,2026-03-12 17:45:00+00:00
1773338400000,70227.9,70301.1,70102.9,70222.7,6.18956608,2026-03-12 18:00:00+00:00
1773339300000,70222.7,70298.9,69902.4,70016.0,24.89213288,2026-03-12 18:15:00+00:00
1773340200000,70016.0,70109.6,69905.5,69940.3,8.45744119,2026-03-12 18:30:00+00:00
1773341100000,69940.3,69952.5,69829.0,69829.0,11.93817834,2026-03-12 18:45:00+00:00
1773342000000,69829.0,69946.7,69800.0,69946.7,15.21038017,2026-03-12 19:00:00+00:00
1773342900000,69946.7,70229.8,69944.1,70222.8,36.24088568,2026-03-12 19:15:00+00:00
1773343800000,70223.1,70362.5,70223.1,70330.6,40.22551853,2026-03-12 19:30:00+00:00
1773344700000,70330.5,70566.5,70286.9,70465.9,28.9079858,2026-03-12 19:45:00+00:00
1773345600000,70462.9,70560.4,70382.2,70408.0,22.80883176,2026-03-12 20:00:00+00:00
1773346500000,70408.1,70435.7,70283.4,70335.9,32.83798127,2026-03-12 20:15:00+00:00
1773347400000,70335.8,70335.8,70144.2,70150.2,10.83805719,2026-03-12 20:30:00+00:00
1773348300000,70150.3,70250.3,70139.1,70191.9,9.23902014,2026-03-12 20:45:00+00:00
1773349200000,70191.9,70468.7,70191.9,70406.0,19.03835069,2026-03-12 21:00:00+00:00
1773350100000,70406.0,70422.3,70282.5,70301.4,1.53179788,2026-03-12 21:15:00+00:00
1773351000000,70301.4,70307.5,70226.5,70307.4,2.86182737,2026-03-12 21:30:00+00:00
1773351900000,70296.0,70369.5,70248.2,70305.1,29.41576822,2026-03-12 21:45:00+00:00
1773352800000,70305.0,70305.0,70190.0,70236.3,35.8265162,2026-03-12 22:00:00+00:00
1773353700000,70231.7,70289.5,70131.6,70189.8,27.52097862,2026-03-12 22:15:00+00:00
1773354600000,70189.9,70220.6,70064.0,70079.4,4.97218853,2026-03-12 22:30:00+00:00
1773355500000,70079.5,70193.0,70021.9,70191.9,7.06053972,2026-03-12 22:45:00+00:00
1773356400000,70182.6,70477.1,70175.4,70475.7,16.97067383,2026-03-12 23:00:00+00:00
1773357300000,70476.5,70727.3,70476.5,70566.4,53.34235681,2026-03-12 23:15:00+00:00
1773358200000,70538.4,70654.7,70483.8,70635.8,8.9221903,2026-03-12 23:30:00+00:00
1773359100000,70635.8,70654.6,70481.6,70520.8,5.9813496,2026-03-12 23:45:00+00:00
1773360000000,70526.3,71105.6,70406.0,71105.6,73.07698939,2026-03-13 00:00:00+00:00
1773360900000,71105.7,71751.2,71105.6,71486.8,148.54223955,2026-03-13 00:15:00+00:00
1773361800000,71486.9,72000.0,71486.9,71525.2,90.95859848,2026-03-13 00:30:00+00:00
1773362700000,71525.2,71560.6,71258.6,71467.7,23.16554251,2026-03-13 00:45:00+00:00
1773363600000,71470.1,71690.9,71470.1,71618.6,13.45825292,2026-03-13 01:00:00+00:00
1773364500000,71605.2,71750.0,71478.5,71538.5,6.73628534,2026-03-13 01:15:00+00:00
1773365400000,71538.5,71697.1,71305.5,71624.3,34.35502096,2026-03-13 01:30:00+00:00
1773366300000,71624.3,71687.0,71566.1,71663.6,9.56340496,2026-03-13 01:45:00+00:00
1773367200000,71663.7,71693.8,71521.8,71575.5,5.32283969,2026-03-13 02:00:00+00:00
1773368100000,71575.5,71617.0,71453.8,71471.1,17.63433224,2026-03-13 02:15:00+00:00
1773369000000,71471.1,71476.1,71183.1,71183.1,11.73321477,2026-03-13 02:30:00+00:00
1773369900000,71183.1,71275.8,71073.1,71169.9,10.54945405,2026-03-13 02:45:00+00:00
1773370800000,71169.9,71266.2,71112.1,71197.5,4.30132649,2026-03-13 03:00:00+00:00
1773371700000,71197.5,71273.7,71096.3,71096.5,4.67862875,2026-03-13 03:15:00+00:00
1773372600000,71096.5,71188.6,70978.7,71145.8,6.55399184,2026-03-13 03:30:00+00:00
1773373500000,71149.7,71522.5,71143.8,71408.5,13.847642,2026-03-13 03:45:00+00:00
1773374400000,71408.6,71484.7,71355.6,71366.4,5.1616684,2026-03-13 04:00:00+00:00
1773375300000,71366.4,71366.4,71270.2,71333.7,11.79921244,2026-03-13 04:15:00+00:00
1773376200000,71333.7,71421.1,71288.0,71421.0,2.40068742,2026-03-13 04:30:00+00:00
1773377100000,71421.1,71421.9,71330.0,71407.3,1.81207647,2026-03-13 04:45:00+00:00
1773378000000,71407.3,71420.1,71255.9,71263.1,9.46528685,2026-03-13 05:00:00+00:00
1773378900000,71263.1,71447.5,71263.1,71434.8,18.99483182,2026-03-13 05:15:00+00:00
1773379800000,71434.8,71609.2,71434.6,71609.2,7.28568913,2026-03-13 05:30:00+00:00
1773380700000,71609.2,71627.8,71489.0,71571.9,5.22477705,2026-03-13 05:45:00+00:00
1773381600000,71562.4,71589.5,71469.4,71486.8,3.88343535,2026-03-13 06:00:00+00:00
1773382500000,71486.7,71496.9,71244.4,71255.0,5.52039578,2026-03-13 06:15:00+00:00
1773383400000,71255.0,71335.6,71200.0,71270.2,6.83806632,2026-03-13 06:30:00+00:00
1773384300000,71270.3,71376.9,71221.5,71343.7,16.97558596,2026-03-13 06:45:00+00:00
1773385200000,71343.7,71496.4,71239.0,71423.3,11.52882581,2026-03-13 07:00:00+00:00
1773386100000,71429.6,71574.7,71429.6,71527.1,18.02686236,2026-03-13 07:15:00+00:00
1773387000000,71521.8,71574.7,71410.1,71574.7,16.91941004,2026-03-13 07:30:00+00:00
1773387900000,71576.4,71661.3,71554.2,71639.5,6.70889328,2026-03-13 07:45:00+00:00
1773388800000,71639.5,71641.3,71401.5,71474.7,10.97964008,2026-03-13 08:00:00+00:00
1773389700000,71474.7,71700.0,71450.4,71581.4,111.43148981,2026-03-13 08:15:00+00:00
1773390600000,71581.3,72141.3,71581.3,71974.0,64.73793065,2026-03-13 08:30:00+00:00
1773391500000,71964.6,71964.6,71750.6,71835.3,16.17143326,2026-03-13 08:45:00+00:00
1773392400000,71827.3,71974.4,71770.9,71771.0,14.80598671,2026-03-13 09:00:00+00:00
1773393300000,71770.9,71844.2,71619.5,71844.0,10.80553573,2026-03-13 09:15:00+00:00
1773394200000,71844.1,71936.4,71818.2,71895.0,17.4788082,2026-03-13 09:30:00+00:00
1773395100000,71894.9,72113.2,71875.0,72017.7,16.30840489,2026-03-13 09:45:00+00:00
1773396000000,72017.7,72258.4,72014.5,72258.2,181.64876775,2026-03-13 10:00:00+00:00
1773396900000,72258.2,72496.9,72258.2,72368.5,51.75168535,2026-03-13 10:15:00+00:00
1773397800000,72368.6,72576.3,72350.5,72516.6,31.74010313,2026-03-13 10:30:00+00:00
1773398700000,72516.5,72574.2,72400.0,72471.6,9.90290945,2026-03-13 10:45:00+00:00
1773399600000,72478.6,72536.3,72255.0,72314.9,18.27912681,2026-03-13 11:00:00+00:00
1773400500000,72314.8,72494.1,72314.8,72351.3,26.81983394,2026-03-13 11:15:00+00:00
1773401400000,72351.3,72376.5,72288.9,72326.5,3.44933556,2026-03-13 11:30:00+00:00
1773402300000,72326.5,72366.3,72218.4,72242.1,14.24491864,2026-03-13 11:45:00+00:00
1773403200000,72242.1,72446.7,72221.7,72425.4,18.81962408,2026-03-13 12:00:00+00:00
1773404100000,72425.5,72500.0,72355.0,72411.9,18.06021971,2026-03-13 12:15:00+00:00
1773405000000,72411.9,72566.2,72348.8,72365.0,221.2894804,2026-03-13 12:30:00+00:00
1773405900000,72365.0,72879.9,72364.9,72790.7,59.91686468,2026-03-13 12:45:00+00:00
1773406800000,72790.7,72911.4,72698.3,72828.5,50.28909595,2026-03-13 13:00:00+00:00
1773407700000,72828.4,73267.4,72746.5,73060.5,140.57025531,2026-03-13 13:15:00+00:00
1773408600000,73040.3,73390.6,72806.5,73289.1,85.47270396,2026-03-13 13:30:00+00:00
1773409500000,73289.1,73621.9,73260.8,73406.1,51.92263362,2026-03-13 13:45:00+00:00
1773410400000,73406.2,73613.6,73307.6,73538.4,39.22803831,2026-03-13 14:00:00+00:00
1773411300000,73538.5,73914.8,73370.9,73775.4,50.9989043,2026-03-13 14:15:00+00:00
1773412200000,73775.4,73928.5,72957.6,72970.2,54.52788113,2026-03-13 14:30:00+00:00
1773413100000,72970.2,73000.0,72399.6,72399.6,76.5168572,2026-03-13 14:45:00+00:00
1773414000000,72399.7,72710.5,72240.9,72662.5,140.72960309,2026-03-13 15:00:00+00:00
1773414900000,72662.5,72832.6,72485.4,72500.4,95.75708256,2026-03-13 15:15:00+00:00
1773415800000,72500.4,72605.9,71885.1,71986.5,91.46180626,2026-03-13 15:30:00+00:00
1773416700000,71996.3,72250.8,71765.4,71860.1,60.55280415,2026-03-13 15:45:00+00:00
1773417600000,71860.1,71946.4,71581.8,71721.3,92.44825289,2026-03-13 16:00:00+00:00
1773418500000,71729.4,71770.1,71176.9,71389.5,84.29006169,2026-03-13 16:15:00+00:00
1773419400000,71399.8,71885.1,71399.8,71855.4,22.63958173,2026-03-13 16:30:00+00:00
1773420300000,71855.4,72106.1,71783.4,71905.9,37.77776823,2026-03-13 16:45:00+00:00
1773421200000,71905.9,72153.8,71905.9,72100.1,18.02144249,2026-03-13 17:00:00+00:00
1773422100000,72122.4,72249.6,71620.1,71660.2,228.25027894,2026-03-13 17:15:00+00:00
1773423000000,71660.2,71687.9,71083.2,71207.0,239.46696649,2026-03-13 17:30:00+00:00
1773423900000,71209.5,71278.0,70897.8,71026.0,67.39462689,2026-03-13 17:45:00+00:00
1773424800000,71030.1,71216.7,70942.2,71216.7,25.37530795,2026-03-13 18:00:00+00:00
1773425700000,71216.7,71240.2,70831.0,71183.1,27.92010818,2026-03-13 18:15:00+00:00
1773426600000,71183.1,71347.2,71183.0,71257.6,24.297686,2026-03-13 18:30:00+00:00
1773427500000,71257.5,71257.5,71023.8,71067.3,17.56623554,2026-03-13 18:45:00+00:00
1773428400000,71067.3,71286.8,71029.1,71241.3,27.13068866,2026-03-13 19:00:00+00:00
1773429300000,71241.3,71308.6,71029.8,71079.7,24.37173352,2026-03-13 19:15:00+00:00
1773430200000,71074.1,71218.0,71050.0,71146.2,17.07792047,2026-03-13 19:30:00+00:00
1773431100000,71151.7,71258.7,71103.8,71183.1,20.49859709,2026-03-13 19:45:00+00:00
1773432000000,71183.1,71360.0,71164.7,71360.0,11.75343517,2026-03-13 20:00:00+00:00
1773432900000,71360.0,71467.8,71283.5,71306.1,16.68418402,2026-03-13 20:15:00+00:00
1773433800000,71306.1,71351.2,71272.7,71310.6,37.32372614,2026-03-13 20:30:00+00:00
1773434700000,71318.8,71469.1,71285.6,71360.0,11.43772509,2026-03-13 20:45:00+00:00
1773435600000,71360.1,71492.3,71360.1,71414.8,20.36842351,2026-03-13 21:00:00+00:00
1773436500000,71414.9,71425.1,71169.8,71169.9,10.95502371,2026-03-13 21:15:00+00:00
1773437400000,71169.9,71307.7,71082.2,71125.2,22.48810918,2026-03-13 21:30:00+00:00
1773438300000,71124.2,71230.3,71121.3,71121.3,2.97785842,2026-03-13 21:45:00+00:00
1773439200000,71121.4,71168.9,70676.1,70855.5,34.08923839,2026-03-13 22:00:00+00:00
1773440100000,70855.5,70855.5,70200.0,70639.4,170.25901108,2026-03-13 22:15:00+00:00
1773441000000,70639.4,70757.9,70537.6,70727.9,21.09324542,2026-03-13 22:30:00+00:00
1773441900000,70727.9,70814.6,70655.0,70799.0,6.51113756,2026-03-13 22:45:00+00:00
1773442800000,70799.0,70832.6,70728.1,70823.9,19.49214407,2026-03-13 23:00:00+00:00
1773443700000,70823.9,71000.0,70823.8,70912.5,21.17011469,2026-03-13 23:15:00+00:00
1773444600000,70912.5,70962.6,70884.2,70950.8,2.45101649,2026-03-13 23:30:00+00:00
1773445500000,70950.8,71000.0,70930.9,70953.0,1.69898984,2026-03-13 23:45:00+00:00
1773446400000,70953.1,70953.1,70771.3,70897.7,20.28949255,2026-03-14 00:00:00+00:00
1773447300000,70897.7,70950.0,70801.9,70915.4,14.5136085,2026-03-14 00:15:00+00:00
1773448200000,70915.4,70925.1,70584.1,70584.1,20.49400175,2026-03-14 00:30:00+00:00
1773449100000,70584.2,70697.6,70582.6,70664.5,5.32830222,2026-03-14 00:45:00+00:00
1773450000000,70664.5,70769.6,70651.2,70691.0,2.49342468,2026-03-14 01:00:00+00:00
1773450900000,70691.1,70809.7,70691.1,70797.1,1.87726724,2026-03-14 01:15:00+00:00
1773451800000,70797.2,70832.6,70509.1,70819.6,30.87922236,2026-03-14 01:30:00+00:00
1773452700000,70819.6,70897.8,70819.5,70853.8,7.96217441,2026-03-14 01:45:00+00:00
1773453600000,70853.8,70892.7,70786.0,70850.1,1.18181732,2026-03-14 02:00:00+00:00
1773454500000,70850.1,70878.7,70806.9,70820.8,6.06985672,2026-03-14 02:15:00+00:00
1773455400000,70820.8,70831.6,70760.1,70771.5,19.66025502,2026-03-14 02:30:00+00:00
1773456300000,70771.5,70872.7,70760.1,70791.9,15.94694998,2026-03-14 02:45:00+00:00
1773457200000,70784.1,71017.5,70784.0,71002.1,6.76139708,2026-03-14 03:00:00+00:00
1773458100000,71002.1,71116.1,70980.0,71039.7,37.6566723,2026-03-14 03:15:00+00:00
1773459000000,71039.7,71173.4,71039.7,71153.1,5.38246662,2026-03-14 03:30:00+00:00
1773459900000,71153.1,71153.1,71063.4,71083.5,1.71084511,2026-03-14 03:45:00+00:00
1773460800000,71083.4,71208.1,71068.9,71206.3,6.54492699,2026-03-14 04:00:00+00:00
1773461700000,71206.3,71208.1,71108.8,71197.2,3.25452623,2026-03-14 04:15:00+00:00
1773462600000,71197.1,71300.0,71147.0,71265.8,8.71231403,2026-03-14 04:30:00+00:00
1773463500000,71265.8,71299.9,71033.8,71041.7,9.44912628,2026-03-14 04:45:00+00:00
1773464400000,71041.7,71124.8,70990.1,71101.8,16.79676947,2026-03-14 05:00:00+00:00
1773465300000,71101.8,71149.8,71064.7,71132.0,7.2179709,2026-03-14 05:15:00+00:00
1773466200000,71119.7,71119.7,70933.4,71000.0,12.71905637,2026-03-14 05:30:00+00:00
1773467100000,71000.0,71046.7,70991.2,71021.9,1.7319947,2026-03-14 05:45:00+00:00
1773468000000,71021.8,71021.8,70918.9,70929.0,1.04134964,2026-03-14 06:00:00+00:00
1773468900000,70929.0,70929.0,70714.3,70736.8,4.29525801,2026-03-14 06:15:00+00:00
1773469800000,70723.7,70736.9,70293.9,70450.1,17.42160594,2026-03-14 06:30:00+00:00
1773470700000,70450.1,70691.9,70436.0,70637.3,13.91865478,2026-03-14 06:45:00+00:00
1773471600000,70630.9,70723.2,70623.5,70716.8,4.25825779,2026-03-14 07:00:00+00:00
1773472500000,70716.8,70724.3,70582.8,70684.1,3.82220225,2026-03-14 07:15:00+00:00
1773473400000,70684.1,70734.2,70527.5,70560.8,2.98131222,2026-03-14 07:30:00+00:00
1773474300000,70560.9,70624.6,70507.6,70594.1,4.28811556,2026-03-14 07:45:00+00:00
1773475200000,70594.1,70700.0,70594.1,70698.6,1.15284982,2026-03-14 08:00:00+00:00
1773476100000,70698.5,70718.7,70609.1,70683.9,3.87533278,2026-03-14 08:15:00+00:00
1773477000000,70683.9,70696.2,70579.9,70580.0,3.59225043,2026-03-14 08:30:00+00:00
1773477900000,70579.9,70601.2,70559.9,70591.0,3.52554671,2026-03-14 08:45:00+00:00
1773478800000,70591.0,70701.5,70590.9,70697.4,1.26390975,2026-03-14 09:00:00+00:00
1773479700000,70697.4,70717.2,70644.0,70686.8,3.05614252,2026-03-14 09:15:00+00:00
1773480600000,70700.6,70700.6,70581.6,70626.4,7.66264366,2026-03-14 09:30:00+00:00
1773481500000,70626.4,70626.4,70420.0,70549.2,13.69490238,2026-03-14 09:45:00+00:00
1773482400000,70533.1,70574.4,70490.3,70536.9,0.97845806,2026-03-14 10:00:00+00:00
1773483300000,70536.9,70537.4,70450.0,70465.0,6.07042108,2026-03-14 10:15:00+00:00
1773484200000,70465.0,70542.0,70421.0,70524.8,0.71421649,2026-03-14 10:30:00+00:00
1773485100000,70524.8,70570.1,70524.7,70570.1,0.72868515,2026-03-14 10:45:00+00:00
1773486000000,70570.2,70693.1,70570.2,70662.0,2.78002712,2026-03-14 11:00:00+00:00
1773486900000,70662.1,70719.1,70662.1,70682.0,3.09628389,2026-03-14 11:15:00+00:00
1773487800000,70681.9,70728.2,70652.4,70728.1,1.26088184,2026-03-14 11:30:00+00:00
1773488700000,70728.1,70790.7,70713.8,70748.6,2.61636171,2026-03-14 11:45:00+00:00
1773489600000,70748.6,70835.4,70722.0,70743.0,2.6766333,2026-03-14 12:00:00+00:00
1773490500000,70753.0,70779.1,70721.4,70731.2,17.88533162,2026-03-14 12:15:00+00:00
1773491400000,70731.2,70744.6,70642.3,70653.0,1.85183536,2026-03-14 12:30:00+00:00
1773492300000,70652.9,70772.9,70645.7,70772.9,2.82621352,2026-03-14 12:45:00+00:00
1773493200000,70769.6,70781.7,70736.2,70773.0,3.82152444,2026-03-14 13:00:00+00:00
1773494100000,70773.0,70936.9,70773.0,70916.0,6.48441974,2026-03-14 13:15:00+00:00
1773495000000,70916.1,70923.4,70883.5,70896.5,5.48278322,2026-03-14 13:30:00+00:00
1773495900000,70886.8,70914.5,70814.8,70869.9,7.25124187,2026-03-14 13:45:00+00:00
1773496800000,70868.6,70943.7,70738.9,70756.4,4.18338066,2026-03-14 14:00:00+00:00
1773497700000,70756.4,70817.9,70714.3,70817.9,2.93548597,2026-03-14 14:15:00+00:00
1773498600000,70817.9,70854.8,70608.1,70610.8,8.29303127,2026-03-14 14:30:00+00:00
1773499500000,70610.9,70672.1,70597.9,70597.9,9.0608003,2026-03-14 14:45:00+00:00
1773500400000,70598.0,70721.1,70585.1,70673.3,2.64470394,2026-03-14 15:00:00+00:00
1773501300000,70673.2,70729.7,70657.1,70676.4,1.87031723,2026-03-14 15:15:00+00:00
1773502200000,70684.3,70684.3,70510.9,70552.5,4.26700113,2026-03-14 15:30:00+00:00
1773503100000,70552.5,70613.2,70535.8,70609.8,3.18260141,2026-03-14 15:45:00+00:00
1773504000000,70609.9,70657.7,70528.9,70600.6,3.60352258,2026-03-14 16:00:00+00:00
1773504900000,70600.6,70667.7,70600.5,70667.6,0.99913918,2026-03-14 16:15:00+00:00
1773505800000,70667.7,70685.9,70650.9,70665.1,2.32344584,2026-03-14 16:30:00+00:00
1773506700000,70665.0,70714.3,70618.8,70695.2,0.72098057,2026-03-14 16:45:00+00:00
1773507600000,70695.3,70695.4,70668.8,70695.4,1.05711051,2026-03-14 17:00:00+00:00
1773508500000,70695.4,70740.6,70693.1,70739.4,2.18614589,2026-03-14 17:15:00+00:00
1773509400000,70739.4,70741.8,70646.7,70676.0,3.36455081,2026-03-14 17:30:00+00:00
1773510300000,70676.0,70676.0,70602.3,70630.8,1.20405843,2026-03-14 17:45:00+00:00
1773511200000,70630.8,70630.8,70589.4,70599.8,0.85516998,2026-03-14 18:00:00+00:00
1773512100000,70599.8,70637.4,70582.0,70637.3,1.54699746,2026-03-14 18:15:00+00:00
1773513000000,70637.3,70683.5,70637.2,70666.0,0.95364515,2026-03-14 18:30:00+00:00
1773513900000,70666.0,70706.7,70665.5,70688.9,1.91647282,2026-03-14 18:45:00+00:00
1773514800000,70689.0,70689.0,70616.2,70684.6,0.8765107,2026-03-14 19:00:00+00:00
1773515700000,70684.6,70719.8,70683.3,70687.8,1.62727833,2026-03-14 19:15:00+00:00
1773516600000,70687.9,70725.8,70663.0,70725.8,1.71264239,2026-03-14 19:30:00+00:00
1773517500000,70725.8,70743.0,70712.3,70715.9,2.37107726,2026-03-14 19:45:00+00:00
1773518400000,70716.0,70716.0,70669.9,70703.9,6.09983859,2026-03-14 20:00:00+00:00
1773519300000,70703.9,70766.1,70703.8,70763.7,1.68202575,2026-03-14 20:15:00+00:00
1773520200000,70763.8,70862.2,70763.7,70850.1,6.38578078,2026-03-14 20:30:00+00:00
1773521100000,70867.2,70867.2,70824.6,70833.1,5.36152686,2026-03-14 20:45:00+00:00
1773522000000,70833.0,70833.0,70693.0,70693.0,2.79041761,2026-03-14 21:00:00+00:00
1773522900000,70693.1,70716.8,70693.1,70705.8,2.95916924,2026-03-14 21:15:00+00:00
1773523800000,70705.8,70766.7,70705.7,70766.6,4.25375689,2026-03-14 21:30:00+00:00
1773524700000,70766.7,70824.6,70723.2,70808.2,2.02062567,2026-03-14 21:45:00+00:00
1773525600000,70808.2,70808.2,70750.4,70750.5,1.4681006,2026-03-14 22:00:00+00:00
1773526500000,70750.5,70770.2,70721.6,70770.1,5.28251414,2026-03-14 22:15:00+00:00
1773527400000,70770.2,70812.7,70744.9,70770.0,2.65340058,2026-03-14 22:30:00+00:00
1773528300000,70770.1,70770.1,70720.3,70726.0,3.22268414,2026-03-14 22:45:00+00:00
1773529200000,70726.0,71097.1,70726.0,71024.1,28.36075118,2026-03-14 23:00:00+00:00
1773530100000,71024.0,71066.1,70924.8,71045.6,7.68205497,2026-03-14 23:15:00+00:00
1773531000000,71045.7,71217.5,71045.6,71192.1,6.30863064,2026-03-14 23:30:00+00:00
1773531900000,71192.2,71246.9,71131.2,71210.6,2.81502009,2026-03-14 23:45:00+00:00
1773532800000,71210.6,71210.6,71048.9,71098.7,3.60520556,2026-03-15 00:00:00+00:00
1773533700000,71098.8,71216.7,71021.3,71110.7,5.51009713,2026-03-15 00:15:00+00:00
1773534600000,71100.1,71126.1,71000.0,71087.2,2.32482029,2026-03-15 00:30:00+00:00
1773535500000,71087.3,71087.3,70978.7,71015.1,4.60619304,2026-03-15 00:45:00+00:00
1773536400000,71015.1,71041.2,70921.5,70965.2,4.88477284,2026-03-15 01:00:00+00:00
1773537300000,70965.1,71009.9,70929.9,70942.9,4.29446028,2026-03-15 01:15:00+00:00
1773538200000,70942.9,70964.8,70885.7,70955.1,14.58206565,2026-03-15 01:30:00+00:00
1773539100000,70955.1,71044.0,70921.1,71020.4,5.10371004,2026-03-15 01:45:00+00:00
1773540000000,71020.4,71373.6,71020.4,71300.1,26.08522665,2026-03-15 02:00:00+00:00
1773540900000,71300.1,71352.0,71229.3,71287.3,1.93315469,2026-03-15 02:15:00+00:00
1773541800000,71287.2,71408.4,71184.8,71408.4,22.20163336,2026-03-15 02:30:00+00:00
1773542700000,71410.4,71617.6,71386.2,71473.4,46.19945619,2026-03-15 02:45:00+00:00
1773543600000,71473.4,71526.7,71421.3,71466.1,9.3169092,2026-03-15 03:00:00+00:00
1773544500000,71466.1,71466.1,71350.0,71350.1,8.67002877,2026-03-15 03:15:00+00:00
1773545400000,71350.1,71437.2,71262.8,71336.9,5.78074997,2026-03-15 03:30:00+00:00
1773546300000,71336.9,71358.6,71288.1,71358.5,2.77599506,2026-03-15 03:45:00+00:00
1773547200000,71358.6,71643.5,71352.5,71600.3,9.99405915,2026-03-15 04:00:00+00:00
1773548100000,71600.4,71653.2,71521.0,71554.1,8.75877163,2026-03-15 04:15:00+00:00
1773549000000,71554.2,71584.9,71478.1,71584.6,4.33403995,2026-03-15 04:30:00+00:00
1773549900000,71584.6,71608.1,71504.3,71578.1,7.53131316,2026-03-15 04:45:00+00:00
1773550800000,71598.0,71598.0,71500.0,71534.7,3.11379364,2026-03-15 05:00:00+00:00
1773551700000,71534.7,71777.0,71534.7,71636.7,19.02343398,2026-03-15 05:15:00+00:00
1773552600000,71636.8,71707.7,71596.0,71658.4,2.44785305,2026-03-15 05:30:00+00:00
1773553500000,71658.3,71658.4,71502.6,71515.4,5.90683773,2026-03-15 05:45:00+00:00
1773554400000,71515.4,71595.3,71496.9,71568.7,5.13368906,2026-03-15 06:00:00+00:00
1773555300000,71568.8,71585.3,71483.6,71483.6,0.9682677,2026-03-15 06:15:00+00:00
1773556200000,71483.7,71483.7,71410.1,71439.0,3.61030146,2026-03-15 06:30:00+00:00
1773557100000,71434.6,71483.3,71431.2,71463.2,3.01629509,2026-03-15 06:45:00+00:00
1773558000000,71463.2,71666.1,71450.0,71638.7,7.92530784,2026-03-15 07:00:00+00:00
1773558900000,71638.7,71673.7,71592.9,71596.0,1.87946788,2026-03-15 07:15:00+00:00
1773559800000,71596.1,71596.1,71476.2,71476.2,5.20838146,2026-03-15 07:30:00+00:00
1773560700000,71476.3,71476.3,71430.9,71451.6,2.29832811,2026-03-15 07:45:00+00:00
1773561600000,71451.7,71633.4,71451.7,71617.1,9.1875916,2026-03-15 08:00:00+00:00
1773562500000,71617.1,71670.4,71583.8,71610.5,6.18124947,2026-03-15 08:15:00+00:00
1773563400000,71610.5,71610.6,71517.3,71575.7,0.54079415,2026-03-15 08:30:00+00:00
1773564300000,71575.7,71729.5,71575.7,71728.4,15.50425372,2026-03-15 08:45:00+00:00
1773565200000,71727.1,71909.9,71727.1,71835.5,21.26992897,2026-03-15 09:00:00+00:00
1773566100000,71835.5,72000.0,71828.2,71850.1,84.03388036,2026-03-15 09:15:00+00:00
1773567000000,71850.1,71875.3,71755.8,71780.5,6.81823466,2026-03-15 09:30:00+00:00
1773567900000,71780.5,71837.3,71738.5,71832.6,13.72327326,2026-03-15 09:45:00+00:00
1773568800000,71832.7,71851.6,71745.9,71820.6,1.45460254,2026-03-15 10:00:00+00:00
1773569700000,71820.6,71925.2,71820.5,71859.5,5.14834984,2026-03-15 10:15:00+00:00
1773570600000,71859.4,71871.9,71823.8,71831.1,2.19734211,2026-03-15 10:30:00+00:00
1773571500000,71831.1,71831.1,71810.4,71810.5,1.31590468,2026-03-15 10:45:00+00:00
1773572400000,71810.5,71810.5,71729.8,71729.9,0.92903262,2026-03-15 11:00:00+00:00
1773573300000,71729.9,71811.6,71690.8,71719.7,2.82487286,2026-03-15 11:15:00+00:00
1773574200000,71718.0,71754.5,71685.9,71754.5,6.82539323,2026-03-15 11:30:00+00:00
1773575100000,71755.6,71891.5,71755.6,71862.4,4.53447467,2026-03-15 11:45:00+00:00
1773576000000,71862.4,71862.4,71720.3,71720.4,9.37086845,2026-03-15 12:00:00+00:00
1773576900000,71720.4,71746.7,71701.7,71707.8,3.65911829,2026-03-15 12:15:00+00:00
1773577800000,71707.8,71739.9,71600.0,71600.0,6.12537102,2026-03-15 12:30:00+00:00
1773578700000,71600.0,71662.6,71586.2,71627.6,3.59376341,2026-03-15 12:45:00+00:00
1773579600000,71627.6,71691.7,71288.7,71450.9,31.97235976,2026-03-15 13:00:00+00:00
1773580500000,71450.8,71552.6,71298.2,71538.4,12.06839955,2026-03-15 13:15:00+00:00
1773581400000,71538.4,71578.7,71305.6,71445.1,14.80307553,2026-03-15 13:30:00+00:00
1773582300000,71450.1,71617.7,71408.7,71610.2,9.93457311,2026-03-15 13:45:00+00:00
1773583200000,71610.2,71616.9,71545.3,71585.1,6.70323106,2026-03-15 14:00:00+00:00
1773584100000,71585.2,71585.2,71435.9,71474.7,7.73045948,2026-03-15 14:15:00+00:00
1773585000000,71474.7,71488.2,71358.6,71488.2,5.89926692,2026-03-15 14:30:00+00:00
1773585900000,71488.2,71625.1,71446.4,71614.4,13.05952214,2026-03-15 14:45:00+00:00
1773586800000,71614.5,71625.1,71514.6,71557.9,2.552949,2026-03-15 15:00:00+00:00
1773587700000,71558.0,71604.6,71471.1,71471.2,5.64892372,2026-03-15 15:15:00+00:00
1773588600000,71471.3,71550.1,71431.4,71496.1,4.39208589,2026-03-15 15:30:00+00:00
1773589500000,71496.1,71531.8,71492.5,71495.5,6.50861209,2026-03-15 15:45:00+00:00
1773590400000,71495.5,71597.0,71472.5,71555.1,3.00367059,2026-03-15 16:00:00+00:00
1773591300000,71566.8,71579.2,71352.4,71395.2,15.3072658,2026-03-15 16:15:00+00:00
1773592200000,71398.8,71496.3,71360.0,71469.5,9.41187628,2026-03-15 16:30:00+00:00
1773593100000,71469.5,71469.5,71358.6,71441.4,5.10686465,2026-03-15 16:45:00+00:00
1773594000000,71441.4,71518.8,71432.4,71485.7,1.90096655,2026-03-15 17:00:00+00:00
1773594900000,71485.7,71539.1,71472.4,71524.7,3.77732181,2026-03-15 17:15:00+00:00
1773595800000,71524.8,71549.9,71505.9,71534.8,1.45495483,2026-03-15 17:30:00+00:00
1773596700000,71534.8,72016.0,71534.7,71830.9,27.56083364,2026-03-15 17:45:00+00:00
1773597600000,71830.9,71875.5,71721.9,71733.6,1.67812043,2026-03-15 18:00:00+00:00
1773598500000,71733.6,71777.7,71710.7,71717.0,1.30238559,2026-03-15 18:15:00+00:00
1773599400000,71724.1,71829.5,71714.2,71714.2,15.10007028,2026-03-15 18:30:00+00:00
1773600300000,71714.2,71714.3,71345.1,71388.0,17.98925542,2026-03-15 18:45:00+00:00
1773601200000,71388.1,71525.0,71350.3,71500.6,6.01892059,2026-03-15 19:00:00+00:00
1773602100000,71500.6,71563.6,71435.0,71556.4,1.96321948,2026-03-15 19:15:00+00:00
1773603000000,71556.4,71569.6,71476.4,71518.7,17.50741056,2026-03-15 19:30:00+00:00
1773603900000,71518.7,71569.6,71488.1,71567.2,1.29900589,2026-03-15 19:45:00+00:00
1773604800000,71567.2,71567.2,71525.8,71543.5,1.98962523,2026-03-15 20:00:00+00:00
1773605700000,71543.6,71582.4,71455.8,71481.6,2.24998161,2026-03-15 20:15:00+00:00
1773606600000,71481.7,71938.1,71481.7,71866.7,31.47628153,2026-03-15 20:30:00+00:00
1773607500000,71866.6,71875.7,71745.1,71745.1,4.84758361,2026-03-15 20:45:00+00:00
1773608400000,71745.1,71745.1,71655.5,71655.6,1.8347879,2026-03-15 21:00:00+00:00
1773609300000,71655.6,71809.8,71655.6,71773.6,5.38769285,2026-03-15 21:15:00+00:00
1773610200000,71773.7,72200.0,71773.7,72112.0,51.90526615,2026-03-15 21:30:00+00:00
1773611100000,72112.0,72230.6,72041.0,72116.1,10.74070443,2026-03-15 21:45:00+00:00
1773612000000,72116.2,72300.0,71783.3,71812.0,22.37441357,2026-03-15 22:00:00+00:00
1773612900000,71811.9,71969.5,71731.3,71920.4,2.62607376,2026-03-15 22:15:00+00:00
1773613800000,71941.5,72500.0,71941.4,72371.3,28.96718946,2026-03-15 22:30:00+00:00
1773614700000,72396.0,73095.4,72396.0,72729.5,95.57827398,2026-03-15 22:45:00+00:00
1773615600000,72744.8,73200.0,72744.8,72969.1,33.37597643,2026-03-15 23:00:00+00:00
1773616500000,72989.0,73121.9,72500.0,72516.5,41.59078783,2026-03-15 23:15:00+00:00
1773617400000,72500.1,72754.4,72440.3,72685.1,50.28749538,2026-03-15 23:30:00+00:00
1773618300000,72698.2,72846.2,72580.8,72835.7,8.8476051,2026-03-15 23:45:00+00:00
1773619200000,72826.7,73007.8,72716.7,72716.7,55.41689558,2026-03-16 00:00:00+00:00
1773620100000,72728.7,72887.7,72520.4,72520.4,6.45405243,2026-03-16 00:15:00+00:00
1773621000000,72520.5,72679.1,72469.0,72539.3,21.42997796,2026-03-16 00:30:00+00:00
1773621900000,72539.3,72675.7,72535.5,72541.3,4.21680118,2026-03-16 00:45:00+00:00
1773622800000,72541.3,72613.7,72304.0,72317.6,17.45846015,2026-03-16 01:00:00+00:00
1773623700000,72317.6,72685.5,72317.6,72660.6,11.45701739,2026-03-16 01:15:00+00:00
1773624600000,72660.6,72667.4,72507.5,72607.1,7.17142026,2026-03-16 01:30:00+00:00
1773625500000,72607.1,72850.1,72594.1,72738.2,12.41850176,2026-03-16 01:45:00+00:00
1773626400000,72752.4,72850.2,72686.3,72703.9,9.55277915,2026-03-16 02:00:00+00:00
1773627300000,72704.0,72749.9,72415.3,72452.1,10.56059166,2026-03-16 02:15:00+00:00
1773628200000,72452.2,72469.5,72375.1,72437.5,10.76842207,2026-03-16 02:30:00+00:00
1773629100000,72437.6,72595.2,72436.2,72541.9,8.78341396,2026-03-16 02:45:00+00:00
1773630000000,72542.0,72604.0,72445.5,72543.5,2.44296003,2026-03-16 03:00:00+00:00
1773630900000,72543.4,72885.2,72521.3,72865.8,17.59372278,2026-03-16 03:15:00+00:00
1773631800000,72862.5,74295.9,72862.5,73737.1,464.40402332,2026-03-16 03:30:00+00:00
1773632700000,73758.6,73861.1,73561.7,73582.5,32.43005176,2026-03-16 03:45:00+00:00
1773633600000,73582.5,73799.9,73582.4,73682.8,42.41040341,2026-03-16 04:00:00+00:00
1773634500000,73689.2,74045.3,73605.5,73611.2,31.78275357,2026-03-16 04:15:00+00:00
1773635400000,73611.2,73819.1,73611.1,73651.1,16.69956043,2026-03-16 04:30:00+00:00
1773636300000,73651.1,74424.0,73608.3,73842.1,45.93338689,2026-03-16 04:45:00+00:00
1773637200000,73842.1,74084.0,73756.2,73866.9,43.64076968,2026-03-16 05:00:00+00:00
1773638100000,73866.9,73956.7,73799.0,73916.7,19.85554147,2026-03-16 05:15:00+00:00
1773639000000,73916.7,74083.0,73743.5,74045.1,12.79450199,2026-03-16 05:30:00+00:00
1773639900000,74061.9,74235.6,74005.7,74196.9,41.42109914,2026-03-16 05:45:00+00:00
1773640800000,74197.0,74197.0,73615.6,73703.3,25.52202984,2026-03-16 06:00:00+00:00
1773641700000,73707.7,73831.5,73701.6,73721.4,9.94638423,2026-03-16 06:15:00+00:00
1773642600000,73721.4,73852.9,73721.4,73834.4,32.5149447,2026-03-16 06:30:00+00:00
1773643500000,73834.3,73834.3,73717.8,73717.8,8.71673849,2026-03-16 06:45:00+00:00
1773644400000,73717.9,73923.0,73673.8,73876.4,4.66494024,2026-03-16 07:00:00+00:00
1773645300000,73876.3,73876.3,73717.5,73840.2,17.57111374,2026-03-16 07:15:00+00:00
1773646200000,73840.3,73860.0,73466.2,73500.0,38.13538617,2026-03-16 07:30:00+00:00
1773647100000,73500.0,73512.6,73409.5,73456.6,10.56247849,2026-03-16 07:45:00+00:00
1773648000000,73456.6,73774.6,73456.6,73515.7,35.8009765,2026-03-16 08:00:00+00:00
1773648900000,73515.8,73561.4,73363.9,73366.3,32.38365931,2026-03-16 08:15:00+00:00
1773649800000,73366.3,73373.6,72884.4,72884.4,59.63697937,2026-03-16 08:30:00+00:00
1773650700000,72884.5,73179.8,72884.5,73134.7,16.34339204,2026-03-16 08:45:00+00:00
1773651600000,73134.6,73210.1,73069.3,73168.0,13.97984529,2026-03-16 09:00:00+00:00
1773652500000,73162.7,73288.0,73154.5,73267.0,14.32420974,2026-03-16 09:15:00+00:00
1773653400000,73275.1,73275.2,73209.2,73209.2,7.3924785,2026-03-16 09:30:00+00:00
1773654300000,73209.3,73330.4,73209.2,73257.2,14.50796725,2026-03-16 09:45:00+00:00
1773655200000,73257.3,73455.9,73257.3,73336.4,15.09050472,2026-03-16 10:00:00+00:00
1773656100000,73336.4,73491.2,73325.0,73438.3,22.28096706,2026-03-16 10:15:00+00:00
1773657000000,73451.6,73451.6,73220.0,73264.0,5.0558631,2026-03-16 10:30:00+00:00
1773657900000,73259.1,73782.8,73259.0,73782.8,78.21122349,2026-03-16 10:45:00+00:00
1773658800000,73791.6,73843.6,73617.2,73619.1,14.45285355,2026-03-16 11:00:00+00:00
1773659700000,73619.1,73752.6,73565.7,73565.7,22.04306167,2026-03-16 11:15:00+00:00
1773660600000,73565.8,73653.7,73545.7,73640.4,13.32849955,2026-03-16 11:30:00+00:00
1773661500000,73620.5,73669.8,73545.6,73554.1,3.14490597,2026-03-16 11:45:00+00:00
1773662400000,73554.1,73790.7,73481.2,73610.2,27.44340219,2026-03-16 12:00:00+00:00
1773663300000,73610.1,73886.4,73500.0,73886.4,30.34139468,2026-03-16 12:15:00+00:00
1773664200000,73889.0,74042.3,73761.7,73831.2,41.1368568,2026-03-16 12:30:00+00:00
1773665100000,73831.3,73886.3,73733.9,73863.1,5.05595556,2026-03-16 12:45:00+00:00
1773666000000,73880.1,74002.6,73845.2,73977.4,11.73153829,2026-03-16 13:00:00+00:00
1773666900000,73977.3,73998.7,73811.2,73911.4,3.89061179,2026-03-16 13:15:00+00:00
1773667800000,73911.4,74500.0,73869.1,74100.0,131.30364662,2026-03-16 13:30:00+00:00
1773668700000,74099.9,74406.2,73898.0,74122.1,33.86099293,2026-03-16 13:45:00+00:00
1773669600000,74122.1,74467.1,73990.1,74347.5,28.14576131,2026-03-16 14:00:00+00:00
1773670500000,74333.9,74394.8,73647.6,73647.7,50.94810847,2026-03-16 14:15:00+00:00
1773671400000,73647.7,73647.7,73016.5,73154.4,65.66079197,2026-03-16 14:30:00+00:00
1773672300000,73154.5,73584.4,73015.7,73556.2,30.98750634,2026-03-16 14:45:00+00:00
1773673200000,73556.2,73793.2,73344.1,73709.8,126.67607974,2026-03-16 15:00:00+00:00
1773674100000,73697.9,73924.5,73597.9,73858.3,41.2780604,2026-03-16 15:15:00+00:00
1773675000000,73859.4,74046.6,73523.9,73577.8,136.47453803,2026-03-16 15:30:00+00:00
1773675900000,73577.8,73606.8,73218.3,73292.1,25.52821936,2026-03-16 15:45:00+00:00
1773676800000,73292.2,73488.8,73167.8,73331.6,35.2065727,2026-03-16 16:00:00+00:00
1773677700000,73331.6,73491.2,73331.6,73425.1,24.59145226,2026-03-16 16:15:00+00:00
1773678600000,73425.1,73667.7,73333.0,73661.1,40.57755943,2026-03-16 16:30:00+00:00
1773679500000,73661.0,73915.6,73623.3,73765.1,30.57978218,2026-03-16 16:45:00+00:00
1773680400000,73765.1,73933.4,73709.7,73869.7,26.42067536,2026-03-16 17:00:00+00:00
1773681300000,73850.1,73888.0,73694.8,73694.8,9.61658163,2026-03-16 17:15:00+00:00
1773682200000,73701.9,73968.0,73660.6,73921.4,14.03988427,2026-03-16 17:30:00+00:00
1773683100000,73921.4,74047.7,73781.4,73954.7,18.83418703,2026-03-16 17:45:00+00:00
1773684000000,73954.7,74337.1,73933.7,74209.4,44.53493422,2026-03-16 18:00:00+00:00
1773684900000,74209.4,74296.9,74132.1,74249.5,19.56914277,2026-03-16 18:15:00+00:00
1773685800000,74249.5,74359.6,74037.7,74206.7,52.11549525,2026-03-16 18:30:00+00:00
1773686700000,74207.0,74207.0,73875.1,73895.7,28.83490576,2026-03-16 18:45:00+00:00
1773687600000,73907.0,74400.0,73805.5,74186.2,57.71490709,2026-03-16 19:00:00+00:00
1773688500000,74186.1,74270.6,73989.4,74115.5,34.31870222,2026-03-16 19:15:00+00:00
1773689400000,74115.5,74255.9,74115.5,74169.4,31.84924977,2026-03-16 19:30:00+00:00
1773690300000,74150.7,74155.8,73875.2,73976.5,44.17987793,2026-03-16 19:45:00+00:00
1773691200000,73975.4,74001.7,73864.6,73890.6,20.39464697,2026-03-16 20:00:00+00:00
1773692100000,73890.6,74070.0,73890.6,74014.9,22.27654901,2026-03-16 20:15:00+00:00
1773693000000,74010.1,74113.4,74002.5,74055.2,7.17468792,2026-03-16 20:30:00+00:00
1773693900000,74055.2,74250.0,74055.2,74250.0,12.77838702,2026-03-16 20:45:00+00:00
1773694800000,74250.0,74500.0,74179.3,74362.7,49.87228257,2026-03-16 21:00:00+00:00
1773695700000,74365.5,74470.3,74225.8,74264.0,12.34748132,2026-03-16 21:15:00+00:00
1773696600000,74264.0,74792.7,74263.9,74420.7,286.34768267,2026-03-16 21:30:00+00:00
1773697500000,74420.7,74611.0,74382.0,74406.1,9.55402007,2026-03-16 21:45:00+00:00
1773698400000,74402.8,74897.7,74402.7,74870.0,30.82358808,2026-03-16 22:00:00+00:00
1773699300000,74869.9,74898.5,74600.4,74667.1,19.67199071,2026-03-16 22:15:00+00:00
1773700200000,74667.1,74781.4,74623.9,74756.9,11.63708657,2026-03-16 22:30:00+00:00
1773701100000,74756.9,74859.2,74686.8,74750.1,26.86158346,2026-03-16 22:45:00+00:00
1773702000000,74750.2,74753.5,74262.5,74409.8,29.3504424,2026-03-16 23:00:00+00:00
1773702900000,74409.7,74600.0,74409.7,74600.0,27.32322905,2026-03-16 23:15:00+00:00
1773703800000,74600.0,74900.0,74594.4,74885.6,19.34274587,2026-03-16 23:30:00+00:00
1773704700000,74885.6,74901.3,74703.2,74887.7,36.5407894,2026-03-16 23:45:00+00:00
1773705600000,74887.7,75464.8,74637.3,75406.3,164.50042704,2026-03-17 00:00:00+00:00
1773706500000,75406.4,75485.0,74843.9,75060.4,59.16607902,2026-03-17 00:15:00+00:00
1773707400000,75060.4,75225.7,74933.2,75007.2,19.36810245,2026-03-17 00:30:00+00:00
1773708300000,75007.2,75303.3,74936.1,75303.2,24.90832516,2026-03-17 00:45:00+00:00
1773709200000,75303.3,75979.5,75085.5,75834.9,194.62594634,2026-03-17 01:00:00+00:00
1773710100000,75834.9,75965.8,75621.8,75925.1,24.26124717,2026-03-17 01:15:00+00:00
1775277000000,66843.0,66843.0,66842.9,66843.0,0.3412115,2026-04-04 04:30:00+00:00
1775277900000,66843.0,66870.5,66842.9,66858.8,8.89698933,2026-04-04 04:45:00+00:00
1775278800000,66858.8,66892.4,66858.7,66864.9,15.06262503,2026-04-04 05:00:00+00:00
1775279700000,66864.8,66873.1,66855.4,66857.0,39.39964233,2026-04-04 05:15:00+00:00
1775280600000,66857.1,66929.1,66857.0,66892.6,10.86705134,2026-04-04 05:30:00+00:00
1775281500000,66892.7,66913.5,66892.6,66912.9,54.53801973,2026-04-04 05:45:00+00:00
1775282400000,66903.5,66932.9,66898.8,66932.8,10.87751127,2026-04-04 06:00:00+00:00
1775283300000,66932.9,66939.8,66918.4,66924.9,1.80637176,2026-04-04 06:15:00+00:00
1775284200000,66939.1,66951.9,66910.9,66951.9,6.92257748,2026-04-04 06:30:00+00:00
1775285100000,66952.4,67023.0,66952.4,67013.9,29.66232796,2026-04-04 06:45:00+00:00
1775286000000,67014.0,67014.0,66980.5,66991.0,16.137781,2026-04-04 07:00:00+00:00
1775286900000,66992.9,66993.0,66948.1,66964.4,48.84876905,2026-04-04 07:15:00+00:00
1775287800000,66954.7,66978.0,66954.6,66974.0,4.66794752,2026-04-04 07:30:00+00:00
1775288700000,66974.1,67033.8,66967.0,67022.9,4.18561618,2026-04-04 07:45:00+00:00
1775289600000,67022.9,67022.9,66997.3,67001.0,8.22185258,2026-04-04 08:00:00+00:00
1775290500000,67001.0,67033.8,67000.7,67026.0,1.02589515,2026-04-04 08:15:00+00:00
1775291400000,67026.0,67026.0,66963.0,66963.1,0.94384908,2026-04-04 08:30:00+00:00
1775292300000,66963.1,66963.1,66918.0,66918.1,0.31455028,2026-04-04 08:45:00+00:00
1775293200000,66918.1,66970.8,66918.1,66970.7,2.31746434,2026-04-04 09:00:00+00:00
1775294100000,66970.8,66978.0,66948.5,66951.7,7.62112241,2026-04-04 09:15:00+00:00
1775295000000,66958.1,66958.6,66958.0,66958.3,1.94533772,2026-04-04 09:30:00+00:00
1775295900000,66958.3,66958.4,66958.3,66958.4,0.69215613,2026-04-04 09:45:00+00:00
1775296800000,66958.4,66993.0,66920.0,66920.1,3.17719209,2026-04-04 10:00:00+00:00
1775297700000,66920.0,66920.1,66918.4,66920.0,0.62930577,2026-04-04 10:15:00+00:00
1775298600000,66920.0,67038.0,66918.0,67038.0,1.48608076,2026-04-04 10:30:00+00:00
1775299500000,67038.0,67174.9,67037.9,67151.2,32.76411087,2026-04-04 10:45:00+00:00
1775300400000,67151.3,67203.0,67151.2,67152.6,7.1352264,2026-04-04 11:00:00+00:00
1775301300000,67152.5,67152.6,67087.8,67099.1,26.4946992,2026-04-04 11:15:00+00:00
1775302200000,67099.1,67128.0,67089.1,67128.0,2.24942957,2026-04-04 11:30:00+00:00
1775303100000,67127.9,67128.0,67113.0,67121.9,1.47910637,2026-04-04 11:45:00+00:00
1775304000000,67128.0,67151.8,67082.4,67089.0,13.14619698,2026-04-04 12:00:00+00:00
1775304900000,67089.1,67109.5,67089.0,67097.4,1.69399974,2026-04-04 12:15:00+00:00
1775305800000,67097.3,67097.4,67060.0,67060.1,2.64657173,2026-04-04 12:30:00+00:00
1775306700000,67060.1,67080.6,67060.0,67080.6,3.78139506,2026-04-04 12:45:00+00:00
1775307600000,67080.6,67080.6,67069.1,67077.3,1.60589348,2026-04-04 13:00:00+00:00
1775308500000,67077.2,67112.4,67077.2,67112.4,10.17518426,2026-04-04 13:15:00+00:00
1775309400000,67108.6,67259.2,67101.1,67236.2,6.02156472,2026-04-04 13:30:00+00:00
1775310300000,67236.1,67236.2,67173.0,67174.1,16.90058378,2026-04-04 13:45:00+00:00
1775311200000,67184.2,67213.0,67184.2,67199.1,9.18975395,2026-04-04 14:00:00+00:00
1775312100000,67199.1,67199.2,67170.5,67171.5,4.23655062,2026-04-04 14:15:00+00:00
1775313000000,67173.8,67173.8,67033.9,67102.0,16.92699383,2026-04-04 14:30:00+00:00
1775313900000,67102.0,67200.0,67101.9,67200.0,2.69286091,2026-04-04 14:45:00+00:00
1775314800000,67200.0,67500.0,67179.8,67355.6,31.35093876,2026-04-04 15:00:00+00:00
1775315700000,67355.6,67449.9,67293.1,67328.3,15.61390016,2026-04-04 15:15:00+00:00
1775316600000,67328.3,67328.3,67278.0,67318.6,11.28263618,2026-04-04 15:30:00+00:00
1775317500000,67316.5,67362.0,67293.0,67361.9,13.02365392,2026-04-04 15:45:00+00:00
1775318400000,67362.0,67379.9,67323.9,67330.0,12.59194413,2026-04-04 16:00:00+00:00
1775319300000,67329.0,67458.0,67323.0,67439.3,9.55599926,2026-04-04 16:15:00+00:00
1775320200000,67439.3,67500.2,67387.5,67483.7,9.61181625,2026-04-04 16:30:00+00:00
1775321100000,67493.8,67501.3,67360.9,67361.0,6.27814437,2026-04-04 16:45:00+00:00
1775322000000,67361.0,67361.6,67300.0,67352.8,21.95378159,2026-04-04 17:00:00+00:00
1775322900000,67352.9,67394.1,67344.3,67374.0,17.56583025,2026-04-04 17:15:00+00:00
1775323800000,67374.1,67383.1,67331.3,67331.4,7.14262293,2026-04-04 17:30:00+00:00
1775324700000,67331.4,67333.8,67310.6,67310.6,25.16671174,2026-04-04 17:45:00+00:00
1775325600000,67310.7,67330.8,67300.0,67316.5,4.61178929,2026-04-04 18:00:00+00:00
1775326500000,67316.5,67350.0,67316.5,67328.8,2.58365489,2026-04-04 18:15:00+00:00
1775327400000,67328.9,67328.9,67293.8,67293.8,6.70396649,2026-04-04 18:30:00+00:00
1775328300000,67293.7,67293.7,67264.0,67293.0,1.52262111,2026-04-04 18:45:00+00:00
1775329200000,67293.0,67463.6,67292.2,67463.6,9.25838217,2026-04-04 19:00:00+00:00
1775330100000,67465.5,67534.0,67361.4,67364.6,5.81941801,2026-04-04 19:15:00+00:00
1775331000000,67364.6,67364.6,67278.0,67278.0,2.32680588,2026-04-04 19:30:00+00:00
1775331900000,67278.0,67300.0,67278.0,67283.0,1.78163009,2026-04-04 19:45:00+00:00
1775332800000,67283.1,67283.1,67189.7,67214.5,9.84859522,2026-04-04 20:00:00+00:00
1775333700000,67214.5,67263.0,67214.5,67263.0,11.70634004,2026-04-04 20:15:00+00:00
1775334600000,67263.0,67283.0,67247.5,67247.5,30.08922328,2026-04-04 20:30:00+00:00
1775335500000,67247.6,67269.0,67247.5,67258.8,5.68033686,2026-04-04 20:45:00+00:00
1775336400000,67258.9,67277.5,67203.2,67215.0,8.37506161,2026-04-04 21:00:00+00:00
1775337300000,67215.1,67259.7,67215.0,67258.2,4.73215128,2026-04-04 21:15:00+00:00
1775338200000,67258.2,67308.0,67258.1,67306.2,23.84402923,2026-04-04 21:30:00+00:00
1775339100000,67306.1,67459.1,67306.0,67347.2,4.88763243,2026-04-04 21:45:00+00:00
1775340000000,67347.3,67388.1,67338.0,67381.7,6.75233647,2026-04-04 22:00:00+00:00
1775340900000,67380.0,67440.1,67380.0,67413.5,10.71710675,2026-04-04 22:15:00+00:00
1775341800000,67413.6,67443.0,67390.6,67442.9,4.95807688,2026-04-04 22:30:00+00:00
1775342700000,67443.0,67443.0,67371.7,67375.5,3.0107013,2026-04-04 22:45:00+00:00
1775343600000,67375.5,67377.5,67326.6,67360.0,9.29272552,2026-04-04 23:00:00+00:00
1775344500000,67360.0,67360.0,67300.1,67300.1,1.08302567,2026-04-04 23:15:00+00:00
1775345400000,67300.1,67300.1,67258.5,67292.9,3.59085313,2026-04-04 23:30:00+00:00
1775346300000,67293.0,67300.1,67263.0,67283.8,7.80166396,2026-04-04 23:45:00+00:00
1775347200000,67283.8,67283.8,67229.2,67232.8,4.06258335,2026-04-05 00:00:00+00:00
1775348100000,67232.8,67236.7,67218.4,67236.7,10.3426158,2026-04-05 00:15:00+00:00
1775349000000,67236.7,67236.7,67224.7,67233.4,5.62812396,2026-04-05 00:30:00+00:00
1775349900000,67234.5,67234.6,67158.1,67188.3,9.9436843,2026-04-05 00:45:00+00:00
1775350800000,67179.0,67202.6,67113.0,67173.0,8.4577889,2026-04-05 01:00:00+00:00
1775351700000,67173.0,67173.0,67118.0,67118.0,6.45376836,2026-04-05 01:15:00+00:00
1775352600000,67118.0,67118.0,67080.0,67085.8,2.11276824,2026-04-05 01:30:00+00:00
1775353500000,67085.9,67089.0,67082.1,67082.1,1.27744421,2026-04-05 01:45:00+00:00
1775354400000,67080.1,67080.1,66968.4,66980.4,18.57161205,2026-04-05 02:00:00+00:00
1775355300000,66990.6,67137.2,66990.5,67122.9,6.66124798,2026-04-05 02:15:00+00:00
1775356200000,67122.9,67143.0,67117.2,67132.0,1.51134582,2026-04-05 02:30:00+00:00
1775357100000,67131.9,67142.0,67131.9,67141.9,2.03046329,2026-04-05 02:45:00+00:00
1775358000000,67142.0,67154.9,67141.9,67154.9,3.40592705,2026-04-05 03:00:00+00:00
1775358900000,67154.9,67154.9,67136.2,67136.2,1.10518287,2026-04-05 03:15:00+00:00
1775359800000,67136.2,67136.2,67098.0,67103.1,3.74143218,2026-04-05 03:30:00+00:00
1775360700000,67103.2,67113.0,67103.2,67113.0,0.86706781,2026-04-05 03:45:00+00:00
1775361600000,67113.0,67113.0,67058.6,67058.6,3.5098303,2026-04-05 04:00:00+00:00
1775362500000,67058.6,67158.0,67058.6,67158.0,3.10181273,2026-04-05 04:15:00+00:00
1775363400000,67158.0,67160.0,67116.4,67117.0,1.33611885,2026-04-05 04:30:00+00:00
1775364300000,67117.1,67117.1,67084.9,67087.5,0.63864543,2026-04-05 04:45:00+00:00
1775365200000,67087.5,67123.2,67087.4,67117.1,0.62389707,2026-04-05 05:00:00+00:00
1775366100000,67117.1,67117.1,67053.7,67077.0,0.66869213,2026-04-05 05:15:00+00:00
1775367000000,67077.1,67077.1,67053.0,67053.1,1.3303075,2026-04-05 05:30:00+00:00
1775367900000,67053.1,67067.1,66895.0,66910.3,9.32844954,2026-04-05 05:45:00+00:00
1775368800000,66910.3,66933.6,66620.4,66640.9,27.07693632,2026-04-05 06:00:00+00:00
1775369700000,66640.8,66775.8,66618.0,66748.5,9.41858019,2026-04-05 06:15:00+00:00
1775370600000,66748.6,66826.7,66748.6,66805.8,3.2063371,2026-04-05 06:30:00+00:00
1775371500000,66805.8,66828.0,66800.2,66802.9,6.34147039,2026-04-05 06:45:00+00:00
1775372400000,66800.1,66888.0,66800.0,66888.0,4.19285135,2026-04-05 07:00:00+00:00
1775373300000,66888.0,66888.0,66784.7,66784.9,1.38045875,2026-04-05 07:15:00+00:00
1775374200000,66784.9,66784.9,66712.3,66744.2,1.89835156,2026-04-05 07:30:00+00:00
1775375100000,66744.2,66798.0,66738.0,66797.9,2.38263838,2026-04-05 07:45:00+00:00
1775376000000,66798.0,66870.0,66798.0,66860.0,4.32802837,2026-04-05 08:00:00+00:00
1775376900000,66860.1,66885.3,66860.0,66866.7,1.74158614,2026-04-05 08:15:00+00:00
1775377800000,66866.7,66866.7,66843.0,66843.0,15.41326779,2026-04-05 08:30:00+00:00
1775378700000,66843.1,66915.6,66843.0,66915.6,9.37077729,2026-04-05 08:45:00+00:00
1775379600000,66915.6,66957.7,66900.8,66918.1,4.7997597,2026-04-05 09:00:00+00:00
1775380500000,66918.5,66999.9,66918.4,66999.9,4.42237588,2026-04-05 09:15:00+00:00
1775381400000,66999.9,66999.9,66978.6,66999.3,1.37809819,2026-04-05 09:30:00+00:00
1775382300000,66999.3,67029.4,66999.2,67029.4,15.67500202,2026-04-05 09:45:00+00:00
1775383200000,67029.4,67029.4,66976.8,66976.9,31.79477434,2026-04-05 10:00:00+00:00
1775384100000,66976.8,66976.9,66953.3,66964.5,4.79485574,2026-04-05 10:15:00+00:00
1775385000000,66964.5,67109.8,66964.4,67049.5,14.49637286,2026-04-05 10:30:00+00:00
1775385900000,67050.5,67050.5,66996.3,67027.4,9.78119976,2026-04-05 10:45:00+00:00
1775386800000,67028.5,67070.8,67022.6,67030.3,20.88716388,2026-04-05 11:00:00+00:00
1775387700000,67029.1,67063.5,66969.0,66979.1,18.27005423,2026-04-05 11:15:00+00:00
1775388600000,66979.2,67008.4,66970.0,66977.8,13.64331873,2026-04-05 11:30:00+00:00
1775389500000,66977.7,66977.8,66951.4,66960.9,23.74476924,2026-04-05 11:45:00+00:00
1775390400000,66960.9,66960.9,66910.4,66911.0,8.00096661,2026-04-05 12:00:00+00:00
1775391300000,66911.1,66911.1,66897.7,66897.8,4.06909318,2026-04-05 12:15:00+00:00
1775392200000,66897.7,66897.7,66701.0,66729.8,9.67413366,2026-04-05 12:30:00+00:00
1775393100000,66729.9,66772.2,66694.6,66760.1,7.29642672,2026-04-05 12:45:00+00:00
1775394000000,66760.1,66820.5,66760.0,66770.5,1.08149316,2026-04-05 13:00:00+00:00
1775394900000,66760.0,66835.5,66722.0,66722.1,5.61229696,2026-04-05 13:15:00+00:00
1775395800000,66722.1,66826.5,66690.0,66825.3,8.00142185,2026-04-05 13:30:00+00:00
1775396700000,66825.3,66887.8,66825.2,66880.8,1.79692671,2026-04-05 13:45:00+00:00
1775397600000,66880.8,66939.5,66859.0,66866.4,3.18570387,2026-04-05 14:00:00+00:00
1775398500000,66866.4,66889.7,66811.0,66889.6,6.12135589,2026-04-05 14:15:00+00:00
1775399400000,66889.6,66939.7,66876.4,66939.7,7.58631627,2026-04-05 14:30:00+00:00
1775400300000,66939.7,66939.7,66888.2,66910.3,25.52383119,2026-04-05 14:45:00+00:00
1775401200000,66910.4,66945.0,66810.8,66900.0,19.15886061,2026-04-05 15:00:00+00:00
1775402100000,66913.7,67500.0,66913.7,67471.8,36.72442472,2026-04-05 15:15:00+00:00
1775403000000,67471.8,67819.9,67307.4,67406.7,86.60802678,2026-04-05 15:30:00+00:00
1775403900000,67406.7,67425.7,67273.7,67273.7,12.06418576,2026-04-05 15:45:00+00:00
1775404800000,67273.8,67370.8,67261.6,67261.6,18.50700144,2026-04-05 16:00:00+00:00
1775405700000,67261.1,67350.0,67261.0,67310.7,1.18691854,2026-04-05 16:15:00+00:00
1775406600000,67310.7,67376.1,67254.3,67285.6,2.23297023,2026-04-05 16:30:00+00:00
1775407500000,67285.6,67285.6,67166.2,67183.8,3.92241566,2026-04-05 16:45:00+00:00
1775408400000,67183.8,67268.2,67183.7,67258.9,4.22992672,2026-04-05 17:00:00+00:00
1775409300000,67258.9,67310.0,67171.1,67309.9,1.88684619,2026-04-05 17:15:00+00:00
1775410200000,67310.0,67373.4,67296.7,67350.0,2.60729575,2026-04-05 17:30:00+00:00
1775411100000,67350.1,67356.6,67299.8,67332.3,3.23970669,2026-04-05 17:45:00+00:00
1775412000000,67342.2,67346.2,67268.5,67278.8,21.63120449,2026-04-05 18:00:00+00:00
1775412900000,67283.0,67313.0,67249.5,67273.5,2.56204206,2026-04-05 18:15:00+00:00
1775413800000,67273.6,67424.9,67273.6,67403.2,15.99416295,2026-04-05 18:30:00+00:00
1775414700000,67403.1,67420.0,67380.6,67380.7,6.1014144,2026-04-05 18:45:00+00:00
1775415600000,67380.7,67394.4,67351.0,67394.4,11.10405094,2026-04-05 19:00:00+00:00
1775416500000,67394.3,67518.9,67394.3,67440.4,29.60212411,2026-04-05 19:15:00+00:00
1775417400000,67440.3,67440.4,67272.9,67273.0,21.66428975,2026-04-05 19:30:00+00:00
1775418300000,67272.9,67330.7,67272.5,67330.7,11.0304746,2026-04-05 19:45:00+00:00
1775419200000,67330.7,67387.0,67329.4,67350.0,1.59539326,2026-04-05 20:00:00+00:00
1775420100000,67350.0,67458.0,67349.9,67458.0,6.06645151,2026-04-05 20:15:00+00:00
1775421000000,67458.0,67681.6,67458.0,67538.1,22.48360451,2026-04-05 20:30:00+00:00
1775421900000,67538.2,67644.7,67530.6,67629.2,3.17179051,2026-04-05 20:45:00+00:00
1775422800000,67629.3,67630.8,67414.4,67496.0,8.63945634,2026-04-05 21:00:00+00:00
1775423700000,67496.1,67514.8,67415.3,67445.6,2.42788811,2026-04-05 21:15:00+00:00
1775424600000,67445.6,67484.3,67420.6,67467.0,4.02337307,2026-04-05 21:30:00+00:00
1775425500000,67467.0,67641.5,67467.0,67508.9,5.27060711,2026-04-05 21:45:00+00:00
1775426400000,67508.9,67757.0,67471.0,67511.1,42.50500687,2026-04-05 22:00:00+00:00
1775427300000,67511.1,67580.6,67343.8,67408.8,18.12600703,2026-04-05 22:15:00+00:00
1775428200000,67408.9,67950.0,67406.9,67934.4,34.18778293,2026-04-05 22:30:00+00:00
1775429100000,67934.4,68332.1,67934.3,68321.1,69.15309112,2026-04-05 22:45:00+00:00
1775430000000,68321.2,68555.0,68255.4,68555.0,44.10490017,2026-04-05 23:00:00+00:00
1775430900000,68557.0,68931.3,68557.0,68777.7,33.42093056,2026-04-05 23:15:00+00:00
1775431800000,68777.4,69098.9,68777.4,68906.8,56.37231787,2026-04-05 23:30:00+00:00
1775432700000,68906.9,69011.7,68884.5,68983.7,20.65867113,2026-04-05 23:45:00+00:00
1775433600000,68983.8,69555.0,68983.8,69195.0,168.16440284,2026-04-06 00:00:00+00:00
1775434500000,69194.9,69323.8,69067.8,69153.5,9.9950964,2026-04-06 00:15:00+00:00
1775435400000,69158.7,69394.8,69082.8,69265.8,16.45897892,2026-04-06 00:30:00+00:00
1775436300000,69283.4,69301.0,69054.2,69054.3,5.8486901,2026-04-06 00:45:00+00:00
1775437200000,69054.3,69096.9,68842.2,68842.2,26.84018366,2026-04-06 01:00:00+00:00
1775438100000,68842.2,68968.3,68809.4,68943.1,10.73387048,2026-04-06 01:15:00+00:00
1775439000000,68943.1,68943.1,68778.2,68784.3,4.56057963,2026-04-06 01:30:00+00:00
1775439900000,68784.2,68844.1,68771.1,68771.1,19.29271522,2026-04-06 01:45:00+00:00
1775440800000,68771.2,69280.8,68771.2,69100.9,10.77547353,2026-04-06 02:00:00+00:00
1775441700000,69101.0,69276.3,69094.6,69197.8,17.99859395,2026-04-06 02:15:00+00:00
1775442600000,69197.8,69372.6,69158.6,69187.4,11.59388961,2026-04-06 02:30:00+00:00
1775443500000,69187.3,69258.8,69173.8,69184.6,11.64429404,2026-04-06 02:45:00+00:00
1775444400000,69180.2,69220.0,69110.0,69110.0,11.02633187,2026-04-06 03:00:00+00:00
1775445300000,69108.7,69175.8,69047.9,69162.2,11.06356192,2026-04-06 03:15:00+00:00
1775446200000,69162.1,69190.3,69072.9,69097.8,3.1497086,2026-04-06 03:30:00+00:00
1775447100000,69097.8,69127.1,69043.9,69087.9,2.04257201,2026-04-06 03:45:00+00:00
1775448000000,69088.0,69180.3,68985.3,69030.7,8.65074938,2026-04-06 04:00:00+00:00
1775448900000,69037.5,69047.2,68970.0,68970.1,0.66263266,2026-04-06 04:15:00+00:00
1775449800000,68970.1,69188.3,68970.0,69147.3,3.88787757,2026-04-06 04:30:00+00:00
1775450700000,69147.3,69188.2,69115.2,69115.3,4.04052625,2026-04-06 04:45:00+00:00
1775451600000,69115.3,69150.0,69097.5,69148.5,3.85471251,2026-04-06 05:00:00+00:00
1775452500000,69148.5,69182.8,69080.4,69131.9,15.64353983,2026-04-06 05:15:00+00:00
1775453400000,69147.6,69211.7,69141.2,69189.1,15.74632762,2026-04-06 05:30:00+00:00
1775454300000,69200.0,69200.0,69137.6,69176.8,1.99623853,2026-04-06 05:45:00+00:00
1775455200000,69176.8,69323.9,69086.5,69286.1,20.20594959,2026-04-06 06:00:00+00:00
1775456100000,69286.1,69286.1,68800.2,68824.7,25.0794232,2026-04-06 06:15:00+00:00
1775457000000,68824.7,68956.2,68818.7,68913.9,22.82642101,2026-04-06 06:30:00+00:00
1775457900000,68914.0,69064.2,68913.9,68950.1,21.65887233,2026-04-06 06:45:00+00:00
1775458800000,68950.1,68962.3,68822.7,68874.7,9.59001122,2026-04-06 07:00:00+00:00
1775459700000,68874.7,69084.6,68874.7,69056.5,5.21804344,2026-04-06 07:15:00+00:00
1775460600000,69056.5,69105.0,68967.2,68978.5,11.18573621,2026-04-06 07:30:00+00:00
1775461500000,68978.5,69179.1,68935.1,69075.2,0.87805766,2026-04-06 07:45:00+00:00
1775462400000,69075.2,69191.3,69072.6,69154.3,3.08096676,2026-04-06 08:00:00+00:00
1775463300000,69154.2,69227.1,69109.9,69216.2,3.60666772,2026-04-06 08:15:00+00:00
1775464200000,69213.6,69311.4,69196.0,69287.3,11.26431635,2026-04-06 08:30:00+00:00
1775465100000,69281.3,69295.3,69200.0,69208.0,12.945103,2026-04-06 08:45:00+00:00
1775466000000,69208.0,69746.8,69201.4,69613.5,32.93709527,2026-04-06 09:00:00+00:00
1775466900000,69613.6,70250.0,69613.6,69947.8,116.42475694,2026-04-06 09:15:00+00:00
1775467800000,69926.4,69954.3,69724.6,69851.1,32.0668239,2026-04-06 09:30:00+00:00
1775468700000,69851.2,69891.8,69704.2,69714.1,9.64971512,2026-04-06 09:45:00+00:00
1775469600000,69714.3,69847.2,69714.3,69819.0,17.20282594,2026-04-06 10:00:00+00:00
1775470500000,69819.1,69845.0,69751.2,69771.1,7.60193831,2026-04-06 10:15:00+00:00
1775471400000,69771.0,69945.0,69755.8,69889.7,20.08811931,2026-04-06 10:30:00+00:00
1775472300000,69894.5,69894.5,69696.6,69748.9,27.2519074,2026-04-06 10:45:00+00:00
1775473200000,69748.9,69748.9,69669.9,69678.7,5.50090664,2026-04-06 11:00:00+00:00
1775474100000,69678.7,69720.2,69584.7,69622.2,6.63870311,2026-04-06 11:15:00+00:00
1775475000000,69622.1,69696.4,69578.0,69652.7,3.21390571,2026-04-06 11:30:00+00:00
1775475900000,69652.6,69690.8,69578.0,69593.4,4.05525576,2026-04-06 11:45:00+00:00
1775476800000,69596.4,69620.4,69461.3,69488.5,10.90133399,2026-04-06 12:00:00+00:00
1775477700000,69488.4,69518.7,69439.0,69475.3,6.2347794,2026-04-06 12:15:00+00:00
1775478600000,69475.2,69526.0,69394.7,69489.6,18.15686228,2026-04-06 12:30:00+00:00
1775479500000,69489.7,69526.0,69333.4,69356.8,8.37069686,2026-04-06 12:45:00+00:00
1775480400000,69356.9,69440.6,69356.9,69398.6,4.53904382,2026-04-06 13:00:00+00:00
1775481300000,69398.5,69459.4,69323.3,69450.3,4.66949824,2026-04-06 13:15:00+00:00
1775482200000,69450.4,69550.0,69246.9,69326.9,9.34996435,2026-04-06 13:30:00+00:00
1775483100000,69328.8,69462.9,69275.3,69394.3,8.48955887,2026-04-06 13:45:00+00:00
1775484000000,69409.4,69618.0,69167.1,69318.3,43.77922618,2026-04-06 14:00:00+00:00
1775484900000,69323.3,69634.7,69323.3,69547.7,16.62877154,2026-04-06 14:15:00+00:00
1775485800000,69547.6,69812.1,69326.2,69477.6,34.07188161,2026-04-06 14:30:00+00:00
1775486700000,69477.7,69680.2,69323.6,69665.4,14.10327944,2026-04-06 14:45:00+00:00
1775487600000,69665.4,69787.0,69551.5,69713.9,11.19851032,2026-04-06 15:00:00+00:00
1775488500000,69716.0,69768.3,69607.4,69733.6,17.37588683,2026-04-06 15:15:00+00:00
1775489400000,69733.6,69862.4,69674.2,69844.1,18.19516727,2026-04-06 15:30:00+00:00
1775490300000,69844.1,69971.0,69788.1,69971.0,62.66971295,2026-04-06 15:45:00+00:00
1775491200000,69970.4,70088.3,69860.5,70078.5,96.37700694,2026-04-06 16:00:00+00:00
1775492100000,70078.6,70096.2,69908.5,69908.5,45.11760978,2026-04-06 16:15:00+00:00
1775493000000,69915.2,70136.2,69864.7,70136.2,123.43979856,2026-04-06 16:30:00+00:00
1775493900000,70136.3,70463.7,69809.9,69813.9,105.12390566,2026-04-06 16:45:00+00:00
1775494800000,69814.0,69814.0,69309.2,69339.0,45.45491986,2026-04-06 17:00:00+00:00
1775495700000,69339.0,69580.9,69278.4,69545.2,37.48796549,2026-04-06 17:15:00+00:00
1775496600000,69545.2,69634.6,69444.3,69479.2,11.00149993,2026-04-06 17:30:00+00:00
1775497500000,69479.3,69605.3,69437.9,69570.7,6.59147756,2026-04-06 17:45:00+00:00
1775498400000,69570.8,69763.0,69489.4,69754.9,19.42213898,2026-04-06 18:00:00+00:00
1775499300000,69750.6,69950.0,69728.8,69861.7,13.76083737,2026-04-06 18:15:00+00:00
1775500200000,69861.8,69925.0,69744.0,69789.1,4.52375088,2026-04-06 18:30:00+00:00
1775501100000,69789.1,69911.3,69718.2,69899.4,20.49454678,2026-04-06 18:45:00+00:00
1775502000000,69899.4,69899.4,69601.9,69739.8,33.00171627,2026-04-06 19:00:00+00:00
1775502900000,69740.8,69913.3,69740.8,69849.9,25.94139225,2026-04-06 19:15:00+00:00
1775503800000,69850.0,69883.1,69701.8,69776.8,8.76338497,2026-04-06 19:30:00+00:00
1775504700000,69776.7,69776.8,69662.0,69730.0,14.16968445,2026-04-06 19:45:00+00:00
1775505600000,69731.8,69769.3,69628.8,69758.8,50.92262809,2026-04-06 20:00:00+00:00
1775506500000,69765.9,69978.4,69765.9,69966.7,9.25116385,2026-04-06 20:15:00+00:00
1775507400000,69966.6,69988.3,69911.4,69925.9,11.8627148,2026-04-06 20:30:00+00:00
1775508300000,69926.0,69930.0,69827.7,69850.5,6.80323504,2026-04-06 20:45:00+00:00
1775509200000,69850.6,69850.6,69705.1,69736.0,6.14289559,2026-04-06 21:00:00+00:00
1775510100000,69736.1,69750.0,69670.0,69678.5,1.38145731,2026-04-06 21:15:00+00:00
1775511000000,69678.6,69678.6,69445.6,69476.8,7.88586212,2026-04-06 21:30:00+00:00
1775511900000,69476.8,69572.5,69454.4,69519.7,8.72262693,2026-04-06 21:45:00+00:00
1775512800000,69519.3,69577.8,69414.7,69556.3,5.41492066,2026-04-06 22:00:00+00:00
1775513700000,69556.2,69556.2,69344.6,69392.4,5.92493468,2026-04-06 22:15:00+00:00
1775514600000,69392.4,69392.4,69220.5,69244.2,7.69929227,2026-04-06 22:30:00+00:00
1775515500000,69244.2,69244.2,68826.5,68826.5,74.06274286,2026-04-06 22:45:00+00:00
1775516400000,68826.5,68826.5,68350.0,68607.8,84.11134527,2026-04-06 23:00:00+00:00
1775517300000,68607.7,68693.5,68501.6,68528.5,15.77836419,2026-04-06 23:15:00+00:00
1775518200000,68528.5,68859.6,68499.7,68799.0,9.53361669,2026-04-06 23:30:00+00:00
1775519100000,68800.0,68910.1,68797.3,68861.4,8.42764881,2026-04-06 23:45:00+00:00
1775520000000,68861.3,69142.3,68792.8,68958.5,25.85894094,2026-04-07 00:00:00+00:00
1775520900000,68958.5,69068.1,68874.8,68930.0,9.78909149,2026-04-07 00:15:00+00:00
1775521800000,68930.6,69037.3,68731.0,68799.6,13.77230524,2026-04-07 00:30:00+00:00
1775522700000,68799.6,68894.9,68746.8,68768.0,9.63026466,2026-04-07 00:45:00+00:00
1775523600000,68766.5,68766.5,68548.1,68590.0,23.55259605,2026-04-07 01:00:00+00:00
1775524500000,68591.4,68888.5,68591.4,68741.5,10.11539252,2026-04-07 01:15:00+00:00
1775525400000,68739.6,68790.0,68591.7,68638.3,3.79740957,2026-04-07 01:30:00+00:00
1775526300000,68638.3,68638.4,68350.1,68410.1,11.19216164,2026-04-07 01:45:00+00:00
1775527200000,68410.1,68495.7,68300.0,68410.7,15.6273339,2026-04-07 02:00:00+00:00
1775528100000,68410.8,68574.0,68410.8,68560.0,2.38138633,2026-04-07 02:15:00+00:00
1775529000000,68560.0,68700.0,68513.0,68627.6,3.76591359,2026-04-07 02:30:00+00:00
1775529900000,68627.6,68682.2,68545.2,68677.4,2.74368573,2026-04-07 02:45:00+00:00
1775530800000,68677.4,68732.9,68623.7,68669.0,2.35425666,2026-04-07 03:00:00+00:00
1775531700000,68669.0,68791.6,68664.9,68778.1,6.15209076,2026-04-07 03:15:00+00:00
1775532600000,68778.0,68796.0,68744.6,68796.0,11.67030607,2026-04-07 03:30:00+00:00
1775533500000,68796.0,68796.4,68740.0,68779.5,7.13850179,2026-04-07 03:45:00+00:00
1775534400000,68779.5,68779.5,68642.5,68663.1,11.6931333,2026-04-07 04:00:00+00:00
1775535300000,68663.2,68678.7,68540.1,68609.8,5.05972117,2026-04-07 04:15:00+00:00
1775536200000,68609.8,68863.7,68609.8,68858.1,1.50847456,2026-04-07 04:30:00+00:00
1775537100000,68858.2,68962.9,68821.8,68871.6,11.7066889,2026-04-07 04:45:00+00:00
1775538000000,68871.6,68871.6,68800.2,68816.7,30.39993824,2026-04-07 05:00:00+00:00
1775538900000,68816.6,68835.1,68705.3,68710.3,4.94760712,2026-04-07 05:15:00+00:00
1775539800000,68710.4,68730.0,68666.8,68666.8,14.42833846,2026-04-07 05:30:00+00:00
1775540700000,68663.5,68670.4,68616.3,68644.4,7.69999445,2026-04-07 05:45:00+00:00
1775541600000,68658.4,68658.4,68500.0,68522.1,7.15619011,2026-04-07 06:00:00+00:00
1775542500000,68522.2,68580.9,68439.4,68567.0,13.36623868,2026-04-07 06:15:00+00:00
1775543400000,68565.2,68565.2,68481.4,68536.9,3.85341801,2026-04-07 06:30:00+00:00
1775544300000,68536.9,68596.8,68498.6,68571.6,3.40639727,2026-04-07 06:45:00+00:00
1775545200000,68571.6,68571.6,68499.0,68549.6,1.42387963,2026-04-07 07:00:00+00:00
1775546100000,68549.6,68645.3,68524.8,68573.6,13.79649387,2026-04-07 07:15:00+00:00
1775547000000,68573.6,68700.6,68573.5,68658.2,2.12068849,2026-04-07 07:30:00+00:00
1775547900000,68658.3,68700.0,68623.0,68623.0,19.3266362,2026-04-07 07:45:00+00:00
1775548800000,68623.1,68822.6,68616.6,68728.2,3.57361139,2026-04-07 08:00:00+00:00
1775549700000,68728.1,68850.0,68671.6,68764.2,6.44692138,2026-04-07 08:15:00+00:00
1775550600000,68764.2,68929.8,68764.1,68929.7,5.65944004,2026-04-07 08:30:00+00:00
1775551500000,68929.8,68990.4,68903.1,68946.4,6.25595456,2026-04-07 08:45:00+00:00
1775552400000,68946.4,69232.5,68946.3,69115.1,17.23727126,2026-04-07 09:00:00+00:00
1775553300000,69115.1,69161.4,69008.8,69054.2,18.49287388,2026-04-07 09:15:00+00:00
1775554200000,69067.5,69259.4,69051.2,69220.1,4.85833922,2026-04-07 09:30:00+00:00
1775555100000,69211.1,69211.1,69105.8,69156.4,23.26031017,2026-04-07 09:45:00+00:00
1775556000000,69156.5,69198.7,68852.6,68924.5,27.0220013,2026-04-07 10:00:00+00:00
1775556900000,68924.4,69016.7,68685.4,68725.1,8.99280955,2026-04-07 10:15:00+00:00
1775557800000,68725.0,68775.1,68459.5,68477.2,9.45048296,2026-04-07 10:30:00+00:00
1775558700000,68477.3,68482.2,68196.9,68230.1,22.81715024,2026-04-07 10:45:00+00:00
1775559600000,68230.1,68327.4,68067.7,68310.0,56.42375111,2026-04-07 11:00:00+00:00
1775560500000,68323.8,68400.4,68254.8,68382.4,11.050778,2026-04-07 11:15:00+00:00
1775561400000,68382.3,68439.2,68287.0,68392.8,21.42186514,2026-04-07 11:30:00+00:00
1775562300000,68392.8,68428.8,68320.0,68347.9,11.3293772,2026-04-07 11:45:00+00:00
1775563200000,68348.0,68453.2,68073.3,68264.8,16.48309188,2026-04-07 12:00:00+00:00
1775564100000,68264.7,68435.6,68200.0,68412.4,8.44982568,2026-04-07 12:15:00+00:00
1775565000000,68412.4,68468.8,68290.9,68291.0,3.60176128,2026-04-07 12:30:00+00:00
1775565900000,68316.3,68618.4,68244.8,68379.7,12.27469363,2026-04-07 12:45:00+00:00
1775566800000,68379.8,68629.8,68374.1,68617.8,18.93808929,2026-04-07 13:00:00+00:00
1775567700000,68617.7,68623.9,68460.2,68475.9,6.94845588,2026-04-07 13:15:00+00:00
1775568600000,68477.2,68565.3,68292.1,68324.1,11.26858495,2026-04-07 13:30:00+00:00
1775569500000,68324.1,68423.9,68200.0,68240.4,9.03744885,2026-04-07 13:45:00+00:00
1775570400000,68240.4,68240.4,67800.0,67895.0,34.06588512,2026-04-07 14:00:00+00:00
1775571300000,67895.0,68153.8,67752.7,68142.7,22.1365284,2026-04-07 14:15:00+00:00
1775572200000,68138.8,68197.6,68000.0,68015.4,13.89822344,2026-04-07 14:30:00+00:00
1775573100000,68015.4,68197.6,67856.7,67863.4,4.87521423,2026-04-07 14:45:00+00:00
1775574000000,67863.5,67964.2,67734.9,67857.6,19.99521625,2026-04-07 15:00:00+00:00
1775574900000,67857.6,68171.1,67857.6,68171.1,13.64449188,2026-04-07 15:15:00+00:00
1775575800000,68171.1,68206.1,68073.4,68086.6,22.98438692,2026-04-07 15:30:00+00:00
1775576700000,68086.6,68237.1,68056.1,68155.6,14.01637736,2026-04-07 15:45:00+00:00
1775577600000,68155.7,68442.8,68100.0,68142.9,22.15993186,2026-04-07 16:00:00+00:00
1775578500000,68142.8,68363.4,68079.6,68363.4,32.8785113,2026-04-07 16:15:00+00:00
1775579400000,68363.4,68369.1,68285.5,68310.7,12.10300227,2026-04-07 16:30:00+00:00
1775580300000,68310.7,68373.9,68191.3,68222.9,3.17799244,2026-04-07 16:45:00+00:00
1775581200000,68222.9,68345.5,68195.9,68292.1,13.77107174,2026-04-07 17:00:00+00:00
1775582100000,68292.1,68400.0,68199.3,68400.0,9.16290215,2026-04-07 17:15:00+00:00
1775583000000,68400.0,68989.5,68399.9,68682.5,62.16577102,2026-04-07 17:30:00+00:00
1775583900000,68682.6,68822.2,68675.9,68703.0,5.40802525,2026-04-07 17:45:00+00:00
1775584800000,68703.0,68750.0,68610.0,68652.4,3.03190088,2026-04-07 18:00:00+00:00
1775585700000,68652.4,68652.4,68560.8,68629.2,6.53540999,2026-04-07 18:15:00+00:00
1775586600000,68629.3,68721.5,68473.5,68524.9,7.9864077,2026-04-07 18:30:00+00:00
1775587500000,68524.9,68524.9,68350.2,68428.8,9.3223667,2026-04-07 18:45:00+00:00
1775588400000,68433.6,68461.3,68352.6,68440.5,14.55349692,2026-04-07 19:00:00+00:00
1775589300000,68440.6,68800.0,68440.6,68566.0,10.1314573,2026-04-07 19:15:00+00:00
1775590200000,68565.9,68565.9,68443.3,68520.0,5.94779914,2026-04-07 19:30:00+00:00
1775591100000,68501.1,69059.9,68485.7,69015.8,46.34566538,2026-04-07 19:45:00+00:00
1775592000000,69008.0,69529.7,69008.0,69421.5,101.27798738,2026-04-07 20:00:00+00:00
1775592900000,69421.5,69469.7,69279.7,69351.6,12.0402289,2026-04-07 20:15:00+00:00
1775593800000,69351.7,69400.0,69212.2,69292.9,7.13814851,2026-04-07 20:30:00+00:00
1775594700000,69293.0,69314.4,69161.6,69303.6,12.65176311,2026-04-07 20:45:00+00:00
1775595600000,69303.8,70189.4,69303.8,69986.0,74.90511454,2026-04-07 21:00:00+00:00
1775596500000,69971.6,70009.0,69487.8,69570.0,22.39251241,2026-04-07 21:15:00+00:00
1775597400000,69570.0,69883.3,69569.9,69883.3,11.94820056,2026-04-07 21:30:00+00:00
1775598300000,69883.4,70063.3,69824.0,69912.7,28.47080959,2026-04-07 21:45:00+00:00
1775599200000,69914.4,70547.6,69914.4,70263.1,99.26547562,2026-04-07 22:00:00+00:00
1775600100000,70271.9,70471.7,70181.5,70417.9,27.43189141,2026-04-07 22:15:00+00:00
1775601000000,70415.1,71299.3,70415.1,70769.3,221.35557524,2026-04-07 22:30:00+00:00
1775601900000,70753.3,71498.0,70743.5,71498.0,86.09129629,2026-04-07 22:45:00+00:00
1775602800000,71498.0,71709.5,71199.7,71450.9,60.29498351,2026-04-07 23:00:00+00:00
1775603700000,71455.7,72728.0,71322.1,72726.8,232.7211191,2026-04-07 23:15:00+00:00
1775604600000,72728.0,72728.0,71912.8,71977.7,75.85718504,2026-04-07 23:30:00+00:00
1775605500000,71980.2,72214.9,71881.8,71925.0,39.50890167,2026-04-07 23:45:00+00:00
1775606400000,71925.0,72109.8,71791.5,71960.8,44.86189129,2026-04-08 00:00:00+00:00
1775607300000,71953.4,72082.2,71855.9,71909.1,12.05413325,2026-04-08 00:15:00+00:00
1775608200000,71909.1,71989.7,71725.5,71803.7,23.00354282,2026-04-08 00:30:00+00:00
1775609100000,71803.8,71835.2,71542.4,71688.2,29.2056449,2026-04-08 00:45:00+00:00
1775610000000,71688.3,71735.0,71489.7,71696.8,9.28429466,2026-04-08 01:00:00+00:00
1775610900000,71696.8,71696.8,71444.7,71450.8,5.22360203,2026-04-08 01:15:00+00:00
1775611800000,71459.8,71565.7,71445.9,71474.9,23.44920809,2026-04-08 01:30:00+00:00
1775612700000,71475.0,71573.1,71442.1,71461.8,11.32214017,2026-04-08 01:45:00+00:00
1775613600000,71458.8,71700.0,71387.9,71693.8,9.90300357,2026-04-08 02:00:00+00:00
1775614500000,71693.8,71700.0,71406.5,71456.5,8.40722186,2026-04-08 02:15:00+00:00
1775615400000,71456.5,71477.3,71238.3,71284.8,23.53040295,2026-04-08 02:30:00+00:00
1775616300000,71288.1,71386.6,71274.2,71337.9,13.57216047,2026-04-08 02:45:00+00:00
1775617200000,71338.0,71425.5,71295.6,71295.6,27.40902091,2026-04-08 03:00:00+00:00
1775618100000,71292.2,71474.3,71277.1,71474.2,15.24222339,2026-04-08 03:15:00+00:00
1775619000000,71474.2,71474.2,71353.3,71373.7,7.96572331,2026-04-08 03:30:00+00:00
1775619900000,71373.6,71373.6,71288.6,71288.7,1.33497446,2026-04-08 03:45:00+00:00
1775620800000,71288.7,71519.3,71288.6,71495.2,33.49806226,2026-04-08 04:00:00+00:00
1775621700000,71495.2,71589.7,71480.0,71582.4,8.90111099,2026-04-08 04:15:00+00:00
1775622600000,71576.5,71664.9,71525.6,71606.7,5.29192406,2026-04-08 04:30:00+00:00
1775623500000,71606.7,71650.1,71548.5,71570.3,5.44577308,2026-04-08 04:45:00+00:00
1775624400000,71569.0,71671.0,71549.2,71662.1,7.25891955,2026-04-08 05:00:00+00:00
1775625300000,71662.2,71758.9,71626.4,71712.1,11.2026474,2026-04-08 05:15:00+00:00
1775626200000,71712.1,71754.2,71665.5,71698.1,13.43728374,2026-04-08 05:30:00+00:00
1775627100000,71698.0,71808.7,71645.3,71706.9,9.37480553,2026-04-08 05:45:00+00:00
1775628000000,71706.9,71824.9,71588.0,71802.1,9.2737032,2026-04-08 06:00:00+00:00
1775628900000,71802.1,71919.0,71716.8,71849.9,14.81404932,2026-04-08 06:15:00+00:00
1775629800000,71850.0,71850.0,71776.8,71814.9,7.01033304,2026-04-08 06:30:00+00:00
1775630700000,71814.9,71815.0,71713.3,71713.3,5.95679213,2026-04-08 06:45:00+00:00
1775631600000,71713.4,71780.6,71650.0,71750.6,13.73440517,2026-04-08 07:00:00+00:00
1775632500000,71750.5,71890.0,71710.0,71830.5,8.61944057,2026-04-08 07:15:00+00:00
1775633400000,71830.1,71830.1,71635.6,71635.7,17.46667407,2026-04-08 07:30:00+00:00
1775634300000,71635.7,71635.7,71575.6,71620.0,15.69483296,2026-04-08 07:45:00+00:00
1775635200000,71620.0,71799.7,71620.0,71724.9,10.38413484,2026-04-08 08:00:00+00:00
1775636100000,71725.0,71784.3,71695.0,71729.8,9.42312705,2026-04-08 08:15:00+00:00
1775637000000,71729.8,71821.3,71665.1,71710.0,4.65349839,2026-04-08 08:30:00+00:00
1775637900000,71712.1,71785.0,71700.3,71785.0,3.93455322,2026-04-08 08:45:00+00:00
1775638800000,71785.0,71990.4,71785.0,71845.0,11.13365342,2026-04-08 09:00:00+00:00
1775639700000,71845.0,71860.0,71676.2,71676.7,3.82226053,2026-04-08 09:15:00+00:00
1775640600000,71676.8,71725.0,71605.0,71605.0,2.34630161,2026-04-08 09:30:00+00:00
1775641500000,71605.0,71693.6,71591.7,71674.1,2.29447029,2026-04-08 09:45:00+00:00
1775642400000,71674.2,71770.0,71603.6,71619.9,3.37386195,2026-04-08 10:00:00+00:00
1775643300000,71619.9,71673.4,71605.0,71652.5,1.34341133,2026-04-08 10:15:00+00:00
1775644200000,71652.5,71652.5,71473.5,71551.2,4.23451319,2026-04-08 10:30:00+00:00
1775645100000,71551.1,71572.3,71491.8,71491.9,2.46786079,2026-04-08 10:45:00+00:00
1775646000000,71491.9,71638.6,71464.9,71638.5,4.07429396,2026-04-08 11:00:00+00:00
1775646900000,71638.5,71662.8,71487.2,71650.0,19.97848675,2026-04-08 11:15:00+00:00
1775647800000,71650.0,71650.0,71425.0,71529.9,6.72146209,2026-04-08 11:30:00+00:00
1775648700000,71515.0,71710.0,71490.7,71670.8,7.31281563,2026-04-08 11:45:00+00:00
1775649600000,71670.8,71843.3,71670.7,71830.7,7.91698216,2026-04-08 12:00:00+00:00
1775650500000,71830.7,71845.0,71590.0,71773.6,21.42321131,2026-04-08 12:15:00+00:00
1775651400000,71773.7,71959.5,71755.0,71927.2,24.6916464,2026-04-08 12:30:00+00:00
1775652300000,71927.2,72160.0,71900.8,72074.6,34.181309,2026-04-08 12:45:00+00:00
1775653200000,72074.6,72758.9,72074.5,72594.5,141.10381886,2026-04-08 13:00:00+00:00
1775654100000,72609.9,72850.0,72428.3,72460.1,32.54137288,2026-04-08 13:15:00+00:00
1775655000000,72475.0,72588.4,71668.8,71688.1,105.72321008,2026-04-08 13:30:00+00:00
1775655900000,71688.0,71948.3,71496.9,71610.2,38.90114406,2026-04-08 13:45:00+00:00
1775656800000,71610.3,71739.2,71301.3,71515.1,30.53000952,2026-04-08 14:00:00+00:00
1775657700000,71515.1,71642.8,71362.1,71459.1,21.94015641,2026-04-08 14:15:00+00:00
1775658600000,71459.1,71490.7,70930.2,71100.0,73.20363077,2026-04-08 14:30:00+00:00
1775659500000,71100.1,71155.3,70703.0,70884.9,24.23246913,2026-04-08 14:45:00+00:00
1775660400000,70885.0,71080.0,70840.0,71080.0,22.90109561,2026-04-08 15:00:00+00:00
1775661300000,71079.9,71222.8,71050.0,71160.0,25.00088102,2026-04-08 15:15:00+00:00
1775662200000,71161.6,71319.2,71111.0,71185.0,21.5476633,2026-04-08 15:30:00+00:00
1775663100000,71184.9,71350.0,71184.9,71294.5,8.13139772,2026-04-08 15:45:00+00:00
1775664000000,71294.5,71437.9,71284.1,71345.2,23.61843779,2026-04-08 16:00:00+00:00
1775664900000,71345.3,71503.9,71275.2,71394.3,20.23572163,2026-04-08 16:15:00+00:00
1775665800000,71394.3,71470.0,71244.4,71442.8,18.89384305,2026-04-08 16:30:00+00:00
1775666700000,71442.7,71688.2,71442.1,71611.4,25.14648744,2026-04-08 16:45:00+00:00
1775667600000,71611.4,71816.9,71605.1,71790.8,12.90969304,2026-04-08 17:00:00+00:00
1775668500000,71790.7,71790.8,71508.0,71651.5,28.83552588,2026-04-08 17:15:00+00:00
1775669400000,71651.5,71963.0,71651.5,71841.2,20.96166976,2026-04-08 17:30:00+00:00
1775670300000,71841.2,71920.0,71826.4,71899.7,14.4933336,2026-04-08 17:45:00+00:00
1775671200000,71899.7,71899.7,71668.4,71705.2,27.81629516,2026-04-08 18:00:00+00:00
1775672100000,71705.2,71753.0,71328.0,71410.0,70.64241921,2026-04-08 18:15:00+00:00
1775673000000,71410.0,71606.8,71290.1,71310.4,17.35765858,2026-04-08 18:30:00+00:00
1775673900000,71295.9,71359.2,71082.7,71106.5,25.44330489,2026-04-08 18:45:00+00:00
1775674800000,71104.4,71277.6,71014.1,71259.7,21.32859506,2026-04-08 19:00:00+00:00
1775675700000,71260.0,71275.0,71125.1,71141.5,12.17638041,2026-04-08 19:15:00+00:00
1775676600000,71141.4,71329.8,71065.1,71309.8,22.5027971,2026-04-08 19:30:00+00:00
1775677500000,71305.8,71384.2,71253.8,71327.1,19.9508881,2026-04-08 19:45:00+00:00
1775678400000,71322.4,71444.0,71322.4,71444.0,8.09612581,2026-04-08 20:00:00+00:00
1775679300000,71444.0,71489.9,71392.8,71449.9,9.63658478,2026-04-08 20:15:00+00:00
1775680200000,71449.8,71449.9,71305.0,71305.4,10.03526596,2026-04-08 20:30:00+00:00
1775681100000,71305.3,71383.4,71282.3,71382.2,7.2631158,2026-04-08 20:45:00+00:00
1775682000000,71382.4,71590.0,71348.0,71557.0,20.36372655,2026-04-08 21:00:00+00:00
1775682900000,71549.1,71755.0,71545.0,71695.0,8.25886232,2026-04-08 21:15:00+00:00
1775683800000,71680.1,71716.1,71555.6,71555.6,13.62680624,2026-04-08 21:30:00+00:00
1775684700000,71555.7,71651.2,71524.8,71550.7,5.49172952,2026-04-08 21:45:00+00:00
1775685600000,71550.7,71571.4,71391.0,71454.0,2.74735107,2026-04-08 22:00:00+00:00
1775686500000,71455.8,71470.6,71165.4,71165.5,8.07290091,2026-04-08 22:15:00+00:00
1775687400000,71175.9,71352.2,71122.7,71270.4,9.22657785,2026-04-08 22:30:00+00:00
1775688300000,71250.0,71270.5,71088.6,71088.7,4.87209836,2026-04-08 22:45:00+00:00
1775689200000,71088.7,71180.6,70908.1,71176.7,62.07465743,2026-04-08 23:00:00+00:00
1775690100000,71176.7,71199.5,70935.7,71036.4,16.03474471,2026-04-08 23:15:00+00:00
1775691000000,71036.3,71135.9,70943.8,71090.0,7.84946269,2026-04-08 23:30:00+00:00
1775691900000,71090.0,71173.9,71089.9,71109.0,4.44377992,2026-04-08 23:45:00+00:00
1775692800000,71090.2,71145.8,70985.1,71006.2,2.4948088,2026-04-09 00:00:00+00:00
1775693700000,71006.2,71013.0,70889.4,70945.1,5.7079787,2026-04-09 00:15:00+00:00
1775694600000,70945.2,70952.4,70783.7,70793.6,10.09299174,2026-04-09 00:30:00+00:00
1775695500000,70793.6,70885.3,70643.6,70826.8,16.26249274,2026-04-09 00:45:00+00:00
1775696400000,70826.8,70875.0,70500.0,70654.2,20.31792719,2026-04-09 01:00:00+00:00
1775697300000,70654.2,70660.0,70465.1,70601.9,5.9900714,2026-04-09 01:15:00+00:00
1775698200000,70602.0,70835.0,70602.0,70766.9,10.71453321,2026-04-09 01:30:00+00:00
1775699100000,70767.0,70943.8,70714.1,70917.1,4.28739096,2026-04-09 01:45:00+00:00
1775700000000,70917.1,71000.0,70850.0,70850.1,14.05324575,2026-04-09 02:00:00+00:00
1775700900000,70850.1,71048.0,70817.3,71031.7,14.11955683,2026-04-09 02:15:00+00:00
1775701800000,71031.7,71075.0,70927.1,71022.6,5.94856119,2026-04-09 02:30:00+00:00
1775702700000,71022.7,71182.5,71006.8,71038.9,39.63119667,2026-04-09 02:45:00+00:00
1775703600000,71041.7,71105.2,70964.7,70980.1,10.54149155,2026-04-09 03:00:00+00:00
1775704500000,70980.1,70999.9,70885.1,70918.2,3.59754824,2026-04-09 03:15:00+00:00
1775705400000,70918.3,70977.0,70888.0,70913.9,2.79850595,2026-04-09 03:30:00+00:00
1775706300000,70913.9,71029.5,70857.1,70994.3,6.85325174,2026-04-09 03:45:00+00:00
1775707200000,70994.4,71010.7,70902.9,70908.1,2.1736961,2026-04-09 04:00:00+00:00
1775708100000,70908.2,70929.1,70820.0,70856.4,1.92945856,2026-04-09 04:15:00+00:00
1775709000000,70853.6,70912.7,70853.6,70874.8,3.14703696,2026-04-09 04:30:00+00:00
1775709900000,70874.8,70899.2,70756.7,70793.5,7.30658964,2026-04-09 04:45:00+00:00
1775710800000,70793.6,70870.2,70714.4,70865.0,11.08797491,2026-04-09 05:00:00+00:00
1775711700000,70865.0,71014.2,70865.0,71014.2,17.05492695,2026-04-09 05:15:00+00:00
1775712600000,70994.8,71083.7,70981.2,71048.5,2.46443498,2026-04-09 05:30:00+00:00
1775713500000,71048.4,71048.5,70927.2,70976.3,8.90220138,2026-04-09 05:45:00+00:00
1775714400000,70976.3,71076.0,70976.3,71014.1,0.91457999,2026-04-09 06:00:00+00:00
1775715300000,71014.1,71014.1,70856.7,70882.8,12.07560041,2026-04-09 06:15:00+00:00
1775716200000,70882.8,70983.9,70842.0,70952.0,1.71825658,2026-04-09 06:30:00+00:00
1775717100000,70952.0,71037.4,70938.2,71037.3,7.5083506,2026-04-09 06:45:00+00:00
1775718000000,71037.4,71116.3,71019.6,71072.7,2.79188771,2026-04-09 07:00:00+00:00
1775718900000,71097.2,71097.2,70991.2,71005.2,3.44549963,2026-04-09 07:15:00+00:00
1775719800000,71005.2,71079.5,70964.7,71019.9,2.87529725,2026-04-09 07:30:00+00:00
1775720700000,71019.9,71033.7,70967.9,70988.4,4.91176859,2026-04-09 07:45:00+00:00
1775721600000,70988.7,71015.0,70896.2,70964.9,4.53864632,2026-04-09 08:00:00+00:00
1775722500000,70965.0,71014.5,70926.4,70984.6,4.05764447,2026-04-09 08:15:00+00:00
1775723400000,70984.6,71361.4,70984.5,71361.4,52.27247238,2026-04-09 08:30:00+00:00
1775724300000,71334.8,71385.3,71214.9,71263.7,12.69041429,2026-04-09 08:45:00+00:00
1775725200000,71263.7,71337.3,71116.6,71323.1,5.7890152,2026-04-09 09:00:00+00:00
1775726100000,71323.0,71509.3,71231.9,71301.4,16.6979079,2026-04-09 09:15:00+00:00
1775727000000,71301.3,71339.1,71212.2,71273.7,2.4702976,2026-04-09 09:30:00+00:00
1775727900000,71273.8,71567.7,71273.7,71527.8,11.88164561,2026-04-09 09:45:00+00:00
1775728800000,71543.3,71543.3,71370.0,71384.2,2.98932597,2026-04-09 10:00:00+00:00
1775729700000,71384.3,71486.6,71384.3,71422.8,4.21705657,2026-04-09 10:15:00+00:00
1775730600000,71422.7,71431.0,71368.5,71413.1,1.45414048,2026-04-09 10:30:00+00:00
1775731500000,71413.0,71460.8,71297.7,71299.6,7.93536291,2026-04-09 10:45:00+00:00
1775732400000,71299.6,71343.0,71211.4,71217.8,7.21381657,2026-04-09 11:00:00+00:00
1775733300000,71217.8,71224.6,71071.4,71073.2,9.92801936,2026-04-09 11:15:00+00:00
1775734200000,71073.2,71185.3,71073.2,71166.7,31.55510755,2026-04-09 11:30:00+00:00
1775735100000,71166.7,71237.2,71154.2,71154.3,4.99793211,2026-04-09 11:45:00+00:00
1775736000000,71154.3,71242.8,71154.2,71204.5,1.67160605,2026-04-09 12:00:00+00:00
1775736900000,71204.4,71328.2,71045.9,71274.3,11.17063641,2026-04-09 12:15:00+00:00
1775737800000,71274.3,71295.0,71153.8,71231.9,5.29001269,2026-04-09 12:30:00+00:00
1775738700000,71231.9,71295.8,71113.9,71271.6,4.15315021,2026-04-09 12:45:00+00:00
1775739600000,71271.7,71350.0,71107.0,71108.9,3.11484374,2026-04-09 13:00:00+00:00
1775740500000,71109.0,71143.3,71066.2,71100.6,5.23807462,2026-04-09 13:15:00+00:00
1775741400000,71101.8,71155.0,70819.5,70890.2,13.61188529,2026-04-09 13:30:00+00:00
1775742300000,70888.4,70898.5,70638.5,70806.7,11.18870914,2026-04-09 13:45:00+00:00
1775743200000,70806.7,70826.0,70642.5,70788.3,11.11492479,2026-04-09 14:00:00+00:00
1775744100000,70788.4,70804.8,70536.3,70610.3,8.78327746,2026-04-09 14:15:00+00:00
1775745000000,70625.7,70908.1,70601.7,70877.8,9.59195259,2026-04-09 14:30:00+00:00
1775745900000,70898.0,71242.3,70897.9,71129.4,35.95522836,2026-04-09 14:45:00+00:00
1775746800000,71131.9,71350.0,70948.9,71349.9,18.54551884,2026-04-09 15:00:00+00:00
1775747700000,71335.5,71625.5,71335.5,71352.2,15.81587367,2026-04-09 15:15:00+00:00
1775748600000,71352.2,72253.3,71284.1,72048.3,113.06316498,2026-04-09 15:30:00+00:00
1775749500000,72072.7,72356.6,72055.9,72122.3,54.82425892,2026-04-09 15:45:00+00:00
1775750400000,72141.7,72399.9,72083.3,72181.6,49.1753965,2026-04-09 16:00:00+00:00
1775751300000,72181.7,72407.6,72077.0,72077.0,17.15942506,2026-04-09 16:15:00+00:00
1775752200000,72077.1,72077.1,71782.9,71976.2,103.14849673,2026-04-09 16:30:00+00:00
1775753100000,71976.2,72078.8,71743.2,72078.8,14.88895412,2026-04-09 16:45:00+00:00
1775754000000,72082.6,72504.2,72079.8,72482.1,63.06846188,2026-04-09 17:00:00+00:00
1775754900000,72482.2,72544.9,72242.5,72339.5,15.3564828,2026-04-09 17:15:00+00:00
1775755800000,72339.5,72510.3,72126.6,72429.4,10.94496439,2026-04-09 17:30:00+00:00
1775756700000,72429.4,72485.0,72272.6,72352.0,23.50675826,2026-04-09 17:45:00+00:00
1775757600000,72352.0,72370.4,71888.1,71902.4,16.71966044,2026-04-09 18:00:00+00:00
1775758500000,71902.3,71987.6,71792.1,71911.0,24.98814861,2026-04-09 18:15:00+00:00
1775759400000,71911.0,71938.0,71765.7,71856.5,11.81401433,2026-04-09 18:30:00+00:00
1775760300000,71856.5,71921.8,71744.0,71901.2,8.61585648,2026-04-09 18:45:00+00:00
1775761200000,71901.2,72126.6,71842.7,72032.9,15.01226993,2026-04-09 19:00:00+00:00
1775762100000,72033.0,72099.2,71762.0,71824.6,6.70225474,2026-04-09 19:15:00+00:00
1775763000000,71824.6,72156.5,71819.7,72119.8,20.99091384,2026-04-09 19:30:00+00:00
1775763900000,72120.1,72295.4,72028.9,72126.8,24.94688844,2026-04-09 19:45:00+00:00
1775764800000,72112.7,72196.6,72000.5,72196.6,16.15528209,2026-04-09 20:00:00+00:00
1775765700000,72196.6,72353.7,72177.3,72299.9,36.59609954,2026-04-09 20:15:00+00:00
1775766600000,72300.0,72462.7,72274.9,72421.4,19.03837067,2026-04-09 20:30:00+00:00
1775767500000,72421.5,72434.1,72312.9,72434.1,24.04990757,2026-04-09 20:45:00+00:00
1775768400000,72434.1,72709.0,72228.3,72346.2,59.04622386,2026-04-09 21:00:00+00:00
1775769300000,72346.2,72358.6,72162.9,72192.2,16.09442797,2026-04-09 21:15:00+00:00
1775770200000,72192.3,72453.2,72167.5,72439.7,14.27322974,2026-04-09 21:30:00+00:00
1775771100000,72439.8,72478.4,72250.0,72250.0,3.42718818,2026-04-09 21:45:00+00:00
1775772000000,72250.1,72519.5,72250.0,72516.7,5.61972846,2026-04-09 22:00:00+00:00
1775772900000,72516.7,73130.5,72516.7,72645.3,113.31549142,2026-04-09 22:15:00+00:00
1775773800000,72642.7,72642.7,72304.0,72332.5,15.37441131,2026-04-09 22:30:00+00:00
1775774700000,72333.3,72453.9,71967.3,71967.3,35.17304723,2026-04-09 22:45:00+00:00
1775775600000,71967.3,72022.4,71773.0,71802.8,23.50115794,2026-04-09 23:00:00+00:00
1775776500000,71802.8,71906.5,71588.6,71815.1,24.46213652,2026-04-09 23:15:00+00:00
1775777400000,71806.0,71846.4,71627.6,71789.5,8.86153035,2026-04-09 23:30:00+00:00
1775778300000,71779.3,71834.0,71707.4,71803.5,13.66563509,2026-04-09 23:45:00+00:00
1775779200000,71803.5,71888.0,71724.2,71817.8,12.38143063,2026-04-10 00:00:00+00:00
1775780100000,71817.9,71836.6,71592.4,71836.6,11.45971208,2026-04-10 00:15:00+00:00
1775781000000,71825.2,71981.9,71799.7,71929.2,8.33397303,2026-04-10 00:30:00+00:00
1775781900000,71929.3,72024.5,71881.0,71960.3,15.93393284,2026-04-10 00:45:00+00:00
1775782800000,71960.4,72067.7,71832.2,72003.1,11.09014448,2026-04-10 01:00:00+00:00
1775783700000,72003.2,72048.6,71688.8,71867.9,11.60672494,2026-04-10 01:15:00+00:00
1775784600000,71867.9,72387.5,71867.8,72284.1,21.11943354,2026-04-10 01:30:00+00:00
1775785500000,72304.3,72350.0,72160.6,72160.6,6.80549286,2026-04-10 01:45:00+00:00
1775786400000,72160.7,72279.7,72132.1,72233.8,2.35516847,2026-04-10 02:00:00+00:00
1775787300000,72233.8,72262.6,72189.4,72189.4,2.14272912,2026-04-10 02:15:00+00:00
1775788200000,72189.4,72229.3,72151.6,72153.2,6.10431555,2026-04-10 02:30:00+00:00
1775789100000,72153.2,72153.2,71938.0,71952.0,5.23659606,2026-04-10 02:45:00+00:00
1775790000000,71952.0,72011.4,71875.4,71882.7,10.7830543,2026-04-10 03:00:00+00:00
1775790900000,71869.2,71941.8,71824.4,71827.1,4.07549065,2026-04-10 03:15:00+00:00
1775791800000,71827.2,71974.2,71827.1,71936.3,2.43096733,2026-04-10 03:30:00+00:00
1775792700000,71936.2,71950.6,71850.4,71868.4,3.19032934,2026-04-10 03:45:00+00:00
1775793600000,71868.4,71959.0,71868.3,71897.2,0.96712189,2026-04-10 04:00:00+00:00
1775794500000,71897.1,71950.1,71886.2,71886.2,3.3016452,2026-04-10 04:15:00+00:00
1775795400000,71878.7,71908.3,71840.0,71908.3,1.38479966,2026-04-10 04:30:00+00:00
1775796300000,71908.3,72210.1,71908.2,72112.0,7.89605607,2026-04-10 04:45:00+00:00
1775797200000,72121.6,72172.5,72019.5,72061.3,5.14978869,2026-04-10 05:00:00+00:00
1775798100000,72061.3,72266.9,72029.8,72250.7,8.59944648,2026-04-10 05:15:00+00:00
1775799000000,72250.8,72256.2,72170.4,72170.4,6.43339365,2026-04-10 05:30:00+00:00
1775799900000,72170.4,72213.7,72114.1,72131.8,1.39429375,2026-04-10 05:45:00+00:00
1775800800000,72131.8,72174.8,72069.2,72151.4,2.97362598,2026-04-10 06:00:00+00:00
1775801700000,72148.3,72148.4,71970.8,71970.8,1.08325304,2026-04-10 06:15:00+00:00
1775802600000,71970.9,71997.0,71887.9,71938.8,3.37532923,2026-04-10 06:30:00+00:00
1775803500000,71938.8,71975.7,71809.1,71826.0,6.82875034,2026-04-10 06:45:00+00:00
1775804400000,71826.0,71844.5,71727.0,71739.6,7.11553026,2026-04-10 07:00:00+00:00
1775805300000,71739.6,71768.9,71710.2,71733.8,1.90057616,2026-04-10 07:15:00+00:00
1775806200000,71734.4,71779.7,71668.3,71668.3,2.62237745,2026-04-10 07:30:00+00:00
1775807100000,71668.4,71681.7,71429.8,71483.9,11.6188902,2026-04-10 07:45:00+00:00
1775808000000,71483.9,71667.6,71446.0,71602.8,108.67227043,2026-04-10 08:00:00+00:00
1775808900000,71602.8,71674.6,71549.4,71653.1,1.9087774,2026-04-10 08:15:00+00:00
1775809800000,71653.1,71750.0,71618.9,71712.3,101.60548508,2026-04-10 08:30:00+00:00
1775810700000,71712.3,71721.5,71514.2,71611.4,7.57231347,2026-04-10 08:45:00+00:00
1775811600000,71611.4,71696.9,71596.0,71695.8,23.88212389,2026-04-10 09:00:00+00:00
1775812500000,71695.8,71847.5,71695.7,71767.2,11.58333866,2026-04-10 09:15:00+00:00
1775813400000,71767.3,71869.1,71766.0,71810.8,3.323882,2026-04-10 09:30:00+00:00
1775814300000,71817.3,71832.5,71760.1,71797.1,12.74427007,2026-04-10 09:45:00+00:00
1775815200000,71797.1,71817.9,71739.0,71817.9,4.24022185,2026-04-10 10:00:00+00:00
1775816100000,71817.8,71821.5,71723.6,71740.9,2.15648427,2026-04-10 10:15:00+00:00
1775817000000,71740.9,71833.5,71740.9,71814.1,32.46558798,2026-04-10 10:30:00+00:00
1775817900000,71814.2,71924.1,71796.6,71924.0,4.16554167,2026-04-10 10:45:00+00:00
1775818800000,71924.1,72164.6,71924.0,72116.7,32.76406774,2026-04-10 11:00:00+00:00
1775819700000,72116.7,72243.0,72116.7,72229.7,46.94179517,2026-04-10 11:15:00+00:00
1775820600000,72226.0,72270.2,72153.7,72192.8,36.66552815,2026-04-10 11:30:00+00:00
1775821500000,72192.9,72253.1,72106.2,72135.9,7.34481441,2026-04-10 11:45:00+00:00
1775822400000,72135.9,72219.6,72110.3,72110.4,2.12960877,2026-04-10 12:00:00+00:00
1775823300000,72110.4,72329.1,72039.9,72223.0,11.65732473,2026-04-10 12:15:00+00:00
1775824200000,72222.9,72460.0,72090.0,72328.2,45.95673896,2026-04-10 12:30:00+00:00
1775825100000,72328.1,72403.9,72217.0,72268.5,3.16100533,2026-04-10 12:45:00+00:00
1775826000000,72269.8,72274.1,72210.1,72226.4,12.42820417,2026-04-10 13:00:00+00:00
1775826900000,72226.4,72300.8,72177.3,72299.8,9.13106241,2026-04-10 13:15:00+00:00
1775827800000,72299.8,72429.7,71925.4,72044.9,18.79710985,2026-04-10 13:30:00+00:00
1775828700000,72068.2,72371.0,72068.2,72334.0,107.34692653,2026-04-10 13:45:00+00:00
1775829600000,72333.5,72782.9,72291.1,72710.1,66.448945,2026-04-10 14:00:00+00:00
1775830500000,72710.1,73097.8,72656.6,73010.8,164.98296265,2026-04-10 14:15:00+00:00
1775831400000,73010.8,73163.9,72773.1,72898.5,39.46652157,2026-04-10 14:30:00+00:00
1775832300000,72898.6,72994.2,72763.6,72953.4,10.714186,2026-04-10 14:45:00+00:00
1775833200000,72947.4,73150.0,72888.1,73073.2,37.34746962,2026-04-10 15:00:00+00:00
1775834100000,73073.2,73320.0,72793.4,72818.2,40.28107888,2026-04-10 15:15:00+00:00
1775835000000,72818.3,72866.2,72646.4,72762.4,51.17938221,2026-04-10 15:30:00+00:00
1775835900000,72762.4,72786.2,72381.7,72441.3,25.61168033,2026-04-10 15:45:00+00:00
1775836800000,72456.4,72731.5,72424.1,72716.2,10.20100363,2026-04-10 16:00:00+00:00
1775837700000,72717.1,72829.1,72621.7,72769.3,17.46742597,2026-04-10 16:15:00+00:00
1775838600000,72772.8,72812.4,72642.5,72718.1,7.52263538,2026-04-10 16:30:00+00:00
1775839500000,72718.1,73069.1,72718.0,73012.0,39.13046885,2026-04-10 16:45:00+00:00
1775840400000,73012.0,73012.0,72835.5,72877.4,16.91267604,2026-04-10 17:00:00+00:00
1775841300000,72877.4,73041.1,72829.2,72985.9,20.38671756,2026-04-10 17:15:00+00:00
1775842200000,72985.9,72985.9,72831.1,72950.9,26.62285747,2026-04-10 17:30:00+00:00
1775843100000,72948.3,73148.1,72947.0,73126.7,11.52954705,2026-04-10 17:45:00+00:00
1775844000000,73126.7,73140.0,72924.9,73114.6,33.92528949,2026-04-10 18:00:00+00:00
1775844900000,73114.6,73167.5,72924.9,73028.4,18.28197083,2026-04-10 18:15:00+00:00
1775845800000,73014.1,73030.4,72959.6,72982.4,3.3333192,2026-04-10 18:30:00+00:00
1775846700000,72982.4,73139.2,72975.3,73138.5,7.28538808,2026-04-10 18:45:00+00:00
1775847600000,73138.6,73276.6,73103.0,73210.0,28.01728184,2026-04-10 19:00:00+00:00
1775848500000,73210.1,73219.5,73018.4,73030.0,16.67444639,2026-04-10 19:15:00+00:00
1775849400000,73029.9,73034.2,72938.7,72977.0,8.31073897,2026-04-10 19:30:00+00:00
1775850300000,72976.9,73278.8,72926.6,73268.1,29.78898888,2026-04-10 19:45:00+00:00
1775851200000,73268.1,73302.3,73177.2,73231.9,44.23314068,2026-04-10 20:00:00+00:00
1775852100000,73259.8,73300.0,73168.0,73292.9,21.74557578,2026-04-10 20:15:00+00:00
1775853000000,73292.9,73455.0,73090.5,73266.5,85.33190462,2026-04-10 20:30:00+00:00
1775853900000,73274.2,73447.1,73187.0,73393.1,12.62008018,2026-04-10 20:45:00+00:00
1775854800000,73393.1,73393.1,73057.2,73111.3,17.44369548,2026-04-10 21:00:00+00:00
1775855700000,73111.4,73201.7,73080.3,73128.6,9.56227422,2026-04-10 21:15:00+00:00
1775856600000,73128.5,73128.5,72990.2,73112.3,9.14378117,2026-04-10 21:30:00+00:00
1775857500000,73112.3,73207.1,73072.9,73207.1,6.1532825,2026-04-10 21:45:00+00:00
1775858400000,73207.1,73276.1,73148.1,73208.8,3.33895535,2026-04-10 22:00:00+00:00
1775859300000,73208.8,73210.6,73051.6,73063.3,14.10053131,2026-04-10 22:15:00+00:00
1775860200000,73055.8,73055.8,72781.5,72884.3,25.96040186,2026-04-10 22:30:00+00:00
1775861100000,72884.3,72932.2,72861.0,72904.0,9.25957782,2026-04-10 22:45:00+00:00
1775862000000,72904.0,72926.0,72825.3,72902.7,16.74510622,2026-04-10 23:00:00+00:00
1775862900000,72902.8,72973.8,72851.0,72946.1,4.59537714,2026-04-10 23:15:00+00:00
1775863800000,72946.1,72951.1,72884.3,72951.0,2.83770261,2026-04-10 23:30:00+00:00
1775864700000,72951.0,72974.1,72951.0,72973.8,2.67650709,2026-04-10 23:45:00+00:00
1775865600000,72973.8,72973.8,72850.0,72911.5,8.1049969,2026-04-11 00:00:00+00:00
1775866500000,72911.5,72943.4,72866.8,72933.0,8.09687162,2026-04-11 00:15:00+00:00
1775867400000,72933.0,72964.6,72875.5,72909.2,1.61249871,2026-04-11 00:30:00+00:00
1775868300000,72909.2,72909.2,72827.7,72864.6,4.07807289,2026-04-11 00:45:00+00:00
1775869200000,72864.3,72868.0,72811.4,72839.2,1.52819345,2026-04-11 01:00:00+00:00
1775870100000,72839.2,72861.4,72712.7,72861.4,10.30124808,2026-04-11 01:15:00+00:00
1775871000000,72861.5,72954.7,72861.4,72895.8,2.39363619,2026-04-11 01:30:00+00:00
1775871900000,72895.8,73025.3,72895.7,72962.0,5.5712858,2026-04-11 01:45:00+00:00
1775872800000,72965.7,73025.2,72950.7,73006.1,3.96915782,2026-04-11 02:00:00+00:00
1775873700000,73006.1,73071.7,73003.9,73040.1,0.99165339,2026-04-11 02:15:00+00:00
1775874600000,73040.0,73132.1,73021.8,73033.7,22.34533683,2026-04-11 02:30:00+00:00
1775875500000,73033.7,73033.7,72976.4,73012.9,4.68399627,2026-04-11 02:45:00+00:00
1775876400000,73013.0,73100.0,73012.9,73076.1,2.63295733,2026-04-11 03:00:00+00:00
1775877300000,73076.2,73083.8,73039.0,73049.9,1.37565541,2026-04-11 03:15:00+00:00
1775878200000,73044.4,73054.2,72976.3,73024.3,1.76436089,2026-04-11 03:30:00+00:00
1775879100000,73024.3,73024.3,72869.4,72896.1,2.16620601,2026-04-11 03:45:00+00:00
1775880000000,72896.2,72984.6,72857.1,72861.5,8.79474737,2026-04-11 04:00:00+00:00
1775880900000,72865.2,72865.2,72734.2,72788.2,60.15271552,2026-04-11 04:15:00+00:00
1775881800000,72759.2,72860.9,72759.2,72839.0,2.38704935,2026-04-11 04:30:00+00:00
1775882700000,72839.0,72861.9,72820.7,72837.3,1.24881628,2026-04-11 04:45:00+00:00
1775883600000,72837.3,72854.6,72736.1,72737.2,1.73127463,2026-04-11 05:00:00+00:00
1775884500000,72737.2,72834.7,72726.4,72834.5,6.6890386,2026-04-11 05:15:00+00:00
1775885400000,72834.6,72871.8,72834.5,72863.4,0.92003205,2026-04-11 05:30:00+00:00
1775886300000,72843.2,72843.2,72754.8,72758.5,2.76172292,2026-04-11 05:45:00+00:00
1775887200000,72758.5,72758.5,72645.8,72714.9,19.8176762,2026-04-11 06:00:00+00:00
1775888100000,72714.9,72768.8,72669.1,72729.9,3.50413361,2026-04-11 06:15:00+00:00
1775889000000,72729.8,72775.2,72729.7,72760.6,5.77223891,2026-04-11 06:30:00+00:00
1775889900000,72760.6,72808.2,72755.6,72806.5,1.51377183,2026-04-11 06:45:00+00:00
1775890800000,72806.5,72808.4,72799.8,72799.8,2.64966066,2026-04-11 07:00:00+00:00
1775891700000,72799.8,72866.9,72799.8,72841.0,3.69066715,2026-04-11 07:15:00+00:00
1775892600000,72841.1,72841.1,72790.0,72790.1,1.82666746,2026-04-11 07:30:00+00:00
1775893500000,72790.0,72790.0,72698.5,72761.5,5.0300188,2026-04-11 07:45:00+00:00
1775894400000,72774.7,72825.9,72756.7,72825.0,1.22752395,2026-04-11 08:00:00+00:00
1775895300000,72825.0,72835.7,72789.1,72789.2,2.97535295,2026-04-11 08:15:00+00:00
1775896200000,72789.2,72789.2,72737.1,72765.3,4.12328059,2026-04-11 08:30:00+00:00
1775897100000,72765.2,72779.2,72688.2,72722.1,8.86121097,2026-04-11 08:45:00+00:00
1775898000000,72722.1,72722.1,72664.1,72695.2,12.10654094,2026-04-11 09:00:00+00:00
1775898900000,72695.7,72936.0,72695.7,72915.1,5.92801564,2026-04-11 09:15:00+00:00
1775899800000,72915.1,72915.1,72812.7,72867.9,7.67904639,2026-04-11 09:30:00+00:00
1775900700000,72867.8,72951.3,72864.2,72944.1,5.96809989,2026-04-11 09:45:00+00:00
1775901600000,72944.2,72948.3,72843.8,72848.9,12.38748806,2026-04-11 10:00:00+00:00
1775902500000,72849.0,72911.5,72831.0,72909.1,2.42392197,2026-04-11 10:15:00+00:00
1775903400000,72909.1,72909.1,72817.0,72817.2,1.50794367,2026-04-11 10:30:00+00:00
1775904300000,72817.2,72877.5,72817.2,72877.5,2.79630765,2026-04-11 10:45:00+00:00
1775905200000,72877.5,72918.3,72877.4,72903.7,1.04073275,2026-04-11 11:00:00+00:00
1775906100000,72903.7,72904.9,72884.7,72884.8,1.52947182,2026-04-11 11:15:00+00:00
1775907000000,72884.8,72885.1,72870.1,72885.1,1.69326187,2026-04-11 11:30:00+00:00
1775907900000,72885.1,72945.3,72885.0,72932.9,12.01661692,2026-04-11 11:45:00+00:00
1775908800000,72932.9,72980.0,72932.8,72948.8,4.70321593,2026-04-11 12:00:00+00:00
1775909700000,72948.9,72955.0,72850.0,72891.1,7.35378461,2026-04-11 12:15:00+00:00
1775910600000,72891.2,73000.0,72878.3,72997.7,4.81216538,2026-04-11 12:30:00+00:00
1775911500000,72997.7,73011.3,72962.2,72973.4,3.8216696,2026-04-11 12:45:00+00:00
1775912400000,72973.4,72973.4,72578.8,72644.6,24.51904062,2026-04-11 13:00:00+00:00
1775913300000,72644.6,72802.1,72637.9,72655.8,24.62144616,2026-04-11 13:15:00+00:00
1775914200000,72655.9,72735.8,72630.5,72703.4,11.69117084,2026-04-11 13:30:00+00:00
1775915100000,72703.3,72739.4,72671.2,72712.4,114.79641782,2026-04-11 13:45:00+00:00
1775916000000,72712.5,72761.1,72656.6,72760.4,1.46543289,2026-04-11 14:00:00+00:00
1775916900000,72760.5,72805.7,72737.8,72757.4,18.18877059,2026-04-11 14:15:00+00:00
1775917800000,72757.5,72757.5,72655.5,72672.6,97.96783094,2026-04-11 14:30:00+00:00
1775918700000,72672.6,72761.6,72670.9,72757.4,1.59565164,2026-04-11 14:45:00+00:00
1775919600000,72750.1,72763.0,72706.9,72732.7,1.2697755,2026-04-11 15:00:00+00:00
1775920500000,72732.6,72910.0,72732.6,72795.3,5.60203785,2026-04-11 15:15:00+00:00
1775921400000,72792.9,72841.7,72792.8,72811.9,1.19731875,2026-04-11 15:30:00+00:00
1775922300000,72812.0,72904.2,72792.0,72901.2,6.29974536,2026-04-11 15:45:00+00:00
1775923200000,72901.2,72908.7,72856.4,72908.7,1.86520953,2026-04-11 16:00:00+00:00
1775924100000,72908.7,72962.9,72900.0,72925.6,10.02769452,2026-04-11 16:15:00+00:00
1775925000000,72925.6,73215.0,72903.1,73128.8,18.58570119,2026-04-11 16:30:00+00:00
1775925900000,73128.8,73238.7,73068.1,73068.1,18.64517079,2026-04-11 16:45:00+00:00
1775926800000,73068.1,73082.5,73018.4,73057.2,2.77265217,2026-04-11 17:00:00+00:00
1775927700000,73037.0,73130.0,73000.0,73096.3,4.85131962,2026-04-11 17:15:00+00:00
1775928600000,73096.8,73192.9,73096.8,73183.9,5.72040816,2026-04-11 17:30:00+00:00
1775929500000,73183.9,73188.4,73102.3,73105.2,3.0676604,2026-04-11 17:45:00+00:00
1775930400000,73105.2,73128.5,73091.0,73111.0,6.26875889,2026-04-11 18:00:00+00:00
1775931300000,73111.0,73294.5,73111.0,73230.7,22.55745651,2026-04-11 18:15:00+00:00
1775932200000,73230.7,73750.0,73230.6,73516.8,86.72206231,2026-04-11 18:30:00+00:00
1775933100000,73516.7,73650.0,73465.2,73549.3,6.83576342,2026-04-11 18:45:00+00:00
1775934000000,73555.0,73800.0,73525.0,73594.2,22.37666896,2026-04-11 19:00:00+00:00
1775934900000,73594.2,73678.6,73494.3,73650.0,18.45295054,2026-04-11 19:15:00+00:00
1775935800000,73650.0,73800.0,73650.0,73720.7,18.68698065,2026-04-11 19:30:00+00:00
1775936700000,73720.7,73720.8,73631.2,73695.4,2.89069374,2026-04-11 19:45:00+00:00
1775937600000,73695.4,73715.0,73550.0,73550.0,23.72981889,2026-04-11 20:00:00+00:00
1775938500000,73550.0,73550.1,73450.5,73460.8,12.65952571,2026-04-11 20:15:00+00:00
1775939400000,73460.9,73460.9,73272.2,73389.2,22.55600943,2026-04-11 20:30:00+00:00
1775940300000,73389.3,73477.2,73343.4,73343.5,14.0772842,2026-04-11 20:45:00+00:00
1775941200000,73343.5,73467.8,73209.0,73448.3,23.7276112,2026-04-11 21:00:00+00:00
1775942100000,73448.3,73472.2,73364.4,73373.7,5.99698318,2026-04-11 21:15:00+00:00
1775943000000,73373.7,73500.6,73364.4,73481.7,9.90506718,2026-04-11 21:30:00+00:00
1775943900000,73481.6,73550.1,73455.3,73456.1,9.6823619,2026-04-11 21:45:00+00:00
1775944800000,73456.1,73550.1,73437.4,73532.6,3.63426675,2026-04-11 22:00:00+00:00
1775945700000,73532.6,73596.2,73444.0,73506.1,7.57530337,2026-04-11 22:15:00+00:00
1775946600000,73486.6,73486.6,73278.6,73372.2,9.16993272,2026-04-11 22:30:00+00:00
1775947500000,73372.3,73407.1,73288.5,73406.4,12.79927215,2026-04-11 22:45:00+00:00
1775948400000,73406.4,73406.4,72948.3,73076.6,28.63131662,2026-04-11 23:00:00+00:00
1775949300000,73076.6,73225.0,73076.5,73198.0,5.15360502,2026-04-11 23:15:00+00:00
1775950200000,73179.0,73198.4,73125.0,73125.1,4.82510468,2026-04-11 23:30:00+00:00
1775951100000,73125.0,73141.4,73044.2,73060.6,4.28122169,2026-04-11 23:45:00+00:00
1775952000000,73060.6,73110.3,72928.9,73030.1,5.39977066,2026-04-12 00:00:00+00:00
1775952900000,73034.5,73134.2,72978.8,73096.5,2.79791747,2026-04-12 00:15:00+00:00
1775953800000,73096.5,73139.1,73010.9,73067.9,5.10817059,2026-04-12 00:30:00+00:00
1775954700000,73054.7,73111.0,73047.4,73097.1,2.08085157,2026-04-12 00:45:00+00:00
1775955600000,73097.2,73150.0,73030.4,73095.0,4.49418226,2026-04-12 01:00:00+00:00
1775956500000,73094.9,73106.6,73035.0,73035.1,2.47252021,2026-04-12 01:15:00+00:00
1775957400000,73035.1,73035.1,71576.0,71729.2,183.15429613,2026-04-12 01:30:00+00:00
1775958300000,71735.9,71735.9,71334.5,71663.5,79.14207136,2026-04-12 01:45:00+00:00
1775959200000,71663.6,71860.5,71380.3,71827.1,24.28544656,2026-04-12 02:00:00+00:00
1775960100000,71823.4,71998.9,71724.0,71822.6,29.91152024,2026-04-12 02:15:00+00:00
1775961000000,71822.6,71959.3,71822.5,71922.4,9.12592823,2026-04-12 02:30:00+00:00
1775961900000,71922.4,71922.4,71800.9,71800.9,10.69174859,2026-04-12 02:45:00+00:00
1775962800000,71800.9,71893.3,71669.8,71768.3,39.89866471,2026-04-12 03:00:00+00:00
1775963700000,71766.1,71780.0,71650.0,71747.8,23.6612187,2026-04-12 03:15:00+00:00
1775964600000,71747.8,71779.4,71634.8,71709.5,6.02033972,2026-04-12 03:30:00+00:00
1775965500000,71709.4,71709.5,71627.0,71627.2,7.81370627,2026-04-12 03:45:00+00:00
1775966400000,71627.2,71700.0,71561.4,71601.4,9.74301688,2026-04-12 04:00:00+00:00
1775967300000,71602.9,71649.3,71540.4,71561.3,6.65909983,2026-04-12 04:15:00+00:00
1775968200000,71555.7,71588.5,71538.4,71588.4,7.14811747,2026-04-12 04:30:00+00:00
1775969100000,71588.5,71599.0,71472.6,71503.6,11.79421297,2026-04-12 04:45:00+00:00
1775970000000,71503.7,71611.0,71464.9,71536.7,2.66341122,2026-04-12 05:00:00+00:00
1775970900000,71536.6,71699.9,71513.9,71699.9,2.1634925,2026-04-12 05:15:00+00:00
1775971800000,71695.2,71745.4,71658.1,71674.3,10.53815791,2026-04-12 05:30:00+00:00
1775972700000,71674.3,71806.8,71674.2,71740.0,4.5288128,2026-04-12 05:45:00+00:00
1775973600000,71740.0,71781.0,71718.5,71774.5,7.38059388,2026-04-12 06:00:00+00:00
1775974500000,71774.4,71774.5,71701.8,71743.1,3.93413596,2026-04-12 06:15:00+00:00
1775975400000,71743.1,71743.1,71707.0,71707.4,0.94861515,2026-04-12 06:30:00+00:00
1775976300000,71707.4,71707.4,71675.6,71684.5,7.22517027,2026-04-12 06:45:00+00:00
1775977200000,71685.8,71707.4,71620.1,71672.0,6.02673428,2026-04-12 07:00:00+00:00
1775978100000,71672.1,71680.0,71653.5,71658.6,1.59742508,2026-04-12 07:15:00+00:00
1775979000000,71658.6,71774.5,71658.5,71774.4,5.99091734,2026-04-12 07:30:00+00:00
1775979900000,71774.5,71776.4,71730.0,71730.0,12.82626437,2026-04-12 07:45:00+00:00
1775980800000,71730.1,71730.1,71682.1,71686.7,5.04285841,2026-04-12 08:00:00+00:00
1775981700000,71686.7,71730.0,71686.6,71729.9,1.31370576,2026-04-12 08:15:00+00:00
1775982600000,71729.9,71814.9,71729.8,71773.4,9.59240843,2026-04-12 08:30:00+00:00
1775983500000,71773.4,71773.4,71650.0,71650.1,3.7982031,2026-04-12 08:45:00+00:00
1775984400000,71655.0,71655.0,71576.9,71600.0,12.65681094,2026-04-12 09:00:00+00:00
1775985300000,71599.9,71636.0,71599.9,71636.0,1.7364347,2026-04-12 09:15:00+00:00
1775986200000,71635.9,71640.0,71610.6,71610.7,1.70040358,2026-04-12 09:30:00+00:00
1775987100000,71610.6,71610.6,71548.3,71571.7,3.72277607,2026-04-12 09:45:00+00:00
1775988000000,71571.7,71700.0,71546.5,71659.9,3.79564367,2026-04-12 10:00:00+00:00
1775988900000,71660.0,71674.0,71656.2,71656.3,1.6579365,2026-04-12 10:15:00+00:00
1775989800000,71656.2,71656.2,71539.6,71547.0,7.50773088,2026-04-12 10:30:00+00:00
1775990700000,71547.1,71550.2,71400.0,71486.0,12.85637808,2026-04-12 10:45:00+00:00
1775991600000,71486.0,71557.0,71421.8,71535.7,28.53564705,2026-04-12 11:00:00+00:00
1775992500000,71543.8,71557.0,71500.0,71525.8,20.72497121,2026-04-12 11:15:00+00:00
1775993400000,71525.7,71549.1,71442.9,71497.0,1.82329823,2026-04-12 11:30:00+00:00
1775994300000,71496.9,71500.0,71462.8,71499.1,3.90148109,2026-04-12 11:45:00+00:00
1775995200000,71499.1,71499.1,71366.3,71424.5,14.16666338,2026-04-12 12:00:00+00:00
1775996100000,71424.5,71447.5,71402.1,71431.0,8.64882921,2026-04-12 12:15:00+00:00
1775997000000,71430.9,71534.6,71368.7,71517.6,6.7181791,2026-04-12 12:30:00+00:00
1775997900000,71517.6,71517.6,71103.8,71133.0,66.21786406,2026-04-12 12:45:00+00:00
1775998800000,71133.1,71185.6,70960.8,71021.1,55.02118761,2026-04-12 13:00:00+00:00
1775999700000,71021.1,71136.2,71021.0,71088.0,5.43827609,2026-04-12 13:15:00+00:00
1776000600000,71088.0,71100.0,70987.0,71010.9,7.45369673,2026-04-12 13:30:00+00:00
1776001500000,71010.9,71024.3,70901.0,70911.4,17.2273079,2026-04-12 13:45:00+00:00
1776002400000,70911.4,71038.5,70903.6,71013.0,14.17251779,2026-04-12 14:00:00+00:00
1776003300000,71013.1,71106.9,71013.0,71101.8,42.36211425,2026-04-12 14:15:00+00:00
1776004200000,71101.8,71106.9,70800.1,70864.6,45.89025756,2026-04-12 14:30:00+00:00
1776005100000,70867.7,70888.1,70711.8,70778.7,34.26451543,2026-04-12 14:45:00+00:00
1776006000000,70778.8,70863.7,70770.5,70863.7,20.38553019,2026-04-12 15:00:00+00:00
1776006900000,70859.0,70859.1,70760.0,70760.0,12.23753308,2026-04-12 15:15:00+00:00
1776007800000,70760.0,70909.0,70650.0,70899.3,22.10953639,2026-04-12 15:30:00+00:00
1776008700000,70899.3,70957.7,70899.2,70911.0,10.82958652,2026-04-12 15:45:00+00:00
1776009600000,70917.7,70966.4,70881.5,70962.5,6.95886428,2026-04-12 16:00:00+00:00
1776010500000,70962.6,70971.2,70848.4,70955.1,6.4711379,2026-04-12 16:15:00+00:00
1776011400000,70955.1,70969.9,70891.5,70894.6,3.19380148,2026-04-12 16:30:00+00:00
1776012300000,70894.6,70964.0,70872.4,70964.0,14.71297204,2026-04-12 16:45:00+00:00
1776013200000,70964.0,71027.5,70944.7,70944.8,9.51111991,2026-04-12 17:00:00+00:00
1776014100000,70944.8,71034.7,70938.5,71034.7,3.28567239,2026-04-12 17:15:00+00:00
1776015000000,71034.7,71044.0,70993.0,71042.7,17.40153143,2026-04-12 17:30:00+00:00
1776015900000,71041.4,71222.0,70970.3,71150.0,7.30682589,2026-04-12 17:45:00+00:00
1776016800000,71163.1,71202.2,71095.1,71199.0,9.04116239,2026-04-12 18:00:00+00:00
1776017700000,71199.0,71222.0,71089.8,71119.4,16.00280117,2026-04-12 18:15:00+00:00
1776018600000,71119.4,71223.5,71119.3,71144.0,4.35507727,2026-04-12 18:30:00+00:00
1776019500000,71144.0,71192.0,71144.0,71171.5,4.40271343,2026-04-12 18:45:00+00:00
1776020400000,71171.5,71253.7,71171.4,71181.0,12.93941946,2026-04-12 19:00:00+00:00
1776021300000,71181.0,71181.1,71161.3,71175.0,3.58624048,2026-04-12 19:15:00+00:00
1776022200000,71175.0,71188.0,71113.5,71145.0,10.92559563,2026-04-12 19:30:00+00:00
1776023100000,71145.1,71145.1,71113.5,71119.9,6.59984628,2026-04-12 19:45:00+00:00
1776024000000,71119.9,71120.0,71025.8,71029.9,14.69261499,2026-04-12 20:00:00+00:00
1776024900000,71030.0,71092.5,70970.9,71092.4,7.19064712,2026-04-12 20:15:00+00:00
1776025800000,71092.5,71470.1,71090.9,71348.9,27.69018728,2026-04-12 20:30:00+00:00
1776026700000,71348.9,71391.6,71252.6,71365.1,13.76759108,2026-04-12 20:45:00+00:00
1776027600000,71365.1,71467.9,71195.1,71239.7,6.80756458,2026-04-12 21:00:00+00:00
1776028500000,71238.6,71347.6,71238.6,71340.0,4.86917936,2026-04-12 21:15:00+00:00
1776029400000,71340.1,71383.8,71261.9,71324.3,7.76328873,2026-04-12 21:30:00+00:00
1776030300000,71326.5,71357.8,71243.1,71357.8,8.75655779,2026-04-12 21:45:00+00:00
1776031200000,71379.1,71379.1,70735.1,70944.8,69.29012728,2026-04-12 22:00:00+00:00
1776032100000,70944.7,70959.8,70572.0,70665.7,25.89116334,2026-04-12 22:15:00+00:00
1776033000000,70665.8,70915.0,70517.7,70829.5,16.05049547,2026-04-12 22:30:00+00:00
1776033900000,70824.9,70933.5,70792.5,70922.8,2.27147521,2026-04-12 22:45:00+00:00
1776034800000,70922.9,70922.9,70637.1,70637.2,8.05930334,2026-04-12 23:00:00+00:00
1776035700000,70638.7,70768.6,70599.6,70720.5,5.67481041,2026-04-12 23:15:00+00:00
1776036600000,70720.6,70720.6,70575.0,70709.1,17.66619706,2026-04-12 23:30:00+00:00
1776037500000,70719.1,70789.9,70608.3,70754.1,3.96209403,2026-04-12 23:45:00+00:00
1776038400000,70754.1,70917.3,70630.4,70904.6,8.2164093,2026-04-13 00:00:00+00:00
1776039300000,70904.7,71088.6,70852.0,71003.5,30.4700234,2026-04-13 00:15:00+00:00
1776040200000,70998.6,71130.2,70961.7,71064.5,11.80621544,2026-04-13 00:30:00+00:00
1776041100000,71064.6,71259.4,71026.7,71180.8,6.84961454,2026-04-13 00:45:00+00:00
1776042000000,71180.8,71219.1,71124.3,71140.8,4.42076568,2026-04-13 01:00:00+00:00
1776042900000,71138.0,71169.9,71068.1,71106.2,9.55385519,2026-04-13 01:15:00+00:00
1776043800000,71106.3,71211.1,71052.4,71157.6,3.82566958,2026-04-13 01:30:00+00:00
1776044700000,71156.4,71238.7,71150.0,71204.5,5.03914056,2026-04-13 01:45:00+00:00
1776045600000,71204.6,71256.6,71007.5,71017.0,4.79620329,2026-04-13 02:00:00+00:00
1776046500000,71017.0,71259.4,71016.9,71209.9,1.52407288,2026-04-13 02:15:00+00:00
1776047400000,71209.9,71271.3,71062.9,71067.3,2.26993548,2026-04-13 02:30:00+00:00
1776048300000,71055.8,71087.9,71022.0,71070.5,5.55477821,2026-04-13 02:45:00+00:00
1776049200000,71070.5,71128.5,71015.0,71064.4,1.84203856,2026-04-13 03:00:00+00:00
1776050100000,71071.1,71150.0,71012.4,71064.4,7.83296359,2026-04-13 03:15:00+00:00
1776051000000,71057.7,71057.7,70950.0,70989.8,1.2403084,2026-04-13 03:30:00+00:00
1776051900000,70989.9,71001.4,70938.6,71001.4,1.45226172,2026-04-13 03:45:00+00:00
1776052800000,71001.4,71011.5,70917.1,70952.4,3.66609403,2026-04-13 04:00:00+00:00
1776053700000,70952.3,71040.4,70922.9,71037.9,13.90686344,2026-04-13 04:15:00+00:00
1776054600000,71037.9,71139.8,71037.9,71044.8,11.39002671,2026-04-13 04:30:00+00:00
1776055500000,71044.8,71044.8,70858.8,70912.7,1.90888738,2026-04-13 04:45:00+00:00
1776056400000,70902.2,70913.0,70799.9,70830.0,11.88819929,2026-04-13 05:00:00+00:00
1776057300000,70830.0,70865.3,70795.6,70859.8,1.32921395,2026-04-13 05:15:00+00:00
1776058200000,70859.9,70861.2,70688.2,70746.9,4.71799473,2026-04-13 05:30:00+00:00
1776059100000,70746.8,70884.0,70746.8,70873.8,3.54846984,2026-04-13 05:45:00+00:00
1776060000000,70879.9,71012.5,70879.9,71009.9,5.94416141,2026-04-13 06:00:00+00:00
1776060900000,71009.8,71092.2,71009.8,71042.1,4.88194421,2026-04-13 06:15:00+00:00
1776061800000,71042.2,71044.7,71018.0,71032.4,1.43435343,2026-04-13 06:30:00+00:00
1776062700000,71039.9,71099.9,71039.8,71050.1,1.32875829,2026-04-13 06:45:00+00:00
1776063600000,71050.1,71060.0,70908.1,70915.7,2.37451015,2026-04-13 07:00:00+00:00
1776064500000,70915.6,70918.7,70701.8,70728.1,13.47349298,2026-04-13 07:15:00+00:00
1776065400000,70728.2,70823.5,70717.3,70775.6,11.9696793,2026-04-13 07:30:00+00:00
1776066300000,70790.8,70847.1,70776.7,70832.3,4.82415275,2026-04-13 07:45:00+00:00
1776067200000,70832.4,70854.8,70734.6,70751.6,7.68968244,2026-04-13 08:00:00+00:00
1776068100000,70751.6,70819.9,70673.9,70772.7,7.76029528,2026-04-13 08:15:00+00:00
1776069000000,70772.7,70772.7,70613.4,70624.3,45.39779782,2026-04-13 08:30:00+00:00
1776069900000,70620.8,70691.3,70595.6,70683.1,6.74852613,2026-04-13 08:45:00+00:00
1776070800000,70683.2,70900.0,70683.2,70721.1,6.42879619,2026-04-13 09:00:00+00:00
1776071700000,70721.1,70805.4,70694.7,70800.2,3.31825438,2026-04-13 09:15:00+00:00
1776072600000,70800.3,70814.4,70776.5,70789.9,1.23448724,2026-04-13 09:30:00+00:00
1776073500000,70789.8,70790.0,70770.1,70790.0,1.4849539,2026-04-13 09:45:00+00:00
1776074400000,70790.0,70845.7,70784.4,70829.8,3.69095414,2026-04-13 10:00:00+00:00
1776075300000,70829.9,70829.9,70735.0,70776.5,2.18350986,2026-04-13 10:15:00+00:00
1776076200000,70776.4,70820.3,70691.6,70771.3,34.3158639,2026-04-13 10:30:00+00:00
1776077100000,70771.4,70797.9,70721.9,70737.7,1.11678883,2026-04-13 10:45:00+00:00
1776078000000,70737.7,70869.9,70737.7,70867.3,4.63910499,2026-04-13 11:00:00+00:00
1776078900000,70867.3,70890.1,70857.8,70876.5,5.31793917,2026-04-13 11:15:00+00:00
1776079800000,70876.5,70949.6,70829.8,70949.5,4.96643935,2026-04-13 11:30:00+00:00
1776080700000,70949.6,71001.7,70916.4,70948.1,5.01301641,2026-04-13 11:45:00+00:00
1776081600000,70948.1,71046.0,70836.3,70959.6,23.49672222,2026-04-13 12:00:00+00:00
1776082500000,70966.6,70987.6,70860.1,70860.8,1.09297242,2026-04-13 12:15:00+00:00
1776083400000,70860.7,70907.6,70777.6,70836.0,10.56260263,2026-04-13 12:30:00+00:00
1776084300000,70836.0,71216.6,70835.9,71105.4,26.09546873,2026-04-13 12:45:00+00:00
1776085200000,71105.4,71207.6,71097.0,71207.5,30.75795399,2026-04-13 13:00:00+00:00
1776086100000,71207.6,71267.9,71128.8,71190.8,22.46463846,2026-04-13 13:15:00+00:00
1776087000000,71193.3,71219.2,70833.3,71043.3,83.08617141,2026-04-13 13:30:00+00:00
1776087900000,71043.5,71710.3,70968.0,71658.1,79.88673805,2026-04-13 13:45:00+00:00
1776088800000,71658.1,71767.1,71485.6,71649.7,25.87245145,2026-04-13 14:00:00+00:00
1776089700000,71641.1,71750.4,71438.6,71654.9,23.99516507,2026-04-13 14:15:00+00:00
1776090600000,71654.9,72018.3,71643.9,72018.2,36.99603619,2026-04-13 14:30:00+00:00
1776091500000,72018.0,72435.1,71927.4,72435.1,206.18681137,2026-04-13 14:45:00+00:00
1776092400000,72435.1,72492.7,71964.0,71989.9,38.70252879,2026-04-13 15:00:00+00:00
1776093300000,71989.9,72054.3,71896.3,72004.2,15.62032667,2026-04-13 15:15:00+00:00
1776094200000,72004.1,72004.1,71690.1,71880.0,33.17839865,2026-04-13 15:30:00+00:00
1776095100000,71879.9,71960.7,71760.8,71897.0,24.63988017,2026-04-13 15:45:00+00:00
1776096000000,71894.8,72077.3,71729.5,72072.3,34.82412307,2026-04-13 16:00:00+00:00
1776096900000,72072.2,72282.1,71949.0,72279.8,22.40693716,2026-04-13 16:15:00+00:00
1776097800000,72279.9,72395.0,72198.9,72335.6,41.33388271,2026-04-13 16:30:00+00:00
1776098700000,72335.5,72450.0,72100.0,72234.0,19.85651327,2026-04-13 16:45:00+00:00
1776099600000,72234.0,72450.3,72163.7,72353.0,21.14140527,2026-04-13 17:00:00+00:00
1776100500000,72334.4,72442.5,72301.2,72442.5,13.0112499,2026-04-13 17:15:00+00:00
1776101400000,72442.5,72626.0,72407.9,72465.4,27.65207807,2026-04-13 17:30:00+00:00
1776102300000,72465.4,72519.4,72105.5,72183.6,18.78587431,2026-04-13 17:45:00+00:00
1776103200000,72183.6,72241.2,72118.3,72219.9,6.75427705,2026-04-13 18:00:00+00:00
1776104100000,72219.9,72315.6,72095.7,72187.5,13.08727158,2026-04-13 18:15:00+00:00
1776105000000,72187.5,72449.1,72187.5,72387.2,14.91313435,2026-04-13 18:30:00+00:00
1776105900000,72387.1,72505.3,72355.0,72458.2,14.15288886,2026-04-13 18:45:00+00:00
1776106800000,72458.2,72459.6,72327.0,72369.9,10.1171627,2026-04-13 19:00:00+00:00
1776107700000,72370.0,72928.9,72369.9,72882.6,75.04345038,2026-04-13 19:15:00+00:00
1776108600000,72882.6,73190.0,72870.0,73037.0,72.12808005,2026-04-13 19:30:00+00:00
1776109500000,73037.0,73499.0,73037.0,73351.8,108.54031365,2026-04-13 19:45:00+00:00
1776110400000,73366.2,73421.9,73105.5,73119.1,32.35259989,2026-04-13 20:00:00+00:00
1776111300000,73114.9,73190.0,73044.4,73132.1,17.73876168,2026-04-13 20:15:00+00:00
1776112200000,73132.1,73319.6,73108.0,73258.6,9.59057835,2026-04-13 20:30:00+00:00
1776113100000,73271.4,73290.3,73132.5,73202.5,7.44138423,2026-04-13 20:45:00+00:00
1776114000000,73202.5,73339.6,73129.2,73274.8,7.46511218,2026-04-13 21:00:00+00:00
1776114900000,73274.8,73321.6,73155.3,73161.2,6.1113949,2026-04-13 21:15:00+00:00
1776115800000,73161.5,73384.4,73151.1,73268.2,26.84939227,2026-04-13 21:30:00+00:00
1776116700000,73268.3,73301.9,73217.5,73229.4,4.24895371,2026-04-13 21:45:00+00:00
1776117600000,73229.5,73955.0,73205.9,73799.3,71.07857099,2026-04-13 22:00:00+00:00
1776118500000,73798.1,74469.0,73798.1,74151.0,136.47270509,2026-04-13 22:15:00+00:00
1776119400000,74151.0,74354.4,74108.7,74286.0,55.71330469,2026-04-13 22:30:00+00:00
1776120300000,74285.9,74747.9,74195.4,74657.5,89.16286503,2026-04-13 22:45:00+00:00
1776121200000,74657.5,74966.2,74488.1,74682.2,87.68801451,2026-04-13 23:00:00+00:00
1776122100000,74682.1,74836.7,74557.0,74750.3,33.64761529,2026-04-13 23:15:00+00:00
1776123000000,74748.9,74913.6,74585.3,74585.3,19.76970843,2026-04-13 23:30:00+00:00
1776123900000,74585.4,74602.2,74440.9,74441.7,46.12702039,2026-04-13 23:45:00+00:00
1776124800000,74441.2,74529.9,74287.0,74349.9,25.07973618,2026-04-14 00:00:00+00:00
1776125700000,74349.9,74479.8,74262.4,74291.9,15.22255483,2026-04-14 00:15:00+00:00
1776126600000,74291.9,74459.8,74204.3,74430.3,12.95092141,2026-04-14 00:30:00+00:00
1776127500000,74430.3,74442.4,74121.2,74161.0,27.50352513,2026-04-14 00:45:00+00:00
1776128400000,74174.5,74335.4,74025.7,74335.4,10.76529721,2026-04-14 01:00:00+00:00
1776129300000,74335.3,74411.0,74250.0,74328.6,44.28734384,2026-04-14 01:15:00+00:00
1776130200000,74329.4,74353.8,74261.0,74353.6,7.91381739,2026-04-14 01:30:00+00:00
1776131100000,74353.5,74459.8,74345.1,74421.3,7.03548927,2026-04-14 01:45:00+00:00
1776132000000,74421.3,74514.1,74394.9,74514.1,5.06083401,2026-04-14 02:00:00+00:00
1776132900000,74514.0,74592.8,74451.0,74451.0,15.59121441,2026-04-14 02:15:00+00:00
1776133800000,74434.7,74489.9,74322.8,74459.9,5.69373382,2026-04-14 02:30:00+00:00
1776134700000,74459.9,74469.6,74336.3,74370.4,4.16506795,2026-04-14 02:45:00+00:00
1776135600000,74370.4,74445.3,74321.3,74365.0,21.10646443,2026-04-14 03:00:00+00:00
1776136500000,74375.9,74399.5,74300.1,74312.8,4.48000918,2026-04-14 03:15:00+00:00
1776137400000,74318.4,74530.5,74318.4,74517.0,14.86718492,2026-04-14 03:30:00+00:00
1776138300000,74511.6,74511.6,74441.3,74463.8,5.19861026,2026-04-14 03:45:00+00:00
1776139200000,74463.8,74499.9,74405.7,74467.4,5.60796702,2026-04-14 04:00:00+00:00
1776140100000,74469.8,74527.4,74469.3,74522.9,6.19331033,2026-04-14 04:15:00+00:00
1776141000000,74522.9,74529.3,74398.5,74409.8,3.69833378,2026-04-14 04:30:00+00:00
1776141900000,74409.8,74439.9,74378.1,74401.2,2.77030659,2026-04-14 04:45:00+00:00
1776142800000,74401.2,74404.4,74340.6,74365.0,24.21826982,2026-04-14 05:00:00+00:00
1776143700000,74365.0,74439.6,74326.6,74365.1,35.82002833,2026-04-14 05:15:00+00:00
1776144600000,74365.1,74383.0,74306.0,74309.0,8.74874256,2026-04-14 05:30:00+00:00
1776145500000,74309.0,74329.9,74195.2,74214.8,9.15013334,2026-04-14 05:45:00+00:00
1776146400000,74214.8,74369.9,74214.7,74360.7,5.70910994,2026-04-14 06:00:00+00:00
1776147300000,74360.8,74469.9,74336.3,74432.2,9.01343659,2026-04-14 06:15:00+00:00
1776148200000,74432.2,74489.0,74383.6,74436.1,10.41514765,2026-04-14 06:30:00+00:00
1776149100000,74434.4,74580.6,74407.6,74555.9,15.61517633,2026-04-14 06:45:00+00:00
1776150000000,74556.0,74950.0,74474.3,74810.1,33.31087764,2026-04-14 07:00:00+00:00
1776150900000,74810.0,74823.6,74642.2,74699.4,9.78011942,2026-04-14 07:15:00+00:00
1776151800000,74699.4,74710.1,74396.2,74531.6,119.66007577,2026-04-14 07:30:00+00:00
1776152700000,74531.5,74567.6,74496.0,74563.0,2.97735217,2026-04-14 07:45:00+00:00
1776153600000,74565.7,74621.7,74488.4,74570.3,8.32857386,2026-04-14 08:00:00+00:00
1776154500000,74570.3,74640.0,74533.3,74640.0,4.77670328,2026-04-14 08:15:00+00:00
1776155400000,74645.0,74924.7,74644.9,74685.6,27.42137727,2026-04-14 08:30:00+00:00
1776156300000,74685.7,74882.5,74660.5,74782.5,13.20881781,2026-04-14 08:45:00+00:00
1776157200000,74782.6,74827.2,74691.2,74827.0,6.86268064,2026-04-14 09:00:00+00:00
1776158100000,74827.1,74868.3,74681.0,74714.5,5.71991893,2026-04-14 09:15:00+00:00
1776159000000,74717.1,74726.2,74532.8,74535.0,12.26785673,2026-04-14 09:30:00+00:00
1776159900000,74535.0,74561.7,74477.5,74546.8,4.30272048,2026-04-14 09:45:00+00:00
1776160800000,74546.9,74585.2,74500.0,74572.7,8.28702446,2026-04-14 10:00:00+00:00
1776161700000,74572.8,74622.9,74540.9,74603.2,7.61900048,2026-04-14 10:15:00+00:00
1776162600000,74603.3,74643.1,74385.6,74386.9,10.56903617,2026-04-14 10:30:00+00:00
1776163500000,74386.9,74455.6,74366.2,74395.4,6.20628244,2026-04-14 10:45:00+00:00
1776164400000,74395.5,74456.1,74360.5,74422.8,16.77170515,2026-04-14 11:00:00+00:00
1776165300000,74422.7,74466.0,74381.9,74381.9,5.99717948,2026-04-14 11:15:00+00:00
1776166200000,74381.9,74432.1,74354.4,74354.5,8.25514387,2026-04-14 11:30:00+00:00
1776167100000,74354.5,74460.7,74342.6,74405.3,15.64354399,2026-04-14 11:45:00+00:00
1776168000000,74405.3,74455.5,74319.3,74324.9,6.19369901,2026-04-14 12:00:00+00:00
1776168900000,74318.9,74424.1,74307.0,74319.6,8.1813918,2026-04-14 12:15:00+00:00
1776169800000,74319.6,74419.6,74307.0,74351.1,6.82545002,2026-04-14 12:30:00+00:00
1776170700000,74351.1,74497.9,74348.0,74465.3,11.51030662,2026-04-14 12:45:00+00:00
1776171600000,74465.4,74630.5,74461.3,74595.0,65.57355723,2026-04-14 13:00:00+00:00
1776172500000,74595.0,74763.1,74554.9,74554.9,30.30336269,2026-04-14 13:15:00+00:00
1776173400000,74552.7,75276.2,74552.6,75250.1,117.81623364,2026-04-14 13:30:00+00:00
1776174300000,75250.0,75582.8,75117.2,75575.6,287.50925535,2026-04-14 13:45:00+00:00
1776175200000,75581.0,75673.6,75400.0,75622.9,182.28947556,2026-04-14 14:00:00+00:00
1776176100000,75622.9,75901.9,75550.8,75901.9,172.28265908,2026-04-14 14:15:00+00:00
1776177000000,75901.9,76088.3,75286.8,75445.0,262.89971653,2026-04-14 14:30:00+00:00
1776177900000,75445.1,75470.1,75071.9,75071.9,63.61263301,2026-04-14 14:45:00+00:00
1776178800000,75071.9,75169.6,74615.9,74776.6,125.78750982,2026-04-14 15:00:00+00:00
1776179700000,74776.6,74962.9,74750.0,74837.6,50.58980756,2026-04-14 15:15:00+00:00
1776180600000,74841.0,75348.4,74827.5,75332.6,187.70324062,2026-04-14 15:30:00+00:00
1776181500000,75319.9,75492.6,75202.7,75357.7,27.55222265,2026-04-14 15:45:00+00:00
1776182400000,75357.7,75715.6,75340.9,75509.9,53.05924427,2026-04-14 16:00:00+00:00
1776183300000,75509.8,75509.9,75233.8,75300.1,18.56530272,2026-04-14 16:15:00+00:00
1776184200000,75300.1,75300.1,75114.9,75275.5,29.74773591,2026-04-14 16:30:00+00:00
1776185100000,75257.1,75257.1,74559.7,74657.1,33.26416558,2026-04-14 16:45:00+00:00
1776186000000,74683.4,74860.3,74624.7,74820.7,31.37367537,2026-04-14 17:00:00+00:00
1776186900000,74820.7,74970.3,74683.3,74683.3,28.10642653,2026-04-14 17:15:00+00:00
1776187800000,74680.1,74691.5,74289.1,74586.6,38.03463384,2026-04-14 17:30:00+00:00
1776188700000,74586.6,74790.0,74584.1,74779.1,9.04813653,2026-04-14 17:45:00+00:00
1776189600000,74781.7,74848.3,74660.7,74706.5,41.76736415,2026-04-14 18:00:00+00:00
1776190500000,74706.7,74764.1,74488.6,74565.6,21.75594176,2026-04-14 18:15:00+00:00
1776191400000,74565.7,74592.8,74208.9,74318.5,20.05832613,2026-04-14 18:30:00+00:00
1776192300000,74318.5,74379.7,73858.9,74127.2,61.51178369,2026-04-14 18:45:00+00:00
1776193200000,74127.2,74423.0,74101.2,74303.1,12.70739881,2026-04-14 19:00:00+00:00
1776194100000,74303.1,74399.1,73947.1,74206.0,33.0172705,2026-04-14 19:15:00+00:00
1776195000000,74203.6,74315.4,74080.8,74160.9,9.78136109,2026-04-14 19:30:00+00:00
1776195900000,74157.5,74293.0,74143.8,74265.1,15.64712919,2026-04-14 19:45:00+00:00
1776196800000,74265.0,74460.7,74265.0,74460.7,16.27415543,2026-04-14 20:00:00+00:00
1776197700000,74455.0,74467.5,74159.2,74214.7,33.16363522,2026-04-14 20:15:00+00:00
1776198600000,74214.7,74316.2,74165.0,74288.6,40.60676246,2026-04-14 20:30:00+00:00
1776199500000,74294.4,74341.9,74046.3,74110.0,33.8796063,2026-04-14 20:45:00+00:00
1776200400000,74110.0,74323.7,74110.0,74247.6,5.66768722,2026-04-14 21:00:00+00:00
1776201300000,74247.6,74247.6,74073.1,74122.2,109.33657353,2026-04-14 21:15:00+00:00
1776202200000,74122.2,74142.4,73994.8,74057.3,7.62599956,2026-04-14 21:30:00+00:00
1776203100000,74044.1,74330.3,74010.8,74300.6,8.31189139,2026-04-14 21:45:00+00:00
1776204000000,74307.5,74399.9,74174.3,74376.3,7.18778595,2026-04-14 22:00:00+00:00
1776204900000,74356.3,74356.3,73942.3,73944.5,19.66379195,2026-04-14 22:15:00+00:00
1776205800000,73944.5,74115.7,73865.8,73993.8,15.61545776,2026-04-14 22:30:00+00:00
1776206700000,74010.2,74142.5,74005.4,74061.0,6.41325612,2026-04-14 22:45:00+00:00
1776207600000,74056.1,74179.9,74028.1,74129.4,7.5701065,2026-04-14 23:00:00+00:00
1776208500000,74130.4,74263.0,74079.7,74134.2,7.37402058,2026-04-14 23:15:00+00:00
1776209400000,74134.6,74229.8,74090.0,74187.4,12.97621726,2026-04-14 23:30:00+00:00
1776210300000,74187.4,74257.2,74083.8,74171.4,17.17391954,2026-04-14 23:45:00+00:00
1776211200000,74171.4,74706.6,74144.5,74557.0,15.35923957,2026-04-15 00:00:00+00:00
1776212100000,74559.8,74669.7,74420.7,74602.6,20.65880539,2026-04-15 00:15:00+00:00
1776213000000,74602.8,74620.7,74477.3,74579.2,17.06069744,2026-04-15 00:30:00+00:00
1776213900000,74579.1,74612.5,74464.1,74612.2,4.3847255,2026-04-15 00:45:00+00:00
1776214800000,74590.5,74768.8,74545.5,74768.7,14.61279463,2026-04-15 01:00:00+00:00
1776215700000,74768.8,74793.5,74616.7,74707.7,7.30877982,2026-04-15 01:15:00+00:00
1776216600000,74709.9,74737.0,74544.5,74657.3,12.43574346,2026-04-15 01:30:00+00:00
1776217500000,74662.6,74777.2,74604.5,74650.7,8.33783511,2026-04-15 01:45:00+00:00
1776218400000,74650.7,74729.1,74570.0,74575.4,19.36919043,2026-04-15 02:00:00+00:00
1776219300000,74575.7,74601.6,74373.5,74373.6,5.16328425,2026-04-15 02:15:00+00:00
1776220200000,74373.5,74373.6,74228.0,74304.8,10.19906813,2026-04-15 02:30:00+00:00
1776221100000,74304.8,74364.7,74247.1,74350.1,1.91458452,2026-04-15 02:45:00+00:00
1776222000000,74350.1,74350.1,74248.5,74259.9,3.48678318,2026-04-15 03:00:00+00:00
1776222900000,74259.8,74396.8,74208.9,74324.4,2.76862375,2026-04-15 03:15:00+00:00
1776223800000,74324.5,74343.7,74247.8,74252.7,2.54470756,2026-04-15 03:30:00+00:00
1776224700000,74252.8,74392.4,74252.7,74360.5,1.97541978,2026-04-15 03:45:00+00:00
1776225600000,74360.5,74458.9,74360.5,74380.1,3.83856718,2026-04-15 04:00:00+00:00
1776226500000,74380.0,74425.8,74329.8,74340.3,2.15103909,2026-04-15 04:15:00+00:00
1776227400000,74346.2,74420.1,74307.4,74382.7,9.02447676,2026-04-15 04:30:00+00:00
1776228300000,74382.6,74382.6,74307.4,74362.6,6.38317259,2026-04-15 04:45:00+00:00
1776229200000,74366.7,74456.1,74232.1,74238.2,7.23637878,2026-04-15 05:00:00+00:00
1776230100000,74238.2,74244.9,74024.4,74044.4,10.11203242,2026-04-15 05:15:00+00:00
1776231000000,74044.3,74044.4,73915.7,73970.4,11.45288861,2026-04-15 05:30:00+00:00
1776231900000,73970.3,74044.4,73955.5,74044.3,5.87454115,2026-04-15 05:45:00+00:00
1776232800000,74044.4,74044.4,73956.1,73966.4,12.92320214,2026-04-15 06:00:00+00:00
1776233700000,73966.4,74019.9,73936.4,73957.3,7.15664551,2026-04-15 06:15:00+00:00
1776234600000,73958.2,74012.8,73939.1,74012.8,9.58625794,2026-04-15 06:30:00+00:00
1776235500000,74012.7,74037.8,73906.3,73906.4,1.92736859,2026-04-15 06:45:00+00:00
1776236400000,73906.4,74018.0,73847.9,73941.3,9.21314542,2026-04-15 07:00:00+00:00
1776237300000,73941.3,73941.3,73641.3,73735.3,29.67061731,2026-04-15 07:15:00+00:00
1776238200000,73735.4,73735.4,73621.3,73634.5,15.50428073,2026-04-15 07:30:00+00:00
1776239100000,73634.5,73789.7,73558.1,73769.8,15.82891879,2026-04-15 07:45:00+00:00
1776240000000,73769.9,73876.5,73718.7,73876.4,2.91039621,2026-04-15 08:00:00+00:00
1776240900000,73876.4,74016.7,73873.5,74016.7,4.88804578,2026-04-15 08:15:00+00:00
1776241800000,74016.7,74188.4,74016.6,74140.0,19.72406463,2026-04-15 08:30:00+00:00
1776242700000,74140.0,74209.7,74056.6,74141.3,10.6192068,2026-04-15 08:45:00+00:00
1776243600000,74141.3,74209.7,74000.1,74049.5,23.83501816,2026-04-15 09:00:00+00:00
1776244500000,74049.5,74100.8,73960.3,73980.4,3.12312923,2026-04-15 09:15:00+00:00
1776245400000,73980.4,74029.9,73932.7,73988.4,3.35882592,2026-04-15 09:30:00+00:00
1776246300000,73988.3,74045.5,73952.0,74044.7,0.81574644,2026-04-15 09:45:00+00:00
1776247200000,74044.7,74177.1,74011.9,74136.4,8.71208818,2026-04-15 10:00:00+00:00
1776248100000,74136.4,74136.4,73909.2,73919.3,10.56297508,2026-04-15 10:15:00+00:00
1776249000000,73919.3,74049.8,73830.4,74049.8,4.79175361,2026-04-15 10:30:00+00:00
1776249900000,74049.9,74253.4,73844.3,73876.3,5.67131115,2026-04-15 10:45:00+00:00
1776250800000,73876.4,74089.9,73876.3,74038.3,18.36706372,2026-04-15 11:00:00+00:00
1776251700000,74038.3,74038.3,73950.0,74000.3,1.83359979,2026-04-15 11:15:00+00:00
1776252600000,73988.6,74050.0,73981.4,74049.9,20.62035459,2026-04-15 11:30:00+00:00
1776253500000,74050.0,74262.4,74049.9,74220.0,21.34059021,2026-04-15 11:45:00+00:00
1776254400000,74221.8,74240.6,74068.7,74220.2,13.50435058,2026-04-15 12:00:00+00:00
1776255300000,74220.2,74250.0,74124.6,74182.8,10.02438067,2026-04-15 12:15:00+00:00
1776256200000,74182.8,74469.1,74182.8,74340.3,15.32298132,2026-04-15 12:30:00+00:00
1776257100000,74340.3,74386.5,74302.2,74307.3,8.38313342,2026-04-15 12:45:00+00:00
1776258000000,74307.3,74349.9,74201.0,74330.3,8.27637764,2026-04-15 13:00:00+00:00
1776258900000,74329.3,74440.9,74288.6,74413.8,25.53264313,2026-04-15 13:15:00+00:00
1776259800000,74413.9,74415.9,73898.9,73898.9,53.56866237,2026-04-15 13:30:00+00:00
1776260700000,73897.9,74122.6,73845.3,74064.5,10.32594603,2026-04-15 13:45:00+00:00
1776261600000,74064.6,74169.5,73845.3,74169.5,7.07877403,2026-04-15 14:00:00+00:00
1776262500000,74164.8,74522.6,74164.8,74431.0,164.40900816,2026-04-15 14:15:00+00:00
1776263400000,74430.9,74471.7,73960.7,73960.7,41.30790449,2026-04-15 14:30:00+00:00
1776264300000,73960.8,74267.6,73960.8,74146.4,29.98151461,2026-04-15 14:45:00+00:00
1776265200000,74146.5,74291.7,73996.6,74291.4,21.70180467,2026-04-15 15:00:00+00:00
1776266100000,74298.0,74332.6,74014.7,74027.8,14.05197722,2026-04-15 15:15:00+00:00
1776267000000,74027.9,74027.9,73610.3,73883.0,101.47915209,2026-04-15 15:30:00+00:00
1776267900000,73882.9,73993.1,73748.1,73839.9,18.96300128,2026-04-15 15:45:00+00:00
1776268800000,73839.9,74008.5,73779.4,74008.5,8.28172395,2026-04-15 16:00:00+00:00
1776269700000,74013.5,74164.3,74000.0,74109.1,8.36866745,2026-04-15 16:15:00+00:00
1776270600000,74109.1,74149.9,73900.0,73930.0,8.72456592,2026-04-15 16:30:00+00:00
1776271500000,73930.0,74031.8,73855.1,73936.5,12.18288817,2026-04-15 16:45:00+00:00
1776272400000,73936.6,74102.8,73936.5,74039.3,18.93219601,2026-04-15 17:00:00+00:00
1776273300000,74039.3,74235.7,73974.9,74137.1,99.71628192,2026-04-15 17:15:00+00:00
1776274200000,74137.1,74202.4,73936.3,73989.5,17.17707946,2026-04-15 17:30:00+00:00
1776275100000,73989.6,74172.7,73949.0,74134.1,5.41226844,2026-04-15 17:45:00+00:00
1776276000000,74134.2,74307.0,74106.0,74290.0,196.07761024,2026-04-15 18:00:00+00:00
1776276900000,74290.0,74359.0,74200.5,74209.8,6.41713673,2026-04-15 18:15:00+00:00
1776277800000,74209.9,74335.4,74209.8,74313.7,15.61885397,2026-04-15 18:30:00+00:00
1776278700000,74313.8,74400.0,74305.7,74396.3,6.83577947,2026-04-15 18:45:00+00:00
1776279600000,74396.4,74700.3,74377.3,74674.4,53.26004385,2026-04-15 19:00:00+00:00
1776280500000,74661.3,74746.1,74586.9,74745.0,36.2325645,2026-04-15 19:15:00+00:00
1776281400000,74744.9,75280.0,74744.9,75093.0,125.87497941,2026-04-15 19:30:00+00:00
1776282300000,75092.9,75162.2,74959.5,75004.9,23.53805704,2026-04-15 19:45:00+00:00
1776283200000,75011.2,75037.3,74630.1,74695.0,32.82815517,2026-04-15 20:00:00+00:00
1776284100000,74695.1,74788.0,74537.8,74788.0,45.08188565,2026-04-15 20:15:00+00:00
1776285000000,74788.0,74936.8,74670.6,74772.1,29.10937375,2026-04-15 20:30:00+00:00
1776285900000,74786.6,74895.6,74768.1,74870.4,19.15388143,2026-04-15 20:45:00+00:00
1776286800000,74870.5,74881.3,74742.1,74748.3,17.53589883,2026-04-15 21:00:00+00:00
1776287700000,74748.2,74748.2,74628.0,74664.3,4.18468759,2026-04-15 21:15:00+00:00
1776288600000,74664.3,74823.9,74547.8,74766.6,36.75118787,2026-04-15 21:30:00+00:00
1776289500000,74764.7,74829.9,74737.7,74749.9,13.28014443,2026-04-15 21:45:00+00:00
1776290400000,74749.9,75167.7,74737.0,75070.0,28.62786152,2026-04-15 22:00:00+00:00
1776291300000,75068.3,75068.3,74926.5,75016.6,11.70472453,2026-04-15 22:15:00+00:00
1776292200000,75013.5,75438.8,74950.1,75088.5,28.28155688,2026-04-15 22:30:00+00:00
1776293100000,75088.4,75228.6,74945.6,74980.6,13.82052076,2026-04-15 22:45:00+00:00
1776294000000,74990.3,74990.3,74745.2,74749.9,13.90532719,2026-04-15 23:00:00+00:00
1776294900000,74749.9,74769.9,74674.9,74758.5,20.79807974,2026-04-15 23:15:00+00:00
1776295800000,74758.4,74799.8,74650.0,74671.5,15.75312864,2026-04-15 23:30:00+00:00
1776296700000,74671.5,74856.0,74665.5,74810.1,11.37768281,2026-04-15 23:45:00+00:00
1776297600000,74810.1,74839.8,74637.7,74637.7,18.81563715,2026-04-16 00:00:00+00:00
1776298500000,74637.7,74680.0,74496.2,74607.3,36.76349349,2026-04-16 00:15:00+00:00
1776299400000,74607.3,74856.0,74607.3,74802.7,20.44546904,2026-04-16 00:30:00+00:00
1776300300000,74802.7,74851.0,74713.8,74815.3,8.80108389,2026-04-16 00:45:00+00:00
1776301200000,74819.9,74819.9,74475.0,74564.4,3.8109194,2026-04-16 01:00:00+00:00
1776302100000,74564.4,74686.4,74555.6,74622.0,2.03428067,2026-04-16 01:15:00+00:00
1776303000000,74622.1,74707.1,74602.3,74699.9,2.24820774,2026-04-16 01:30:00+00:00
1776303900000,74699.9,74709.9,74586.6,74659.2,4.06281166,2026-04-16 01:45:00+00:00
1776304800000,74659.2,74756.5,74620.7,74706.9,3.6393716,2026-04-16 02:00:00+00:00
1776305700000,74706.9,74900.0,74635.9,74900.0,25.85903861,2026-04-16 02:15:00+00:00
1776306600000,74900.0,75230.8,74900.0,75206.8,44.63184186,2026-04-16 02:30:00+00:00
1776307500000,75206.7,75253.1,74820.9,74919.1,14.41497442,2026-04-16 02:45:00+00:00
1776308400000,74913.6,75121.4,74900.1,74990.1,13.14650037,2026-04-16 03:00:00+00:00
1776309300000,74962.3,75154.0,74962.3,75045.7,2.25697836,2026-04-16 03:15:00+00:00
1776310200000,75045.8,75045.8,74966.8,74984.9,1.2577731,2026-04-16 03:30:00+00:00
1776311100000,74984.9,74984.9,74887.3,74898.5,5.02447857,2026-04-16 03:45:00+00:00
1776312000000,74898.5,75028.3,74864.1,74951.9,13.03385746,2026-04-16 04:00:00+00:00
1776312900000,74951.9,74963.3,74890.8,74922.2,5.56862941,2026-04-16 04:15:00+00:00
1776313800000,74922.2,75167.7,74891.5,75127.4,1.79098342,2026-04-16 04:30:00+00:00
1776314700000,75127.3,75127.3,74763.1,74963.5,29.86960407,2026-04-16 04:45:00+00:00
1776315600000,74963.6,75008.7,74921.9,74933.1,18.56176496,2026-04-16 05:00:00+00:00
1776316500000,74933.1,75118.5,74926.6,75069.9,2.44514675,2026-04-16 05:15:00+00:00
1776317400000,75069.9,75141.6,75035.2,75056.6,2.35873359,2026-04-16 05:30:00+00:00
1776318300000,75056.6,75070.7,75036.4,75045.2,2.440904,2026-04-16 05:45:00+00:00
1776319200000,75045.3,75100.0,75031.8,75031.8,14.58959322,2026-04-16 06:00:00+00:00
1776320100000,75031.9,75090.7,75031.8,75046.8,4.69874375,2026-04-16 06:15:00+00:00
1776321000000,75046.7,75046.7,74872.6,74943.6,4.24372213,2026-04-16 06:30:00+00:00
1776321900000,74943.7,75033.9,74934.0,75028.9,8.36055983,2026-04-16 06:45:00+00:00
1776322800000,75029.0,75072.0,74900.6,74925.1,2.63380769,2026-04-16 07:00:00+00:00
1776323700000,74925.0,74940.1,74876.5,74900.1,1.87350946,2026-04-16 07:15:00+00:00
1776324600000,74900.2,74900.2,74842.1,74872.4,3.81992111,2026-04-16 07:30:00+00:00
1776325500000,74872.5,74872.5,74656.9,74706.7,11.21590543,2026-04-16 07:45:00+00:00
1776326400000,74706.7,74742.6,74548.1,74562.7,43.96135893,2026-04-16 08:00:00+00:00
1776327300000,74562.7,74745.1,74562.7,74692.9,21.90054082,2026-04-16 08:15:00+00:00
1776328200000,74692.9,74728.0,74590.0,74674.2,46.3434164,2026-04-16 08:30:00+00:00
1776329100000,74674.2,74733.0,74661.1,74676.3,2.75754602,2026-04-16 08:45:00+00:00
1776330000000,74676.3,74759.9,74638.4,74758.2,1.55918782,2026-04-16 09:00:00+00:00
1776330900000,74756.2,74890.5,74756.2,74833.1,11.46885189,2026-04-16 09:15:00+00:00
1776331800000,74831.7,74831.8,74699.7,74706.0,3.20830167,2026-04-16 09:30:00+00:00
1776332700000,74706.0,74706.1,74599.6,74620.1,5.62989129,2026-04-16 09:45:00+00:00
1776333600000,74620.1,74642.2,74425.1,74428.1,15.8444567,2026-04-16 10:00:00+00:00
1776334500000,74428.1,74506.1,74342.6,74456.1,52.96346919,2026-04-16 10:15:00+00:00
1776335400000,74458.4,74508.3,74397.0,74397.0,15.75155028,2026-04-16 10:30:00+00:00
1776336300000,74397.0,74397.0,74300.0,74317.2,47.91776153,2026-04-16 10:45:00+00:00
1776337200000,74317.2,74369.1,74317.1,74325.1,4.34860099,2026-04-16 11:00:00+00:00
1776338100000,74325.1,74363.0,74302.2,74363.0,5.06373735,2026-04-16 11:15:00+00:00
1776339000000,74369.9,74509.9,74363.6,74431.0,26.80796638,2026-04-16 11:30:00+00:00
1776339900000,74431.0,74584.2,74430.9,74583.9,11.81580356,2026-04-16 11:45:00+00:00
1776340800000,74584.0,74854.5,74583.9,74742.9,34.48656586,2026-04-16 12:00:00+00:00
1776341700000,74742.8,74801.8,74687.4,74715.1,9.89160681,2026-04-16 12:15:00+00:00
1776342600000,74715.1,74739.9,74614.7,74660.6,3.03253784,2026-04-16 12:30:00+00:00
1776343500000,74660.6,74660.6,74602.6,74630.8,8.15873184,2026-04-16 12:45:00+00:00
1776344400000,74630.8,74830.9,74610.9,74830.8,7.22962526,2026-04-16 13:00:00+00:00
1776345300000,74830.8,74996.7,74806.5,74964.9,86.24313343,2026-04-16 13:15:00+00:00
1776346200000,74965.0,75012.9,74482.0,74616.3,77.60251731,2026-04-16 13:30:00+00:00
1776347100000,74616.3,74621.5,73310.6,73801.8,180.16812828,2026-04-16 13:45:00+00:00
1776348000000,73801.9,73994.8,73604.7,73854.6,178.51828123,2026-04-16 14:00:00+00:00
1776348900000,73854.6,73928.8,73438.4,73786.9,135.61947859,2026-04-16 14:15:00+00:00
1776349800000,73786.8,74032.4,73777.8,73976.1,18.54951352,2026-04-16 14:30:00+00:00
1776350700000,73976.1,74185.4,73873.6,73969.9,40.62817866,2026-04-16 14:45:00+00:00
1776351600000,73973.8,74445.6,73951.5,74334.4,73.90716922,2026-04-16 15:00:00+00:00
1776352500000,74334.4,74405.5,74214.8,74214.8,16.18039082,2026-04-16 15:15:00+00:00
1776353400000,74208.9,74880.5,74187.9,74571.8,125.89448562,2026-04-16 15:30:00+00:00
1776354300000,74571.8,74792.4,74483.0,74730.9,7.79266511,2026-04-16 15:45:00+00:00
1776355200000,74730.9,74933.7,74668.0,74675.7,32.94926585,2026-04-16 16:00:00+00:00
1776356100000,74675.7,74882.8,74600.0,74600.1,35.29647485,2026-04-16 16:15:00+00:00
1776357000000,74600.1,74639.9,74244.1,74350.0,58.23049227,2026-04-16 16:30:00+00:00
1776357900000,74350.0,74420.0,74099.9,74206.0,13.17622297,2026-04-16 16:45:00+00:00
1776358800000,74206.0,74206.0,73965.9,73984.5,22.16988324,2026-04-16 17:00:00+00:00
1776359700000,73984.7,74271.9,73942.3,74239.3,23.45835986,2026-04-16 17:15:00+00:00
1776360600000,74238.6,74405.1,74105.9,74405.1,15.23060936,2026-04-16 17:30:00+00:00
1776361500000,74405.1,74458.7,74221.9,74345.9,8.06572421,2026-04-16 17:45:00+00:00
1776362400000,74345.9,74527.7,74247.1,74405.0,13.72873473,2026-04-16 18:00:00+00:00
1776363300000,74405.0,74490.9,74302.9,74426.9,12.78101082,2026-04-16 18:15:00+00:00
1776364200000,74426.9,74589.8,74377.3,74589.8,25.56733852,2026-04-16 18:30:00+00:00
1776365100000,74589.8,75102.9,74589.8,75051.4,135.89727073,2026-04-16 18:45:00+00:00
1776366000000,75048.7,75102.7,74757.0,74829.9,26.87764587,2026-04-16 19:00:00+00:00
1776366900000,74829.9,75079.7,74807.0,75044.0,20.66668824,2026-04-16 19:15:00+00:00
1776367800000,75043.9,75329.7,74998.1,75249.0,81.04301316,2026-04-16 19:30:00+00:00
1776368700000,75249.0,75419.9,75242.2,75374.5,37.21290736,2026-04-16 19:45:00+00:00
1776369600000,75374.6,75500.0,75255.7,75432.9,67.71166155,2026-04-16 20:00:00+00:00
1776370500000,75431.8,75434.6,75132.3,75189.8,13.59725987,2026-04-16 20:15:00+00:00
1776371400000,75189.9,75189.9,75025.7,75070.0,41.91717858,2026-04-16 20:30:00+00:00
1776372300000,75070.0,75256.4,75066.0,75246.7,5.94986621,2026-04-16 20:45:00+00:00
1776373200000,75246.8,75287.8,75155.8,75157.0,10.04577768,2026-04-16 21:00:00+00:00
1776374100000,75157.0,75157.0,74825.9,74942.0,37.56918102,2026-04-16 21:15:00+00:00
1776375000000,74944.5,75000.0,74857.0,74953.1,8.84818431,2026-04-16 21:30:00+00:00
1776375900000,74957.1,75029.5,74931.7,74941.0,2.99678909,2026-04-16 21:45:00+00:00
1776376800000,74948.6,75121.1,74948.6,74987.3,3.39348544,2026-04-16 22:00:00+00:00
1776377700000,74988.8,75002.1,74849.4,74933.6,2.63145732,2026-04-16 22:15:00+00:00
1776378600000,74933.6,74997.4,74909.8,74931.4,2.98065813,2026-04-16 22:30:00+00:00
1776379500000,74931.4,74971.8,74850.7,74875.0,9.04993952,2026-04-16 22:45:00+00:00
1776380400000,74875.0,75029.8,74864.2,74997.5,19.32614924,2026-04-16 23:00:00+00:00
1776381300000,74997.5,75123.2,74933.2,75033.8,6.44118867,2026-04-16 23:15:00+00:00
1776382200000,75033.8,75187.9,75033.8,75139.9,7.42484423,2026-04-16 23:30:00+00:00
1776383100000,75139.9,75162.9,75070.7,75162.9,4.7831889,2026-04-16 23:45:00+00:00
1776384000000,75162.9,75168.4,74972.1,74988.1,5.92121055,2026-04-17 00:00:00+00:00
1776384900000,74988.1,75000.0,74930.0,74999.9,12.06633616,2026-04-17 00:15:00+00:00
1776385800000,75000.0,75119.9,74995.6,74995.6,3.22248377,2026-04-17 00:30:00+00:00
1776386700000,74987.1,74996.2,74949.1,74987.6,5.27697755,2026-04-17 00:45:00+00:00
1776387600000,74982.1,75051.0,74911.6,74929.8,5.40603518,2026-04-17 01:00:00+00:00
1776388500000,74929.9,74944.0,74685.1,74774.7,24.23763964,2026-04-17 01:15:00+00:00
1776389400000,74774.7,74820.0,74682.4,74736.0,3.42849968,2026-04-17 01:30:00+00:00
1776390300000,74736.0,74845.0,74580.7,74778.2,24.73089254,2026-04-17 01:45:00+00:00
1776391200000,74778.2,74799.9,74674.3,74727.0,1.55254874,2026-04-17 02:00:00+00:00
1776392100000,74727.0,74727.1,74615.7,74618.7,1.29562457,2026-04-17 02:15:00+00:00
1776393000000,74618.7,74745.1,74569.8,74688.6,7.00910502,2026-04-17 02:30:00+00:00
1776393900000,74688.5,74702.1,74651.1,74699.6,1.87379078,2026-04-17 02:45:00+00:00
1776394800000,74699.6,74702.2,74637.9,74701.3,2.28641586,2026-04-17 03:00:00+00:00
1776395700000,74701.3,74763.5,74701.3,74722.3,3.46643201,2026-04-17 03:15:00+00:00
1776396600000,74726.9,74834.4,74714.1,74799.0,5.95659614,2026-04-17 03:30:00+00:00
1776397500000,74779.2,74807.4,74630.1,74630.1,1.16196606,2026-04-17 03:45:00+00:00
1776398400000,74630.1,74680.6,74617.0,74678.4,4.04691816,2026-04-17 04:00:00+00:00
1776399300000,74678.3,74794.5,74678.3,74759.9,1.88232104,2026-04-17 04:15:00+00:00
1776400200000,74759.9,74849.9,74759.8,74827.1,1.79608063,2026-04-17 04:30:00+00:00
1776401100000,74827.0,74834.3,74778.5,74787.5,2.04425401,2026-04-17 04:45:00+00:00
1776402000000,74787.6,74804.1,74574.4,74630.9,18.55360956,2026-04-17 05:00:00+00:00
1776402900000,74630.8,74747.0,74625.0,74693.6,2.63705286,2026-04-17 05:15:00+00:00
1776403800000,74693.7,74694.2,74629.9,74667.8,0.87349318,2026-04-17 05:30:00+00:00
1776404700000,74667.7,74724.8,74662.8,74665.0,1.22688255,2026-04-17 05:45:00+00:00
1776405600000,74665.0,74783.9,74635.6,74764.8,9.1846496,2026-04-17 06:00:00+00:00
1776406500000,74764.8,74808.2,74764.8,74805.6,14.42484347,2026-04-17 06:15:00+00:00
1776407400000,74805.6,74853.6,74794.4,74853.6,2.03556556,2026-04-17 06:30:00+00:00
1776408300000,74855.6,74952.6,74855.5,74935.6,5.50470051,2026-04-17 06:45:00+00:00
1776409200000,74939.9,75090.5,74939.9,75049.9,10.94421066,2026-04-17 07:00:00+00:00
1776410100000,75049.9,75049.9,74964.4,74965.2,1.18319687,2026-04-17 07:15:00+00:00
1776411000000,74980.0,75010.2,74955.0,75010.2,2.3505572,2026-04-17 07:30:00+00:00
1776411900000,75010.1,75075.8,74984.6,75064.0,5.19484084,2026-04-17 07:45:00+00:00
1776412800000,75071.1,75167.4,75036.0,75093.0,2.61160073,2026-04-17 08:00:00+00:00
1776413700000,75093.0,75149.7,75008.4,75134.1,8.21817148,2026-04-17 08:15:00+00:00
1776414600000,75134.1,75400.1,75134.0,75358.5,19.18755259,2026-04-17 08:30:00+00:00
1776415500000,75355.0,75882.7,75297.3,75755.2,64.92513135,2026-04-17 08:45:00+00:00
1776416400000,75769.9,75915.1,75634.5,75915.1,26.31061434,2026-04-17 09:00:00+00:00
1776417300000,75915.0,76384.3,75735.6,76296.7,151.80106769,2026-04-17 09:15:00+00:00
1776418200000,76294.8,76339.7,75538.6,75753.9,33.34013093,2026-04-17 09:30:00+00:00
1776419100000,75753.9,75889.9,75683.1,75799.3,27.83315497,2026-04-17 09:45:00+00:00
1776420000000,75795.3,75900.0,75620.1,75636.6,20.8459067,2026-04-17 10:00:00+00:00
1776420900000,75630.5,75729.9,75263.2,75263.2,58.79598111,2026-04-17 10:15:00+00:00
1776421800000,75259.6,75381.9,75126.2,75205.6,48.24439488,2026-04-17 10:30:00+00:00
1776422700000,75201.7,75333.4,75148.4,75299.6,7.83285231,2026-04-17 10:45:00+00:00
1776423600000,75299.7,75423.3,75259.4,75340.6,12.38369002,2026-04-17 11:00:00+00:00
1776424500000,75340.6,75496.4,75340.6,75472.6,8.56528232,2026-04-17 11:15:00+00:00
1776425400000,75472.7,75591.7,75414.8,75414.8,10.0417237,2026-04-17 11:30:00+00:00
1776426300000,75408.4,75620.6,75388.9,75610.9,6.93691063,2026-04-17 11:45:00+00:00
1776427200000,75613.1,75719.9,75563.0,75707.0,18.74441641,2026-04-17 12:00:00+00:00
1776428100000,75707.1,75978.5,75680.0,75786.0,18.30242305,2026-04-17 12:15:00+00:00
1776429000000,75785.9,75923.1,75680.0,75769.9,21.71674283,2026-04-17 12:30:00+00:00
1776429900000,75769.8,76300.3,75769.8,76266.0,94.49614856,2026-04-17 12:45:00+00:00
1776430800000,76266.0,76919.7,76102.0,76919.7,123.96211667,2026-04-17 13:00:00+00:00
1776431700000,76923.0,77000.0,76480.8,76632.6,84.47243058,2026-04-17 13:15:00+00:00
1776432600000,76632.7,76957.1,76168.9,76911.0,95.18236232,2026-04-17 13:30:00+00:00
1776433500000,76943.3,77486.9,76686.0,77354.3,186.60299439,2026-04-17 13:45:00+00:00
1776434400000,77380.4,77564.2,77060.5,77127.6,67.39995264,2026-04-17 14:00:00+00:00
1776435300000,77127.7,77777.0,77127.6,77476.7,98.76113374,2026-04-17 14:15:00+00:00
1776436200000,77502.3,78082.2,77502.2,78028.2,164.18150102,2026-04-17 14:30:00+00:00
1776437100000,78028.3,78092.8,77763.5,77943.0,88.18698176,2026-04-17 14:45:00+00:00
1776438000000,77943.0,78013.5,77624.4,77878.3,115.60125149,2026-04-17 15:00:00+00:00
1776438900000,77883.3,78037.0,77722.4,77797.6,72.8290992,2026-04-17 15:15:00+00:00
1776439800000,77786.8,77876.7,77507.4,77564.6,36.41825155,2026-04-17 15:30:00+00:00
1776440700000,77563.1,77927.0,77500.0,77834.2,48.50038403,2026-04-17 15:45:00+00:00
1776441600000,77825.6,78082.0,77773.6,77911.1,73.4505803,2026-04-17 16:00:00+00:00
1776442500000,77922.1,78343.6,77860.0,78212.5,101.25984971,2026-04-17 16:15:00+00:00
1776443400000,78212.6,78312.0,78017.2,78139.3,57.41976254,2026-04-17 16:30:00+00:00
1776444300000,78130.1,78140.3,77835.9,77893.6,34.72418503,2026-04-17 16:45:00+00:00
1776445200000,77893.6,77929.8,77377.6,77545.6,55.55932429,2026-04-17 17:00:00+00:00
1776446100000,77544.4,77645.2,77151.4,77291.5,61.58032387,2026-04-17 17:15:00+00:00
1776447000000,77291.6,77569.7,77275.3,77484.5,27.79984443,2026-04-17 17:30:00+00:00
1776447900000,77490.6,77702.3,77473.1,77555.4,29.6099067,2026-04-17 17:45:00+00:00
1776448800000,77555.3,77601.5,77120.7,77179.8,37.43885557,2026-04-17 18:00:00+00:00
1776449700000,77179.8,77404.5,77129.0,77238.2,29.5599674,2026-04-17 18:15:00+00:00
1776450600000,77240.9,77425.9,77170.6,77414.5,20.92436122,2026-04-17 18:30:00+00:00
1776451500000,77414.4,77414.5,77118.1,77201.3,28.24956905,2026-04-17 18:45:00+00:00
1776452400000,77194.7,77292.4,77053.8,77259.9,13.00807756,2026-04-17 19:00:00+00:00
1776453300000,77259.9,77419.2,77259.9,77310.9,14.32796686,2026-04-17 19:15:00+00:00
1776454200000,77306.3,77438.0,77265.2,77390.4,47.61749683,2026-04-17 19:30:00+00:00
1776455100000,77390.3,77500.0,77288.4,77450.1,74.75941602,2026-04-17 19:45:00+00:00
1776456000000,77450.1,77651.7,77402.4,77569.9,39.27791407,2026-04-17 20:00:00+00:00
1776456900000,77569.9,77569.9,77404.5,77412.7,4.35052278,2026-04-17 20:15:00+00:00
1776457800000,77412.8,77412.8,77200.1,77285.2,8.64156343,2026-04-17 20:30:00+00:00
1776458700000,77285.2,77390.8,77257.4,77376.2,11.6257237,2026-04-17 20:45:00+00:00
1776459600000,77376.2,77448.7,77365.6,77409.7,7.61923804,2026-04-17 21:00:00+00:00
1776460500000,77409.7,77500.0,77320.9,77469.9,5.84898203,2026-04-17 21:15:00+00:00
1776461400000,77469.8,77469.9,77307.1,77419.9,11.44818938,2026-04-17 21:30:00+00:00
1776462300000,77419.8,77500.0,77398.9,77480.1,20.49035265,2026-04-17 21:45:00+00:00
1776463200000,77480.1,77544.2,77435.3,77450.1,11.44249119,2026-04-17 22:00:00+00:00
1776464100000,77450.1,77475.1,77350.1,77432.0,13.72539848,2026-04-17 22:15:00+00:00
1776465000000,77432.1,77495.8,77381.7,77442.9,5.83551173,2026-04-17 22:30:00+00:00
1776465900000,77442.6,77449.2,77308.2,77330.7,7.4757646,2026-04-17 22:45:00+00:00
1776466800000,77330.7,77330.7,77215.0,77232.1,8.34304118,2026-04-17 23:00:00+00:00
1776467700000,77232.0,77232.1,76882.5,77071.7,62.17277297,2026-04-17 23:15:00+00:00
1776468600000,77071.6,77144.5,76999.1,77050.8,28.37745195,2026-04-17 23:30:00+00:00
1776469500000,77050.8,77149.9,77050.7,77117.4,5.02141619,2026-04-17 23:45:00+00:00
1776470400000,77117.4,77225.4,77064.4,77125.0,12.28963979,2026-04-18 00:00:00+00:00
1776471300000,77125.1,77255.8,77125.0,77231.8,4.52004166,2026-04-18 00:15:00+00:00
1776472200000,77231.8,77273.8,77063.4,77063.4,6.57568935,2026-04-18 00:30:00+00:00
1776473100000,77054.2,77237.5,77025.9,77186.0,5.1951279,2026-04-18 00:45:00+00:00
1776474000000,77185.9,77347.3,77153.0,77347.3,5.76539047,2026-04-18 01:00:00+00:00
1776474900000,77347.2,77359.0,77304.3,77319.9,7.04873588,2026-04-18 01:15:00+00:00
1776475800000,77319.9,77320.6,77234.1,77234.1,6.77728785,2026-04-18 01:30:00+00:00
1776476700000,77234.2,77317.2,77190.0,77247.7,5.82599992,2026-04-18 01:45:00+00:00
1776477600000,77247.7,77293.3,77163.9,77293.3,3.9025744,2026-04-18 02:00:00+00:00
1776478500000,77295.0,77432.1,77295.0,77350.2,5.24076178,2026-04-18 02:15:00+00:00
1776479400000,77350.2,77409.9,77287.4,77333.8,1.80698811,2026-04-18 02:30:00+00:00
1776480300000,77333.7,77349.8,77307.7,77326.4,1.916814,2026-04-18 02:45:00+00:00
1776481200000,77326.5,77326.5,77279.2,77297.4,1.6087191,2026-04-18 03:00:00+00:00
1776482100000,77297.4,77297.4,77201.4,77204.3,1.09481297,2026-04-18 03:15:00+00:00
1776483000000,77204.2,77221.1,77163.5,77179.4,2.29155259,2026-04-18 03:30:00+00:00
1776483900000,77179.3,77221.6,77007.3,77010.4,6.66475079,2026-04-18 03:45:00+00:00
1776484800000,77010.4,77125.4,77007.3,77113.4,6.69483119,2026-04-18 04:00:00+00:00
1776485700000,77113.3,77113.4,76982.3,77030.9,8.60145683,2026-04-18 04:15:00+00:00
1776486600000,77030.8,77099.9,76938.8,77028.8,5.83111818,2026-04-18 04:30:00+00:00
1776487500000,77014.3,77194.1,77014.3,77154.0,5.70654459,2026-04-18 04:45:00+00:00
1776488400000,77154.1,77279.9,77154.0,77234.7,13.79321261,2026-04-18 05:00:00+00:00
1776489300000,77234.7,77246.0,77175.6,77191.5,1.82907228,2026-04-18 05:15:00+00:00
1776490200000,77191.5,77199.9,77152.2,77182.6,2.1586044,2026-04-18 05:30:00+00:00
1776491100000,77182.6,77186.8,77154.2,77174.7,0.63272409,2026-04-18 05:45:00+00:00
1776492000000,77174.8,77233.1,77145.1,77202.9,3.58159283,2026-04-18 06:00:00+00:00
1776492900000,77202.8,77202.9,77081.3,77121.9,2.23817349,2026-04-18 06:15:00+00:00
1776493800000,77121.9,77169.9,77121.3,77164.4,3.05359702,2026-04-18 06:30:00+00:00
1776494700000,77164.3,77178.9,77146.0,77151.3,3.20445434,2026-04-18 06:45:00+00:00
1776495600000,77151.3,77151.3,77112.0,77112.0,7.6999019,2026-04-18 07:00:00+00:00
1776496500000,77112.0,77114.9,77074.3,77114.8,2.0611607,2026-04-18 07:15:00+00:00
1776497400000,77114.9,77114.9,77000.0,77032.9,4.39193204,2026-04-18 07:30:00+00:00
1776498300000,77047.0,77047.1,76929.0,76999.7,5.44818795,2026-04-18 07:45:00+00:00
1776499200000,76999.8,77041.5,76840.9,76840.9,21.25766863,2026-04-18 08:00:00+00:00
1776500100000,76840.9,76880.0,76680.1,76724.3,33.93170548,2026-04-18 08:15:00+00:00
1776501000000,76724.3,76777.9,76533.1,76554.8,17.28194593,2026-04-18 08:30:00+00:00
1776501900000,76554.8,76799.8,76554.8,76766.2,11.30710628,2026-04-18 08:45:00+00:00
1776502800000,76766.3,76766.3,76468.2,76548.7,9.4810067,2026-04-18 09:00:00+00:00
1776503700000,76548.8,76597.6,76452.2,76597.6,14.63547198,2026-04-18 09:15:00+00:00
1776504600000,76597.5,76682.3,76597.5,76642.9,2.38220557,2026-04-18 09:30:00+00:00
1776505500000,76642.9,76699.9,76556.4,76619.9,41.12420698,2026-04-18 09:45:00+00:00
1776506400000,76619.9,76619.9,76258.1,76318.1,50.18506629,2026-04-18 10:00:00+00:00
1776507300000,76318.2,76409.9,76318.2,76344.5,17.85023734,2026-04-18 10:15:00+00:00
1776508200000,76344.6,76344.6,76254.0,76272.6,3.67050797,2026-04-18 10:30:00+00:00
1776509100000,76272.5,76310.0,76160.4,76194.1,7.2161239,2026-04-18 10:45:00+00:00
1776510000000,76197.0,76199.9,75950.0,75994.7,33.33823782,2026-04-18 11:00:00+00:00
1776510900000,75994.6,76100.3,75972.0,76079.9,2.69333576,2026-04-18 11:15:00+00:00
1776511800000,76079.8,76191.3,75802.0,75850.1,21.67544697,2026-04-18 11:30:00+00:00
1776512700000,75850.2,76094.3,75842.8,76068.5,14.21692278,2026-04-18 11:45:00+00:00
1776513600000,76068.5,76249.9,76068.5,76219.9,20.77252067,2026-04-18 12:00:00+00:00
1776514500000,76219.9,76305.5,76168.0,76179.1,9.32536756,2026-04-18 12:15:00+00:00
1776515400000,76179.0,76217.0,76087.7,76184.5,1.58489655,2026-04-18 12:30:00+00:00
1776516300000,76184.4,76280.1,76184.4,76232.0,8.40934895,2026-04-18 12:45:00+00:00
1776517200000,76232.1,76232.1,76174.3,76186.7,4.45414801,2026-04-18 13:00:00+00:00
1776518100000,76186.7,76226.5,76091.8,76119.9,2.35717132,2026-04-18 13:15:00+00:00
1776519000000,76119.9,76119.9,75827.8,75972.2,35.50840961,2026-04-18 13:30:00+00:00
1776519900000,75972.3,76179.9,75917.2,76150.0,21.80603428,2026-04-18 13:45:00+00:00
1776520800000,76143.4,76193.2,76107.9,76175.0,5.65486716,2026-04-18 14:00:00+00:00
1776521700000,76175.1,76196.8,76014.3,76175.6,8.40169618,2026-04-18 14:15:00+00:00
1776522600000,76175.5,76298.3,76175.5,76213.3,11.47945666,2026-04-18 14:30:00+00:00
1776523500000,76213.4,76281.5,76189.4,76281.2,6.11681198,2026-04-18 14:45:00+00:00
1776524400000,76281.3,76397.1,76160.8,76255.0,13.57520788,2026-04-18 15:00:00+00:00
1776525300000,76254.9,76289.3,76171.7,76233.9,3.3380412,2026-04-18 15:15:00+00:00
1776526200000,76233.9,76258.5,76155.2,76155.2,5.43795221,2026-04-18 15:30:00+00:00
1776527100000,76155.2,76200.7,76053.0,76200.7,7.25516698,2026-04-18 15:45:00+00:00
1776528000000,76200.7,76242.6,76061.8,76240.3,7.844147,2026-04-18 16:00:00+00:00
1776528900000,76231.4,76231.4,75734.7,76129.8,56.10352133,2026-04-18 16:15:00+00:00
1776529800000,76129.9,76132.8,76032.0,76035.5,1.37493618,2026-04-18 16:30:00+00:00
1776530700000,76035.5,76038.6,75906.3,75972.7,12.67693688,2026-04-18 16:45:00+00:00
1776531600000,75972.7,75974.0,75820.4,75859.8,10.8819759,2026-04-18 17:00:00+00:00
1776532500000,75859.9,75917.7,75826.9,75882.3,2.22092225,2026-04-18 17:15:00+00:00
1776533400000,75882.3,75913.2,75882.0,75913.1,7.11343933,2026-04-18 17:30:00+00:00
1776534300000,75913.1,75924.4,75856.7,75856.8,2.16398696,2026-04-18 17:45:00+00:00
1776535200000,75856.8,75856.8,75738.3,75826.1,7.49537214,2026-04-18 18:00:00+00:00
1776536100000,75826.0,75826.1,75642.7,75700.9,18.02447972,2026-04-18 18:15:00+00:00
1776537000000,75700.9,75701.0,75500.0,75589.0,23.62181222,2026-04-18 18:30:00+00:00
1776537900000,75588.9,75747.5,75576.0,75682.3,19.06674465,2026-04-18 18:45:00+00:00
1776538800000,75682.3,75800.3,75656.5,75775.4,4.7662275,2026-04-18 19:00:00+00:00
1776539700000,75775.3,75816.1,75670.6,75727.8,2.96392111,2026-04-18 19:15:00+00:00
1776540600000,75727.7,75727.8,75619.9,75625.2,1.4604087,2026-04-18 19:30:00+00:00
1776541500000,75625.1,75686.9,75618.0,75686.8,2.78829156,2026-04-18 19:45:00+00:00
1776542400000,75686.9,75737.3,75629.9,75721.0,4.69374143,2026-04-18 20:00:00+00:00
1776543300000,75720.9,75806.8,75700.0,75752.1,6.21852529,2026-04-18 20:15:00+00:00
1776544200000,75752.2,75819.9,75737.0,75812.1,5.26064647,2026-04-18 20:30:00+00:00
1776545100000,75812.2,75868.2,75768.8,75786.5,10.42099063,2026-04-18 20:45:00+00:00
1776546000000,75786.5,75869.8,75743.1,75768.8,4.52667522,2026-04-18 21:00:00+00:00
1776546900000,75755.1,75774.0,75635.5,75750.1,2.20899235,2026-04-18 21:15:00+00:00
1776547800000,75750.0,75753.0,75705.7,75753.0,0.89470772,2026-04-18 21:30:00+00:00
1776548700000,75753.0,75842.6,75752.9,75842.6,3.23440743,2026-04-18 21:45:00+00:00
1776549600000,75842.6,75842.6,75651.7,75651.7,7.01687229,2026-04-18 22:00:00+00:00
1776550500000,75651.8,75730.0,75651.7,75730.0,6.14064853,2026-04-18 22:15:00+00:00
1776551400000,75730.0,75837.7,75729.9,75797.0,3.49016601,2026-04-18 22:30:00+00:00
1776552300000,75797.1,75883.0,75797.1,75850.0,4.54784448,2026-04-18 22:45:00+00:00
1776553200000,75850.1,75905.9,75850.0,75865.6,3.14841883,2026-04-18 23:00:00+00:00
1776554100000,75865.6,75879.2,75850.0,75852.5,3.1463303,2026-04-18 23:15:00+00:00
1776555000000,75852.4,75852.5,75738.8,75778.2,3.4101495,2026-04-18 23:30:00+00:00
1776555900000,75778.3,75780.1,75728.7,75728.8,1.52755469,2026-04-18 23:45:00+00:00
1776556800000,75728.8,75863.5,75727.5,75801.5,9.95295855,2026-04-19 00:00:00+00:00
1776557700000,75801.5,75801.5,75602.6,75642.4,11.00112992,2026-04-19 00:15:00+00:00
1776558600000,75642.4,75652.5,75595.4,75605.0,2.64612986,2026-04-19 00:30:00+00:00
1776559500000,75605.0,75707.0,75604.9,75699.2,1.90171236,2026-04-19 00:45:00+00:00
1776560400000,75699.2,75808.6,75650.9,75691.7,4.24955239,2026-04-19 01:00:00+00:00
1776561300000,75691.7,75691.7,75584.4,75584.4,3.59553827,2026-04-19 01:15:00+00:00
1776562200000,75584.4,75598.2,75514.0,75579.9,7.57592737,2026-04-19 01:30:00+00:00
1776563100000,75579.9,75643.5,75579.9,75643.5,2.61037597,2026-04-19 01:45:00+00:00
1776564000000,75643.5,75643.5,75620.7,75641.9,1.32111081,2026-04-19 02:00:00+00:00
1776564900000,75641.9,75688.6,75454.5,75510.2,65.68726938,2026-04-19 02:15:00+00:00
1776565800000,75510.1,75736.9,75482.4,75687.8,3.44818894,2026-04-19 02:30:00+00:00
1776566700000,75687.8,75708.2,75538.5,75538.5,0.93144274,2026-04-19 02:45:00+00:00
1776567600000,75538.5,75555.6,75407.3,75555.6,23.54817419,2026-04-19 03:00:00+00:00
1776568500000,75559.9,75581.0,75510.1,75539.8,1.43040379,2026-04-19 03:15:00+00:00
1776569400000,75539.9,75645.2,75532.3,75629.9,1.22421467,2026-04-19 03:30:00+00:00
1776570300000,75629.9,75662.7,75554.7,75554.7,2.27056281,2026-04-19 03:45:00+00:00
1776571200000,75554.8,75769.9,75554.7,75733.5,6.69495131,2026-04-19 04:00:00+00:00
1776572100000,75733.5,75802.1,75699.3,75718.3,3.76553011,2026-04-19 04:15:00+00:00
1776573000000,75718.2,75718.2,75459.7,75549.9,7.86515243,2026-04-19 04:30:00+00:00
1776573900000,75549.9,75727.4,75549.9,75688.1,1.34217591,2026-04-19 04:45:00+00:00
1776574800000,75688.1,75688.3,75573.8,75580.1,5.08814034,2026-04-19 05:00:00+00:00
1776575700000,75580.1,75589.6,75563.9,75589.6,1.56586845,2026-04-19 05:15:00+00:00
1776576600000,75589.5,75689.9,75589.5,75638.7,1.31575683,2026-04-19 05:30:00+00:00
1776577500000,75638.8,75638.8,75580.5,75580.6,1.4484797,2026-04-19 05:45:00+00:00
1776578400000,75580.6,75580.6,75441.1,75441.1,5.67322718,2026-04-19 06:00:00+00:00
1776579300000,75441.0,75458.2,75334.4,75449.8,8.62668836,2026-04-19 06:15:00+00:00
1776580200000,75449.8,75495.2,75449.8,75456.7,4.7232098,2026-04-19 06:30:00+00:00
1776581100000,75456.7,75456.7,75412.8,75412.9,1.50185305,2026-04-19 06:45:00+00:00
1776582000000,75412.9,75412.9,75270.6,75270.6,9.61853412,2026-04-19 07:00:00+00:00
1776582900000,75275.0,75275.1,74934.4,75024.4,60.11981425,2026-04-19 07:15:00+00:00
1776583800000,75024.5,75278.9,75024.4,75249.7,9.15687105,2026-04-19 07:30:00+00:00
1776584700000,75249.8,75324.0,75190.6,75295.4,2.31285939,2026-04-19 07:45:00+00:00
1776585600000,75295.5,75303.9,75233.1,75303.9,4.87433976,2026-04-19 08:00:00+00:00
1776586500000,75303.9,75309.9,75200.0,75200.0,3.50863467,2026-04-19 08:15:00+00:00
1776587400000,75200.0,75278.1,75139.8,75265.1,5.24626424,2026-04-19 08:30:00+00:00
1776588300000,75265.1,75291.4,75225.6,75282.3,11.10737604,2026-04-19 08:45:00+00:00
1776589200000,75282.3,75289.9,75229.0,75230.5,1.00487406,2026-04-19 09:00:00+00:00
1776590100000,75230.5,75230.6,75015.3,75122.6,3.32067227,2026-04-19 09:15:00+00:00
1776591000000,75122.5,75187.1,75094.3,75119.9,5.9663086,2026-04-19 09:30:00+00:00
1776591900000,75119.8,75119.9,74963.6,75047.1,1.86078839,2026-04-19 09:45:00+00:00
1776592800000,75047.1,75118.9,74987.8,75072.0,5.44145721,2026-04-19 10:00:00+00:00
1776593700000,75072.0,75139.9,75021.8,75110.4,13.68827355,2026-04-19 10:15:00+00:00
1776594600000,75110.5,75115.1,75085.1,75112.4,7.03163097,2026-04-19 10:30:00+00:00
1776595500000,75112.4,75265.0,75093.2,75264.9,1.57116349,2026-04-19 10:45:00+00:00
1776596400000,75265.0,75481.5,75264.9,75429.9,7.03080638,2026-04-19 11:00:00+00:00
1776597300000,75429.9,75580.0,75401.4,75419.6,17.58337131,2026-04-19 11:15:00+00:00
1776598200000,75419.5,75548.8,75419.5,75548.7,2.27262268,2026-04-19 11:30:00+00:00
1776599100000,75548.7,75647.8,75548.7,75626.5,5.04937709,2026-04-19 11:45:00+00:00
1776600000000,75626.5,75695.7,75563.9,75689.4,10.05225481,2026-04-19 12:00:00+00:00
1776600900000,75694.0,75725.2,75552.3,75558.1,18.37309617,2026-04-19 12:15:00+00:00
1776601800000,75568.7,75575.4,75458.4,75532.9,6.33809296,2026-04-19 12:30:00+00:00
1776602700000,75532.9,75700.1,75489.6,75625.4,3.61527915,2026-04-19 12:45:00+00:00
1776603600000,75625.4,75801.9,75611.2,75799.9,7.265318,2026-04-19 13:00:00+00:00
1776604500000,75799.9,76274.6,75784.7,76058.0,27.5572529,2026-04-19 13:15:00+00:00
1776605400000,76058.0,76144.3,75988.9,76055.0,10.98056901,2026-04-19 13:30:00+00:00
1776606300000,76055.0,76055.0,75919.5,75950.7,12.38836541,2026-04-19 13:45:00+00:00
1776607200000,75950.7,76045.5,75724.9,75828.1,12.4622421,2026-04-19 14:00:00+00:00
1776608100000,75828.2,76054.0,75800.1,75989.6,4.57907745,2026-04-19 14:15:00+00:00
1776609000000,75989.7,76025.4,75845.3,76013.9,6.47085822,2026-04-19 14:30:00+00:00
1776609900000,76013.9,76167.6,75970.9,76055.1,4.67647732,2026-04-19 14:45:00+00:00
1776610800000,76055.1,76082.8,75933.4,76064.5,4.78815615,2026-04-19 15:00:00+00:00
1776611700000,76064.6,76192.5,75933.4,75992.6,3.9429888,2026-04-19 15:15:00+00:00
1776612600000,75992.5,76008.3,75450.0,75776.8,9.85965312,2026-04-19 15:30:00+00:00
1776613500000,75776.7,75908.5,75743.4,75865.7,2.64503196,2026-04-19 15:45:00+00:00
1776614400000,75865.7,75882.4,75687.9,75699.6,6.25363329,2026-04-19 16:00:00+00:00
1776615300000,75699.6,75783.7,75589.7,75607.8,8.80674321,2026-04-19 16:15:00+00:00
1776616200000,75607.8,75724.6,75554.8,75580.4,2.39588068,2026-04-19 16:30:00+00:00
1776617100000,75580.3,75668.7,75345.1,75395.0,19.72747261,2026-04-19 16:45:00+00:00
1776618000000,75395.1,75410.1,75050.5,75265.9,29.31144958,2026-04-19 17:00:00+00:00
1776618900000,75287.0,75400.0,75200.0,75287.3,12.38847551,2026-04-19 17:15:00+00:00
1776619800000,75287.3,75386.3,75125.3,75207.0,22.38704915,2026-04-19 17:30:00+00:00
1776620700000,75207.1,75232.2,74678.9,74818.2,58.12304657,2026-04-19 17:45:00+00:00
1776621600000,74819.9,74916.6,74701.7,74853.0,27.71009063,2026-04-19 18:00:00+00:00
1776622500000,74862.5,74876.9,74640.6,74829.7,20.95476529,2026-04-19 18:15:00+00:00
1776623400000,74829.6,74829.7,74671.7,74701.4,22.67786548,2026-04-19 18:30:00+00:00
1776624300000,74707.6,74812.0,74651.8,74801.2,14.54597217,2026-04-19 18:45:00+00:00
1776625200000,74804.3,75011.1,74804.3,74977.2,19.52020072,2026-04-19 19:00:00+00:00
1776626100000,74977.1,75060.4,74889.2,74992.0,22.68613249,2026-04-19 19:15:00+00:00
1776627000000,74976.7,75084.9,74975.0,75001.9,4.15077478,2026-04-19 19:30:00+00:00
1776627900000,75001.9,75035.2,74941.4,75005.2,2.51923063,2026-04-19 19:45:00+00:00
1776628800000,74984.5,74984.5,74705.7,74829.9,36.80043943,2026-04-19 20:00:00+00:00
1776629700000,74830.0,74830.0,74675.0,74781.7,4.34317178,2026-04-19 20:15:00+00:00
1776630600000,74787.3,74896.5,74500.0,74530.0,21.14860788,2026-04-19 20:30:00+00:00
1776631500000,74537.1,74736.3,74447.4,74660.5,11.27955533,2026-04-19 20:45:00+00:00
1776632400000,74660.5,74749.9,74614.4,74724.5,5.6570946,2026-04-19 21:00:00+00:00
1776633300000,74722.1,74796.1,74621.0,74774.7,2.00814531,2026-04-19 21:15:00+00:00
1776634200000,74774.7,74835.6,74745.7,74771.9,2.95003506,2026-04-19 21:30:00+00:00
1776635100000,74771.8,74819.6,74409.9,74451.5,10.78984445,2026-04-19 21:45:00+00:00
1776636000000,74451.6,74451.6,73850.0,74046.8,117.97768821,2026-04-19 22:00:00+00:00
1776636900000,74047.7,74098.2,73809.7,73978.8,37.86297308,2026-04-19 22:15:00+00:00
1776637800000,73978.8,74200.6,73953.0,74168.6,15.86753346,2026-04-19 22:30:00+00:00
1776638700000,74170.3,74217.4,74068.5,74088.8,12.37942196,2026-04-19 22:45:00+00:00
1776639600000,74080.1,74080.1,73851.4,74045.4,37.6647513,2026-04-19 23:00:00+00:00
1776640500000,74045.5,74045.5,73835.6,73900.7,4.20327598,2026-04-19 23:15:00+00:00
1776641400000,73900.8,73980.5,73847.5,73912.1,19.98641947,2026-04-19 23:30:00+00:00
1776642300000,73923.8,74000.0,73827.6,73827.6,2.47754913,2026-04-19 23:45:00+00:00
1776643200000,73827.6,74200.0,73637.3,74105.4,71.74784275,2026-04-20 00:00:00+00:00
1776644100000,74076.7,74298.0,74076.7,74256.8,8.17205906,2026-04-20 00:15:00+00:00
1776645000000,74256.9,74284.6,74176.8,74213.3,2.88139834,2026-04-20 00:30:00+00:00
1776645900000,74213.2,74373.0,74211.7,74315.2,5.57176203,2026-04-20 00:45:00+00:00
1776646800000,74314.6,74384.7,74268.6,74384.7,12.07108411,2026-04-20 01:00:00+00:00
1776647700000,74384.7,74384.7,74249.1,74327.5,3.77261519,2026-04-20 01:15:00+00:00
1776648600000,74327.5,74727.2,74327.5,74704.7,16.57416947,2026-04-20 01:30:00+00:00
1776649500000,74704.8,74766.5,74591.9,74622.5,11.38253547,2026-04-20 01:45:00+00:00
1776650400000,74622.6,74664.0,74386.5,74400.0,11.81526743,2026-04-20 02:00:00+00:00
1776651300000,74399.9,74500.9,74336.5,74479.7,9.46833277,2026-04-20 02:15:00+00:00
1776652200000,74482.7,74550.5,74450.7,74550.5,7.95096627,2026-04-20 02:30:00+00:00
1776653100000,74550.4,74550.4,74441.0,74441.1,10.22825055,2026-04-20 02:45:00+00:00
1776654000000,74441.1,74498.6,74388.3,74498.6,1.90184365,2026-04-20 03:00:00+00:00
1776654900000,74501.5,74593.5,74432.6,74548.1,7.13485439,2026-04-20 03:15:00+00:00
1776655800000,74548.1,74615.2,74500.0,74610.8,4.59775928,2026-04-20 03:30:00+00:00
1776656700000,74610.7,74669.9,74583.1,74669.1,0.58660084,2026-04-20 03:45:00+00:00
1776657600000,74669.1,74669.7,74546.8,74546.9,2.91266952,2026-04-20 04:00:00+00:00
1776658500000,74546.8,74546.9,74477.4,74529.2,6.252927,2026-04-20 04:15:00+00:00
1776659400000,74529.1,74529.8,74476.1,74479.2,3.1604915,2026-04-20 04:30:00+00:00
1776660300000,74479.2,74645.6,74479.2,74587.2,0.94902518,2026-04-20 04:45:00+00:00
1776661200000,74587.2,74587.2,74276.8,74382.3,10.01234644,2026-04-20 05:00:00+00:00
1776662100000,74385.8,74385.8,74173.4,74173.8,1.06827015,2026-04-20 05:15:00+00:00
1776663000000,74173.7,74232.6,74149.9,74157.0,12.48555856,2026-04-20 05:30:00+00:00
1776663900000,74157.0,74336.6,74146.6,74300.6,22.23794294,2026-04-20 05:45:00+00:00
1776664800000,74300.6,74448.7,74284.9,74326.4,11.16011653,2026-04-20 06:00:00+00:00
1776665700000,74326.5,74432.5,74291.1,74386.2,1.62685112,2026-04-20 06:15:00+00:00
1776666600000,74382.2,74906.8,74382.1,74802.0,48.49405292,2026-04-20 06:30:00+00:00
1776667500000,74802.1,74842.7,74687.5,74817.0,6.78432991,2026-04-20 06:45:00+00:00
1776668400000,74817.0,74878.1,74733.8,74829.8,8.75206051,2026-04-20 07:00:00+00:00
1776669300000,74829.9,75574.8,74768.8,75218.6,35.88910277,2026-04-20 07:15:00+00:00
1776670200000,75218.7,75246.0,74892.2,74974.1,17.63772586,2026-04-20 07:30:00+00:00
1776671100000,74974.0,75034.6,74700.3,74833.7,22.68905835,2026-04-20 07:45:00+00:00
1776672000000,74833.7,74898.7,74700.3,74843.8,2.84901736,2026-04-20 08:00:00+00:00
1776672900000,74843.8,75003.6,74741.6,74811.5,10.55231526,2026-04-20 08:15:00+00:00
1776673800000,74811.5,74923.3,74781.4,74863.0,10.86088744,2026-04-20 08:30:00+00:00
1776674700000,74863.0,74863.0,74655.5,74742.2,12.20414927,2026-04-20 08:45:00+00:00
1776675600000,74742.2,75085.0,74742.1,75055.9,80.719909,2026-04-20 09:00:00+00:00
1776676500000,75056.0,75172.8,75027.8,75027.9,17.82804773,2026-04-20 09:15:00+00:00
1776677400000,75027.9,75212.8,75023.4,75180.6,58.37694155,2026-04-20 09:30:00+00:00
1776678300000,75180.6,75249.1,75058.1,75064.6,2.8800525,2026-04-20 09:45:00+00:00
1776679200000,75064.6,75375.6,75064.6,75373.6,7.69805079,2026-04-20 10:00:00+00:00
1776680100000,75373.6,75411.7,75303.1,75317.9,2.06929311,2026-04-20 10:15:00+00:00
1776681000000,75318.0,75318.0,75188.0,75202.9,2.00023766,2026-04-20 10:30:00+00:00
1776681900000,75202.9,75202.9,75051.2,75051.3,10.96627178,2026-04-20 10:45:00+00:00
1776682800000,75051.3,75199.4,75000.0,75186.0,7.45853793,2026-04-20 11:00:00+00:00
1776683700000,75186.0,75264.6,75075.3,75202.8,13.99417977,2026-04-20 11:15:00+00:00
1776684600000,75202.9,75299.8,75129.4,75239.0,5.8325077,2026-04-20 11:30:00+00:00
1776685500000,75239.0,75288.1,75186.3,75219.0,6.74734786,2026-04-20 11:45:00+00:00
1776686400000,75219.0,75429.9,75108.5,75379.1,4.10446424,2026-04-20 12:00:00+00:00
1776687300000,75379.2,75678.2,75334.2,75448.8,22.80407209,2026-04-20 12:15:00+00:00
1776688200000,75448.9,75482.3,75105.2,75239.8,19.73612282,2026-04-20 12:30:00+00:00
1776689100000,75239.7,75409.1,75239.7,75323.5,7.79185604,2026-04-20 12:45:00+00:00
1776690000000,75323.5,75371.1,75168.5,75256.7,18.13227806,2026-04-20 13:00:00+00:00
1776690900000,75256.8,75288.5,75024.7,75213.6,15.32338541,2026-04-20 13:15:00+00:00
1776691800000,75213.6,75453.5,74916.8,75264.5,15.65477002,2026-04-20 13:30:00+00:00
1776692700000,75264.5,75349.7,75030.5,75309.6,118.45974088,2026-04-20 13:45:00+00:00
1776693600000,75309.6,75326.5,75075.0,75103.3,10.76689697,2026-04-20 14:00:00+00:00
1776694500000,75103.3,75788.3,75077.3,75612.4,27.19157617,2026-04-20 14:15:00+00:00
1776695400000,75616.9,75721.7,75258.2,75396.8,20.71069843,2026-04-20 14:30:00+00:00
1776696300000,75377.0,75463.8,74950.4,75056.3,25.4580657,2026-04-20 14:45:00+00:00
1776697200000,75069.3,75120.3,74744.0,75094.7,44.66828096,2026-04-20 15:00:00+00:00
1776698100000,75094.8,75797.3,75090.0,75797.3,31.15781294,2026-04-20 15:15:00+00:00
1776699000000,75784.5,75784.5,75569.4,75598.4,6.90301114,2026-04-20 15:30:00+00:00
1776699900000,75604.8,75755.3,75584.2,75755.3,7.79211607,2026-04-20 15:45:00+00:00
1776700800000,75755.3,75755.3,75437.1,75455.3,6.64648579,2026-04-20 16:00:00+00:00
1776701700000,75455.3,75539.2,75370.3,75403.7,5.32658263,2026-04-20 16:15:00+00:00
1776702600000,75403.7,75603.5,75340.3,75515.0,12.03634049,2026-04-20 16:30:00+00:00
1776703500000,75515.3,75588.0,75333.9,75361.3,6.96971885,2026-04-20 16:45:00+00:00
1776704400000,75361.3,75720.1,75333.0,75675.2,19.64012889,2026-04-20 17:00:00+00:00
1776705300000,75679.7,75898.8,75653.5,75761.5,12.02586786,2026-04-20 17:15:00+00:00
1776706200000,75761.5,75868.0,75659.2,75800.1,9.32262373,2026-04-20 17:30:00+00:00
1776707100000,75800.1,75999.8,75742.6,75925.5,21.77772601,2026-04-20 17:45:00+00:00
1776708000000,75925.5,76333.3,75925.5,76318.6,97.88456441,2026-04-20 18:00:00+00:00
1776708900000,76305.8,76342.2,76124.0,76126.7,16.94529589,2026-04-20 18:15:00+00:00
1776709800000,76131.8,76292.2,76030.2,76210.0,30.75569532,2026-04-20 18:30:00+00:00
1776710700000,76206.2,76477.5,76125.1,76450.0,40.81184651,2026-04-20 18:45:00+00:00
1776711600000,76450.5,76511.7,76348.0,76379.0,70.369745,2026-04-20 19:00:00+00:00
1776712500000,76379.1,76379.1,76201.6,76231.9,14.92850133,2026-04-20 19:15:00+00:00
1776713400000,76236.3,76285.9,76179.0,76278.4,7.65197083,2026-04-20 19:30:00+00:00
1776714300000,76278.4,76363.2,76266.6,76335.4,6.83933552,2026-04-20 19:45:00+00:00
1776715200000,76331.5,76398.2,76163.5,76380.0,22.56030614,2026-04-20 20:00:00+00:00
1776716100000,76380.1,76588.0,76332.5,76364.3,27.41852739,2026-04-20 20:15:00+00:00
1776717000000,76367.0,76367.0,76248.9,76281.8,17.23421654,2026-04-20 20:30:00+00:00
1776717900000,76281.8,76346.6,76270.3,76312.3,3.79894982,2026-04-20 20:45:00+00:00
1776718800000,76312.3,76399.8,75967.4,76031.8,34.60822894,2026-04-20 21:00:00+00:00
1776719700000,76043.1,76080.2,75914.4,75971.3,5.67403546,2026-04-20 21:15:00+00:00
1776720600000,75961.1,75961.1,75823.5,75918.6,4.54960344,2026-04-20 21:30:00+00:00
1776721500000,75918.0,75989.5,75907.2,75980.4,3.77386414,2026-04-20 21:45:00+00:00
1776722400000,75980.4,76175.7,75980.4,76104.2,6.37592755,2026-04-20 22:00:00+00:00
1776723300000,76103.8,76145.2,75942.5,75951.0,56.29906789,2026-04-20 22:15:00+00:00
1776724200000,75951.0,76096.6,75934.6,76003.5,6.67085758,2026-04-20 22:30:00+00:00
1776725100000,76003.5,76021.5,75958.5,75998.0,21.09594941,2026-04-20 22:45:00+00:00
1776726000000,75998.0,75998.0,75750.0,75779.2,52.32785838,2026-04-20 23:00:00+00:00
1776726900000,75779.2,75779.2,75637.4,75685.4,17.46892381,2026-04-20 23:15:00+00:00
1776727800000,75685.4,75834.9,75670.1,75797.1,9.24136909,2026-04-20 23:30:00+00:00
1776728700000,75797.1,75893.5,75777.6,75848.3,89.54968909,2026-04-20 23:45:00+00:00
1776729600000,75848.3,75945.6,75730.9,75899.3,142.52759799,2026-04-21 00:00:00+00:00
1776730500000,75899.4,75935.3,75850.0,75924.7,4.055295,2026-04-21 00:15:00+00:00
1776731400000,75924.7,76000.0,75898.4,75930.7,7.07365346,2026-04-21 00:30:00+00:00
1776732300000,75922.0,76111.8,75910.5,76111.6,20.79302442,2026-04-21 00:45:00+00:00
1776733200000,76111.7,76261.0,76049.8,76173.0,7.10109282,2026-04-21 01:00:00+00:00
1776734100000,76163.1,76163.1,76026.4,76156.4,17.2894877,2026-04-21 01:15:00+00:00
1776735000000,76156.4,76246.7,76031.6,76093.0,3.75383746,2026-04-21 01:30:00+00:00
1776735900000,76093.0,76093.0,75898.7,75955.1,21.3212747,2026-04-21 01:45:00+00:00
1776736800000,75955.1,75955.1,75753.8,75755.1,11.75817481,2026-04-21 02:00:00+00:00
1776737700000,75755.1,75814.5,75724.8,75770.4,2.75611418,2026-04-21 02:15:00+00:00
1776738600000,75750.3,75823.1,75631.0,75631.0,7.63610733,2026-04-21 02:30:00+00:00
1776739500000,75631.1,75668.4,75612.5,75635.1,4.50046714,2026-04-21 02:45:00+00:00
1776740400000,75630.7,75652.3,75508.9,75600.9,5.59256269,2026-04-21 03:00:00+00:00
1776741300000,75600.8,75676.0,75550.0,75654.5,0.98386033,2026-04-21 03:15:00+00:00
1776742200000,75654.6,75748.3,75529.4,75592.9,1.31321929,2026-04-21 03:30:00+00:00
1776743100000,75592.8,75745.1,75580.0,75745.1,0.68169443,2026-04-21 03:45:00+00:00
1776744000000,75745.1,75780.6,75664.1,75664.1,4.66854253,2026-04-21 04:00:00+00:00
1776744900000,75649.1,75729.6,75644.6,75668.8,6.74260353,2026-04-21 04:15:00+00:00
1776745800000,75668.7,75755.8,75656.9,75729.0,2.60909534,2026-04-21 04:30:00+00:00
1776746700000,75729.0,75848.0,75728.9,75848.0,1.57631137,2026-04-21 04:45:00+00:00
1776747600000,75848.0,75975.0,75845.3,75927.6,38.47905734,2026-04-21 05:00:00+00:00
1776748500000,75927.7,76000.0,75894.3,75933.0,9.29559326,2026-04-21 05:15:00+00:00
1776749400000,75933.0,75933.0,75860.8,75884.1,5.47678502,2026-04-21 05:30:00+00:00
1776750300000,75884.0,75884.0,75823.1,75839.2,4.4330663,2026-04-21 05:45:00+00:00
1776751200000,75839.2,75847.6,75776.4,75820.5,3.21929893,2026-04-21 06:00:00+00:00
1776752100000,75820.5,75820.5,75744.7,75786.4,2.14070759,2026-04-21 06:15:00+00:00
1776753000000,75786.5,76139.2,75786.4,76025.2,24.49553441,2026-04-21 06:30:00+00:00
1776753900000,76025.1,76045.3,75998.8,75999.7,2.9127482,2026-04-21 06:45:00+00:00
1776754800000,75999.8,75999.8,75852.1,75984.9,2.88146966,2026-04-21 07:00:00+00:00
1776755700000,75984.8,76326.5,75963.6,76203.7,21.84668796,2026-04-21 07:15:00+00:00
1776756600000,76203.6,76318.2,76059.7,76234.4,19.73508677,2026-04-21 07:30:00+00:00
1776757500000,76229.3,76309.7,76119.5,76124.5,11.25740578,2026-04-21 07:45:00+00:00
1776758400000,76124.5,76231.0,76100.1,76156.0,6.23395416,2026-04-21 08:00:00+00:00
1776759300000,76156.0,76407.2,76156.0,76385.1,16.68994613,2026-04-21 08:15:00+00:00
1776760200000,76385.2,76519.6,76301.0,76490.4,8.60155628,2026-04-21 08:30:00+00:00
1776761100000,76490.3,77169.6,76458.4,76545.0,130.22117191,2026-04-21 08:45:00+00:00
1776762000000,76545.1,76585.0,76408.4,76499.0,10.04099717,2026-04-21 09:00:00+00:00
1776762900000,76499.0,76553.4,76246.6,76273.9,13.65835892,2026-04-21 09:15:00+00:00
1776763800000,76273.8,76340.4,76194.0,76340.4,3.10678918,2026-04-21 09:30:00+00:00
1776764700000,76340.4,76404.3,76278.8,76385.4,9.54786102,2026-04-21 09:45:00+00:00
1776765600000,76385.5,76537.2,76385.4,76464.4,6.56177594,2026-04-21 10:00:00+00:00
1776766500000,76464.4,76609.1,76416.0,76549.7,16.01874408,2026-04-21 10:15:00+00:00
1776767400000,76549.8,76617.3,76513.9,76586.3,7.56688887,2026-04-21 10:30:00+00:00
1776768300000,76586.2,76900.0,76586.2,76797.8,75.7788607,2026-04-21 10:45:00+00:00
1776769200000,76797.9,76797.9,76387.0,76448.2,19.94083079,2026-04-21 11:00:00+00:00
1776770100000,76448.2,76736.4,76387.1,76699.2,5.12886495,2026-04-21 11:15:00+00:00
1776771000000,76699.1,76725.1,76506.4,76506.5,14.47086276,2026-04-21 11:30:00+00:00
1776771900000,76506.4,76517.5,76454.8,76486.0,8.23372644,2026-04-21 11:45:00+00:00
1776772800000,76486.0,76515.9,76300.0,76305.5,8.77669066,2026-04-21 12:00:00+00:00
1776773700000,76305.4,76404.7,76285.9,76403.4,8.10641944,2026-04-21 12:15:00+00:00
1776774600000,76403.5,76520.0,75741.3,75849.1,44.04337125,2026-04-21 12:30:00+00:00
1776775500000,75849.1,76075.8,75795.0,76049.4,28.35991206,2026-04-21 12:45:00+00:00
1776776400000,76049.4,76098.4,75936.4,76024.8,25.96818337,2026-04-21 13:00:00+00:00
1776777300000,76024.7,76154.0,76016.5,76063.1,7.33601947,2026-04-21 13:15:00+00:00
1776778200000,76063.1,76200.0,75780.1,76058.6,47.56275162,2026-04-21 13:30:00+00:00
1776779100000,76043.7,76079.3,75791.8,75899.2,16.9919612,2026-04-21 13:45:00+00:00
1776780000000,75899.3,75935.2,75743.0,75865.2,13.85813718,2026-04-21 14:00:00+00:00
1776780900000,75865.2,76322.1,75865.2,76144.5,32.11462947,2026-04-21 14:15:00+00:00
1776781800000,76144.0,76599.8,76143.9,76492.3,17.68837086,2026-04-21 14:30:00+00:00
1776782700000,76492.3,76500.6,75660.9,75698.2,29.9584811,2026-04-21 14:45:00+00:00
1776783600000,75698.2,75862.9,75475.2,75790.3,126.0252134,2026-04-21 15:00:00+00:00
1776784500000,75790.3,75993.1,75645.1,75697.0,16.95192321,2026-04-21 15:15:00+00:00
1776785400000,75697.0,75833.4,75537.5,75742.0,18.77537785,2026-04-21 15:30:00+00:00
1776786300000,75728.7,75850.8,75638.6,75850.8,5.52547712,2026-04-21 15:45:00+00:00
1776787200000,75853.0,75988.9,75833.6,75982.5,26.57739892,2026-04-21 16:00:00+00:00
1776788100000,75981.7,75989.0,75867.3,75895.0,8.17510316,2026-04-21 16:15:00+00:00
1776789000000,75895.0,76184.1,75872.8,75913.2,8.08054943,2026-04-21 16:30:00+00:00
1776789900000,75911.0,76062.0,75785.3,75799.9,15.00384054,2026-04-21 16:45:00+00:00
1776790800000,75800.0,75841.7,75471.5,75532.3,21.30916749,2026-04-21 17:00:00+00:00
1776791700000,75532.4,75548.1,75096.8,75347.1,33.5602863,2026-04-21 17:15:00+00:00
1776792600000,75347.2,75883.8,75300.1,75800.4,31.84033148,2026-04-21 17:30:00+00:00
1776793500000,75800.4,75833.4,75519.4,75567.5,10.78284473,2026-04-21 17:45:00+00:00
1776794400000,75567.6,75645.2,75503.7,75590.7,4.04249612,2026-04-21 18:00:00+00:00
1776795300000,75601.7,75661.8,75399.2,75491.7,14.61847347,2026-04-21 18:15:00+00:00
1776796200000,75491.7,75604.6,75491.7,75543.5,1.88248509,2026-04-21 18:30:00+00:00
1776797100000,75543.5,75642.4,75330.4,75626.1,11.30321127,2026-04-21 18:45:00+00:00
1776798000000,75626.2,75792.8,75599.1,75617.1,9.35433829,2026-04-21 19:00:00+00:00
1776798900000,75619.9,75927.3,75578.5,75800.0,16.47425942,2026-04-21 19:15:00+00:00
1776799800000,75799.9,75799.9,74850.0,74887.2,67.67175732,2026-04-21 19:30:00+00:00
1776800700000,74887.1,75094.9,74850.0,75031.2,32.25126747,2026-04-21 19:45:00+00:00
1776801600000,75041.6,75611.1,74999.9,75611.1,37.38469561,2026-04-21 20:00:00+00:00
1776802500000,75611.0,75777.0,75479.7,75659.8,18.23337915,2026-04-21 20:15:00+00:00
1776803400000,75664.8,75865.6,75664.7,75681.5,11.70449531,2026-04-21 20:30:00+00:00
1776804300000,75681.5,75797.1,75604.0,75739.7,10.67323122,2026-04-21 20:45:00+00:00
1776805200000,75720.4,75793.5,75548.6,75602.1,14.84663154,2026-04-21 21:00:00+00:00
1776806100000,75599.1,75692.2,75561.5,75580.3,4.184792,2026-04-21 21:15:00+00:00
1776807000000,75585.5,75645.3,75493.7,75493.7,5.22224165,2026-04-21 21:30:00+00:00
1776807900000,75487.8,75619.2,75487.7,75558.7,3.09224967,2026-04-21 21:45:00+00:00
1776808800000,75565.1,75610.4,75530.0,75576.1,2.31218844,2026-04-21 22:00:00+00:00
1776809700000,75576.0,75576.0,75330.6,75394.3,6.7961262,2026-04-21 22:15:00+00:00
1776810600000,75394.3,75570.1,75331.8,75564.5,22.31358157,2026-04-21 22:30:00+00:00
1776811500000,75564.5,75753.0,75531.1,75669.8,76.2098533,2026-04-21 22:45:00+00:00
1776812400000,75669.6,75888.6,75650.3,75789.4,84.77625408,2026-04-21 23:00:00+00:00
1776813300000,75789.5,75870.0,75771.1,75811.9,44.85283658,2026-04-21 23:15:00+00:00
1776814200000,75811.9,76147.7,75802.3,76111.7,21.46606615,2026-04-21 23:30:00+00:00
1776815100000,76112.6,76422.5,76112.6,76351.9,118.67695697,2026-04-21 23:45:00+00:00
1776816000000,76350.3,76500.0,76334.0,76440.0,27.10139947,2026-04-22 00:00:00+00:00
1776816900000,76440.0,76450.0,76277.6,76305.0,5.58729939,2026-04-22 00:15:00+00:00
1776817800000,76305.0,76404.3,76242.7,76347.2,6.92401639,2026-04-22 00:30:00+00:00
1776818700000,76347.2,76387.1,76270.9,76384.4,11.35518499,2026-04-22 00:45:00+00:00
1776819600000,76384.5,76416.6,76311.0,76416.6,13.50850668,2026-04-22 01:00:00+00:00
1776820500000,76416.5,76416.5,76165.7,76171.6,6.47592304,2026-04-22 01:15:00+00:00
1776821400000,76171.6,76288.8,76151.3,76247.9,5.08846362,2026-04-22 01:30:00+00:00
1776822300000,76247.9,76347.8,76235.4,76318.3,2.58055501,2026-04-22 01:45:00+00:00
1776823200000,76318.4,76864.4,76242.1,76753.2,39.80420339,2026-04-22 02:00:00+00:00
1776824100000,76753.3,77272.1,76753.3,77237.8,68.63607012,2026-04-22 02:15:00+00:00
1776825000000,77237.2,77351.0,77103.2,77266.6,19.49622536,2026-04-22 02:30:00+00:00
1776825900000,77266.6,77653.6,77162.1,77616.5,29.90298554,2026-04-22 02:45:00+00:00
1776826800000,77616.7,77726.9,77476.3,77618.4,62.85321698,2026-04-22 03:00:00+00:00
1776827700000,77618.4,77618.5,77424.4,77542.1,19.80426496,2026-04-22 03:15:00+00:00
1776828600000,77542.2,77581.1,77422.0,77581.0,4.37028174,2026-04-22 03:30:00+00:00
1776829500000,77581.0,77614.3,77526.0,77561.6,7.16828402,2026-04-22 03:45:00+00:00
1776830400000,77561.6,77623.5,77511.0,77511.0,15.874583,2026-04-22 04:00:00+00:00
1776831300000,77507.5,77527.2,77377.5,77522.7,10.20844338,2026-04-22 04:15:00+00:00
1776832200000,77522.7,77698.9,77502.4,77587.2,12.17043545,2026-04-22 04:30:00+00:00
1776833100000,77587.2,77592.9,77470.4,77538.3,7.56356712,2026-04-22 04:45:00+00:00
1776834000000,77538.4,77580.0,77456.4,77566.7,13.95230483,2026-04-22 05:00:00+00:00
1776834900000,77566.6,78429.6,77538.5,78246.8,143.95121753,2026-04-22 05:15:00+00:00
1776835800000,78242.0,78348.3,78010.0,78127.3,25.39632659,2026-04-22 05:30:00+00:00
1776836700000,78127.2,78207.5,77958.1,77994.1,30.21623995,2026-04-22 05:45:00+00:00
1776837600000,77994.1,78000.0,77913.8,77958.6,38.23644365,2026-04-22 06:00:00+00:00
1776838500000,77931.6,78042.3,77927.1,77942.1,5.18909555,2026-04-22 06:15:00+00:00
1776839400000,77960.7,78000.0,77925.0,77972.6,16.24319487,2026-04-22 06:30:00+00:00
1776840300000,77972.5,78017.3,77945.2,78000.1,38.74084701,2026-04-22 06:45:00+00:00
1776841200000,77998.8,78127.0,77975.3,78118.3,9.78132505,2026-04-22 07:00:00+00:00
1776842100000,78118.3,78118.3,77839.0,77875.8,10.32952056,2026-04-22 07:15:00+00:00
1776843000000,77890.3,78050.0,77855.0,78050.0,27.40844076,2026-04-22 07:30:00+00:00
1776843900000,78050.0,78099.9,77986.7,78010.5,22.68713796,2026-04-22 07:45:00+00:00
1776844800000,78010.5,78185.9,78010.5,78147.5,29.2060738,2026-04-22 08:00:00+00:00
1776845700000,78147.6,78198.1,77984.6,77984.6,17.59689636,2026-04-22 08:15:00+00:00
1776846600000,77984.6,78018.2,77962.5,77967.0,10.15515783,2026-04-22 08:30:00+00:00
1776847500000,77966.9,78098.8,77956.2,78037.5,14.2606241,2026-04-22 08:45:00+00:00
1776848400000,78028.9,78100.0,77971.9,78047.5,10.2454189,2026-04-22 09:00:00+00:00
1776849300000,78047.5,78166.6,77971.7,78166.6,7.40246419,2026-04-22 09:15:00+00:00
1776850200000,78165.8,78193.6,78072.1,78162.7,4.36215263,2026-04-22 09:30:00+00:00
1776851100000,78162.6,78162.6,78001.0,78029.4,6.04142158,2026-04-22 09:45:00+00:00
1776852000000,78025.1,78054.1,77963.8,78049.7,7.77621726,2026-04-22 10:00:00+00:00
1776852900000,78049.7,78074.0,78000.0,78074.0,17.69115966,2026-04-22 10:15:00+00:00
1776853800000,78074.0,78183.6,78074.0,78127.2,5.71074611,2026-04-22 10:30:00+00:00
1776854700000,78127.2,78168.6,78087.3,78164.7,10.60920867,2026-04-22 10:45:00+00:00
1776855600000,78164.7,78284.9,78121.9,78180.0,20.30321219,2026-04-22 11:00:00+00:00
1776856500000,78177.7,78316.7,78177.7,78316.7,5.42158404,2026-04-22 11:15:00+00:00
1776857400000,78316.7,78391.9,78208.0,78229.3,47.66040962,2026-04-22 11:30:00+00:00
1776858300000,78229.4,78335.7,78229.3,78304.3,18.3871284,2026-04-22 11:45:00+00:00
1776859200000,78304.3,78483.2,78243.9,78447.0,30.81358477,2026-04-22 12:00:00+00:00
1776860100000,78446.9,78519.6,78169.4,78221.0,13.25991943,2026-04-22 12:15:00+00:00
1776861000000,78220.9,78292.0,78139.4,78223.5,17.88397909,2026-04-22 12:30:00+00:00
1776861900000,78223.4,78363.1,78209.3,78259.6,27.61057702,2026-04-22 12:45:00+00:00
1776862800000,78259.6,78469.3,78203.7,78397.3,24.7360117,2026-04-22 13:00:00+00:00
1776863700000,78397.3,78505.4,78390.0,78476.4,32.01039097,2026-04-22 13:15:00+00:00
1776864600000,78476.4,78700.0,78324.6,78624.2,60.66113302,2026-04-22 13:30:00+00:00
1776865500000,78629.0,78862.3,78580.0,78862.2,42.76499671,2026-04-22 13:45:00+00:00
1776866400000,78862.3,79118.0,78726.8,79096.6,76.20348837,2026-04-22 14:00:00+00:00
1776867300000,79096.6,79200.0,78832.3,79055.4,42.63373322,2026-04-22 14:15:00+00:00
1776868200000,79055.4,79055.4,78602.5,78716.2,86.99113813,2026-04-22 14:30:00+00:00
1776869100000,78737.4,79100.0,78716.7,79085.1,58.66504036,2026-04-22 14:45:00+00:00
1776870000000,79085.1,79150.0,78900.0,78977.8,40.63286983,2026-04-22 15:00:00+00:00
1776870900000,78985.5,79135.7,78895.0,79103.0,24.62955043,2026-04-22 15:15:00+00:00
1776871800000,79087.9,79368.9,79048.5,79308.8,78.77024553,2026-04-22 15:30:00+00:00
1776872700000,79311.9,79445.0,79232.6,79334.7,78.91881081,2026-04-22 15:45:00+00:00
1776873600000,79334.7,79490.7,79181.1,79219.3,95.01903948,2026-04-22 16:00:00+00:00
1776874500000,79219.3,79228.5,78901.3,78961.1,47.6509895,2026-04-22 16:15:00+00:00
1776875400000,78961.1,79048.4,78779.5,78837.2,34.54383887,2026-04-22 16:30:00+00:00
1776876300000,78828.2,78875.0,78669.1,78753.9,33.96510852,2026-04-22 16:45:00+00:00
1776877200000,78753.9,79082.9,78753.8,78988.0,30.21577292,2026-04-22 17:00:00+00:00
1776878100000,78987.9,79015.0,78730.2,78862.0,7.54075173,2026-04-22 17:15:00+00:00
1776879000000,78862.0,78926.9,78775.9,78852.7,15.39494229,2026-04-22 17:30:00+00:00
1776879900000,78852.7,79000.0,78756.5,78927.8,11.15803825,2026-04-22 17:45:00+00:00
1776880800000,78927.8,79000.0,78873.1,78980.6,7.2295141,2026-04-22 18:00:00+00:00
1776881700000,78980.5,79000.0,78905.5,78946.9,14.05114608,2026-04-22 18:15:00+00:00
1776882600000,78936.2,79036.7,78888.5,79002.0,15.23536057,2026-04-22 18:30:00+00:00
1776883500000,78998.1,79167.1,78983.8,79031.7,8.10585113,2026-04-22 18:45:00+00:00
1776884400000,79031.7,79041.3,78734.0,78853.9,24.85393386,2026-04-22 19:00:00+00:00
1776885300000,78854.0,79086.6,78853.9,79028.8,24.51850692,2026-04-22 19:15:00+00:00
1776886200000,79028.8,79085.9,78822.6,78889.0,13.35102496,2026-04-22 19:30:00+00:00
1776887100000,78889.0,78996.8,78819.1,78869.1,18.37065799,2026-04-22 19:45:00+00:00
1776888000000,78868.4,78936.1,78773.2,78773.2,19.18475655,2026-04-22 20:00:00+00:00
1776888900000,78773.2,78784.4,78507.5,78625.0,48.29253424,2026-04-22 20:15:00+00:00
1776889800000,78625.0,78644.0,78518.6,78550.5,11.63165377,2026-04-22 20:30:00+00:00
1776890700000,78550.4,78550.5,78436.7,78446.8,26.2257127,2026-04-22 20:45:00+00:00
1776891600000,78448.8,78615.7,78444.8,78606.2,10.02047495,2026-04-22 21:00:00+00:00
1776892500000,78606.2,78615.7,78582.6,78600.0,4.98770133,2026-04-22 21:15:00+00:00
1776893400000,78600.0,78784.3,78600.0,78770.7,32.32821349,2026-04-22 21:30:00+00:00
1776894300000,78770.7,78849.2,78770.6,78789.3,15.83750978,2026-04-22 21:45:00+00:00
1776895200000,78789.2,78850.0,78721.7,78801.8,5.57812446,2026-04-22 22:00:00+00:00
1776896100000,78801.7,78801.8,78559.2,78594.5,20.70473089,2026-04-22 22:15:00+00:00
1776897000000,78571.4,78613.0,78527.1,78550.0,11.7950635,2026-04-22 22:30:00+00:00
1776897900000,78550.0,78663.1,78500.0,78640.3,10.9961023,2026-04-22 22:45:00+00:00
1776898800000,78640.3,78640.3,78500.0,78588.8,8.86241306,2026-04-22 23:00:00+00:00
1776899700000,78588.8,78588.8,78246.9,78362.3,12.20837168,2026-04-22 23:15:00+00:00
1776900600000,78362.2,78362.2,78243.8,78275.6,4.68283713,2026-04-22 23:30:00+00:00
1776901500000,78274.1,78337.4,78200.0,78204.0,11.91450717,2026-04-22 23:45:00+00:00
1776902400000,78204.0,78437.9,77939.6,77939.6,39.81501828,2026-04-23 00:00:00+00:00
1776903300000,77934.6,78495.3,77608.4,78474.7,61.8748684,2026-04-23 00:15:00+00:00
1776904200000,78474.8,78588.8,78360.0,78448.0,9.76546964,2026-04-23 00:30:00+00:00
1776905100000,78448.0,78488.3,78300.7,78415.4,11.81273937,2026-04-23 00:45:00+00:00
1776906000000,78436.6,78467.8,78265.8,78274.7,5.7917807,2026-04-23 01:00:00+00:00
1776906900000,78274.6,78298.3,78100.3,78140.2,14.76394252,2026-04-23 01:15:00+00:00
1776907800000,78129.3,78416.6,78107.7,78301.2,2.6610651,2026-04-23 01:30:00+00:00
1776908700000,78301.1,78440.4,78263.8,78383.0,5.72322682,2026-04-23 01:45:00+00:00
1776909600000,78383.0,78383.0,78198.4,78198.4,5.29388798,2026-04-23 02:00:00+00:00
1776910500000,78198.3,78220.0,78026.0,78056.7,11.37300336,2026-04-23 02:15:00+00:00
1776911400000,78056.7,78116.1,77788.4,77905.0,8.70221042,2026-04-23 02:30:00+00:00
1776912300000,77905.0,78043.1,77793.4,77986.1,3.28054432,2026-04-23 02:45:00+00:00
1776913200000,77967.1,78027.9,77773.6,77773.6,4.30481223,2026-04-23 03:00:00+00:00
1776914100000,77773.6,77773.6,77657.0,77703.5,16.8192614,2026-04-23 03:15:00+00:00
1776915000000,77705.0,77719.3,77517.2,77632.2,11.49921877,2026-04-23 03:30:00+00:00
1776915900000,77632.2,77762.5,77581.4,77752.2,6.85550965,2026-04-23 03:45:00+00:00
1776916800000,77762.5,77898.7,77709.1,77872.1,19.51131142,2026-04-23 04:00:00+00:00
1776917700000,77872.0,77928.7,77790.4,77810.8,11.72554616,2026-04-23 04:15:00+00:00
1776918600000,77810.9,77935.5,77810.9,77902.2,3.17805524,2026-04-23 04:30:00+00:00
1776919500000,77902.2,77942.4,77869.0,77942.4,2.49321254,2026-04-23 04:45:00+00:00
1776920400000,77942.4,78036.6,77942.3,78010.4,10.93836187,2026-04-23 05:00:00+00:00
1776921300000,78010.4,78027.5,77904.7,77917.0,10.6250351,2026-04-23 05:15:00+00:00
1776922200000,77917.0,77917.0,77801.2,77867.3,12.325844,2026-04-23 05:30:00+00:00
1776923100000,77867.3,78107.2,77867.2,78042.9,20.80240346,2026-04-23 05:45:00+00:00
1776924000000,78042.9,78281.2,78042.9,78209.3,12.26028112,2026-04-23 06:00:00+00:00
1776924900000,78209.4,78389.5,78185.5,78311.1,22.51946469,2026-04-23 06:15:00+00:00
1776925800000,78311.0,78354.8,78170.6,78194.4,2.37612916,2026-04-23 06:30:00+00:00
1776926700000,78194.4,78258.1,78128.1,78223.9,5.47675312,2026-04-23 06:45:00+00:00
1776927600000,78223.9,78261.1,78160.2,78167.1,4.29577125,2026-04-23 07:00:00+00:00
1776928500000,78167.1,78201.2,78166.4,78179.9,3.01584039,2026-04-23 07:15:00+00:00
1776929400000,78179.9,78197.9,78079.2,78152.6,2.70853975,2026-04-23 07:30:00+00:00
1776930300000,78152.5,78152.6,78012.6,78033.2,4.11493343,2026-04-23 07:45:00+00:00
1776931200000,78049.7,78179.9,77961.5,78137.4,7.07491155,2026-04-23 08:00:00+00:00
1776932100000,78137.3,78150.6,77981.3,77999.0,3.90078672,2026-04-23 08:15:00+00:00
1776933000000,77999.0,77999.0,77754.9,77755.5,15.96372072,2026-04-23 08:30:00+00:00
1776933900000,77755.4,77911.8,77755.4,77892.6,5.46341955,2026-04-23 08:45:00+00:00
1776934800000,77892.6,77892.6,77481.2,77608.0,16.54739754,2026-04-23 09:00:00+00:00
1776935700000,77605.1,77700.0,77550.3,77615.9,5.47283602,2026-04-23 09:15:00+00:00
1776936600000,77616.0,77776.2,77616.0,77760.9,1.51060038,2026-04-23 09:30:00+00:00
1776937500000,77760.8,77762.5,77577.5,77683.6,2.92885924,2026-04-23 09:45:00+00:00
1776938400000,77683.6,77736.9,77205.6,77247.3,83.01830659,2026-04-23 10:00:00+00:00
1776939300000,77247.2,77399.0,77239.0,77399.0,6.96855554,2026-04-23 10:15:00+00:00
1776940200000,77399.0,77450.4,77377.0,77422.0,3.95646389,2026-04-23 10:30:00+00:00
1776941100000,77422.0,77491.9,77333.0,77417.6,14.95122688,2026-04-23 10:45:00+00:00
1776942000000,77417.6,77510.5,77411.0,77422.9,5.47519538,2026-04-23 11:00:00+00:00
1776942900000,77422.8,77518.9,77406.9,77465.0,9.18196589,2026-04-23 11:15:00+00:00
1776943800000,77465.0,77605.4,77432.1,77605.4,10.13399424,2026-04-23 11:30:00+00:00
1776944700000,77605.4,77754.9,77605.4,77745.2,10.25098639,2026-04-23 11:45:00+00:00
1776945600000,77726.7,77864.8,77726.6,77744.9,11.8958309,2026-04-23 12:00:00+00:00
1776946500000,77744.9,77768.7,77645.9,77768.7,18.67728423,2026-04-23 12:15:00+00:00
1776947400000,77768.7,77885.9,77756.6,77785.1,7.29877502,2026-04-23 12:30:00+00:00
1776948300000,77785.1,77889.3,77580.6,77886.5,11.98976596,2026-04-23 12:45:00+00:00
1776949200000,77886.5,77933.9,77682.9,77700.3,36.2114507,2026-04-23 13:00:00+00:00
1776950100000,77677.2,77744.4,77611.5,77619.3,5.53193164,2026-04-23 13:15:00+00:00
1776951000000,77619.3,77699.8,77564.3,77566.6,5.84648462,2026-04-23 13:30:00+00:00
1776951900000,77566.5,77686.1,77429.2,77554.3,24.61883334,2026-04-23 13:45:00+00:00
1776952800000,77554.3,77665.6,77447.0,77543.7,14.1559812,2026-04-23 14:00:00+00:00
1776953700000,77543.7,77960.4,77511.3,77764.8,19.11246342,2026-04-23 14:15:00+00:00
1776954600000,77758.3,77993.7,77758.3,77931.5,24.5470261,2026-04-23 14:30:00+00:00
1776955500000,77926.5,78222.8,77893.5,78215.8,22.01013926,2026-04-23 14:45:00+00:00
1776956400000,78215.8,78222.8,78014.4,78128.1,17.86380906,2026-04-23 15:00:00+00:00
1776957300000,78128.1,78690.1,78109.3,78414.3,37.56422535,2026-04-23 15:15:00+00:00
1776958200000,78414.3,78637.9,78356.8,78519.3,34.52401743,2026-04-23 15:30:00+00:00
1776959100000,78518.5,78518.5,78297.8,78404.3,15.0496396,2026-04-23 15:45:00+00:00
1776960000000,78407.2,78536.8,78344.7,78344.7,6.72540984,2026-04-23 16:00:00+00:00
1776960900000,78344.6,78459.1,78281.4,78346.0,7.72365861,2026-04-23 16:15:00+00:00
1776961800000,78346.1,78476.0,78312.2,78358.5,31.52743405,2026-04-23 16:30:00+00:00
1776962700000,78360.5,78391.3,78064.3,78135.6,20.21412821,2026-04-23 16:45:00+00:00
1776963600000,78135.5,78207.9,77718.1,77867.8,21.75525088,2026-04-23 17:00:00+00:00
1776964500000,77867.8,77876.3,77600.5,77639.1,46.51740084,2026-04-23 17:15:00+00:00
1776965400000,77639.1,77734.5,77000.0,77193.8,70.05086783,2026-04-23 17:30:00+00:00
1776966300000,77193.9,77845.0,76984.3,77798.4,29.83421284,2026-04-23 17:45:00+00:00
1776967200000,77798.4,78166.4,77785.7,77997.4,17.96180868,2026-04-23 18:00:00+00:00
1776968100000,77997.4,78072.6,77887.5,77947.8,14.46732004,2026-04-23 18:15:00+00:00
1776969000000,77945.0,78143.9,77945.0,78086.4,10.65547152,2026-04-23 18:30:00+00:00
1776969900000,78059.3,78071.7,77710.6,77726.7,19.07835155,2026-04-23 18:45:00+00:00
1776970800000,77709.2,77783.8,77631.8,77743.9,24.18858891,2026-04-23 19:00:00+00:00
1776971700000,77726.1,77896.3,77724.4,77896.1,3.99632794,2026-04-23 19:15:00+00:00
1776972600000,77896.1,77900.0,77663.5,77684.1,15.60649511,2026-04-23 19:30:00+00:00
1776973500000,77684.1,77835.1,77650.7,77757.1,10.26693339,2026-04-23 19:45:00+00:00
1776974400000,77746.7,77920.1,77680.6,77819.5,8.71055878,2026-04-23 20:00:00+00:00
1776975300000,77819.5,77843.8,77719.3,77766.6,10.70566474,2026-04-23 20:15:00+00:00
1776976200000,77763.8,78066.6,77763.7,77998.4,9.4109345,2026-04-23 20:30:00+00:00
1776977100000,78010.6,78045.4,77872.6,77903.0,5.30252133,2026-04-23 20:45:00+00:00
1776978000000,77905.9,77935.5,77847.7,77907.7,3.23433235,2026-04-23 21:00:00+00:00
1776978900000,77907.7,77926.8,77817.7,77923.4,2.48055445,2026-04-23 21:15:00+00:00
1776979800000,77925.6,78092.7,77925.6,78081.0,16.61758541,2026-04-23 21:30:00+00:00
1776980700000,78083.1,78083.1,77906.5,77906.5,4.98893131,2026-04-23 21:45:00+00:00
1776981600000,77901.4,78175.8,77901.3,78096.0,10.57404908,2026-04-23 22:00:00+00:00
1776982500000,78096.0,78276.4,78083.1,78201.0,12.87528642,2026-04-23 22:15:00+00:00
1776983400000,78201.0,78316.7,78200.9,78316.7,7.97569945,2026-04-23 22:30:00+00:00
1776984300000,78316.6,78344.8,78240.0,78262.7,4.72952424,2026-04-23 22:45:00+00:00
1776985200000,78263.8,78263.8,78117.6,78121.6,4.71985828,2026-04-23 23:00:00+00:00
1776986100000,78121.5,78170.7,78063.0,78160.9,1.74795723,2026-04-23 23:15:00+00:00
1776987000000,78161.0,78299.8,78159.1,78271.7,9.38741869,2026-04-23 23:30:00+00:00
1776987900000,78272.0,78300.0,78244.2,78283.6,5.83978773,2026-04-23 23:45:00+00:00
1776988800000,78283.1,78354.3,78208.2,78320.3,11.75296013,2026-04-24 00:00:00+00:00
1776989700000,78320.3,78467.2,78289.0,78424.5,16.45543511,2026-04-24 00:15:00+00:00
1776990600000,78424.5,78499.0,78381.9,78405.5,15.14585855,2026-04-24 00:30:00+00:00
1776991500000,78405.6,78499.0,78349.4,78421.3,16.9261455,2026-04-24 00:45:00+00:00
1776992400000,78421.3,78450.0,78115.1,78177.4,12.773911,2026-04-24 01:00:00+00:00
1776993300000,78177.4,78195.0,78028.8,78062.1,11.11299519,2026-04-24 01:15:00+00:00
1776994200000,78062.1,78172.2,78007.2,78072.1,3.72755589,2026-04-24 01:30:00+00:00
1776995100000,78078.5,78465.9,78053.2,78462.7,7.00318163,2026-04-24 01:45:00+00:00
1776996000000,78460.1,78580.7,78334.2,78420.3,16.12720764,2026-04-24 02:00:00+00:00
1776996900000,78420.3,78420.3,78283.6,78284.3,2.30214957,2026-04-24 02:15:00+00:00
1776997800000,78284.3,78437.4,78277.9,78437.4,6.32395418,2026-04-24 02:30:00+00:00
1776998700000,78437.3,78437.4,78110.5,78168.6,8.40368561,2026-04-24 02:45:00+00:00
1776999600000,78158.4,78197.8,78110.4,78169.1,2.9559266,2026-04-24 03:00:00+00:00
1777000500000,78169.0,78169.1,77727.0,77803.5,19.5260083,2026-04-24 03:15:00+00:00
1777001400000,77795.4,77795.4,77600.0,77671.9,13.53528936,2026-04-24 03:30:00+00:00
1777002300000,77672.0,77765.6,77671.9,77759.6,2.59850389,2026-04-24 03:45:00+00:00
1777003200000,77759.6,77759.6,77718.6,77759.1,9.99975011,2026-04-24 04:00:00+00:00
1777004100000,77759.0,77875.8,77647.5,77663.0,4.61521799,2026-04-24 04:15:00+00:00
1777005000000,77656.6,77687.2,77510.9,77647.3,9.07763672,2026-04-24 04:30:00+00:00
1777005900000,77656.1,77770.4,77640.0,77707.0,2.20807864,2026-04-24 04:45:00+00:00
1777006800000,77707.1,77718.9,77575.6,77600.5,1.93650315,2026-04-24 05:00:00+00:00
1777007700000,77600.4,77657.9,77494.1,77656.2,4.11915801,2026-04-24 05:15:00+00:00
1777008600000,77656.3,77780.0,77656.3,77738.6,5.03448618,2026-04-24 05:30:00+00:00
1777009500000,77734.5,78043.6,77734.5,77975.3,18.65619043,2026-04-24 05:45:00+00:00
1777010400000,77975.4,78008.2,77918.0,77940.0,1.07366724,2026-04-24 06:00:00+00:00
1777011300000,77951.0,77972.1,77863.0,77865.9,2.84967811,2026-04-24 06:15:00+00:00
1777012200000,77865.8,77908.8,77793.8,77845.3,3.22335523,2026-04-24 06:30:00+00:00
1777013100000,77845.3,77936.4,77811.4,77811.4,0.90099138,2026-04-24 06:45:00+00:00
1777014000000,77811.4,77863.1,77791.8,77791.8,0.81553299,2026-04-24 07:00:00+00:00
1777014900000,77784.7,77810.5,77687.9,77732.8,2.69012108,2026-04-24 07:15:00+00:00
1777015800000,77732.8,77749.3,77642.5,77692.7,7.90683242,2026-04-24 07:30:00+00:00
1777016700000,77692.7,77745.2,77578.3,77647.3,22.54908335,2026-04-24 07:45:00+00:00
1777017600000,77662.3,77721.1,77597.2,77721.1,22.94266586,2026-04-24 08:00:00+00:00
1777018500000,77721.1,78028.5,77721.1,77893.4,18.74305116,2026-04-24 08:15:00+00:00
1777019400000,77893.4,77893.4,77764.0,77778.3,1.95231398,2026-04-24 08:30:00+00:00
1777020300000,77778.2,77881.8,77778.2,77813.5,1.50769714,2026-04-24 08:45:00+00:00
1777021200000,77813.5,77820.9,77447.6,77514.1,15.53371137,2026-04-24 09:00:00+00:00
1777022100000,77514.2,77633.9,77491.2,77532.8,8.77449343,2026-04-24 09:15:00+00:00
1777023000000,77532.8,77593.4,77458.7,77573.8,4.74949135,2026-04-24 09:30:00+00:00
1777023900000,77573.8,77573.8,77505.6,77539.4,11.25204944,2026-04-24 09:45:00+00:00
1777024800000,77539.4,77542.8,77480.3,77525.0,3.73796553,2026-04-24 10:00:00+00:00
1777025700000,77525.0,77750.7,77525.0,77709.1,19.23097937,2026-04-24 10:15:00+00:00
1777026600000,77709.2,77709.2,77655.6,77671.1,4.63921451,2026-04-24 10:30:00+00:00
1777027500000,77671.1,77791.9,77659.9,77777.3,5.47117061,2026-04-24 10:45:00+00:00
1777028400000,77777.4,78311.3,77777.3,78231.5,37.17892679,2026-04-24 11:00:00+00:00
1777029300000,78231.6,78335.5,78104.9,78328.7,34.07333231,2026-04-24 11:15:00+00:00
1777030200000,78328.6,78394.1,78263.7,78309.3,12.26795518,2026-04-24 11:30:00+00:00
1777031100000,78309.2,78309.2,78191.6,78264.1,11.5616844,2026-04-24 11:45:00+00:00
1777032000000,78264.1,78337.6,78210.5,78334.6,11.4931623,2026-04-24 12:00:00+00:00
1777032900000,78334.6,78350.0,78230.8,78289.1,11.99535216,2026-04-24 12:15:00+00:00
1777033800000,78289.2,78301.5,78184.6,78206.9,10.03685461,2026-04-24 12:30:00+00:00
1777034700000,78206.9,78277.3,78033.4,78263.9,15.71636743,2026-04-24 12:45:00+00:00
1777035600000,78277.3,78476.6,78277.3,78372.0,28.9948227,2026-04-24 13:00:00+00:00
1777036500000,78372.1,78425.2,78168.3,78204.8,5.37816113,2026-04-24 13:15:00+00:00
1777037400000,78204.8,78300.0,78099.0,78186.3,13.86400575,2026-04-24 13:30:00+00:00
1777038300000,78186.4,78248.7,77921.6,78112.6,13.56399256,2026-04-24 13:45:00+00:00
1777039200000,78112.6,78112.6,77810.1,77902.4,44.23501884,2026-04-24 14:00:00+00:00
1777040100000,77902.4,78048.8,77708.0,77731.0,25.29942021,2026-04-24 14:15:00+00:00
1777041000000,77737.0,78039.7,77706.4,78003.8,55.52204156,2026-04-24 14:30:00+00:00
1777041900000,78003.8,78088.7,77924.4,78069.8,110.83938954,2026-04-24 14:45:00+00:00
1777042800000,78069.7,78072.7,77615.1,77752.9,36.29258332,2026-04-24 15:00:00+00:00
1777043700000,77752.9,77898.9,77714.5,77850.5,8.56288892,2026-04-24 15:15:00+00:00
1777044600000,77851.5,78020.9,77748.7,78014.3,8.17257345,2026-04-24 15:30:00+00:00
1777045500000,78005.4,78250.0,77956.1,78060.0,49.59831381,2026-04-24 15:45:00+00:00
1777046400000,78060.0,78080.0,77826.9,77826.9,8.01908031,2026-04-24 16:00:00+00:00
1777047300000,77825.1,77825.1,77661.8,77724.1,48.31751924,2026-04-24 16:15:00+00:00
1777048200000,77724.1,77921.4,77615.2,77727.5,2.9183098,2026-04-24 16:30:00+00:00
1777049100000,77727.6,77807.8,77649.0,77806.7,6.42979472,2026-04-24 16:45:00+00:00
1777050000000,77806.8,77806.8,77655.0,77751.7,6.35165956,2026-04-24 17:00:00+00:00
1777050900000,77751.6,77772.6,77613.9,77702.8,9.27969299,2026-04-24 17:15:00+00:00
1777051800000,77702.9,77736.2,77521.8,77620.9,14.63786077,2026-04-24 17:30:00+00:00
1777052700000,77620.9,77835.9,77588.1,77686.9,12.60611072,2026-04-24 17:45:00+00:00
1777053600000,77686.9,77725.4,77578.9,77578.9,7.09089002,2026-04-24 18:00:00+00:00
1777054500000,77578.8,77578.8,77384.7,77530.3,19.77179938,2026-04-24 18:15:00+00:00
1777055400000,77521.9,77659.7,77504.4,77578.3,5.61255176,2026-04-24 18:30:00+00:00
1777056300000,77578.3,77630.8,77575.8,77630.8,4.72381621,2026-04-24 18:45:00+00:00
1777057200000,77632.4,77759.7,77584.1,77615.2,12.40877427,2026-04-24 19:00:00+00:00
1777058100000,77615.2,77701.0,77552.5,77598.3,7.79678948,2026-04-24 19:15:00+00:00
1777059000000,77598.3,77661.3,77598.2,77642.0,5.31386923,2026-04-24 19:30:00+00:00
1777059900000,77641.9,77643.5,77570.9,77631.9,103.07355165,2026-04-24 19:45:00+00:00
1777060800000,77631.9,77638.8,77553.5,77638.7,4.48492321,2026-04-24 20:00:00+00:00
1777061700000,77638.8,77650.0,77486.8,77568.6,3.93118707,2026-04-24 20:15:00+00:00
1777062600000,77568.7,77669.4,77568.6,77650.0,108.03097618,2026-04-24 20:30:00+00:00
1777063500000,77650.0,77788.0,77649.9,77741.2,108.72478301,2026-04-24 20:45:00+00:00
1777064400000,77741.2,77770.0,77619.8,77619.8,18.33596184,2026-04-24 21:00:00+00:00
1777065300000,77619.8,77662.0,77603.2,77659.0,2.59874228,2026-04-24 21:15:00+00:00
1777066200000,77659.0,77659.0,77577.9,77607.7,5.04125181,2026-04-24 21:30:00+00:00
1777067100000,77600.0,77615.9,77570.9,77590.0,7.69663376,2026-04-24 21:45:00+00:00
1777068000000,77590.1,77630.0,77568.6,77630.0,6.89719748,2026-04-24 22:00:00+00:00
1777068900000,77630.0,77631.5,77582.5,77590.3,4.30759663,2026-04-24 22:15:00+00:00
1777069800000,77590.4,77590.4,77282.6,77321.4,14.64121501,2026-04-24 22:30:00+00:00
1777070700000,77321.5,77399.6,77321.5,77356.8,4.80294467,2026-04-24 22:45:00+00:00
1777071600000,77356.9,77426.1,77356.8,77416.2,6.23971142,2026-04-24 23:00:00+00:00
1777072500000,77416.2,77436.1,77370.7,77436.1,7.67775225,2026-04-24 23:15:00+00:00
1777073400000,77436.1,77475.0,77422.1,77455.2,5.08111543,2026-04-24 23:30:00+00:00
1777074300000,77455.2,77459.6,77437.9,77455.0,5.17539798,2026-04-24 23:45:00+00:00
1777075200000,77455.0,77500.0,77439.5,77441.6,7.58319671,2026-04-25 00:00:00+00:00
1777076100000,77441.6,77441.6,77333.1,77334.7,3.47523171,2026-04-25 00:15:00+00:00
1777077000000,77334.7,77446.8,77334.6,77395.7,8.16846963,2026-04-25 00:30:00+00:00
1777077900000,77397.5,77476.4,77397.5,77476.4,0.41480452,2026-04-25 00:45:00+00:00
1777078800000,77476.4,77548.7,77457.2,77542.6,4.2393928,2026-04-25 01:00:00+00:00
1777079700000,77542.6,77550.0,77496.4,77510.2,1.7599262,2026-04-25 01:15:00+00:00
1777080600000,77510.2,77588.2,77510.1,77584.3,0.44602758,2026-04-25 01:30:00+00:00
1777081500000,77588.4,77635.4,77575.8,77575.9,0.53180615,2026-04-25 01:45:00+00:00
1777082400000,77575.9,77650.0,77544.0,77587.4,7.62267568,2026-04-25 02:00:00+00:00
1777083300000,77575.9,77661.4,77568.7,77661.4,8.21653012,2026-04-25 02:15:00+00:00
1777084200000,77661.3,77673.7,77660.0,77660.0,1.02450081,2026-04-25 02:30:00+00:00
1777085100000,77660.0,77660.1,77651.2,77651.2,1.50707694,2026-04-25 02:45:00+00:00
1777086000000,77651.3,77711.4,77600.0,77600.1,6.84347769,2026-04-25 03:00:00+00:00
1777086900000,77600.1,77622.3,77591.0,77591.0,0.42458858,2026-04-25 03:15:00+00:00
1777087800000,77591.1,77713.0,77591.0,77708.8,1.84131048,2026-04-25 03:30:00+00:00
1777088700000,77708.8,77732.5,77680.7,77680.8,2.61323677,2026-04-25 03:45:00+00:00
1777089600000,77680.8,77706.6,77668.3,77702.5,3.84266102,2026-04-25 04:00:00+00:00
1777090500000,77702.5,77702.5,77668.4,77673.0,0.71848551,2026-04-25 04:15:00+00:00
1777091400000,77673.0,77673.1,77635.2,77637.2,1.35277916,2026-04-25 04:30:00+00:00
1777092300000,77637.2,77653.7,77637.1,77653.7,0.11658349,2026-04-25 04:45:00+00:00
1777093200000,77653.7,77653.7,77509.8,77528.8,1.33638143,2026-04-25 05:00:00+00:00
1777094100000,77528.8,77548.9,77528.7,77528.7,0.68188424,2026-04-25 05:15:00+00:00
1777095000000,77513.4,77577.2,77513.3,77576.7,0.70530152,2026-04-25 05:30:00+00:00
1777095900000,77576.7,77576.7,77546.0,77546.1,0.35944669,2026-04-25 05:45:00+00:00
1777096800000,77546.1,77583.7,77546.0,77570.8,2.26330925,2026-04-25 06:00:00+00:00
1777097700000,77570.9,77570.9,77521.0,77521.1,1.58754204,2026-04-25 06:15:00+00:00
1777098600000,77521.1,77577.3,77521.0,77547.9,1.38747155,2026-04-25 06:30:00+00:00
1777099500000,77547.9,77606.5,77545.0,77545.0,2.62330973,2026-04-25 06:45:00+00:00
1777100400000,77543.7,77543.7,77470.6,77502.5,1.69723759,2026-04-25 07:00:00+00:00
1777101300000,77502.4,77544.9,77502.4,77543.2,3.03555904,2026-04-25 07:15:00+00:00
1777102200000,77549.9,77586.7,77540.5,77559.7,1.03051705,2026-04-25 07:30:00+00:00
1777103100000,77549.2,77578.1,77528.3,77528.4,1.07264005,2026-04-25 07:45:00+00:00
1777104000000,77528.4,77599.0,77509.9,77579.6,0.59499663,2026-04-25 08:00:00+00:00
1777104900000,77579.6,77588.9,77571.1,77588.9,1.557421,2026-04-25 08:15:00+00:00
1777105800000,77588.9,77675.0,77588.8,77659.0,0.64040595,2026-04-25 08:30:00+00:00
1777106700000,77659.1,77659.1,77635.2,77649.4,0.94032335,2026-04-25 08:45:00+00:00
1777107600000,77660.2,77660.2,77633.2,77640.0,0.67705118,2026-04-25 09:00:00+00:00
1777108500000,77640.0,77640.0,77621.1,77621.2,1.5871592,2026-04-25 09:15:00+00:00
1777109400000,77621.2,77754.9,77621.1,77754.9,3.63703702,2026-04-25 09:30:00+00:00
1777110300000,77754.8,77794.7,77736.1,77736.2,6.47341298,2026-04-25 09:45:00+00:00
1777111200000,77736.2,77798.2,77736.1,77788.3,13.03766171,2026-04-25 10:00:00+00:00
1777112100000,77788.3,77858.8,77788.2,77848.3,3.97373234,2026-04-25 10:15:00+00:00
1777113000000,77848.3,77876.3,77812.8,77812.9,0.65240235,2026-04-25 10:30:00+00:00
1777113900000,77812.9,77838.4,77800.3,77801.5,3.78005615,2026-04-25 10:45:00+00:00
1777114800000,77801.5,77801.5,77786.2,77786.2,16.0043537,2026-04-25 11:00:00+00:00
1777115700000,77786.2,77786.3,77675.0,77689.9,6.10585879,2026-04-25 11:15:00+00:00
1777116600000,77690.0,77705.0,77659.0,77676.2,1.49303471,2026-04-25 11:30:00+00:00
1777117500000,77676.1,77715.8,77638.4,77696.8,1.39808447,2026-04-25 11:45:00+00:00
1777118400000,77696.8,77737.2,77665.8,77705.2,5.54290064,2026-04-25 12:00:00+00:00
1777119300000,77705.2,77725.6,77644.6,77645.1,2.2489562,2026-04-25 12:15:00+00:00
1777120200000,77641.2,77641.2,77580.0,77580.0,4.78655319,2026-04-25 12:30:00+00:00
1777121100000,77580.1,77583.5,77580.0,77581.4,0.70950686,2026-04-25 12:45:00+00:00
1777122000000,77581.4,77656.3,77580.0,77652.0,3.11789307,2026-04-25 13:00:00+00:00
1777122900000,77652.0,77656.8,77627.8,77640.0,0.83589035,2026-04-25 13:15:00+00:00
1777123800000,77640.1,77681.8,77615.2,77681.8,13.85820958,2026-04-25 13:30:00+00:00
1777124700000,77683.1,77726.0,77676.2,77715.7,9.08218858,2026-04-25 13:45:00+00:00
1777125600000,77715.7,77747.4,77653.1,77676.3,43.83269701,2026-04-25 14:00:00+00:00
1777126500000,77685.8,77755.1,77680.5,77747.5,1.46142416,2026-04-25 14:15:00+00:00
1777127400000,77747.5,77762.7,77747.3,77762.6,2.73937635,2026-04-25 14:30:00+00:00
1777128300000,77762.7,77785.9,77664.1,77666.3,12.61620346,2026-04-25 14:45:00+00:00
1777129200000,77666.4,77697.6,77666.3,77689.9,1.35988726,2026-04-25 15:00:00+00:00
1777130100000,77689.8,77720.7,77687.8,77720.7,0.53101269,2026-04-25 15:15:00+00:00
1777131000000,77720.7,77720.7,77689.9,77690.0,2.55178071,2026-04-25 15:30:00+00:00
1777131900000,77690.0,77690.0,77354.9,77365.0,13.96203846,2026-04-25 15:45:00+00:00
1777132800000,77365.1,77479.3,77309.9,77474.3,7.77750175,2026-04-25 16:00:00+00:00
1777133700000,77474.4,77476.3,77354.6,77420.8,35.8836157,2026-04-25 16:15:00+00:00
1777134600000,77420.8,77437.0,77145.3,77400.8,24.0137105,2026-04-25 16:30:00+00:00
1777135500000,77400.8,77431.3,77369.5,77429.6,3.10298775,2026-04-25 16:45:00+00:00
1777136400000,77429.6,77429.6,77380.0,77380.1,2.4004848,2026-04-25 17:00:00+00:00
1777137300000,77380.1,77417.7,77329.4,77351.6,2.46328454,2026-04-25 17:15:00+00:00
1777138200000,77351.6,77359.0,77264.0,77330.4,2.0659471,2026-04-25 17:30:00+00:00
1777139100000,77330.4,77330.4,77250.0,77276.8,5.82647705,2026-04-25 17:45:00+00:00
1777140000000,77276.8,77326.7,77250.0,77304.8,6.37514341,2026-04-25 18:00:00+00:00
1777140900000,77304.8,77348.4,77300.0,77344.6,1.46205296,2026-04-25 18:15:00+00:00
1777141800000,77344.6,77400.2,77344.5,77352.4,9.03791344,2026-04-25 18:30:00+00:00
1777142700000,77352.3,77374.9,77324.2,77327.7,5.64754177,2026-04-25 18:45:00+00:00
1777143600000,77320.5,77349.0,77298.5,77342.4,5.47935933,2026-04-25 19:00:00+00:00
1777144500000,77342.3,77352.2,77282.5,77282.5,6.04127071,2026-04-25 19:15:00+00:00
1777145400000,77282.5,77282.6,77199.7,77208.7,5.38321918,2026-04-25 19:30:00+00:00
1777146300000,77208.6,77342.3,77208.4,77342.3,2.98919742,2026-04-25 19:45:00+00:00
1777147200000,77342.3,77390.4,77326.7,77387.7,3.64791607,2026-04-25 20:00:00+00:00
1777148100000,77387.7,77441.7,77375.0,77428.2,3.89509003,2026-04-25 20:15:00+00:00
1777149000000,77428.2,77437.3,77414.3,77434.7,1.87595769,2026-04-25 20:30:00+00:00
1777149900000,77434.8,77500.0,77434.7,77500.0,5.02521972,2026-04-25 20:45:00+00:00
1777150800000,77499.9,77529.6,77499.9,77521.7,16.57970676,2026-04-25 21:00:00+00:00
1777151700000,77521.7,77544.0,77506.4,77517.7,5.59918151,2026-04-25 21:15:00+00:00
1777152600000,77517.7,77520.0,77428.2,77464.9,3.50845356,2026-04-25 21:30:00+00:00
1777153500000,77464.9,77540.5,77464.9,77540.5,0.78768349,2026-04-25 21:45:00+00:00
1777154400000,77540.5,77564.6,77517.6,77534.6,14.34270533,2026-04-25 22:00:00+00:00
1777155300000,77534.7,77587.5,77534.6,77577.7,6.62473953,2026-04-25 22:15:00+00:00
1777156200000,77576.8,77643.0,77576.8,77599.6,5.6052584,2026-04-25 22:30:00+00:00
1777157100000,77607.7,77607.7,77549.6,77580.7,0.96195187,2026-04-25 22:45:00+00:00
1777158000000,77580.7,77638.5,77544.8,77615.4,3.83085914,2026-04-25 23:00:00+00:00
1777158900000,77615.4,77615.4,77590.0,77614.4,1.0034717,2026-04-25 23:15:00+00:00
1777159800000,77614.3,77653.9,77614.3,77634.9,1.63560558,2026-04-25 23:30:00+00:00
1777160700000,77634.9,77648.5,77623.2,77648.5,1.48227187,2026-04-25 23:45:00+00:00
1777161600000,77648.5,77661.6,77529.5,77571.2,5.20374866,2026-04-26 00:00:00+00:00
1777162500000,77571.2,77571.2,77500.0,77500.1,0.36829876,2026-04-26 00:15:00+00:00
1777163400000,77500.1,77574.5,77478.4,77553.8,4.01557356,2026-04-26 00:30:00+00:00
1777164300000,77553.8,77613.3,77499.0,77533.8,0.78126909,2026-04-26 00:45:00+00:00
1777165200000,77533.8,77542.9,77517.5,77525.8,1.56470823,2026-04-26 01:00:00+00:00
1777166100000,77525.8,77587.4,77525.5,77525.5,0.59337004,2026-04-26 01:15:00+00:00
1777167000000,77528.5,77563.5,77522.4,77559.9,0.45865878,2026-04-26 01:30:00+00:00
1777167900000,77559.9,77564.0,77481.0,77481.0,0.40040863,2026-04-26 01:45:00+00:00
1777168800000,77481.1,77593.1,77481.0,77585.5,1.68416821,2026-04-26 02:00:00+00:00
1777169700000,77585.4,77605.0,77538.8,77576.8,2.13515723,2026-04-26 02:15:00+00:00
1777170600000,77576.7,77604.6,77544.3,77544.4,0.37194093,2026-04-26 02:30:00+00:00
1777171500000,77544.4,77544.4,77509.2,77518.4,0.51344074,2026-04-26 02:45:00+00:00
1777172400000,77522.2,77533.3,77510.8,77533.3,0.48530929,2026-04-26 03:00:00+00:00
1777173300000,77533.3,77561.1,77451.2,77454.4,1.29358986,2026-04-26 03:15:00+00:00
1777174200000,77454.4,77454.4,77356.2,77375.3,11.78721313,2026-04-26 03:30:00+00:00
1777175100000,77375.2,77411.0,77375.2,77402.3,9.51921321,2026-04-26 03:45:00+00:00
1777176000000,77402.3,77506.7,77395.8,77503.1,2.09917028,2026-04-26 04:00:00+00:00
1777176900000,77503.2,77503.2,77488.8,77488.8,1.89995267,2026-04-26 04:15:00+00:00
1777177800000,77489.1,77534.4,77452.7,77526.9,5.50525497,2026-04-26 04:30:00+00:00
1777178700000,77526.9,77815.0,77526.9,77790.1,4.26345107,2026-04-26 04:45:00+00:00
1777179600000,77790.1,78147.0,77750.0,78146.9,33.6373986,2026-04-26 05:00:00+00:00
1777180500000,78142.5,78193.6,78043.2,78117.2,6.68963479,2026-04-26 05:15:00+00:00
1777181400000,78117.3,78179.3,78042.6,78070.0,3.27099062,2026-04-26 05:30:00+00:00
1777182300000,78070.0,78070.0,77998.0,77998.8,3.8016556,2026-04-26 05:45:00+00:00
1777183200000,77998.8,78054.8,77998.7,78030.2,4.1583365,2026-04-26 06:00:00+00:00
1777184100000,78030.1,78030.2,77946.1,77967.9,1.83272438,2026-04-26 06:15:00+00:00
1777185000000,77960.8,78043.1,77960.1,78043.1,1.52146191,2026-04-26 06:30:00+00:00
1777185900000,78043.1,78043.1,77925.1,78009.9,1.06825179,2026-04-26 06:45:00+00:00
1777186800000,78010.0,78037.8,78009.9,78026.7,19.84116013,2026-04-26 07:00:00+00:00
1777187700000,78024.6,78029.8,78010.6,78029.8,0.63329391,2026-04-26 07:15:00+00:00
1777188600000,78029.8,78029.8,77985.3,77998.9,2.00532123,2026-04-26 07:30:00+00:00
1777189500000,77998.9,78111.1,77997.3,78111.1,16.50968509,2026-04-26 07:45:00+00:00
1777190400000,78111.1,78132.2,78075.5,78075.6,1.10202913,2026-04-26 08:00:00+00:00
1777191300000,78075.6,78108.3,78075.0,78108.3,2.10705843,2026-04-26 08:15:00+00:00
1777192200000,78108.3,78231.8,78056.3,78056.3,14.33069144,2026-04-26 08:30:00+00:00
1777193100000,78056.3,78064.2,78042.8,78056.8,4.2704092,2026-04-26 08:45:00+00:00
1777194000000,78056.9,78056.9,78000.0,78000.0,1.50566487,2026-04-26 09:00:00+00:00
1777194900000,78000.1,78051.0,78000.1,78021.9,15.06044728,2026-04-26 09:15:00+00:00
1777195800000,78022.0,78022.0,77953.7,77967.7,4.21764331,2026-04-26 09:30:00+00:00
1777196700000,77967.7,77988.0,77960.4,77980.0,23.16296245,2026-04-26 09:45:00+00:00
1777197600000,77980.0,78050.0,77968.1,78049.9,2.65795661,2026-04-26 10:00:00+00:00
1777198500000,78050.0,78050.0,78031.1,78031.2,0.82138952,2026-04-26 10:15:00+00:00
1777199400000,78031.2,78031.2,78000.0,78010.6,2.24818766,2026-04-26 10:30:00+00:00
1777200300000,78010.0,78010.0,78000.0,78000.0,0.52480365,2026-04-26 10:45:00+00:00
1777201200000,78000.1,78081.1,78000.0,78056.3,5.76934173,2026-04-26 11:00:00+00:00
1777202100000,78056.2,78165.9,78040.8,78147.0,1.26902158,2026-04-26 11:15:00+00:00
1777203000000,78146.9,78147.0,78086.6,78098.7,13.37445189,2026-04-26 11:30:00+00:00
1777203900000,78098.5,78138.4,78061.5,78120.9,5.21120664,2026-04-26 11:45:00+00:00
1777204800000,78120.9,78120.9,78000.0,78000.0,0.60298085,2026-04-26 12:00:00+00:00
1777205700000,78000.0,78021.8,77999.9,78000.0,4.17587692,2026-04-26 12:15:00+00:00
1777206600000,77999.9,78000.0,77965.1,77965.2,1.48644815,2026-04-26 12:30:00+00:00
1777207500000,77965.2,77965.2,77759.2,77847.6,27.95784566,2026-04-26 12:45:00+00:00
1777208400000,77847.6,77939.6,77809.9,77925.3,7.28549,2026-04-26 13:00:00+00:00
1777209300000,77925.3,77955.2,77855.2,77890.8,7.88901914,2026-04-26 13:15:00+00:00
1777210200000,77890.8,78007.0,77890.7,77986.4,6.02925565,2026-04-26 13:30:00+00:00
1777211100000,77986.4,77986.4,77946.9,77971.0,0.84233966,2026-04-26 13:45:00+00:00
1777212000000,77971.0,77977.7,77888.0,77966.7,4.12469969,2026-04-26 14:00:00+00:00
1777212900000,77972.6,78174.6,77947.0,78075.4,8.72920614,2026-04-26 14:15:00+00:00
1777213800000,78075.4,78138.2,78021.0,78066.2,3.62036881,2026-04-26 14:30:00+00:00
1777214700000,78066.3,78171.0,78020.0,78103.8,16.95149493,2026-04-26 14:45:00+00:00
1777215600000,78103.9,78129.9,78046.5,78107.0,1.03546482,2026-04-26 15:00:00+00:00
1777216500000,78107.1,78139.2,78024.7,78091.1,12.29999325,2026-04-26 15:15:00+00:00
1777217400000,78091.2,78132.6,78050.0,78065.1,2.06360444,2026-04-26 15:30:00+00:00
1777218300000,78065.2,78079.7,78033.1,78068.9,1.15251354,2026-04-26 15:45:00+00:00
1777219200000,78068.9,78092.4,78016.6,78061.4,8.63930919,2026-04-26 16:00:00+00:00
1777220100000,78061.4,78070.9,78052.9,78068.6,2.27480287,2026-04-26 16:15:00+00:00
1777221000000,78068.6,78095.0,78012.0,78019.7,8.04322378,2026-04-26 16:30:00+00:00
1777221900000,78019.7,78055.0,77957.4,77957.5,1.98503001,2026-04-26 16:45:00+00:00
1777222800000,77957.5,78037.0,77856.7,78030.0,16.4512484,2026-04-26 17:00:00+00:00
1777223700000,78030.0,78068.9,78009.9,78043.5,4.07168277,2026-04-26 17:15:00+00:00
1777224600000,78043.5,78043.5,77983.5,78033.5,3.55152634,2026-04-26 17:30:00+00:00
1777225500000,78033.6,78070.8,78033.5,78049.7,2.01723629,2026-04-26 17:45:00+00:00
1777226400000,78049.7,78184.0,78028.0,78110.1,28.13366784,2026-04-26 18:00:00+00:00
1777227300000,78110.0,78363.7,78110.0,78203.7,19.44834752,2026-04-26 18:15:00+00:00
1777228200000,78203.7,78255.9,78181.6,78238.8,2.35406595,2026-04-26 18:30:00+00:00
1777229100000,78238.9,78307.0,78223.1,78301.4,9.11207839,2026-04-26 18:45:00+00:00
1777230000000,78301.4,78420.9,78218.5,78397.2,15.73575511,2026-04-26 19:00:00+00:00
1777230900000,78397.5,78500.2,78054.9,78220.0,19.44018425,2026-04-26 19:15:00+00:00
1777231800000,78219.9,78239.8,78087.9,78209.2,14.1384218,2026-04-26 19:30:00+00:00
1777232700000,78209.2,78298.2,78209.1,78263.4,3.42320996,2026-04-26 19:45:00+00:00
1777233600000,78263.4,78280.4,78220.3,78220.3,1.59070958,2026-04-26 20:00:00+00:00
1777234500000,78220.4,78259.1,78190.7,78255.1,2.81542485,2026-04-26 20:15:00+00:00
1777235400000,78255.1,78400.0,78255.1,78326.3,11.48180724,2026-04-26 20:30:00+00:00
1777236300000,78313.6,78375.7,78224.8,78227.1,10.7363748,2026-04-26 20:45:00+00:00
1777237200000,78227.0,78311.1,78218.2,78273.1,1.85490446,2026-04-26 21:00:00+00:00
1777238100000,78273.1,78294.5,78219.8,78219.8,0.937511,2026-04-26 21:15:00+00:00
1777239000000,78219.9,78219.9,77966.7,77987.5,14.42423736,2026-04-26 21:30:00+00:00
1777239900000,77987.5,78964.8,77885.7,78417.9,62.01749121,2026-04-26 21:45:00+00:00
1777240800000,78424.4,78594.4,78385.4,78583.7,17.53175349,2026-04-26 22:00:00+00:00
1777241700000,78583.7,78843.0,78530.8,78534.7,19.37734903,2026-04-26 22:15:00+00:00
1777242600000,78559.4,78559.4,78016.7,78274.9,12.63388785,2026-04-26 22:30:00+00:00
1777243500000,78286.9,78443.7,78286.9,78350.5,5.02601376,2026-04-26 22:45:00+00:00
1777244400000,78350.4,78413.4,78290.2,78379.1,4.84731105,2026-04-26 23:00:00+00:00
1777245300000,78379.1,78481.6,78180.1,78180.1,7.42891613,2026-04-26 23:15:00+00:00
1777246200000,78180.0,78608.6,78064.4,78608.5,8.35037286,2026-04-26 23:30:00+00:00
1777247100000,78608.6,78919.8,78608.6,78653.8,32.70741756,2026-04-26 23:45:00+00:00
1777248000000,78653.8,78873.5,78595.8,78595.8,15.30181212,2026-04-27 00:00:00+00:00
1777248900000,78595.9,78645.3,78415.1,78527.7,39.44270519,2026-04-27 00:15:00+00:00
1777249800000,78518.7,78836.9,78441.0,78821.7,5.92727285,2026-04-27 00:30:00+00:00
1777250700000,78821.8,79357.3,78813.8,79279.0,102.76242886,2026-04-27 00:45:00+00:00
1777251600000,79278.4,79481.2,79126.2,79133.7,28.64079705,2026-04-27 01:00:00+00:00
1777252500000,79133.6,79133.7,78769.1,78915.6,14.4690588,2026-04-27 01:15:00+00:00
1777253400000,78915.7,79152.9,78875.3,79061.6,14.11750761,2026-04-27 01:30:00+00:00
1777254300000,79061.6,79376.4,79061.6,79271.5,20.15857404,2026-04-27 01:45:00+00:00
1777255200000,79290.2,79299.3,79078.1,79220.0,15.87887174,2026-04-27 02:00:00+00:00
1777256100000,79220.0,79267.9,79063.5,79113.9,4.5169041,2026-04-27 02:15:00+00:00
1777257000000,79114.0,79266.9,79058.7,79078.4,2.93723244,2026-04-27 02:30:00+00:00
1777257900000,79078.5,79219.1,79078.5,79161.8,16.63618426,2026-04-27 02:45:00+00:00
1777258800000,79161.8,79253.7,79100.1,79244.5,3.56496756,2026-04-27 03:00:00+00:00
1777259700000,79244.5,79287.6,79178.7,79273.0,11.69879964,2026-04-27 03:15:00+00:00
1777260600000,79273.0,79311.1,79190.8,79234.9,3.81017957,2026-04-27 03:30:00+00:00
1777261500000,79235.0,79249.9,79108.1,79110.0,4.82630192,2026-04-27 03:45:00+00:00
1777262400000,79110.0,79140.1,79021.9,79070.3,11.69395909,2026-04-27 04:00:00+00:00
1777263300000,79070.3,79128.1,79041.2,79126.7,12.17985567,2026-04-27 04:15:00+00:00
1777264200000,79126.8,79150.1,79049.8,79090.2,4.80836655,2026-04-27 04:30:00+00:00
1777265100000,79090.2,79090.2,78901.2,78925.0,4.25912766,2026-04-27 04:45:00+00:00
1777266000000,78925.0,78946.5,78429.6,78429.7,34.55212184,2026-04-27 05:00:00+00:00
1777266900000,78429.6,78429.6,77832.7,77879.7,145.51217625,2026-04-27 05:15:00+00:00
1777267800000,77863.4,77879.7,77601.0,77797.3,36.66856185,2026-04-27 05:30:00+00:00
1777268700000,77797.3,77857.0,77759.5,77800.1,19.10247283,2026-04-27 05:45:00+00:00
1777269600000,77800.1,77808.4,77683.1,77745.4,13.06310134,2026-04-27 06:00:00+00:00
1777270500000,77745.3,77900.1,77707.0,77771.3,46.43791784,2026-04-27 06:15:00+00:00
1777271400000,77755.3,77755.3,77500.0,77636.6,27.53542071,2026-04-27 06:30:00+00:00
1777272300000,77636.7,77743.1,77636.6,77723.9,2.18406068,2026-04-27 06:45:00+00:00
1777273200000,77723.9,77727.6,77570.9,77637.9,4.7954617,2026-04-27 07:00:00+00:00
1777274100000,77649.6,77727.5,77592.7,77683.7,15.65766696,2026-04-27 07:15:00+00:00
1777275000000,77683.7,77694.3,77608.3,77675.0,4.84948219,2026-04-27 07:30:00+00:00
1777275900000,77675.0,77769.2,77650.0,77650.0,55.56025256,2026-04-27 07:45:00+00:00
1777276800000,77650.1,77727.4,77628.0,77652.3,4.44464045,2026-04-27 08:00:00+00:00
1777277700000,77652.3,77703.0,77602.0,77602.1,12.84813754,2026-04-27 08:15:00+00:00
1777278600000,77602.1,77659.0,77588.4,77640.3,0.88057073,2026-04-27 08:30:00+00:00
1777279500000,77640.3,77808.0,77640.3,77807.9,37.44443934,2026-04-27 08:45:00+00:00
1777280400000,77808.0,77850.0,77801.0,77825.2,13.37437882,2026-04-27 09:00:00+00:00
1777281300000,77847.4,77850.0,77724.9,77766.7,1.2744346,2026-04-27 09:15:00+00:00
1777282200000,77766.6,77953.9,77766.6,77952.4,13.9813758,2026-04-27 09:30:00+00:00
1777283100000,77952.5,77969.8,77906.6,77910.1,5.14094162,2026-04-27 09:45:00+00:00
1777284000000,77910.1,77940.6,77815.8,77832.4,8.65569204,2026-04-27 10:00:00+00:00
1777284900000,77832.3,77839.1,77815.0,77815.1,1.10524447,2026-04-27 10:15:00+00:00
1777285800000,77815.1,77921.0,77815.0,77890.0,23.21841826,2026-04-27 10:30:00+00:00
1777286700000,77890.1,77901.5,77842.7,77864.1,13.79466707,2026-04-27 10:45:00+00:00
1777287600000,77864.2,77889.6,77741.1,77756.5,7.09043629,2026-04-27 11:00:00+00:00
1777288500000,77778.8,77900.1,77771.3,77864.5,10.41848853,2026-04-27 11:15:00+00:00
1777289400000,77864.6,77883.9,77787.3,77798.2,17.14129704,2026-04-27 11:30:00+00:00
1777290300000,77798.2,77850.0,77798.1,77840.8,8.01717087,2026-04-27 11:45:00+00:00
1777291200000,77840.8,77902.7,77743.1,77827.4,14.20414149,2026-04-27 12:00:00+00:00
1777292100000,77827.4,77855.9,77716.5,77750.3,10.2142168,2026-04-27 12:15:00+00:00
1777293000000,77750.2,77768.1,77646.8,77756.9,13.89908288,2026-04-27 12:30:00+00:00
1777293900000,77757.0,77764.1,77633.1,77645.1,4.41052801,2026-04-27 12:45:00+00:00
1777294800000,77662.5,77770.6,77655.1,77716.4,7.66939481,2026-04-27 13:00:00+00:00
1777295700000,77716.3,77793.6,77670.1,77718.4,1.7064923,2026-04-27 13:15:00+00:00
1777296600000,77718.4,77966.0,77660.0,77853.4,28.83054943,2026-04-27 13:30:00+00:00
1777297500000,77853.5,77853.5,77590.0,77751.5,17.47656912,2026-04-27 13:45:00+00:00
1777298400000,77751.6,77904.2,77700.1,77846.6,35.74132786,2026-04-27 14:00:00+00:00
1777299300000,77846.7,77930.3,77846.6,77890.7,5.65081758,2026-04-27 14:15:00+00:00
1777300200000,77890.7,78199.9,77864.9,78163.5,241.0672138,2026-04-27 14:30:00+00:00
1777301100000,78163.5,78252.7,77800.0,77813.5,17.30392299,2026-04-27 14:45:00+00:00
1777302000000,77813.5,77828.8,77300.0,77380.7,74.26977378,2026-04-27 15:00:00+00:00
1777302900000,77386.8,77386.9,76589.3,76830.4,171.96677915,2026-04-27 15:15:00+00:00
1777303800000,76830.4,77076.2,76830.4,77036.3,44.37502651,2026-04-27 15:30:00+00:00
1777304700000,77036.3,77043.1,76732.9,76791.1,22.07639417,2026-04-27 15:45:00+00:00
1777305600000,76791.1,76834.6,76657.1,76773.9,24.89190469,2026-04-27 16:00:00+00:00
1777306500000,76773.2,76869.8,76737.4,76737.9,7.7706767,2026-04-27 16:15:00+00:00
1777307400000,76738.0,76805.7,76606.6,76606.7,8.39239955,2026-04-27 16:30:00+00:00
1777308300000,76606.6,76676.7,76564.0,76609.0,9.49915011,2026-04-27 16:45:00+00:00
1777309200000,76609.0,76775.0,76608.9,76712.2,18.5499138,2026-04-27 17:00:00+00:00
1777310100000,76712.1,76878.6,76642.3,76834.2,12.86544417,2026-04-27 17:15:00+00:00
1777311000000,76834.3,76923.4,76775.3,76860.3,14.89913944,2026-04-27 17:30:00+00:00
1777311900000,76868.0,76882.4,76715.0,76728.2,4.31594568,2026-04-27 17:45:00+00:00
1777312800000,76735.9,76794.3,76673.7,76740.1,12.07888987,2026-04-27 18:00:00+00:00
1777313700000,76740.1,76829.2,76657.3,76674.3,6.09013405,2026-04-27 18:15:00+00:00
1777314600000,76674.2,76751.2,76668.9,76751.2,3.03565705,2026-04-27 18:30:00+00:00
1777315500000,76751.1,76879.1,76731.2,76820.9,12.97434512,2026-04-27 18:45:00+00:00
1777316400000,76821.0,76889.9,76724.1,76885.0,6.69620362,2026-04-27 19:00:00+00:00
1777317300000,76884.9,76884.9,76631.6,76633.4,216.41916847,2026-04-27 19:15:00+00:00
1777318200000,76633.4,76780.2,76480.4,76780.2,46.91577463,2026-04-27 19:30:00+00:00
1777319100000,76780.2,76857.7,76773.6,76857.7,20.12467952,2026-04-27 19:45:00+00:00
1777320000000,76865.0,76992.8,76839.7,76898.9,23.09804683,2026-04-27 20:00:00+00:00
1777320900000,76898.9,76994.0,76898.9,76994.0,3.74792171,2026-04-27 20:15:00+00:00
1777321800000,76994.0,77080.4,76966.1,77006.3,11.71044446,2026-04-27 20:30:00+00:00
1777322700000,77006.3,77006.3,76947.0,76977.3,5.20122281,2026-04-27 20:45:00+00:00
1777323600000,76977.3,76977.3,76826.5,76886.3,7.02474622,2026-04-27 21:00:00+00:00
1777324500000,76886.2,76946.8,76843.6,76909.5,18.04124857,2026-04-27 21:15:00+00:00
1777325400000,76909.6,76981.0,76888.9,76894.9,0.92876794,2026-04-27 21:30:00+00:00
1777326300000,76894.8,76935.9,76790.4,76793.9,6.16782471,2026-04-27 21:45:00+00:00
1777327200000,76793.9,76901.6,76773.5,76875.0,3.72003387,2026-04-27 22:00:00+00:00
1777328100000,76875.0,76956.6,76853.9,76956.6,4.52737954,2026-04-27 22:15:00+00:00
1777329000000,76956.6,77036.4,76956.6,77012.8,2.76326768,2026-04-27 22:30:00+00:00
1777329900000,77012.7,77077.5,77012.7,77057.8,2.68777557,2026-04-27 22:45:00+00:00
1777330800000,77057.9,77088.7,77013.3,77047.7,6.0448694,2026-04-27 23:00:00+00:00
1777331700000,77047.6,77194.3,77047.6,77131.8,6.77956323,2026-04-27 23:15:00+00:00
1777332600000,77131.8,77306.6,77131.8,77301.0,7.83033573,2026-04-27 23:30:00+00:00
1777333500000,77302.3,77428.4,77302.2,77374.7,11.46412046,2026-04-27 23:45:00+00:00
1777334400000,77374.7,77419.3,77267.4,77306.8,9.20471018,2026-04-28 00:00:00+00:00
1777335300000,77306.9,77413.5,77228.3,77240.8,7.56356491,2026-04-28 00:15:00+00:00
1777336200000,77240.8,77456.9,77214.4,77411.4,2.92995479,2026-04-28 00:30:00+00:00
1777337100000,77411.3,77463.2,77304.5,77372.4,13.56188421,2026-04-28 00:45:00+00:00
1777338000000,77372.4,77391.8,77313.5,77361.8,6.17491887,2026-04-28 01:00:00+00:00
1777338900000,77361.8,77361.8,77207.0,77213.7,3.73904763,2026-04-28 01:15:00+00:00
1777339800000,77213.7,77228.0,77065.3,77087.1,3.65116798,2026-04-28 01:30:00+00:00
1777340700000,77087.2,77121.7,77050.0,77092.8,2.63210409,2026-04-28 01:45:00+00:00
1777341600000,77092.8,77214.8,77055.4,77130.0,4.13053881,2026-04-28 02:00:00+00:00
1777342500000,77130.0,77209.2,77014.6,77014.6,10.49552,2026-04-28 02:15:00+00:00
1777343400000,77014.6,77028.8,76688.7,76694.2,21.88120697,2026-04-28 02:30:00+00:00
1777344300000,76694.2,76883.4,76687.4,76883.3,8.52849525,2026-04-28 02:45:00+00:00
1777345200000,76883.4,76891.1,76682.5,76757.8,4.22977493,2026-04-28 03:00:00+00:00
1777346100000,76760.7,76800.3,76702.9,76742.2,39.32796011,2026-04-28 03:15:00+00:00
1777347000000,76742.3,76840.1,76742.3,76793.0,2.44217427,2026-04-28 03:30:00+00:00
1777347900000,76796.3,77799.0,76793.0,76826.3,293.35199373,2026-04-28 03:45:00+00:00
1777348800000,76826.3,76879.1,76788.1,76879.1,5.24534518,2026-04-28 04:00:00+00:00
1777349700000,76879.1,76938.1,76707.7,76815.6,10.38513727,2026-04-28 04:15:00+00:00
1777350600000,76815.5,76871.3,76752.2,76832.4,4.71659047,2026-04-28 04:30:00+00:00
1777351500000,76832.4,76928.7,76832.4,76890.1,1.26970122,2026-04-28 04:45:00+00:00
1777352400000,76890.1,77048.4,76890.1,76949.0,12.84570201,2026-04-28 05:00:00+00:00
1777353300000,76949.0,77143.5,76925.6,77063.2,10.83469296,2026-04-28 05:15:00+00:00
1777354200000,77063.2,77063.2,76820.1,76874.3,5.89231861,2026-04-28 05:30:00+00:00
1777355100000,76874.3,76958.7,76862.6,76894.7,2.59732772,2026-04-28 05:45:00+00:00
1777356000000,76879.6,77024.1,76879.6,77001.2,3.93866359,2026-04-28 06:00:00+00:00
1777356900000,77001.2,77001.2,76845.0,76901.1,2.63178486,2026-04-28 06:15:00+00:00
1777357800000,76901.2,76940.0,76600.0,76610.9,11.10205438,2026-04-28 06:30:00+00:00
1777358700000,76610.8,76749.7,76600.0,76708.3,7.52107454,2026-04-28 06:45:00+00:00
1777359600000,76706.7,76706.7,76569.9,76569.9,1.63976488,2026-04-28 07:00:00+00:00
1777360500000,76569.8,76662.7,76440.4,76632.5,10.82466431,2026-04-28 07:15:00+00:00
1777361400000,76632.6,76875.4,76632.6,76832.3,5.01873522,2026-04-28 07:30:00+00:00
1777362300000,76832.3,76901.9,76779.2,76868.9,8.09702023,2026-04-28 07:45:00+00:00
1777363200000,76868.9,76886.5,76800.0,76831.5,5.9354848,2026-04-28 08:00:00+00:00
1777364100000,76831.4,76964.1,76831.4,76964.1,6.29393914,2026-04-28 08:15:00+00:00
1777365000000,76964.4,76993.5,76814.8,76819.2,9.39699341,2026-04-28 08:30:00+00:00
1777365900000,76819.2,76862.8,76737.9,76850.8,8.25858733,2026-04-28 08:45:00+00:00
1777366800000,76850.8,76856.3,76792.3,76836.2,2.89869817,2026-04-28 09:00:00+00:00
1777367700000,76836.3,76836.3,76728.6,76783.6,1.48892874,2026-04-28 09:15:00+00:00
1777368600000,76783.7,76783.7,76660.0,76679.6,2.63528393,2026-04-28 09:30:00+00:00
1777369500000,76679.6,76679.6,76505.5,76598.1,8.82300667,2026-04-28 09:45:00+00:00
1777370400000,76598.1,76694.9,76519.1,76530.1,3.54722659,2026-04-28 10:00:00+00:00
1777371300000,76530.0,76571.8,76499.0,76522.2,9.20899625,2026-04-28 10:15:00+00:00
1777372200000,76522.2,76611.6,76522.1,76611.6,5.59955342,2026-04-28 10:30:00+00:00
1777373100000,76611.6,76629.3,76577.5,76610.3,15.79128553,2026-04-28 10:45:00+00:00
1777374000000,76610.4,76639.3,76450.5,76450.6,85.26929762,2026-04-28 11:00:00+00:00
1777374900000,76450.5,76477.9,76280.1,76331.7,31.59521176,2026-04-28 11:15:00+00:00
1777375800000,76331.8,76338.4,76176.6,76264.3,26.41037844,2026-04-28 11:30:00+00:00
1777376700000,76264.3,76281.1,76125.2,76195.9,11.70038781,2026-04-28 11:45:00+00:00
1777377600000,76195.9,76294.9,76195.0,76262.8,2.62959808,2026-04-28 12:00:00+00:00
1777378500000,76262.8,76347.2,76159.2,76217.3,23.57531516,2026-04-28 12:15:00+00:00
1777379400000,76217.2,76307.4,76176.9,76301.1,6.36485465,2026-04-28 12:30:00+00:00
1777380300000,76301.1,76398.4,76301.0,76363.1,5.47036083,2026-04-28 12:45:00+00:00
1777381200000,76363.1,76363.1,75956.3,76122.0,83.93980995,2026-04-28 13:00:00+00:00
1777382100000,76121.9,76212.7,76026.3,76192.0,136.77083252,2026-04-28 13:15:00+00:00
1777383000000,76192.0,76350.6,76050.0,76282.6,31.71073443,2026-04-28 13:30:00+00:00
1777383900000,76282.6,76394.4,76043.9,76187.6,40.22036065,2026-04-28 13:45:00+00:00
1777384800000,76187.6,76187.6,76020.6,76062.1,16.66211819,2026-04-28 14:00:00+00:00
1777385700000,76062.2,76081.1,75745.4,75839.9,34.36537428,2026-04-28 14:15:00+00:00
1777386600000,75840.0,75896.2,75652.1,75857.7,25.78116452,2026-04-28 14:30:00+00:00
1777387500000,75857.7,75936.6,75688.7,75936.4,20.6197789,2026-04-28 14:45:00+00:00
1777388400000,75936.5,76053.8,75851.7,75990.6,12.50989114,2026-04-28 15:00:00+00:00
1777389300000,75990.7,76058.5,75953.1,76025.3,16.70454855,2026-04-28 15:15:00+00:00
1777390200000,76025.4,76040.0,75892.6,75950.1,3.83807846,2026-04-28 15:30:00+00:00
1777391100000,75950.1,76077.0,75900.0,76034.7,16.0292914,2026-04-28 15:45:00+00:00
1777392000000,76034.7,76093.5,75954.1,76000.0,4.17630253,2026-04-28 16:00:00+00:00
1777392900000,75999.9,76024.4,75954.6,75959.9,19.44774233,2026-04-28 16:15:00+00:00
1777393800000,75960.0,75975.0,75875.3,75903.0,21.48084913,2026-04-28 16:30:00+00:00
1777394700000,75903.0,76194.0,75890.0,76112.5,10.72218931,2026-04-28 16:45:00+00:00
1777395600000,76112.5,76194.0,76000.0,76020.7,15.32109216,2026-04-28 17:00:00+00:00
1777396500000,76020.7,76131.9,75956.0,76092.1,116.01679923,2026-04-28 17:15:00+00:00
1777397400000,76092.1,76250.0,76086.4,76185.6,11.9068509,2026-04-28 17:30:00+00:00
1777398300000,76185.8,76200.1,76115.0,76191.2,21.6341612,2026-04-28 17:45:00+00:00
1777399200000,76191.2,76244.0,76125.1,76141.1,4.76353862,2026-04-28 18:00:00+00:00
1777400100000,76141.1,76250.0,76141.0,76203.8,7.63711862,2026-04-28 18:15:00+00:00
1777401000000,76203.8,76230.0,76160.9,76168.2,6.27584418,2026-04-28 18:30:00+00:00
1777401900000,76168.3,76225.7,76155.7,76222.6,6.01730833,2026-04-28 18:45:00+00:00
1777402800000,76222.7,76222.7,76079.1,76079.1,5.48245812,2026-04-28 19:00:00+00:00
1777403700000,76079.2,76145.0,76055.2,76145.0,17.46260623,2026-04-28 19:15:00+00:00
1777404600000,76145.0,76294.7,76127.0,76294.7,8.55233372,2026-04-28 19:30:00+00:00
1777405500000,76294.7,76367.9,76262.9,76310.5,6.94745449,2026-04-28 19:45:00+00:00
1777406400000,76313.3,76427.0,76313.3,76371.5,11.94732487,2026-04-28 20:00:00+00:00
1777407300000,76371.6,76386.1,76337.6,76360.9,10.20239458,2026-04-28 20:15:00+00:00
1777408200000,76360.9,76426.6,76360.8,76414.5,8.68401329,2026-04-28 20:30:00+00:00
1777409100000,76411.6,76475.2,76406.5,76475.2,18.14768799,2026-04-28 20:45:00+00:00
1777410000000,76475.2,76482.1,76359.5,76359.5,7.08038228,2026-04-28 21:00:00+00:00
1777410900000,76359.4,76369.1,76294.4,76297.2,4.97795287,2026-04-28 21:15:00+00:00
1777411800000,76297.3,76378.0,76297.2,76320.1,6.24629946,2026-04-28 21:30:00+00:00
1777412700000,76320.0,76400.0,76275.1,76354.8,1.20573439,2026-04-28 21:45:00+00:00
1777413600000,76354.8,76436.0,76339.6,76354.7,7.68161232,2026-04-28 22:00:00+00:00
1777414500000,76354.8,76359.1,76320.1,76340.1,8.00651139,2026-04-28 22:15:00+00:00
1777415400000,76340.1,76356.8,76299.1,76299.2,2.73086948,2026-04-28 22:30:00+00:00
1777416300000,76299.1,76299.2,76221.1,76239.4,1.94699963,2026-04-28 22:45:00+00:00
1777417200000,76239.4,76344.9,76196.8,76344.9,0.9503547,2026-04-28 23:00:00+00:00
1777418100000,76344.9,76359.7,76260.0,76277.3,2.08803067,2026-04-28 23:15:00+00:00
1777419000000,76277.3,76292.5,76246.5,76292.4,4.68516762,2026-04-28 23:30:00+00:00
1777419900000,76292.5,76357.1,76292.4,76331.9,2.01144121,2026-04-28 23:45:00+00:00
1777420800000,76331.9,76376.5,76300.1,76319.6,8.06540657,2026-04-29 00:00:00+00:00
1777421700000,76319.7,76319.7,76272.1,76303.9,5.78252591,2026-04-29 00:15:00+00:00
1777422600000,76304.0,76388.5,76275.7,76378.3,2.55612873,2026-04-29 00:30:00+00:00
1777423500000,76378.3,76523.9,76378.3,76500.1,32.81552128,2026-04-29 00:45:00+00:00
1777424400000,76500.1,76523.7,76300.0,76352.2,10.31835664,2026-04-29 01:00:00+00:00
1777425300000,76352.2,76399.7,76227.9,76248.3,11.86407311,2026-04-29 01:15:00+00:00
1777426200000,76230.5,76401.7,76181.5,76401.7,3.83668105,2026-04-29 01:30:00+00:00
1777427100000,76401.7,76643.3,76401.6,76551.2,8.46845948,2026-04-29 01:45:00+00:00
1777428000000,76551.3,76643.3,76507.4,76540.9,4.10223431,2026-04-29 02:00:00+00:00
1777428900000,76540.9,76542.1,76458.3,76458.3,3.72581086,2026-04-29 02:15:00+00:00
1777429800000,76458.3,76458.3,76402.8,76437.7,2.63038363,2026-04-29 02:30:00+00:00
1777430700000,76435.0,76508.9,76435.0,76498.8,2.13263418,2026-04-29 02:45:00+00:00
1777431600000,76498.8,76600.0,76498.7,76600.0,1.12254237,2026-04-29 03:00:00+00:00
1777432500000,76600.0,76873.5,76600.0,76851.6,9.44736558,2026-04-29 03:15:00+00:00
1777433400000,76851.7,77086.0,76800.0,77070.9,39.0695607,2026-04-29 03:30:00+00:00
1777434300000,77070.8,77070.9,76929.5,76983.4,12.06959386,2026-04-29 03:45:00+00:00
1777435200000,76983.4,76993.7,76872.9,76911.5,2.43953388,2026-04-29 04:00:00+00:00
1777436100000,76911.4,77039.5,76911.4,77017.0,1.16235353,2026-04-29 04:15:00+00:00
1777437000000,77017.0,77418.7,77012.4,77300.1,43.38481198,2026-04-29 04:30:00+00:00
1777437900000,77307.4,77357.3,77252.3,77267.6,4.79183078,2026-04-29 04:45:00+00:00
1777438800000,77267.6,77275.0,77200.7,77230.0,5.20042073,2026-04-29 05:00:00+00:00
1777439700000,77222.3,77244.0,77198.0,77234.1,6.03782005,2026-04-29 05:15:00+00:00
1777440600000,77251.5,77271.1,77218.9,77240.1,1.09025429,2026-04-29 05:30:00+00:00
1777441500000,77240.1,77310.5,77234.4,77268.4,9.16799656,2026-04-29 05:45:00+00:00
1777442400000,77268.4,77315.1,77200.0,77200.0,27.60672621,2026-04-29 06:00:00+00:00
1777443300000,77200.1,77211.7,77080.1,77085.1,3.11055238,2026-04-29 06:15:00+00:00
1777444200000,77085.1,77092.2,77000.0,77000.0,5.17200749,2026-04-29 06:30:00+00:00
1777445100000,77009.8,77030.9,76942.5,76998.8,24.20271798,2026-04-29 06:45:00+00:00
1777446000000,76998.8,77080.3,76998.8,77080.3,7.27541181,2026-04-29 07:00:00+00:00
1777446900000,77080.3,77080.3,77033.1,77057.0,1.03960144,2026-04-29 07:15:00+00:00
1777447800000,77057.1,77149.3,77057.0,77109.6,2.46067564,2026-04-29 07:30:00+00:00
1777448700000,77109.7,77109.7,77017.6,77038.4,0.9298772,2026-04-29 07:45:00+00:00
1777449600000,77037.5,77050.0,76999.0,77013.4,16.02976858,2026-04-29 08:00:00+00:00
1777450500000,77013.4,77131.3,77013.4,77114.6,6.16410978,2026-04-29 08:15:00+00:00
1777451400000,77114.6,77114.6,76999.0,77029.6,57.68090715,2026-04-29 08:30:00+00:00
1777452300000,77029.6,77049.3,77024.0,77033.3,1.0635396,2026-04-29 08:45:00+00:00
1777453200000,77033.3,77052.9,76982.6,77052.8,35.84651217,2026-04-29 09:00:00+00:00
1777454100000,77052.8,77129.1,77052.8,77120.3,7.54273925,2026-04-29 09:15:00+00:00
1777455000000,77120.4,77260.0,77120.4,77239.9,3.336622,2026-04-29 09:30:00+00:00
1777455900000,77240.0,77773.0,77237.9,77649.9,75.39955832,2026-04-29 09:45:00+00:00
1777456800000,77650.0,77800.0,77647.6,77712.6,17.74396183,2026-04-29 10:00:00+00:00
1777457700000,77712.1,77888.0,77710.5,77886.7,30.00595411,2026-04-29 10:15:00+00:00
1777458600000,77887.8,77888.0,77559.1,77560.6,8.931284,2026-04-29 10:30:00+00:00
1777459500000,77563.4,77643.0,77563.4,77618.2,4.09016782,2026-04-29 10:45:00+00:00
1777460400000,77618.2,77643.0,77519.5,77574.4,4.48409433,2026-04-29 11:00:00+00:00
1777461300000,77574.4,77587.3,77482.5,77515.2,8.50206684,2026-04-29 11:15:00+00:00
1777462200000,77515.2,77668.0,77515.2,77555.3,4.57494415,2026-04-29 11:30:00+00:00
1777463100000,77555.4,77675.2,77539.7,77598.2,9.60588047,2026-04-29 11:45:00+00:00
1777464000000,77598.2,77598.2,77299.1,77314.6,43.20933225,2026-04-29 12:00:00+00:00
1777464900000,77310.0,77393.8,77002.3,77134.8,27.93827594,2026-04-29 12:15:00+00:00
1777465800000,77134.8,77175.5,76993.0,77170.1,16.93536016,2026-04-29 12:30:00+00:00
1777466700000,77170.1,77208.6,77115.3,77133.3,15.04110589,2026-04-29 12:45:00+00:00
1777467600000,77133.3,77215.0,77059.0,77165.7,18.17092582,2026-04-29 13:00:00+00:00
1777468500000,77165.8,77217.1,76873.6,76911.2,9.49180374,2026-04-29 13:15:00+00:00
1777469400000,76911.2,76913.2,76551.4,76551.4,47.51389498,2026-04-29 13:30:00+00:00
1777470300000,76551.4,76859.9,76417.7,76754.5,45.41737758,2026-04-29 13:45:00+00:00
1777471200000,76767.8,76767.8,76532.3,76565.8,4.65922641,2026-04-29 14:00:00+00:00
1777472100000,76565.8,76734.4,76500.1,76674.6,7.48816234,2026-04-29 14:15:00+00:00
1777473000000,76674.7,76834.3,76582.0,76582.0,41.0144829,2026-04-29 14:30:00+00:00
1777473900000,76582.1,76636.4,76480.8,76559.4,2.48739304,2026-04-29 14:45:00+00:00
1777474800000,76559.5,76610.0,76142.3,76235.9,64.23833629,2026-04-29 15:00:00+00:00
1777475700000,76230.0,76325.2,76176.0,76207.5,15.29726736,2026-04-29 15:15:00+00:00
1777476600000,76207.5,76305.7,75955.0,75955.0,63.10409676,2026-04-29 15:30:00+00:00
1777477500000,75955.1,75999.7,75700.0,75880.5,36.08329097,2026-04-29 15:45:00+00:00
1777478400000,75880.5,76098.6,75833.8,76014.3,30.6807943,2026-04-29 16:00:00+00:00
1777479300000,76014.4,76088.4,75677.9,75825.8,40.92166061,2026-04-29 16:15:00+00:00
1777480200000,75825.8,75882.2,75671.7,75853.1,34.63267099,2026-04-29 16:30:00+00:00
1777481100000,75853.1,75878.0,75667.8,75754.3,38.23944403,2026-04-29 16:45:00+00:00
1777482000000,75754.4,75971.0,75754.4,75904.8,13.43332103,2026-04-29 17:00:00+00:00
1777482900000,75904.8,76083.8,75800.0,75863.6,14.08526942,2026-04-29 17:15:00+00:00
1777483800000,75863.6,75993.7,75863.5,75993.5,4.67160112,2026-04-29 17:30:00+00:00
1777484700000,75993.5,76139.2,75915.4,76139.2,4.84045342,2026-04-29 17:45:00+00:00
1777485600000,76139.2,76203.2,74940.0,75165.3,165.33068756,2026-04-29 18:00:00+00:00
1777486500000,75165.3,75351.6,75066.1,75120.0,22.87690437,2026-04-29 18:15:00+00:00
1777487400000,75119.9,75344.3,74966.7,75247.0,106.95993095,2026-04-29 18:30:00+00:00
1777488300000,75247.0,75484.2,75220.2,75484.2,20.64682,2026-04-29 18:45:00+00:00
1777489200000,75484.2,75520.5,75344.8,75520.5,37.48055907,2026-04-29 19:00:00+00:00
1777490100000,75529.5,75556.9,75436.2,75508.7,24.77169218,2026-04-29 19:15:00+00:00
1777491000000,75508.6,75508.7,75279.7,75415.2,20.18643489,2026-04-29 19:30:00+00:00
1777491900000,75415.1,75513.5,75415.1,75513.5,10.48938824,2026-04-29 19:45:00+00:00
1777492800000,75528.5,75706.1,75482.9,75482.9,19.79959247,2026-04-29 20:00:00+00:00
1777493700000,75483.0,75668.9,75483.0,75657.2,8.50100855,2026-04-29 20:15:00+00:00
1777494600000,75657.2,75824.7,75585.8,75766.5,19.21051159,2026-04-29 20:30:00+00:00
1777495500000,75766.5,75815.8,75662.7,75668.6,6.31324675,2026-04-29 20:45:00+00:00
1777496400000,75668.5,75810.0,75595.1,75777.4,51.05828474,2026-04-29 21:00:00+00:00
1777497300000,75777.4,75865.6,75777.3,75801.0,11.15440328,2026-04-29 21:15:00+00:00
1777498200000,75800.9,75929.3,75800.9,75929.3,10.76846669,2026-04-29 21:30:00+00:00
1777499100000,75929.3,76047.0,75912.2,75916.1,35.28470861,2026-04-29 21:45:00+00:00
1777500000000,75916.1,75946.4,75816.5,75921.4,11.73438087,2026-04-29 22:00:00+00:00
1777500900000,75921.5,75965.8,75806.3,75811.1,5.12305905,2026-04-29 22:15:00+00:00
1777501800000,75811.1,75945.0,75811.1,75934.3,1.41289423,2026-04-29 22:30:00+00:00
1777502700000,75934.2,75940.3,75869.4,75912.4,2.60471657,2026-04-29 22:45:00+00:00
1777503600000,75912.4,75960.0,75832.8,75959.4,1.08759348,2026-04-29 23:00:00+00:00
1777504500000,75959.8,75959.8,75689.0,75739.5,27.91431904,2026-04-29 23:15:00+00:00
1777505400000,75742.0,75840.2,75742.0,75830.0,8.91960256,2026-04-29 23:30:00+00:00
1777506300000,75830.0,75849.7,75750.0,75750.3,2.2204201,2026-04-29 23:45:00+00:00
1777507200000,75752.7,75830.1,75681.0,75682.0,16.68910719,2026-04-30 00:00:00+00:00
1777508100000,75682.1,75763.0,75650.0,75763.0,13.2914542,2026-04-30 00:15:00+00:00
1777509000000,75768.1,76158.3,75768.1,76046.9,27.96397579,2026-04-30 00:30:00+00:00
1777509900000,76047.0,76301.5,76047.0,76244.0,9.25271328,2026-04-30 00:45:00+00:00
1777510800000,76244.1,76315.7,76159.8,76194.0,4.612407,2026-04-30 01:00:00+00:00
1777511700000,76194.1,76368.8,76160.4,76319.9,9.28890581,2026-04-30 01:15:00+00:00
1777512600000,76320.0,76372.9,76196.7,76321.5,3.29891874,2026-04-30 01:30:00+00:00
1777513500000,76315.7,76413.8,76197.7,76197.8,11.74643758,2026-04-30 01:45:00+00:00
1777514400000,76197.8,76324.9,76197.8,76274.6,2.06339298,2026-04-30 02:00:00+00:00
1777515300000,76274.5,76284.6,76100.0,76100.0,4.07397717,2026-04-30 02:15:00+00:00
1777516200000,76100.0,76100.0,75484.5,75594.8,20.60026296,2026-04-30 02:30:00+00:00
1777517100000,75594.8,75714.2,75521.5,75685.9,9.67560041,2026-04-30 02:45:00+00:00
1777518000000,75674.9,75807.5,75645.8,75783.7,4.50536662,2026-04-30 03:00:00+00:00
1777518900000,75783.7,75838.9,75751.4,75838.9,3.64658291,2026-04-30 03:15:00+00:00
1777519800000,75853.7,75954.7,75820.1,75917.0,0.80039106,2026-04-30 03:30:00+00:00
1777520700000,75917.1,75956.7,75881.3,75918.8,2.35325482,2026-04-30 03:45:00+00:00
1777521600000,75918.9,75932.2,75683.6,75773.2,9.08688762,2026-04-30 04:00:00+00:00
1777522500000,75773.1,75773.2,75643.5,75683.1,0.98990598,2026-04-30 04:15:00+00:00
1777523400000,75663.4,75663.4,75400.0,75403.2,11.76319176,2026-04-30 04:30:00+00:00
1777524300000,75400.1,75494.2,75400.0,75463.2,3.66237015,2026-04-30 04:45:00+00:00
1777525200000,75463.2,75592.5,75434.3,75592.5,22.51386827,2026-04-30 05:00:00+00:00
1777526100000,75592.5,75592.5,75290.9,75399.1,9.42547048,2026-04-30 05:15:00+00:00
1777527000000,75399.1,75717.3,75399.1,75682.3,25.91047393,2026-04-30 05:30:00+00:00
1777527900000,75682.2,75694.7,75564.6,75566.5,19.07091374,2026-04-30 05:45:00+00:00
1777528800000,75566.5,75641.4,75550.3,75567.8,0.84705948,2026-04-30 06:00:00+00:00
1777529700000,75567.7,75650.1,75567.7,75650.1,2.18736273,2026-04-30 06:15:00+00:00
1777530600000,75650.1,75820.1,75650.0,75720.4,7.36949796,2026-04-30 06:30:00+00:00
1777531500000,75720.4,75749.6,75677.9,75736.2,9.39781845,2026-04-30 06:45:00+00:00
1777532400000,75736.2,75812.3,75702.4,75782.3,4.68079014,2026-04-30 07:00:00+00:00
1777533300000,75782.3,75847.4,75768.8,75847.4,10.97415879,2026-04-30 07:15:00+00:00
1777534200000,75847.4,76029.6,75847.3,76020.9,8.34691442,2026-04-30 07:30:00+00:00
1777535100000,76027.6,76130.1,76027.6,76112.7,6.85637745,2026-04-30 07:45:00+00:00
1777536000000,76112.8,76157.5,76045.5,76055.9,6.93385628,2026-04-30 08:00:00+00:00
1777536900000,76060.9,76113.7,75991.2,76048.1,16.35552405,2026-04-30 08:15:00+00:00
1777537800000,76048.1,76101.8,76016.8,76100.5,17.65779388,2026-04-30 08:30:00+00:00
1777538700000,76100.5,76105.0,76017.6,76036.2,9.43653909,2026-04-30 08:45:00+00:00
1777539600000,76036.2,76071.4,75998.3,76025.9,6.93835634,2026-04-30 09:00:00+00:00
1777540500000,76025.9,76162.5,75998.6,76162.4,9.7150506,2026-04-30 09:15:00+00:00
1777541400000,76162.5,76308.0,76070.8,76070.8,11.62913715,2026-04-30 09:30:00+00:00
1777542300000,76067.2,76166.4,76048.9,76089.9,6.9948273,2026-04-30 09:45:00+00:00
1777543200000,76089.0,76124.1,76034.1,76034.2,11.77525908,2026-04-30 10:00:00+00:00
1777544100000,76034.2,76034.2,75966.1,75966.1,10.60155169,2026-04-30 10:15:00+00:00
1777545000000,75966.2,76078.5,75966.2,76000.0,5.18484815,2026-04-30 10:30:00+00:00
1777545900000,76000.0,76040.9,75988.3,75998.4,1.20743258,2026-04-30 10:45:00+00:00
1777546800000,75998.4,76190.1,75998.3,76136.5,24.31537697,2026-04-30 11:00:00+00:00
1777547700000,76136.5,76140.0,76079.4,76079.5,3.49528657,2026-04-30 11:15:00+00:00
1777548600000,76079.5,76091.5,75903.1,75909.1,98.16482569,2026-04-30 11:30:00+00:00
1777549500000,75909.1,76048.4,75869.3,76020.7,9.27485392,2026-04-30 11:45:00+00:00
1777550400000,76020.8,76129.2,76020.8,76106.1,6.54527506,2026-04-30 12:00:00+00:00
1777551300000,76106.1,76364.6,76106.1,76312.8,10.81623504,2026-04-30 12:15:00+00:00
1777552200000,76312.8,76379.8,76224.0,76237.9,13.62636508,2026-04-30 12:30:00+00:00
1777553100000,76227.0,76369.6,76217.8,76286.7,3.50780575,2026-04-30 12:45:00+00:00
1777554000000,76286.8,76336.5,76243.0,76283.1,12.48428846,2026-04-30 13:00:00+00:00
1777554900000,76283.2,76319.6,76127.3,76142.7,3.66519252,2026-04-30 13:15:00+00:00
1777555800000,76142.7,76632.1,76086.4,76611.0,40.32743729,2026-04-30 13:30:00+00:00
1777556700000,76610.9,76634.1,76372.1,76386.7,31.44157104,2026-04-30 13:45:00+00:00
1777557600000,76386.8,76543.1,76254.7,76316.7,15.99233131,2026-04-30 14:00:00+00:00
1777558500000,76316.7,76328.7,76075.3,76328.7,8.49780831,2026-04-30 14:15:00+00:00
1777559400000,76323.9,76499.0,76192.3,76332.9,11.51161051,2026-04-30 14:30:00+00:00
1777560300000,76320.7,76413.1,76254.6,76285.0,3.48111754,2026-04-30 14:45:00+00:00
1777561200000,76285.1,76404.4,76127.0,76404.4,10.73878716,2026-04-30 15:00:00+00:00
1777562100000,76404.3,76450.0,76348.9,76450.0,10.02279869,2026-04-30 15:15:00+00:00
1777563000000,76451.8,76597.4,76353.9,76424.1,37.82855146,2026-04-30 15:30:00+00:00
1777563900000,76421.6,76497.9,76302.0,76441.9,5.17846648,2026-04-30 15:45:00+00:00
1777564800000,76441.8,76452.9,76343.5,76436.2,32.54969292,2026-04-30 16:00:00+00:00
1777565700000,76436.2,76436.2,76264.5,76328.0,3.29072908,2026-04-30 16:15:00+00:00
1777566600000,76323.9,76386.4,76310.1,76313.2,8.63706432,2026-04-30 16:30:00+00:00
1777567500000,76313.2,76340.0,76201.7,76222.7,3.56140512,2026-04-30 16:45:00+00:00
1777568400000,76221.8,76298.0,76201.7,76201.7,15.84077029,2026-04-30 17:00:00+00:00
1777569300000,76201.8,76201.8,76094.6,76101.8,4.57885126,2026-04-30 17:15:00+00:00
1777570200000,76101.9,76200.0,76101.8,76127.0,17.48820741,2026-04-30 17:30:00+00:00
1777571100000,76127.0,76267.7,76127.0,76221.8,2.65211331,2026-04-30 17:45:00+00:00
1777572000000,76221.8,76336.2,76221.7,76240.1,2.90224375,2026-04-30 18:00:00+00:00
1777572900000,76240.1,76443.9,76240.0,76257.1,4.1077667,2026-04-30 18:15:00+00:00
1777573800000,76257.1,76378.1,76191.9,76378.1,4.8319437,2026-04-30 18:30:00+00:00
1777574700000,76378.1,76436.1,76328.4,76330.6,2.79697831,2026-04-30 18:45:00+00:00
1777575600000,76330.6,76444.0,76300.0,76444.0,4.0826749,2026-04-30 19:00:00+00:00
1777576500000,76444.0,76463.9,76392.1,76463.9,11.83922161,2026-04-30 19:15:00+00:00
1777577400000,76463.9,76486.8,76402.9,76406.1,6.76022053,2026-04-30 19:30:00+00:00
1777578300000,76406.1,76429.4,76364.8,76412.7,5.78276962,2026-04-30 19:45:00+00:00
1777579200000,76382.8,76445.6,76347.3,76419.4,2.89714383,2026-04-30 20:00:00+00:00
1777580100000,76419.3,76500.0,76302.5,76439.9,28.92933965,2026-04-30 20:15:00+00:00
1777581000000,76439.9,76500.0,76429.0,76496.2,14.996916,2026-04-30 20:30:00+00:00
1777581900000,76496.1,76525.9,76458.4,76461.9,19.16543129,2026-04-30 20:45:00+00:00
1777582800000,76461.9,76508.9,76410.5,76464.3,5.47832391,2026-04-30 21:00:00+00:00
1777583700000,76464.3,76464.3,76290.9,76295.9,5.28672077,2026-04-30 21:15:00+00:00
1777584600000,76298.3,76404.9,76298.2,76351.3,2.21983025,2026-04-30 21:30:00+00:00
1777585500000,76350.5,76350.5,76219.9,76234.3,6.78400996,2026-04-30 21:45:00+00:00
1777586400000,76234.3,76329.7,76228.2,76313.7,1.73248935,2026-04-30 22:00:00+00:00
1777587300000,76313.7,76404.2,76313.7,76404.1,1.52268504,2026-04-30 22:15:00+00:00
1777588200000,76404.2,76404.7,76254.7,76300.0,1.4253966,2026-04-30 22:30:00+00:00
1777589100000,76299.9,76325.1,76161.8,76183.8,2.51654607,2026-04-30 22:45:00+00:00
1777590000000,76183.8,76291.5,76183.8,76246.4,5.60252276,2026-04-30 23:00:00+00:00
1777590900000,76265.7,76299.9,76257.0,76274.4,2.0361577,2026-04-30 23:15:00+00:00
1777591800000,76274.5,76330.6,76274.4,76307.8,9.26547893,2026-04-30 23:30:00+00:00
1777592700000,76307.7,76344.4,76277.5,76313.0,15.88456159,2026-04-30 23:45:00+00:00
1777593600000,76312.9,76474.7,76284.2,76423.0,4.3693684,2026-05-01 00:00:00+00:00
1777594500000,76423.0,76500.0,76423.0,76482.9,9.14010134,2026-05-01 00:15:00+00:00
1777595400000,76482.9,76500.0,76430.7,76492.6,10.64871888,2026-05-01 00:30:00+00:00
1777596300000,76492.6,76524.5,76383.1,76387.0,55.79497845,2026-05-01 00:45:00+00:00
1777597200000,76411.0,76554.9,76410.9,76529.2,7.77533713,2026-05-01 01:00:00+00:00
1777598100000,76529.2,76597.6,76505.3,76505.4,8.49558375,2026-05-01 01:15:00+00:00
1777599000000,76505.4,76598.9,76505.3,76587.5,5.49797886,2026-05-01 01:30:00+00:00
1777599900000,76587.5,76720.5,76585.2,76648.5,14.5885752,2026-05-01 01:45:00+00:00
1777600800000,76648.5,76700.0,76597.7,76634.8,2.37032584,2026-05-01 02:00:00+00:00
1777601700000,76634.9,76696.0,76586.2,76595.2,0.77140096,2026-05-01 02:15:00+00:00
1777602600000,76594.9,76596.2,76545.0,76563.5,1.15706843,2026-05-01 02:30:00+00:00
1777603500000,76563.5,76584.2,76507.3,76564.8,1.91064047,2026-05-01 02:45:00+00:00
1777604400000,76564.9,76674.0,76535.0,76664.0,5.84527068,2026-05-01 03:00:00+00:00
1777605300000,76664.0,77395.2,76664.0,77158.6,74.96426782,2026-05-01 03:15:00+00:00
1777606200000,77158.7,77244.1,77060.9,77135.2,6.39620137,2026-05-01 03:30:00+00:00
1777607100000,77135.1,77173.5,77050.9,77090.7,11.45683662,2026-05-01 03:45:00+00:00
1777608000000,77090.7,77128.7,77050.4,77084.9,5.62458047,2026-05-01 04:00:00+00:00
1777608900000,77084.9,77171.7,76915.9,76976.8,21.86142838,2026-05-01 04:15:00+00:00
1777609800000,76976.7,77044.0,76976.7,77036.7,0.92999203,2026-05-01 04:30:00+00:00
1777610700000,77036.8,77071.7,77012.7,77012.7,3.64103943,2026-05-01 04:45:00+00:00
1777611600000,77012.8,77140.7,76994.7,77114.2,5.40890118,2026-05-01 05:00:00+00:00
1777612500000,77114.1,77114.1,77037.4,77064.5,2.74902171,2026-05-01 05:15:00+00:00
1777613400000,77064.5,77096.1,77041.1,77092.2,4.12498512,2026-05-01 05:30:00+00:00
1777614300000,77092.1,77125.0,77084.9,77113.9,3.95488928,2026-05-01 05:45:00+00:00
1777615200000,77113.9,77141.3,77077.9,77119.2,1.22733274,2026-05-01 06:00:00+00:00
1777616100000,77119.3,77148.5,77096.7,77128.0,4.14473331,2026-05-01 06:15:00+00:00
1777617000000,77128.0,77149.8,76944.6,77057.4,17.49166176,2026-05-01 06:30:00+00:00
1777617900000,77057.4,77079.4,76838.3,76935.1,15.31712659,2026-05-01 06:45:00+00:00
1777618800000,76934.0,77039.6,76934.0,77025.1,7.0613884,2026-05-01 07:00:00+00:00
1777619700000,77025.1,77062.5,76961.8,76979.9,13.68263749,2026-05-01 07:15:00+00:00
1777620600000,76979.9,77020.5,76938.7,76993.3,4.45479423,2026-05-01 07:30:00+00:00
1777621500000,76983.3,77111.0,76983.2,77106.5,1.48439894,2026-05-01 07:45:00+00:00
1777622400000,77106.6,77255.2,77027.8,77235.0,17.23643765,2026-05-01 08:00:00+00:00
1777623300000,77235.1,77466.2,77209.7,77418.1,12.43050681,2026-05-01 08:15:00+00:00
1777624200000,77418.1,77418.1,77355.8,77355.9,6.06953173,2026-05-01 08:30:00+00:00
1777625100000,77355.8,77363.3,77340.0,77353.7,6.65366017,2026-05-01 08:45:00+00:00
1777626000000,77353.7,77353.7,77291.6,77312.9,0.9415479,2026-05-01 09:00:00+00:00
1777626900000,77310.7,77335.0,77295.0,77334.9,5.38100397,2026-05-01 09:15:00+00:00
1777627800000,77334.9,77334.9,77257.3,77263.3,3.43754334,2026-05-01 09:30:00+00:00
1777628700000,77263.3,77263.3,77200.0,77243.4,3.49423126,2026-05-01 09:45:00+00:00
1777629600000,77243.5,77243.5,77130.1,77140.6,3.19898462,2026-05-01 10:00:00+00:00
1777630500000,77140.5,77385.0,77139.9,77349.6,3.75869081,2026-05-01 10:15:00+00:00
1777631400000,77349.7,77349.7,77228.9,77229.0,0.91378704,2026-05-01 10:30:00+00:00
1777632300000,77228.9,77287.2,77228.9,77287.2,2.04992174,2026-05-01 10:45:00+00:00
1777633200000,77287.2,77304.2,77241.8,77295.0,3.71703865,2026-05-01 11:00:00+00:00
1777634100000,77295.0,77582.6,77294.9,77349.4,84.86747879,2026-05-01 11:15:00+00:00
1777635000000,77349.5,77390.0,77349.4,77390.0,1.89151254,2026-05-01 11:30:00+00:00
1777635900000,77393.1,77447.1,77340.3,77438.5,5.61881052,2026-05-01 11:45:00+00:00
1777636800000,77438.5,77624.4,77400.0,77538.4,19.35822926,2026-05-01 12:00:00+00:00
1777637700000,77538.3,77754.9,77537.8,77750.0,26.91354584,2026-05-01 12:15:00+00:00
1777638600000,77750.1,78155.0,77750.0,77939.5,172.53877151,2026-05-01 12:30:00+00:00
1777639500000,77939.6,78015.0,77895.0,77895.1,24.18398107,2026-05-01 12:45:00+00:00
1777640400000,77895.1,78390.0,77895.0,78331.3,63.01088686,2026-05-01 13:00:00+00:00
1777641300000,78331.3,78363.2,78262.4,78265.7,18.07847004,2026-05-01 13:15:00+00:00
1777642200000,78265.8,78500.0,78135.0,78238.9,52.85359924,2026-05-01 13:30:00+00:00
1777643100000,78238.9,78900.0,78174.1,78700.0,71.70972453,2026-05-01 13:45:00+00:00
1777644000000,78700.0,78855.0,78594.2,78677.9,42.02065166,2026-05-01 14:00:00+00:00
1777644900000,78678.0,78705.0,78204.1,78250.0,31.49051465,2026-05-01 14:15:00+00:00
1777645800000,78250.0,78297.3,78045.0,78201.0,42.7655017,2026-05-01 14:30:00+00:00
1777646700000,78201.0,78420.0,78150.0,78343.2,26.15485733,2026-05-01 14:45:00+00:00
1777647600000,78343.2,78446.4,78195.0,78444.0,19.33819677,2026-05-01 15:00:00+00:00
1777648500000,78444.0,78591.4,78421.6,78535.7,33.9202721,2026-05-01 15:15:00+00:00
1777649400000,78535.7,78734.9,78535.7,78661.9,66.66397391,2026-05-01 15:30:00+00:00
1777650300000,78661.9,78685.6,78204.1,78454.4,79.5014056,2026-05-01 15:45:00+00:00
1777651200000,78454.5,78671.7,78387.1,78404.8,12.31842415,2026-05-01 16:00:00+00:00
1777652100000,78400.0,78449.9,78180.0,78320.1,20.77335711,2026-05-01 16:15:00+00:00
1777653000000,78320.1,78346.8,78180.1,78269.2,9.50950284,2026-05-01 16:30:00+00:00
1777653900000,78269.2,78330.0,78154.0,78210.1,8.43581014,2026-05-01 16:45:00+00:00
1777654800000,78210.1,78314.9,78104.5,78314.9,15.41285338,2026-05-01 17:00:00+00:00
1777655700000,78314.8,78323.9,78177.7,78236.2,15.19839627,2026-05-01 17:15:00+00:00
1777656600000,78236.2,78540.0,78182.0,78450.0,11.71302597,2026-05-01 17:30:00+00:00
1777657500000,78450.1,78585.0,78400.7,78559.4,19.18249943,2026-05-01 17:45:00+00:00
1777658400000,78559.4,78601.9,78477.8,78516.0,11.16415164,2026-05-01 18:00:00+00:00
1777659300000,78516.0,78614.9,78480.0,78570.0,9.17872142,2026-05-01 18:15:00+00:00
1777660200000,78573.0,78579.6,78423.8,78430.9,14.04168997,2026-05-01 18:30:00+00:00
1777661100000,78430.9,78491.4,78383.0,78425.3,8.04732854,2026-05-01 18:45:00+00:00
1777662000000,78425.3,78540.0,78415.4,78491.7,30.86822713,2026-05-01 19:00:00+00:00
1777662900000,78491.7,78492.8,78331.1,78417.0,5.01421753,2026-05-01 19:15:00+00:00
1777663800000,78416.9,78417.0,78315.0,78322.4,19.53512586,2026-05-01 19:30:00+00:00
1777664700000,78322.4,78478.2,78322.4,78375.1,32.15827788,2026-05-01 19:45:00+00:00
1777665600000,78375.1,78418.0,78287.3,78290.9,24.10682671,2026-05-01 20:00:00+00:00
1777666500000,78290.9,78290.9,78055.4,78150.1,35.27136464,2026-05-01 20:15:00+00:00
1777667400000,78150.1,78169.2,77940.0,77985.1,18.2092238,2026-05-01 20:30:00+00:00
1777668300000,77985.1,78041.7,77773.6,77870.9,28.21365835,2026-05-01 20:45:00+00:00
1777669200000,77870.9,77976.6,77870.8,77956.6,8.39893246,2026-05-01 21:00:00+00:00
1777670100000,77956.6,78062.3,77954.6,78015.1,5.83395731,2026-05-01 21:15:00+00:00
1777671000000,78015.1,78196.1,78015.1,78109.6,19.71021103,2026-05-01 21:30:00+00:00
1777671900000,78109.6,78188.6,78109.6,78186.6,8.46461686,2026-05-01 21:45:00+00:00
1777672800000,78186.7,78324.5,78186.7,78304.1,15.56932629,2026-05-01 22:00:00+00:00
1777673700000,78301.7,78410.0,78301.7,78355.0,62.71922272,2026-05-01 22:15:00+00:00
1777674600000,78355.0,78356.8,78225.0,78252.6,8.10323618,2026-05-01 22:30:00+00:00
1777675500000,78252.5,78252.5,78135.9,78147.7,4.07785306,2026-05-01 22:45:00+00:00
1777676400000,78147.7,78191.4,78109.9,78124.9,4.35926413,2026-05-01 23:00:00+00:00
1777677300000,78124.9,78139.7,78041.7,78041.7,5.77713531,2026-05-01 23:15:00+00:00
1777678200000,78041.6,78120.0,78041.6,78105.1,1.89222466,2026-05-01 23:30:00+00:00
1777679100000,78105.1,78235.3,78105.1,78235.3,1.56881867,2026-05-01 23:45:00+00:00
1777680000000,78235.3,78276.8,78211.0,78211.0,5.4935854,2026-05-02 00:00:00+00:00
1777680900000,78211.1,78348.7,78181.3,78285.1,4.09447336,2026-05-02 00:15:00+00:00
1777681800000,78285.1,78330.0,78255.0,78315.0,1.89949491,2026-05-02 00:30:00+00:00
1777682700000,78315.1,78382.9,78302.2,78340.8,1.11381178,2026-05-02 00:45:00+00:00
1777683600000,78340.8,78379.4,78301.2,78379.4,2.80648929,2026-05-02 01:00:00+00:00
1777684500000,78379.3,78379.4,78313.9,78344.9,1.83910391,2026-05-02 01:15:00+00:00
1777685400000,78344.9,78429.0,78330.0,78354.9,6.00603268,2026-05-02 01:30:00+00:00
1777686300000,78354.9,78354.9,78312.2,78330.0,1.65440082,2026-05-02 01:45:00+00:00
1777687200000,78330.0,78350.0,78300.0,78307.4,2.09386981,2026-05-02 02:00:00+00:00
1777688100000,78307.3,78334.3,78270.0,78270.1,1.14404324,2026-05-02 02:15:00+00:00
1777689000000,78270.1,78386.4,78263.4,78372.6,1.88752647,2026-05-02 02:30:00+00:00
1777689900000,78372.6,78509.0,78371.9,78375.1,44.44693753,2026-05-02 02:45:00+00:00
1777690800000,78375.1,78375.1,78262.7,78273.9,9.34402429,2026-05-02 03:00:00+00:00
1777691700000,78274.0,78390.0,78243.6,78385.2,3.39550434,2026-05-02 03:15:00+00:00
1777692600000,78385.2,78509.0,78385.1,78405.0,14.18294664,2026-05-02 03:30:00+00:00
1777693500000,78405.0,78450.0,78372.8,78421.8,1.26792713,2026-05-02 03:45:00+00:00
1777694400000,78421.8,78436.9,78260.9,78290.6,6.98304976,2026-05-02 04:00:00+00:00
1777695300000,78286.9,78299.6,78273.1,78277.5,2.39549466,2026-05-02 04:15:00+00:00
1777696200000,78277.5,78284.1,78190.7,78218.6,4.360776,2026-05-02 04:30:00+00:00
1777697100000,78218.5,78227.7,78120.0,78170.8,5.76191487,2026-05-02 04:45:00+00:00
1777698000000,78170.9,78184.8,78075.0,78075.1,4.0530093,2026-05-02 05:00:00+00:00
1777698900000,78075.1,78105.0,78045.0,78075.0,1.33962708,2026-05-02 05:15:00+00:00
1777699800000,78075.0,78180.0,78075.0,78179.9,1.19725904,2026-05-02 05:30:00+00:00
1777700700000,78180.0,78212.2,78173.4,78195.1,1.35712503,2026-05-02 05:45:00+00:00
1777701600000,78195.1,78275.0,78195.0,78195.1,2.29531523,2026-05-02 06:00:00+00:00
1777702500000,78195.1,78213.0,78142.4,78150.0,7.84371815,2026-05-02 06:15:00+00:00
1777703400000,78149.7,78226.7,78149.6,78226.7,0.93447434,2026-05-02 06:30:00+00:00
1777704300000,78226.7,78344.9,78226.6,78319.5,4.00707437,2026-05-02 06:45:00+00:00
1777705200000,78319.5,78342.2,78304.2,78314.5,1.44839863,2026-05-02 07:00:00+00:00
1777706100000,78314.4,78330.0,78287.7,78318.0,12.29769177,2026-05-02 07:15:00+00:00
1777707000000,78318.0,78318.0,78210.7,78214.4,1.70994857,2026-05-02 07:30:00+00:00
1777707900000,78214.5,78232.3,78205.0,78205.0,0.71933547,2026-05-02 07:45:00+00:00
1777708800000,78205.1,78240.0,78165.0,78240.0,1.03841402,2026-05-02 08:00:00+00:00
1777709700000,78239.9,78284.9,78239.9,78279.0,0.65430801,2026-05-02 08:15:00+00:00
1777710600000,78279.0,78318.1,78278.9,78318.1,1.83333496,2026-05-02 08:30:00+00:00
1777711500000,78315.1,78345.0,78305.1,78305.2,15.53585904,2026-05-02 08:45:00+00:00
1777712400000,78305.2,78312.0,78299.0,78312.0,4.36414478,2026-05-02 09:00:00+00:00
1777713300000,78304.1,78330.0,78304.1,78320.3,1.47791186,2026-05-02 09:15:00+00:00
1777714200000,78320.2,78390.0,78250.1,78309.6,43.69851805,2026-05-02 09:30:00+00:00
1777715100000,78309.6,78309.6,78300.0,78300.0,14.20804126,2026-05-02 09:45:00+00:00
1777716000000,78300.1,78309.6,78290.6,78290.6,3.61924632,2026-05-02 10:00:00+00:00
1777716900000,78286.8,78292.2,78236.0,78237.3,0.35680233,2026-05-02 10:15:00+00:00
1777717800000,78237.3,78250.0,78237.2,78239.8,4.53329034,2026-05-02 10:30:00+00:00
1777718700000,78239.8,78258.7,78219.9,78253.5,7.89498996,2026-05-02 10:45:00+00:00
1777719600000,78244.7,78244.7,78169.5,78169.6,1.66437401,2026-05-02 11:00:00+00:00
1777720500000,78169.6,78210.0,78169.5,78210.0,0.52536606,2026-05-02 11:15:00+00:00
1777721400000,78210.0,78210.0,78135.0,78138.7,1.56669897,2026-05-02 11:30:00+00:00
1777722300000,78155.8,78155.8,78105.0,78134.9,1.86702212,2026-05-02 11:45:00+00:00
1777723200000,78134.9,78162.8,78120.0,78135.1,5.01459801,2026-05-02 12:00:00+00:00
1777724100000,78135.2,78259.1,78135.1,78240.1,2.65895568,2026-05-02 12:15:00+00:00
1777725000000,78240.3,78254.7,78194.9,78221.4,1.21186992,2026-05-02 12:30:00+00:00
1777725900000,78221.3,78221.4,78195.0,78195.1,0.51865343,2026-05-02 12:45:00+00:00
1777726800000,78195.1,78412.3,78195.0,78412.2,13.71800191,2026-05-02 13:00:00+00:00
1777727700000,78412.2,78412.2,78300.0,78300.0,15.31985911,2026-05-02 13:15:00+00:00
1777728600000,78300.7,78345.0,78289.1,78345.0,3.39609364,2026-05-02 13:30:00+00:00
1777729500000,78345.0,78360.0,78330.0,78357.0,3.79763395,2026-05-02 13:45:00+00:00
1777730400000,78357.0,78385.9,78315.0,78315.1,1.09106918,2026-05-02 14:00:00+00:00
1777731300000,78315.1,78454.3,78315.0,78405.0,7.09162186,2026-05-02 14:15:00+00:00
1777732200000,78405.1,78459.9,78372.7,78380.0,2.61961591,2026-05-02 14:30:00+00:00
1777733100000,78380.0,78454.6,78379.9,78420.1,2.99765777,2026-05-02 14:45:00+00:00
1777734000000,78420.1,78464.9,78420.0,78429.0,2.90801598,2026-05-02 15:00:00+00:00
1777734900000,78429.1,78431.4,78364.1,78367.8,2.8503207,2026-05-02 15:15:00+00:00
1777735800000,78367.9,78435.0,78367.8,78433.5,1.59385103,2026-05-02 15:30:00+00:00
1777736700000,78433.5,78473.6,78405.9,78473.6,0.86419458,2026-05-02 15:45:00+00:00
1777737600000,78467.9,78544.4,78465.4,78536.8,15.71329163,2026-05-02 16:00:00+00:00
1777738500000,78536.8,78567.5,78510.0,78510.1,5.08961832,2026-05-02 16:15:00+00:00
1777739400000,78510.1,78510.1,78426.5,78426.5,4.46091103,2026-05-02 16:30:00+00:00
1777740300000,78426.5,78465.0,78426.4,78454.9,0.77987079,2026-05-02 16:45:00+00:00
1777741200000,78454.9,78454.9,78413.2,78420.9,22.25401502,2026-05-02 17:00:00+00:00
1777742100000,78424.3,78445.4,78405.9,78405.9,26.50324698,2026-05-02 17:15:00+00:00
1777743000000,78412.1,78465.0,78412.1,78414.5,2.14071486,2026-05-02 17:30:00+00:00
1777743900000,78414.5,78421.8,78379.4,78389.0,0.89271729,2026-05-02 17:45:00+00:00
1777744800000,78389.0,78389.0,78311.1,78314.1,0.74861618,2026-05-02 18:00:00+00:00
1777745700000,78314.1,78368.8,78303.2,78364.2,0.88283569,2026-05-02 18:15:00+00:00
1777746600000,78364.3,78432.9,78364.2,78405.0,2.16620964,2026-05-02 18:30:00+00:00
1777747500000,78405.0,78455.0,78405.0,78454.8,3.36696677,2026-05-02 18:45:00+00:00
1777748400000,78454.9,78480.0,78435.0,78447.1,27.54430799,2026-05-02 19:00:00+00:00
1777749300000,78449.6,78463.9,78436.7,78437.7,13.49243659,2026-05-02 19:15:00+00:00
1777750200000,78441.1,78488.0,78439.2,78488.0,2.59642161,2026-05-02 19:30:00+00:00
1777751100000,78487.9,78490.0,78465.3,78485.4,12.08721327,2026-05-02 19:45:00+00:00
1777752000000,78485.6,78485.7,78439.4,78439.5,2.32831183,2026-05-02 20:00:00+00:00
1777752900000,78439.5,78439.5,78439.4,78439.5,0.34243826,2026-05-02 20:15:00+00:00
1777753800000,78439.5,78477.9,78439.4,78450.1,3.16040076,2026-05-02 20:30:00+00:00
1777754700000,78450.1,78452.6,78430.0,78450.6,2.63268618,2026-05-02 20:45:00+00:00
1777755600000,78450.6,78519.8,78450.6,78465.0,6.62328097,2026-05-02 21:00:00+00:00
1777756500000,78465.1,78492.5,78455.6,78492.3,1.51942865,2026-05-02 21:15:00+00:00
1777757400000,78492.4,79140.0,78492.3,78795.0,75.57390002,2026-05-02 21:30:00+00:00
1777758300000,78795.0,78900.0,78723.3,78723.4,158.55876427,2026-05-02 21:45:00+00:00
1777759200000,78723.4,78784.2,78676.8,78760.6,10.9140203,2026-05-02 22:00:00+00:00
1777760100000,78765.0,78777.0,78612.1,78618.2,21.49327013,2026-05-02 22:15:00+00:00
1777761000000,78618.2,78747.7,78618.1,78660.9,4.0585458,2026-05-02 22:30:00+00:00
1777761900000,78664.6,78869.4,78664.5,78831.3,3.55414975,2026-05-02 22:45:00+00:00
1777762800000,78831.4,78831.4,78705.1,78758.4,2.72810621,2026-05-02 23:00:00+00:00
1777763700000,78758.4,78780.0,78735.0,78780.0,1.574816,2026-05-02 23:15:00+00:00
1777764600000,78780.0,78807.6,78690.0,78692.7,1.50183108,2026-05-02 23:30:00+00:00
1777765500000,78692.7,78692.7,78645.0,78660.0,1.29998301,2026-05-02 23:45:00+00:00
1777766400000,78660.0,78764.8,78555.0,78575.9,5.36915786,2026-05-03 00:00:00+00:00
1777767300000,78576.0,78618.9,78510.0,78618.8,1.64692945,2026-05-03 00:15:00+00:00
1777768200000,78618.9,78662.8,78618.9,78630.0,2.29652212,2026-05-03 00:30:00+00:00
1777769100000,78630.1,78640.3,78510.0,78510.1,10.6262352,2026-05-03 00:45:00+00:00
1777770000000,78510.1,78510.1,78294.0,78353.3,14.92695082,2026-05-03 01:00:00+00:00
1777770900000,78353.4,78357.8,78234.9,78254.3,10.63360195,2026-05-03 01:15:00+00:00
1777771800000,78254.4,78254.4,78150.2,78202.2,3.72871392,2026-05-03 01:30:00+00:00
1777772700000,78202.3,78254.4,78202.2,78247.6,7.49882815,2026-05-03 01:45:00+00:00
1777773600000,78247.6,78284.9,78104.7,78165.0,17.08391636,2026-05-03 02:00:00+00:00
1777774500000,78165.0,78165.0,78105.7,78107.2,3.15725652,2026-05-03 02:15:00+00:00
1777775400000,78107.2,78148.6,78099.9,78130.0,77.49279068,2026-05-03 02:30:00+00:00
1777776300000,78130.1,78171.0,78130.0,78162.6,2.88109061,2026-05-03 02:45:00+00:00
1777777200000,78162.7,78162.7,78130.0,78130.1,7.6040713,2026-05-03 03:00:00+00:00
1777778100000,78130.1,78130.1,78126.0,78126.1,1.65587082,2026-05-03 03:15:00+00:00
1777779000000,78126.1,78179.7,78126.0,78135.1,1.51393625,2026-05-03 03:30:00+00:00
1777779900000,78135.0,78195.0,78126.1,78180.0,2.75498562,2026-05-03 03:45:00+00:00
1777780800000,78180.0,78180.0,78120.0,78120.1,2.15092056,2026-05-03 04:00:00+00:00
1777781700000,78120.1,78200.0,78120.1,78200.0,1.63552406,2026-05-03 04:15:00+00:00
1777782600000,78200.0,78200.0,78181.1,78181.2,0.33625186,2026-05-03 04:30:00+00:00
1777783500000,78181.2,78181.2,78149.9,78150.1,0.9699489,2026-05-03 04:45:00+00:00
1777784400000,78150.1,78222.0,78150.1,78222.0,4.07672437,2026-05-03 05:00:00+00:00
1777785300000,78222.0,78222.0,78221.9,78222.0,0.4737628,2026-05-03 05:15:00+00:00
1777786200000,78222.0,78222.1,78221.9,78221.9,6.66027784,2026-05-03 05:30:00+00:00
1777787100000,78221.9,78225.0,78214.5,78224.9,2.26393556,2026-05-03 05:45:00+00:00
1777788000000,78225.0,78225.0,78147.7,78163.8,1.992695,2026-05-03 06:00:00+00:00
1777788900000,78155.1,78155.1,78078.7,78088.9,7.96502834,2026-05-03 06:15:00+00:00
1777789800000,78089.0,78135.0,78088.9,78124.9,6.76488413,2026-05-03 06:30:00+00:00
1777790700000,78124.9,78300.0,78124.8,78270.0,8.01207804,2026-05-03 06:45:00+00:00
1777791600000,78270.1,78416.2,78270.0,78360.0,1.78930005,2026-05-03 07:00:00+00:00
1777792500000,78360.1,78441.9,78347.4,78408.6,4.51538451,2026-05-03 07:15:00+00:00
1777793400000,78408.7,78434.9,78375.9,78382.3,5.36233552,2026-05-03 07:30:00+00:00
1777794300000,78382.3,78393.9,78360.0,78360.1,1.63908506,2026-05-03 07:45:00+00:00
1777795200000,78360.1,78465.0,78360.0,78439.9,7.11713053,2026-05-03 08:00:00+00:00
1777796100000,78438.1,78470.3,78422.8,78422.8,1.17339141,2026-05-03 08:15:00+00:00
1777797000000,78422.9,78422.9,78392.1,78411.9,2.05767997,2026-05-03 08:30:00+00:00
1777797900000,78412.0,78450.0,78389.9,78389.9,0.50010488,2026-05-03 08:45:00+00:00
1777798800000,78390.0,78405.0,78352.9,78405.0,8.17413318,2026-05-03 09:00:00+00:00
1777799700000,78405.0,78516.2,78404.9,78498.5,2.59646943,2026-05-03 09:15:00+00:00
1777800600000,78498.5,78580.3,78466.1,78525.1,22.77265895,2026-05-03 09:30:00+00:00
1777801500000,78525.1,78536.5,78498.2,78536.4,7.4332022,2026-05-03 09:45:00+00:00
1777802400000,78536.5,78536.5,78435.5,78459.9,0.98016333,2026-05-03 10:00:00+00:00
1777803300000,78460.0,78478.7,78435.5,78435.5,6.73622016,2026-05-03 10:15:00+00:00
1777804200000,78435.6,78455.6,78435.5,78441.8,0.25403171,2026-05-03 10:30:00+00:00
1777805100000,78441.8,78441.8,78412.5,78412.5,0.95437557,2026-05-03 10:45:00+00:00
1777806000000,78412.6,78540.0,78390.0,78536.7,3.70821591,2026-05-03 11:00:00+00:00
1777806900000,78536.8,78536.8,78496.8,78503.0,0.35053486,2026-05-03 11:15:00+00:00
1777807800000,78502.9,78735.0,78502.9,78708.2,10.06643288,2026-05-03 11:30:00+00:00
1777808700000,78708.2,78837.1,78645.0,78649.3,36.3118709,2026-05-03 11:45:00+00:00
1777809600000,78649.3,78883.2,78649.2,78847.9,19.56641116,2026-05-03 12:00:00+00:00
1777810500000,78848.3,78848.9,78761.4,78771.3,2.0062387,2026-05-03 12:15:00+00:00
1777811400000,78771.3,78773.9,78674.5,78773.4,29.19777712,2026-05-03 12:30:00+00:00
1777812300000,78773.4,78800.0,78726.0,78726.1,32.90584089,2026-05-03 12:45:00+00:00
1777813200000,78726.1,78742.3,78703.4,78731.2,12.57291183,2026-05-03 13:00:00+00:00
1777814100000,78731.1,78734.5,78608.2,78608.2,2.58573289,2026-05-03 13:15:00+00:00
1777815000000,78608.3,78660.7,78586.1,78589.2,15.21200392,2026-05-03 13:30:00+00:00
1777815900000,78589.2,78674.9,78589.1,78661.0,5.80500275,2026-05-03 13:45:00+00:00
1777816800000,78661.1,78743.2,78661.0,78713.4,2.70800836,2026-05-03 14:00:00+00:00
1777817700000,78713.5,78735.0,78611.2,78665.4,3.27202236,2026-05-03 14:15:00+00:00
1777818600000,78665.5,78690.0,78665.4,78685.1,0.85450613,2026-05-03 14:30:00+00:00
1777819500000,78685.1,78765.0,78667.1,78721.3,54.34062372,2026-05-03 14:45:00+00:00
1777820400000,78721.4,78784.9,78721.4,78731.8,1.16077145,2026-05-03 15:00:00+00:00
1777821300000,78731.8,78738.2,78712.4,78737.3,6.20462886,2026-05-03 15:15:00+00:00
1777822200000,78737.4,78760.0,78666.5,78694.6,7.62976934,2026-05-03 15:30:00+00:00
1777823100000,78694.6,78694.6,78630.0,78652.4,3.36216544,2026-05-03 15:45:00+00:00
1777824000000,78650.6,78675.0,78606.7,78611.8,2.91493156,2026-05-03 16:00:00+00:00
1777824900000,78611.9,78644.9,78600.0,78644.9,1.69215777,2026-05-03 16:15:00+00:00
1777825800000,78645.0,78765.0,78644.9,78712.8,3.91810262,2026-05-03 16:30:00+00:00
1777826700000,78712.8,78723.9,78660.0,78660.1,3.27122673,2026-05-03 16:45:00+00:00
1777827600000,78660.1,78690.0,78566.8,78674.0,4.95975588,2026-05-03 17:00:00+00:00
1777828500000,78674.0,78765.0,78673.9,78720.9,1.00960714,2026-05-03 17:15:00+00:00
1777829400000,78720.9,78799.0,78720.8,78785.0,7.04985008,2026-05-03 17:30:00+00:00
1777830300000,78784.9,78785.0,78723.7,78723.8,5.78642525,2026-05-03 17:45:00+00:00
1777831200000,78723.8,78723.8,78653.3,78656.9,3.32117464,2026-05-03 18:00:00+00:00
1777832100000,78656.8,78720.0,78640.0,78720.0,1.14353017,2026-05-03 18:15:00+00:00
1777833000000,78720.0,78720.0,78657.8,78664.1,14.92453544,2026-05-03 18:30:00+00:00
1777833900000,78665.5,78733.7,78665.5,78733.3,1.42967626,2026-05-03 18:45:00+00:00
1777834800000,78733.3,78733.3,78700.0,78700.1,8.2457094,2026-05-03 19:00:00+00:00
1777835700000,78700.0,78700.5,78672.3,78672.3,12.45007845,2026-05-03 19:15:00+00:00
1777836600000,78675.5,78825.0,78675.5,78780.2,11.45026374,2026-05-03 19:30:00+00:00
1777837500000,78780.2,78794.7,78743.6,78743.6,13.42544446,2026-05-03 19:45:00+00:00
1777838400000,78745.6,78765.0,78717.4,78717.4,10.38523188,2026-05-03 20:00:00+00:00
1777839300000,78720.6,78977.3,78720.5,78897.2,18.87878989,2026-05-03 20:15:00+00:00
1777840200000,78897.2,79240.0,78897.2,79005.0,46.00631432,2026-05-03 20:30:00+00:00
1777841100000,79005.0,79013.2,78845.8,78913.9,11.96497021,2026-05-03 20:45:00+00:00
1777842000000,78913.9,79050.0,78857.0,79020.1,9.5022606,2026-05-03 21:00:00+00:00
1777842900000,79020.1,79020.1,78907.1,78915.9,8.67311255,2026-05-03 21:15:00+00:00
1777843800000,78915.9,78919.6,78660.0,78670.0,13.42276172,2026-05-03 21:30:00+00:00
1777844700000,78684.2,78827.3,78674.1,78827.3,16.33416653,2026-05-03 21:45:00+00:00
1777845600000,78827.3,79333.0,78827.3,79233.5,69.73642442,2026-05-03 22:00:00+00:00
1777846500000,79233.6,79400.0,78957.3,79057.4,38.16199761,2026-05-03 22:15:00+00:00
1777847400000,79062.2,79289.3,79000.0,79250.4,4.61680354,2026-05-03 22:30:00+00:00
1777848300000,79250.5,79348.1,79155.1,79166.4,5.26023571,2026-05-03 22:45:00+00:00
1777849200000,79166.4,79275.0,79050.0,79050.0,4.86294624,2026-05-03 23:00:00+00:00
1777850100000,79050.1,79050.1,78636.9,78655.1,10.55060394,2026-05-03 23:15:00+00:00
1777851000000,78655.0,78714.1,78581.0,78583.3,9.13226648,2026-05-03 23:30:00+00:00
1777851900000,78583.3,78584.0,78489.2,78547.4,13.31419383,2026-05-03 23:45:00+00:00
1777852800000,78547.4,78555.0,78411.6,78494.9,16.09242167,2026-05-04 00:00:00+00:00
1777853700000,78495.0,78495.0,78267.0,78360.1,10.80425503,2026-05-04 00:15:00+00:00
1777854600000,78360.1,78413.8,78330.0,78375.0,4.53763898,2026-05-04 00:30:00+00:00
1777855500000,78375.0,78545.9,78375.0,78540.2,6.71596414,2026-05-04 00:45:00+00:00
1777856400000,78540.2,78550.0,78410.0,78440.4,6.67241135,2026-05-04 01:00:00+00:00
1777857300000,78440.5,78586.8,78420.0,78577.4,10.6042865,2026-05-04 01:15:00+00:00
1777858200000,78577.5,79110.8,78577.4,78783.2,22.34239732,2026-05-04 01:30:00+00:00
1777859100000,78783.2,79800.0,78783.2,79735.5,142.9424553,2026-05-04 01:45:00+00:00
1777860000000,79735.6,80101.0,79528.9,79902.6,174.19795856,2026-05-04 02:00:00+00:00
1777860900000,79902.6,79904.7,79605.6,79690.7,43.14035973,2026-05-04 02:15:00+00:00
1777861800000,79692.5,80336.6,79692.5,80138.8,48.13563095,2026-05-04 02:30:00+00:00
1777862700000,80138.9,80395.0,80012.9,80142.8,48.68190677,2026-05-04 02:45:00+00:00
1777863600000,80150.4,80442.5,79976.5,80339.5,20.84016484,2026-05-04 03:00:00+00:00
1777864500000,80339.6,80349.8,80031.4,80099.9,15.67115172,2026-05-04 03:15:00+00:00
1777865400000,80100.4,80100.4,79920.0,79964.9,40.14253988,2026-05-04 03:30:00+00:00
1777866300000,79965.0,80299.4,79959.8,80299.4,25.79861269,2026-05-04 03:45:00+00:00
1777867200000,80299.4,80468.0,80299.3,80413.7,23.61081554,2026-05-04 04:00:00+00:00
1777868100000,80427.9,80597.2,80230.3,80328.1,51.24419973,2026-05-04 04:15:00+00:00
1777869000000,80328.7,80407.1,80282.8,80328.3,4.86240618,2026-05-04 04:30:00+00:00
1777869900000,80328.3,80359.8,80223.1,80311.7,9.89730379,2026-05-04 04:45:00+00:00
1777870800000,80311.8,80372.0,80113.5,80128.7,22.89803311,2026-05-04 05:00:00+00:00
1777871700000,80128.7,80134.9,79978.7,80024.8,90.44947317,2026-05-04 05:15:00+00:00
1777872600000,80000.3,80093.3,79969.1,80064.8,4.3211313,2026-05-04 05:30:00+00:00
1777873500000,80064.8,80064.8,79999.6,79999.6,9.16727664,2026-05-04 05:45:00+00:00
1777874400000,79999.7,80021.4,79912.2,79912.3,8.7353705,2026-05-04 06:00:00+00:00
1777875300000,79912.3,79912.3,79485.2,79676.3,33.61802873,2026-05-04 06:15:00+00:00
1777876200000,79676.3,79783.8,79635.1,79753.3,25.52232357,2026-05-04 06:30:00+00:00
1777877100000,79753.3,79950.0,79753.2,79870.8,7.74610772,2026-05-04 06:45:00+00:00
1777878000000,79870.9,79920.0,79817.9,79860.0,1.50269393,2026-05-04 07:00:00+00:00
1777878900000,79860.0,79889.9,79824.4,79836.3,4.31940795,2026-05-04 07:15:00+00:00
1777879800000,79836.3,79848.7,79688.1,79818.3,7.46513865,2026-05-04 07:30:00+00:00
1777880700000,79818.3,79888.0,79680.0,79689.7,18.36580342,2026-05-04 07:45:00+00:00
1777881600000,79689.7,79770.0,79605.0,79770.0,17.53819596,2026-05-04 08:00:00+00:00
1777882500000,79770.0,79785.0,79630.7,79725.0,13.222715,2026-05-04 08:15:00+00:00
1777883400000,79725.0,79745.8,79695.0,79704.6,3.55544489,2026-05-04 08:30:00+00:00
1777884300000,79704.6,79740.0,79620.1,79710.2,3.60625004,2026-05-04 08:45:00+00:00
1777885200000,79710.2,79750.2,79650.1,79718.1,14.98584894,2026-05-04 09:00:00+00:00
1777886100000,79718.2,79785.0,79700.9,79721.9,3.24692342,2026-05-04 09:15:00+00:00
1777887000000,79718.8,79855.5,79692.5,79855.4,12.66361244,2026-05-04 09:30:00+00:00
1777887900000,79855.5,79912.7,79785.0,79849.3,17.60118443,2026-05-04 09:45:00+00:00
1777888800000,79845.1,79863.1,78600.0,78731.6,127.61263745,2026-05-04 10:00:00+00:00
1777889700000,78731.6,78750.0,78209.2,78503.0,77.69480305,2026-05-04 10:15:00+00:00
1777890600000,78503.1,79005.3,78465.0,78930.0,50.3246128,2026-05-04 10:30:00+00:00
1777891500000,78929.9,79077.9,78844.8,78931.2,40.13140097,2026-05-04 10:45:00+00:00
1777892400000,78935.9,79053.7,78915.0,79039.8,9.29372468,2026-05-04 11:00:00+00:00
1777893300000,79037.5,79123.1,78940.0,78940.0,5.56155985,2026-05-04 11:15:00+00:00
1777894200000,78940.0,78940.1,78696.4,78724.6,38.14000697,2026-05-04 11:30:00+00:00
1777895100000,78724.6,78851.5,78721.4,78787.7,14.83749195,2026-05-04 11:45:00+00:00
1777896000000,78787.7,78826.9,78713.1,78788.6,5.74219601,2026-05-04 12:00:00+00:00
1777896900000,78788.6,79000.0,78750.9,78945.0,8.01373083,2026-05-04 12:15:00+00:00
1777897800000,78945.1,78987.1,78845.6,78981.5,8.10639409,2026-05-04 12:30:00+00:00
1777898700000,78981.5,79000.0,78852.6,78869.9,16.87911365,2026-05-04 12:45:00+00:00
1777899600000,78852.5,78959.1,78589.7,78928.1,42.34811289,2026-05-04 13:00:00+00:00
1777900500000,78928.0,79038.1,78900.0,78959.3,22.47879519,2026-05-04 13:15:00+00:00
1777901400000,78958.6,79110.0,78840.0,78864.6,26.32653274,2026-05-04 13:30:00+00:00
1777902300000,78864.6,78922.0,78705.9,78779.4,20.01187823,2026-05-04 13:45:00+00:00
1777903200000,78779.4,78971.2,78510.0,78971.2,21.8604721,2026-05-04 14:00:00+00:00
1777904100000,78971.2,79380.0,78959.9,79265.0,32.81428486,2026-05-04 14:15:00+00:00
1777905000000,79261.5,79564.9,79245.0,79530.1,28.35556609,2026-05-04 14:30:00+00:00
1777905900000,79530.0,80517.9,79530.0,80235.0,115.0502763,2026-05-04 14:45:00+00:00
1777906800000,80224.7,80361.8,79940.3,80100.0,79.58688732,2026-05-04 15:00:00+00:00
1777907700000,80099.9,80200.0,79350.0,79700.0,70.10667407,2026-05-04 15:15:00+00:00
1777908600000,79695.0,79934.1,79487.7,79905.6,43.59420468,2026-05-04 15:30:00+00:00
1777909500000,79909.1,80098.2,79564.4,80024.3,62.84514802,2026-05-04 15:45:00+00:00
1777910400000,80024.3,80067.6,79676.2,79714.0,25.93034101,2026-05-04 16:00:00+00:00
1777911300000,79714.0,80382.7,79624.6,80238.9,26.96934889,2026-05-04 16:15:00+00:00
1777912200000,80238.9,80360.1,80148.7,80299.9,37.94066558,2026-05-04 16:30:00+00:00
1777913100000,80290.4,80315.0,79980.0,80027.1,13.63877054,2026-05-04 16:45:00+00:00
1777914000000,80027.1,80440.2,80024.9,80382.7,31.36833494,2026-05-04 17:00:00+00:00
1777914900000,80382.7,80500.0,80362.2,80446.2,22.05637244,2026-05-04 17:15:00+00:00
1777915800000,80443.4,80443.4,80270.6,80290.6,34.07126318,2026-05-04 17:30:00+00:00
1777916700000,80290.5,80770.7,80262.6,80395.0,59.76504874,2026-05-04 17:45:00+00:00
1777917600000,80395.0,80424.7,80274.4,80362.7,17.84093869,2026-05-04 18:00:00+00:00
1777918500000,80362.7,80362.7,80145.5,80256.1,37.23754927,2026-05-04 18:15:00+00:00
1777919400000,80253.9,80299.3,80163.0,80163.1,5.76475465,2026-05-04 18:30:00+00:00
1777920300000,80163.0,80163.1,80028.4,80105.1,17.91357954,2026-05-04 18:45:00+00:00
1777921200000,80105.1,80130.9,79920.0,80074.1,29.23172182,2026-05-04 19:00:00+00:00
1777922100000,80074.2,80074.2,79900.0,79931.8,30.82772731,2026-05-04 19:15:00+00:00
1777923000000,79931.8,79988.4,79905.0,79965.0,43.76490261,2026-05-04 19:30:00+00:00
1777923900000,79965.0,80078.6,79964.9,80043.4,24.34107959,2026-05-04 19:45:00+00:00
1777924800000,80043.4,80159.6,79952.9,80132.5,137.0916859,2026-05-04 20:00:00+00:00
1777925700000,80132.6,80159.6,79950.0,80030.6,57.45363669,2026-05-04 20:15:00+00:00
1777926600000,80030.6,80041.2,79905.0,79913.1,12.92645969,2026-05-04 20:30:00+00:00
1777927500000,79913.1,80002.2,79913.1,79933.7,8.06171851,2026-05-04 20:45:00+00:00
1777928400000,79933.8,80142.9,79933.8,80110.8,3.9856798,2026-05-04 21:00:00+00:00
1777929300000,80110.8,80285.4,80081.4,80192.2,8.687956,2026-05-04 21:15:00+00:00
1777930200000,80192.3,80278.4,80192.3,80237.0,3.47800598,2026-05-04 21:30:00+00:00
1777931100000,80237.0,80372.4,80237.0,80250.1,9.79559526,2026-05-04 21:45:00+00:00
1777932000000,80250.1,80373.0,80250.0,80348.6,5.32878872,2026-05-04 22:00:00+00:00
1777932900000,80348.6,80397.7,80258.6,80258.7,8.96698782,2026-05-04 22:15:00+00:00
1777933800000,80258.6,80260.3,80116.9,80119.0,6.02470871,2026-05-04 22:30:00+00:00
1777934700000,80119.1,80188.9,79931.3,80051.5,118.85137685,2026-05-04 22:45:00+00:00
1777935600000,80051.6,80052.9,79908.6,79910.1,11.26831221,2026-05-04 23:00:00+00:00
1777936500000,79913.1,79948.6,79868.4,79948.6,8.13753509,2026-05-04 23:15:00+00:00
1777937400000,79948.5,79948.5,79746.4,79754.0,7.57250124,2026-05-04 23:30:00+00:00
1777938300000,79753.9,79847.6,79743.1,79843.7,18.40876484,2026-05-04 23:45:00+00:00
1777939200000,79843.8,79994.5,79808.0,79943.1,9.83872128,2026-05-05 00:00:00+00:00
1777940100000,79946.3,79950.0,79860.0,79860.0,4.41812656,2026-05-05 00:15:00+00:00
1777941000000,79858.5,80142.4,79858.4,80076.3,12.81758362,2026-05-05 00:30:00+00:00
1777941900000,80087.5,80171.5,80039.5,80167.8,14.38743177,2026-05-05 00:45:00+00:00
1777942800000,80167.8,80238.1,80062.7,80206.3,5.52208148,2026-05-05 01:00:00+00:00
1777943700000,80214.0,80277.1,80188.2,80259.1,9.04701331,2026-05-05 01:15:00+00:00
1777944600000,80256.5,80300.0,80162.3,80255.0,6.27731148,2026-05-05 01:30:00+00:00
1777945500000,80236.8,80379.2,80236.8,80343.4,9.43559925,2026-05-05 01:45:00+00:00
1777946400000,80343.4,80500.0,80308.3,80423.9,17.10324836,2026-05-05 02:00:00+00:00
1777947300000,80423.9,80500.0,80371.5,80473.2,7.67280922,2026-05-05 02:15:00+00:00
1777948200000,80473.1,80779.2,80439.3,80779.2,15.77798117,2026-05-05 02:30:00+00:00
1777949100000,80779.2,80900.0,80506.8,80529.0,36.33224193,2026-05-05 02:45:00+00:00
1777950000000,80535.4,80693.2,80457.3,80671.8,2.06580913,2026-05-05 03:00:00+00:00
1777950900000,80671.9,80827.2,80625.5,80788.9,15.28629037,2026-05-05 03:15:00+00:00
1777951800000,80789.0,81064.0,80751.9,80910.1,52.36902895,2026-05-05 03:30:00+00:00
1777952700000,80907.1,80920.8,80808.0,80879.3,6.55979246,2026-05-05 03:45:00+00:00
1777953600000,80878.7,80973.2,80779.1,80787.0,7.42280933,2026-05-05 04:00:00+00:00
1777954500000,80787.0,80911.4,80783.0,80788.0,17.40861808,2026-05-05 04:15:00+00:00
1777955400000,80787.4,80837.1,80713.1,80754.6,4.45816065,2026-05-05 04:30:00+00:00
1777956300000,80754.3,80949.6,80717.0,80891.3,8.59302062,2026-05-05 04:45:00+00:00
1777957200000,80890.4,80947.8,80828.1,80882.4,9.0167145,2026-05-05 05:00:00+00:00
1777958100000,80882.3,81166.2,80879.8,81065.7,66.17957962,2026-05-05 05:15:00+00:00
1777959000000,81065.6,81303.3,81020.9,81034.0,30.51137259,2026-05-05 05:30:00+00:00
1777959900000,81034.0,81044.8,80917.7,80972.5,10.16401448,2026-05-05 05:45:00+00:00
1777960800000,80972.5,80989.9,80895.5,80969.4,6.51890438,2026-05-05 06:00:00+00:00
1777961700000,80956.9,80968.8,80808.3,80810.0,5.56946729,2026-05-05 06:15:00+00:00
1777962600000,80809.9,80868.3,80808.3,80811.4,8.73039817,2026-05-05 06:30:00+00:00
1777963500000,80819.6,80964.0,80819.6,80964.0,6.51076573,2026-05-05 06:45:00+00:00
1777964400000,80964.1,81005.3,80888.1,81005.2,24.10391987,2026-05-05 07:00:00+00:00
1777965300000,81005.2,81073.8,80961.9,81042.9,4.56961636,2026-05-05 07:15:00+00:00
1777966200000,81042.9,81123.8,81015.0,81025.0,4.21796829,2026-05-05 07:30:00+00:00
1777967100000,81025.1,81025.1,80835.0,80858.9,28.33458307,2026-05-05 07:45:00+00:00
1777968000000,80850.1,80888.8,80850.0,80878.6,10.27067842,2026-05-05 08:00:00+00:00
1777968900000,80878.6,80890.9,80824.0,80836.8,21.09241081,2026-05-05 08:15:00+00:00
1777969800000,80837.7,80862.3,80720.0,80733.7,60.63854439,2026-05-05 08:30:00+00:00
1777970700000,80733.7,80819.3,80733.6,80783.4,1.50234563,2026-05-05 08:45:00+00:00
1777971600000,80800.0,80800.0,80666.7,80673.2,2.57318641,2026-05-05 09:00:00+00:00
1777972500000,80670.7,80670.7,80602.7,80656.0,13.4862745,2026-05-05 09:15:00+00:00
1777973400000,80656.0,80693.6,80570.0,80582.2,11.32094337,2026-05-05 09:30:00+00:00
1777974300000,80582.3,80604.3,80520.0,80572.4,11.52962931,2026-05-05 09:45:00+00:00
1777975200000,80572.5,80698.1,80526.3,80686.0,13.52580788,2026-05-05 10:00:00+00:00
1777976100000,80685.9,80731.4,80684.8,80729.6,2.2662107,2026-05-05 10:15:00+00:00
1777977000000,80729.6,80825.9,80729.5,80825.8,4.67597468,2026-05-05 10:30:00+00:00
1777977900000,80825.9,80837.9,80749.9,80829.6,3.64133499,2026-05-05 10:45:00+00:00
1777978800000,80829.7,80983.9,80778.4,80959.9,10.42339422,2026-05-05 11:00:00+00:00
1777979700000,80950.0,81000.0,80834.2,80953.6,106.56044165,2026-05-05 11:15:00+00:00
1777980600000,80953.6,81080.2,80937.5,81037.5,7.56771021,2026-05-05 11:30:00+00:00
1777981500000,81037.6,81068.2,80880.2,81021.5,38.55950884,2026-05-05 11:45:00+00:00
1777982400000,81020.4,81119.2,80939.4,81109.5,5.04222366,2026-05-05 12:00:00+00:00
1777983300000,81104.1,81248.4,81087.3,81239.9,15.80431941,2026-05-05 12:15:00+00:00
1777984200000,81239.9,81299.9,81194.7,81299.9,11.52346328,2026-05-05 12:30:00+00:00
1777985100000,81299.9,81314.0,81202.4,81279.7,8.56563966,2026-05-05 12:45:00+00:00
1777986000000,81279.8,81666.0,81267.5,81637.2,74.63113522,2026-05-05 13:00:00+00:00
1777986900000,81637.2,81708.9,81450.0,81465.2,86.87649411,2026-05-05 13:15:00+00:00
1777987800000,81469.1,81554.8,81213.6,81410.6,90.60517989,2026-05-05 13:30:00+00:00
1777988700000,81417.6,81653.0,81202.3,81371.0,32.80294672,2026-05-05 13:45:00+00:00
1777989600000,81354.3,81439.8,81111.0,81118.5,138.46025687,2026-05-05 14:00:00+00:00
1777990500000,81111.1,81430.0,80963.7,81404.4,38.65069515,2026-05-05 14:15:00+00:00
1777991400000,81409.1,81482.6,81125.0,81243.5,22.21689946,2026-05-05 14:30:00+00:00
1777992300000,81243.5,81388.6,81145.7,81337.7,29.23024297,2026-05-05 14:45:00+00:00
1777993200000,81339.2,81650.0,81253.3,81572.8,36.30468417,2026-05-05 15:00:00+00:00
1777994100000,81572.9,81661.4,81531.1,81599.9,7.18744969,2026-05-05 15:15:00+00:00
1777995000000,81600.0,81676.6,81570.2,81621.2,21.49402158,2026-05-05 15:30:00+00:00
1777995900000,81621.2,81698.4,81532.4,81535.9,8.44959205,2026-05-05 15:45:00+00:00
1777996800000,81537.3,81599.7,81443.1,81475.3,22.15209457,2026-05-05 16:00:00+00:00
1777997700000,81475.3,81546.8,81353.0,81423.8,20.92158923,2026-05-05 16:15:00+00:00
1777998600000,81425.5,81425.5,81066.8,81075.2,27.0357708,2026-05-05 16:30:00+00:00
1777999500000,81089.1,81300.0,81066.7,81273.2,27.75812468,2026-05-05 16:45:00+00:00
1778000400000,81273.2,81360.8,81207.4,81332.6,8.30422905,2026-05-05 17:00:00+00:00
1778001300000,81334.8,81449.4,81322.6,81421.3,9.9611301,2026-05-05 17:15:00+00:00
1778002200000,81421.4,81421.4,81274.5,81302.4,28.85556142,2026-05-05 17:30:00+00:00
1778003100000,81303.2,81357.4,81283.9,81284.0,12.08244939,2026-05-05 17:45:00+00:00
1778004000000,81284.0,81597.5,81283.9,81568.8,45.96894105,2026-05-05 18:00:00+00:00
1778004900000,81568.9,81568.9,81436.9,81473.7,20.7705649,2026-05-05 18:15:00+00:00
1778005800000,81461.1,81514.8,81420.2,81514.7,10.0445897,2026-05-05 18:30:00+00:00
1778006700000,81514.8,81555.0,81436.9,81526.3,4.7563454,2026-05-05 18:45:00+00:00
1778007600000,81526.3,81526.3,81429.7,81457.3,9.75398921,2026-05-05 19:00:00+00:00
1778008500000,81457.3,81566.0,81426.6,81530.7,12.86665122,2026-05-05 19:15:00+00:00
1778009400000,81529.8,81658.7,81512.2,81650.0,13.43417333,2026-05-05 19:30:00+00:00
1778010300000,81650.0,81659.0,81526.3,81601.0,14.45224877,2026-05-05 19:45:00+00:00
1778011200000,81601.1,81765.4,81512.8,81704.2,44.86004342,2026-05-05 20:00:00+00:00
1778012100000,81704.1,81704.1,81551.1,81558.5,15.80375039,2026-05-05 20:15:00+00:00
1778013000000,81558.6,81727.7,81557.0,81655.0,12.87768425,2026-05-05 20:30:00+00:00
1778013900000,81655.1,81659.3,81580.0,81639.2,24.12625389,2026-05-05 20:45:00+00:00
1778014800000,81641.7,81765.8,81613.4,81613.4,15.80025046,2026-05-05 21:00:00+00:00
1778015700000,81609.8,81632.2,81457.9,81463.0,8.64473245,2026-05-05 21:15:00+00:00
1778016600000,81466.0,81466.1,81333.0,81364.4,12.82391202,2026-05-05 21:30:00+00:00
1778017500000,81364.4,81499.9,81364.3,81422.6,7.34921917,2026-05-05 21:45:00+00:00
1778018400000,81422.7,81597.8,81357.7,81401.3,17.30101871,2026-05-05 22:00:00+00:00
1778019300000,81401.3,81500.0,81337.6,81468.8,14.47712816,2026-05-05 22:15:00+00:00
1778020200000,81445.6,81445.6,80798.5,81000.0,73.7807631,2026-05-05 22:30:00+00:00
1778021100000,81000.0,81333.6,80970.2,81113.1,35.71286313,2026-05-05 22:45:00+00:00
1778022000000,81109.7,81219.9,81027.4,81216.9,18.66587011,2026-05-05 23:00:00+00:00
1778022900000,81216.8,81216.8,80880.1,80880.1,19.021732,2026-05-05 23:15:00+00:00
1778023800000,80883.1,80954.8,80794.7,80925.4,8.66579402,2026-05-05 23:30:00+00:00
1778024700000,80925.4,80966.7,80867.8,80900.8,21.41312309,2026-05-05 23:45:00+00:00
1778025600000,80900.1,81248.6,80883.6,81156.0,26.30285143,2026-05-06 00:00:00+00:00
1778026500000,81156.1,81250.0,80929.4,80929.5,10.41570994,2026-05-06 00:15:00+00:00
1778027400000,80929.5,81034.7,80907.9,80908.0,5.767568,2026-05-06 00:30:00+00:00
1778028300000,80907.9,81046.1,80728.1,81031.9,10.58433353,2026-05-06 00:45:00+00:00
1778029200000,81031.9,81140.0,80994.9,81135.9,2.38287216,2026-05-06 01:00:00+00:00
1778030100000,81135.9,81314.1,81135.9,81243.4,14.24698431,2026-05-06 01:15:00+00:00
1778031000000,81243.4,81320.1,81235.8,81312.4,6.26751777,2026-05-06 01:30:00+00:00
1778031900000,81312.4,81499.6,81312.3,81437.0,26.75764292,2026-05-06 01:45:00+00:00
1778032800000,81436.9,81440.0,81265.1,81322.0,45.27539838,2026-05-06 02:00:00+00:00
1778033700000,81321.9,81321.9,81129.4,81142.3,4.85943994,2026-05-06 02:15:00+00:00
1778034600000,81142.2,81253.3,81061.6,81185.0,4.26362927,2026-05-06 02:30:00+00:00
1778035500000,81201.6,81391.1,81201.6,81365.4,4.70016978,2026-05-06 02:45:00+00:00
1778036400000,81369.7,81450.0,81360.1,81418.3,4.66179346,2026-05-06 03:00:00+00:00
1778037300000,81415.8,81771.8,81382.4,81632.8,52.69415378,2026-05-06 03:15:00+00:00
1778038200000,81632.7,81700.0,81536.9,81536.9,5.87317544,2026-05-06 03:30:00+00:00
1778039100000,81537.0,81616.0,81506.8,81577.7,3.54634397,2026-05-06 03:45:00+00:00
1778040000000,81577.7,81641.4,81532.4,81580.1,7.16187876,2026-05-06 04:00:00+00:00
1778040900000,81580.1,81588.5,81431.0,81431.0,22.36732496,2026-05-06 04:15:00+00:00
1778041800000,81431.0,81432.2,81353.0,81389.7,7.13827436,2026-05-06 04:30:00+00:00
1778042700000,81394.2,81480.3,81296.2,81304.4,5.04648721,2026-05-06 04:45:00+00:00
1778043600000,81304.4,81348.0,81275.5,81275.5,0.92900355,2026-05-06 05:00:00+00:00
1778044500000,81276.3,81311.3,81250.0,81250.1,2.29167454,2026-05-06 05:15:00+00:00
1778045400000,81250.0,81250.1,81057.6,81163.9,8.92628027,2026-05-06 05:30:00+00:00
1778046300000,81163.9,81309.3,81163.9,81309.3,2.98855581,2026-05-06 05:45:00+00:00
1778047200000,81309.3,81382.1,81251.5,81251.6,2.86325464,2026-05-06 06:00:00+00:00
1778048100000,81251.6,81373.9,81232.2,81373.9,7.0094176,2026-05-06 06:15:00+00:00
1778049000000,81373.8,81463.4,81338.5,81440.6,7.75147154,2026-05-06 06:30:00+00:00
1778049900000,81440.6,81516.2,81440.6,81482.8,2.12970077,2026-05-06 06:45:00+00:00
1778050800000,81480.3,81602.5,81463.2,81463.2,28.68295511,2026-05-06 07:00:00+00:00
1778051700000,81463.2,81586.0,81463.2,81552.4,0.89992515,2026-05-06 07:15:00+00:00
1778052600000,81552.4,81552.4,81419.6,81419.6,5.26171709,2026-05-06 07:30:00+00:00
1778053500000,81419.6,81434.3,81316.7,81344.1,4.81922758,2026-05-06 07:45:00+00:00
1778054400000,81344.3,81619.9,81321.7,81553.4,56.65361183,2026-05-06 08:00:00+00:00
1778055300000,81553.3,81566.7,81505.4,81557.4,26.00458469,2026-05-06 08:15:00+00:00
1778056200000,81557.5,81880.3,81557.5,81705.1,33.07623236,2026-05-06 08:30:00+00:00
1778057100000,81705.1,81970.0,81629.7,81946.8,52.94772946,2026-05-06 08:45:00+00:00
1778058000000,81942.7,81972.5,81770.7,81810.5,25.00099195,2026-05-06 09:00:00+00:00
1778058900000,81821.2,81845.8,81684.4,81752.2,8.55582004,2026-05-06 09:15:00+00:00
1778059800000,81752.3,82063.1,81752.3,82004.6,142.58373364,2026-05-06 09:30:00+00:00
1778060700000,82004.6,82004.7,81794.6,81967.3,107.54401025,2026-05-06 09:45:00+00:00
1778061600000,81967.4,82122.8,81967.3,82056.6,13.0087488,2026-05-06 10:00:00+00:00
1778062500000,82052.9,82233.8,82005.6,82175.6,26.46579003,2026-05-06 10:15:00+00:00
1778063400000,82175.6,82311.3,82125.0,82264.3,183.2258916,2026-05-06 10:30:00+00:00
1778064300000,82261.8,82386.4,82144.7,82281.0,36.39648677,2026-05-06 10:45:00+00:00
1778065200000,82282.2,82450.0,82276.7,82390.0,43.24127659,2026-05-06 11:00:00+00:00
1778066100000,82390.1,82790.9,82390.1,82661.2,85.09166242,2026-05-06 11:15:00+00:00
1778067000000,82661.3,82704.8,82465.7,82484.2,25.49632992,2026-05-06 11:30:00+00:00
1778067900000,82484.2,82546.9,82451.7,82502.1,9.86758818,2026-05-06 11:45:00+00:00
1778068800000,82502.2,82519.1,82198.7,82198.8,34.4900717,2026-05-06 12:00:00+00:00
1778069700000,82198.8,82474.6,82180.0,82386.0,47.61978124,2026-05-06 12:15:00+00:00
1778070600000,82386.0,82410.2,82298.2,82320.8,3.42754807,2026-05-06 12:30:00+00:00
1778071500000,82320.9,82411.7,82173.3,82216.8,29.52010713,2026-05-06 12:45:00+00:00
1778072400000,82216.9,82216.9,81862.3,82100.3,68.41392261,2026-05-06 13:00:00+00:00
1778073300000,82100.3,82135.0,81896.4,81959.1,17.90828366,2026-05-06 13:15:00+00:00
1778074200000,81959.1,82050.3,81739.4,81906.8,40.85858751,2026-05-06 13:30:00+00:00
1778075100000,81906.8,81906.9,81592.8,81672.6,47.2976634,2026-05-06 13:45:00+00:00
1778076000000,81668.3,81668.3,81149.2,81428.2,59.40024135,2026-05-06 14:00:00+00:00
1778076900000,81428.3,81771.8,81331.8,81627.0,26.27379157,2026-05-06 14:15:00+00:00
1778077800000,81627.0,81852.5,81622.8,81852.5,75.39931537,2026-05-06 14:30:00+00:00
1778078700000,81852.5,81967.0,81468.3,81534.3,26.1943169,2026-05-06 14:45:00+00:00
1778079600000,81534.4,81613.3,81323.8,81389.5,8.62191741,2026-05-06 15:00:00+00:00
1778080500000,81389.5,81819.2,81389.5,81664.7,17.56860151,2026-05-06 15:15:00+00:00
1778081400000,81664.7,81743.8,81477.2,81613.2,10.66078357,2026-05-06 15:30:00+00:00
1778082300000,81621.5,81769.8,81621.5,81700.1,16.54167623,2026-05-06 15:45:00+00:00
1778083200000,81700.1,81871.8,81563.3,81756.6,10.06713674,2026-05-06 16:00:00+00:00
1778084100000,81756.5,81817.5,81525.7,81525.8,13.61591594,2026-05-06 16:15:00+00:00
1778085000000,81525.8,81705.7,81419.2,81696.7,27.18732386,2026-05-06 16:30:00+00:00
1778085900000,81696.7,81777.0,81592.0,81625.0,31.42223431,2026-05-06 16:45:00+00:00
1778086800000,81625.0,81700.0,81546.8,81688.2,38.13602536,2026-05-06 17:00:00+00:00
1778087700000,81688.2,81688.2,81420.0,81496.2,65.80707662,2026-05-06 17:15:00+00:00
1778088600000,81491.2,81537.7,81466.3,81536.6,28.37485839,2026-05-06 17:30:00+00:00
1778089500000,81536.6,81541.1,81408.8,81462.6,6.58583279,2026-05-06 17:45:00+00:00
1778090400000,81462.7,81491.3,81266.2,81454.4,11.53263718,2026-05-06 18:00:00+00:00
1778091300000,81454.5,81552.9,81454.5,81484.3,2.8967326,2026-05-06 18:15:00+00:00
1778092200000,81484.2,81495.7,81278.1,81369.3,7.86269846,2026-05-06 18:30:00+00:00
1778093100000,81369.4,81408.7,81306.0,81361.6,7.67919909,2026-05-06 18:45:00+00:00
1778094000000,81361.6,81399.0,81200.1,81231.2,13.87272797,2026-05-06 19:00:00+00:00
1778094900000,81231.1,81361.7,81209.3,81318.0,20.82033196,2026-05-06 19:15:00+00:00
1778095800000,81318.0,81444.0,81262.8,81431.1,4.38123801,2026-05-06 19:30:00+00:00
1778096700000,81431.0,81491.9,81416.0,81471.5,7.0746408,2026-05-06 19:45:00+00:00
1778097600000,81471.5,81643.3,81462.3,81637.1,11.78983868,2026-05-06 20:00:00+00:00
1778098500000,81637.2,81700.0,81569.5,81569.5,16.29858829,2026-05-06 20:15:00+00:00
1778099400000,81567.8,81567.8,81310.6,81361.9,5.42731835,2026-05-06 20:30:00+00:00
1778100300000,81361.9,81427.9,81319.2,81427.8,4.82115606,2026-05-06 20:45:00+00:00
1778101200000,81427.9,81502.5,81333.0,81369.3,8.00210602,2026-05-06 21:00:00+00:00
1778102100000,81369.3,81445.7,81369.2,81439.1,5.30354937,2026-05-06 21:15:00+00:00
1778103000000,81440.9,81610.0,81422.5,81583.1,5.33793124,2026-05-06 21:30:00+00:00
1778103900000,81583.0,81614.2,81526.6,81534.6,2.18669592,2026-05-06 21:45:00+00:00
1778104800000,81534.6,81534.6,81369.2,81375.9,30.21227424,2026-05-06 22:00:00+00:00
1778105700000,81375.9,81375.9,81229.8,81229.8,4.51786572,2026-05-06 22:15:00+00:00
1778106600000,81229.9,81329.7,81229.8,81315.1,4.44359209,2026-05-06 22:30:00+00:00
1778107500000,81315.1,81385.4,81275.0,81353.7,6.79834675,2026-05-06 22:45:00+00:00
1778108400000,81353.7,81353.7,81000.0,81223.1,38.29310834,2026-05-06 23:00:00+00:00
1778109300000,81223.0,81379.1,81215.7,81379.1,7.85322583,2026-05-06 23:15:00+00:00
1778110200000,81379.1,81385.0,81320.5,81365.9,3.19886881,2026-05-06 23:30:00+00:00
1778111100000,81365.9,81438.0,81324.9,81438.0,3.6041763,2026-05-06 23:45:00+00:00
1778112000000,81438.0,81468.2,81379.3,81436.1,6.8229867,2026-05-07 00:00:00+00:00
1778112900000,81436.1,81436.1,81234.3,81236.8,2.26599632,2026-05-07 00:15:00+00:00
1778113800000,81236.8,81236.8,80961.7,81009.2,10.50256022,2026-05-07 00:30:00+00:00
1778114700000,81009.1,81120.9,80971.5,81018.7,4.65234427,2026-05-07 00:45:00+00:00
1778115600000,81017.0,81140.1,80834.8,81139.5,27.90625017,2026-05-07 01:00:00+00:00
1778116500000,81139.5,81212.3,81002.9,81208.0,8.12834168,2026-05-07 01:15:00+00:00
1778117400000,81205.2,81270.1,81143.5,81252.4,6.74013045,2026-05-07 01:30:00+00:00
1778118300000,81252.4,81255.0,81127.9,81158.2,4.27265341,2026-05-07 01:45:00+00:00
1778119200000,81160.7,81182.2,80941.0,80941.1,10.34257091,2026-05-07 02:00:00+00:00
1778120100000,80941.1,80991.5,80901.0,80904.1,13.43252249,2026-05-07 02:15:00+00:00
1778121000000,80904.1,81041.7,80900.4,80966.4,7.60084335,2026-05-07 02:30:00+00:00
1778121900000,80966.3,81136.1,80966.2,81119.7,6.37766735,2026-05-07 02:45:00+00:00
1778122800000,81119.7,81119.7,81050.0,81050.1,1.44914906,2026-05-07 03:00:00+00:00
1778123700000,81050.1,81055.0,80888.0,80963.8,1.51641262,2026-05-07 03:15:00+00:00
1778124600000,80963.8,81000.0,80929.2,80986.5,3.86240199,2026-05-07 03:30:00+00:00
1778125500000,80981.6,81000.0,80820.4,80825.2,8.63852878,2026-05-07 03:45:00+00:00
1778126400000,80825.2,80883.8,80750.0,80879.6,16.78874237,2026-05-07 04:00:00+00:00
1778127300000,80875.7,80969.5,80854.1,80926.8,14.16008676,2026-05-07 04:15:00+00:00
1778128200000,80926.9,80963.6,80864.0,80885.2,2.26888481,2026-05-07 04:30:00+00:00
1778129100000,80885.2,80981.4,80885.2,80966.2,2.67731716,2026-05-07 04:45:00+00:00
1778130000000,80966.3,81136.1,80966.3,81105.7,5.33003359,2026-05-07 05:00:00+00:00
1778130900000,81105.7,81149.1,81065.5,81103.4,14.84754929,2026-05-07 05:15:00+00:00
1778131800000,81103.4,81131.3,81036.1,81073.8,10.32469359,2026-05-07 05:30:00+00:00
1778132700000,81073.8,81073.8,81000.7,81058.0,3.45418449,2026-05-07 05:45:00+00:00
1778133600000,81058.0,81067.7,80888.0,80890.8,5.44573417,2026-05-07 06:00:00+00:00
1778134500000,80890.8,81017.2,80890.7,81011.8,2.47345977,2026-05-07 06:15:00+00:00
1778135400000,81011.8,81348.8,81011.8,81348.8,21.77085011,2026-05-07 06:30:00+00:00
1778136300000,81348.8,81436.1,81302.1,81436.1,15.85656828,2026-05-07 06:45:00+00:00
1778137200000,81438.6,81654.8,81415.1,81654.8,11.16883382,2026-05-07 07:00:00+00:00
1778138100000,81654.7,81705.0,81570.2,81570.2,22.62243883,2026-05-07 07:15:00+00:00
1778139000000,81570.3,81704.7,81555.6,81591.3,3.90204014,2026-05-07 07:30:00+00:00
1778139900000,81588.4,81598.9,81488.9,81510.7,3.23392654,2026-05-07 07:45:00+00:00
1778140800000,81510.7,81585.9,81468.8,81506.3,2.63015457,2026-05-07 08:00:00+00:00
1778141700000,81506.3,81506.3,81340.1,81415.1,3.51828446,2026-05-07 08:15:00+00:00
1778142600000,81415.0,81469.6,81251.4,81270.1,2.55835353,2026-05-07 08:30:00+00:00
1778143500000,81270.1,81294.3,81206.8,81216.6,2.06926579,2026-05-07 08:45:00+00:00
1778144400000,81216.7,81216.7,81122.2,81147.3,4.69574031,2026-05-07 09:00:00+00:00
1778145300000,81153.3,81204.1,81000.0,81021.4,6.88116294,2026-05-07 09:15:00+00:00
1778146200000,81021.4,81094.3,80851.3,80887.5,42.12320831,2026-05-07 09:30:00+00:00
1778147100000,80887.6,80961.8,80887.5,80935.0,0.79203585,2026-05-07 09:45:00+00:00
1778148000000,80935.1,80976.8,80838.6,80879.0,10.18740913,2026-05-07 10:00:00+00:00
1778148900000,80879.0,80919.1,80585.6,80608.3,34.34823219,2026-05-07 10:15:00+00:00
1778149800000,80608.3,80875.7,80608.2,80872.7,7.21757051,2026-05-07 10:30:00+00:00
1778150700000,80872.7,80888.2,80818.4,80842.0,4.05993814,2026-05-07 10:45:00+00:00
1778151600000,80842.1,81022.6,80831.2,80935.0,56.18083999,2026-05-07 11:00:00+00:00
1778152500000,80934.9,80972.2,80868.8,80900.0,10.37567739,2026-05-07 11:15:00+00:00
1778153400000,80900.1,80980.8,80900.0,80977.0,8.40294106,2026-05-07 11:30:00+00:00
1778154300000,80977.0,80977.0,80800.0,80864.9,20.35280246,2026-05-07 11:45:00+00:00
1778155200000,80864.9,81070.5,80861.0,81070.5,3.87833747,2026-05-07 12:00:00+00:00
1778156100000,81070.4,81070.5,81000.0,81052.3,27.75623215,2026-05-07 12:15:00+00:00
1778157000000,81052.4,81070.5,81014.2,81069.4,13.31372748,2026-05-07 12:30:00+00:00
1778157900000,81069.3,81174.7,81038.8,81170.5,15.60552577,2026-05-07 12:45:00+00:00
1778158800000,81170.6,81170.6,80900.1,80906.4,12.12380975,2026-05-07 13:00:00+00:00
1778159700000,80906.5,81118.7,80879.1,80955.0,3.71207222,2026-05-07 13:15:00+00:00
1778160600000,80955.0,80959.8,80580.0,80580.0,30.48562354,2026-05-07 13:30:00+00:00
1778161500000,80580.0,80610.0,80271.0,80511.6,44.90722569,2026-05-07 13:45:00+00:00
1778162400000,80511.7,80685.4,80364.0,80667.0,139.70240599,2026-05-07 14:00:00+00:00
1778163300000,80667.1,80667.1,80400.0,80400.0,25.78368767,2026-05-07 14:15:00+00:00
1778164200000,80400.1,80412.1,80055.0,80146.0,54.34293842,2026-05-07 14:30:00+00:00
1778165100000,80146.0,80293.8,80115.4,80159.3,14.30589337,2026-05-07 14:45:00+00:00
1778166000000,80159.4,80255.4,80070.0,80159.4,31.06564452,2026-05-07 15:00:00+00:00
1778166900000,80151.0,80199.5,79720.7,79827.2,76.61541733,2026-05-07 15:15:00+00:00
1778167800000,79827.2,80048.7,79800.0,79976.0,40.86451372,2026-05-07 15:30:00+00:00
1778168700000,79976.0,80048.5,79857.2,79860.0,67.14383213,2026-05-07 15:45:00+00:00
1778169600000,79880.1,79943.9,79679.7,79832.1,32.57823007,2026-05-07 16:00:00+00:00
1778170500000,79828.0,79992.2,79703.0,79965.0,7.54206564,2026-05-07 16:15:00+00:00
1778171400000,79965.1,79998.8,79758.8,79893.3,5.52200633,2026-05-07 16:30:00+00:00
1778172300000,79886.4,79927.0,79751.0,79798.4,6.25090877,2026-05-07 16:45:00+00:00
1778173200000,79798.4,79926.6,79783.6,79885.0,12.01710643,2026-05-07 17:00:00+00:00
1778174100000,79884.9,79917.3,79500.0,79679.4,30.30039301,2026-05-07 17:15:00+00:00
1778175000000,79679.3,79911.9,79663.4,79873.0,3.63280341,2026-05-07 17:30:00+00:00
1778175900000,79873.1,80124.5,79830.6,80096.4,28.25444574,2026-05-07 17:45:00+00:00
1778176800000,80096.5,80223.2,80079.1,80158.7,32.13208605,2026-05-07 18:00:00+00:00
1778177700000,80158.7,80200.5,80128.4,80135.9,22.72327221,2026-05-07 18:15:00+00:00
1778178600000,80135.9,80246.0,80084.6,80112.2,14.91132054,2026-05-07 18:30:00+00:00
1778179500000,80112.1,80281.3,80012.4,80223.1,19.98679688,2026-05-07 18:45:00+00:00
1778180400000,80223.2,80223.2,80049.4,80147.8,24.55065188,2026-05-07 19:00:00+00:00
1778181300000,80147.8,80184.4,79928.9,79975.7,3.96548531,2026-05-07 19:15:00+00:00
1778182200000,79975.6,80170.1,79975.6,80135.1,3.73856203,2026-05-07 19:30:00+00:00
1778183100000,80135.1,80192.6,80014.1,80129.4,6.14916926,2026-05-07 19:45:00+00:00
1778184000000,80136.9,80352.4,80130.7,80133.3,11.87162797,2026-05-07 20:00:00+00:00
1778184900000,80133.4,80182.5,80100.0,80177.5,12.52698613,2026-05-07 20:15:00+00:00
1778185800000,80177.5,80177.5,79912.4,79963.2,12.31775104,2026-05-07 20:30:00+00:00
1778186700000,79963.7,80000.0,79871.7,79871.8,5.75506098,2026-05-07 20:45:00+00:00
1778187600000,79871.9,79895.2,79666.0,79781.5,23.74802431,2026-05-07 21:00:00+00:00
1778188500000,79781.5,79925.2,79734.9,79910.1,3.56338829,2026-05-07 21:15:00+00:00
1778189400000,79910.0,79911.3,79790.0,79790.0,4.40860351,2026-05-07 21:30:00+00:00
1778190300000,79790.1,79853.4,79750.0,79750.1,2.88058655,2026-05-07 21:45:00+00:00
1778191200000,79750.1,79821.4,79368.7,79799.3,118.21657239,2026-05-07 22:00:00+00:00
1778192100000,79799.3,79948.7,79799.3,79907.3,5.00689665,2026-05-07 22:15:00+00:00
1778193000000,79907.4,79931.0,79750.0,79847.9,8.35051257,2026-05-07 22:30:00+00:00
1778193900000,79847.8,79902.0,79814.7,79901.9,16.21325672,2026-05-07 22:45:00+00:00
1778194800000,79902.0,79990.6,79883.7,79946.9,18.15999381,2026-05-07 23:00:00+00:00
1778195700000,79947.0,79971.4,79868.4,79960.0,1.95523682,2026-05-07 23:15:00+00:00
1778196600000,79960.0,79978.0,79909.7,79978.0,4.76554365,2026-05-07 23:30:00+00:00
1778197500000,79978.0,80059.5,79977.9,80011.5,2.43225238,2026-05-07 23:45:00+00:00
1778198400000,80011.5,80084.3,80008.5,80067.3,5.58679873,2026-05-08 00:00:00+00:00
1778199300000,80067.3,80113.1,79987.9,79997.8,6.59764315,2026-05-08 00:15:00+00:00
1778200200000,79997.9,80030.3,79901.3,79901.4,2.20927421,2026-05-08 00:30:00+00:00
1778201100000,79901.4,79901.4,79733.5,79793.9,4.65248273,2026-05-08 00:45:00+00:00
1778202000000,79794.0,79881.5,79701.3,79701.3,6.83606993,2026-05-08 01:00:00+00:00
1778202900000,79701.3,79761.0,79624.4,79726.4,9.8202603,2026-05-08 01:15:00+00:00
1778203800000,79726.4,79799.0,79698.5,79779.6,10.13486871,2026-05-08 01:30:00+00:00
1778204700000,79779.7,79814.8,79729.7,79732.7,2.34950033,2026-05-08 01:45:00+00:00
1778205600000,79732.7,79746.0,79519.4,79611.3,23.48115408,2026-05-08 02:00:00+00:00
1778206500000,79611.4,79611.4,79310.7,79461.3,34.00253007,2026-05-08 02:15:00+00:00
1778207400000,79461.3,79635.0,79434.5,79533.5,3.53380111,2026-05-08 02:30:00+00:00
1778208300000,79533.5,79606.5,79444.0,79475.0,2.2200732,2026-05-08 02:45:00+00:00
1778209200000,79475.0,79475.0,79168.1,79448.7,15.24017191,2026-05-08 03:00:00+00:00
1778210100000,79448.7,79596.2,79448.7,79565.8,9.38041937,2026-05-08 03:15:00+00:00
1778211000000,79565.8,79612.4,79565.8,79611.6,3.99866497,2026-05-08 03:30:00+00:00
1778211900000,79611.6,79633.2,79551.4,79565.7,2.32825139,2026-05-08 03:45:00+00:00
1778212800000,79565.7,79711.3,79561.3,79711.3,3.32155817,2026-05-08 04:00:00+00:00
1778213700000,79701.0,79720.0,79670.1,79693.4,7.31911823,2026-05-08 04:15:00+00:00
1778214600000,79698.7,79701.1,79550.7,79552.1,2.94263842,2026-05-08 04:30:00+00:00
1778215500000,79552.2,79648.8,79552.2,79648.8,2.98122539,2026-05-08 04:45:00+00:00
1778216400000,79648.8,79651.9,79601.0,79648.8,3.52027505,2026-05-08 05:00:00+00:00
1778217300000,79648.7,79653.7,79598.9,79623.7,1.18367147,2026-05-08 05:15:00+00:00
1778218200000,79623.7,79720.0,79623.7,79719.9,3.17989948,2026-05-08 05:30:00+00:00
1778219100000,79719.9,79743.9,79611.2,79611.2,11.22586573,2026-05-08 05:45:00+00:00
1778220000000,79605.2,79614.3,79460.7,79580.4,4.31073588,2026-05-08 06:00:00+00:00
1778220900000,79580.4,79623.8,79546.9,79547.0,1.6018912,2026-05-08 06:15:00+00:00
1778221800000,79547.0,79573.2,79410.0,79544.3,12.97688545,2026-05-08 06:30:00+00:00
1778222700000,79544.3,79544.3,79471.6,79497.7,3.89508488,2026-05-08 06:45:00+00:00
1778223600000,79497.7,79497.7,79285.6,79315.6,11.23902403,2026-05-08 07:00:00+00:00
1778224500000,79315.6,79366.3,79233.8,79330.1,3.11125495,2026-05-08 07:15:00+00:00
1778225400000,79330.2,79558.8,79330.2,79558.7,3.5792155,2026-05-08 07:30:00+00:00
1778226300000,79558.8,79698.8,79558.8,79666.8,8.43295132,2026-05-08 07:45:00+00:00
1778227200000,79666.1,79713.6,79652.1,79706.5,2.51917729,2026-05-08 08:00:00+00:00
1778228100000,79706.4,79752.9,79700.0,79752.9,5.19936804,2026-05-08 08:15:00+00:00
1778229000000,79752.9,79864.6,79740.0,79864.6,3.73985482,2026-05-08 08:30:00+00:00
1778229900000,79864.5,79952.4,79864.5,79870.0,5.8134186,2026-05-08 08:45:00+00:00
1778230800000,79870.0,79985.0,79853.9,79984.9,3.6346871,2026-05-08 09:00:00+00:00
1778231700000,79985.0,80036.3,79900.0,79900.0,13.75650869,2026-05-08 09:15:00+00:00
1778232600000,79902.6,79929.3,79850.0,79850.3,3.37283305,2026-05-08 09:30:00+00:00
1778233500000,79850.3,79858.5,79779.9,79850.1,3.28780581,2026-05-08 09:45:00+00:00
1778234400000,79850.2,80009.0,79777.0,79809.9,3.59864194,2026-05-08 10:00:00+00:00
1778235300000,79809.8,79889.3,79806.8,79889.3,0.7537367,2026-05-08 10:15:00+00:00
1778236200000,79889.3,80151.5,79889.2,80146.7,4.97369503,2026-05-08 10:30:00+00:00
1778237100000,80146.7,80238.6,80136.6,80204.3,14.90271192,2026-05-08 10:45:00+00:00
1778238000000,80204.5,80300.0,80204.3,80215.0,5.88185806,2026-05-08 11:00:00+00:00
1778238900000,80215.0,80290.4,80200.0,80290.3,6.35093494,2026-05-08 11:15:00+00:00
1778239800000,80284.7,80296.8,80148.4,80148.5,10.85538765,2026-05-08 11:30:00+00:00
1778240700000,80148.4,80268.4,80144.2,80219.5,2.50015629,2026-05-08 11:45:00+00:00
1778241600000,80219.5,80300.0,80134.6,80235.1,7.69471083,2026-05-08 12:00:00+00:00
1778242500000,80240.2,80300.0,80240.2,80300.0,2.2866615,2026-05-08 12:15:00+00:00
1778243400000,80300.0,80465.8,80161.9,80220.9,22.51369929,2026-05-08 12:30:00+00:00
1778244300000,80220.8,80220.9,79960.3,80002.0,7.82827727,2026-05-08 12:45:00+00:00
1778245200000,80002.0,80089.4,79648.8,79673.0,12.75680873,2026-05-08 13:00:00+00:00
1778246100000,79673.0,79796.8,79600.0,79602.7,6.27827576,2026-05-08 13:15:00+00:00
1778247000000,79602.8,79804.4,79560.9,79575.6,23.13791257,2026-05-08 13:30:00+00:00
1778247900000,79575.6,79663.2,79529.9,79626.8,36.5206056,2026-05-08 13:45:00+00:00
1778248800000,79624.8,79948.8,79624.8,79911.8,17.50790079,2026-05-08 14:00:00+00:00
1778249700000,79911.8,80394.6,79898.2,80074.6,20.89453163,2026-05-08 14:15:00+00:00
1778250600000,80074.5,80238.2,79801.2,80200.0,14.34861555,2026-05-08 14:30:00+00:00
1778251500000,80200.0,80276.6,80084.1,80119.3,9.87493824,2026-05-08 14:45:00+00:00
1778252400000,80119.4,80182.9,79847.6,79857.1,12.87405028,2026-05-08 15:00:00+00:00
1778253300000,79857.0,79893.8,79624.4,79667.2,8.52904363,2026-05-08 15:15:00+00:00
1778254200000,79671.7,80011.0,79617.9,79960.5,12.79424863,2026-05-08 15:30:00+00:00
1778255100000,79960.4,80167.5,79933.5,80114.9,8.84966153,2026-05-08 15:45:00+00:00
1778256000000,80114.9,80159.7,79949.6,79956.9,8.68363296,2026-05-08 16:00:00+00:00
1778256900000,79956.8,80005.0,79900.0,79933.1,3.72776542,2026-05-08 16:15:00+00:00
1778257800000,79933.2,79933.2,79735.0,79790.2,29.06843863,2026-05-08 16:30:00+00:00
1778258700000,79790.2,79857.9,79748.7,79781.3,10.34399156,2026-05-08 16:45:00+00:00
1778259600000,79781.4,79937.8,79730.0,79829.3,18.93601521,2026-05-08 17:00:00+00:00
1778260500000,79829.3,80023.3,79829.3,79984.8,33.28617543,2026-05-08 17:15:00+00:00
1778261400000,79984.9,80228.6,79984.9,80099.9,27.7983568,2026-05-08 17:30:00+00:00
1778262300000,80100.0,80238.2,79999.0,80049.6,7.29664294,2026-05-08 17:45:00+00:00
1778263200000,80049.7,80231.1,80049.6,80193.2,8.69810053,2026-05-08 18:00:00+00:00
1778264100000,80193.2,80267.0,80156.3,80223.2,156.30036364,2026-05-08 18:15:00+00:00
1778265000000,80223.2,80250.0,80106.1,80153.8,40.67621571,2026-05-08 18:30:00+00:00
1778265900000,80157.0,80244.4,80067.0,80072.6,4.99094021,2026-05-08 18:45:00+00:00
1778266800000,80072.6,80079.7,79943.4,80043.3,3.47794269,2026-05-08 19:00:00+00:00
1778267700000,80043.2,80130.1,80005.8,80007.1,3.29372631,2026-05-08 19:15:00+00:00
1778268600000,80007.0,80104.9,80007.0,80080.9,4.12461176,2026-05-08 19:30:00+00:00
1778269500000,80080.9,80156.6,80053.7,80156.6,30.26157693,2026-05-08 19:45:00+00:00
1778270400000,80156.6,80224.8,80129.4,80224.0,11.87981206,2026-05-08 20:00:00+00:00
1778271300000,80218.9,80251.0,80186.1,80251.0,137.843681,2026-05-08 20:15:00+00:00
1778272200000,80251.0,80259.7,80144.4,80242.9,22.13632007,2026-05-08 20:30:00+00:00
1778273100000,80248.1,80275.8,80075.7,80124.4,17.41180498,2026-05-08 20:45:00+00:00
1778274000000,80124.4,80177.3,80110.3,80131.3,8.3375699,2026-05-08 21:00:00+00:00
1778274900000,80131.3,80222.3,80131.3,80197.9,14.5976619,2026-05-08 21:15:00+00:00
1778275800000,80194.3,80234.3,80158.6,80210.3,5.23065178,2026-05-08 21:30:00+00:00
1778276700000,80229.3,80236.6,80166.4,80236.5,3.04437719,2026-05-08 21:45:00+00:00
1778277600000,80236.6,80363.5,80236.5,80363.5,6.17902855,2026-05-08 22:00:00+00:00
1778278500000,80363.5,80400.0,80291.8,80347.2,18.73852249,2026-05-08 22:15:00+00:00
1778279400000,80343.6,80362.1,80300.5,80312.3,4.67453178,2026-05-08 22:30:00+00:00
1778280300000,80312.4,80348.1,80278.2,80278.2,8.47075983,2026-05-08 22:45:00+00:00
1778281200000,80278.2,80290.3,80218.6,80218.6,19.39266572,2026-05-08 23:00:00+00:00
1778282100000,80218.7,80242.9,80160.0,80171.4,23.46352971,2026-05-08 23:15:00+00:00
1778283000000,80185.9,80199.3,80106.8,80126.1,41.96497982,2026-05-08 23:30:00+00:00
1778283900000,80129.1,80199.7,80129.1,80196.9,3.05396819,2026-05-08 23:45:00+00:00
1778284800000,80196.9,80209.8,80133.5,80141.0,9.92704862,2026-05-09 00:00:00+00:00
1778285700000,80141.0,80187.0,80124.0,80146.1,8.114019,2026-05-09 00:15:00+00:00
1778286600000,80146.2,80210.4,80146.1,80187.0,8.68139737,2026-05-09 00:30:00+00:00
1778287500000,80186.9,80230.0,80186.9,80229.9,5.9111268,2026-05-09 00:45:00+00:00
1778288400000,80227.8,80300.0,80214.9,80300.0,4.44275533,2026-05-09 01:00:00+00:00
1778289300000,80300.0,80343.6,80245.9,80267.2,5.0046734,2026-05-09 01:15:00+00:00
1778290200000,80267.3,80385.4,80267.3,80384.5,5.23017647,2026-05-09 01:30:00+00:00
1778291100000,80384.4,80420.1,80324.9,80324.9,9.8011543,2026-05-09 01:45:00+00:00
1778292000000,80324.6,80440.7,80324.5,80433.8,6.20589878,2026-05-09 02:00:00+00:00
1778292900000,80433.9,80445.0,80386.5,80413.6,3.09588232,2026-05-09 02:15:00+00:00
1778293800000,80413.6,80457.9,80383.2,80395.7,2.76565279,2026-05-09 02:30:00+00:00
1778294700000,80395.6,80424.0,80372.6,80404.8,0.9457211,2026-05-09 02:45:00+00:00
1778295600000,80404.8,80472.7,80368.8,80440.7,4.05985823,2026-05-09 03:00:00+00:00
1778296500000,80428.1,80522.7,80391.9,80427.2,8.42053214,2026-05-09 03:15:00+00:00
1778297400000,80424.7,80424.7,80310.1,80348.1,2.13691956,2026-05-09 03:30:00+00:00
1778298300000,80348.1,80392.5,80346.3,80391.4,2.06015296,2026-05-09 03:45:00+00:00
1778299200000,80391.5,80653.8,80384.5,80565.9,11.46118422,2026-05-09 04:00:00+00:00
1778300100000,80572.0,80572.0,80442.5,80456.6,2.50046202,2026-05-09 04:15:00+00:00
1778301000000,80456.6,80463.2,80397.4,80398.5,13.15647541,2026-05-09 04:30:00+00:00
1778301900000,80398.5,80458.7,80364.9,80382.3,1.62673305,2026-05-09 04:45:00+00:00
1778302800000,80382.3,80395.6,80351.2,80369.2,0.92998763,2026-05-09 05:00:00+00:00
1778303700000,80369.3,80445.7,80369.2,80429.5,21.54755421,2026-05-09 05:15:00+00:00
1778304600000,80429.5,80450.0,80422.4,80449.9,4.37569255,2026-05-09 05:30:00+00:00
1778305500000,80450.0,80450.0,80363.3,80368.6,3.29491812,2026-05-09 05:45:00+00:00
1778306400000,80368.7,80423.8,80368.7,80385.3,4.75066469,2026-05-09 06:00:00+00:00
1778307300000,80385.3,80385.3,80284.3,80294.3,1.11057503,2026-05-09 06:15:00+00:00
1778308200000,80294.4,80335.8,80206.9,80207.1,2.24450646,2026-05-09 06:30:00+00:00
1778309100000,80207.0,80253.9,80192.2,80247.1,10.09903118,2026-05-09 06:45:00+00:00
1778310000000,80247.2,80247.2,80132.4,80159.0,3.91483035,2026-05-09 07:00:00+00:00
1778310900000,80159.0,80279.1,80159.0,80240.5,1.16489343,2026-05-09 07:15:00+00:00
1778311800000,80240.5,80257.4,80195.0,80220.1,3.11101455,2026-05-09 07:30:00+00:00
1778312700000,80220.9,80220.9,80162.4,80216.7,5.79133746,2026-05-09 07:45:00+00:00
1778313600000,80216.7,80383.8,80216.6,80383.7,3.61294583,2026-05-09 08:00:00+00:00
1778314500000,80383.8,80397.4,80370.4,80375.6,1.11017079,2026-05-09 08:15:00+00:00
1778315400000,80375.6,80423.3,80375.6,80416.9,21.74879501,2026-05-09 08:30:00+00:00
1778316300000,80416.8,80418.7,80393.8,80395.1,2.12901531,2026-05-09 08:45:00+00:00
1778317200000,80395.1,80396.8,80336.6,80336.6,1.05547862,2026-05-09 09:00:00+00:00
1778318100000,80336.7,80336.7,80231.7,80248.3,3.34514176,2026-05-09 09:15:00+00:00
1778319000000,80248.3,80266.0,80215.0,80224.2,31.1141026,2026-05-09 09:30:00+00:00
1778319900000,80224.2,80236.4,80201.9,80236.4,10.39516629,2026-05-09 09:45:00+00:00
1778320800000,80231.0,80243.6,80175.5,80202.9,11.8522466,2026-05-09 10:00:00+00:00
1778321700000,80202.9,80243.8,80188.0,80195.5,49.22472605,2026-05-09 10:15:00+00:00
1778322600000,80196.9,80323.1,80190.2,80320.7,0.87950054,2026-05-09 10:30:00+00:00
1778323500000,80320.7,80320.7,80262.6,80262.7,1.41509312,2026-05-09 10:45:00+00:00
1778324400000,80262.7,80313.2,80248.4,80313.2,1.1775256,2026-05-09 11:00:00+00:00
1778325300000,80313.2,80358.3,80313.1,80351.6,2.01686944,2026-05-09 11:15:00+00:00
1778326200000,80351.7,80354.0,80331.4,80339.6,18.52434704,2026-05-09 11:30:00+00:00
1778327100000,80339.5,80339.6,80313.2,80324.2,24.95466045,2026-05-09 11:45:00+00:00
1778328000000,80324.2,80339.6,80293.9,80301.4,2.1145936,2026-05-09 12:00:00+00:00
1778328900000,80299.3,80396.5,80274.9,80396.5,35.9994398,2026-05-09 12:15:00+00:00
1778329800000,80398.6,80398.6,80328.1,80348.5,1.99592286,2026-05-09 12:30:00+00:00
1778330700000,80348.5,80398.6,80348.4,80392.7,4.98895097,2026-05-09 12:45:00+00:00
1778331600000,80392.7,80417.3,80371.7,80417.2,17.18324817,2026-05-09 13:00:00+00:00
1778332500000,80417.3,80420.4,80337.0,80337.9,21.92309132,2026-05-09 13:15:00+00:00
1778333400000,80337.0,80372.3,80320.0,80329.2,15.65702023,2026-05-09 13:30:00+00:00
1778334300000,80329.2,80377.8,80329.1,80377.8,9.59168177,2026-05-09 13:45:00+00:00
1778335200000,80377.8,80408.4,80344.8,80380.4,3.21353754,2026-05-09 14:00:00+00:00
1778336100000,80380.4,80380.4,80268.0,80328.4,2.97464849,2026-05-09 14:15:00+00:00
1778337000000,80328.3,80334.3,80269.4,80334.3,3.05697896,2026-05-09 14:30:00+00:00
1778337900000,80334.3,80368.6,80262.5,80321.9,4.04193099,2026-05-09 14:45:00+00:00
1778338800000,80321.9,80344.9,80243.1,80276.3,7.17892285,2026-05-09 15:00:00+00:00
1778339700000,80276.3,80401.0,80276.3,80401.0,3.27513272,2026-05-09 15:15:00+00:00
1778340600000,80400.9,80584.3,80400.9,80471.8,8.44611824,2026-05-09 15:30:00+00:00
1778341500000,80470.8,80563.8,80470.8,80518.8,3.25045217,2026-05-09 15:45:00+00:00
1778342400000,80517.6,80591.4,80488.8,80560.7,1.99955188,2026-05-09 16:00:00+00:00
1778343300000,80560.8,80756.0,80560.8,80637.6,17.34216901,2026-05-09 16:15:00+00:00
1778344200000,80637.6,80640.7,80602.2,80629.1,4.31155664,2026-05-09 16:30:00+00:00
1778345100000,80629.2,80645.3,80600.0,80607.7,27.57552652,2026-05-09 16:45:00+00:00
1778346000000,80607.7,80800.0,80607.6,80739.5,6.7342886,2026-05-09 17:00:00+00:00
1778346900000,80739.5,80821.8,80700.0,80812.2,5.92680302,2026-05-09 17:15:00+00:00
1778347800000,80812.2,80895.6,80812.2,80831.0,7.16207965,2026-05-09 17:30:00+00:00
1778348700000,80830.9,80831.0,80727.6,80800.0,9.06121895,2026-05-09 17:45:00+00:00
1778349600000,80800.0,80844.8,80768.2,80828.5,25.8831613,2026-05-09 18:00:00+00:00
1778350500000,80822.0,81050.0,80817.5,81029.4,23.84885985,2026-05-09 18:15:00+00:00
1778351400000,81029.4,81036.2,80893.4,80894.3,4.44226588,2026-05-09 18:30:00+00:00
1778352300000,80894.2,80894.3,80866.7,80892.0,2.89089465,2026-05-09 18:45:00+00:00
1778353200000,80892.0,80909.3,80863.0,80881.3,2.74292971,2026-05-09 19:00:00+00:00
1778354100000,80881.2,80904.0,80777.7,80802.6,18.79232487,2026-05-09 19:15:00+00:00
1778355000000,80802.6,80841.1,80793.6,80840.9,1.7041804,2026-05-09 19:30:00+00:00
1778355900000,80840.8,80948.6,80828.3,80938.3,11.58495301,2026-05-09 19:45:00+00:00
1778356800000,80937.0,80937.0,80843.0,80843.0,2.14947417,2026-05-09 20:00:00+00:00
1778357700000,80843.0,80843.1,80765.2,80783.8,2.01790518,2026-05-09 20:15:00+00:00
1778358600000,80783.8,80800.1,80740.9,80800.0,1.94334067,2026-05-09 20:30:00+00:00
1778359500000,80800.1,80803.4,80760.6,80797.6,24.17985621,2026-05-09 20:45:00+00:00
1778360400000,80797.7,80878.7,80797.7,80859.3,2.5760499,2026-05-09 21:00:00+00:00
1778361300000,80859.3,80868.3,80773.4,80780.4,1.43187469,2026-05-09 21:15:00+00:00
1778362200000,80780.4,80791.0,80731.6,80731.6,0.75256594,2026-05-09 21:30:00+00:00
1778363100000,80731.7,80782.1,80731.6,80782.0,2.27239643,2026-05-09 21:45:00+00:00
1778364000000,80782.1,80782.1,80725.9,80733.1,1.66293806,2026-05-09 22:00:00+00:00
1778364900000,80733.0,80753.1,80733.0,80741.1,8.7758778,2026-05-09 22:15:00+00:00
1778365800000,80740.9,80790.2,80662.3,80790.2,17.8331067,2026-05-09 22:30:00+00:00
1778366700000,80790.2,80790.2,80750.7,80750.8,0.50711013,2026-05-09 22:45:00+00:00
1778367600000,80750.8,80820.0,80680.1,80709.8,9.02573899,2026-05-09 23:00:00+00:00
1778368500000,80709.8,80709.8,80650.2,80650.3,0.91402561,2026-05-09 23:15:00+00:00
1778369400000,80650.3,80654.0,80615.1,80624.8,3.97060451,2026-05-09 23:30:00+00:00
1778370300000,80624.8,80670.1,80624.8,80670.1,3.46047428,2026-05-09 23:45:00+00:00
1778371200000,80670.1,80699.0,80612.1,80688.5,14.90983737,2026-05-10 00:00:00+00:00
1778372100000,80688.6,80740.3,80682.8,80693.6,16.20140016,2026-05-10 00:15:00+00:00
1778373000000,80693.7,80732.0,80653.0,80731.9,5.97526196,2026-05-10 00:30:00+00:00
1778373900000,80731.9,80732.0,80629.1,80654.4,8.62107509,2026-05-10 00:45:00+00:00
1778374800000,80656.6,80656.6,80564.1,80611.3,3.21366468,2026-05-10 01:00:00+00:00
1778375700000,80611.3,80627.3,80561.3,80585.0,2.9062073,2026-05-10 01:15:00+00:00
1778376600000,80585.0,80616.3,80567.2,80596.4,1.61536229,2026-05-10 01:30:00+00:00
1778377500000,80596.5,80650.0,80596.4,80642.0,13.30392635,2026-05-10 01:45:00+00:00
1778378400000,80644.9,80644.9,80585.2,80589.6,1.61966395,2026-05-10 02:00:00+00:00
1778379300000,80589.6,80719.3,80589.6,80716.4,5.30238169,2026-05-10 02:15:00+00:00
1778380200000,80716.4,80750.7,80690.8,80713.0,1.58414122,2026-05-10 02:30:00+00:00
1778381100000,80713.1,80754.4,80713.0,80754.4,0.80003272,2026-05-10 02:45:00+00:00
1778382000000,80754.5,80804.0,80737.9,80763.7,9.09740208,2026-05-10 03:00:00+00:00
1778382900000,80763.8,80763.8,80728.9,80730.9,0.99686934,2026-05-10 03:15:00+00:00
1778383800000,80730.9,80844.8,80704.4,80805.5,4.77138906,2026-05-10 03:30:00+00:00
1778384700000,80805.5,80807.0,80762.1,80762.1,1.63490445,2026-05-10 03:45:00+00:00
1778385600000,80762.1,80762.1,80743.6,80746.5,0.75592791,2026-05-10 04:00:00+00:00
1778386500000,80746.4,80780.2,80746.4,80775.3,3.55042144,2026-05-10 04:15:00+00:00
1778387400000,80775.3,80819.1,80766.6,80766.8,0.51397907,2026-05-10 04:30:00+00:00
1778388300000,80766.8,80766.8,80718.6,80750.8,0.82809458,2026-05-10 04:45:00+00:00
1778389200000,80741.8,80741.8,80722.7,80725.8,0.43176113,2026-05-10 05:00:00+00:00
1778390100000,80725.8,80774.1,80725.8,80754.0,2.73954609,2026-05-10 05:15:00+00:00
1778391000000,80751.0,80772.1,80734.3,80734.3,1.10610991,2026-05-10 05:30:00+00:00
1778391900000,80734.3,80734.4,80669.8,80670.0,1.57400414,2026-05-10 05:45:00+00:00
1778392800000,80670.0,80699.9,80669.9,80695.8,2.25216339,2026-05-10 06:00:00+00:00
1778393700000,80695.9,80695.9,80634.8,80636.9,2.67192354,2026-05-10 06:15:00+00:00
1778394600000,80636.9,80708.1,80636.8,80692.1,2.67149062,2026-05-10 06:30:00+00:00
1778395500000,80692.0,80705.0,80692.0,80704.9,4.50375631,2026-05-10 06:45:00+00:00
1778396400000,80705.0,80767.5,80705.0,80731.0,8.66522614,2026-05-10 07:00:00+00:00
1778397300000,80730.9,80780.9,80723.5,80766.3,2.35490964,2026-05-10 07:15:00+00:00
1778398200000,80766.4,80766.4,80749.8,80750.3,1.19443915,2026-05-10 07:30:00+00:00
1778399100000,80750.4,80773.3,80726.5,80728.0,1.50660559,2026-05-10 07:45:00+00:00
1778400000000,80728.0,80790.3,80710.0,80757.7,1.54359473,2026-05-10 08:00:00+00:00
1778400900000,80757.7,80873.9,80754.1,80856.3,6.56443315,2026-05-10 08:15:00+00:00
1778401800000,80856.3,80876.2,80798.2,80798.3,0.83953646,2026-05-10 08:30:00+00:00
1778402700000,80798.3,80833.0,80798.2,80803.9,5.06991619,2026-05-10 08:45:00+00:00
1778403600000,80803.9,80886.7,80803.9,80825.6,8.21727674,2026-05-10 09:00:00+00:00
1778404500000,80824.2,80844.3,80800.1,80800.1,9.37322765,2026-05-10 09:15:00+00:00
1778405400000,80800.1,80815.4,80746.3,80746.4,7.08277467,2026-05-10 09:30:00+00:00
1778406300000,80746.3,80796.8,80746.3,80790.3,22.6711435,2026-05-10 09:45:00+00:00
1778407200000,80790.4,80814.6,80710.0,80741.9,6.75979596,2026-05-10 10:00:00+00:00
1778408100000,80736.7,80797.5,80666.9,80797.4,11.57585055,2026-05-10 10:15:00+00:00
1778409000000,80797.5,80797.5,80765.0,80793.3,31.95822027,2026-05-10 10:30:00+00:00
1778409900000,80785.2,80850.0,80778.7,80848.5,6.74749251,2026-05-10 10:45:00+00:00
1778410800000,80848.6,80954.1,80848.5,80907.5,9.35166774,2026-05-10 11:00:00+00:00
1778411700000,80903.5,80903.6,80754.3,80760.1,17.31143382,2026-05-10 11:15:00+00:00
1778412600000,80779.1,80800.8,80771.1,80797.9,9.44807699,2026-05-10 11:30:00+00:00
1778413500000,80798.0,80828.1,80785.0,80793.0,34.69382254,2026-05-10 11:45:00+00:00
1778414400000,80797.2,80819.3,80773.8,80819.3,0.56579208,2026-05-10 12:00:00+00:00
1778415300000,80819.3,80916.7,80819.2,80913.4,5.27378463,2026-05-10 12:15:00+00:00
1778416200000,80913.4,80919.3,80870.2,80903.8,8.78280897,2026-05-10 12:30:00+00:00
1778417100000,80903.8,80924.8,80900.0,80915.5,9.52362056,2026-05-10 12:45:00+00:00
1778418000000,80915.5,80919.0,80880.0,80906.6,30.8249428,2026-05-10 13:00:00+00:00
1778418900000,80906.7,80982.5,80896.7,80982.5,2.7541655,2026-05-10 13:15:00+00:00
1778419800000,80982.5,80984.8,80915.8,80984.8,21.02501596,2026-05-10 13:30:00+00:00
1778420700000,80984.5,80984.5,80937.9,80938.0,9.31062416,2026-05-10 13:45:00+00:00
1778421600000,80938.0,80953.2,80902.3,80905.8,23.09030651,2026-05-10 14:00:00+00:00
1778422500000,80910.1,80914.3,80891.2,80894.9,20.76366605,2026-05-10 14:15:00+00:00
1778423400000,80894.9,80964.3,80870.1,80870.1,17.3079611,2026-05-10 14:30:00+00:00
1778424300000,80878.9,80988.9,80813.4,80988.9,33.60364758,2026-05-10 14:45:00+00:00
1778425200000,80986.9,81080.2,80945.7,81038.2,45.34759506,2026-05-10 15:00:00+00:00
1778426100000,81038.3,81038.3,80961.2,80961.2,16.64595165,2026-05-10 15:15:00+00:00
1778427000000,80961.3,81162.0,80961.2,81112.5,35.0590939,2026-05-10 15:30:00+00:00
1778427900000,81112.5,81400.0,81112.5,81400.0,52.86568795,2026-05-10 15:45:00+00:00
1778428800000,81400.0,81480.6,81371.9,81474.1,75.71724516,2026-05-10 16:00:00+00:00
1778429700000,81464.6,81464.7,81254.3,81268.4,6.37155932,2026-05-10 16:15:00+00:00
1778430600000,81252.7,81298.1,81189.6,81236.6,32.93320404,2026-05-10 16:30:00+00:00
1778431500000,81233.4,81338.3,81224.3,81338.0,54.15559887,2026-05-10 16:45:00+00:00
1778432400000,81338.1,81398.7,81231.4,81335.5,4.85690948,2026-05-10 17:00:00+00:00
1778433300000,81335.5,81412.8,81280.0,81376.5,17.33200559,2026-05-10 17:15:00+00:00
1778434200000,81376.4,81393.9,81284.5,81348.8,3.80996524,2026-05-10 17:30:00+00:00
1778435100000,81348.7,81533.1,81335.5,81458.3,167.15554132,2026-05-10 17:45:00+00:00
1778436000000,81458.4,81491.2,81397.8,81426.1,3.76164575,2026-05-10 18:00:00+00:00
1778436900000,81426.0,81437.6,81330.0,81348.8,16.56304997,2026-05-10 18:15:00+00:00
1778437800000,81348.8,81397.6,81250.0,81250.1,3.22813662,2026-05-10 18:30:00+00:00
1778438700000,81250.0,81286.0,81250.0,81265.2,5.99588963,2026-05-10 18:45:00+00:00
1778439600000,81265.2,81360.1,81134.0,81360.1,33.03124931,2026-05-10 19:00:00+00:00
1778440500000,81360.1,81470.3,81360.0,81449.7,44.32952733,2026-05-10 19:15:00+00:00
1778441400000,81449.6,81449.7,81400.0,81423.9,5.85595273,2026-05-10 19:30:00+00:00
1778442300000,81423.8,81423.8,81336.6,81400.2,126.59489882,2026-05-10 19:45:00+00:00
1778443200000,81400.3,81441.7,81186.0,81186.0,7.37036556,2026-05-10 20:00:00+00:00
1778444100000,81185.9,81193.8,80988.0,81133.8,143.31038003,2026-05-10 20:15:00+00:00
1778445000000,81133.8,81133.8,80822.7,80822.7,37.49638793,2026-05-10 20:30:00+00:00
1778445900000,80819.1,80819.1,80301.0,80724.2,55.12814415,2026-05-10 20:45:00+00:00
1778446800000,80720.7,80928.5,80584.7,80655.9,15.91439186,2026-05-10 21:00:00+00:00
1778447700000,80655.8,80869.0,80641.0,80813.2,9.30497252,2026-05-10 21:15:00+00:00
1778448600000,80813.2,80928.1,80771.8,80841.5,4.53588448,2026-05-10 21:30:00+00:00
1778449500000,80841.6,80899.9,80720.8,80723.6,5.45846084,2026-05-10 21:45:00+00:00
1778450400000,80723.6,81396.6,80669.5,81310.9,24.67080387,2026-05-10 22:00:00+00:00
1778451300000,81311.0,81680.0,81207.2,81502.8,31.87635597,2026-05-10 22:15:00+00:00
1778452200000,81502.8,82058.7,81456.7,81867.3,45.13493621,2026-05-10 22:30:00+00:00
1778453100000,81867.2,82137.8,81822.5,82002.2,17.20104186,2026-05-10 22:45:00+00:00
1778454000000,82002.2,82394.3,82002.2,82351.6,53.35576352,2026-05-10 23:00:00+00:00
1778454900000,82359.6,82436.6,82199.9,82210.0,6.80995666,2026-05-10 23:15:00+00:00
1778455800000,82213.8,82364.7,82182.2,82356.5,15.37950803,2026-05-10 23:30:00+00:00
1778456700000,82356.5,82363.4,82067.0,82171.8,17.68812742,2026-05-10 23:45:00+00:00
1778457600000,82171.9,82345.1,81882.0,81882.1,17.45992642,2026-05-11 00:00:00+00:00
1778458500000,81882.1,81882.1,81412.1,81662.9,16.24928862,2026-05-11 00:15:00+00:00
1778459400000,81662.9,81809.1,81483.0,81593.7,11.68642048,2026-05-11 00:30:00+00:00
1778460300000,81593.2,81628.2,81284.8,81455.9,13.25784687,2026-05-11 00:45:00+00:00
1778461200000,81460.0,81547.4,81295.5,81488.6,10.13767213,2026-05-11 01:00:00+00:00
1778462100000,81488.6,81721.0,81469.0,81629.5,11.37503117,2026-05-11 01:15:00+00:00
1778463000000,81615.4,81647.2,81450.0,81466.1,2.51387726,2026-05-11 01:30:00+00:00
1778463900000,81466.1,81557.3,81366.4,81506.2,4.30303375,2026-05-11 01:45:00+00:00
1778464800000,81506.2,81545.2,81355.5,81372.6,8.64385586,2026-05-11 02:00:00+00:00
1778465700000,81372.6,81372.6,81142.1,81235.0,3.24498267,2026-05-11 02:15:00+00:00
1778466600000,81235.0,81261.2,81119.2,81194.7,2.2921567,2026-05-11 02:30:00+00:00
1778467500000,81194.6,81236.4,81146.0,81155.2,30.69460085,2026-05-11 02:45:00+00:00
1778468400000,81155.3,81155.3,80618.0,80619.5,24.95226837,2026-05-11 03:00:00+00:00
1778469300000,80607.2,80700.6,80551.3,80577.3,11.93052221,2026-05-11 03:15:00+00:00
1778470200000,80577.3,80702.9,80508.3,80702.9,16.5478272,2026-05-11 03:30:00+00:00
1778471100000,80702.8,80750.0,80678.3,80712.7,4.06889916,2026-05-11 03:45:00+00:00
1778472000000,80712.7,80732.3,80619.6,80650.2,7.85205865,2026-05-11 04:00:00+00:00
1778472900000,80650.1,80747.0,80650.1,80731.4,1.60153765,2026-05-11 04:15:00+00:00
1778473800000,80731.3,80795.1,80698.9,80795.1,2.35934254,2026-05-11 04:30:00+00:00
1778474700000,80795.1,80836.2,80718.8,80815.0,46.61056912,2026-05-11 04:45:00+00:00
1778475600000,80797.9,80864.6,80797.8,80833.4,3.59704981,2026-05-11 05:00:00+00:00
1778476500000,80827.5,80928.6,80827.5,80928.5,8.8467556,2026-05-11 05:15:00+00:00
1778477400000,80928.6,80958.9,80774.9,80774.9,8.71153746,2026-05-11 05:30:00+00:00
1778478300000,80774.9,80835.4,80742.0,80809.6,7.3870291,2026-05-11 05:45:00+00:00
1778479200000,80809.6,80961.5,80770.9,80913.8,11.39333814,2026-05-11 06:00:00+00:00
1778480100000,80913.7,80995.4,80827.8,80965.6,3.90389125,2026-05-11 06:15:00+00:00
1778481000000,80965.7,80981.9,80800.0,80800.1,2.08361363,2026-05-11 06:30:00+00:00
1778481900000,80800.1,80851.8,80757.0,80834.7,3.97059923,2026-05-11 06:45:00+00:00
1778482800000,80834.8,80834.8,80692.1,80760.8,11.02322936,2026-05-11 07:00:00+00:00
1778483700000,80760.8,80819.9,80700.7,80707.0,3.79311112,2026-05-11 07:15:00+00:00
1778484600000,80707.0,80742.9,80667.2,80699.0,9.26532173,2026-05-11 07:30:00+00:00
1778485500000,80699.0,80767.0,80698.9,80716.8,1.60387813,2026-05-11 07:45:00+00:00
1778486400000,80716.9,80750.0,80627.5,80723.6,4.25700586,2026-05-11 08:00:00+00:00
1778487300000,80723.6,80770.4,80638.3,80640.6,1.37141189,2026-05-11 08:15:00+00:00
1778488200000,80640.6,80827.5,80600.0,80827.5,1.67901231,2026-05-11 08:30:00+00:00
1778489100000,80827.6,80836.7,80719.5,80736.0,1.51480717,2026-05-11 08:45:00+00:00
1778490000000,80736.0,80913.2,80736.0,80908.3,0.94385388,2026-05-11 09:00:00+00:00
1778490900000,80908.2,80920.0,80882.1,80907.7,2.85588658,2026-05-11 09:15:00+00:00
1778491800000,80907.8,80907.8,80852.8,80885.5,8.49023297,2026-05-11 09:30:00+00:00
1778492700000,80885.6,80957.0,80885.5,80955.7,101.86906347,2026-05-11 09:45:00+00:00
1778493600000,80955.8,81051.1,80950.0,81009.1,2.55569112,2026-05-11 10:00:00+00:00
1778494500000,81009.2,81158.1,81009.2,81158.0,214.50600195,2026-05-11 10:15:00+00:00
1778495400000,81158.1,81183.1,81018.0,81055.9,11.2914484,2026-05-11 10:30:00+00:00
1778496300000,81055.9,81072.2,80941.7,80941.7,3.15874013,2026-05-11 10:45:00+00:00
1778497200000,80941.7,80988.6,80907.0,80949.7,1.20288225,2026-05-11 11:00:00+00:00
1778498100000,80949.7,81125.8,80949.6,81095.3,1.52042948,2026-05-11 11:15:00+00:00
1778499000000,81095.4,81153.9,81095.3,81142.2,3.57021585,2026-05-11 11:30:00+00:00
1778499900000,81142.3,81153.4,81090.0,81151.8,21.41040457,2026-05-11 11:45:00+00:00
1778500800000,81153.5,81216.2,81071.0,81085.8,11.40201219,2026-05-11 12:00:00+00:00
1778501700000,81085.7,81306.6,81074.0,81285.0,11.71682068,2026-05-11 12:15:00+00:00
1778502600000,81283.6,81318.0,81151.2,81151.3,156.55338806,2026-05-11 12:30:00+00:00
1778503500000,81151.3,81173.6,81022.6,81033.0,6.07684727,2026-05-11 12:45:00+00:00
1778504400000,81033.0,81262.6,81032.9,81250.0,4.9841535,2026-05-11 13:00:00+00:00
1778505300000,81249.9,81285.1,81119.7,81120.1,2.15017876,2026-05-11 13:15:00+00:00
1778506200000,81120.2,81190.0,80743.3,81057.4,21.79812074,2026-05-11 13:30:00+00:00
1778507100000,81057.5,81092.0,80916.3,81036.5,48.16048713,2026-05-11 13:45:00+00:00
1778508000000,81036.5,81202.1,81036.4,81105.6,19.22127952,2026-05-11 14:00:00+00:00
1778508900000,81105.6,81128.4,80705.6,80705.6,11.59530506,2026-05-11 14:15:00+00:00
1778509800000,80717.4,80850.2,80421.5,80767.7,64.73157742,2026-05-11 14:30:00+00:00
1778510700000,80767.8,80922.3,80701.0,80918.3,10.48381055,2026-05-11 14:45:00+00:00
1778511600000,80918.4,81060.6,80804.0,80966.5,13.23554786,2026-05-11 15:00:00+00:00
1778512500000,80966.6,81389.0,80918.9,81316.6,29.23119507,2026-05-11 15:15:00+00:00
1778513400000,81316.5,81398.1,81188.0,81199.8,15.64302,2026-05-11 15:30:00+00:00
1778514300000,81199.8,81409.2,81199.7,81398.4,11.85331499,2026-05-11 15:45:00+00:00
1778515200000,81398.5,81766.4,81330.0,81750.8,24.38514654,2026-05-11 16:00:00+00:00
1778516100000,81758.2,81835.5,81668.4,81755.7,46.47654419,2026-05-11 16:15:00+00:00
1778517000000,81757.5,81883.8,81557.5,81565.1,36.68930057,2026-05-11 16:30:00+00:00
1778517900000,81565.0,81730.1,81557.5,81559.3,10.11627639,2026-05-11 16:45:00+00:00
1778518800000,81559.3,81592.7,81357.5,81500.0,18.61830703,2026-05-11 17:00:00+00:00
1778519700000,81502.5,81641.6,81502.4,81616.9,9.55279219,2026-05-11 17:15:00+00:00
1778520600000,81616.9,81995.5,81584.6,81995.0,43.1851613,2026-05-11 17:30:00+00:00
1778521500000,81995.0,82046.8,81888.2,81921.7,39.11978013,2026-05-11 17:45:00+00:00
1778522400000,81921.8,82086.9,81901.9,81946.1,54.68454898,2026-05-11 18:00:00+00:00
1778523300000,81946.1,82036.1,81852.4,82003.7,34.2248444,2026-05-11 18:15:00+00:00
1778524200000,82003.8,82100.0,81933.7,81937.0,44.87900323,2026-05-11 18:30:00+00:00
1778525100000,81935.6,82077.3,81839.6,81856.3,15.64166992,2026-05-11 18:45:00+00:00
1778526000000,81847.6,81956.6,81741.5,81902.5,29.14606929,2026-05-11 19:00:00+00:00
1778526900000,81902.6,82058.9,81812.3,81876.2,21.79366379,2026-05-11 19:15:00+00:00
1778527800000,81876.3,82048.0,81832.2,81996.7,31.40808348,2026-05-11 19:30:00+00:00
1778528700000,81996.7,82006.2,81917.2,81942.5,6.51068885,2026-05-11 19:45:00+00:00
1778529600000,81943.9,82066.6,81865.6,81903.8,67.67633662,2026-05-11 20:00:00+00:00
1778530500000,81892.6,81920.0,81853.8,81892.8,92.04315654,2026-05-11 20:15:00+00:00
1778531400000,81892.8,81912.0,81755.0,81809.0,3.72319726,2026-05-11 20:30:00+00:00
1778532300000,81809.0,81910.4,81797.7,81798.2,5.73808519,2026-05-11 20:45:00+00:00
1778533200000,81798.2,81872.1,81673.4,81712.2,17.54344231,2026-05-11 21:00:00+00:00
1778534100000,81716.1,81716.6,81617.9,81618.4,12.57979889,2026-05-11 21:15:00+00:00
1778535000000,81618.3,81729.1,81587.7,81709.3,12.10136172,2026-05-11 21:30:00+00:00
1778535900000,81709.3,81866.1,81651.2,81808.6,15.93248512,2026-05-11 21:45:00+00:00
1778536800000,81808.6,81920.0,81789.2,81830.3,25.79744749,2026-05-11 22:00:00+00:00
1778537700000,81830.3,81909.8,81720.6,81722.7,1.50033169,2026-05-11 22:15:00+00:00
1778538600000,81722.8,81774.9,81722.7,81756.2,34.11924376,2026-05-11 22:30:00+00:00
1778539500000,81756.3,81899.8,81756.3,81815.2,1.27479808,2026-05-11 22:45:00+00:00
1778540400000,81815.2,81815.2,81686.0,81699.9,2.97553609,2026-05-11 23:00:00+00:00
1778541300000,81700.0,81702.4,81599.2,81602.9,4.18469742,2026-05-11 23:15:00+00:00
1778542200000,81602.9,81808.5,81602.9,81761.8,15.37672101,2026-05-11 23:30:00+00:00
1778543100000,81761.8,81763.3,81729.2,81730.5,0.75361768,2026-05-11 23:45:00+00:00
1778544000000,81730.6,81760.4,81611.0,81611.0,4.63791085,2026-05-12 00:00:00+00:00
1778544900000,81611.0,81640.0,81510.7,81541.7,4.56545066,2026-05-12 00:15:00+00:00
1778545800000,81541.7,81624.2,81470.3,81470.4,31.76718625,2026-05-12 00:30:00+00:00
1778546700000,81470.3,81568.7,81470.3,81532.1,1.38373924,2026-05-12 00:45:00+00:00
1778547600000,81532.2,81595.1,81387.0,81387.1,134.23810523,2026-05-12 01:00:00+00:00
1778548500000,81387.1,81429.8,81251.2,81351.5,12.09338786,2026-05-12 01:15:00+00:00
1778549400000,81351.5,81351.5,80700.0,81043.5,24.99844414,2026-05-12 01:30:00+00:00
1778550300000,81043.4,81275.1,81003.0,81168.8,6.36556892,2026-05-12 01:45:00+00:00
1778551200000,81171.4,81307.1,81132.9,81303.9,20.21470142,2026-05-12 02:00:00+00:00
1778552100000,81303.8,81303.8,81069.6,81242.0,5.63807202,2026-05-12 02:15:00+00:00
1778553000000,81242.0,81242.0,81100.0,81115.6,10.58222472,2026-05-12 02:30:00+00:00
1778553900000,81115.7,81249.0,81115.6,81224.4,8.00512697,2026-05-12 02:45:00+00:00
1778554800000,81224.5,81249.0,81180.8,81198.0,1.81696903,2026-05-12 03:00:00+00:00
1778555700000,81197.9,81198.0,81148.2,81149.7,2.21062276,2026-05-12 03:15:00+00:00
1778556600000,81149.7,81180.8,81141.0,81162.0,2.96446928,2026-05-12 03:30:00+00:00
1778557500000,81161.9,81162.0,81018.4,81028.2,6.15853005,2026-05-12 03:45:00+00:00
1778558400000,81028.2,81040.4,81000.0,81000.1,19.84830653,2026-05-12 04:00:00+00:00
1778559300000,81000.1,81180.8,80995.9,81180.8,2.89099121,2026-05-12 04:15:00+00:00
1778560200000,81180.8,81235.3,81180.7,81222.0,14.61627336,2026-05-12 04:30:00+00:00
1778561100000,81222.0,81282.4,81200.0,81204.8,13.35565257,2026-05-12 04:45:00+00:00
1778562000000,81204.8,81248.4,81187.5,81190.5,2.87646628,2026-05-12 05:00:00+00:00
1778562900000,81190.5,81263.5,81190.5,81263.5,2.71175208,2026-05-12 05:15:00+00:00
1778563800000,81263.5,81263.5,81180.7,81247.0,0.76283515,2026-05-12 05:30:00+00:00
1778564700000,81247.1,81247.1,81208.8,81227.4,1.37952222,2026-05-12 05:45:00+00:00
1778565600000,81225.7,81242.8,81179.5,81223.6,21.18928847,2026-05-12 06:00:00+00:00
1778566500000,81223.7,81273.6,81210.1,81210.2,26.26817963,2026-05-12 06:15:00+00:00
1778567400000,81210.2,81210.2,81051.4,81069.9,3.31755139,2026-05-12 06:30:00+00:00
1778568300000,81070.0,81100.3,81007.8,81007.8,2.41376696,2026-05-12 06:45:00+00:00
1778569200000,81007.9,81055.6,80873.1,81050.4,3.50184144,2026-05-12 07:00:00+00:00
1778570100000,81050.3,81093.6,80893.8,81017.2,18.57799381,2026-05-12 07:15:00+00:00
1778571000000,81003.7,81062.3,80944.9,80944.9,8.00174282,2026-05-12 07:30:00+00:00
1778571900000,80944.9,80945.0,80789.1,80850.0,7.94857696,2026-05-12 07:45:00+00:00
1778572800000,80850.1,80903.8,80789.0,80789.0,2.18686802,2026-05-12 08:00:00+00:00
1778573700000,80789.1,80899.8,80759.8,80846.8,3.60998839,2026-05-12 08:15:00+00:00
1778574600000,80846.8,80931.0,80830.0,80931.0,1.37865184,2026-05-12 08:30:00+00:00
1778575500000,80931.0,80931.2,80806.8,80808.0,12.81825369,2026-05-12 08:45:00+00:00
1778576400000,80811.6,80854.5,80744.6,80746.6,3.35666152,2026-05-12 09:00:00+00:00
1778577300000,80746.5,80746.5,80700.2,80700.3,0.87429981,2026-05-12 09:15:00+00:00
1778578200000,80700.3,80927.3,80700.3,80915.9,7.1102239,2026-05-12 09:30:00+00:00
1778579100000,80915.9,80915.9,80796.7,80802.5,2.87367537,2026-05-12 09:45:00+00:00
1778580000000,80802.6,80804.6,80749.6,80783.0,2.94681517,2026-05-12 10:00:00+00:00
1778580900000,80783.1,80787.8,80661.5,80694.3,8.88230369,2026-05-12 10:15:00+00:00
1778581800000,80694.4,80712.2,80624.3,80640.6,3.77110544,2026-05-12 10:30:00+00:00
1778582700000,80640.7,80669.9,80591.0,80636.8,2.70732316,2026-05-12 10:45:00+00:00
1778583600000,80636.8,80663.0,80526.1,80559.1,7.76160444,2026-05-12 11:00:00+00:00
1778584500000,80559.2,80616.3,80479.3,80610.2,19.92353668,2026-05-12 11:15:00+00:00
1778585400000,80610.1,80710.1,80610.1,80710.1,1.49054954,2026-05-12 11:30:00+00:00
1778586300000,80710.0,80755.4,80700.0,80755.4,2.73287618,2026-05-12 11:45:00+00:00
1778587200000,80755.4,80813.8,80697.0,80800.6,15.31504367,2026-05-12 12:00:00+00:00
1778588100000,80800.6,80831.3,80730.5,80791.9,2.93586426,2026-05-12 12:15:00+00:00
1778589000000,80791.9,80973.3,80629.1,80844.5,32.5993144,2026-05-12 12:30:00+00:00
1778589900000,80844.5,80948.5,80844.4,80859.4,5.96459764,2026-05-12 12:45:00+00:00
1778590800000,80859.5,80900.0,80815.0,80815.0,8.5551386,2026-05-12 13:00:00+00:00
1778591700000,80815.0,80815.0,80600.6,80616.5,16.04902305,2026-05-12 13:15:00+00:00
1778592600000,80616.6,80778.4,80579.0,80737.7,14.20051901,2026-05-12 13:30:00+00:00
1778593500000,80737.7,80842.6,80366.2,80402.0,131.91243641,2026-05-12 13:45:00+00:00
1778594400000,80402.0,80682.6,80363.5,80682.6,36.47200087,2026-05-12 14:00:00+00:00
1778595300000,80682.6,80800.0,80537.9,80622.7,8.53323127,2026-05-12 14:15:00+00:00
1778596200000,80622.8,80842.7,80401.2,80770.8,19.54272539,2026-05-12 14:30:00+00:00
1778597100000,80770.8,80770.8,80472.7,80512.4,7.027218,2026-05-12 14:45:00+00:00
1778598000000,80512.4,80635.2,80402.3,80578.8,5.4572861,2026-05-12 15:00:00+00:00
1778598900000,80578.8,80578.8,80168.5,80197.1,50.82279588,2026-05-12 15:15:00+00:00
1778599800000,80197.0,80431.1,80197.0,80343.3,8.2238888,2026-05-12 15:30:00+00:00
1778600700000,80343.3,80422.9,80255.2,80332.9,8.58006074,2026-05-12 15:45:00+00:00
1778601600000,80322.8,80406.6,80180.5,80362.3,15.32266579,2026-05-12 16:00:00+00:00
1778602500000,80362.2,80366.5,80197.5,80274.2,11.22301968,2026-05-12 16:15:00+00:00
1778603400000,80274.2,80309.0,80203.1,80223.9,2.62853712,2026-05-12 16:30:00+00:00
1778604300000,80224.0,80229.2,79844.4,79979.0,98.44189604,2026-05-12 16:45:00+00:00
1778605200000,79979.0,80200.5,79943.3,80188.0,13.1614821,2026-05-12 17:00:00+00:00
1778606100000,80188.0,80400.0,80188.0,80399.9,24.82256201,2026-05-12 17:15:00+00:00
1778607000000,80400.0,80467.3,80399.9,80467.3,7.67206158,2026-05-12 17:30:00+00:00
1778607900000,80467.3,80546.9,80448.4,80485.1,6.63485494,2026-05-12 17:45:00+00:00
1778608800000,80485.2,80522.7,80420.0,80500.7,8.02991113,2026-05-12 18:00:00+00:00
1778609700000,80500.8,80535.2,80461.6,80475.1,3.83606177,2026-05-12 18:15:00+00:00
1778610600000,80474.3,80659.5,80467.4,80659.4,6.18753705,2026-05-12 18:30:00+00:00
1778611500000,80638.1,80728.2,80599.6,80666.1,11.73965275,2026-05-12 18:45:00+00:00
1778612400000,80666.1,80790.8,80647.6,80790.8,21.36041012,2026-05-12 19:00:00+00:00
1778613300000,80790.8,80797.0,80702.3,80708.4,7.78207129,2026-05-12 19:15:00+00:00
1778614200000,80708.3,80789.0,80693.3,80729.1,9.72794798,2026-05-12 19:30:00+00:00
1778615100000,80729.1,80841.0,80729.0,80807.9,13.90689401,2026-05-12 19:45:00+00:00
1778616000000,80808.0,80872.7,80726.7,80760.8,68.04483123,2026-05-12 20:00:00+00:00
1778616900000,80760.8,80803.8,80742.3,80798.0,13.2813044,2026-05-12 20:15:00+00:00
1778617800000,80798.1,80798.1,80645.7,80680.4,53.44971667,2026-05-12 20:30:00+00:00
1778618700000,80680.4,80690.0,80635.3,80672.9,10.46905027,2026-05-12 20:45:00+00:00
1778619600000,80672.9,80722.8,80663.2,80691.5,11.28818872,2026-05-12 21:00:00+00:00
1778620500000,80691.5,80700.9,80623.6,80630.2,10.38819898,2026-05-12 21:15:00+00:00
1778621400000,80630.3,80630.3,80529.5,80562.7,4.68606399,2026-05-12 21:30:00+00:00
1778622300000,80557.4,80573.7,80500.0,80571.9,7.03918483,2026-05-12 21:45:00+00:00
1778623200000,80571.9,80765.9,80571.9,80611.3,8.8513496,2026-05-12 22:00:00+00:00
1778624100000,80611.4,80680.2,80597.2,80642.0,4.98985523,2026-05-12 22:15:00+00:00
1778625000000,80642.0,80679.9,80621.1,80621.2,2.610906,2026-05-12 22:30:00+00:00
1778625900000,80621.2,80700.0,80621.1,80647.3,1.18605003,2026-05-12 22:45:00+00:00
1778626800000,80647.4,80701.7,80569.2,80569.2,1.81008904,2026-05-12 23:00:00+00:00
1778627700000,80569.3,80653.4,80569.3,80653.3,1.74367234,2026-05-12 23:15:00+00:00
1778628600000,80653.4,80653.4,80480.0,80496.7,1.94778319,2026-05-12 23:30:00+00:00
1778629500000,80496.7,80507.7,80415.7,80492.3,9.49566875,2026-05-12 23:45:00+00:00
1778630400000,80492.4,80505.9,80400.0,80433.8,12.11376879,2026-05-13 00:00:00+00:00
1778631300000,80433.8,80720.2,80433.8,80635.5,2.11659975,2026-05-13 00:15:00+00:00
1778632200000,80635.2,80752.5,80625.0,80733.3,3.25993148,2026-05-13 00:30:00+00:00
1778633100000,80727.2,80733.3,80609.9,80698.1,1.72360907,2026-05-13 00:45:00+00:00
1778634000000,80698.1,80950.0,80653.0,80937.2,9.22419136,2026-05-13 01:00:00+00:00
1778634900000,80937.2,81083.8,80850.8,81038.6,23.83108405,2026-05-13 01:15:00+00:00
1778635800000,81038.6,81136.9,81009.5,81100.3,12.69837547,2026-05-13 01:30:00+00:00
1778636700000,81100.3,81158.0,80960.3,80971.2,11.73863413,2026-05-13 01:45:00+00:00
1778637600000,80971.2,81048.6,80922.8,81048.5,2.863444,2026-05-13 02:00:00+00:00
1778638500000,81048.5,81240.0,81010.0,81096.9,6.29584699,2026-05-13 02:15:00+00:00
1778639400000,81096.9,81096.9,80999.7,81038.2,7.76418824,2026-05-13 02:30:00+00:00
1778640300000,81038.1,81058.1,81001.6,81024.6,4.59464973,2026-05-13 02:45:00+00:00
1778641200000,81024.7,81076.3,80968.1,80995.0,5.9575426,2026-05-13 03:00:00+00:00
1778642100000,80995.0,81069.2,80973.5,81068.8,2.59873676,2026-05-13 03:15:00+00:00
1778643000000,81068.8,81182.3,81049.9,81181.3,2.49020184,2026-05-13 03:30:00+00:00
1778643900000,81181.2,81255.6,81165.5,81215.5,15.91617071,2026-05-13 03:45:00+00:00
1778644800000,81222.5,81229.9,81133.2,81133.2,0.72216646,2026-05-13 04:00:00+00:00
1778645700000,81133.3,81170.0,81117.6,81161.9,6.64209558,2026-05-13 04:15:00+00:00
1778646600000,81162.0,81244.1,81162.0,81187.6,4.54964269,2026-05-13 04:30:00+00:00
1778647500000,81187.6,81215.0,81161.5,81214.9,0.94030435,2026-05-13 04:45:00+00:00
1778648400000,81215.0,81226.9,81161.5,81161.5,3.07842716,2026-05-13 05:00:00+00:00
1778649300000,81161.5,81161.5,81086.8,81122.8,7.24484011,2026-05-13 05:15:00+00:00
1778650200000,81122.8,81122.8,81012.9,81012.9,7.49013092,2026-05-13 05:30:00+00:00
1778651100000,81012.5,81062.7,80993.2,80993.3,3.85061458,2026-05-13 05:45:00+00:00
1778652000000,80993.3,81075.2,80980.3,81070.7,11.64603387,2026-05-13 06:00:00+00:00
1778652900000,81070.7,81121.2,81017.6,81067.1,3.98209252,2026-05-13 06:15:00+00:00
1778653800000,81070.8,81073.3,80997.7,81014.2,2.36249785,2026-05-13 06:30:00+00:00
1778654700000,81033.9,81033.9,80955.5,80955.5,0.85985413,2026-05-13 06:45:00+00:00
1778655600000,80955.6,81000.6,80955.6,80986.4,1.30496787,2026-05-13 07:00:00+00:00
1778656500000,80986.5,81016.6,80880.6,80900.0,3.6387642,2026-05-13 07:15:00+00:00
1778657400000,80900.1,80939.8,80877.0,80928.8,2.6761118,2026-05-13 07:30:00+00:00
1778658300000,80928.8,81004.7,80908.0,81004.7,12.41994397,2026-05-13 07:45:00+00:00
1778659200000,81000.5,81033.8,80962.4,80984.6,0.83269264,2026-05-13 08:00:00+00:00
1778660100000,80984.5,81085.2,80984.5,81032.7,5.32767554,2026-05-13 08:15:00+00:00
1778661000000,81032.7,81148.5,80923.1,81127.2,8.69121982,2026-05-13 08:30:00+00:00
1778661900000,81127.1,81166.0,81127.1,81151.3,3.93131095,2026-05-13 08:45:00+00:00
1778662800000,81151.4,81277.0,81151.3,81210.8,4.1657081,2026-05-13 09:00:00+00:00
1778663700000,81210.9,81217.2,81102.4,81149.5,9.63016877,2026-05-13 09:15:00+00:00
1778664600000,81149.6,81262.3,81149.5,81205.4,5.44907645,2026-05-13 09:30:00+00:00
1778665500000,81205.4,81250.0,81192.3,81250.0,26.76738699,2026-05-13 09:45:00+00:00
1778666400000,81250.0,81250.0,81071.7,81074.9,2.83451169,2026-05-13 10:00:00+00:00
1778667300000,81074.9,81126.6,80960.0,80960.1,12.52087295,2026-05-13 10:15:00+00:00
1778668200000,80960.1,81007.1,80809.7,80814.3,7.24055001,2026-05-13 10:30:00+00:00
1778669100000,80814.2,80845.8,80800.0,80800.1,6.14891931,2026-05-13 10:45:00+00:00
1778670000000,80800.1,80809.0,80554.7,80566.7,16.64956774,2026-05-13 11:00:00+00:00
1778670900000,80566.6,80640.0,80547.9,80556.8,3.00265445,2026-05-13 11:15:00+00:00
1778671800000,80552.2,80640.0,80551.5,80627.6,6.65759854,2026-05-13 11:30:00+00:00
1778672700000,80632.7,80652.9,80468.7,80474.0,20.3029039,2026-05-13 11:45:00+00:00
1778673600000,80474.0,80551.1,80440.7,80525.4,4.47091314,2026-05-13 12:00:00+00:00
1778674500000,80525.5,80529.0,80165.5,80330.0,31.30154631,2026-05-13 12:15:00+00:00
1778675400000,80324.3,80324.4,79829.5,80146.9,76.02472011,2026-05-13 12:30:00+00:00
1778676300000,80146.9,80255.1,80120.7,80168.8,37.2894896,2026-05-13 12:45:00+00:00
1778677200000,80171.3,80318.7,80171.2,80302.0,8.86741191,2026-05-13 13:00:00+00:00
1778678100000,80302.0,80314.4,80122.6,80130.2,4.70878376,2026-05-13 13:15:00+00:00
1778679000000,80130.2,80163.8,79777.0,79826.6,65.00137191,2026-05-13 13:30:00+00:00
1778679900000,79826.4,79826.5,79565.2,79629.7,98.60653642,2026-05-13 13:45:00+00:00
1778680800000,79629.7,79757.7,79458.9,79679.9,36.84441726,2026-05-13 14:00:00+00:00
1778681700000,79680.0,79874.5,79640.4,79823.0,46.32111703,2026-05-13 14:15:00+00:00
1778682600000,79822.9,79840.0,79678.6,79678.7,11.20210368,2026-05-13 14:30:00+00:00
1778683500000,79678.7,79775.0,79624.5,79728.4,10.0492839,2026-05-13 14:45:00+00:00
1778684400000,79728.5,79822.4,79395.5,79411.4,33.60001353,2026-05-13 15:00:00+00:00
1778685300000,79411.4,79453.3,79219.8,79249.7,36.56921152,2026-05-13 15:15:00+00:00
1778686200000,79249.8,79301.6,79200.0,79260.1,39.97605332,2026-05-13 15:30:00+00:00
1778687100000,79239.4,79239.4,78758.6,78780.1,60.27985927,2026-05-13 15:45:00+00:00
1778688000000,78780.0,78976.0,78720.9,78875.7,51.50905731,2026-05-13 16:00:00+00:00
1778688900000,78875.7,79041.3,78816.5,79024.4,14.20843851,2026-05-13 16:15:00+00:00
1778689800000,79024.4,79144.0,79007.1,79114.3,15.07534338,2026-05-13 16:30:00+00:00
1778690700000,79114.3,79188.1,79055.2,79055.2,32.72740927,2026-05-13 16:45:00+00:00
1778691600000,79055.3,79195.6,79055.3,79195.5,22.67525415,2026-05-13 17:00:00+00:00
1778692500000,79195.5,79335.0,79088.5,79331.7,152.59309524,2026-05-13 17:15:00+00:00
1778693400000,79331.7,79410.8,79310.2,79410.0,16.61073659,2026-05-13 17:30:00+00:00
1778694300000,79410.1,79513.0,79363.1,79488.6,23.66980195,2026-05-13 17:45:00+00:00
1778695200000,79488.5,79597.8,79488.4,79580.4,14.92559227,2026-05-13 18:00:00+00:00
1778696100000,79580.3,79755.8,79535.7,79730.1,16.910074,2026-05-13 18:15:00+00:00
1778697000000,79730.1,79774.1,79630.8,79630.8,17.92912878,2026-05-13 18:30:00+00:00
1778697900000,79630.7,79653.1,79550.0,79586.6,3.39638617,2026-05-13 18:45:00+00:00
1778698800000,79586.6,79589.1,79442.3,79502.5,28.6977551,2026-05-13 19:00:00+00:00
1778699700000,79502.4,79510.0,79354.0,79468.7,10.11231074,2026-05-13 19:15:00+00:00
1778700600000,79465.4,79568.5,79436.3,79500.0,3.57257614,2026-05-13 19:30:00+00:00
1778701500000,79500.0,79618.4,79475.2,79616.3,10.59027807,2026-05-13 19:45:00+00:00
1778702400000,79616.3,79717.2,79607.3,79633.9,14.58404187,2026-05-13 20:00:00+00:00
1778703300000,79621.1,79699.2,79615.0,79615.0,8.18358977,2026-05-13 20:15:00+00:00
1778704200000,79609.4,79698.9,79609.3,79685.6,104.0618868,2026-05-13 20:30:00+00:00
1778705100000,79685.5,79722.9,79639.1,79680.5,17.4584502,2026-05-13 20:45:00+00:00
1778706000000,79673.9,79677.9,79304.9,79407.8,8.96821647,2026-05-13 21:00:00+00:00
1778706900000,79407.7,79412.6,79360.0,79390.5,3.40620951,2026-05-13 21:15:00+00:00
1778707800000,79390.6,79479.1,79390.5,79470.1,5.71228703,2026-05-13 21:30:00+00:00
1778708700000,79470.0,79488.1,79360.1,79368.4,1.81234231,2026-05-13 21:45:00+00:00
1778709600000,79368.4,79398.5,79197.9,79373.2,22.24171893,2026-05-13 22:00:00+00:00
1778710500000,79373.1,79373.2,79251.8,79291.4,6.22390161,2026-05-13 22:15:00+00:00
1778711400000,79291.5,79372.0,79198.9,79371.9,5.75976525,2026-05-13 22:30:00+00:00
1778712300000,79371.9,79444.2,79371.0,79396.2,6.80692237,2026-05-13 22:45:00+00:00
1778713200000,79399.4,79455.8,79335.0,79364.3,1.57867344,2026-05-13 23:00:00+00:00
1778714100000,79364.3,79425.0,79282.1,79301.7,23.87222922,2026-05-13 23:15:00+00:00
1778715000000,79301.7,79348.6,79237.0,79272.6,2.04584534,2026-05-13 23:30:00+00:00
1778715900000,79272.6,79295.6,79200.0,79292.1,2.24679202,2026-05-13 23:45:00+00:00
1778716800000,79292.1,79477.8,79292.0,79477.8,7.88938941,2026-05-14 00:00:00+00:00
1778717700000,79477.7,79544.0,79422.8,79436.3,17.95537523,2026-05-14 00:15:00+00:00
1778718600000,79436.4,79608.1,79436.4,79605.6,2.42456666,2026-05-14 00:30:00+00:00
1778719500000,79611.0,79641.4,79522.9,79550.2,3.53641398,2026-05-14 00:45:00+00:00
1778720400000,79550.5,79664.9,79534.1,79573.5,7.63536316,2026-05-14 01:00:00+00:00
1778721300000,79573.6,79612.4,79486.3,79520.1,4.32834123,2026-05-14 01:15:00+00:00
1778722200000,79520.1,79553.1,79400.0,79458.6,2.69971907,2026-05-14 01:30:00+00:00
1778723100000,79459.8,79633.3,79425.3,79576.6,3.79421714,2026-05-14 01:45:00+00:00
1778724000000,79576.6,79648.0,79576.5,79579.1,2.48612586,2026-05-14 02:00:00+00:00
1778724900000,79579.1,79630.9,79526.7,79618.9,1.24756755,2026-05-14 02:15:00+00:00
1778725800000,79618.9,79629.2,79532.7,79568.8,10.27072003,2026-05-14 02:30:00+00:00
1778726700000,79568.8,79569.8,79210.6,79324.4,11.79432745,2026-05-14 02:45:00+00:00
1778727600000,79324.5,79424.7,79116.4,79247.2,15.50321034,2026-05-14 03:00:00+00:00
1778728500000,79243.4,79315.4,78995.2,79286.9,18.83238941,2026-05-14 03:15:00+00:00
1778729400000,79286.8,79361.4,79130.2,79182.2,2.75125691,2026-05-14 03:30:00+00:00
1778730300000,79182.2,79182.2,78901.6,79008.6,30.38629096,2026-05-14 03:45:00+00:00
1778731200000,79008.6,79225.7,78946.9,79222.2,10.59295032,2026-05-14 04:00:00+00:00
1778732100000,79222.3,79319.9,79206.4,79300.0,1.19034199,2026-05-14 04:15:00+00:00
1778733000000,79300.0,79349.1,79281.1,79347.1,2.00224918,2026-05-14 04:30:00+00:00
1778733900000,79347.1,79429.8,79302.5,79426.0,15.69320758,2026-05-14 04:45:00+00:00
1778734800000,79426.3,79433.5,79385.0,79385.1,17.60677849,2026-05-14 05:00:00+00:00
1778735700000,79385.0,79558.9,79351.1,79558.9,2.40134381,2026-05-14 05:15:00+00:00
1778736600000,79558.9,79748.5,79558.8,79669.1,11.99185182,2026-05-14 05:30:00+00:00
1778737500000,79669.1,79935.4,79669.1,79778.2,9.13270162,2026-05-14 05:45:00+00:00
1778738400000,79778.2,79903.3,79778.2,79890.5,2.9971736,2026-05-14 06:00:00+00:00
1778739300000,79891.6,79891.6,79794.6,79794.6,1.4455591,2026-05-14 06:15:00+00:00
1778740200000,79799.1,79866.5,79739.0,79840.5,3.69027996,2026-05-14 06:30:00+00:00
1778741100000,79840.5,79866.7,79793.1,79793.1,14.02551326,2026-05-14 06:45:00+00:00
1778742000000,79785.2,79824.7,79701.1,79712.8,2.20729539,2026-05-14 07:00:00+00:00
1778742900000,79712.8,79800.6,79682.2,79770.7,2.01276933,2026-05-14 07:15:00+00:00
1778743800000,79770.7,79895.0,79770.6,79852.1,19.39655874,2026-05-14 07:30:00+00:00
1778744700000,79852.1,79852.1,79725.4,79725.4,6.68733099,2026-05-14 07:45:00+00:00
1778745600000,79725.5,79818.6,79609.1,79792.6,4.38076155,2026-05-14 08:00:00+00:00
1778746500000,79792.7,79835.6,79685.4,79761.8,9.75110024,2026-05-14 08:15:00+00:00
1778747400000,79761.9,79882.8,79745.2,79864.8,1.0638341,2026-05-14 08:30:00+00:00
1778748300000,79864.9,79864.9,79761.7,79786.0,1.82128564,2026-05-14 08:45:00+00:00
1778749200000,79786.1,79868.6,79774.3,79792.4,5.11941432,2026-05-14 09:00:00+00:00
1778750100000,79792.3,79792.4,79711.0,79711.1,1.36135921,2026-05-14 09:15:00+00:00
1778751000000,79711.0,79711.0,79442.6,79626.5,111.86163695,2026-05-14 09:30:00+00:00
1778751900000,79626.5,79626.5,79524.3,79600.3,20.9382866,2026-05-14 09:45:00+00:00
1778752800000,79603.4,79692.3,79540.3,79586.4,8.64006385,2026-05-14 10:00:00+00:00
1778753700000,79586.3,79715.8,79586.3,79649.1,2.37275265,2026-05-14 10:15:00+00:00
1778754600000,79649.2,79649.2,79390.8,79412.2,3.58159638,2026-05-14 10:30:00+00:00
1778755500000,79412.3,79577.9,79412.2,79536.2,2.54993962,2026-05-14 10:45:00+00:00
1778756400000,79536.2,79574.0,79477.6,79491.8,0.786416,2026-05-14 11:00:00+00:00
1778757300000,79476.5,79504.2,79240.7,79322.6,6.84569087,2026-05-14 11:15:00+00:00
1778758200000,79322.7,79349.0,79250.0,79250.5,8.08112161,2026-05-14 11:30:00+00:00
1778759100000,79250.5,79287.5,79214.6,79245.3,3.45471203,2026-05-14 11:45:00+00:00
1778760000000,79237.9,79355.8,79207.5,79311.3,5.07108192,2026-05-14 12:00:00+00:00
1778760900000,79311.3,79407.2,79257.4,79390.1,4.23545491,2026-05-14 12:15:00+00:00
1778761800000,79390.1,79649.2,79390.0,79649.1,11.52034534,2026-05-14 12:30:00+00:00
1778762700000,79649.1,79748.5,79649.1,79734.1,16.37572684,2026-05-14 12:45:00+00:00
1778763600000,79734.1,79844.4,79705.0,79830.0,59.58101422,2026-05-14 13:00:00+00:00
1778764500000,79830.0,80012.5,79723.9,79903.0,64.42283636,2026-05-14 13:15:00+00:00
1778765400000,79903.0,79939.4,79675.5,79816.2,21.23330612,2026-05-14 13:30:00+00:00
1778766300000,79820.4,80040.6,79641.6,79679.3,30.21494141,2026-05-14 13:45:00+00:00
1778767200000,79679.3,79953.6,79548.0,79913.0,71.19289355,2026-05-14 14:00:00+00:00
1778768100000,79913.1,80219.0,79913.1,80118.5,48.24927041,2026-05-14 14:15:00+00:00
1778769000000,80118.6,80342.7,80082.2,80305.7,106.91259544,2026-05-14 14:30:00+00:00
1778769900000,80305.7,80985.0,80305.6,80953.3,137.33358937,2026-05-14 14:45:00+00:00
1778770800000,80932.0,81109.4,80804.2,80955.2,50.10474231,2026-05-14 15:00:00+00:00
1778771700000,80955.2,81098.7,80899.0,80979.4,16.12256566,2026-05-14 15:15:00+00:00
1778772600000,80979.5,81049.0,80796.5,80982.1,27.7916529,2026-05-14 15:30:00+00:00
1778773500000,80982.0,81300.0,80982.0,81299.9,50.63133601,2026-05-14 15:45:00+00:00
1778774400000,81300.0,81585.5,81299.9,81554.3,189.06938935,2026-05-14 16:00:00+00:00
1778775300000,81536.3,81580.0,81392.6,81532.3,42.44181187,2026-05-14 16:15:00+00:00
1778776200000,81532.4,81635.3,81350.1,81520.3,69.57555257,2026-05-14 16:30:00+00:00
1778777100000,81520.4,81873.9,81091.2,81873.9,56.2362152,2026-05-14 16:45:00+00:00
1778778000000,81874.0,82017.4,81708.3,81712.4,97.19811255,2026-05-14 17:00:00+00:00
1778778900000,81712.5,81712.5,81265.3,81454.3,42.74314904,2026-05-14 17:15:00+00:00
1778779800000,81454.4,81716.2,81438.4,81640.4,9.85464371,2026-05-14 17:30:00+00:00
1778780700000,81640.3,81783.7,81640.3,81662.8,125.7806786,2026-05-14 17:45:00+00:00
1778781600000,81662.8,81852.5,81475.3,81852.5,26.63142899,2026-05-14 18:00:00+00:00
1778782500000,81852.5,81950.7,81766.2,81873.3,18.41195523,2026-05-14 18:15:00+00:00
1778783400000,81873.4,81873.4,81500.6,81543.5,42.80616602,2026-05-14 18:30:00+00:00
1778784300000,81543.5,81624.5,81450.8,81578.5,31.81092619,2026-05-14 18:45:00+00:00
1778785200000,81578.3,81715.1,81536.9,81553.8,18.21944726,2026-05-14 19:00:00+00:00
1778786100000,81553.8,81624.9,81333.0,81355.5,23.74667639,2026-05-14 19:15:00+00:00
1778787000000,81355.4,81480.0,81355.4,81454.5,25.01968686,2026-05-14 19:30:00+00:00
1778787900000,81454.5,81476.9,81380.3,81421.0,8.4576406,2026-05-14 19:45:00+00:00
1778788800000,81421.0,81594.7,81380.3,81380.3,26.73288277,2026-05-14 20:00:00+00:00
1778789700000,81380.3,81413.7,81215.0,81266.7,11.27710507,2026-05-14 20:15:00+00:00
1778790600000,81266.7,81298.8,81147.5,81216.2,47.7244459,2026-05-14 20:30:00+00:00
1778791500000,81216.1,81465.9,81216.1,81389.5,35.6851281,2026-05-14 20:45:00+00:00
1778792400000,81389.5,81460.3,81334.9,81334.9,15.21118662,2026-05-14 21:00:00+00:00
1778793300000,81335.0,81457.7,81264.9,81434.8,10.30957806,2026-05-14 21:15:00+00:00
1778794200000,81434.7,81518.0,81432.1,81449.9,4.78145413,2026-05-14 21:30:00+00:00
1778795100000,81449.9,81452.5,81368.2,81389.7,2.04579094,2026-05-14 21:45:00+00:00
1778796000000,81389.7,81496.9,81342.4,81493.5,3.39734654,2026-05-14 22:00:00+00:00
1778796900000,81493.5,81493.6,81398.3,81434.0,7.00045383,2026-05-14 22:15:00+00:00
1778797800000,81434.0,81517.0,81434.0,81516.9,2.51909275,2026-05-14 22:30:00+00:00
1778798700000,81517.0,81561.2,81417.8,81449.8,18.69802843,2026-05-14 22:45:00+00:00
1778799600000,81449.8,81449.8,81193.4,81239.1,13.35296664,2026-05-14 23:00:00+00:00
1778800500000,81239.1,81356.8,81181.1,81356.8,2.13107043,2026-05-14 23:15:00+00:00
1778801400000,81356.8,81356.8,81200.0,81200.1,4.85909194,2026-05-14 23:30:00+00:00
1778802300000,81200.0,81200.1,81038.0,81070.1,20.03013788,2026-05-14 23:45:00+00:00
1778803200000,81070.1,81443.8,81070.1,81443.8,20.05864508,2026-05-15 00:00:00+00:00
1778804100000,81448.0,81480.3,81352.0,81440.9,4.17657064,2026-05-15 00:15:00+00:00
1778805000000,81440.9,81646.5,81265.2,81333.2,7.1805782,2026-05-15 00:30:00+00:00
1778805900000,81333.2,81560.9,81333.2,81512.8,12.04090947,2026-05-15 00:45:00+00:00
1778806800000,81509.7,81595.6,81509.7,81540.9,3.78425862,2026-05-15 01:00:00+00:00
1778807700000,81540.8,81576.5,81394.1,81394.1,1.41613309,2026-05-15 01:15:00+00:00
1778808600000,81394.1,81437.7,81206.8,81364.5,5.93713376,2026-05-15 01:30:00+00:00
1778809500000,81374.9,81374.9,81113.3,81113.3,6.72403544,2026-05-15 01:45:00+00:00
1778810400000,81122.4,81185.3,80862.8,80931.8,15.01023461,2026-05-15 02:00:00+00:00
1778811300000,80931.3,81004.1,80866.0,80897.1,16.96409515,2026-05-15 02:15:00+00:00
1778812200000,80897.1,81099.0,80750.0,81076.4,40.6915951,2026-05-15 02:30:00+00:00
1778813100000,81076.4,81314.1,81076.4,81278.2,7.36865098,2026-05-15 02:45:00+00:00
1778814000000,81278.2,81300.0,81118.3,81198.9,5.3385429,2026-05-15 03:00:00+00:00
1778814900000,81198.8,81236.3,81158.0,81236.3,0.65439796,2026-05-15 03:15:00+00:00
1778815800000,81236.3,81236.3,80927.4,80991.4,9.95348022,2026-05-15 03:30:00+00:00
1778816700000,80991.3,81071.2,80975.8,81071.1,7.63047414,2026-05-15 03:45:00+00:00
1778817600000,81071.2,81075.3,80954.4,81015.9,9.16278735,2026-05-15 04:00:00+00:00
1778818500000,81018.9,81055.5,80891.6,80903.9,13.03958858,2026-05-15 04:15:00+00:00
1778819400000,80903.8,81010.4,80874.2,80932.7,3.30624597,2026-05-15 04:30:00+00:00
1778820300000,80932.8,80932.8,80685.3,80701.5,8.79043948,2026-05-15 04:45:00+00:00
1778821200000,80701.6,80827.8,80658.2,80808.3,13.87327898,2026-05-15 05:00:00+00:00
1778822100000,80808.2,80866.4,80755.7,80762.4,6.53992724,2026-05-15 05:15:00+00:00
1778823000000,80762.4,80793.1,80325.7,80475.1,39.50175617,2026-05-15 05:30:00+00:00
1778823900000,80475.1,80543.4,80276.8,80327.7,161.47657902,2026-05-15 05:45:00+00:00
1778824800000,80327.8,80440.0,80307.7,80401.9,8.84530474,2026-05-15 06:00:00+00:00
1778825700000,80401.9,80494.2,80309.3,80494.2,11.17196732,2026-05-15 06:15:00+00:00
1778826600000,80495.6,80616.9,80495.6,80614.1,11.02999614,2026-05-15 06:30:00+00:00
1778827500000,80614.0,80617.0,80553.0,80574.0,2.47340394,2026-05-15 06:45:00+00:00
1778828400000,80574.0,80768.3,80552.9,80766.1,7.76268372,2026-05-15 07:00:00+00:00
1778829300000,80766.2,80991.7,80701.0,80910.6,11.35859163,2026-05-15 07:15:00+00:00
1778830200000,80910.6,80910.6,80736.8,80812.4,30.47218068,2026-05-15 07:30:00+00:00
1778831100000,80812.5,80867.1,80765.6,80814.9,8.18431919,2026-05-15 07:45:00+00:00
1778832000000,80814.9,80822.2,80659.0,80719.0,17.53200065,2026-05-15 08:00:00+00:00
1778832900000,80718.5,80718.5,80500.2,80528.8,16.70247385,2026-05-15 08:15:00+00:00
1778833800000,80528.8,80679.0,80431.0,80670.5,6.12235529,2026-05-15 08:30:00+00:00
1778834700000,80670.4,80670.5,80547.8,80627.0,5.42838437,2026-05-15 08:45:00+00:00
1778835600000,80627.1,80644.3,80530.2,80564.6,1.96754753,2026-05-15 09:00:00+00:00
1778836500000,80564.6,80564.7,80456.0,80555.9,2.51792477,2026-05-15 09:15:00+00:00
1778837400000,80555.9,80626.6,80421.4,80421.4,3.12735021,2026-05-15 09:30:00+00:00
1778838300000,80421.5,80465.7,80363.6,80465.6,3.29751038,2026-05-15 09:45:00+00:00
1778839200000,80465.7,80589.5,80414.5,80584.4,12.0648124,2026-05-15 10:00:00+00:00
1778840100000,80584.4,80584.5,80500.0,80501.3,4.24624714,2026-05-15 10:15:00+00:00
1778841000000,80501.4,80553.0,80455.0,80510.8,3.07152636,2026-05-15 10:30:00+00:00
1778841900000,80518.4,80755.4,80518.3,80701.1,2.60538196,2026-05-15 10:45:00+00:00
1778842800000,80701.1,80745.9,80581.1,80660.8,12.46155711,2026-05-15 11:00:00+00:00
1778843700000,80660.8,80701.9,80599.4,80602.7,3.45187365,2026-05-15 11:15:00+00:00
1778844600000,80602.8,80631.7,80585.8,80619.3,2.53403148,2026-05-15 11:30:00+00:00
1778845500000,80625.3,80699.1,80598.0,80615.2,1.79688626,2026-05-15 11:45:00+00:00
1778846400000,80615.3,80628.1,80400.0,80420.0,8.00736228,2026-05-15 12:00:00+00:00
1778847300000,80420.0,80562.4,80379.9,80529.5,9.31101309,2026-05-15 12:15:00+00:00
1778848200000,80527.6,80545.3,80400.0,80421.8,9.43199159,2026-05-15 12:30:00+00:00
1778849100000,80401.3,80428.2,80330.9,80373.4,5.46413458,2026-05-15 12:45:00+00:00
1778850000000,80373.4,80373.4,80079.3,80124.8,60.08178103,2026-05-15 13:00:00+00:00
1778850900000,80124.7,80187.3,79988.7,79997.7,67.52711002,2026-05-15 13:15:00+00:00
1778851800000,79997.7,79997.7,79091.1,79125.2,243.86891567,2026-05-15 13:30:00+00:00
1778852700000,79125.2,79236.9,78658.0,78731.1,164.318197,2026-05-15 13:45:00+00:00
1778853600000,78731.1,79300.2,78620.0,79206.7,78.01205862,2026-05-15 14:00:00+00:00
1778854500000,79206.7,79281.6,78990.6,79048.9,26.30100842,2026-05-15 14:15:00+00:00
1778855400000,79049.3,79253.8,78990.1,79180.4,20.22116286,2026-05-15 14:30:00+00:00
1778856300000,79187.0,79280.1,78934.8,79130.1,14.19445004,2026-05-15 14:45:00+00:00
1778857200000,79130.1,79300.2,79047.4,79208.6,5.72879474,2026-05-15 15:00:00+00:00
1778858100000,79208.7,79338.3,79093.9,79104.1,17.72776044,2026-05-15 15:15:00+00:00
1778859000000,79106.8,79198.1,79075.0,79075.1,6.83295973,2026-05-15 15:30:00+00:00
1778859900000,79075.0,79208.0,79006.5,79131.6,9.95063379,2026-05-15 15:45:00+00:00
1778860800000,79129.1,79208.0,79110.7,79182.5,8.56743992,2026-05-15 16:00:00+00:00
1778861700000,79182.5,79283.8,79120.1,79282.0,6.53653596,2026-05-15 16:15:00+00:00
1778862600000,79282.1,79347.8,79243.0,79251.4,2.82413175,2026-05-15 16:30:00+00:00
1778863500000,79251.4,79304.2,79125.5,79268.7,15.42154903,2026-05-15 16:45:00+00:00
1778864400000,79268.7,79335.7,79198.1,79222.3,6.17128069,2026-05-15 17:00:00+00:00
1778865300000,79225.5,79399.9,79208.4,79342.5,30.11739602,2026-05-15 17:15:00+00:00
1778866200000,79342.5,79452.6,79342.4,79359.0,8.35685717,2026-05-15 17:30:00+00:00
1778867100000,79359.0,79452.5,79339.8,79428.2,3.82977359,2026-05-15 17:45:00+00:00
1778868000000,79430.9,79509.8,79401.0,79444.9,7.45971076,2026-05-15 18:00:00+00:00
1778868900000,79443.3,79443.4,79197.7,79251.7,10.7181124,2026-05-15 18:15:00+00:00
1778869800000,79251.7,79286.9,79134.0,79249.9,9.27549569,2026-05-15 18:30:00+00:00
1778870700000,79249.8,79297.6,79175.0,79250.1,10.0938737,2026-05-15 18:45:00+00:00
1778871600000,79250.1,79250.1,79034.2,79045.9,17.1672281,2026-05-15 19:00:00+00:00
1778872500000,79045.9,79118.8,79045.9,79080.1,2.48728816,2026-05-15 19:15:00+00:00
1778873400000,79080.1,79132.8,79060.1,79074.6,1.67547558,2026-05-15 19:30:00+00:00
1778874300000,79074.6,79132.8,79074.6,79103.8,5.01971936,2026-05-15 19:45:00+00:00
1778875200000,79103.8,79178.4,79060.0,79110.8,7.83557249,2026-05-15 20:00:00+00:00
1778876100000,79110.9,79136.3,79035.1,79136.3,16.0613375,2026-05-15 20:15:00+00:00
1778877000000,79136.3,79151.4,79050.1,79050.1,7.12606792,2026-05-15 20:30:00+00:00
1778877900000,79053.3,79088.0,78977.3,79086.3,9.23095487,2026-05-15 20:45:00+00:00
1778878800000,79086.3,79154.3,79068.6,79144.3,6.68712587,2026-05-15 21:00:00+00:00
1778879700000,79144.3,79161.4,79070.4,79103.6,2.08236626,2026-05-15 21:15:00+00:00
1778880600000,79103.5,79103.9,79050.1,79096.8,2.03670546,2026-05-15 21:30:00+00:00
1778881500000,79096.8,79096.8,78843.2,78931.5,9.12452686,2026-05-15 21:45:00+00:00
1778882400000,78931.5,79049.5,78931.5,79022.6,2.95648712,2026-05-15 22:00:00+00:00
1778883300000,79022.6,79054.2,78977.5,79054.2,30.36840219,2026-05-15 22:15:00+00:00
1778884200000,79051.6,79100.0,79038.2,79100.0,2.52836796,2026-05-15 22:30:00+00:00
1778885100000,79099.9,79100.0,79055.4,79060.0,6.56079136,2026-05-15 22:45:00+00:00
1778886000000,79060.1,79099.9,79035.6,79053.4,23.17870376,2026-05-15 23:00:00+00:00
1778886900000,79055.9,79100.0,79033.4,79074.1,14.7244019,2026-05-15 23:15:00+00:00
1778887800000,79075.2,79092.3,79028.7,79092.3,4.26758849,2026-05-15 23:30:00+00:00
1778888700000,79084.7,79094.7,79062.4,79062.5,40.88999936,2026-05-15 23:45:00+00:00
1778889600000,79062.6,79135.9,79037.4,79124.4,8.17265044,2026-05-16 00:00:00+00:00
1778890500000,79124.4,79155.4,79116.1,79144.1,11.68895431,2026-05-16 00:15:00+00:00
1778891400000,79144.1,79175.0,79108.5,79133.6,11.46830697,2026-05-16 00:30:00+00:00
1778892300000,79133.6,79133.6,79033.9,79070.3,7.19126765,2026-05-16 00:45:00+00:00
1778893200000,79060.5,79100.8,79048.0,79100.8,22.06406806,2026-05-16 01:00:00+00:00
1778894100000,79101.0,79107.7,79000.5,79000.5,7.88031625,2026-05-16 01:15:00+00:00
1778895000000,79000.1,79026.8,78971.6,78985.7,3.27757279,2026-05-16 01:30:00+00:00
1778895900000,78985.6,79129.1,78981.6,79129.0,3.85304399,2026-05-16 01:45:00+00:00
1778896800000,79129.1,79155.3,79054.5,79146.6,5.02367423,2026-05-16 02:00:00+00:00
1778897700000,79146.7,79165.0,79111.9,79123.0,16.79367588,2026-05-16 02:15:00+00:00
1778898600000,79123.0,79123.0,79031.2,79037.9,24.87019893,2026-05-16 02:30:00+00:00
1778899500000,79040.3,79086.7,79040.3,79086.7,0.79218824,2026-05-16 02:45:00+00:00
1778900400000,79086.8,79134.7,79086.7,79101.3,21.90707045,2026-05-16 03:00:00+00:00
1778901300000,79101.3,79146.7,79101.3,79120.1,12.50096391,2026-05-16 03:15:00+00:00
1778902200000,79120.1,79120.1,79041.6,79041.6,2.02922403,2026-05-16 03:30:00+00:00
1778903100000,79041.7,79082.1,79010.1,79022.5,13.79606058,2026-05-16 03:45:00+00:00
1778904000000,79032.3,79079.7,79018.2,79040.2,1.92987044,2026-05-16 04:00:00+00:00
1778904900000,79041.1,79041.1,79000.8,79009.6,14.9197494,2026-05-16 04:15:00+00:00
1778905800000,79007.3,79007.3,78835.4,78962.0,7.61189446,2026-05-16 04:30:00+00:00
1778906700000,78961.9,78975.4,78932.6,78970.0,3.14486734,2026-05-16 04:45:00+00:00
1778907600000,78970.0,78970.0,78904.6,78969.9,2.09945202,2026-05-16 05:00:00+00:00
1778908500000,78969.9,78970.0,78969.8,78969.9,0.82711689,2026-05-16 05:15:00+00:00
1778909400000,78969.9,78978.8,78922.2,78978.7,6.21158222,2026-05-16 05:30:00+00:00
1778910300000,78977.2,78995.5,78934.1,78995.5,12.55930212,2026-05-16 05:45:00+00:00
1778911200000,78994.2,78994.2,78900.1,78900.1,1.65271835,2026-05-16 06:00:00+00:00
1778912100000,78900.0,78900.1,78765.7,78776.3,9.26402751,2026-05-16 06:15:00+00:00
1778913000000,78776.3,78851.9,78673.9,78700.0,7.60449701,2026-05-16 06:30:00+00:00
1778913900000,78700.1,78726.8,78398.5,78599.8,44.65051646,2026-05-16 06:45:00+00:00
1778914800000,78600.0,78621.5,78100.0,78196.3,108.11797973,2026-05-16 07:00:00+00:00
1778915700000,78208.2,78460.7,78031.1,78422.3,58.1625799,2026-05-16 07:15:00+00:00
1778916600000,78422.3,78517.6,78324.9,78457.0,20.85557215,2026-05-16 07:30:00+00:00
1778917500000,78460.7,78462.4,78301.6,78343.8,21.39521029,2026-05-16 07:45:00+00:00
1778918400000,78343.9,78418.0,78310.0,78396.1,5.53189722,2026-05-16 08:00:00+00:00
1778919300000,78396.1,78396.1,78339.9,78356.9,1.43019259,2026-05-16 08:15:00+00:00
1778920200000,78356.9,78476.5,78356.8,78415.1,8.14753904,2026-05-16 08:30:00+00:00
1778921100000,78415.1,78415.1,78335.4,78384.1,11.34295002,2026-05-16 08:45:00+00:00
1778922000000,78384.1,78405.8,78200.0,78234.6,12.89177211,2026-05-16 09:00:00+00:00
1778922900000,78234.5,78234.5,77860.1,77996.8,52.93752976,2026-05-16 09:15:00+00:00
1778923800000,77996.9,78143.0,77996.8,78081.8,11.08396394,2026-05-16 09:30:00+00:00
1778924700000,78081.8,78163.3,77983.8,78048.1,8.36097003,2026-05-16 09:45:00+00:00
1778925600000,78048.1,78048.1,77787.8,77874.0,39.91191959,2026-05-16 10:00:00+00:00
1778926500000,77873.9,77911.0,77624.4,77729.4,33.68944743,2026-05-16 10:15:00+00:00
1778927400000,77731.2,77935.8,77730.6,77862.6,4.19489993,2026-05-16 10:30:00+00:00
1778928300000,77862.6,77933.5,77853.8,77920.7,3.08621474,2026-05-16 10:45:00+00:00
1778929200000,77920.7,78055.3,77920.7,78055.3,2.26016816,2026-05-16 11:00:00+00:00
1778930100000,78055.3,78109.2,78055.2,78103.3,7.35599513,2026-05-16 11:15:00+00:00
1778931000000,78103.3,78156.3,78084.4,78140.4,2.95463964,2026-05-16 11:30:00+00:00
1778931900000,78140.4,78140.4,78048.2,78048.2,3.52075184,2026-05-16 11:45:00+00:00
1778932800000,78048.3,78070.8,78022.5,78049.3,23.54549198,2026-05-16 12:00:00+00:00
1778933700000,78043.7,78051.5,77900.0,77965.0,35.383062,2026-05-16 12:15:00+00:00
1778934600000,77966.2,78047.6,77966.1,78035.2,5.67788732,2026-05-16 12:30:00+00:00
1778935500000,78032.6,78074.1,78000.0,78000.0,20.28379255,2026-05-16 12:45:00+00:00
1778936400000,78000.1,78000.1,77865.0,77870.1,12.44238009,2026-05-16 13:00:00+00:00
1778937300000,77870.1,77946.7,77850.1,77928.6,6.6832536,2026-05-16 13:15:00+00:00
1778938200000,77928.6,77947.4,77800.0,77862.7,10.42841519,2026-05-16 13:30:00+00:00
1778939100000,77863.0,77973.6,77856.9,77970.5,9.34655376,2026-05-16 13:45:00+00:00
1778940000000,77970.5,78006.8,77870.1,77923.0,14.85815449,2026-05-16 14:00:00+00:00
1778940900000,77923.0,78014.6,77887.0,77967.4,29.53064663,2026-05-16 14:15:00+00:00
1778941800000,77969.3,78190.8,77969.3,78187.9,11.30288317,2026-05-16 14:30:00+00:00
1778942700000,78188.0,78296.0,78083.7,78098.0,7.01186673,2026-05-16 14:45:00+00:00
1778943600000,78098.0,78189.8,78041.8,78087.9,3.02670832,2026-05-16 15:00:00+00:00
1778944500000,78088.0,78162.5,78064.8,78086.1,12.83541729,2026-05-16 15:15:00+00:00
1778945400000,78090.1,78200.0,78090.1,78183.6,36.27519899,2026-05-16 15:30:00+00:00
1778946300000,78183.5,78244.5,78183.5,78208.8,3.31828103,2026-05-16 15:45:00+00:00
1778947200000,78208.8,78316.7,78160.2,78206.7,12.93360852,2026-05-16 16:00:00+00:00
1778948100000,78206.6,78302.0,78195.0,78254.8,8.9709789,2026-05-16 16:15:00+00:00
1778949000000,78254.8,78285.5,78110.6,78113.9,14.43512228,2026-05-16 16:30:00+00:00
1778949900000,78113.8,78198.8,78113.8,78177.4,29.30796545,2026-05-16 16:45:00+00:00
1778950800000,78175.6,78248.3,78175.6,78235.6,11.89164521,2026-05-16 17:00:00+00:00
1778951700000,78241.2,78289.3,78200.1,78262.7,19.20994553,2026-05-16 17:15:00+00:00
1778952600000,78262.6,78288.8,78249.2,78265.5,6.45650783,2026-05-16 17:30:00+00:00
1778953500000,78265.5,78267.4,78201.2,78201.3,1.25162093,2026-05-16 17:45:00+00:00
1778954400000,78201.3,78213.8,78149.9,78168.8,9.10719625,2026-05-16 18:00:00+00:00
1778955300000,78168.8,78185.1,78111.1,78162.3,2.76082683,2026-05-16 18:15:00+00:00
1778956200000,78162.3,78246.5,78162.3,78224.8,7.83886815,2026-05-16 18:30:00+00:00
1778957100000,78224.9,78280.7,78179.8,78199.0,24.91682788,2026-05-16 18:45:00+00:00
1778958000000,78199.0,78223.3,78175.6,78210.0,5.62535463,2026-05-16 19:00:00+00:00
1778958900000,78210.0,78250.0,78204.0,78250.0,0.91629856,2026-05-16 19:15:00+00:00
1778959800000,78250.0,78271.8,78220.6,78232.1,9.90857854,2026-05-16 19:30:00+00:00
1778960700000,78232.1,78276.9,78204.0,78233.1,25.19993876,2026-05-16 19:45:00+00:00
1778961600000,78233.1,78255.0,78233.0,78255.0,6.30064928,2026-05-16 20:00:00+00:00
1778962500000,78254.9,78275.3,78232.0,78239.6,18.02321966,2026-05-16 20:15:00+00:00
1778963400000,78239.7,78243.5,78168.4,78171.5,6.04199913,2026-05-16 20:30:00+00:00
1778964300000,78171.5,78221.6,78171.4,78198.8,13.75450242,2026-05-16 20:45:00+00:00
1778965200000,78198.7,78253.2,78198.7,78238.8,3.92726755,2026-05-16 21:00:00+00:00
1778966100000,78247.2,78247.2,78214.7,78238.5,1.34334943,2026-05-16 21:15:00+00:00
1778967000000,78238.6,78252.5,78196.5,78232.1,4.01053532,2026-05-16 21:30:00+00:00
1778967900000,78232.2,78252.0,78217.4,78250.4,1.06451638,2026-05-16 21:45:00+00:00
1778968800000,78250.4,78250.4,78149.8,78186.9,1.3843992,2026-05-16 22:00:00+00:00
1778969700000,78186.9,78244.1,78186.9,78244.1,1.09518037,2026-05-16 22:15:00+00:00
1778970600000,78244.1,78244.1,78196.2,78196.4,0.68375376,2026-05-16 22:30:00+00:00
1778971500000,78196.3,78196.4,78155.8,78157.3,0.4046763,2026-05-16 22:45:00+00:00
1778972400000,78157.3,78160.9,78148.9,78149.0,10.64081689,2026-05-16 23:00:00+00:00
1778973300000,78148.9,78213.6,78148.9,78188.5,1.65936006,2026-05-16 23:15:00+00:00
1778974200000,78188.5,78208.3,78168.4,78183.7,1.98481241,2026-05-16 23:30:00+00:00
1778975100000,78183.8,78190.7,78106.4,78122.8,10.87040841,2026-05-16 23:45:00+00:00
1778976000000,78122.9,78194.7,78117.8,78180.5,7.78397086,2026-05-17 00:00:00+00:00
1778976900000,78180.5,78188.6,78117.8,78152.8,3.62857804,2026-05-17 00:15:00+00:00
1778977800000,78152.8,78203.4,78100.0,78108.6,1.24903865,2026-05-17 00:30:00+00:00
1778978700000,78108.9,78108.9,77773.6,77907.8,26.39648011,2026-05-17 00:45:00+00:00
1778979600000,77907.8,78076.2,77812.8,78040.4,7.14286221,2026-05-17 01:00:00+00:00
1778980500000,78021.0,78059.9,77904.9,77958.0,11.59347609,2026-05-17 01:15:00+00:00
1778981400000,77958.1,77966.3,77701.3,77760.8,10.56451943,2026-05-17 01:30:00+00:00
1778982300000,77760.3,77832.1,77700.1,77706.2,3.36601997,2026-05-17 01:45:00+00:00
1778983200000,77706.2,77888.3,77706.1,77842.1,6.96208688,2026-05-17 02:00:00+00:00
1778984100000,77842.1,77884.5,77817.2,77860.5,6.49027316,2026-05-17 02:15:00+00:00
1778985000000,77860.5,77901.5,77827.2,77883.9,1.71489626,2026-05-17 02:30:00+00:00
1778985900000,77883.8,77892.1,77830.3,77875.2,2.11995114,2026-05-17 02:45:00+00:00
1778986800000,77875.2,77962.3,77875.1,77933.8,2.70658995,2026-05-17 03:00:00+00:00
1778987700000,77933.9,77972.1,77933.8,77943.0,0.76868828,2026-05-17 03:15:00+00:00
1778988600000,77943.1,78017.1,77943.1,77996.6,2.58493666,2026-05-17 03:30:00+00:00
1778989500000,77992.9,78056.5,77965.8,77974.3,1.26139888,2026-05-17 03:45:00+00:00
1778990400000,77974.4,78027.7,77973.6,78012.1,1.62231599,2026-05-17 04:00:00+00:00
1778991300000,78012.1,78088.6,78012.1,78069.3,1.30502283,2026-05-17 04:15:00+00:00
1778992200000,78069.2,78136.4,78033.9,78136.4,4.50740531,2026-05-17 04:30:00+00:00
1778993100000,78136.4,78164.0,78130.0,78130.0,1.36244794,2026-05-17 04:45:00+00:00
1778994000000,78130.1,78274.9,78110.0,78225.1,17.86732531,2026-05-17 05:00:00+00:00
1778994900000,78225.1,78225.1,78161.6,78161.7,4.39918699,2026-05-17 05:15:00+00:00
1778995800000,78161.7,78176.0,78124.8,78140.4,1.3516125,2026-05-17 05:30:00+00:00
1778996700000,78140.4,78146.5,78076.4,78079.7,0.53714353,2026-05-17 05:45:00+00:00
1778997600000,78079.7,78159.6,78079.7,78159.4,1.30559338,2026-05-17 06:00:00+00:00
1778998500000,78156.9,78159.4,78000.5,78044.1,0.61350923,2026-05-17 06:15:00+00:00
1778999400000,78044.1,78086.0,78026.0,78026.0,0.60117372,2026-05-17 06:30:00+00:00
1779000300000,78026.1,78068.0,78026.0,78059.3,1.34254552,2026-05-17 06:45:00+00:00
1779001200000,78059.3,78078.9,78059.2,78059.2,0.24824818,2026-05-17 07:00:00+00:00
1779002100000,78059.3,78089.0,78030.1,78088.9,0.54425492,2026-05-17 07:15:00+00:00
1779003000000,78089.0,78198.1,78088.9,78117.5,3.89344672,2026-05-17 07:30:00+00:00
1779003900000,78117.5,78169.1,78117.4,78146.3,1.54884678,2026-05-17 07:45:00+00:00
1779004800000,78146.3,78149.9,78119.6,78119.6,5.0255571,2026-05-17 08:00:00+00:00
1779005700000,78119.7,78119.8,78046.9,78047.0,0.5021086,2026-05-17 08:15:00+00:00
1779006600000,78047.0,78074.6,77991.8,78051.2,5.01812821,2026-05-17 08:30:00+00:00
1779007500000,78053.4,78053.5,78032.2,78051.7,8.87394499,2026-05-17 08:45:00+00:00
1779008400000,78051.8,78082.7,78028.9,78082.7,24.91647298,2026-05-17 09:00:00+00:00
1779009300000,78082.7,78119.3,78082.7,78100.0,20.54598593,2026-05-17 09:15:00+00:00
1779010200000,78100.0,78107.0,78072.2,78089.1,14.80880131,2026-05-17 09:30:00+00:00
1779011100000,78094.7,78249.0,78094.7,78232.2,3.62383443,2026-05-17 09:45:00+00:00
1779012000000,78232.2,78494.8,78232.1,78444.7,28.10572537,2026-05-17 10:00:00+00:00
1779012900000,78444.7,78579.1,78388.0,78501.2,12.80829913,2026-05-17 10:15:00+00:00
1779013800000,78500.1,78500.1,78403.5,78462.5,32.35340015,2026-05-17 10:30:00+00:00
1779014700000,78458.2,78458.2,78405.1,78405.2,10.48038697,2026-05-17 10:45:00+00:00
1779015600000,78427.4,78427.4,78359.4,78359.4,1.473166,2026-05-17 11:00:00+00:00
1779016500000,78359.5,78359.5,78297.1,78331.4,2.93739399,2026-05-17 11:15:00+00:00
1779017400000,78331.3,78404.9,78279.2,78401.2,4.46382106,2026-05-17 11:30:00+00:00
1779018300000,78401.2,78417.1,78359.6,78381.9,1.29017007,2026-05-17 11:45:00+00:00
1779019200000,78381.9,78414.0,78343.3,78343.3,19.15149533,2026-05-17 12:00:00+00:00
1779020100000,78358.9,78391.8,78321.5,78391.0,13.89171558,2026-05-17 12:15:00+00:00
1779021000000,78391.0,78508.0,78390.9,78430.4,7.09235009,2026-05-17 12:30:00+00:00
1779021900000,78430.5,78447.3,78312.0,78315.0,4.24978056,2026-05-17 12:45:00+00:00
1779022800000,78315.1,78315.1,78232.1,78232.1,11.35677169,2026-05-17 13:00:00+00:00
1779023700000,78232.1,78261.2,78150.0,78261.2,3.36029754,2026-05-17 13:15:00+00:00
1779024600000,78258.4,78294.4,78215.5,78218.6,2.95616513,2026-05-17 13:30:00+00:00
1779025500000,78218.6,78254.8,78160.3,78172.3,1.78764726,2026-05-17 13:45:00+00:00
1779026400000,78172.3,78175.0,78045.5,78056.1,4.18976445,2026-05-17 14:00:00+00:00
1779027300000,78056.1,78072.3,77829.6,78021.3,17.51914409,2026-05-17 14:15:00+00:00
1779028200000,78021.3,78021.3,77930.5,77976.0,3.24970875,2026-05-17 14:30:00+00:00
1779029100000,77976.0,78050.0,77976.0,78030.1,16.53128931,2026-05-17 14:45:00+00:00
1779030000000,78030.1,78064.9,78002.3,78064.1,6.86630217,2026-05-17 15:00:00+00:00
1779030900000,78064.1,78064.1,77900.0,77962.8,9.48124649,2026-05-17 15:15:00+00:00
1779031800000,77962.8,78016.0,77953.7,77998.6,6.48075957,2026-05-17 15:30:00+00:00
1779032700000,77998.6,78037.1,77979.6,78015.9,0.81792188,2026-05-17 15:45:00+00:00
1779033600000,78016.0,78075.2,78015.9,78023.6,1.45856683,2026-05-17 16:00:00+00:00
1779034500000,78023.6,78104.4,78023.5,78100.9,0.74689919,2026-05-17 16:15:00+00:00
1779035400000,78101.0,78138.0,78084.4,78133.8,0.95624557,2026-05-17 16:30:00+00:00
1779036300000,78133.9,78133.9,78004.1,78012.1,18.30569319,2026-05-17 16:45:00+00:00
1779037200000,78012.1,78012.1,77852.4,77885.6,8.67800383,2026-05-17 17:00:00+00:00
1779038100000,77885.6,77958.9,77829.7,77958.9,9.98255129,2026-05-17 17:15:00+00:00
1779039000000,77958.9,78000.0,77880.6,78000.0,25.34585443,2026-05-17 17:30:00+00:00
1779039900000,78004.1,78056.5,78000.6,78056.5,1.91193759,2026-05-17 17:45:00+00:00
1779040800000,78053.1,78199.9,78047.5,78081.0,24.69713587,2026-05-17 18:00:00+00:00
1779041700000,78094.9,78095.1,77985.0,78084.3,2.0637759,2026-05-17 18:15:00+00:00
1779042600000,78084.3,78123.4,78084.2,78105.3,1.16012524,2026-05-17 18:30:00+00:00
1779043500000,78105.3,78249.7,78085.5,78215.5,8.64573669,2026-05-17 18:45:00+00:00
1779044400000,78221.4,78249.3,78202.0,78229.3,18.35337509,2026-05-17 19:00:00+00:00
1779045300000,78229.3,78255.6,78189.6,78191.7,0.84342966,2026-05-17 19:15:00+00:00
1779046200000,78191.6,78368.9,78191.6,78344.5,20.58786355,2026-05-17 19:30:00+00:00
1779047100000,78342.8,78420.2,78327.8,78384.0,16.58861396,2026-05-17 19:45:00+00:00
1779048000000,78383.9,78404.8,78300.7,78306.0,2.35187811,2026-05-17 20:00:00+00:00
1779048900000,78308.2,78308.2,78232.4,78247.8,1.19617153,2026-05-17 20:15:00+00:00
1779049800000,78247.9,78305.2,78218.5,78251.3,9.33857498,2026-05-17 20:30:00+00:00
1779050700000,78251.2,78266.8,78226.2,78226.2,7.37639017,2026-05-17 20:45:00+00:00
1779051600000,78230.0,78249.7,78201.8,78249.7,1.69508445,2026-05-17 21:00:00+00:00
1779052500000,78249.6,78394.7,78249.6,78390.4,16.05781416,2026-05-17 21:15:00+00:00
1779053400000,78394.7,78420.0,78344.8,78394.6,18.22147174,2026-05-17 21:30:00+00:00
1779054300000,78394.5,78419.9,78346.8,78348.1,24.97339806,2026-05-17 21:45:00+00:00
1779055200000,78361.1,78361.1,77912.1,78074.3,14.23563591,2026-05-17 22:00:00+00:00
1779056100000,78074.3,78100.1,77908.9,77944.2,14.01103879,2026-05-17 22:15:00+00:00
1779057000000,77944.3,78075.9,77910.3,78004.2,14.81735912,2026-05-17 22:30:00+00:00
1779057900000,78004.2,78004.2,77769.3,77950.0,9.4393302,2026-05-17 22:45:00+00:00
1779058800000,77950.0,77950.0,77721.6,77809.1,10.17477398,2026-05-17 23:00:00+00:00
1779059700000,77809.2,77924.3,77646.2,77794.1,18.02195361,2026-05-17 23:15:00+00:00
1779060600000,77794.1,77837.4,76642.3,77187.3,232.41001713,2026-05-17 23:30:00+00:00
1779061500000,77187.3,77490.1,77070.8,77410.0,99.19623051,2026-05-17 23:45:00+00:00
1779062400000,77410.1,77439.7,76882.8,77153.7,101.46110634,2026-05-18 00:00:00+00:00
1779063300000,77153.8,77271.1,77061.4,77099.7,18.50691543,2026-05-18 00:15:00+00:00
1779064200000,77099.7,77162.7,76905.8,76995.2,14.59951657,2026-05-18 00:30:00+00:00
1779065100000,76982.2,77192.4,76930.3,77164.5,8.40066776,2026-05-18 00:45:00+00:00
1779066000000,77164.5,77233.6,77035.8,77038.4,8.55224059,2026-05-18 01:00:00+00:00
1779066900000,77037.6,77037.6,76829.2,76859.1,19.36756435,2026-05-18 01:15:00+00:00
1779067800000,76859.1,76890.2,76735.4,76788.6,34.52260112,2026-05-18 01:30:00+00:00
1779068700000,76788.6,77100.0,76716.9,77059.0,16.80360337,2026-05-18 01:45:00+00:00
1779069600000,77059.0,77172.4,77018.9,77137.7,13.04154641,2026-05-18 02:00:00+00:00
1779070500000,77119.4,77121.1,76929.9,76992.0,5.23376814,2026-05-18 02:15:00+00:00
1779071400000,76992.0,76995.4,76797.4,76813.5,12.02008469,2026-05-18 02:30:00+00:00
1779072300000,76813.6,76881.0,76652.4,76789.7,39.34720587,2026-05-18 02:45:00+00:00
1779073200000,76789.7,76965.7,76789.7,76830.9,23.14246792,2026-05-18 03:00:00+00:00
1779074100000,76830.9,76950.7,76807.3,76926.5,2.07281107,2026-05-18 03:15:00+00:00
1779075000000,76926.6,76968.4,76781.8,76968.4,5.22300482,2026-05-18 03:30:00+00:00
1779075900000,76968.4,76968.4,76840.5,76884.5,4.34311123,2026-05-18 03:45:00+00:00
1779076800000,76884.6,76994.2,76881.0,76988.6,20.36420361,2026-05-18 04:00:00+00:00
1779077700000,76988.5,76988.6,76735.0,76743.4,13.19787042,2026-05-18 04:15:00+00:00
1779078600000,76765.1,76954.2,76738.8,76953.9,3.05564705,2026-05-18 04:30:00+00:00
1779079500000,76953.9,77013.9,76876.2,77007.8,2.57125769,2026-05-18 04:45:00+00:00
1779080400000,77007.9,77037.2,76968.6,76991.4,10.27865961,2026-05-18 05:00:00+00:00
1779081300000,76991.4,77004.3,76898.7,76992.5,2.55783004,2026-05-18 05:15:00+00:00
1779082200000,76992.5,76999.3,76866.5,76866.6,6.69433475,2026-05-18 05:30:00+00:00
1779083100000,76866.5,76941.3,76850.4,76861.6,3.75995442,2026-05-18 05:45:00+00:00
1779084000000,76881.6,76899.4,76561.0,76837.8,10.6292533,2026-05-18 06:00:00+00:00
1779084900000,76837.7,76924.7,76666.9,76700.1,8.33145737,2026-05-18 06:15:00+00:00
1779085800000,76700.1,76784.4,76625.7,76756.1,13.14646966,2026-05-18 06:30:00+00:00
1779086700000,76776.1,76892.1,76776.1,76873.2,2.32568028,2026-05-18 06:45:00+00:00
1779087600000,76873.2,76952.1,76832.1,76904.5,11.43336276,2026-05-18 07:00:00+00:00
1779088500000,76902.1,77000.0,76728.1,76982.2,6.66127357,2026-05-18 07:15:00+00:00
1779089400000,76982.3,77000.0,76900.0,76911.1,13.719577,2026-05-18 07:30:00+00:00
1779090300000,76911.1,77029.8,76911.1,77021.5,15.57159809,2026-05-18 07:45:00+00:00
1779091200000,77021.5,77117.8,76968.5,76980.5,10.54003174,2026-05-18 08:00:00+00:00
1779092100000,76980.5,77007.2,76903.9,76923.5,81.09950155,2026-05-18 08:15:00+00:00
1779093000000,76923.5,76935.8,76840.0,76906.3,9.36782791,2026-05-18 08:30:00+00:00
1779093900000,76906.4,76966.7,76786.2,76966.6,112.23049636,2026-05-18 08:45:00+00:00
1779094800000,76966.7,76978.4,76829.6,76857.9,5.91164705,2026-05-18 09:00:00+00:00
1779095700000,76858.0,76916.0,76857.9,76915.9,9.43866708,2026-05-18 09:15:00+00:00
1779096600000,76915.8,76956.4,76869.4,76916.4,19.59877804,2026-05-18 09:30:00+00:00
1779097500000,76916.4,76943.4,76866.4,76896.0,10.90141794,2026-05-18 09:45:00+00:00
1779098400000,76896.1,76905.4,76750.0,76751.0,4.38851143,2026-05-18 10:00:00+00:00
1779099300000,76751.0,76772.2,76678.3,76762.0,11.19378005,2026-05-18 10:15:00+00:00
1779100200000,76767.6,76807.9,76726.8,76766.1,8.06308278,2026-05-18 10:30:00+00:00
1779101100000,76766.2,76840.0,76736.8,76736.8,5.91497984,2026-05-18 10:45:00+00:00
1779102000000,76736.8,76736.8,76634.2,76711.3,6.31982625,2026-05-18 11:00:00+00:00
1779102900000,76711.3,76806.5,76711.2,76784.8,12.54012973,2026-05-18 11:15:00+00:00
1779103800000,76777.9,77350.7,76755.1,77299.1,27.71071458,2026-05-18 11:30:00+00:00
1779104700000,77299.1,77301.1,77175.3,77245.2,21.14821026,2026-05-18 11:45:00+00:00
1779105600000,77245.2,77438.3,77226.8,77388.1,49.00745872,2026-05-18 12:00:00+00:00
1779106500000,77388.0,77500.0,77266.3,77307.0,36.71965868,2026-05-18 12:15:00+00:00
1779107400000,77307.0,77694.9,77266.3,77694.9,24.40029155,2026-05-18 12:30:00+00:00
1779108300000,77682.4,77745.5,77564.6,77588.9,19.44100356,2026-05-18 12:45:00+00:00
1779109200000,77588.9,77603.1,77428.7,77433.5,51.29545648,2026-05-18 13:00:00+00:00
1779110100000,77433.4,77447.0,77239.2,77244.1,19.55047436,2026-05-18 13:15:00+00:00
1779111000000,77244.1,77244.1,76721.8,76774.1,115.87175053,2026-05-18 13:30:00+00:00
1779111900000,76779.6,77085.0,76680.0,76906.1,30.67200766,2026-05-18 13:45:00+00:00
1779112800000,76906.2,76927.6,76636.7,76663.7,60.88935573,2026-05-18 14:00:00+00:00
1779113700000,76663.7,76782.3,76430.7,76607.8,132.96263188,2026-05-18 14:15:00+00:00
1779114600000,76607.8,76657.5,76185.2,76440.9,80.60792326,2026-05-18 14:30:00+00:00
1779115500000,76442.0,76442.0,76278.6,76352.6,13.08153612,2026-05-18 14:45:00+00:00
1779116400000,76352.6,76395.7,76077.9,76258.2,55.8637935,2026-05-18 15:00:00+00:00
1779117300000,76232.0,76252.4,76028.5,76043.8,15.84113284,2026-05-18 15:15:00+00:00
1779118200000,76043.8,76311.1,76020.8,76270.6,34.79224282,2026-05-18 15:30:00+00:00
1779119100000,76276.2,76417.5,76216.9,76341.5,35.25246393,2026-05-18 15:45:00+00:00
1779120000000,76342.9,76523.9,76181.1,76455.4,24.66545406,2026-05-18 16:00:00+00:00
1779120900000,76455.4,76592.1,76178.8,76222.8,20.69632366,2026-05-18 16:15:00+00:00
1779121800000,76225.6,76465.0,76185.2,76406.5,8.57550358,2026-05-18 16:30:00+00:00
1779122700000,76406.4,76481.7,76350.0,76364.1,7.08308542,2026-05-18 16:45:00+00:00
1779123600000,76364.1,76574.0,76322.7,76501.6,5.20258874,2026-05-18 17:00:00+00:00
1779124500000,76504.1,76634.1,76504.1,76600.2,6.95914425,2026-05-18 17:15:00+00:00
1779125400000,76602.9,76637.7,76505.4,76615.6,3.3167717,2026-05-18 17:30:00+00:00
1779126300000,76615.7,76698.8,76597.9,76649.0,11.02285408,2026-05-18 17:45:00+00:00
1779127200000,76649.1,76649.1,76379.8,76379.9,5.96266195,2026-05-18 18:00:00+00:00
1779128100000,76380.0,76393.2,76099.9,76297.2,11.45531409,2026-05-18 18:15:00+00:00
1779129000000,76296.9,76360.7,76208.5,76250.0,6.68257127,2026-05-18 18:30:00+00:00
1779129900000,76250.0,76316.1,76170.0,76195.0,15.11155828,2026-05-18 18:45:00+00:00
1779130800000,76195.1,76840.1,76186.3,76553.8,35.82737058,2026-05-18 19:00:00+00:00
1779131700000,76553.8,76648.2,76491.6,76590.0,5.3538796,2026-05-18 19:15:00+00:00
1779132600000,76590.0,76854.2,76590.0,76848.4,84.92069261,2026-05-18 19:30:00+00:00
1779133500000,76848.3,76946.4,76818.9,76835.8,93.39005094,2026-05-18 19:45:00+00:00
1779134400000,76850.1,76999.9,76828.6,76999.9,49.56254218,2026-05-18 20:00:00+00:00
1779135300000,76999.9,77080.0,76993.0,77077.0,36.63398292,2026-05-18 20:15:00+00:00
1779136200000,77077.0,77100.0,76904.3,76904.5,12.79412852,2026-05-18 20:30:00+00:00
1779137100000,76904.4,76987.8,76828.3,76860.2,11.39675527,2026-05-18 20:45:00+00:00
1779138000000,76860.2,76959.0,76736.8,76861.6,8.05853802,2026-05-18 21:00:00+00:00
1779138900000,76861.6,77056.7,76861.5,76945.3,24.43714915,2026-05-18 21:15:00+00:00
1779139800000,76968.7,77100.0,76911.1,76966.9,6.06211004,2026-05-18 21:30:00+00:00
1779140700000,76966.9,77067.7,76941.5,77065.5,11.98803046,2026-05-18 21:45:00+00:00
1779141600000,77065.6,77100.0,77000.1,77096.4,4.24712132,2026-05-18 22:00:00+00:00
1779142500000,77093.7,77160.0,77052.5,77095.7,18.01709118,2026-05-18 22:15:00+00:00
1779143400000,77095.7,77114.3,76982.1,76992.6,5.04985451,2026-05-18 22:30:00+00:00
1779144300000,76995.0,77026.3,76896.8,77026.3,4.79763045,2026-05-18 22:45:00+00:00
1779145200000,77026.3,77093.3,77019.1,77044.9,1.47857823,2026-05-18 23:00:00+00:00
1779146100000,77044.9,77044.9,76979.3,76999.3,1.65076147,2026-05-18 23:15:00+00:00
1779147000000,76993.3,77063.7,76939.6,77063.7,8.22044491,2026-05-18 23:30:00+00:00
1779147900000,77063.6,77067.6,76896.8,76946.5,16.39077448,2026-05-18 23:45:00+00:00
1779148800000,76946.4,77103.3,76918.0,77078.5,7.51682204,2026-05-19 00:00:00+00:00
1779149700000,77078.4,77336.2,77055.1,77160.7,41.91478336,2026-05-19 00:15:00+00:00
1779150600000,77160.7,77209.7,77079.9,77110.0,4.95238352,2026-05-19 00:30:00+00:00
1779151500000,77110.0,77248.7,77082.6,77082.7,43.33928243,2026-05-19 00:45:00+00:00
1779152400000,77082.7,77097.8,76984.7,77059.9,3.15322848,2026-05-19 01:00:00+00:00
1779153300000,77059.9,77068.4,76599.9,76684.6,611.53120515,2026-05-19 01:15:00+00:00
1779154200000,76684.6,76866.2,76620.6,76804.7,21.1823984,2026-05-19 01:30:00+00:00
1779155100000,76803.4,76803.5,76624.9,76624.9,2.31917493,2026-05-19 01:45:00+00:00
1779156000000,76625.0,76656.8,76391.6,76656.8,31.5656568,2026-05-19 02:00:00+00:00
1779156900000,76656.8,76938.1,76522.0,76766.3,574.08060979,2026-05-19 02:15:00+00:00
1779157800000,76766.3,76771.4,76672.9,76680.1,17.41695173,2026-05-19 02:30:00+00:00
1779158700000,76680.2,76707.3,76541.4,76551.4,2.62585021,2026-05-19 02:45:00+00:00
1779159600000,76551.4,76706.6,76528.6,76706.6,3.44745374,2026-05-19 03:00:00+00:00
1779160500000,76707.2,76791.9,76631.4,76674.9,3.88056347,2026-05-19 03:15:00+00:00
1779161400000,76675.0,76780.4,76675.0,76780.4,3.59362468,2026-05-19 03:30:00+00:00
1779162300000,76781.0,76789.3,76699.3,76713.8,2.03701618,2026-05-19 03:45:00+00:00
1779163200000,76713.8,76877.5,76667.8,76824.5,7.19691229,2026-05-19 04:00:00+00:00
1779164100000,76824.6,76824.6,76653.4,76664.8,2.88442969,2026-05-19 04:15:00+00:00
1779165000000,76664.9,76841.9,76664.8,76818.4,1.22024806,2026-05-19 04:30:00+00:00
1779165900000,76818.4,76869.9,76818.4,76869.9,1.24796544,2026-05-19 04:45:00+00:00
1779166800000,76869.9,76869.9,76787.9,76791.8,1.17513185,2026-05-19 05:00:00+00:00
1779167700000,76791.7,76791.8,76600.0,76752.4,1.84152111,2026-05-19 05:15:00+00:00
1779168600000,76752.4,76926.9,76723.9,76871.9,6.3189057,2026-05-19 05:30:00+00:00
1779169500000,76871.8,76911.3,76811.3,76850.3,0.50048887,2026-05-19 05:45:00+00:00
1779170400000,76850.4,76938.1,76836.5,76927.3,3.15377411,2026-05-19 06:00:00+00:00
1779171300000,76927.0,76961.0,76895.0,76950.1,6.16560672,2026-05-19 06:15:00+00:00
1779172200000,76950.1,77029.2,76895.0,77029.2,7.9662879,2026-05-19 06:30:00+00:00
1779173100000,77029.1,77029.7,76960.5,76964.7,7.01199598,2026-05-19 06:45:00+00:00
1779174000000,76964.7,77063.3,76925.0,77063.3,5.6987726,2026-05-19 07:00:00+00:00
1779174900000,77063.3,77178.6,77059.1,77072.6,15.08097263,2026-05-19 07:15:00+00:00
1779175800000,77076.4,77200.0,77069.6,77200.0,12.46792172,2026-05-19 07:30:00+00:00
1779176700000,77200.0,77200.0,77128.8,77175.5,39.33495975,2026-05-19 07:45:00+00:00
1779177600000,77175.5,77180.5,76984.3,77041.8,20.44697784,2026-05-19 08:00:00+00:00
1779178500000,77046.8,77112.5,76919.3,77022.3,4.95662468,2026-05-19 08:15:00+00:00
1779179400000,77022.4,77234.2,76970.3,77125.7,3.84342503,2026-05-19 08:30:00+00:00
1779180300000,77125.8,77157.7,76980.2,76980.3,1.53677343,2026-05-19 08:45:00+00:00
1779181200000,76983.3,76996.6,76947.4,76970.6,2.24112167,2026-05-19 09:00:00+00:00
1779182100000,76970.5,76970.5,76660.0,76710.8,23.27708549,2026-05-19 09:15:00+00:00
1779183000000,76710.8,76769.7,76632.1,76740.2,19.01914213,2026-05-19 09:30:00+00:00
1779183900000,76740.3,76776.6,76700.1,76773.2,3.56268306,2026-05-19 09:45:00+00:00
1779184800000,76773.2,76807.7,76713.6,76728.4,21.81787073,2026-05-19 10:00:00+00:00
1779185700000,76728.3,76756.5,76691.9,76756.5,34.4985542,2026-05-19 10:15:00+00:00
1779186600000,76756.8,76917.4,76696.5,76696.6,4.96566583,2026-05-19 10:30:00+00:00
1779187500000,76696.6,77035.8,76628.8,76972.7,3.06792339,2026-05-19 10:45:00+00:00
1779188400000,76972.8,77025.6,76908.0,76934.3,7.69791936,2026-05-19 11:00:00+00:00
1779189300000,76925.7,76947.1,76789.5,76821.0,2.85343051,2026-05-19 11:15:00+00:00
1779190200000,76821.0,76821.0,76580.2,76598.3,9.04669593,2026-05-19 11:30:00+00:00
1779191100000,76598.4,76678.7,76598.3,76645.6,2.12662774,2026-05-19 11:45:00+00:00
1779192000000,76645.7,76725.2,76598.0,76724.2,2.59169934,2026-05-19 12:00:00+00:00
1779192900000,76724.2,76780.3,76692.7,76768.1,2.82995118,2026-05-19 12:15:00+00:00
1779193800000,76768.2,76882.0,76768.2,76851.9,17.55402929,2026-05-19 12:30:00+00:00
1779194700000,76851.9,76904.9,76835.0,76884.9,2.15011098,2026-05-19 12:45:00+00:00
1779195600000,76884.9,76915.9,76700.0,76747.8,29.07074295,2026-05-19 13:00:00+00:00
1779196500000,76754.3,76776.9,76550.0,76550.0,18.84741783,2026-05-19 13:15:00+00:00
1779197400000,76550.1,76997.1,76550.0,76673.1,31.4800436,2026-05-19 13:30:00+00:00
1779198300000,76673.0,76950.0,76673.0,76802.3,26.47580417,2026-05-19 13:45:00+00:00
1779199200000,76802.4,76918.1,76560.3,76567.5,18.36533103,2026-05-19 14:00:00+00:00
1779200100000,76567.6,76567.6,76250.0,76390.6,86.92737308,2026-05-19 14:15:00+00:00
1779201000000,76384.4,76522.5,76212.4,76384.5,27.62465607,2026-05-19 14:30:00+00:00
1779201900000,76398.6,76413.7,76093.6,76325.6,38.4060485,2026-05-19 14:45:00+00:00
1779202800000,76325.7,76500.0,76280.7,76499.9,14.27449973,2026-05-19 15:00:00+00:00
1779203700000,76500.0,76612.4,76362.5,76417.6,45.2570912,2026-05-19 15:15:00+00:00
1779204600000,76417.5,76607.7,76390.0,76431.2,6.56920913,2026-05-19 15:30:00+00:00
1779205500000,76431.1,76511.8,76374.0,76450.2,21.19761269,2026-05-19 15:45:00+00:00
1779206400000,76450.7,76511.0,76344.2,76394.9,5.46716248,2026-05-19 16:00:00+00:00
1779207300000,76395.0,76552.8,76395.0,76549.9,6.50756362,2026-05-19 16:15:00+00:00
1779208200000,76549.9,76720.0,76549.8,76720.0,36.78212944,2026-05-19 16:30:00+00:00
1779209100000,76720.0,76847.3,76700.0,76828.4,8.76094018,2026-05-19 16:45:00+00:00
1779210000000,76828.4,76905.0,76807.1,76880.7,15.73754052,2026-05-19 17:00:00+00:00
1779210900000,76880.7,76947.3,76811.4,76815.4,11.08054027,2026-05-19 17:15:00+00:00
1779211800000,76815.4,76931.0,76687.3,76839.0,8.81121221,2026-05-19 17:30:00+00:00
1779212700000,76839.3,76839.3,76694.1,76791.4,8.79318211,2026-05-19 17:45:00+00:00
1779213600000,76791.4,76877.3,76738.5,76846.6,4.169706,2026-05-19 18:00:00+00:00
1779214500000,76846.5,76865.0,76711.1,76714.4,8.70351362,2026-05-19 18:15:00+00:00
1779215400000,76714.5,76782.5,76671.7,76772.3,35.52081602,2026-05-19 18:30:00+00:00
1779216300000,76775.7,76812.4,76700.0,76727.7,2.75623852,2026-05-19 18:45:00+00:00
1779217200000,76727.7,76965.9,76727.6,76965.8,11.54928803,2026-05-19 19:00:00+00:00
1779218100000,76965.9,77004.5,76711.2,76728.2,10.76579717,2026-05-19 19:15:00+00:00
1779219000000,76733.2,76825.1,76722.1,76809.4,7.271979,2026-05-19 19:30:00+00:00
1779219900000,76809.3,76812.2,76708.0,76739.2,8.26679188,2026-05-19 19:45:00+00:00
1779220800000,76739.2,76883.1,76739.2,76880.2,19.28325437,2026-05-19 20:00:00+00:00
1779221700000,76880.2,76880.3,76838.2,76849.0,3.31846562,2026-05-19 20:15:00+00:00
1779222600000,76849.0,76914.5,76848.9,76865.5,11.06069499,2026-05-19 20:30:00+00:00
1779223500000,76865.5,76975.3,76865.4,76974.7,2.35893104,2026-05-19 20:45:00+00:00
1779224400000,76974.8,76974.8,76918.5,76949.7,2.96948522,2026-05-19 21:00:00+00:00
1779225300000,76949.7,76976.3,76920.6,76933.8,11.60902331,2026-05-19 21:15:00+00:00
1779226200000,76933.8,76975.0,76933.7,76971.2,1.37046914,2026-05-19 21:30:00+00:00
1779227100000,76971.3,76971.3,76916.1,76937.4,11.66416219,2026-05-19 21:45:00+00:00
1779228000000,76937.4,76937.4,76734.8,76736.0,11.07100799,2026-05-19 22:00:00+00:00
1779228900000,76735.9,76735.9,76600.0,76603.0,5.96357037,2026-05-19 22:15:00+00:00
1779229800000,76603.0,76713.7,76602.1,76696.1,7.38805552,2026-05-19 22:30:00+00:00
1779230700000,76696.1,76702.7,76650.5,76650.6,3.69667173,2026-05-19 22:45:00+00:00
1779231600000,76650.6,76786.0,76617.8,76752.6,6.48813036,2026-05-19 23:00:00+00:00
1779232500000,76752.6,76843.3,76752.5,76839.6,1.08674429,2026-05-19 23:15:00+00:00
1779233400000,76839.6,76901.5,76827.6,76842.3,3.3852182,2026-05-19 23:30:00+00:00
1779234300000,76840.7,76853.2,76746.2,76756.3,2.2322365,2026-05-19 23:45:00+00:00
1779235200000,76756.3,76812.2,76478.2,76506.5,23.7968935,2026-05-20 00:00:00+00:00
1779236100000,76506.5,76618.8,76459.6,76610.8,23.97749384,2026-05-20 00:15:00+00:00
1779237000000,76610.8,76762.2,76557.2,76653.3,17.15493853,2026-05-20 00:30:00+00:00
1779237900000,76651.3,76703.3,76611.9,76699.1,2.24963714,2026-05-20 00:45:00+00:00
1779238800000,76699.2,76834.6,76642.4,76808.7,9.93816533,2026-05-20 01:00:00+00:00
1779239700000,76808.7,76813.7,76500.1,76503.0,23.19721359,2026-05-20 01:15:00+00:00
1779240600000,76503.1,76636.9,76467.2,76514.5,45.47566307,2026-05-20 01:30:00+00:00
1779241500000,76514.5,76829.0,76500.4,76742.9,10.36499093,2026-05-20 01:45:00+00:00
1779242400000,76742.9,76785.6,76693.4,76727.1,10.88248158,2026-05-20 02:00:00+00:00
1779243300000,76727.2,76818.2,76708.6,76708.6,10.66285846,2026-05-20 02:15:00+00:00
1779244200000,76708.6,76708.6,76552.3,76557.6,1.1135422,2026-05-20 02:30:00+00:00
1779245100000,76557.6,76638.6,76542.9,76610.0,1.68855074,2026-05-20 02:45:00+00:00
1779246000000,76610.0,76610.0,76526.8,76560.0,3.72523133,2026-05-20 03:00:00+00:00
1779246900000,76560.0,76731.1,76550.7,76726.8,30.3328873,2026-05-20 03:15:00+00:00
1779247800000,76726.7,76726.8,76672.9,76672.9,1.29449241,2026-05-20 03:30:00+00:00
1779248700000,76672.9,76675.9,76640.6,76652.8,2.11856976,2026-05-20 03:45:00+00:00
1779249600000,76652.8,76735.9,76652.8,76735.9,1.61242897,2026-05-20 04:00:00+00:00
1779250500000,76735.9,76744.7,76695.9,76695.9,0.9420135,2026-05-20 04:15:00+00:00
1779251400000,76694.6,76698.0,76611.0,76668.2,1.83055974,2026-05-20 04:30:00+00:00
1779252300000,76668.2,76733.2,76668.2,76695.1,5.29066276,2026-05-20 04:45:00+00:00
1779253200000,76695.1,77182.3,76695.0,77144.8,49.02726161,2026-05-20 05:00:00+00:00
1779254100000,77144.6,77152.2,77051.7,77074.7,4.77158251,2026-05-20 05:15:00+00:00
1779255000000,77074.7,77243.1,77074.7,77089.8,26.79998411,2026-05-20 05:30:00+00:00
1779255900000,77075.8,77146.4,77075.7,77119.3,1.29055414,2026-05-20 05:45:00+00:00
1779256800000,77119.3,77149.9,77116.5,77149.8,3.42931832,2026-05-20 06:00:00+00:00
1779257700000,77150.0,77279.2,77150.0,77200.8,8.93892392,2026-05-20 06:15:00+00:00
1779258600000,77200.8,77230.0,77183.2,77224.0,7.85983951,2026-05-20 06:30:00+00:00
1779259500000,77223.9,77336.8,77200.1,77325.9,5.31691358,2026-05-20 06:45:00+00:00
1779260400000,77325.9,77336.9,77257.5,77315.4,8.56685537,2026-05-20 07:00:00+00:00
1779261300000,77315.5,77373.3,77258.0,77300.0,8.55869416,2026-05-20 07:15:00+00:00
1779262200000,77300.0,77325.2,77258.2,77304.9,2.43203219,2026-05-20 07:30:00+00:00
1779263100000,77304.9,77304.9,77182.3,77209.4,20.81775777,2026-05-20 07:45:00+00:00
1779264000000,77203.0,77249.7,77180.7,77196.8,4.12639325,2026-05-20 08:00:00+00:00
1779264900000,77196.8,77199.4,77127.6,77176.7,9.52593229,2026-05-20 08:15:00+00:00
1779265800000,77179.2,77500.0,77179.2,77443.5,58.46312722,2026-05-20 08:30:00+00:00
1779266700000,77443.5,77443.5,77378.6,77378.6,3.22865694,2026-05-20 08:45:00+00:00
1779267600000,77378.7,77399.9,77330.5,77347.5,5.63485604,2026-05-20 09:00:00+00:00
1779268500000,77347.5,77400.8,77288.9,77399.5,4.57492623,2026-05-20 09:15:00+00:00
1779269400000,77414.0,77461.5,77414.0,77437.5,2.56226473,2026-05-20 09:30:00+00:00
1779270300000,77437.5,77444.0,77374.4,77405.5,32.65013593,2026-05-20 09:45:00+00:00
1779271200000,77405.5,77500.0,77405.4,77500.0,4.8361406,2026-05-20 10:00:00+00:00
1779272100000,77500.0,77568.5,77499.0,77555.2,84.50782699,2026-05-20 10:15:00+00:00
1779273000000,77554.7,77574.3,77443.9,77478.1,6.86031516,2026-05-20 10:30:00+00:00
1779273900000,77478.2,77501.4,77432.9,77448.0,7.09913681,2026-05-20 10:45:00+00:00
1779274800000,77448.1,77468.1,77405.5,77406.6,9.36684898,2026-05-20 11:00:00+00:00
1779275700000,77406.6,77432.8,77388.5,77397.3,16.89963976,2026-05-20 11:15:00+00:00
1779276600000,77397.4,77400.0,77282.0,77299.8,3.28114686,2026-05-20 11:30:00+00:00
1779277500000,77299.9,77338.0,77252.3,77303.0,13.44497442,2026-05-20 11:45:00+00:00
1779278400000,77304.8,77405.9,77290.0,77364.6,17.89609066,2026-05-20 12:00:00+00:00
1779279300000,77369.1,77445.9,77316.0,77423.5,3.77039466,2026-05-20 12:15:00+00:00
1779280200000,77423.5,77471.6,77423.4,77449.2,1.46892237,2026-05-20 12:30:00+00:00
1779281100000,77449.2,77654.9,77449.1,77550.2,10.9217572,2026-05-20 12:45:00+00:00
1779282000000,77548.3,77580.9,77380.3,77385.8,15.9363488,2026-05-20 13:00:00+00:00
1779282900000,77385.8,77413.7,77222.6,77222.7,5.00613056,2026-05-20 13:15:00+00:00
1779283800000,77222.6,77261.9,76904.3,77022.6,31.60836712,2026-05-20 13:30:00+00:00
1779284700000,77022.6,77294.2,76998.9,77142.3,12.25226273,2026-05-20 13:45:00+00:00
1779285600000,77132.8,77182.1,76819.0,77028.3,7.4741336,2026-05-20 14:00:00+00:00
1779286500000,77038.9,77475.5,77038.8,77342.9,26.91895807,2026-05-20 14:15:00+00:00
1779287400000,77332.6,77440.1,77200.4,77327.0,10.11080802,2026-05-20 14:30:00+00:00
1779288300000,77320.4,77483.1,77307.1,77369.2,7.02039083,2026-05-20 14:45:00+00:00
1779289200000,77369.2,77400.0,77237.1,77251.5,2.00904698,2026-05-20 15:00:00+00:00
1779290100000,77251.5,77750.0,77251.5,77485.6,30.67579753,2026-05-20 15:15:00+00:00
1779291000000,77485.6,77567.9,77296.3,77374.1,4.57212132,2026-05-20 15:30:00+00:00
1779291900000,77374.2,77516.5,77313.1,77379.3,7.69597902,2026-05-20 15:45:00+00:00
1779292800000,77379.3,77481.6,77354.5,77421.6,4.79844737,2026-05-20 16:00:00+00:00
1779293700000,77421.5,77421.5,76941.1,77014.7,21.18380423,2026-05-20 16:15:00+00:00
1779294600000,77017.8,77270.7,76980.0,77247.2,12.3017848,2026-05-20 16:30:00+00:00
1779295500000,77247.3,77281.5,77174.1,77269.7,6.95781088,2026-05-20 16:45:00+00:00
1779296400000,77269.7,77379.1,77157.8,77322.3,11.07402444,2026-05-20 17:00:00+00:00
1779297300000,77321.7,77549.9,77269.8,77493.2,9.57400972,2026-05-20 17:15:00+00:00
1779298200000,77492.9,77629.0,77450.1,77595.4,13.37842901,2026-05-20 17:30:00+00:00
1779299100000,77589.9,77629.0,77475.4,77497.2,5.44815916,2026-05-20 17:45:00+00:00
1779300000000,77497.3,77515.5,77416.9,77422.1,11.31436168,2026-05-20 18:00:00+00:00
1779300900000,77422.0,77558.1,77371.4,77440.5,8.92640151,2026-05-20 18:15:00+00:00
1779301800000,77440.5,77485.0,77380.6,77422.3,5.2587638,2026-05-20 18:30:00+00:00
1779302700000,77422.2,77422.2,77328.8,77342.1,6.74535938,2026-05-20 18:45:00+00:00
1779303600000,77342.1,77384.7,77282.4,77332.9,6.34289028,2026-05-20 19:00:00+00:00
1779304500000,77332.8,77486.3,77296.4,77486.2,12.37950298,2026-05-20 19:15:00+00:00
1779305400000,77489.5,77565.6,77450.6,77557.2,36.53732972,2026-05-20 19:30:00+00:00
1779306300000,77557.3,77633.7,77532.2,77598.2,11.20393435,2026-05-20 19:45:00+00:00
1779307200000,77598.3,77680.0,77515.6,77679.9,5.29176313,2026-05-20 20:00:00+00:00
1779308100000,77679.9,77679.9,77403.6,77585.2,146.1283368,2026-05-20 20:15:00+00:00
1779309000000,77585.3,77670.0,77521.6,77614.1,10.59567375,2026-05-20 20:30:00+00:00
1779309900000,77614.0,77676.0,77602.2,77648.7,7.95511428,2026-05-20 20:45:00+00:00
1779310800000,77649.8,77696.0,77584.0,77680.4,11.91882888,2026-05-20 21:00:00+00:00
1779311700000,77680.4,77685.4,77552.8,77565.3,4.88967494,2026-05-20 21:15:00+00:00
1779312600000,77565.2,77583.9,77532.3,77556.3,11.45301616,2026-05-20 21:30:00+00:00
1779313500000,77556.8,77584.1,77443.0,77443.0,2.28641489,2026-05-20 21:45:00+00:00
1779314400000,77443.0,77443.0,77241.5,77298.7,32.1441773,2026-05-20 22:00:00+00:00
1779315300000,77299.1,77376.9,77152.7,77366.6,12.37434554,2026-05-20 22:15:00+00:00
1779316200000,77360.1,77435.6,77311.3,77368.6,16.4647976,2026-05-20 22:30:00+00:00
1779317100000,77366.7,77425.0,77366.7,77425.0,1.39844456,2026-05-20 22:45:00+00:00
1779318000000,77425.0,77425.0,77324.9,77369.6,5.88023895,2026-05-20 23:00:00+00:00
1779318900000,77369.6,77377.9,77320.0,77331.8,1.01062711,2026-05-20 23:15:00+00:00
1779319800000,77331.8,77412.9,77331.7,77407.3,1.74312008,2026-05-20 23:30:00+00:00
1779320700000,77405.9,77479.4,77382.9,77479.4,2.27238506,2026-05-20 23:45:00+00:00
1779321600000,77477.5,77617.7,77457.5,77611.1,27.16442383,2026-05-21 00:00:00+00:00
1779322500000,77611.2,77652.2,77544.3,77652.2,11.0027368,2026-05-21 00:15:00+00:00
1779323400000,77652.4,77676.7,77623.7,77667.2,6.53809569,2026-05-21 00:30:00+00:00
1779324300000,77667.2,77969.7,77667.2,77878.8,81.75423811,2026-05-21 00:45:00+00:00
1779325200000,77878.8,78020.0,77864.8,78020.0,56.23754288,2026-05-21 01:00:00+00:00
1779326100000,78020.0,78070.0,77751.0,77801.7,36.23886096,2026-05-21 01:15:00+00:00
1779327000000,77801.7,77878.1,77749.9,77815.8,21.46895241,2026-05-21 01:30:00+00:00
1779327900000,77815.8,77879.6,77731.7,77777.6,2.55590034,2026-05-21 01:45:00+00:00
1779328800000,77777.6,77830.7,77750.7,77797.8,1.88109701,2026-05-21 02:00:00+00:00
1779329700000,77797.8,78021.5,77786.4,77960.3,12.23219469,2026-05-21 02:15:00+00:00
1779330600000,77960.2,77997.9,77907.0,77935.5,4.39337256,2026-05-21 02:30:00+00:00
1779331500000,77935.5,77949.9,77889.8,77892.0,1.61857687,2026-05-21 02:45:00+00:00
1779332400000,77889.8,77912.9,77862.1,77878.4,21.30038204,2026-05-21 03:00:00+00:00
1779333300000,77877.8,77954.7,77837.7,77954.7,4.82206793,2026-05-21 03:15:00+00:00
1779334200000,77954.6,77954.6,77922.6,77938.4,1.73607756,2026-05-21 03:30:00+00:00
1779335100000,77938.5,78000.0,77924.3,77998.4,4.80961178,2026-05-21 03:45:00+00:00
1779336000000,77998.5,78078.0,77900.0,77900.1,12.06142935,2026-05-21 04:00:00+00:00
1779336900000,77900.1,77953.4,77900.0,77947.5,2.76140112,2026-05-21 04:15:00+00:00
1779337800000,77949.6,77949.6,77876.6,77904.7,2.08075185,2026-05-21 04:30:00+00:00
1779338700000,77904.7,77953.0,77904.6,77938.5,6.98123211,2026-05-21 04:45:00+00:00
1779339600000,77947.3,78049.6,77815.3,77815.3,5.92569761,2026-05-21 05:00:00+00:00
1779340500000,77815.2,77844.0,77800.0,77800.1,4.00330501,2026-05-21 05:15:00+00:00
1779341400000,77800.0,77800.1,77758.7,77784.8,34.08448682,2026-05-21 05:30:00+00:00
1779342300000,77784.0,77784.0,77640.2,77746.7,107.46426474,2026-05-21 05:45:00+00:00
1779343200000,77745.6,77788.7,77655.1,77684.3,2.00536995,2026-05-21 06:00:00+00:00
1779344100000,77684.2,77761.9,77655.2,77695.3,2.27111165,2026-05-21 06:15:00+00:00
1779345000000,77695.3,77739.1,77587.2,77587.3,2.9016662,2026-05-21 06:30:00+00:00
1779345900000,77587.2,77587.3,77468.0,77531.0,3.78136509,2026-05-21 06:45:00+00:00
1779346800000,77531.0,77571.2,77502.1,77521.0,3.47018839,2026-05-21 07:00:00+00:00
1779347700000,77520.9,77522.7,77457.5,77522.7,4.54695291,2026-05-21 07:15:00+00:00
1779348600000,77522.7,77632.9,77522.6,77632.9,2.39964144,2026-05-21 07:30:00+00:00
1779349500000,77632.7,77825.7,77632.7,77811.5,2.51635295,2026-05-21 07:45:00+00:00
1779350400000,77811.6,78100.0,77811.5,78054.6,13.09352698,2026-05-21 08:00:00+00:00
1779351300000,78054.6,78085.8,77864.9,77967.2,2.72829084,2026-05-21 08:15:00+00:00
1779352200000,77967.2,77967.2,77829.5,77862.5,2.81898452,2026-05-21 08:30:00+00:00
1779353100000,77862.6,77862.6,77822.1,77860.0,2.02322019,2026-05-21 08:45:00+00:00
1779354000000,77859.9,77879.6,77820.7,77877.7,1.05323515,2026-05-21 09:00:00+00:00
1779354900000,77877.8,77877.8,77850.0,77853.7,1.10975553,2026-05-21 09:15:00+00:00
1779355800000,77853.7,77853.7,77624.4,77624.4,3.11401079,2026-05-21 09:30:00+00:00
1779356700000,77624.5,77624.5,77575.7,77575.7,1.71808546,2026-05-21 09:45:00+00:00
1779357600000,77575.8,77600.4,77557.2,77563.8,3.02678049,2026-05-21 10:00:00+00:00
1779358500000,77563.8,77602.3,77087.0,77313.3,23.41482259,2026-05-21 10:15:00+00:00
1779359400000,77313.3,77362.6,77156.0,77291.6,4.22675849,2026-05-21 10:30:00+00:00
1779360300000,77291.5,77291.5,77126.8,77126.8,6.69356355,2026-05-21 10:45:00+00:00
1779361200000,77126.8,77263.7,77067.6,77236.2,4.78084014,2026-05-21 11:00:00+00:00
1779362100000,77236.2,77296.6,77195.8,77260.1,5.14954084,2026-05-21 11:15:00+00:00
1779363000000,77260.1,77290.7,77149.7,77185.8,3.72282527,2026-05-21 11:30:00+00:00
1779363900000,77185.7,77185.8,77106.4,77108.1,23.90796607,2026-05-21 11:45:00+00:00
1779364800000,77108.2,77203.5,77101.0,77103.9,4.49620963,2026-05-21 12:00:00+00:00
1779365700000,77103.9,77126.0,77050.0,77050.0,18.8724233,2026-05-21 12:15:00+00:00
1779366600000,77050.1,77227.8,77012.2,77165.1,15.47996163,2026-05-21 12:30:00+00:00
1779367500000,77165.0,77276.5,77165.0,77209.8,6.84386595,2026-05-21 12:45:00+00:00
1779368400000,77209.8,77275.0,77193.2,77193.2,5.1664408,2026-05-21 13:00:00+00:00
1779369300000,77193.3,77236.7,77118.9,77195.6,17.10381709,2026-05-21 13:15:00+00:00
1779370200000,77195.6,77218.2,76652.5,76664.0,45.89584372,2026-05-21 13:30:00+00:00
1779371100000,76664.0,77103.4,76664.0,77032.5,17.83523531,2026-05-21 13:45:00+00:00
1779372000000,77046.3,77150.0,76977.3,77004.2,19.76428601,2026-05-21 14:00:00+00:00
1779372900000,77004.3,77004.3,76701.1,76980.6,11.22529533,2026-05-21 14:15:00+00:00
1779373800000,76979.5,77118.9,76868.1,76906.9,8.20768763,2026-05-21 14:30:00+00:00
1779374700000,76906.9,76963.1,76814.9,76910.0,5.29403264,2026-05-21 14:45:00+00:00
1779375600000,76910.1,77141.7,76830.0,77082.5,12.75494444,2026-05-21 15:00:00+00:00
1779376500000,77080.1,77233.0,77048.2,77205.5,8.63522861,2026-05-21 15:15:00+00:00
1779377400000,77205.5,77205.5,76982.2,77142.6,3.72221485,2026-05-21 15:30:00+00:00
1779378300000,77142.7,77317.6,77093.1,77181.4,9.2868834,2026-05-21 15:45:00+00:00
1779379200000,77181.4,77251.9,77142.9,77205.0,7.01526295,2026-05-21 16:00:00+00:00
1779380100000,77201.7,77203.2,77037.4,77103.3,9.40506733,2026-05-21 16:15:00+00:00
1779381000000,77103.4,77209.2,76952.3,76982.9,6.11831699,2026-05-21 16:30:00+00:00
1779381900000,76982.9,77136.1,76949.6,77124.8,75.82894907,2026-05-21 16:45:00+00:00
1779382800000,77125.1,77484.8,77103.5,77422.5,115.07518841,2026-05-21 17:00:00+00:00
1779383700000,77422.6,77953.0,77422.6,77908.5,39.25175123,2026-05-21 17:15:00+00:00
1779384600000,77908.4,77966.6,77800.1,77830.6,23.24391845,2026-05-21 17:30:00+00:00
1779385500000,77830.7,78000.0,77740.2,77799.9,16.67542155,2026-05-21 17:45:00+00:00
1779386400000,77801.7,77855.5,77570.0,77636.1,26.47751985,2026-05-21 18:00:00+00:00
1779387300000,77636.1,77811.7,77575.1,77665.4,12.48365951,2026-05-21 18:15:00+00:00
1779388200000,77670.7,77741.0,77661.0,77704.2,3.02601295,2026-05-21 18:30:00+00:00
1779389100000,77704.1,77704.1,77187.9,77305.9,29.86281082,2026-05-21 18:45:00+00:00
1779390000000,77306.4,77516.9,77297.3,77479.1,25.10073069,2026-05-21 19:00:00+00:00
1779390900000,77479.1,77516.9,77444.1,77467.5,14.12179234,2026-05-21 19:15:00+00:00
1779391800000,77467.6,77578.4,77467.6,77553.1,1.57145408,2026-05-21 19:30:00+00:00
1779392700000,77553.1,77729.6,77553.0,77612.9,17.76261202,2026-05-21 19:45:00+00:00
1779393600000,77613.0,77664.0,77591.2,77637.8,14.21586522,2026-05-21 20:00:00+00:00
1779394500000,77636.8,77657.1,77633.0,77633.1,0.93571377,2026-05-21 20:15:00+00:00
1779395400000,77633.1,77703.5,77600.0,77623.5,5.56155862,2026-05-21 20:30:00+00:00
1779396300000,77623.4,77724.6,77600.0,77630.8,1.62897657,2026-05-21 20:45:00+00:00
1779397200000,77630.8,77731.1,77630.8,77702.2,1.22783465,2026-05-21 21:00:00+00:00
1779398100000,77697.3,77728.7,77684.8,77728.7,4.52339629,2026-05-21 21:15:00+00:00
1779399000000,77733.1,77736.1,77639.2,77660.3,3.4995719,2026-05-21 21:30:00+00:00
1779399900000,77660.2,77660.2,77591.2,77594.3,1.80930547,2026-05-21 21:45:00+00:00
1779400800000,77594.4,77683.1,77538.7,77580.5,5.40137673,2026-05-21 22:00:00+00:00
1779401700000,77580.6,77630.1,77544.1,77627.5,3.37415125,2026-05-21 22:15:00+00:00
1779402600000,77627.5,77650.2,77474.9,77560.0,5.50918104,2026-05-21 22:30:00+00:00
1779403500000,77559.9,77587.5,77528.4,77553.1,3.10752951,2026-05-21 22:45:00+00:00
1779404400000,77553.1,77650.9,77506.7,77506.7,0.95357016,2026-05-21 23:00:00+00:00
1779405300000,77506.6,77589.6,77462.9,77574.6,0.90260101,2026-05-21 23:15:00+00:00
1779406200000,77574.7,77680.3,77574.6,77632.9,2.76261722,2026-05-21 23:30:00+00:00
1779407100000,77632.8,77670.2,77531.2,77549.7,4.06735987,2026-05-21 23:45:00+00:00
1779408000000,77549.8,77549.8,77366.4,77366.4,5.51473709,2026-05-22 00:00:00+00:00
1779408900000,77369.9,77484.0,77337.6,77415.2,13.49235442,2026-05-22 00:15:00+00:00
1779409800000,77415.3,77488.4,77330.7,77382.4,7.06761343,2026-05-22 00:30:00+00:00
1779410700000,77382.5,77422.6,77300.0,77302.1,2.36136908,2026-05-22 00:45:00+00:00
1779411600000,77305.1,77424.4,77262.0,77418.8,2.46917359,2026-05-22 01:00:00+00:00
1779412500000,77423.4,77453.1,77368.1,77398.6,4.65070896,2026-05-22 01:15:00+00:00
1779413400000,77398.7,77434.1,77294.1,77434.0,5.02848468,2026-05-22 01:30:00+00:00
1779414300000,77434.1,77582.4,77434.1,77532.9,1.15901908,2026-05-22 01:45:00+00:00
1779415200000,77533.0,77631.0,77533.0,77593.2,2.32414284,2026-05-22 02:00:00+00:00
1779416100000,77593.1,77649.7,77545.0,77590.2,3.14627895,2026-05-22 02:15:00+00:00
1779417000000,77590.2,77627.6,77544.3,77566.4,16.03543509,2026-05-22 02:30:00+00:00
1779417900000,77566.3,77618.8,77527.9,77606.2,4.59423763,2026-05-22 02:45:00+00:00
1779418800000,77606.2,77689.6,77606.1,77643.3,7.49869684,2026-05-22 03:00:00+00:00
1779419700000,77643.4,77726.9,77620.2,77726.9,8.81892693,2026-05-22 03:15:00+00:00
1779420600000,77726.9,77734.5,77677.1,77730.4,6.83665294,2026-05-22 03:30:00+00:00
1779421500000,77730.5,77736.3,77692.4,77704.3,7.16134773,2026-05-22 03:45:00+00:00
1779422400000,77704.3,77804.6,77704.3,77801.4,14.62912611,2026-05-22 04:00:00+00:00
1779423300000,77801.4,77809.9,77696.3,77704.2,3.64289184,2026-05-22 04:15:00+00:00
1779424200000,77704.3,77729.9,77618.8,77618.8,2.45961323,2026-05-22 04:30:00+00:00
1779425100000,77618.8,77618.8,77571.2,77583.5,0.54934608,2026-05-22 04:45:00+00:00
1779426000000,77583.5,77650.2,77556.9,77614.4,1.68553878,2026-05-22 05:00:00+00:00
1779426900000,77614.3,77621.8,77509.5,77530.8,3.57276639,2026-05-22 05:15:00+00:00
1779427800000,77532.6,77551.4,77463.5,77519.2,6.94168124,2026-05-22 05:30:00+00:00
1779428700000,77519.2,77592.7,77391.8,77406.7,12.84807456,2026-05-22 05:45:00+00:00
1779429600000,77406.7,77428.0,77373.8,77412.0,1.32511723,2026-05-22 06:00:00+00:00
1779430500000,77411.9,77411.9,77346.1,77376.5,0.93815064,2026-05-22 06:15:00+00:00
1779431400000,77376.6,77379.4,77336.2,77379.4,2.36585357,2026-05-22 06:30:00+00:00
1779432300000,77397.8,77428.0,77300.0,77339.5,3.54902944,2026-05-22 06:45:00+00:00
1779433200000,77339.6,77339.6,77211.5,77304.6,7.53191782,2026-05-22 07:00:00+00:00
1779434100000,77304.6,77443.4,77304.6,77427.1,2.40930638,2026-05-22 07:15:00+00:00
1779435000000,77427.1,77458.3,77369.5,77389.2,7.76866324,2026-05-22 07:30:00+00:00
1779435900000,77389.2,77389.3,77339.1,77339.1,1.45361065,2026-05-22 07:45:00+00:00
1779436800000,77338.6,77369.4,77304.6,77333.0,0.66419593,2026-05-22 08:00:00+00:00
1779437700000,77331.5,77453.8,77331.5,77391.8,2.91968763,2026-05-22 08:15:00+00:00
1779438600000,77391.8,77402.2,77132.3,77242.2,9.65230487,2026-05-22 08:30:00+00:00
1779439500000,77242.3,77263.3,77165.2,77175.1,2.91531759,2026-05-22 08:45:00+00:00
1779440400000,77175.2,77202.0,77120.9,77141.7,5.99725331,2026-05-22 09:00:00+00:00
1779441300000,77141.7,77233.1,77120.7,77208.3,11.89103505,2026-05-22 09:15:00+00:00
1779442200000,77208.3,77242.4,77145.4,77234.8,8.38603307,2026-05-22 09:30:00+00:00
1779443100000,77234.8,77250.0,77186.0,77221.6,11.99351186,2026-05-22 09:45:00+00:00
1779444000000,77221.6,77250.0,77202.2,77227.3,11.50864135,2026-05-22 10:00:00+00:00
1779444900000,77227.3,77250.0,77175.0,77250.0,6.96838287,2026-05-22 10:15:00+00:00
1779445800000,77250.0,77250.0,77221.2,77249.9,13.33928947,2026-05-22 10:30:00+00:00
1779446700000,77250.0,77250.0,77195.7,77225.1,9.76253611,2026-05-22 10:45:00+00:00
1779447600000,77225.2,77264.7,77200.8,77207.5,4.15259376,2026-05-22 11:00:00+00:00
1779448500000,77207.5,77258.0,77095.4,77222.7,9.92969863,2026-05-22 11:15:00+00:00
1779449400000,77222.6,77250.0,77222.6,77249.2,5.21019212,2026-05-22 11:30:00+00:00
1779450300000,77249.1,77330.0,77232.1,77330.0,29.72948788,2026-05-22 11:45:00+00:00
1779451200000,77330.0,77472.7,77301.6,77440.6,25.57584685,2026-05-22 12:00:00+00:00
1779452100000,77440.6,77495.3,77315.5,77348.1,14.9850364,2026-05-22 12:15:00+00:00
1779453000000,77348.1,77386.1,77316.9,77341.2,9.90075714,2026-05-22 12:30:00+00:00
1779453900000,77341.1,77442.0,77341.1,77426.0,4.59693085,2026-05-22 12:45:00+00:00
1779454800000,77426.1,77460.0,77375.0,77396.0,6.13757485,2026-05-22 13:00:00+00:00
1779455700000,77396.1,77444.2,77219.4,77225.8,17.12754884,2026-05-22 13:15:00+00:00
1779456600000,77225.8,77274.7,77050.0,77083.6,20.33885267,2026-05-22 13:30:00+00:00
1779457500000,77084.5,77219.2,77076.2,77181.6,31.81977032,2026-05-22 13:45:00+00:00
1779458400000,77184.3,77184.3,76900.1,76980.3,32.1136141,2026-05-22 14:00:00+00:00
1779459300000,76980.3,77018.8,76680.4,76755.2,48.14695679,2026-05-22 14:15:00+00:00
1779460200000,76755.1,76761.5,76700.0,76739.0,16.68157741,2026-05-22 14:30:00+00:00
1779461100000,76739.0,76751.9,76666.7,76687.1,11.17409683,2026-05-22 14:45:00+00:00
1779462000000,76687.2,76876.4,76588.2,76683.9,17.72456093,2026-05-22 15:00:00+00:00
1779462900000,76683.9,76800.9,76500.0,76799.1,26.22174502,2026-05-22 15:15:00+00:00
1779463800000,76801.2,76942.2,76559.1,76622.4,54.21511725,2026-05-22 15:30:00+00:00
1779464700000,76624.1,76720.0,76579.2,76702.0,10.56794737,2026-05-22 15:45:00+00:00
1779465600000,76702.1,76801.3,76700.0,76785.4,3.9439152,2026-05-22 16:00:00+00:00
1779466500000,76785.5,76847.6,76715.0,76847.5,8.17169435,2026-05-22 16:15:00+00:00
1779467400000,76847.6,76878.7,76800.0,76805.7,4.65576782,2026-05-22 16:30:00+00:00
1779468300000,76805.8,76914.1,76800.7,76872.4,3.12225184,2026-05-22 16:45:00+00:00
1779469200000,76872.5,76928.4,76827.0,76872.0,7.68266703,2026-05-22 17:00:00+00:00
1779470100000,76871.9,76965.9,76689.5,76965.8,13.89804313,2026-05-22 17:15:00+00:00
1779471000000,76965.9,76993.5,76847.5,76893.0,4.15261794,2026-05-22 17:30:00+00:00
1779471900000,76893.0,76893.0,76659.6,76661.3,4.37932589,2026-05-22 17:45:00+00:00
1779472800000,76661.3,76732.9,76611.7,76732.8,8.13832059,2026-05-22 18:00:00+00:00
1779473700000,76732.9,76821.3,76724.6,76724.6,6.56082402,2026-05-22 18:15:00+00:00
1779474600000,76724.7,76724.7,76425.2,76501.1,154.61115265,2026-05-22 18:30:00+00:00
1779475500000,76501.2,76503.1,76017.4,76432.6,81.78879503,2026-05-22 18:45:00+00:00
1779476400000,76432.6,76499.9,76115.9,76158.2,64.36519341,2026-05-22 19:00:00+00:00
1779477300000,76158.3,76315.8,76112.9,76167.9,16.35008941,2026-05-22 19:15:00+00:00
1779478200000,76170.2,76170.2,75580.0,75738.8,107.9548171,2026-05-22 19:30:00+00:00
1779479100000,75738.8,75854.7,75620.0,75768.8,20.66429405,2026-05-22 19:45:00+00:00
1779480000000,75768.8,75928.3,75746.9,75844.1,29.96073748,2026-05-22 20:00:00+00:00
1779480900000,75844.1,75896.8,75806.5,75893.7,10.81426072,2026-05-22 20:15:00+00:00
1779481800000,75893.7,75893.7,75732.5,75854.8,26.53051724,2026-05-22 20:30:00+00:00
1779482700000,75854.8,76006.9,75818.6,75901.9,33.71461279,2026-05-22 20:45:00+00:00
1779483600000,75902.0,75945.7,75876.9,75908.0,4.31534829,2026-05-22 21:00:00+00:00
1779484500000,75908.0,75931.0,75879.4,75931.0,11.60473901,2026-05-22 21:15:00+00:00
1779485400000,75931.0,75997.3,75843.2,75887.5,22.66074553,2026-05-22 21:30:00+00:00
1779486300000,75889.0,75979.9,75889.0,75900.1,2.45685726,2026-05-22 21:45:00+00:00
1779487200000,75900.1,75900.1,75763.7,75823.0,7.52361889,2026-05-22 22:00:00+00:00
1779488100000,75823.0,75823.0,75678.0,75701.9,11.45100305,2026-05-22 22:15:00+00:00
1779489000000,75702.0,75779.8,75447.9,75555.0,50.69602359,2026-05-22 22:30:00+00:00
1779489900000,75554.9,75669.5,75544.2,75650.1,10.58314932,2026-05-22 22:45:00+00:00
1779490800000,75650.1,75791.3,75650.0,75768.4,7.6025083,2026-05-22 23:00:00+00:00
1779491700000,75768.5,75779.8,75605.0,75605.0,9.72703703,2026-05-22 23:15:00+00:00
1779492600000,75605.1,75727.5,75579.3,75725.3,56.34497552,2026-05-22 23:30:00+00:00
1779493500000,75725.2,75725.2,75288.0,75456.5,32.83998044,2026-05-22 23:45:00+00:00
1779494400000,75456.6,75538.8,75342.1,75364.8,11.12791698,2026-05-23 00:00:00+00:00
1779495300000,75370.9,75425.0,75328.0,75399.3,17.01123754,2026-05-23 00:15:00+00:00
1779496200000,75399.3,75408.2,75136.4,75203.5,27.73599741,2026-05-23 00:30:00+00:00
1779497100000,75203.5,75334.0,75203.5,75275.4,9.3302453,2026-05-23 00:45:00+00:00
1779498000000,75275.4,75417.3,75275.4,75334.7,6.17396567,2026-05-23 01:00:00+00:00
1779498900000,75334.7,75407.3,75293.3,75384.9,12.73355529,2026-05-23 01:15:00+00:00
1779499800000,75384.9,75417.3,75336.6,75395.9,39.95629899,2026-05-23 01:30:00+00:00
1779500700000,75376.2,75411.5,75287.4,75411.5,2.98582892,2026-05-23 01:45:00+00:00
1779501600000,75411.5,75450.8,75344.6,75398.0,5.78604951,2026-05-23 02:00:00+00:00
1779502500000,75389.2,75458.4,75389.2,75407.4,2.8349529,2026-05-23 02:15:00+00:00
1779503400000,75407.4,75436.5,75395.0,75406.0,14.93601994,2026-05-23 02:30:00+00:00
1779504300000,75407.0,75492.7,75406.3,75482.0,2.3401387,2026-05-23 02:45:00+00:00
1779505200000,75482.0,75526.9,75482.0,75526.2,5.83642868,2026-05-23 03:00:00+00:00
1779506100000,75526.2,75541.1,75503.2,75508.2,21.97791859,2026-05-23 03:15:00+00:00
1779507000000,75506.1,75576.1,75502.3,75576.1,7.45632925,2026-05-23 03:30:00+00:00
1779507900000,75576.1,75576.1,75537.1,75544.7,37.07017504,2026-05-23 03:45:00+00:00
1779508800000,75544.7,75559.5,75541.1,75551.8,0.70220199,2026-05-23 04:00:00+00:00
1779509700000,75551.8,75551.8,75485.4,75509.1,13.65449663,2026-05-23 04:15:00+00:00
1779510600000,75507.3,75564.9,75421.5,75427.9,2.63452366,2026-05-23 04:30:00+00:00
1779511500000,75428.0,75452.7,75416.3,75452.7,10.34317969,2026-05-23 04:45:00+00:00
1779512400000,75452.7,75478.4,75435.9,75445.6,19.04163398,2026-05-23 05:00:00+00:00
1779513300000,75445.6,75460.7,75395.4,75396.9,19.05345116,2026-05-23 05:15:00+00:00
1779514200000,75397.0,75421.9,75380.7,75419.8,12.17609029,2026-05-23 05:30:00+00:00
1779515100000,75419.8,75438.7,75388.1,75394.7,0.79273843,2026-05-23 05:45:00+00:00
1779516000000,75394.7,75417.3,75384.0,75404.2,3.35439314,2026-05-23 06:00:00+00:00
1779516900000,75401.8,75408.4,75373.5,75383.4,1.03550711,2026-05-23 06:15:00+00:00
1779517800000,75383.4,75386.9,75334.5,75363.2,1.18903978,2026-05-23 06:30:00+00:00
1779518700000,75363.3,75363.3,75297.2,75321.2,4.09120151,2026-05-23 06:45:00+00:00
1779519600000,75321.2,75358.8,75200.1,75275.0,14.43782263,2026-05-23 07:00:00+00:00
1779520500000,75275.0,75275.0,75132.2,75207.7,18.11078458,2026-05-23 07:15:00+00:00
1779521400000,75204.6,75252.8,75095.8,75187.9,38.92199316,2026-05-23 07:30:00+00:00
1779522300000,75187.9,75187.9,74209.4,74505.8,190.78248959,2026-05-23 07:45:00+00:00
1779523200000,74505.8,74612.8,74414.9,74574.8,9.2756818,2026-05-23 08:00:00+00:00
1779524100000,74574.8,74649.9,74517.0,74532.7,10.65651555,2026-05-23 08:15:00+00:00
1779525000000,74532.7,74539.1,74273.3,74373.6,15.26930572,2026-05-23 08:30:00+00:00
1779525900000,74370.3,74598.8,74349.7,74598.0,7.39482065,2026-05-23 08:45:00+00:00
1779526800000,74598.1,74598.1,74548.7,74573.8,6.10961487,2026-05-23 09:00:00+00:00
1779527700000,74573.8,74611.3,74573.8,74609.9,13.78923146,2026-05-23 09:15:00+00:00
1779528600000,74609.9,74658.7,74584.9,74658.7,3.37979196,2026-05-23 09:30:00+00:00
1779529500000,74658.7,74665.6,74567.2,74576.4,8.27208403,2026-05-23 09:45:00+00:00
1779530400000,74576.4,74665.0,74576.4,74665.0,8.3252975,2026-05-23 10:00:00+00:00
1779531300000,74665.0,74665.0,74642.2,74650.0,0.96835587,2026-05-23 10:15:00+00:00
1779532200000,74650.1,74705.5,74650.1,74690.7,13.00472932,2026-05-23 10:30:00+00:00
1779533100000,74690.8,74700.7,74608.7,74649.1,14.39090726,2026-05-23 10:45:00+00:00
1779534000000,74649.1,74723.0,74649.0,74722.6,1.15936028,2026-05-23 11:00:00+00:00
1779534900000,74722.7,74772.1,74722.6,74772.1,0.90101866,2026-05-23 11:15:00+00:00
1779535800000,74772.1,74772.1,74712.7,74724.2,1.42591054,2026-05-23 11:30:00+00:00
1779536700000,74723.9,74753.4,74706.3,74730.9,21.043711,2026-05-23 11:45:00+00:00
1779537600000,74730.9,74730.9,74629.2,74629.3,1.96053459,2026-05-23 12:00:00+00:00
1779538500000,74629.3,74675.0,74581.6,74652.6,5.92675377,2026-05-23 12:15:00+00:00
1779539400000,74652.6,74693.6,74649.3,74654.6,4.24947847,2026-05-23 12:30:00+00:00
1779540300000,74654.6,74681.7,74648.4,74681.7,0.95657955,2026-05-23 12:45:00+00:00
1779541200000,74678.7,74903.3,74678.6,74855.5,6.5246496,2026-05-23 13:00:00+00:00
1779542100000,74855.4,74942.7,74855.4,74908.5,6.59857661,2026-05-23 13:15:00+00:00
1779543000000,74908.6,74942.7,74791.1,74836.7,45.65992759,2026-05-23 13:30:00+00:00
1779543900000,74836.7,75175.7,74836.6,75122.6,17.67422004,2026-05-23 13:45:00+00:00
1779544800000,75122.7,75162.1,75033.0,75136.1,15.06650132,2026-05-23 14:00:00+00:00
1779545700000,75127.6,75250.0,75108.5,75234.6,5.63516249,2026-05-23 14:15:00+00:00
1779546600000,75234.7,75396.5,75217.7,75384.5,7.19028084,2026-05-23 14:30:00+00:00
1779547500000,75384.5,75617.4,75306.9,75439.7,57.69022827,2026-05-23 14:45:00+00:00
1779548400000,75439.7,75550.0,75392.9,75550.0,31.74230193,2026-05-23 15:00:00+00:00
1779549300000,75549.9,75595.5,75440.6,75450.0,50.16507687,2026-05-23 15:15:00+00:00
1779550200000,75450.1,75450.1,75318.6,75406.6,5.10729947,2026-05-23 15:30:00+00:00
1779551100000,75407.2,75458.9,75407.2,75421.5,19.93670808,2026-05-23 15:45:00+00:00
1779552000000,75421.6,75537.5,75421.5,75454.0,26.47975717,2026-05-23 16:00:00+00:00
1779552900000,75454.0,75455.0,75327.7,75391.0,2.44090127,2026-05-23 16:15:00+00:00
1779553800000,75387.2,75476.5,75387.2,75430.0,12.92375697,2026-05-23 16:30:00+00:00
1779554700000,75430.0,75457.9,75353.1,75354.5,2.58987167,2026-05-23 16:45:00+00:00
1779555600000,75354.5,75424.0,75330.8,75369.5,28.45657289,2026-05-23 17:00:00+00:00
1779556500000,75369.6,75409.0,75334.0,75399.1,5.76788949,2026-05-23 17:15:00+00:00
1779557400000,75399.1,75414.5,75331.3,75336.3,3.12640613,2026-05-23 17:30:00+00:00
1779558300000,75336.3,75420.0,75283.9,75420.0,1.91892099,2026-05-23 17:45:00+00:00
1779559200000,75420.0,75711.4,75383.5,75614.4,7.88948256,2026-05-23 18:00:00+00:00
1779560100000,75614.5,75820.1,75574.9,75773.4,33.37811201,2026-05-23 18:15:00+00:00
1779561000000,75752.7,75896.7,75730.6,75805.7,20.98072944,2026-05-23 18:30:00+00:00
1779561900000,75807.0,75811.7,75667.7,75761.1,8.87950576,2026-05-23 18:45:00+00:00
1779562800000,75761.1,75781.4,75699.1,75699.1,26.40755374,2026-05-23 19:00:00+00:00
1779563700000,75699.1,75899.9,75699.1,75872.2,6.43071253,2026-05-23 19:15:00+00:00
1779564600000,75872.2,75885.3,75806.2,75836.7,6.02351623,2026-05-23 19:30:00+00:00
1779565500000,75836.7,75900.0,75797.2,75895.1,6.34250595,2026-05-23 19:45:00+00:00
1779566400000,75891.8,76086.3,75866.3,75993.0,31.35900152,2026-05-23 20:00:00+00:00
1779567300000,75993.0,76105.3,75930.1,75935.2,14.60415817,2026-05-23 20:15:00+00:00
1779568200000,75925.1,76836.7,75875.3,76734.2,152.01526388,2026-05-23 20:30:00+00:00
1779569100000,76734.2,77199.0,76600.0,77182.4,194.62163338,2026-05-23 20:45:00+00:00
1779570000000,77182.5,77308.2,76809.5,76872.9,56.31238355,2026-05-23 21:00:00+00:00
1779570900000,76873.1,77015.3,76674.1,76674.1,27.30160666,2026-05-23 21:15:00+00:00
1779571800000,76670.9,76816.9,76461.6,76588.0,25.70829539,2026-05-23 21:30:00+00:00
1779572700000,76588.0,76723.0,76490.0,76700.1,8.6475995,2026-05-23 21:45:00+00:00
1779573600000,76700.1,76785.8,76550.0,76552.2,23.71070054,2026-05-23 22:00:00+00:00
1779574500000,76551.5,76600.0,76453.8,76453.8,45.49972417,2026-05-23 22:15:00+00:00
1779575400000,76453.8,76494.7,76307.7,76452.3,29.89643012,2026-05-23 22:30:00+00:00
1779576300000,76452.2,76513.3,76390.9,76486.1,29.00567927,2026-05-23 22:45:00+00:00
1779577200000,76486.2,76673.6,76453.7,76577.0,10.50886188,2026-05-23 23:00:00+00:00
1779578100000,76577.0,76655.0,76490.9,76540.3,4.37443144,2026-05-23 23:15:00+00:00
1779579000000,76540.2,76655.8,76540.1,76609.7,8.84617044,2026-05-23 23:30:00+00:00
1779579900000,76609.5,76700.0,76600.3,76670.1,1.80453312,2026-05-23 23:45:00+00:00
1779580800000,76670.1,76688.7,76552.0,76590.5,2.26089293,2026-05-24 00:00:00+00:00
1779581700000,76590.5,76626.9,76566.3,76589.4,13.28796747,2026-05-24 00:15:00+00:00
1779582600000,76589.4,76715.6,76589.3,76643.9,3.07510941,2026-05-24 00:30:00+00:00
1779583500000,76643.9,76827.5,76635.2,76744.3,15.05688427,2026-05-24 00:45:00+00:00
1779584400000,76744.3,76782.1,76659.0,76700.1,15.01004644,2026-05-24 01:00:00+00:00
1779585300000,76700.0,76819.8,76682.0,76818.5,13.90459506,2026-05-24 01:15:00+00:00
1779586200000,76818.6,76823.5,76718.6,76718.7,5.35110385,2026-05-24 01:30:00+00:00
1779587100000,76718.7,76787.6,76709.3,76787.6,1.59172159,2026-05-24 01:45:00+00:00
1779588000000,76787.6,76817.4,76762.8,76816.8,4.54901426,2026-05-24 02:00:00+00:00
1779588900000,76816.8,76840.0,76628.0,76628.1,8.29013421,2026-05-24 02:15:00+00:00
1779589800000,76628.1,76745.9,76628.1,76715.7,3.07370028,2026-05-24 02:30:00+00:00
1779590700000,76715.8,76753.4,76715.7,76733.4,0.38699192,2026-05-24 02:45:00+00:00
1779591600000,76733.4,76915.8,76717.6,76819.1,1.66569285,2026-05-24 03:00:00+00:00
1779592500000,76819.0,76823.0,76766.9,76811.3,1.55037561,2026-05-24 03:15:00+00:00
1779593400000,76808.6,76808.6,76650.0,76653.0,1.09937948,2026-05-24 03:30:00+00:00
1779594300000,76653.0,76715.9,76650.1,76650.1,4.46214898,2026-05-24 03:45:00+00:00
1779595200000,76650.1,76751.0,76650.1,76740.8,1.93728268,2026-05-24 04:00:00+00:00
1779596100000,76740.8,76740.8,76651.8,76658.0,3.7303565,2026-05-24 04:15:00+00:00
1779597000000,76658.0,76687.2,76650.0,76685.2,8.6459107,2026-05-24 04:30:00+00:00
1779597900000,76685.2,76702.3,76650.0,76682.2,0.76692095,2026-05-24 04:45:00+00:00
1779598800000,76682.1,76695.7,76652.5,76652.6,39.35037951,2026-05-24 05:00:00+00:00
1779599700000,76652.5,76652.6,76582.5,76609.9,8.74780431,2026-05-24 05:15:00+00:00
1779600600000,76611.9,76632.4,76562.8,76571.2,6.95982103,2026-05-24 05:30:00+00:00
1779601500000,76571.2,76771.0,76571.2,76731.0,8.23844766,2026-05-24 05:45:00+00:00
1779602400000,76730.7,76769.1,76730.6,76763.2,10.39873909,2026-05-24 06:00:00+00:00
1779603300000,76762.0,76762.0,76623.1,76625.6,1.38341564,2026-05-24 06:15:00+00:00
1779604200000,76625.6,76704.1,76624.3,76704.1,29.19318262,2026-05-24 06:30:00+00:00
1779605100000,76704.1,76938.2,76704.0,76891.6,1.21089107,2026-05-24 06:45:00+00:00
1779606000000,76892.4,76909.6,76797.5,76806.1,43.54266324,2026-05-24 07:00:00+00:00
1779606900000,76806.2,76813.9,76769.9,76788.2,3.80560558,2026-05-24 07:15:00+00:00
1779607800000,76788.3,76832.1,76757.1,76799.7,24.96726546,2026-05-24 07:30:00+00:00
1779608700000,76796.2,76796.2,76704.0,76704.1,2.34497616,2026-05-24 07:45:00+00:00
1779609600000,76704.1,76733.9,76631.9,76646.9,13.18893997,2026-05-24 08:00:00+00:00
1779610500000,76646.9,76754.9,76646.9,76730.3,10.37808513,2026-05-24 08:15:00+00:00
1779611400000,76730.3,76750.3,76707.1,76723.2,0.4006767,2026-05-24 08:30:00+00:00
1779612300000,76723.2,76723.2,76687.0,76723.2,20.61658862,2026-05-24 08:45:00+00:00
1779613200000,76723.2,76800.0,76723.1,76800.0,19.04165639,2026-05-24 09:00:00+00:00
1779614100000,76800.0,76886.4,76799.9,76874.6,50.25348287,2026-05-24 09:15:00+00:00
1779615000000,76874.7,76933.0,76825.1,76885.3,4.75365683,2026-05-24 09:30:00+00:00
1779615900000,76885.4,76933.0,76882.6,76932.9,2.04871715,2026-05-24 09:45:00+00:00
1779616800000,76932.9,76932.9,76839.3,76839.4,0.83584265,2026-05-24 10:00:00+00:00
1779617700000,76839.4,77421.2,76839.3,77122.6,37.11085289,2026-05-24 10:15:00+00:00
1779618600000,77122.6,77122.6,77008.1,77098.5,11.17870953,2026-05-24 10:30:00+00:00
1779619500000,77098.5,77098.6,77032.6,77094.6,21.51879398,2026-05-24 10:45:00+00:00
1779620400000,77094.5,77220.0,77083.4,77210.1,17.24904532,2026-05-24 11:00:00+00:00
1779621300000,77210.1,77220.0,77156.5,77179.6,14.58970695,2026-05-24 11:15:00+00:00
1779622200000,77179.9,77213.4,77131.6,77148.1,2.4425421,2026-05-24 11:30:00+00:00
1779623100000,77148.1,77206.8,77132.5,77183.9,3.37886765,2026-05-24 11:45:00+00:00
1779624000000,77184.0,77200.0,77075.0,77109.3,16.73358352,2026-05-24 12:00:00+00:00
1779624900000,77109.3,77109.3,76964.5,76983.5,4.62783037,2026-05-24 12:15:00+00:00
1779625800000,76981.6,77020.0,76962.5,77020.0,3.3018616,2026-05-24 12:30:00+00:00
1779626700000,77020.0,77020.0,76991.6,77004.2,0.72070659,2026-05-24 12:45:00+00:00
1779627600000,77004.3,77004.3,76925.0,76944.6,8.11965292,2026-05-24 13:00:00+00:00
1779628500000,76944.6,77020.0,76842.9,76842.9,8.77194423,2026-05-24 13:15:00+00:00
1779629400000,76856.3,76915.4,76799.0,76884.6,4.65801125,2026-05-24 13:30:00+00:00
1779630300000,76886.2,76898.5,76606.6,76693.3,6.89470626,2026-05-24 13:45:00+00:00
1779631200000,76694.8,76729.2,76361.0,76388.4,22.99931332,2026-05-24 14:00:00+00:00
1779632100000,76414.6,76461.5,76127.2,76329.5,30.48711084,2026-05-24 14:15:00+00:00
1779633000000,76329.5,76436.1,76329.5,76370.0,12.07214375,2026-05-24 14:30:00+00:00
1779633900000,76370.1,76427.1,76317.3,76367.5,8.84300641,2026-05-24 14:45:00+00:00
1779634800000,76367.6,76462.5,76328.9,76428.6,22.80946923,2026-05-24 15:00:00+00:00
1779635700000,76430.0,76444.9,76337.5,76361.0,10.27015701,2026-05-24 15:15:00+00:00
1779636600000,76361.1,76394.0,76360.0,76363.1,1.04188231,2026-05-24 15:30:00+00:00
1779637500000,76363.1,76365.0,76287.7,76287.8,2.01449721,2026-05-24 15:45:00+00:00
1779638400000,76287.8,76604.6,76287.7,76502.7,23.94246271,2026-05-24 16:00:00+00:00
1779639300000,76502.8,76629.7,76470.7,76513.2,18.11571708,2026-05-24 16:15:00+00:00
1779640200000,76503.2,76508.3,76329.3,76409.7,6.99821628,2026-05-24 16:30:00+00:00
1779641100000,76409.6,76608.1,76409.6,76581.2,2.74697301,2026-05-24 16:45:00+00:00
1779642000000,76581.2,76643.4,76533.1,76534.4,3.59999582,2026-05-24 17:00:00+00:00
1779642900000,76534.3,76569.7,76481.7,76525.3,2.11262948,2026-05-24 17:15:00+00:00
1779643800000,76525.3,76631.4,76491.2,76603.7,2.37607999,2026-05-24 17:30:00+00:00
1779644700000,76603.8,76680.1,76598.0,76605.1,8.12349022,2026-05-24 17:45:00+00:00
1779645600000,76605.1,76676.4,76533.6,76642.9,8.63890304,2026-05-24 18:00:00+00:00
1779646500000,76642.9,76670.0,76583.4,76608.3,2.39378548,2026-05-24 18:15:00+00:00
1779647400000,76608.3,76611.6,76531.2,76559.0,2.09685765,2026-05-24 18:30:00+00:00
1779648300000,76559.0,76578.5,76500.1,76578.5,11.61342793,2026-05-24 18:45:00+00:00
1779649200000,76578.5,76641.0,76550.0,76550.0,1.77815599,2026-05-24 19:00:00+00:00
1779650100000,76547.3,76650.0,76522.2,76565.8,3.14702375,2026-05-24 19:15:00+00:00
1779651000000,76565.9,76637.1,76558.9,76613.8,3.49963884,2026-05-24 19:30:00+00:00
1779651900000,76613.7,76680.6,76613.7,76680.6,9.93063498,2026-05-24 19:45:00+00:00
1779652800000,76676.1,76676.1,76569.7,76589.8,10.45056822,2026-05-24 20:00:00+00:00
1779653700000,76589.8,76606.0,76528.2,76565.8,4.56534388,2026-05-24 20:15:00+00:00
1779654600000,76569.4,76604.5,76553.1,76604.4,7.17408294,2026-05-24 20:30:00+00:00
1779655500000,76604.5,76604.5,76519.1,76566.9,10.8743751,2026-05-24 20:45:00+00:00
1779656400000,76567.0,76642.2,76565.1,76632.9,15.56051789,2026-05-24 21:00:00+00:00
1779657300000,76633.0,76645.2,76365.5,76436.8,13.92889944,2026-05-24 21:15:00+00:00
1779658200000,76439.3,76474.7,76055.0,76055.0,42.75301918,2026-05-24 21:30:00+00:00
1779659100000,76055.0,76168.9,76020.5,76065.4,41.25425551,2026-05-24 21:45:00+00:00
1779660000000,76065.4,76917.0,76045.5,76874.8,51.91846131,2026-05-24 22:00:00+00:00
1779660900000,76874.7,76874.7,76732.7,76763.9,7.11036227,2026-05-24 22:15:00+00:00
1779661800000,76763.9,76863.0,76595.7,76670.7,20.56311213,2026-05-24 22:30:00+00:00
1779662700000,76670.7,76899.8,76670.7,76713.7,10.0755426,2026-05-24 22:45:00+00:00
1779663600000,76709.4,76868.2,76709.4,76868.2,1.17731666,2026-05-24 23:00:00+00:00
1779664500000,76868.3,76900.0,76736.0,76769.0,7.5129243,2026-05-24 23:15:00+00:00
1779665400000,76769.0,77114.2,76768.9,77110.6,31.57360213,2026-05-24 23:30:00+00:00
1779666300000,77110.6,77110.6,76980.7,76984.9,19.43066923,2026-05-24 23:45:00+00:00
1779667200000,76980.7,77109.4,76980.7,77093.9,4.90617514,2026-05-25 00:00:00+00:00
1779668100000,77093.9,77150.0,77043.5,77122.0,10.78149874,2026-05-25 00:15:00+00:00
1779669000000,77122.1,77150.0,77031.6,77051.8,1.25952089,2026-05-25 00:30:00+00:00
1779669900000,77051.8,77178.6,77010.2,77041.9,5.92649456,2026-05-25 00:45:00+00:00
1779670800000,77041.9,77100.2,76927.1,77079.4,5.63282594,2026-05-25 01:00:00+00:00
1779671700000,77074.0,77147.9,77068.2,77080.0,2.55457506,2026-05-25 01:15:00+00:00
1779672600000,77080.0,77117.4,77012.6,77035.9,15.38758653,2026-05-25 01:30:00+00:00
1779673500000,77035.9,77089.5,76833.8,76850.6,5.31817902,2026-05-25 01:45:00+00:00
1779674400000,76850.7,77381.1,76850.7,77308.2,51.96956762,2026-05-25 02:00:00+00:00
1779675300000,77308.2,77308.2,76937.1,77036.8,6.5766225,2026-05-25 02:15:00+00:00
1779676200000,77036.8,77086.3,76975.4,77063.7,1.24694561,2026-05-25 02:30:00+00:00
1779677100000,77064.8,77085.6,77004.7,77008.4,7.36593903,2026-05-25 02:45:00+00:00
1779678000000,77008.5,77075.4,76974.7,77005.7,4.08505561,2026-05-25 03:00:00+00:00
1779678900000,77005.7,77056.4,76975.3,76987.7,6.41926066,2026-05-25 03:15:00+00:00
1779679800000,76987.7,77015.2,76939.7,76986.9,4.11450122,2026-05-25 03:30:00+00:00
1779680700000,76985.1,76985.1,76926.4,76935.2,2.05532429,2026-05-25 03:45:00+00:00
1779681600000,76935.2,76984.4,76918.0,76948.2,0.98148984,2026-05-25 04:00:00+00:00
1779682500000,76948.1,77065.1,76915.1,77064.2,1.03617871,2026-05-25 04:15:00+00:00
1779683400000,77064.2,77140.3,77059.5,77140.3,5.77733565,2026-05-25 04:30:00+00:00
1779684300000,77140.3,77336.2,77140.3,77295.7,9.52776153,2026-05-25 04:45:00+00:00
1779685200000,77295.8,77351.7,77237.9,77331.7,12.54634418,2026-05-25 05:00:00+00:00
1779686100000,77331.6,77371.1,77278.0,77321.4,1.19996184,2026-05-25 05:15:00+00:00
1779687000000,77321.4,77400.0,77321.3,77371.2,10.78125902,2026-05-25 05:30:00+00:00
1779687900000,77371.2,77371.3,77307.0,77315.4,4.25652941,2026-05-25 05:45:00+00:00
1779688800000,77315.4,77552.9,77239.4,77239.4,59.8610667,2026-05-25 06:00:00+00:00
1779689700000,77243.4,77243.4,77139.6,77188.2,2.43588061,2026-05-25 06:15:00+00:00
1779690600000,77188.2,77336.4,77188.1,77336.4,4.45739322,2026-05-25 06:30:00+00:00
1779691500000,77336.4,77420.0,77315.2,77331.4,6.79634633,2026-05-25 06:45:00+00:00
1779692400000,77331.4,77419.9,77235.4,77235.5,1.07674164,2026-05-25 07:00:00+00:00
1779693300000,77235.4,77254.2,77103.5,77124.9,7.35988734,2026-05-25 07:15:00+00:00
1779694200000,77124.9,77250.3,77122.6,77243.1,11.74995938,2026-05-25 07:30:00+00:00
1779695100000,77242.3,77290.6,77215.1,77290.6,3.36498213,2026-05-25 07:45:00+00:00
1779696000000,77292.0,77305.8,77195.4,77204.9,2.83135851,2026-05-25 08:00:00+00:00
1779696900000,77204.8,77268.1,77204.8,77229.9,1.87804782,2026-05-25 08:15:00+00:00
1779697800000,77230.0,77300.0,77229.9,77271.2,1.08450508,2026-05-25 08:30:00+00:00
1779698700000,77271.2,77373.4,77234.6,77365.8,3.33615733,2026-05-25 08:45:00+00:00
1779699600000,77367.5,77400.0,77340.0,77378.0,13.36740718,2026-05-25 09:00:00+00:00
1779700500000,77378.0,77455.2,77340.8,77450.1,8.80655092,2026-05-25 09:15:00+00:00
1779701400000,77450.1,77642.8,77450.0,77507.7,114.39675405,2026-05-25 09:30:00+00:00
1779702300000,77507.8,77577.8,77493.0,77522.1,13.39521324,2026-05-25 09:45:00+00:00
1779703200000,77522.2,77542.0,77486.9,77541.9,2.51963333,2026-05-25 10:00:00+00:00
1779704100000,77541.9,77602.2,77450.0,77450.0,4.75377494,2026-05-25 10:15:00+00:00
1779705000000,77450.1,77499.9,77445.1,77445.2,1.30023264,2026-05-25 10:30:00+00:00
1779705900000,77445.2,77474.2,77423.1,77462.7,0.60264289,2026-05-25 10:45:00+00:00
1779706800000,77462.7,77462.7,77340.2,77369.9,10.08331534,2026-05-25 11:00:00+00:00
1779707700000,77369.9,77369.9,77327.2,77336.0,13.0837975,2026-05-25 11:15:00+00:00
1779708600000,77336.1,77435.2,77333.8,77389.4,4.16857307,2026-05-25 11:30:00+00:00
1779709500000,77389.4,77414.6,77250.6,77278.6,3.25531314,2026-05-25 11:45:00+00:00
1779710400000,77278.7,77291.1,77218.6,77286.3,7.63197105,2026-05-25 12:00:00+00:00
1779711300000,77286.3,77329.2,77250.7,77329.1,2.00046056,2026-05-25 12:15:00+00:00
1779712200000,77329.2,77329.2,77274.2,77281.1,8.56334597,2026-05-25 12:30:00+00:00
1779713100000,77281.1,77345.7,77222.6,77291.4,2.72702838,2026-05-25 12:45:00+00:00
1779714000000,77291.4,77374.5,77250.7,77250.7,11.21571589,2026-05-25 13:00:00+00:00
1779714900000,77250.6,77279.3,77224.5,77250.9,3.6189187,2026-05-25 13:15:00+00:00
1779715800000,77251.0,77275.0,77224.8,77256.0,7.40154011,2026-05-25 13:30:00+00:00
1779716700000,77261.0,77275.1,77245.0,77267.0,15.51350126,2026-05-25 13:45:00+00:00
1779717600000,77267.1,77430.4,77252.5,77400.2,3.43891654,2026-05-25 14:00:00+00:00
1779718500000,77400.2,77533.1,77400.1,77533.1,19.96042906,2026-05-25 14:15:00+00:00
1779719400000,77535.5,77535.5,77477.0,77504.5,3.32286278,2026-05-25 14:30:00+00:00
1779720300000,77504.6,77689.6,77504.5,77639.3,14.5890728,2026-05-25 14:45:00+00:00
1779721200000,77639.3,77809.9,77626.0,77648.0,29.56964416,2026-05-25 15:00:00+00:00
1779722100000,77647.9,77669.0,77520.4,77538.7,5.20024555,2026-05-25 15:15:00+00:00
1779723000000,77538.8,77599.1,77510.4,77589.8,1.71198511,2026-05-25 15:30:00+00:00
1779723900000,77589.8,77589.8,77484.8,77556.6,2.50827158,2026-05-25 15:45:00+00:00
1779724800000,77556.6,77577.1,77452.2,77452.2,2.78908363,2026-05-25 16:00:00+00:00
1779725700000,77452.3,77550.3,77443.7,77529.4,1.13134735,2026-05-25 16:15:00+00:00
1779726600000,77529.5,77625.4,77510.9,77617.9,33.52068621,2026-05-25 16:30:00+00:00
1779727500000,77617.8,77700.0,77617.8,77671.6,68.91782064,2026-05-25 16:45:00+00:00
1779728400000,77671.6,77737.5,77619.8,77625.0,19.09011083,2026-05-25 17:00:00+00:00
1779729300000,77618.0,77618.1,77517.1,77578.9,3.04789302,2026-05-25 17:15:00+00:00
1779730200000,77579.0,77579.0,77500.0,77515.7,1.8084658,2026-05-25 17:30:00+00:00
1779731100000,77515.6,77520.0,77481.6,77500.0,5.62830287,2026-05-25 17:45:00+00:00
1779732000000,77500.0,77594.3,77473.2,77577.2,15.69354666,2026-05-25 18:00:00+00:00
1779732900000,77577.2,77578.0,77541.0,77556.5,6.26866086,2026-05-25 18:15:00+00:00
1779733800000,77557.5,77557.5,77525.9,77539.9,0.81211198,2026-05-25 18:30:00+00:00
1779734700000,77539.9,77553.4,77482.8,77482.8,2.610978,2026-05-25 18:45:00+00:00
1779735600000,77482.9,77482.9,77366.5,77430.3,5.65999137,2026-05-25 19:00:00+00:00
1779736500000,77430.4,77440.6,77400.0,77435.2,6.48225688,2026-05-25 19:15:00+00:00
1779737400000,77437.2,77437.2,77300.0,77342.5,3.68164379,2026-05-25 19:30:00+00:00
1779738300000,77342.5,77397.7,77337.3,77384.6,1.09897985,2026-05-25 19:45:00+00:00
1779739200000,77384.7,77407.7,77361.2,77393.0,3.35239467,2026-05-25 20:00:00+00:00
1779740100000,77392.1,77420.0,77369.9,77373.2,3.23314329,2026-05-25 20:15:00+00:00
1779741000000,77373.3,77402.6,77135.1,77203.2,9.87996107,2026-05-25 20:30:00+00:00
1779741900000,77201.5,77282.8,77185.4,77206.9,3.08277183,2026-05-25 20:45:00+00:00
1779742800000,77206.9,77296.9,77206.8,77296.9,2.47453052,2026-05-25 21:00:00+00:00
1779743700000,77296.8,77296.9,77209.4,77286.9,3.31354739,2026-05-25 21:15:00+00:00
1779744600000,77286.8,77289.6,77218.3,77235.9,1.36637896,2026-05-25 21:30:00+00:00
1779745500000,77232.1,77319.2,77223.7,77301.0,4.60824494,2026-05-25 21:45:00+00:00
1779746400000,77301.1,77371.6,77218.9,77328.2,16.63561043,2026-05-25 22:00:00+00:00
1779747300000,77328.3,77356.0,77206.1,77206.9,2.03665198,2026-05-25 22:15:00+00:00
1779748200000,77206.9,77206.9,76975.1,77109.9,21.05799328,2026-05-25 22:30:00+00:00
1779749100000,77109.9,77173.8,77041.4,77041.4,4.47893607,2026-05-25 22:45:00+00:00
1779750000000,77041.5,77215.7,77006.3,77212.8,1.25754183,2026-05-25 23:00:00+00:00
1779750900000,77212.8,77253.7,77182.2,77207.4,1.38498073,2026-05-25 23:15:00+00:00
1779751800000,77199.8,77291.6,77198.4,77274.0,1.56319945,2026-05-25 23:30:00+00:00
1779752700000,77274.0,77290.7,77219.7,77265.9,1.79274759,2026-05-25 23:45:00+00:00
1779753600000,77265.9,77275.5,77145.0,77158.7,3.39689611,2026-05-26 00:00:00+00:00
1779754500000,77161.3,77164.2,77015.8,77058.4,4.30206452,2026-05-26 00:15:00+00:00
1779755400000,77058.5,77111.4,76776.0,76798.3,14.14473256,2026-05-26 00:30:00+00:00
1779756300000,76798.2,76867.1,76512.8,76719.0,21.24224409,2026-05-26 00:45:00+00:00
1779757200000,76719.0,76790.6,76547.1,76760.2,13.40718934,2026-05-26 01:00:00+00:00
1779758100000,76760.1,76800.0,76660.8,76713.1,1.8126857,2026-05-26 01:15:00+00:00
1779759000000,76713.2,76713.2,76531.2,76589.9,16.60561693,2026-05-26 01:30:00+00:00
1779759900000,76593.0,76705.0,76592.9,76689.2,1.37153963,2026-05-26 01:45:00+00:00
1779760800000,76689.2,76736.9,76564.5,76686.3,7.17500475,2026-05-26 02:00:00+00:00
1779761700000,76686.2,76705.5,76600.1,76600.1,1.94160853,2026-05-26 02:15:00+00:00
1779762600000,76600.0,76641.6,76538.0,76538.0,11.9434166,2026-05-26 02:30:00+00:00
1779763500000,76538.1,76599.0,76450.0,76575.3,14.26764172,2026-05-26 02:45:00+00:00
1779764400000,76575.5,76575.5,76491.7,76491.8,6.0841135,2026-05-26 03:00:00+00:00
1779765300000,76491.7,76530.0,76393.0,76496.9,17.22524163,2026-05-26 03:15:00+00:00
1779766200000,76497.1,76624.0,76487.9,76574.7,0.86274209,2026-05-26 03:30:00+00:00
1779767100000,76574.7,76594.4,76565.4,76587.7,0.62662778,2026-05-26 03:45:00+00:00
1779768000000,76587.8,76619.9,76548.4,76585.5,0.76956464,2026-05-26 04:00:00+00:00
1779768900000,76585.6,76658.1,76545.0,76658.1,8.29062179,2026-05-26 04:15:00+00:00
1779769800000,76658.1,76709.8,76658.0,76694.2,22.51305424,2026-05-26 04:30:00+00:00
1779770700000,76694.3,76715.4,76689.2,76689.3,1.73902926,2026-05-26 04:45:00+00:00
1779771600000,76689.3,76763.8,76638.8,76742.8,1.79799391,2026-05-26 05:00:00+00:00
1779772500000,76742.7,76807.2,76742.7,76787.5,3.19203168,2026-05-26 05:15:00+00:00
1779773400000,76787.5,76915.2,76787.5,76824.9,14.8582712,2026-05-26 05:30:00+00:00
1779774300000,76824.8,76824.9,76769.5,76824.9,1.66599234,2026-05-26 05:45:00+00:00
1779775200000,76824.9,76831.9,76768.0,76797.9,0.27722724,2026-05-26 06:00:00+00:00
1779776100000,76793.4,76814.9,76712.3,76762.3,2.4364167,2026-05-26 06:15:00+00:00
1779777000000,76762.3,76956.6,76760.4,76906.2,2.97605091,2026-05-26 06:30:00+00:00
1779777900000,76906.1,76906.2,76837.3,76837.3,0.44123187,2026-05-26 06:45:00+00:00
1779778800000,76837.3,76837.3,76575.4,76597.7,4.04658384,2026-05-26 07:00:00+00:00
1779779700000,76597.7,76638.1,76512.6,76609.6,2.68028855,2026-05-26 07:15:00+00:00
1779780600000,76611.3,76611.3,76528.2,76572.4,2.36998893,2026-05-26 07:30:00+00:00
1779781500000,76572.3,76657.7,76572.3,76637.1,2.86245494,2026-05-26 07:45:00+00:00
1779782400000,76636.4,76714.8,76604.6,76705.0,5.45685104,2026-05-26 08:00:00+00:00
1779783300000,76705.0,76714.7,76650.0,76714.4,4.96696236,2026-05-26 08:15:00+00:00
1779784200000,76714.4,76752.1,76675.2,76743.5,1.82479572,2026-05-26 08:30:00+00:00
1779785100000,76743.6,76743.6,76650.0,76650.2,5.36103038,2026-05-26 08:45:00+00:00
1779786000000,76650.2,76650.2,76600.0,76611.8,6.00243821,2026-05-26 09:00:00+00:00
1779786900000,76611.8,76715.4,76573.3,76653.3,1.13596235,2026-05-26 09:15:00+00:00
1779787800000,76653.2,76693.6,76596.4,76605.4,3.00024101,2026-05-26 09:30:00+00:00
1779788700000,76605.5,76607.1,76574.4,76590.7,0.66782801,2026-05-26 09:45:00+00:00
1779789600000,76590.7,76615.5,76500.1,76615.4,122.28378839,2026-05-26 10:00:00+00:00
1779790500000,76615.5,77163.1,76615.5,77137.4,11.47064598,2026-05-26 10:15:00+00:00
1779791400000,77137.5,77450.0,77089.6,77409.9,35.06441241,2026-05-26 10:30:00+00:00
1779792300000,77410.0,77528.6,77329.0,77356.8,50.72581577,2026-05-26 10:45:00+00:00
1779793200000,77356.9,77401.9,77176.7,77182.1,34.36441401,2026-05-26 11:00:00+00:00
1779794100000,77182.1,77255.6,77149.9,77150.0,8.40076354,2026-05-26 11:15:00+00:00
1779795000000,77150.1,77207.0,77100.0,77146.5,4.34961456,2026-05-26 11:30:00+00:00
1779795900000,77146.6,77190.6,77098.7,77101.1,54.24003868,2026-05-26 11:45:00+00:00
1779796800000,77101.1,77139.1,76811.5,76968.5,9.32289718,2026-05-26 12:00:00+00:00
1779797700000,76968.6,77015.1,76883.9,76923.9,7.82587608,2026-05-26 12:15:00+00:00
1779798600000,76933.8,77021.4,76900.6,77017.4,6.28265448,2026-05-26 12:30:00+00:00
1779799500000,77017.5,77046.2,76982.4,77046.2,35.69152485,2026-05-26 12:45:00+00:00
1779800400000,77046.3,77060.5,76964.4,77004.4,21.73463685,2026-05-26 13:00:00+00:00
1779801300000,77004.5,77004.5,76690.4,76727.5,13.61990756,2026-05-26 13:15:00+00:00
1779802200000,76727.6,76896.0,76615.9,76819.2,71.78036947,2026-05-26 13:30:00+00:00
1779803100000,76819.3,77364.0,76819.2,77135.1,13.3029884,2026-05-26 13:45:00+00:00
1779804000000,77138.9,77318.0,77075.3,77318.0,20.12156953,2026-05-26 14:00:00+00:00
1779804900000,77318.0,77989.3,77282.9,77870.8,122.97490738,2026-05-26 14:15:00+00:00
1779805800000,77870.7,77900.0,76700.0,76739.1,137.64795231,2026-05-26 14:30:00+00:00
1779806700000,76739.1,77098.1,76661.8,76842.5,111.50999795,2026-05-26 14:45:00+00:00
1779807600000,76842.5,76923.8,76615.8,76877.9,21.55826092,2026-05-26 15:00:00+00:00
1779808500000,76878.0,76906.6,76490.1,76554.5,22.25956488,2026-05-26 15:15:00+00:00
1779809400000,76554.5,76600.3,76267.3,76428.0,44.99015551,2026-05-26 15:30:00+00:00
1779810300000,76427.9,76427.9,76158.4,76420.6,67.79028626,2026-05-26 15:45:00+00:00
1779811200000,76412.0,76412.0,76114.7,76229.9,52.75143533,2026-05-26 16:00:00+00:00
1779812100000,76227.6,76436.0,76205.6,76434.1,43.60702524,2026-05-26 16:15:00+00:00
1779813000000,76434.1,76588.2,76400.1,76443.7,7.03638014,2026-05-26 16:30:00+00:00
1779813900000,76443.7,76481.9,76315.1,76455.6,14.29935504,2026-05-26 16:45:00+00:00
1779814800000,76451.6,76536.7,76362.2,76383.7,35.19175336,2026-05-26 17:00:00+00:00
1779815700000,76383.7,76383.8,76000.0,76000.0,137.00941201,2026-05-26 17:15:00+00:00
1779816600000,76000.0,76000.0,75745.3,75924.2,67.57092696,2026-05-26 17:30:00+00:00
1779817500000,75923.3,76025.7,75820.6,75820.6,24.63975707,2026-05-26 17:45:00+00:00
1779818400000,75820.7,75906.2,75730.1,75900.0,29.07791899,2026-05-26 18:00:00+00:00
1779819300000,75900.0,76149.3,75899.9,75976.7,34.84882847,2026-05-26 18:15:00+00:00
1779820200000,75978.5,76013.0,75782.6,75804.3,66.02345992,2026-05-26 18:30:00+00:00
1779821100000,75804.2,75884.6,75647.4,75716.1,47.66904023,2026-05-26 18:45:00+00:00
1779822000000,75724.4,75797.8,75708.7,75713.4,12.85586351,2026-05-26 19:00:00+00:00
1779822900000,75725.3,75808.4,75695.6,75784.5,20.26703807,2026-05-26 19:15:00+00:00
1779823800000,75787.3,75924.4,75746.6,75898.3,62.74848193,2026-05-26 19:30:00+00:00
1779824700000,75898.3,75971.3,75872.5,75921.7,2.78573997,2026-05-26 19:45:00+00:00
1779825600000,75927.6,76004.2,75908.9,75998.9,28.64530457,2026-05-26 20:00:00+00:00
1779826500000,75998.8,76048.3,75915.5,76047.6,9.3783989,2026-05-26 20:15:00+00:00
1779827400000,76047.7,76061.8,75890.0,75966.1,6.90857662,2026-05-26 20:30:00+00:00
1779828300000,75966.0,76013.0,75965.5,75997.8,10.42859231,2026-05-26 20:45:00+00:00
1779829200000,75997.9,76009.9,75745.4,75780.0,15.28117506,2026-05-26 21:00:00+00:00
1779830100000,75780.0,75949.0,75777.5,75944.8,7.58798374,2026-05-26 21:15:00+00:00
1779831000000,75944.8,75973.5,75871.4,75898.7,7.88052893,2026-05-26 21:30:00+00:00
1779831900000,75898.8,75938.8,75778.0,75780.0,5.2820425,2026-05-26 21:45:00+00:00
1779832800000,75779.9,75887.0,75616.1,75707.4,15.95012507,2026-05-26 22:00:00+00:00
1779833700000,75707.3,75734.4,75613.0,75690.0,13.40098268,2026-05-26 22:15:00+00:00
1779834600000,75690.1,75756.0,75673.7,75688.6,16.73097935,2026-05-26 22:30:00+00:00
1779835500000,75688.5,75688.5,75555.3,75624.2,92.30768203,2026-05-26 22:45:00+00:00
1779836400000,75624.3,75822.1,75624.3,75790.3,6.7506178,2026-05-26 23:00:00+00:00
1779837300000,75778.7,75822.2,75755.5,75799.6,2.00008878,2026-05-26 23:15:00+00:00
1779838200000,75799.6,75866.8,75792.0,75828.8,7.5242566,2026-05-26 23:30:00+00:00
1779839100000,75842.5,75869.1,75800.0,75824.0,45.66922501,2026-05-26 23:45:00+00:00
1779840000000,75827.7,75894.9,75823.9,75870.0,19.59312842,2026-05-27 00:00:00+00:00
1779840900000,75870.0,75870.0,75763.4,75816.3,34.27184744,2026-05-27 00:15:00+00:00
1779841800000,75816.3,75919.8,75794.7,75851.1,20.69199119,2026-05-27 00:30:00+00:00
1779842700000,75850.7,75974.0,75829.7,75965.2,35.62889935,2026-05-27 00:45:00+00:00
1779843600000,75965.3,75983.6,75887.4,75966.9,31.11599787,2026-05-27 01:00:00+00:00
1779844500000,75966.9,75966.9,75710.0,75760.9,25.99419307,2026-05-27 01:15:00+00:00
1779845400000,75760.9,75794.0,75710.0,75748.6,20.48147535,2026-05-27 01:30:00+00:00
1779846300000,75748.4,75863.5,75731.4,75761.2,22.58557484,2026-05-27 01:45:00+00:00
1779847200000,75761.2,75779.9,75667.0,75699.1,2.68666517,2026-05-27 02:00:00+00:00
1779848100000,75703.6,75726.7,75572.8,75658.4,5.99186065,2026-05-27 02:15:00+00:00
1779849000000,75658.4,75721.7,75596.9,75628.2,13.17255886,2026-05-27 02:30:00+00:00
1779849900000,75628.1,75730.8,75613.5,75730.8,2.70887909,2026-05-27 02:45:00+00:00
1779850800000,75741.4,75850.6,75726.2,75774.2,2.06661457,2026-05-27 03:00:00+00:00
1779851700000,75774.2,75774.3,75687.0,75716.9,21.05318868,2026-05-27 03:15:00+00:00
1779852600000,75716.9,75735.1,75625.6,75641.7,1.09580453,2026-05-27 03:30:00+00:00
1779853500000,75641.7,75653.9,75506.0,75553.6,5.94924194,2026-05-27 03:45:00+00:00
1779854400000,75553.6,75575.0,75509.4,75509.4,2.20303,2026-05-27 04:00:00+00:00
1779855300000,75506.9,75506.9,75366.0,75390.0,15.90150175,2026-05-27 04:15:00+00:00
1779856200000,75390.0,75398.4,75200.0,75220.8,31.78369624,2026-05-27 04:30:00+00:00
1779857100000,75223.9,75491.6,75223.9,75471.0,7.9038847,2026-05-27 04:45:00+00:00
1779858000000,75471.1,75518.7,75459.5,75504.4,0.59792586,2026-05-27 05:00:00+00:00
1779858900000,75504.4,75578.4,75489.6,75560.0,9.07805208,2026-05-27 05:15:00+00:00
1779859800000,75560.1,75597.9,75486.3,75510.5,26.1834007,2026-05-27 05:30:00+00:00
1779860700000,75510.6,75598.0,75505.4,75590.0,2.2503746,2026-05-27 05:45:00+00:00
1779861600000,75590.0,75682.9,75589.9,75627.8,4.25190886,2026-05-27 06:00:00+00:00
1779862500000,75627.7,75627.7,75589.9,75599.3,4.18176448,2026-05-27 06:15:00+00:00
1779863400000,75599.3,75689.3,75599.2,75689.3,15.10669375,2026-05-27 06:30:00+00:00
1779864300000,75691.3,75769.8,75691.3,75715.4,2.61254434,2026-05-27 06:45:00+00:00
1779865200000,75715.5,75756.0,75659.1,75677.2,1.45543601,2026-05-27 07:00:00+00:00
1779866100000,75677.2,75749.4,75657.1,75745.7,2.43804359,2026-05-27 07:15:00+00:00
1779867000000,75748.2,75838.3,75741.9,75769.4,8.05855088,2026-05-27 07:30:00+00:00
1779867900000,75769.3,75856.2,75769.3,75856.2,2.12804996,2026-05-27 07:45:00+00:00
1779868800000,75856.2,75883.8,75797.0,75808.5,13.6144993,2026-05-27 08:00:00+00:00
1779869700000,75808.6,75938.5,75792.0,75937.5,6.71939087,2026-05-27 08:15:00+00:00
1779870600000,75937.5,75937.5,75851.1,75851.1,3.17175267,2026-05-27 08:30:00+00:00
1779871500000,75851.2,75865.1,75733.2,75756.1,5.36899244,2026-05-27 08:45:00+00:00
1779872400000,75756.2,75756.2,75625.0,75642.8,3.51241112,2026-05-27 09:00:00+00:00
1779873300000,75642.8,75741.3,75610.0,75702.9,30.52678523,2026-05-27 09:15:00+00:00
1779874200000,75703.9,75860.2,75703.8,75827.7,3.20415427,2026-05-27 09:30:00+00:00
1779875100000,75827.8,75827.8,75766.1,75789.0,21.8609207,2026-05-27 09:45:00+00:00
1779876000000,75789.1,75801.6,75763.3,75801.6,4.85888847,2026-05-27 10:00:00+00:00
1779876900000,75815.6,75910.9,75815.5,75884.0,3.90666024,2026-05-27 10:15:00+00:00
1779877800000,75884.0,75884.0,75763.9,75777.8,2.898249,2026-05-27 10:30:00+00:00
1779878700000,75777.9,75819.5,75777.8,75786.5,1.6777676,2026-05-27 10:45:00+00:00
1779879600000,75786.5,75863.0,75775.1,75843.1,4.00044709,2026-05-27 11:00:00+00:00
1779880500000,75843.1,75890.0,75804.0,75804.0,1.277551,2026-05-27 11:15:00+00:00
1779881400000,75803.9,75804.0,75676.5,75709.3,5.25090236,2026-05-27 11:30:00+00:00
1779882300000,75709.3,75709.3,75641.8,75641.8,4.44221032,2026-05-27 11:45:00+00:00
1779883200000,75641.9,75653.1,75496.9,75513.2,23.62820897,2026-05-27 12:00:00+00:00
1779884100000,75513.3,76041.7,75459.0,75820.6,23.21494447,2026-05-27 12:15:00+00:00
1779885000000,75820.1,75861.5,75693.3,75793.2,8.36195326,2026-05-27 12:30:00+00:00
1779885900000,75793.2,75793.2,75574.8,75574.8,2.84494995,2026-05-27 12:45:00+00:00
1779886800000,75574.9,75635.5,75285.3,75311.9,24.35501015,2026-05-27 13:00:00+00:00
1779887700000,75315.6,75341.0,75071.1,75071.2,41.6063581,2026-05-27 13:15:00+00:00
1779888600000,75071.3,75169.7,74750.0,74797.5,85.68481867,2026-05-27 13:30:00+00:00
1779889500000,74790.1,74952.6,74731.3,74929.2,36.66763427,2026-05-27 13:45:00+00:00
1779890400000,74934.4,75118.0,74828.0,74865.4,25.33423778,2026-05-27 14:00:00+00:00
1779891300000,74867.8,75023.6,74650.0,74747.2,21.62638544,2026-05-27 14:15:00+00:00
1779892200000,74743.2,75000.0,74685.0,74937.2,13.57214454,2026-05-27 14:30:00+00:00
1779893100000,74937.2,75025.9,74881.4,74900.7,12.52621687,2026-05-27 14:45:00+00:00
1779894000000,74900.2,75025.8,74845.4,75010.7,8.52249027,2026-05-27 15:00:00+00:00
1779894900000,75010.7,75255.7,74972.6,75218.0,8.66996618,2026-05-27 15:15:00+00:00
1779895800000,75218.1,75357.5,75027.9,75067.3,9.42218011,2026-05-27 15:30:00+00:00
1779896700000,75074.4,75286.8,75074.4,75196.6,5.61248947,2026-05-27 15:45:00+00:00
1779897600000,75196.7,75263.8,75083.6,75161.2,16.03290015,2026-05-27 16:00:00+00:00
1779898500000,75161.0,75161.0,74927.6,74964.3,8.8457918,2026-05-27 16:15:00+00:00
1779899400000,74965.4,75036.7,74879.8,75019.1,15.38483434,2026-05-27 16:30:00+00:00
1779900300000,75019.1,75185.4,75010.0,75178.2,15.92262315,2026-05-27 16:45:00+00:00
1779901200000,75179.7,75200.0,74850.0,74850.1,35.53905618,2026-05-27 17:00:00+00:00
1779902100000,74850.0,74953.4,74789.1,74886.2,21.00500301,2026-05-27 17:15:00+00:00
1779903000000,74886.2,74909.6,74745.2,74785.0,19.16836599,2026-05-27 17:30:00+00:00
1779903900000,74785.1,74838.0,74528.9,74727.8,40.7043275,2026-05-27 17:45:00+00:00
1779904800000,74726.7,74793.4,74548.2,74598.0,11.70653485,2026-05-27 18:00:00+00:00
1779905700000,74600.9,74790.4,74568.5,74772.9,8.1177684,2026-05-27 18:15:00+00:00
1779906600000,74770.7,74866.7,74748.7,74839.9,7.37209438,2026-05-27 18:30:00+00:00
1779907500000,74842.4,74887.2,74815.9,74887.2,6.53947396,2026-05-27 18:45:00+00:00
1779908400000,74887.3,74900.0,74832.0,74898.2,2.21057493,2026-05-27 19:00:00+00:00
1779909300000,74898.9,74939.0,74847.5,74894.5,6.2723992,2026-05-27 19:15:00+00:00
1779910200000,74894.4,74967.5,74807.5,74860.1,90.35890222,2026-05-27 19:30:00+00:00
1779911100000,74874.0,74936.5,74823.7,74916.7,3.23042629,2026-05-27 19:45:00+00:00
1779912000000,74922.3,75160.0,74922.2,75160.0,18.92301716,2026-05-27 20:00:00+00:00
1779912900000,75160.0,75283.8,75135.1,75151.3,11.72996588,2026-05-27 20:15:00+00:00
1779913800000,75151.5,75161.6,75083.7,75110.6,48.28190206,2026-05-27 20:30:00+00:00
1779914700000,75110.7,75159.3,75110.6,75138.7,54.11568599,2026-05-27 20:45:00+00:00
1779915600000,75139.1,75139.1,75036.2,75037.2,16.2712742,2026-05-27 21:00:00+00:00
1779916500000,75037.1,75075.4,74984.1,74984.2,4.38055371,2026-05-27 21:15:00+00:00
1779917400000,74984.1,74984.1,74341.1,74519.1,70.76089717,2026-05-27 21:30:00+00:00
1779918300000,74519.0,74519.0,74226.5,74350.4,56.91735768,2026-05-27 21:45:00+00:00
1779919200000,74362.7,74650.0,74200.0,74284.7,17.71598147,2026-05-27 22:00:00+00:00
1779920100000,74284.7,74531.8,74153.6,74496.3,29.26299584,2026-05-27 22:15:00+00:00
1779921000000,74496.3,74555.1,74378.7,74525.5,25.74812954,2026-05-27 22:30:00+00:00
1779921900000,74525.5,74541.5,74301.0,74308.2,8.36795449,2026-05-27 22:45:00+00:00
1779922800000,74308.2,74347.0,74256.7,74335.6,8.79449825,2026-05-27 23:00:00+00:00
1779923700000,74335.6,74443.6,74121.0,74177.4,15.0322974,2026-05-27 23:15:00+00:00
1779924600000,74177.3,74270.9,74157.2,74260.5,14.72529245,2026-05-27 23:30:00+00:00
1779925500000,74261.9,74371.5,74200.1,74337.1,14.83956913,2026-05-27 23:45:00+00:00
1779926400000,74337.0,74467.1,74315.9,74357.1,4.31786017,2026-05-28 00:00:00+00:00
1779927300000,74327.6,74444.0,74238.0,74351.9,2.94172334,2026-05-28 00:15:00+00:00
1779928200000,74352.0,74454.5,74351.9,74452.4,5.81175389,2026-05-28 00:30:00+00:00
1779929100000,74452.3,74456.2,74331.4,74441.2,1.54051301,2026-05-28 00:45:00+00:00
1779930000000,74441.2,74462.8,74335.5,74346.0,6.19048866,2026-05-28 01:00:00+00:00
1779930900000,74346.1,74406.8,74050.0,74178.9,35.3558425,2026-05-28 01:15:00+00:00
1779931800000,74169.6,74271.6,74050.1,74143.2,8.31692598,2026-05-28 01:30:00+00:00
1779932700000,74143.1,74245.7,74143.1,74215.5,7.28480826,2026-05-28 01:45:00+00:00
1779933600000,74215.5,74263.7,74113.5,74253.3,25.47219452,2026-05-28 02:00:00+00:00
1779934500000,74247.6,74259.2,74058.0,74089.6,8.45388618,2026-05-28 02:15:00+00:00
1779935400000,74089.6,74166.1,74014.5,74143.4,6.39463387,2026-05-28 02:30:00+00:00
1779936300000,74143.3,74236.1,74107.3,74145.0,10.11766263,2026-05-28 02:45:00+00:00
1779937200000,74145.0,74247.4,74032.8,74078.9,5.70971255,2026-05-28 03:00:00+00:00
1779938100000,74078.8,74113.8,73348.6,73633.2,219.86583318,2026-05-28 03:15:00+00:00
1779939000000,73629.5,73659.5,73218.6,73334.8,110.45460605,2026-05-28 03:30:00+00:00
1779939900000,73319.7,73422.2,72960.0,73133.1,148.93926671,2026-05-28 03:45:00+00:00
1779940800000,73133.1,73136.0,72615.3,72956.6,187.58442149,2026-05-28 04:00:00+00:00
1779941700000,72956.6,72995.1,72713.3,72883.3,31.90438135,2026-05-28 04:15:00+00:00
1779942600000,72883.2,73074.1,72837.6,73060.7,28.98156625,2026-05-28 04:30:00+00:00
1779943500000,73060.8,73063.6,72988.8,73049.9,8.36204164,2026-05-28 04:45:00+00:00
1779944400000,73049.9,73049.9,72872.1,72899.1,10.73226391,2026-05-28 05:00:00+00:00
1779945300000,72899.1,72913.4,72815.0,72821.4,120.68445787,2026-05-28 05:15:00+00:00
1779946200000,72821.4,72891.0,72800.0,72890.9,82.00703522,2026-05-28 05:30:00+00:00
1779947100000,72890.9,72905.0,72776.5,72850.5,45.01304588,2026-05-28 05:45:00+00:00
1779948000000,72850.5,72898.4,72830.9,72867.2,11.66401002,2026-05-28 06:00:00+00:00
1779948900000,72867.2,72895.4,72750.0,72789.5,12.06483374,2026-05-28 06:15:00+00:00
1779949800000,72789.5,72810.0,72649.5,72776.0,22.98811782,2026-05-28 06:30:00+00:00
1779950700000,72776.1,73075.4,72776.1,73074.2,19.6669469,2026-05-28 06:45:00+00:00
1779951600000,73074.3,73095.4,73039.0,73084.8,6.81773897,2026-05-28 07:00:00+00:00
1779952500000,73084.7,73205.4,73084.7,73133.0,30.58526221,2026-05-28 07:15:00+00:00
1779953400000,73133.1,73354.9,73133.0,73354.8,10.07885214,2026-05-28 07:30:00+00:00
1779954300000,73354.9,73354.9,73259.6,73340.8,2.36610728,2026-05-28 07:45:00+00:00
1779955200000,73355.0,73357.9,73205.7,73309.2,33.3167248,2026-05-28 08:00:00+00:00
1779956100000,73309.3,73313.7,73114.0,73134.3,7.56975145,2026-05-28 08:15:00+00:00
1779957000000,73134.4,73165.4,73080.0,73156.4,20.5597951,2026-05-28 08:30:00+00:00
1779957900000,73156.5,73238.9,73156.5,73185.1,5.66873385,2026-05-28 08:45:00+00:00
1779958800000,73185.2,73259.5,73128.4,73170.3,3.15487041,2026-05-28 09:00:00+00:00
1779959700000,73170.3,73274.9,73164.2,73265.6,12.9589122,2026-05-28 09:15:00+00:00
1779960600000,73266.9,73367.7,73234.1,73359.8,9.88783883,2026-05-28 09:30:00+00:00
1779961500000,73362.5,73430.0,73361.7,73418.8,2.69395632,2026-05-28 09:45:00+00:00
1779962400000,73418.8,73501.7,73378.6,73445.2,11.27425197,2026-05-28 10:00:00+00:00
1779963300000,73445.3,73453.1,73237.0,73289.9,4.72159721,2026-05-28 10:15:00+00:00
1779964200000,73289.9,73382.2,73285.1,73382.0,4.07834488,2026-05-28 10:30:00+00:00
1779965100000,73382.0,73454.7,73254.4,73286.2,6.86099754,2026-05-28 10:45:00+00:00
1779966000000,73286.1,73336.5,73220.1,73309.1,16.69414872,2026-05-28 11:00:00+00:00
1779966900000,73313.0,73330.1,73229.0,73235.5,12.60718734,2026-05-28 11:15:00+00:00
1779967800000,73235.6,73349.2,73199.0,73349.2,8.1230402,2026-05-28 11:30:00+00:00
1779968700000,73349.3,73409.8,73304.4,73378.5,13.45495945,2026-05-28 11:45:00+00:00
1779969600000,73378.6,73391.0,73281.6,73289.3,5.36425061,2026-05-28 12:00:00+00:00
1779970500000,73289.3,73289.3,73142.3,73249.9,22.00822317,2026-05-28 12:15:00+00:00
1779971400000,73250.0,73396.0,73233.7,73369.2,34.81880433,2026-05-28 12:30:00+00:00
1779972300000,73369.1,73449.9,73351.2,73397.8,4.6734178,2026-05-28 12:45:00+00:00
1779973200000,73397.8,73449.9,73210.7,73224.2,14.37000955,2026-05-28 13:00:00+00:00
1779974100000,73224.2,73224.2,72855.6,73032.4,42.76254684,2026-05-28 13:15:00+00:00
1779975000000,73034.3,73034.3,72650.0,72659.3,84.71871248,2026-05-28 13:30:00+00:00
1779975900000,72659.4,72945.8,72659.4,72930.6,53.60256532,2026-05-28 13:45:00+00:00
1779976800000,72896.0,73197.2,72470.0,73191.9,69.00603363,2026-05-28 14:00:00+00:00
1779977700000,73194.6,73420.7,72768.3,72832.7,41.13456029,2026-05-28 14:15:00+00:00
1779978600000,72832.7,72915.0,72675.7,72724.9,15.94542171,2026-05-28 14:30:00+00:00
1779979500000,72723.6,72909.2,72579.9,72896.0,17.25192831,2026-05-28 14:45:00+00:00
1779980400000,72895.1,73024.0,72735.5,72735.6,49.32541308,2026-05-28 15:00:00+00:00
1779981300000,72735.6,72825.4,72571.0,72825.4,20.12071896,2026-05-28 15:15:00+00:00
1779982200000,72825.4,72867.8,72705.0,72859.7,11.85062999,2026-05-28 15:30:00+00:00
1779983100000,72871.8,72925.6,72772.0,72806.3,26.36093444,2026-05-28 15:45:00+00:00
1779984000000,72806.3,73016.5,72605.9,72978.4,43.24520357,2026-05-28 16:00:00+00:00
1779984900000,72978.4,73163.8,72932.3,73027.7,61.35508186,2026-05-28 16:15:00+00:00
1779985800000,73027.7,73217.0,73010.4,73206.7,92.4109002,2026-05-28 16:30:00+00:00
1779986700000,73206.7,73300.0,73150.0,73299.9,57.58252302,2026-05-28 16:45:00+00:00
1779987600000,73300.0,73400.0,73206.0,73366.2,136.13023224,2026-05-28 17:00:00+00:00
1779988500000,73368.7,73372.9,73202.5,73238.8,18.61772402,2026-05-28 17:15:00+00:00
1779989400000,73236.5,73413.1,73223.8,73368.0,41.67980254,2026-05-28 17:30:00+00:00
1779990300000,73367.9,73621.9,73360.3,73441.1,22.93668431,2026-05-28 17:45:00+00:00
1779991200000,73441.2,73625.9,73411.5,73526.7,18.95124746,2026-05-28 18:00:00+00:00
1779992100000,73526.7,73628.8,73472.7,73478.5,38.58530852,2026-05-28 18:15:00+00:00
1779993000000,73480.4,73578.1,73456.8,73483.6,23.17780671,2026-05-28 18:30:00+00:00
1779993900000,73483.7,73600.0,73469.0,73527.3,9.7309873,2026-05-28 18:45:00+00:00
1779994800000,73527.4,73529.1,73336.7,73364.9,19.24218378,2026-05-28 19:00:00+00:00
1779995700000,73364.9,73433.8,73290.8,73433.7,11.97516468,2026-05-28 19:15:00+00:00
1779996600000,73434.2,73474.8,73312.0,73320.7,3.77426238,2026-05-28 19:30:00+00:00
1779997500000,73320.6,73408.0,73276.9,73300.7,10.16383978,2026-05-28 19:45:00+00:00
1779998400000,73300.8,73423.4,73140.8,73343.2,21.26561048,2026-05-28 20:00:00+00:00
1779999300000,73338.0,73561.3,73327.8,73542.6,5.306687,2026-05-28 20:15:00+00:00
1780000200000,73542.6,73600.0,73523.6,73593.2,12.54730649,2026-05-28 20:30:00+00:00
1780001100000,73593.3,73600.0,73466.5,73475.8,25.22411583,2026-05-28 20:45:00+00:00
1780002000000,73475.5,73600.0,73450.0,73595.3,10.73619803,2026-05-28 21:00:00+00:00
1780002900000,73595.4,73634.6,73577.6,73603.1,11.50541327,2026-05-28 21:15:00+00:00
1780003800000,73603.1,73809.3,73580.5,73805.1,94.55076207,2026-05-28 21:30:00+00:00
1780004700000,73805.0,73808.4,73698.4,73727.8,7.74697674,2026-05-28 21:45:00+00:00
1780005600000,73719.4,73827.0,73598.8,73605.9,19.39278493,2026-05-28 22:00:00+00:00
1780006500000,73605.9,73612.6,73501.5,73508.4,11.77678375,2026-05-28 22:15:00+00:00
1780007400000,73506.8,73506.8,73397.0,73404.5,9.39955062,2026-05-28 22:30:00+00:00
1780008300000,73396.5,73489.4,73352.5,73366.9,8.79651101,2026-05-28 22:45:00+00:00
1780009200000,73367.6,73497.5,73367.6,73497.5,19.05302129,2026-05-28 23:00:00+00:00
1780010100000,73496.2,73592.8,73467.5,73575.3,5.59208835,2026-05-28 23:15:00+00:00
1780011000000,73582.8,73621.3,73451.4,73505.4,17.39526378,2026-05-28 23:30:00+00:00
1780011900000,73505.4,73543.9,73436.6,73515.7,3.28906493,2026-05-28 23:45:00+00:00
1780012800000,73516.5,73689.5,73516.5,73648.1,10.68844623,2026-05-29 00:00:00+00:00
1780013700000,73648.0,73746.8,73581.2,73674.5,9.43272762,2026-05-29 00:15:00+00:00
1780014600000,73674.4,73747.9,73653.3,73747.9,18.61917949,2026-05-29 00:30:00+00:00
1780015500000,73743.8,73743.8,73579.9,73611.2,2.8675858,2026-05-29 00:45:00+00:00
1780016400000,73614.8,73747.9,73614.8,73673.8,3.22032723,2026-05-29 01:00:00+00:00
1780017300000,73673.8,73692.8,73471.6,73498.6,9.91020148,2026-05-29 01:15:00+00:00
1780018200000,73498.6,73498.6,73381.9,73420.9,5.19652655,2026-05-29 01:30:00+00:00
1780019100000,73421.0,73516.0,73360.9,73483.9,11.15329292,2026-05-29 01:45:00+00:00
1780020000000,73483.9,73533.2,73440.3,73522.5,3.32349316,2026-05-29 02:00:00+00:00
1780020900000,73522.4,73537.3,73271.7,73283.2,10.25218237,2026-05-29 02:15:00+00:00
1780021800000,73275.7,73382.4,73222.3,73231.5,8.98952841,2026-05-29 02:30:00+00:00
1780022700000,73232.7,73294.5,73072.9,73101.7,11.47660461,2026-05-29 02:45:00+00:00
1780023600000,73101.8,73339.9,73101.8,73334.6,1.17759511,2026-05-29 03:00:00+00:00
1780024500000,73334.6,73334.6,73273.5,73281.5,1.13227219,2026-05-29 03:15:00+00:00
1780025400000,73281.5,73337.5,73212.0,73257.1,4.95759458,2026-05-29 03:30:00+00:00
1780026300000,73257.0,73257.1,73159.4,73186.3,0.56740925,2026-05-29 03:45:00+00:00
1780027200000,73186.4,73250.0,73100.8,73127.5,1.31712267,2026-05-29 04:00:00+00:00
1780028100000,73127.5,73250.0,73127.5,73250.0,3.92170447,2026-05-29 04:15:00+00:00
1780029000000,73249.9,73333.3,73244.0,73315.6,1.44441923,2026-05-29 04:30:00+00:00
1780029900000,73315.6,73402.0,73293.5,73400.1,19.78523063,2026-05-29 04:45:00+00:00
1780030800000,73400.1,73517.6,73400.0,73496.6,2.302763,2026-05-29 05:00:00+00:00
1780031700000,73496.6,73502.8,73438.8,73464.1,2.90107968,2026-05-29 05:15:00+00:00
1780032600000,73464.2,73464.2,73385.9,73404.9,7.8633604,2026-05-29 05:30:00+00:00
1780033500000,73404.9,73600.0,73395.4,73594.6,8.21715134,2026-05-29 05:45:00+00:00
1780034400000,73594.7,73599.0,73529.2,73586.7,1.7883066,2026-05-29 06:00:00+00:00
1780035300000,73586.7,73800.0,73586.7,73664.4,13.36995526,2026-05-29 06:15:00+00:00
1780036200000,73664.4,73667.8,73563.5,73591.9,6.98360073,2026-05-29 06:30:00+00:00
1780037100000,73591.8,73688.6,73591.8,73684.9,4.50048509,2026-05-29 06:45:00+00:00
1780038000000,73681.1,73724.2,73649.6,73713.9,31.01358662,2026-05-29 07:00:00+00:00
1780038900000,73713.9,73717.3,73644.1,73663.7,0.54157335,2026-05-29 07:15:00+00:00
1780039800000,73660.9,73660.9,73319.6,73319.6,14.79672142,2026-05-29 07:30:00+00:00
1780040700000,73319.6,73422.3,73282.4,73422.3,11.65752858,2026-05-29 07:45:00+00:00
1780041600000,73419.7,73624.0,73419.7,73594.9,14.36457288,2026-05-29 08:00:00+00:00
1780042500000,73605.0,73722.9,73591.3,73680.8,7.67622625,2026-05-29 08:15:00+00:00
1780043400000,73680.8,73720.0,73613.4,73715.0,26.30402359,2026-05-29 08:30:00+00:00
1780044300000,73711.1,73712.6,73535.3,73542.4,1.18909171,2026-05-29 08:45:00+00:00
1780045200000,73544.1,73761.8,73544.0,73709.8,25.08534501,2026-05-29 09:00:00+00:00
1780046100000,73707.0,73782.8,73707.0,73782.2,10.57988313,2026-05-29 09:15:00+00:00
1780047000000,73782.1,73782.2,73711.2,73731.8,9.27690657,2026-05-29 09:30:00+00:00
1780047900000,73731.9,73731.9,73627.1,73641.8,0.44845391,2026-05-29 09:45:00+00:00
1780048800000,73640.8,73640.8,73562.5,73615.5,20.03374619,2026-05-29 10:00:00+00:00
1780049700000,73615.4,73615.5,73508.2,73529.3,40.90171212,2026-05-29 10:15:00+00:00
1780050600000,73529.2,73627.2,73500.0,73510.0,15.40922352,2026-05-29 10:30:00+00:00
1780051500000,73511.1,73587.5,73500.0,73528.2,10.75217785,2026-05-29 10:45:00+00:00
1780052400000,73528.2,73582.9,73500.0,73552.4,10.47893252,2026-05-29 11:00:00+00:00
1780053300000,73552.4,73587.6,73468.7,73468.7,24.93338653,2026-05-29 11:15:00+00:00
1780054200000,73468.7,73496.2,73376.5,73376.5,28.54238117,2026-05-29 11:30:00+00:00
1780055100000,73382.5,73415.2,73235.3,73364.0,8.70813912,2026-05-29 11:45:00+00:00
1780056000000,73364.0,73364.4,73233.0,73259.6,3.706509,2026-05-29 12:00:00+00:00
1780056900000,73259.6,73298.7,73200.1,73225.8,27.7022927,2026-05-29 12:15:00+00:00
1780057800000,73223.4,73224.2,73139.3,73171.0,36.80416313,2026-05-29 12:30:00+00:00
1780058700000,73171.0,73273.6,73082.1,73190.0,36.59874834,2026-05-29 12:45:00+00:00
1780059600000,73190.0,73190.0,72990.3,73020.6,10.97912379,2026-05-29 13:00:00+00:00
1780060500000,73022.0,73022.1,72859.0,72948.3,14.2236894,2026-05-29 13:15:00+00:00
1780061400000,72948.3,73179.9,72787.6,73154.3,28.49557226,2026-05-29 13:30:00+00:00
1780062300000,73154.2,73227.1,72945.3,73031.6,15.14418666,2026-05-29 13:45:00+00:00
1780063200000,73030.3,73088.9,72784.3,72903.3,10.59220043,2026-05-29 14:00:00+00:00
1780064100000,72903.3,72967.7,72362.8,72615.6,44.93410569,2026-05-29 14:15:00+00:00
1780065000000,72613.2,72763.5,72455.0,72525.0,121.71469042,2026-05-29 14:30:00+00:00
1780065900000,72525.0,73051.6,72501.8,72981.5,40.06002207,2026-05-29 14:45:00+00:00
1780066800000,72984.8,73650.0,72891.1,73583.7,93.21735684,2026-05-29 15:00:00+00:00
1780067700000,73579.7,73627.4,73379.0,73567.7,35.16613953,2026-05-29 15:15:00+00:00
1780068600000,73551.7,74071.5,73551.7,73712.3,65.26706261,2026-05-29 15:30:00+00:00
1780069500000,73711.0,73753.5,73596.6,73696.4,11.8102058,2026-05-29 15:45:00+00:00
1780070400000,73696.5,73911.7,73690.0,73856.7,26.69039744,2026-05-29 16:00:00+00:00
1780071300000,73856.8,73870.9,73456.7,73549.6,41.80410983,2026-05-29 16:15:00+00:00
1780072200000,73549.6,73986.6,73537.8,73940.0,39.62496052,2026-05-29 16:30:00+00:00
1780073100000,73940.0,73987.6,73810.9,73941.5,23.83885463,2026-05-29 16:45:00+00:00
1780074000000,73941.5,74185.0,73830.1,74150.2,36.80040761,2026-05-29 17:00:00+00:00
1780074900000,74150.1,74200.0,74055.7,74121.9,82.61269931,2026-05-29 17:15:00+00:00
1780075800000,74121.9,74200.0,74100.7,74108.6,14.89805321,2026-05-29 17:30:00+00:00
1780076700000,74103.8,74103.8,73812.5,73866.9,31.05466651,2026-05-29 17:45:00+00:00
1780077600000,73867.0,73953.1,73837.8,73932.3,8.28753008,2026-05-29 18:00:00+00:00
1780078500000,73932.4,73932.4,73636.9,73683.9,12.44459514,2026-05-29 18:15:00+00:00
1780079400000,73683.9,73745.2,73671.6,73686.2,5.10895429,2026-05-29 18:30:00+00:00
1780080300000,73686.2,73686.2,73099.1,73272.5,31.82767704,2026-05-29 18:45:00+00:00
1780081200000,73272.6,73385.4,73203.7,73325.0,16.99264283,2026-05-29 19:00:00+00:00
1780082100000,73325.0,73350.2,73139.6,73231.8,40.53362229,2026-05-29 19:15:00+00:00
1780083000000,73232.0,73625.0,73232.0,73583.0,18.81209793,2026-05-29 19:30:00+00:00
1780083900000,73583.0,73599.8,73410.7,73418.0,5.08817243,2026-05-29 19:45:00+00:00
1780084800000,73413.5,73570.0,73413.5,73549.9,5.41726373,2026-05-29 20:00:00+00:00
1780085700000,73549.9,73641.2,73489.0,73605.2,7.55936173,2026-05-29 20:15:00+00:00
1780086600000,73605.2,73658.8,73597.7,73604.7,2.11168721,2026-05-29 20:30:00+00:00
1780087500000,73604.6,73652.7,73519.2,73582.6,6.52505581,2026-05-29 20:45:00+00:00
1780088400000,73582.6,73729.6,73550.0,73707.8,7.23683932,2026-05-29 21:00:00+00:00
1780089300000,73707.8,73707.8,73444.7,73444.7,13.61072413,2026-05-29 21:15:00+00:00
1780090200000,73437.1,73507.8,73386.9,73500.0,6.61109278,2026-05-29 21:30:00+00:00
1780091100000,73500.0,73521.5,73318.4,73318.5,13.49319557,2026-05-29 21:45:00+00:00
1780092000000,73318.5,73375.7,73279.8,73307.8,6.00498615,2026-05-29 22:00:00+00:00
1780092900000,73305.0,73474.0,73305.0,73421.5,4.43037395,2026-05-29 22:15:00+00:00
1780093800000,73421.6,73454.2,73346.6,73365.7,4.24647445,2026-05-29 22:30:00+00:00
1780094700000,73365.7,73426.9,73315.1,73391.6,3.30879233,2026-05-29 22:45:00+00:00
1780095600000,73391.6,73411.9,73308.7,73311.9,2.07449878,2026-05-29 23:00:00+00:00
1780096500000,73312.0,73369.6,73232.9,73288.5,8.42812928,2026-05-29 23:15:00+00:00
1780097400000,73290.0,73325.5,73227.4,73325.4,5.41342828,2026-05-29 23:30:00+00:00
1780098300000,73325.5,73387.9,73309.0,73370.7,4.30017705,2026-05-29 23:45:00+00:00
1780099200000,73370.7,73428.3,73314.8,73395.6,15.29586462,2026-05-30 00:00:00+00:00
1780100100000,73395.6,73429.0,73371.7,73371.7,4.33495491,2026-05-30 00:15:00+00:00
1780101000000,73371.8,73414.0,73312.9,73409.9,4.39473623,2026-05-30 00:30:00+00:00
1780101900000,73410.0,73478.9,73406.4,73409.7,4.0729231,2026-05-30 00:45:00+00:00
1780102800000,73400.8,73494.4,73368.4,73483.4,7.4999834,2026-05-30 01:00:00+00:00
1780103700000,73483.4,73558.4,73452.3,73549.4,5.45921914,2026-05-30 01:15:00+00:00
1780104600000,73549.4,73571.0,73497.7,73507.1,8.71587878,2026-05-30 01:30:00+00:00
1780105500000,73507.2,73569.5,73498.7,73562.9,0.65316422,2026-05-30 01:45:00+00:00
1780106400000,73563.0,73615.1,73563.0,73571.8,2.44440675,2026-05-30 02:00:00+00:00
1780107300000,73571.4,73576.1,73510.8,73520.0,5.20636036,2026-05-30 02:15:00+00:00
1780108200000,73520.0,73620.0,73519.9,73604.1,11.02409831,2026-05-30 02:30:00+00:00
1780109100000,73607.6,73693.9,73589.1,73689.7,24.73181027,2026-05-30 02:45:00+00:00
1780110000000,73689.7,73703.5,73646.5,73665.0,21.39817152,2026-05-30 03:00:00+00:00
1780110900000,73665.0,73665.0,73564.0,73575.0,21.66309028,2026-05-30 03:15:00+00:00
1780111800000,73575.1,73575.1,73449.1,73449.1,3.3443589,2026-05-30 03:30:00+00:00
1780112700000,73449.0,73481.9,73425.2,73430.2,2.13302514,2026-05-30 03:45:00+00:00
1780113600000,73429.3,73482.7,73275.0,73393.4,5.71878544,2026-05-30 04:00:00+00:00
1780114500000,73393.2,73393.2,73212.9,73268.7,2.56068077,2026-05-30 04:15:00+00:00
1780115400000,73268.6,73268.6,73131.0,73218.7,4.07883345,2026-05-30 04:30:00+00:00
1780116300000,73218.9,73307.7,73203.6,73298.8,16.66225151,2026-05-30 04:45:00+00:00
1780117200000,73299.1,73530.6,73248.2,73409.8,33.256575,2026-05-30 05:00:00+00:00
1780118100000,73410.0,73450.1,73404.5,73408.2,13.90538654,2026-05-30 05:15:00+00:00
1780119000000,73414.6,73478.0,73414.6,73478.0,5.89161966,2026-05-30 05:30:00+00:00
1780119900000,73477.9,73538.2,73477.9,73514.2,12.64178764,2026-05-30 05:45:00+00:00
1780120800000,73506.1,73520.0,73425.5,73446.8,2.43901727,2026-05-30 06:00:00+00:00
1780121700000,73446.7,73519.9,73441.0,73510.1,5.4594512,2026-05-30 06:15:00+00:00
1780122600000,73510.2,73605.8,73510.2,73546.4,4.42997974,2026-05-30 06:30:00+00:00
1780123500000,73546.4,73567.4,73475.1,73489.6,0.82768796,2026-05-30 06:45:00+00:00
1780124400000,73489.6,73499.7,73432.8,73449.5,1.67345483,2026-05-30 07:00:00+00:00
1780125300000,73449.4,73478.6,73429.1,73472.5,1.25684646,2026-05-30 07:15:00+00:00
1780126200000,73472.5,73480.5,73391.0,73408.1,1.50300374,2026-05-30 07:30:00+00:00
1780127100000,73408.0,73444.0,73383.2,73443.1,0.72321142,2026-05-30 07:45:00+00:00
1780128000000,73443.2,73449.7,73437.8,73447.0,0.9790723,2026-05-30 08:00:00+00:00
1780128900000,73447.0,73468.1,73405.2,73437.5,29.00676908,2026-05-30 08:15:00+00:00
1780129800000,73443.0,73450.5,73416.5,73416.6,0.90200355,2026-05-30 08:30:00+00:00
1780130700000,73416.5,73431.5,73398.8,73422.7,0.73470515,2026-05-30 08:45:00+00:00
1780131600000,73422.7,73448.1,73402.4,73448.1,2.34959597,2026-05-30 09:00:00+00:00
1780132500000,73448.1,73460.0,73437.3,73460.0,0.61167871,2026-05-30 09:15:00+00:00
1780133400000,73460.0,73475.0,73446.1,73456.7,0.95330075,2026-05-30 09:30:00+00:00
1780134300000,73461.0,73515.3,73460.9,73506.2,0.86760896,2026-05-30 09:45:00+00:00
1780135200000,73506.3,73551.3,73484.3,73533.0,0.51495051,2026-05-30 10:00:00+00:00
1780136100000,73533.0,73578.2,73518.1,73546.8,0.75050678,2026-05-30 10:15:00+00:00
1780137000000,73534.8,73548.5,73520.9,73534.9,0.90576397,2026-05-30 10:30:00+00:00
1780137900000,73539.0,73560.2,73509.9,73545.5,0.9152651,2026-05-30 10:45:00+00:00
1780138800000,73550.8,73551.3,73516.5,73518.3,0.400637,2026-05-30 11:00:00+00:00
1780139700000,73516.5,73516.6,73456.5,73479.9,2.07636451,2026-05-30 11:15:00+00:00
1780140600000,73480.0,73523.1,73480.0,73523.1,1.14201443,2026-05-30 11:30:00+00:00
1780141500000,73522.9,73522.9,73477.4,73494.5,0.80353161,2026-05-30 11:45:00+00:00
1780142400000,73494.6,73513.4,73486.0,73486.8,1.50475177,2026-05-30 12:00:00+00:00
1780143300000,73486.9,73565.6,73486.9,73543.5,11.53227567,2026-05-30 12:15:00+00:00
1780144200000,73543.5,73598.3,73543.4,73574.9,8.92855879,2026-05-30 12:30:00+00:00
1780145100000,73575.0,73592.8,73550.0,73592.8,1.96341045,2026-05-30 12:45:00+00:00
1780146000000,73588.1,73676.5,73587.4,73644.2,2.44664391,2026-05-30 13:00:00+00:00
1780146900000,73644.3,73712.0,73622.4,73665.1,4.08122085,2026-05-30 13:15:00+00:00
1780147800000,73665.1,73670.9,73587.8,73644.3,4.90558686,2026-05-30 13:30:00+00:00
1780148700000,73644.2,73729.5,73644.2,73723.3,2.76542868,2026-05-30 13:45:00+00:00
1780149600000,73723.4,73897.8,73705.2,73827.0,10.31612809,2026-05-30 14:00:00+00:00
1780150500000,73827.0,73943.8,73791.5,73919.9,3.54580855,2026-05-30 14:15:00+00:00
1780151400000,73922.0,73968.8,73891.9,73892.6,7.74066238,2026-05-30 14:30:00+00:00
1780152300000,73892.6,73925.6,73821.0,73823.7,2.37494537,2026-05-30 14:45:00+00:00
1780153200000,73823.7,73916.2,73742.5,73916.2,28.36097619,2026-05-30 15:00:00+00:00
1780154100000,73916.1,73927.6,73751.4,73833.1,3.95135398,2026-05-30 15:15:00+00:00
1780155000000,73833.2,73838.7,73743.4,73759.8,2.19800214,2026-05-30 15:30:00+00:00
1780155900000,73759.6,73857.1,73759.5,73811.4,13.87575538,2026-05-30 15:45:00+00:00
1780156800000,73811.4,73840.3,73770.0,73840.0,1.69832981,2026-05-30 16:00:00+00:00
1780157700000,73839.9,73858.5,73791.4,73798.7,1.70177908,2026-05-30 16:15:00+00:00
1780158600000,73798.7,73869.1,73798.6,73845.5,4.87511203,2026-05-30 16:30:00+00:00
1780159500000,73845.6,73866.7,73798.6,73824.6,0.97190764,2026-05-30 16:45:00+00:00
1780160400000,73824.6,73835.1,73769.2,73791.4,2.45354435,2026-05-30 17:00:00+00:00
1780161300000,73795.0,73902.1,73794.9,73832.8,15.68964044,2026-05-30 17:15:00+00:00
1780162200000,73832.7,73838.3,73705.0,73837.9,2.02284517,2026-05-30 17:30:00+00:00
1780163100000,73837.9,73912.4,73837.9,73910.4,1.73692304,2026-05-30 17:45:00+00:00
1780164000000,73912.8,73923.4,73903.1,73908.0,3.23580903,2026-05-30 18:00:00+00:00
1780164900000,73908.0,73986.7,73851.0,73855.0,44.25247156,2026-05-30 18:15:00+00:00
1780165800000,73855.1,73975.0,73855.0,73975.0,2.36856177,2026-05-30 18:30:00+00:00
1780166700000,73976.8,74004.4,73887.6,73934.6,9.04670198,2026-05-30 18:45:00+00:00
1780167600000,73934.6,73934.6,73895.0,73923.6,2.32808909,2026-05-30 19:00:00+00:00
1780168500000,73929.9,73964.9,73880.4,73883.7,1.80314622,2026-05-30 19:15:00+00:00
1780169400000,73883.7,73931.7,73860.9,73892.4,28.86022695,2026-05-30 19:30:00+00:00
1780170300000,73913.6,73962.2,73901.0,73901.1,1.60906521,2026-05-30 19:45:00+00:00
1780171200000,73901.1,73907.4,73825.3,73848.6,2.52855577,2026-05-30 20:00:00+00:00
1780172100000,73848.6,73864.7,73847.0,73858.7,1.23163284,2026-05-30 20:15:00+00:00
1780173000000,73858.7,73864.5,73820.7,73825.5,8.90810879,2026-05-30 20:30:00+00:00
1780173900000,73825.5,73871.1,73813.2,73857.5,2.36718512,2026-05-30 20:45:00+00:00
1780174800000,73858.3,73875.2,73847.1,73864.8,12.09930685,2026-05-30 21:00:00+00:00
1780175700000,73874.3,73905.1,73871.3,73894.3,8.67946889,2026-05-30 21:15:00+00:00
1780176600000,73890.8,73950.6,73856.6,73903.9,3.09962193,2026-05-30 21:30:00+00:00
1780177500000,73893.2,73910.1,73825.1,73853.0,1.26906019,2026-05-30 21:45:00+00:00
1780178400000,73868.9,73868.9,73700.0,73787.7,11.06610981,2026-05-30 22:00:00+00:00
1780179300000,73788.5,73821.5,73745.3,73788.5,4.74668215,2026-05-30 22:15:00+00:00
1780180200000,73792.4,73792.4,73700.0,73705.2,2.76937707,2026-05-30 22:30:00+00:00
1780181100000,73705.2,73781.6,73700.1,73780.0,0.87906849,2026-05-30 22:45:00+00:00
1780182000000,73780.0,73881.8,73737.5,73741.2,1.26695174,2026-05-30 23:00:00+00:00
1780182900000,73741.2,73777.2,73713.5,73740.2,3.67214076,2026-05-30 23:15:00+00:00
1780183800000,73741.9,73741.9,73686.9,73691.1,6.42169675,2026-05-30 23:30:00+00:00
1780184700000,73691.2,73756.5,73691.2,73753.7,0.63160625,2026-05-30 23:45:00+00:00
1780185600000,73778.8,73818.3,73751.6,73787.8,1.11417238,2026-05-31 00:00:00+00:00
1780186500000,73787.8,73915.8,73775.3,73863.2,1.55333126,2026-05-31 00:15:00+00:00
1780187400000,73863.2,73915.8,73840.1,73843.4,1.29575343,2026-05-31 00:30:00+00:00
1780188300000,73841.8,73926.6,73806.7,73919.7,1.90216167,2026-05-31 00:45:00+00:00
1780189200000,73919.8,74047.0,73919.7,74003.9,4.97295432,2026-05-31 01:00:00+00:00
1780190100000,74019.3,74161.0,73986.8,73987.1,8.31200659,2026-05-31 01:15:00+00:00
1780191000000,73987.2,74104.1,73968.2,73968.2,11.30917193,2026-05-31 01:30:00+00:00
1780191900000,73968.1,74020.0,73937.9,73945.5,1.29226811,2026-05-31 01:45:00+00:00
1780192800000,73945.6,74057.8,73945.5,74056.1,1.30480002,2026-05-31 02:00:00+00:00
1780193700000,74054.4,74128.2,73872.1,73872.2,10.33853021,2026-05-31 02:15:00+00:00
1780194600000,73872.2,73904.0,73779.1,73836.9,5.1094131,2026-05-31 02:30:00+00:00
1780195500000,73836.9,73981.8,73820.9,73972.0,7.45834703,2026-05-31 02:45:00+00:00
1780196400000,73972.1,74039.7,73966.2,74039.7,3.0300389,2026-05-31 03:00:00+00:00
1780197300000,74039.7,74093.9,74006.9,74085.7,7.32699758,2026-05-31 03:15:00+00:00
1780198200000,74085.8,74100.4,74034.4,74051.9,1.34129689,2026-05-31 03:30:00+00:00
1780199100000,74051.8,74070.6,74024.2,74037.6,1.60854682,2026-05-31 03:45:00+00:00
1780200000000,74037.6,74054.9,74008.2,74017.9,1.08459012,2026-05-31 04:00:00+00:00
1780200900000,74018.0,74109.3,73995.3,74077.8,4.67221383,2026-05-31 04:15:00+00:00
1780201800000,74075.8,74104.1,74030.5,74090.9,2.27859187,2026-05-31 04:30:00+00:00
1780202700000,74086.7,74107.7,74049.4,74082.0,0.8512526,2026-05-31 04:45:00+00:00
1780203600000,74079.8,74093.0,74061.8,74072.1,0.72657993,2026-05-31 05:00:00+00:00
1780204500000,74072.1,74085.0,74027.0,74074.6,0.62466955,2026-05-31 05:15:00+00:00
1780205400000,74071.7,74072.4,73970.7,73993.4,1.92697253,2026-05-31 05:30:00+00:00
1780206300000,73993.3,73993.4,73952.0,73952.8,0.28434786,2026-05-31 05:45:00+00:00
1780207200000,73952.1,73952.1,73883.0,73890.1,2.97706862,2026-05-31 06:00:00+00:00
1780208100000,73890.0,73928.4,73883.1,73922.5,0.42943512,2026-05-31 06:15:00+00:00
1780209000000,73919.7,73990.9,73919.6,73958.1,0.5490584,2026-05-31 06:30:00+00:00
1780209900000,73958.1,73962.1,73942.2,73946.6,0.37004439,2026-05-31 06:45:00+00:00
1780210800000,73946.6,73946.6,73857.9,73857.9,2.67776764,2026-05-31 07:00:00+00:00
1780211700000,73858.1,73859.0,73780.5,73787.2,2.44250361,2026-05-31 07:15:00+00:00
1780212600000,73785.7,73793.5,73734.5,73750.2,2.86894751,2026-05-31 07:30:00+00:00
1780213500000,73750.2,73792.3,73750.1,73767.6,1.22452555,2026-05-31 07:45:00+00:00
1780214400000,73767.6,73861.0,73757.3,73797.9,2.60381544,2026-05-31 08:00:00+00:00
1780215300000,73800.2,73872.4,73800.2,73862.2,1.31100496,2026-05-31 08:15:00+00:00
1780216200000,73862.2,73862.2,73759.0,73775.0,7.34177431,2026-05-31 08:30:00+00:00
1780217100000,73775.0,73855.7,73727.0,73833.0,6.5637208,2026-05-31 08:45:00+00:00
1780218000000,73833.1,73833.1,73761.3,73791.0,0.40962007,2026-05-31 09:00:00+00:00
1780218900000,73781.9,73860.4,73777.2,73847.8,1.64688,2026-05-31 09:15:00+00:00
1780219800000,73847.7,73915.8,73838.5,73857.3,0.66007771,2026-05-31 09:30:00+00:00
1780220700000,73857.3,73882.5,73712.1,73736.6,1.14593575,2026-05-31 09:45:00+00:00
1780221600000,73736.6,73757.0,73712.0,73749.9,0.54091834,2026-05-31 10:00:00+00:00
1780222500000,73747.1,73747.1,73617.8,73690.4,13.32200309,2026-05-31 10:15:00+00:00
1780223400000,73690.4,73710.0,73690.3,73698.1,0.93817147,2026-05-31 10:30:00+00:00
1780224300000,73709.9,73783.1,73691.3,73783.1,7.03240826,2026-05-31 10:45:00+00:00
1780225200000,73783.1,73826.6,73782.0,73789.3,1.37892886,2026-05-31 11:00:00+00:00
1780226100000,73789.3,73854.4,73775.5,73847.1,2.82425572,2026-05-31 11:15:00+00:00
1780227000000,73847.1,73849.4,73798.3,73823.6,0.51273349,2026-05-31 11:30:00+00:00
1780227900000,73823.7,73855.6,73793.5,73838.3,1.1572156,2026-05-31 11:45:00+00:00
1780228800000,73838.4,73865.1,73769.6,73793.9,2.4365955,2026-05-31 12:00:00+00:00
1780229700000,73794.0,73869.8,73794.0,73811.4,1.65840115,2026-05-31 12:15:00+00:00
1780230600000,73811.5,73867.3,73800.0,73867.3,4.00485388,2026-05-31 12:30:00+00:00
1780231500000,73867.3,73867.3,73776.9,73807.2,9.08885507,2026-05-31 12:45:00+00:00
1780232400000,73807.2,73843.5,73767.0,73834.7,1.15988779,2026-05-31 13:00:00+00:00
1780233300000,73832.2,73901.1,73818.5,73850.6,0.48553629,2026-05-31 13:15:00+00:00
1780234200000,73845.9,73864.7,73768.3,73781.5,2.39721945,2026-05-31 13:30:00+00:00
1780235100000,73781.4,73781.5,73713.1,73750.7,1.31972379,2026-05-31 13:45:00+00:00
1780236000000,73750.7,73750.7,73589.8,73598.4,6.82844383,2026-05-31 14:00:00+00:00
1780236900000,73616.5,73680.9,73405.6,73483.8,21.52003728,2026-05-31 14:15:00+00:00
1780237800000,73483.9,73639.1,73477.0,73511.6,16.4773244,2026-05-31 14:30:00+00:00
1780238700000,73511.6,73590.1,73484.0,73484.1,1.37594256,2026-05-31 14:45:00+00:00
1780239600000,73484.1,73563.7,73484.1,73554.9,1.48925384,2026-05-31 15:00:00+00:00
1780240500000,73555.0,73660.0,73548.6,73644.6,9.11363393,2026-05-31 15:15:00+00:00
1780241400000,73636.4,73636.4,73502.8,73532.0,3.91671024,2026-05-31 15:30:00+00:00
1780242300000,73531.3,73575.6,73530.0,73545.1,9.71024866,2026-05-31 15:45:00+00:00
1780243200000,73545.1,73617.8,73510.0,73510.0,5.29023556,2026-05-31 16:00:00+00:00
1780244100000,73510.1,73523.4,73420.8,73513.4,7.47530922,2026-05-31 16:15:00+00:00
1780245000000,73513.4,73513.4,73272.9,73401.2,21.35262898,2026-05-31 16:30:00+00:00
1780245900000,73401.2,73432.2,73340.6,73425.9,3.21256935,2026-05-31 16:45:00+00:00
1780246800000,73425.9,73454.0,73361.8,73419.0,2.54517522,2026-05-31 17:00:00+00:00
1780247700000,73418.9,73487.0,73418.9,73485.9,20.41781153,2026-05-31 17:15:00+00:00
1780248600000,73485.9,73598.3,73485.9,73598.3,6.08128596,2026-05-31 17:30:00+00:00
1780249500000,73600.0,73631.3,73578.1,73587.6,7.89718165,2026-05-31 17:45:00+00:00
1780250400000,73587.6,73587.6,73505.0,73539.4,3.9435291,2026-05-31 18:00:00+00:00
1780251300000,73538.8,73578.6,73497.6,73534.6,2.04967559,2026-05-31 18:15:00+00:00
1780252200000,73534.4,73609.4,73514.7,73520.4,2.87554065,2026-05-31 18:30:00+00:00
1780253100000,73520.4,73520.4,73459.7,73506.1,1.62711067,2026-05-31 18:45:00+00:00
1780254000000,73503.2,73549.9,73477.4,73482.0,1.0873159,2026-05-31 19:00:00+00:00
1780254900000,73481.9,73512.6,73367.1,73423.2,6.07656782,2026-05-31 19:15:00+00:00
1780255800000,73422.1,73441.2,73347.4,73420.1,0.94580721,2026-05-31 19:30:00+00:00
1780256700000,73420.0,73471.9,73404.6,73451.2,1.20043554,2026-05-31 19:45:00+00:00
1780257600000,73451.1,73596.5,73451.1,73569.0,5.55155119,2026-05-31 20:00:00+00:00
1780258500000,73569.0,73638.8,73557.2,73585.0,0.73101442,2026-05-31 20:15:00+00:00
1780259400000,73585.1,73611.4,73563.2,73583.8,0.93587296,2026-05-31 20:30:00+00:00
1780260300000,73584.2,73650.0,73581.2,73628.6,1.12057728,2026-05-31 20:45:00+00:00
1780261200000,73628.7,73677.3,73573.7,73573.9,20.20493559,2026-05-31 21:00:00+00:00
1780262100000,73573.9,73629.1,73530.1,73537.1,1.65920617,2026-05-31 21:15:00+00:00
1780263000000,73537.2,73625.5,73516.6,73622.7,2.64282975,2026-05-31 21:30:00+00:00
1780263900000,73622.7,73799.9,73622.7,73785.0,7.21710564,2026-05-31 21:45:00+00:00
1780264800000,73785.0,73844.6,73578.3,73785.0,5.86129259,2026-05-31 22:00:00+00:00
1780265700000,73785.0,73887.9,73706.5,73778.2,19.68153326,2026-05-31 22:15:00+00:00
1780266600000,73778.2,73883.0,73760.5,73793.7,7.35992552,2026-05-31 22:30:00+00:00
1780267500000,73793.6,73888.0,73793.6,73837.7,4.97494594,2026-05-31 22:45:00+00:00
1780268400000,73837.7,74070.0,73833.0,73833.1,7.68484077,2026-05-31 23:00:00+00:00
1780269300000,73833.0,73851.7,73688.4,73722.1,3.61981666,2026-05-31 23:15:00+00:00
1780270200000,73722.1,73722.1,73363.6,73480.5,13.5398242,2026-05-31 23:30:00+00:00
1780271100000,73480.1,73610.9,73475.2,73570.0,4.0305312,2026-05-31 23:45:00+00:00
1780272000000,73569.9,73773.4,73550.1,73693.0,4.89674002,2026-06-01 00:00:00+00:00
1780272900000,73693.9,73844.7,73609.8,73844.7,7.89365391,2026-06-01 00:15:00+00:00
1780273800000,73844.8,73960.0,73727.3,73831.9,10.47406254,2026-06-01 00:30:00+00:00
1780274700000,73831.7,73910.0,73777.8,73777.8,5.59259593,2026-06-01 00:45:00+00:00
1780275600000,73777.8,73802.7,73465.3,73473.2,17.91585435,2026-06-01 01:00:00+00:00
1780276500000,73470.0,73546.9,73470.0,73498.4,4.48444157,2026-06-01 01:15:00+00:00
1780277400000,73498.4,73530.6,73352.3,73393.5,9.01130757,2026-06-01 01:30:00+00:00
1780278300000,73393.5,73462.9,73173.0,73193.4,7.47379837,2026-06-01 01:45:00+00:00
1780279200000,73194.6,73443.2,73155.0,73434.3,31.97198835,2026-06-01 02:00:00+00:00
1780280100000,73434.2,73434.3,73342.9,73422.8,6.15163552,2026-06-01 02:15:00+00:00
1780281000000,73422.7,73765.7,73368.4,73667.2,9.29371254,2026-06-01 02:30:00+00:00
1780281900000,73667.2,73759.0,73627.7,73681.8,3.58419962,2026-06-01 02:45:00+00:00
1780282800000,73680.4,73889.1,73680.4,73780.8,6.22017234,2026-06-01 03:00:00+00:00
1780283700000,73780.9,73877.6,73700.8,73815.7,3.90564518,2026-06-01 03:15:00+00:00
1780284600000,73815.4,73873.5,73697.7,73753.2,1.48158189,2026-06-01 03:30:00+00:00
1780285500000,73750.5,73800.0,73640.8,73673.1,0.94207006,2026-06-01 03:45:00+00:00
1780286400000,73673.0,73745.9,73491.4,73502.5,0.95422542,2026-06-01 04:00:00+00:00
1780287300000,73504.5,73509.9,73306.2,73306.2,3.17204443,2026-06-01 04:15:00+00:00
1780288200000,73306.4,73390.6,73306.4,73387.1,6.10004649,2026-06-01 04:30:00+00:00
1780289100000,73387.2,73491.4,73260.5,73429.8,5.20175872,2026-06-01 04:45:00+00:00
1780290000000,73429.8,73434.3,73361.4,73430.3,2.64925735,2026-06-01 05:00:00+00:00
1780290900000,73430.3,73430.3,73260.5,73260.5,18.42799482,2026-06-01 05:15:00+00:00
1780291800000,73260.6,73320.9,73218.4,73312.1,2.02410721,2026-06-01 05:30:00+00:00
1780292700000,73312.1,73365.3,73235.4,73256.2,1.91044197,2026-06-01 05:45:00+00:00
1780293600000,73256.6,73270.0,73155.0,73193.6,7.26679011,2026-06-01 06:00:00+00:00
1780294500000,73193.7,73205.0,73060.3,73088.3,10.59800001,2026-06-01 06:15:00+00:00
1780295400000,73088.3,73123.9,72900.0,72915.4,19.35436881,2026-06-01 06:30:00+00:00
1780296300000,72917.8,73112.4,72867.8,73041.7,12.96124931,2026-06-01 06:45:00+00:00
1780297200000,73042.0,73100.0,72941.6,73010.3,8.50507374,2026-06-01 07:00:00+00:00
1780298100000,73010.7,73040.9,72850.0,72902.9,5.82254227,2026-06-01 07:15:00+00:00
1780299000000,72903.0,72903.0,72787.3,72851.4,31.67389273,2026-06-01 07:30:00+00:00
1780299900000,72851.4,72851.4,72613.7,72719.8,18.64939519,2026-06-01 07:45:00+00:00
1780300800000,72719.8,72766.1,72698.9,72731.8,13.61757586,2026-06-01 08:00:00+00:00
1780301700000,72731.8,72759.6,72548.2,72626.0,20.68365885,2026-06-01 08:15:00+00:00
1780302600000,72626.0,72766.4,72523.5,72652.3,13.66630408,2026-06-01 08:30:00+00:00
1780303500000,72652.3,72835.3,72652.3,72799.8,5.83779229,2026-06-01 08:45:00+00:00
1780304400000,72799.9,72917.9,72799.9,72871.6,4.11758535,2026-06-01 09:00:00+00:00
1780305300000,72871.7,72999.9,72849.4,72911.5,14.44999752,2026-06-01 09:15:00+00:00
1780306200000,72911.5,72953.1,72821.0,72842.3,39.58864786,2026-06-01 09:30:00+00:00
1780307100000,72844.9,72903.0,72732.7,72789.6,31.58549225,2026-06-01 09:45:00+00:00
1780308000000,72789.7,72817.3,72690.9,72704.0,9.84861894,2026-06-01 10:00:00+00:00
1780308900000,72704.0,72706.7,72580.0,72609.6,11.60136804,2026-06-01 10:15:00+00:00
1780309800000,72609.6,72699.0,72508.6,72596.5,7.57732705,2026-06-01 10:30:00+00:00
1780310700000,72602.2,72696.9,72602.2,72659.2,10.2498267,2026-06-01 10:45:00+00:00
1780311600000,72659.2,72673.8,72587.0,72592.2,14.80436415,2026-06-01 11:00:00+00:00
1780312500000,72592.9,72649.9,72561.4,72578.3,4.10725508,2026-06-01 11:15:00+00:00
1780313400000,72580.2,72644.1,72500.0,72620.0,15.29129026,2026-06-01 11:30:00+00:00
1780314300000,72620.0,72683.5,72200.0,72384.3,82.41296997,2026-06-01 11:45:00+00:00
1780315200000,72391.6,72529.3,71844.0,71970.0,105.47621374,2026-06-01 12:00:00+00:00
1780316100000,71970.0,72206.1,71936.1,72140.7,25.16915181,2026-06-01 12:15:00+00:00
1780317000000,72140.6,72238.5,72093.7,72182.2,37.00013748,2026-06-01 12:30:00+00:00
1780317900000,72180.7,72185.1,72025.5,72130.0,19.1826505,2026-06-01 12:45:00+00:00
1780318800000,72127.3,72143.2,71666.0,71753.2,61.78404962,2026-06-01 13:00:00+00:00
1780319700000,71753.1,71934.6,71662.5,71728.4,32.52866077,2026-06-01 13:15:00+00:00
1780320600000,71728.5,71943.2,71461.9,71467.1,73.48618506,2026-06-01 13:30:00+00:00
1780321500000,71500.0,71973.9,71275.0,71614.2,111.57797598,2026-06-01 13:45:00+00:00
1780322400000,71614.1,71774.4,71438.7,71565.0,49.69424338,2026-06-01 14:00:00+00:00
1780323300000,71565.0,71621.5,71365.6,71408.7,33.94813357,2026-06-01 14:15:00+00:00
1780324200000,71412.0,71462.9,71300.0,71367.0,33.16705712,2026-06-01 14:30:00+00:00
1780325100000,71369.2,71498.9,71285.0,71419.8,19.95461954,2026-06-01 14:45:00+00:00
1780326000000,71432.3,71549.9,71327.6,71406.3,10.89610807,2026-06-01 15:00:00+00:00
1780326900000,71406.2,71406.3,70971.0,70982.3,79.56258996,2026-06-01 15:15:00+00:00
1780327800000,70982.2,71366.8,70971.0,71151.5,54.37336523,2026-06-01 15:30:00+00:00
1780328700000,71156.8,71173.4,70964.6,71000.0,23.00484894,2026-06-01 15:45:00+00:00
1780329600000,71000.0,71070.0,70581.5,70800.0,128.39035013,2026-06-01 16:00:00+00:00
1780330500000,70785.1,70965.0,70700.7,70965.0,17.51658162,2026-06-01 16:15:00+00:00
1780331400000,70965.0,71235.0,70935.0,71220.0,31.96610428,2026-06-01 16:30:00+00:00
1780332300000,71220.0,71488.9,71220.0,71455.2,46.29047355,2026-06-01 16:45:00+00:00
1780333200000,71455.2,71515.8,71373.0,71490.1,58.76440812,2026-06-01 17:00:00+00:00
1780334100000,71490.1,71637.5,71385.0,71637.5,47.78164457,2026-06-01 17:15:00+00:00
1780335000000,71629.7,71677.2,71433.9,71614.9,57.78700827,2026-06-01 17:30:00+00:00
1780335900000,71614.9,71679.6,71528.5,71551.4,25.47659779,2026-06-01 17:45:00+00:00
1780336800000,71550.1,71592.5,71370.0,71385.0,12.99739898,2026-06-01 18:00:00+00:00
1780337700000,71385.0,71444.9,71284.9,71444.9,18.35009709,2026-06-01 18:15:00+00:00
1780338600000,71445.0,71580.0,71430.0,71430.0,20.52969016,2026-06-01 18:30:00+00:00
1780339500000,71430.0,71469.6,71311.6,71415.0,17.37842816,2026-06-01 18:45:00+00:00
1780340400000,71415.1,71415.1,71325.1,71345.1,5.4363441,2026-06-01 19:00:00+00:00
1780341300000,71345.1,71519.0,71294.5,71519.0,18.51096274,2026-06-01 19:15:00+00:00
1780342200000,71520.0,71578.5,71446.2,71549.9,22.96629203,2026-06-01 19:30:00+00:00
1780343100000,71549.9,71549.9,71430.0,71493.2,7.63065017,2026-06-01 19:45:00+00:00
1780344000000,71495.0,71495.0,71432.5,71482.8,10.09637783,2026-06-01 20:00:00+00:00
1780344900000,71482.8,71595.0,71437.6,71505.0,30.3799389,2026-06-01 20:15:00+00:00
1780345800000,71505.0,71581.8,71482.4,71504.9,8.78792998,2026-06-01 20:30:00+00:00
1780346700000,71504.9,71519.8,71321.5,71354.5,12.10216806,2026-06-01 20:45:00+00:00
1780347600000,71354.1,71365.5,71068.0,71130.0,21.68496479,2026-06-01 21:00:00+00:00
1780348500000,71130.0,71144.9,71000.0,71049.0,11.89713072,2026-06-01 21:15:00+00:00
1780349400000,71055.0,71074.5,70850.6,70924.3,34.07621511,2026-06-01 21:30:00+00:00
1780350300000,70929.4,71033.4,70890.0,70950.1,12.33026074,2026-06-01 21:45:00+00:00
1780351200000,70950.0,70950.1,70750.0,70877.2,17.94496887,2026-06-01 22:00:00+00:00
1780352100000,70880.6,71225.2,70880.5,71189.4,87.57686461,2026-06-01 22:15:00+00:00
1780353000000,71189.4,71256.5,70980.1,71026.8,119.04147247,2026-06-01 22:30:00+00:00
1780353900000,71026.9,71336.4,71026.9,71310.0,3.49203926,2026-06-01 22:45:00+00:00
1780354800000,71310.1,71335.9,71216.5,71268.2,3.2448693,2026-06-01 23:00:00+00:00
1780355700000,71269.6,71376.0,71150.8,71150.8,7.34330866,2026-06-01 23:15:00+00:00
1780356600000,71150.4,71464.9,71130.1,71407.8,7.11110299,2026-06-01 23:30:00+00:00
1780357500000,71417.9,71458.4,71280.3,71317.5,26.13797021,2026-06-01 23:45:00+00:00
1780358400000,71315.5,71315.5,71160.0,71170.3,17.01399796,2026-06-02 00:00:00+00:00
1780359300000,71170.2,71190.0,71061.1,71123.1,3.8397171,2026-06-02 00:15:00+00:00
1780360200000,71123.2,71202.1,71010.0,71076.0,7.35504526,2026-06-02 00:30:00+00:00
1780361100000,71079.5,71205.0,71055.1,71177.7,2.79086953,2026-06-02 00:45:00+00:00
1780362000000,71177.7,71276.5,71141.3,71262.7,7.40675986,2026-06-02 01:00:00+00:00
1780362900000,71262.7,71272.0,71107.8,71107.8,5.56565715,2026-06-02 01:15:00+00:00
1780363800000,71106.7,71129.2,70685.0,70860.0,24.90500087,2026-06-02 01:30:00+00:00
1780364700000,70860.1,70863.1,70524.8,70539.4,25.0643474,2026-06-02 01:45:00+00:00
1780365600000,70539.4,70620.0,70000.0,70225.9,79.9709968,2026-06-02 02:00:00+00:00
1780366500000,70228.4,70737.7,70065.4,70710.1,20.16889629,2026-06-02 02:15:00+00:00
1780367400000,70710.1,70765.2,70483.0,70504.8,6.39335463,2026-06-02 02:30:00+00:00
1780368300000,70503.4,70736.2,70485.0,70736.2,8.46341883,2026-06-02 02:45:00+00:00
1780369200000,70740.0,70918.2,70710.0,70812.2,6.02933429,2026-06-02 03:00:00+00:00
1780370100000,70807.4,70901.4,70725.0,70851.8,9.11096924,2026-06-02 03:15:00+00:00
1780371000000,70851.7,70890.0,70815.1,70889.9,6.93271463,2026-06-02 03:30:00+00:00
1780371900000,70889.8,70899.9,70833.1,70846.2,23.647471,2026-06-02 03:45:00+00:00
1780372800000,70846.2,70880.0,70605.6,70661.8,59.2020403,2026-06-02 04:00:00+00:00
1780373700000,70661.4,70902.1,70661.3,70860.1,15.16635644,2026-06-02 04:15:00+00:00
1780374600000,70860.1,70928.6,70815.1,70908.0,2.84275794,2026-06-02 04:30:00+00:00
1780375500000,70908.0,70908.0,70655.4,70695.0,4.18387359,2026-06-02 04:45:00+00:00
1780376400000,70695.0,70700.0,70485.6,70695.9,59.99697578,2026-06-02 05:00:00+00:00
1780377300000,70695.9,70696.1,70477.2,70489.5,8.01776558,2026-06-02 05:15:00+00:00
1780378200000,70489.5,70604.3,70321.4,70410.0,20.42647526,2026-06-02 05:30:00+00:00
1780379100000,70410.0,70410.0,70156.7,70158.4,50.92719283,2026-06-02 05:45:00+00:00
1780380000000,70156.6,70333.6,70127.1,70199.7,32.45289295,2026-06-02 06:00:00+00:00
1780380900000,70199.7,70274.9,70127.1,70263.0,12.04425064,2026-06-02 06:15:00+00:00
1780381800000,70263.0,70311.0,70156.4,70156.4,10.81783977,2026-06-02 06:30:00+00:00
1780382700000,70155.0,70214.9,69840.0,69989.0,118.82649717,2026-06-02 06:45:00+00:00
1780383600000,69989.9,70035.0,69647.8,69949.3,61.83049127,2026-06-02 07:00:00+00:00
1780384500000,69949.4,70155.0,69750.0,69807.6,29.70541127,2026-06-02 07:15:00+00:00
1780385400000,69810.0,70147.0,69806.0,70104.1,51.20086587,2026-06-02 07:30:00+00:00
1780386300000,70104.0,70104.0,69978.7,70022.1,23.47681235,2026-06-02 07:45:00+00:00
1780387200000,70020.1,70065.0,69870.0,69948.3,23.81670852,2026-06-02 08:00:00+00:00
1780388100000,69948.2,69976.9,69775.4,69915.0,23.0801258,2026-06-02 08:15:00+00:00
1780389000000,69915.0,69974.9,69758.5,69758.5,4.2392398,2026-06-02 08:30:00+00:00
1780389900000,69764.7,69810.0,69605.8,69705.1,38.71220499,2026-06-02 08:45:00+00:00
1780390800000,69705.1,69754.1,69394.0,69461.9,45.85806189,2026-06-02 09:00:00+00:00
1780391700000,69461.9,69520.3,69236.5,69300.0,34.89715383,2026-06-02 09:15:00+00:00
1780392600000,69299.9,69450.0,69255.1,69385.1,18.82547337,2026-06-02 09:30:00+00:00
1780393500000,69385.1,69416.8,69285.1,69300.2,18.39318992,2026-06-02 09:45:00+00:00
1780394400000,69300.2,69645.0,69244.2,69552.6,41.97570491,2026-06-02 10:00:00+00:00
1780395300000,69552.6,69602.7,69420.0,69525.0,36.02794204,2026-06-02 10:15:00+00:00
1780396200000,69524.9,69540.0,69337.7,69364.6,101.36582048,2026-06-02 10:30:00+00:00
1780397100000,69364.7,69550.0,69363.1,69542.6,113.29587539,2026-06-02 10:45:00+00:00
1780398000000,69533.7,69540.0,69390.1,69449.8,14.98496995,2026-06-02 11:00:00+00:00
1780398900000,69449.7,69450.0,69325.0,69390.0,22.70016702,2026-06-02 11:15:00+00:00
1780399800000,69389.9,69426.4,69316.3,69376.0,30.04190455,2026-06-02 11:30:00+00:00
1780400700000,69376.1,69495.0,69362.5,69362.5,27.79084352,2026-06-02 11:45:00+00:00
1780401600000,69360.1,69434.9,69193.1,69239.9,63.23556325,2026-06-02 12:00:00+00:00
1780402500000,69239.9,69335.4,69136.9,69189.1,51.0188641,2026-06-02 12:15:00+00:00
1780403400000,69189.2,69189.2,69005.0,69126.4,31.4447887,2026-06-02 12:30:00+00:00
1780404300000,69125.2,69133.0,68925.3,68925.4,46.14901622,2026-06-02 12:45:00+00:00
1780405200000,68925.4,69081.2,68814.1,68829.8,48.63554285,2026-06-02 13:00:00+00:00
1780406100000,68823.3,69007.9,68800.0,68932.4,19.59335169,2026-06-02 13:15:00+00:00
1780407000000,68932.4,68997.1,68715.1,68790.4,170.20905454,2026-06-02 13:30:00+00:00
1780407900000,68790.4,68875.5,68650.0,68691.0,27.57255372,2026-06-02 13:45:00+00:00
1780408800000,68691.0,68715.0,68198.1,68463.8,85.7312042,2026-06-02 14:00:00+00:00
1780409700000,68463.9,68463.9,67530.1,67758.3,215.98021861,2026-06-02 14:15:00+00:00
1780410600000,67765.1,68138.9,67753.8,67892.9,126.9576002,2026-06-02 14:30:00+00:00
1780411500000,67893.0,68132.2,67850.0,67874.9,132.04037932,2026-06-02 14:45:00+00:00
1780412400000,67875.0,67942.7,67695.1,67721.9,41.73392023,2026-06-02 15:00:00+00:00
1780413300000,67721.9,67721.9,67252.7,67340.0,129.92597291,2026-06-02 15:15:00+00:00
1780414200000,67335.0,67378.3,66964.6,67147.6,149.62801528,2026-06-02 15:30:00+00:00
1780415100000,67147.6,67368.0,67006.1,67197.7,105.57711927,2026-06-02 15:45:00+00:00
1780416000000,67197.7,67854.8,67125.1,67822.7,90.54594387,2026-06-02 16:00:00+00:00
1780416900000,67809.9,68001.5,67667.8,67743.1,144.27474564,2026-06-02 16:15:00+00:00
1780417800000,67743.1,67746.5,67424.6,67511.0,56.18372447,2026-06-02 16:30:00+00:00
1780418700000,67511.0,67695.0,67297.7,67303.4,60.65861657,2026-06-02 16:45:00+00:00
1780419600000,67303.4,67500.0,67279.2,67392.3,26.46745816,2026-06-02 17:00:00+00:00
1780420500000,67389.7,67692.1,67352.9,67622.8,25.16244645,2026-06-02 17:15:00+00:00
1780421400000,67620.4,67725.0,67373.5,67381.6,41.70429462,2026-06-02 17:30:00+00:00
1780422300000,67382.2,67400.0,67287.4,67380.1,46.54003603,2026-06-02 17:45:00+00:00
1780423200000,67380.1,67545.0,67380.0,67500.1,47.8093274,2026-06-02 18:00:00+00:00
1780424100000,67500.1,67513.6,67178.7,67187.5,60.19258347,2026-06-02 18:15:00+00:00
1780425000000,67193.9,67257.6,67087.5,67197.5,36.16306651,2026-06-02 18:30:00+00:00
1780425900000,67196.6,67245.0,67029.5,67231.4,28.25669209,2026-06-02 18:45:00+00:00
1780426800000,67234.2,67305.0,67140.0,67245.0,83.95089593,2026-06-02 19:00:00+00:00
1780427700000,67245.0,67259.9,66828.1,66879.8,87.1013578,2026-06-02 19:15:00+00:00
1780428600000,66879.7,66915.0,66327.3,66825.1,137.3096728,2026-06-02 19:30:00+00:00
1780429500000,66829.3,67366.5,66781.4,67209.9,136.54609002,2026-06-02 19:45:00+00:00
1780430400000,67206.9,67368.0,67000.1,67269.0,35.47405978,2026-06-02 20:00:00+00:00
1780431300000,67269.1,67290.0,66820.6,66850.6,25.516554,2026-06-02 20:15:00+00:00
1780432200000,66864.1,67230.7,66850.6,67187.4,31.00872612,2026-06-02 20:30:00+00:00
1780433100000,67187.4,67590.6,67187.3,67488.2,48.10612027,2026-06-02 20:45:00+00:00
1780434000000,67490.1,67695.0,67317.7,67365.0,20.32682486,2026-06-02 21:00:00+00:00
1780434900000,67365.0,67802.8,67365.0,67793.3,23.82301698,2026-06-02 21:15:00+00:00
1780435800000,67794.5,67802.8,67608.3,67617.4,29.42808405,2026-06-02 21:30:00+00:00
1780436700000,67634.9,67635.0,67410.8,67467.3,13.24901506,2026-06-02 21:45:00+00:00
1780437600000,67467.2,67467.2,67111.2,67128.4,18.19672441,2026-06-02 22:00:00+00:00
1780438500000,67130.8,67334.8,66844.6,67200.0,34.03043087,2026-06-02 22:15:00+00:00
1780439400000,67200.1,67203.2,66712.7,66852.2,158.96491271,2026-06-02 22:30:00+00:00
1780440300000,66842.5,66842.5,66170.0,66278.4,149.77717196,2026-06-02 22:45:00+00:00
1780441200000,66285.0,66596.4,66111.8,66596.4,55.81858405,2026-06-02 23:00:00+00:00
1780442100000,66596.3,66666.0,66115.3,66344.5,71.6830064,2026-06-02 23:15:00+00:00
1780443000000,66345.0,66645.2,66165.1,66631.6,27.54778224,2026-06-02 23:30:00+00:00
1780443900000,66631.7,66772.4,66585.1,66669.7,19.58279361,2026-06-02 23:45:00+00:00
1780444800000,66669.7,66810.0,66569.5,66720.0,43.2498216,2026-06-03 00:00:00+00:00
1780445700000,66720.1,67020.0,66656.6,66669.4,101.97765369,2026-06-03 00:15:00+00:00
1780446600000,66669.5,67083.3,66610.6,66975.0,66.81690452,2026-06-03 00:30:00+00:00
1780447500000,66975.0,67049.9,66841.0,66841.4,9.54698629,2026-06-03 00:45:00+00:00
1780448400000,66841.5,66844.7,66588.5,66735.1,31.84910079,2026-06-03 01:00:00+00:00
1780449300000,66735.1,66952.7,66735.0,66950.6,47.57140236,2026-06-03 01:15:00+00:00
1780450200000,66948.5,66963.0,66384.8,66420.0,20.0401295,2026-06-03 01:30:00+00:00
1780451100000,66419.9,66937.3,66419.9,66840.0,61.10771041,2026-06-03 01:45:00+00:00
1780452000000,66840.0,66840.0,66642.6,66730.1,5.70654154,2026-06-03 02:00:00+00:00
1780452900000,66728.4,66840.0,66570.0,66579.4,17.46145492,2026-06-03 02:15:00+00:00
1780453800000,66578.9,66764.9,66532.5,66665.1,7.25820724,2026-06-03 02:30:00+00:00
1780454700000,66665.1,66720.0,66510.1,66526.0,7.9098709,2026-06-03 02:45:00+00:00
1780455600000,66525.2,66569.9,66309.8,66418.8,14.69525628,2026-06-03 03:00:00+00:00
1780456500000,66420.0,66524.9,66020.0,66060.0,48.69188625,2026-06-03 03:15:00+00:00
1780457400000,66059.9,66172.8,65678.0,65678.1,127.22446095,2026-06-03 03:30:00+00:00
1780458300000,65678.1,65900.1,65379.8,65770.5,95.30792158,2026-06-03 03:45:00+00:00
1780459200000,65770.5,66510.0,65754.7,66255.0,51.00921801,2026-06-03 04:00:00+00:00
1780460100000,66255.1,66526.8,66255.0,66495.1,21.98683408,2026-06-03 04:15:00+00:00
1780461000000,66495.0,66495.0,66232.8,66353.0,11.18148009,2026-06-03 04:30:00+00:00
1780461900000,66351.6,66425.5,66191.3,66379.3,8.35813445,2026-06-03 04:45:00+00:00
1780462800000,66379.3,67150.0,66379.3,67047.0,78.51131242,2026-06-03 05:00:00+00:00
1780463700000,67043.1,67169.9,66893.8,66989.9,37.03177926,2026-06-03 05:15:00+00:00
1780464600000,66989.9,66989.9,66700.0,66940.6,13.36138394,2026-06-03 05:30:00+00:00
1780465500000,66940.5,67306.7,66937.3,67237.1,26.23337542,2026-06-03 05:45:00+00:00
1780466400000,67235.9,67272.4,67017.3,67061.8,13.90146122,2026-06-03 06:00:00+00:00
1780467300000,67061.9,67257.0,67061.9,67169.9,14.21423114,2026-06-03 06:15:00+00:00
1780468200000,67161.4,67420.0,67095.8,67218.1,17.29274132,2026-06-03 06:30:00+00:00
1780469100000,67219.7,67244.8,66873.9,66877.6,23.7602018,2026-06-03 06:45:00+00:00
1780470000000,66877.6,67050.0,66786.3,67005.0,12.5351211,2026-06-03 07:00:00+00:00
1780470900000,67004.9,67226.0,66945.1,67102.8,13.07889478,2026-06-03 07:15:00+00:00
1780471800000,67105.7,67178.9,66990.1,67110.0,7.38923624,2026-06-03 07:30:00+00:00
1780472700000,67110.0,67225.5,67095.1,67130.6,7.80048064,2026-06-03 07:45:00+00:00
1780473600000,67129.3,67155.0,66974.6,66978.9,8.45549165,2026-06-03 08:00:00+00:00
1780474500000,66979.0,67049.9,66925.9,66933.5,15.41859421,2026-06-03 08:15:00+00:00
1780475400000,66933.5,67125.0,66883.0,66998.6,6.33766795,2026-06-03 08:30:00+00:00
1780476300000,66995.3,67065.0,66888.1,66930.1,11.58663514,2026-06-03 08:45:00+00:00
1780477200000,66930.2,67005.0,66857.1,66870.1,6.76654359,2026-06-03 09:00:00+00:00
1780478100000,66870.1,66870.1,66716.0,66740.5,7.33827216,2026-06-03 09:15:00+00:00
1780479000000,66738.6,66750.0,66633.9,66641.1,10.99236155,2026-06-03 09:30:00+00:00
1780479900000,66639.6,67212.1,66556.6,66977.7,66.33280428,2026-06-03 09:45:00+00:00
1780480800000,66975.9,67374.9,66969.7,67208.7,14.85493349,2026-06-03 10:00:00+00:00
1780481700000,67208.6,67229.9,67107.1,67214.9,17.53177423,2026-06-03 10:15:00+00:00
1780482600000,67215.0,67305.0,67120.7,67139.9,43.64315408,2026-06-03 10:30:00+00:00
1780483500000,67139.9,67214.9,67086.1,67195.5,41.10045624,2026-06-03 10:45:00+00:00
1780484400000,67200.0,67262.4,67133.0,67256.2,16.61259122,2026-06-03 11:00:00+00:00
1780485300000,67238.6,67259.9,67196.6,67248.4,15.27310997,2026-06-03 11:15:00+00:00
1780486200000,67248.4,67248.4,67009.7,67065.0,15.41290172,2026-06-03 11:30:00+00:00
1780487100000,67063.1,67063.1,66969.7,66985.0,16.60354106,2026-06-03 11:45:00+00:00
1780488000000,66985.0,67034.9,66815.0,66884.9,21.06302892,2026-06-03 12:00:00+00:00
1780488900000,66885.0,66975.0,66705.1,66945.4,17.21062175,2026-06-03 12:15:00+00:00
1780489800000,66945.1,67060.1,66750.0,66870.0,18.60376133,2026-06-03 12:30:00+00:00
1780490700000,66869.9,67053.3,66840.0,66985.1,6.41354851,2026-06-03 12:45:00+00:00
1780491600000,66988.8,67109.8,66908.8,67032.2,16.54610338,2026-06-03 13:00:00+00:00
1780492500000,67032.1,67140.0,66734.2,66734.2,60.46763873,2026-06-03 13:15:00+00:00
1780493400000,66738.7,67080.0,66610.4,66655.2,37.75435786,2026-06-03 13:30:00+00:00
1780494300000,66656.3,66918.6,66533.0,66789.1,27.78821275,2026-06-03 13:45:00+00:00
1780495200000,66798.5,66839.8,66643.0,66779.9,21.24499835,2026-06-03 14:00:00+00:00
1780496100000,66780.0,66810.0,66544.1,66682.1,48.88642214,2026-06-03 14:15:00+00:00
1780497000000,66688.0,66893.8,66630.0,66652.8,16.00255515,2026-06-03 14:30:00+00:00
1780497900000,66650.1,66825.0,66650.0,66766.3,12.30744748,2026-06-03 14:45:00+00:00
1780498800000,66766.1,66780.0,66400.2,66425.0,57.54578917,2026-06-03 15:00:00+00:00
1780499700000,66433.4,66544.0,66141.5,66480.0,131.9732384,2026-06-03 15:15:00+00:00
1780500600000,66480.0,66566.6,66142.5,66202.1,37.32822147,2026-06-03 15:30:00+00:00
1780501500000,66195.7,66270.0,66000.0,66000.0,37.4942088,2026-06-03 15:45:00+00:00
1780502400000,66000.1,66250.0,65800.0,66086.7,75.59941,2026-06-03 16:00:00+00:00
1780503300000,66086.6,66120.0,65480.1,65512.7,112.21187237,2026-06-03 16:15:00+00:00
1780504200000,65518.1,65880.0,65513.7,65843.4,29.44764834,2026-06-03 16:30:00+00:00
1780505100000,65830.4,65989.0,65737.9,65976.2,46.45078083,2026-06-03 16:45:00+00:00
1780506000000,65979.0,66028.5,65620.9,65620.9,50.15294277,2026-06-03 17:00:00+00:00
1780506900000,65620.8,65880.0,65620.8,65857.8,50.31547426,2026-06-03 17:15:00+00:00
1780507800000,65852.2,66090.0,65760.1,66019.8,30.71386557,2026-06-03 17:30:00+00:00
1780508700000,66019.7,66019.7,65715.1,65872.8,22.94393385,2026-06-03 17:45:00+00:00
1780509600000,65872.2,66000.0,65775.2,65879.4,16.09900402,2026-06-03 18:00:00+00:00
1780510500000,65878.9,65878.9,65669.9,65805.0,20.77442442,2026-06-03 18:15:00+00:00
1780511400000,65805.0,66000.0,65719.7,65953.7,15.4867942,2026-06-03 18:30:00+00:00
1780512300000,65953.7,66059.9,65942.1,65965.9,78.15886477,2026-06-03 18:45:00+00:00
1780513200000,65964.1,65976.6,65822.0,65870.0,16.52365149,2026-06-03 19:00:00+00:00
1780514100000,65870.0,65943.4,65526.2,65565.0,19.53387076,2026-06-03 19:15:00+00:00
1780515000000,65564.9,65737.0,65541.6,65685.1,87.79964685,2026-06-03 19:30:00+00:00
1780515900000,65685.0,65758.6,65187.4,65376.1,103.91209037,2026-06-03 19:45:00+00:00
1780516800000,65375.9,65500.0,65185.0,65496.3,22.97315593,2026-06-03 20:00:00+00:00
1780517700000,65496.2,65521.6,65203.5,65459.6,39.51256087,2026-06-03 20:15:00+00:00
1780518600000,65456.8,65475.0,65103.1,65103.4,49.97086029,2026-06-03 20:30:00+00:00
1780519500000,65109.1,65144.8,64688.0,64903.1,176.11866015,2026-06-03 20:45:00+00:00
1780520400000,64903.2,65486.7,64869.0,65325.1,111.33044117,2026-06-03 21:00:00+00:00
1780521300000,65325.1,65504.0,65313.8,65446.5,27.53509987,2026-06-03 21:15:00+00:00
1780522200000,65442.0,65625.0,65212.6,65415.0,35.57557549,2026-06-03 21:30:00+00:00
1780523100000,65415.0,65761.5,65398.4,65672.1,35.96357259,2026-06-03 21:45:00+00:00
1780524000000,65684.5,65730.0,65228.3,65241.7,23.23680052,2026-06-03 22:00:00+00:00
1780524900000,65244.6,65244.6,64867.7,65070.0,46.55147778,2026-06-03 22:15:00+00:00
1780525800000,65070.0,65160.0,64861.0,64975.9,22.42847275,2026-06-03 22:30:00+00:00
1780526700000,64976.0,64995.0,64688.0,64810.1,107.515486,2026-06-03 22:45:00+00:00
1780527600000,64810.0,64883.7,64333.3,64512.1,145.52042141,2026-06-03 23:00:00+00:00
1780528500000,64511.4,64544.2,64280.5,64393.5,61.37887175,2026-06-03 23:15:00+00:00
1780529400000,64410.0,64536.3,64164.7,64164.7,74.64677616,2026-06-03 23:30:00+00:00
1780530300000,64169.3,64250.4,64000.0,64035.8,74.80990032,2026-06-03 23:45:00+00:00
1780531200000,64036.1,64320.0,64036.1,64222.7,34.44651559,2026-06-04 00:00:00+00:00
1780532100000,64218.9,64269.0,63301.0,63303.0,141.91449608,2026-06-04 00:15:00+00:00
1780533000000,63301.0,63726.8,63003.6,63504.5,227.62964235,2026-06-04 00:30:00+00:00
1780533900000,63513.7,63513.7,62920.5,63245.0,165.34119888,2026-06-04 00:45:00+00:00
1780534800000,63244.3,63399.3,63013.7,63025.8,71.2451074,2026-06-04 01:00:00+00:00
1780535700000,63025.9,63043.9,62522.2,62629.8,207.44336171,2026-06-04 01:15:00+00:00
1780536600000,62629.8,63091.2,62629.7,62765.8,46.39836818,2026-06-04 01:30:00+00:00
1780537500000,62748.7,62802.7,62038.6,62099.9,224.5822376,2026-06-04 01:45:00+00:00
1780538400000,62100.0,62415.3,61255.9,62336.4,551.86424425,2026-06-04 02:00:00+00:00
1780539300000,62336.3,63021.5,62085.1,62932.5,109.21717158,2026-06-04 02:15:00+00:00
1780540200000,62939.6,63429.8,62840.8,63338.1,126.03004141,2026-06-04 02:30:00+00:00
1780541100000,63338.0,63553.4,63103.5,63153.0,131.01687865,2026-06-04 02:45:00+00:00
1780542000000,63153.0,63954.9,63153.0,63894.9,164.93337239,2026-06-04 03:00:00+00:00
1780542900000,63891.7,64104.9,63825.0,63856.7,98.87276958,2026-06-04 03:15:00+00:00
1780543800000,63852.2,64444.0,63840.1,64317.4,72.41271721,2026-06-04 03:30:00+00:00
1780544700000,64317.3,64378.6,64200.1,64290.0,74.84326493,2026-06-04 03:45:00+00:00
1780545600000,64290.0,64585.5,64271.7,64556.3,77.64950144,2026-06-04 04:00:00+00:00
1780546500000,64552.1,64686.1,64440.1,64535.7,39.8948895,2026-06-04 04:15:00+00:00
1780547400000,64529.2,64555.7,64214.7,64355.1,23.39712231,2026-06-04 04:30:00+00:00
1780548300000,64355.0,64385.0,64260.0,64327.7,21.84080573,2026-06-04 04:45:00+00:00
1780549200000,64327.7,64327.7,63662.3,63885.0,167.08680864,2026-06-04 05:00:00+00:00
1780550100000,63884.9,63960.0,63605.2,63791.3,39.09599059,2026-06-04 05:15:00+00:00
1780551000000,63790.2,64274.5,63720.8,64231.0,122.74265639,2026-06-04 05:30:00+00:00
1780551900000,64227.8,64227.8,63857.3,63898.8,106.4644407,2026-06-04 05:45:00+00:00
1780552800000,63898.3,64199.8,63825.0,64195.0,96.30455027,2026-06-04 06:00:00+00:00
1780553700000,64194.9,64403.8,64140.0,64200.0,21.45637053,2026-06-04 06:15:00+00:00
1780554600000,64204.4,64370.9,64035.0,64274.9,22.2688282,2026-06-04 06:30:00+00:00
1780555500000,64274.9,64274.9,63934.1,63979.6,14.07533175,2026-06-04 06:45:00+00:00
1780556400000,63979.6,63996.0,63351.3,63741.1,149.38679436,2026-06-04 07:00:00+00:00
1780557300000,63738.0,63750.0,63429.8,63628.9,28.71697251,2026-06-04 07:15:00+00:00
1780558200000,63634.0,63972.5,63629.0,63872.2,37.99626778,2026-06-04 07:30:00+00:00
1780559100000,63872.2,63884.9,63525.1,63525.1,6.57699615,2026-06-04 07:45:00+00:00
1780560000000,63543.0,63826.8,63280.7,63317.5,60.64032871,2026-06-04 08:00:00+00:00
1780560900000,63306.4,63525.0,63197.0,63424.7,95.29393076,2026-06-04 08:15:00+00:00
1780561800000,63424.8,63635.1,63328.6,63345.8,10.6264779,2026-06-04 08:30:00+00:00
1780562700000,63345.8,63665.7,63302.2,63546.1,59.81838157,2026-06-04 08:45:00+00:00
1780563600000,63546.1,63569.9,63133.7,63270.3,25.95536805,2026-06-04 09:00:00+00:00
1780564500000,63264.0,63264.0,62733.5,62808.6,33.62641101,2026-06-04 09:15:00+00:00
1780565400000,62808.5,62926.7,62650.0,62824.8,40.7164268,2026-06-04 09:30:00+00:00
1780566300000,62823.8,63179.1,62823.8,63179.1,28.78013424,2026-06-04 09:45:00+00:00
1780567200000,63179.1,63179.4,62741.0,62801.7,35.46824668,2026-06-04 10:00:00+00:00
1780568100000,62795.1,62936.8,62433.1,62433.1,29.18282403,2026-06-04 10:15:00+00:00
1780569000000,62433.1,62710.5,62361.4,62635.9,25.08253605,2026-06-04 10:30:00+00:00
1780569900000,62644.5,62690.6,62238.6,62353.0,141.940468,2026-06-04 10:45:00+00:00
1780570800000,62352.9,62594.5,62038.8,62201.2,134.31811167,2026-06-04 11:00:00+00:00
1780571700000,62200.8,62567.4,62154.9,62541.8,21.135771,2026-06-04 11:15:00+00:00
1780572600000,62545.1,62755.0,62104.4,62190.5,299.96983549,2026-06-04 11:30:00+00:00
1780573500000,62190.7,62488.3,62190.4,62476.1,30.32281011,2026-06-04 11:45:00+00:00
1780574400000,62479.2,62634.3,62312.4,62468.6,27.72011466,2026-06-04 12:00:00+00:00
1780575300000,62468.9,63330.4,62468.9,63231.9,49.26546317,2026-06-04 12:15:00+00:00
1780576200000,63219.7,63650.9,63103.5,63510.1,87.6295754,2026-06-04 12:30:00+00:00
1780577100000,63503.4,63915.9,63446.2,63706.9,24.21391131,2026-06-04 12:45:00+00:00
1780578000000,63707.0,63788.3,63510.0,63533.8,36.93502407,2026-06-04 13:00:00+00:00
1780578900000,63533.8,63560.1,63016.3,63182.2,232.74643578,2026-06-04 13:15:00+00:00
1780579800000,63167.7,64203.3,63133.0,63720.2,223.61230046,2026-06-04 13:30:00+00:00
1780580700000,63734.2,64150.0,63615.3,64150.0,25.76195048,2026-06-04 13:45:00+00:00
1780581600000,64157.0,64434.8,63947.1,64323.1,65.74844745,2026-06-04 14:00:00+00:00
1780582500000,64317.7,64364.1,64003.2,64091.3,111.74896422,2026-06-04 14:15:00+00:00
1780583400000,64090.3,64090.4,63804.2,63929.6,89.95188797,2026-06-04 14:30:00+00:00
1780584300000,63944.5,64015.5,63750.0,63897.1,15.78984818,2026-06-04 14:45:00+00:00
1780585200000,63897.2,64321.2,63783.8,64300.0,78.26765157,2026-06-04 15:00:00+00:00
1780586100000,64297.6,64326.6,63750.0,63917.8,30.99357593,2026-06-04 15:15:00+00:00
1780587000000,63917.6,63999.9,63742.6,63767.1,32.18509801,2026-06-04 15:30:00+00:00
1780587900000,63772.0,63922.6,63628.1,63826.7,50.8331557,2026-06-04 15:45:00+00:00
1780588800000,63826.8,63858.0,63582.3,63599.4,6.0696571,2026-06-04 16:00:00+00:00
1780589700000,63599.3,63798.9,63572.4,63572.5,14.08422617,2026-06-04 16:15:00+00:00
1780590600000,63572.7,63772.7,63384.2,63698.6,40.74563951,2026-06-04 16:30:00+00:00
1780591500000,63704.5,63842.2,63437.4,63485.7,37.78422182,2026-06-04 16:45:00+00:00
1780592400000,63485.8,63645.8,63369.0,63515.6,16.29574484,2026-06-04 17:00:00+00:00
1780593300000,63515.6,63515.6,63050.4,63141.3,41.31254574,2026-06-04 17:15:00+00:00
1780594200000,63145.8,63223.4,62897.0,62963.3,88.7624647,2026-06-04 17:30:00+00:00
1780595100000,62968.5,63551.7,62897.0,63460.1,28.2082968,2026-06-04 17:45:00+00:00
1780596000000,63460.0,63499.4,63052.0,63078.5,32.47651454,2026-06-04 18:00:00+00:00
1780596900000,63078.6,63803.9,63058.2,63803.9,27.25680029,2026-06-04 18:15:00+00:00
1780597800000,63803.8,64032.4,63657.6,63852.1,58.28806256,2026-06-04 18:30:00+00:00
1780598700000,63852.0,64005.9,63744.7,63746.1,37.64506503,2026-06-04 18:45:00+00:00
1780599600000,63742.4,63803.1,63533.9,63802.6,65.5897115,2026-06-04 19:00:00+00:00
1780600500000,63796.1,64072.0,63792.1,64038.7,46.42010101,2026-06-04 19:15:00+00:00
1780601400000,64035.7,64036.4,63681.5,63695.6,77.60235238,2026-06-04 19:30:00+00:00
1780602300000,63697.1,63697.1,63455.1,63547.7,31.4287462,2026-06-04 19:45:00+00:00
1780603200000,63538.5,63555.2,63180.3,63432.2,22.28872706,2026-06-04 20:00:00+00:00
1780604100000,63434.4,63469.1,63118.5,63249.6,35.53517292,2026-06-04 20:15:00+00:00
1780605000000,63268.8,63596.9,63268.8,63506.3,8.79731439,2026-06-04 20:30:00+00:00
1780605900000,63502.1,63583.1,63359.7,63575.7,11.2236097,2026-06-04 20:45:00+00:00
1780606800000,63570.3,63797.5,63539.3,63736.3,25.82558772,2026-06-04 21:00:00+00:00
1780607700000,63747.6,63757.0,63391.3,63438.3,99.49528107,2026-06-04 21:15:00+00:00
1780608600000,63438.3,63464.9,63057.2,63435.9,49.20456772,2026-06-04 21:30:00+00:00
1780609500000,63437.3,63475.4,63198.7,63233.0,27.49237409,2026-06-04 21:45:00+00:00
1780610400000,63233.0,63439.2,63150.3,63229.1,21.32155187,2026-06-04 22:00:00+00:00
1780611300000,63229.8,63379.7,63229.8,63289.5,5.56840687,2026-06-04 22:15:00+00:00
1780612200000,63292.0,63531.5,63175.2,63441.7,33.99019353,2026-06-04 22:30:00+00:00
1780613100000,63441.8,63695.5,63392.9,63677.4,14.37998144,2026-06-04 22:45:00+00:00
1780614000000,63674.1,63773.2,63538.9,63548.1,13.30161031,2026-06-04 23:00:00+00:00
1780614900000,63548.0,63552.1,63317.7,63393.5,14.9325673,2026-06-04 23:15:00+00:00
1780615800000,63399.0,63704.4,63394.9,63689.4,10.84545652,2026-06-04 23:30:00+00:00
1780616700000,63689.4,63850.0,63624.3,63814.0,21.89618555,2026-06-04 23:45:00+00:00
1780617600000,63811.1,63811.1,63570.4,63587.7,66.58226549,2026-06-05 00:00:00+00:00
1780618500000,63587.7,63829.2,63530.0,63829.2,7.28770766,2026-06-05 00:15:00+00:00
1780619400000,63831.6,63905.3,63610.7,63635.3,24.13047,2026-06-05 00:30:00+00:00
1780620300000,63635.3,63733.2,63339.4,63366.7,10.73683948,2026-06-05 00:45:00+00:00
1780621200000,63366.7,63366.7,62962.6,63288.5,47.72203167,2026-06-05 01:00:00+00:00
1780622100000,63288.6,63346.1,63082.0,63262.9,44.76445806,2026-06-05 01:15:00+00:00
1780623000000,63267.4,63475.4,63205.3,63368.9,14.18679382,2026-06-05 01:30:00+00:00
1780623900000,63364.7,63370.1,63173.3,63305.4,10.62048083,2026-06-05 01:45:00+00:00
1780624800000,63296.2,63374.5,63107.8,63107.8,9.89981804,2026-06-05 02:00:00+00:00
1780625700000,63105.4,63201.3,62644.1,62644.1,170.05333242,2026-06-05 02:15:00+00:00
1780626600000,62644.0,62874.0,62538.0,62679.8,42.18350003,2026-06-05 02:30:00+00:00
1780627500000,62679.7,62794.8,62530.0,62544.2,17.28664603,2026-06-05 02:45:00+00:00
1780628400000,62549.7,62578.7,62283.4,62318.9,56.35915251,2026-06-05 03:00:00+00:00
1780629300000,62318.9,62741.0,62317.4,62514.5,168.73569912,2026-06-05 03:15:00+00:00
1780630200000,62524.6,62814.0,62524.6,62612.5,12.85676421,2026-06-05 03:30:00+00:00
1780631100000,62612.4,62793.7,62605.4,62648.3,7.08052855,2026-06-05 03:45:00+00:00
1780632000000,62665.3,62912.9,62443.6,62799.6,37.95625618,2026-06-05 04:00:00+00:00
1780632900000,62800.1,63155.3,62592.9,63155.3,31.80910611,2026-06-05 04:15:00+00:00
1780633800000,63156.4,63156.4,62927.1,62959.5,5.31544884,2026-06-05 04:30:00+00:00
1780634700000,62962.0,63568.7,62800.1,63521.2,48.86244969,2026-06-05 04:45:00+00:00
1780635600000,63529.6,63614.6,63286.6,63311.2,23.11449732,2026-06-05 05:00:00+00:00
1780636500000,63316.4,63489.6,63217.9,63447.4,7.22684631,2026-06-05 05:15:00+00:00
1780637400000,63442.0,63489.4,62825.1,62825.1,36.8057582,2026-06-05 05:30:00+00:00
1780638300000,62826.2,62900.0,62220.0,62272.7,54.95159291,2026-06-05 05:45:00+00:00
1780639200000,62271.1,62560.4,61950.1,62020.8,98.01560697,2026-06-05 06:00:00+00:00
1780640100000,62020.8,62175.6,61100.0,61620.0,294.96619046,2026-06-05 06:15:00+00:00
1780641000000,61620.6,62131.8,61593.4,62084.4,50.56559659,2026-06-05 06:30:00+00:00
1780641900000,62084.4,62142.9,61739.1,61894.4,48.55790911,2026-06-05 06:45:00+00:00
1780642800000,61891.0,61922.2,61319.7,61432.9,23.68266604,2026-06-05 07:00:00+00:00
1780643700000,61455.6,62313.9,61455.6,62200.0,27.85556557,2026-06-05 07:15:00+00:00
1780644600000,62200.0,62831.3,62144.6,62816.9,87.85393261,2026-06-05 07:30:00+00:00
1780645500000,62817.0,63043.1,62712.3,63043.1,44.43446417,2026-06-05 07:45:00+00:00
1780646400000,63049.8,63049.8,62592.9,62755.6,152.12313658,2026-06-05 08:00:00+00:00
1780647300000,62742.8,62811.5,62538.0,62745.2,8.82999144,2026-06-05 08:15:00+00:00
1780648200000,62745.7,62886.4,62466.6,62500.0,15.09632465,2026-06-05 08:30:00+00:00
1780649100000,62490.2,62548.5,62246.1,62397.3,37.51833713,2026-06-05 08:45:00+00:00
1780650000000,62407.5,63020.1,62398.1,63020.1,51.44047517,2026-06-05 09:00:00+00:00
1780650900000,63020.0,63194.8,62866.5,63063.5,31.84066247,2026-06-05 09:15:00+00:00
1780651800000,63063.4,63063.5,62733.5,62774.9,45.16333726,2026-06-05 09:30:00+00:00
1780652700000,62774.3,62930.5,62770.5,62813.4,14.30636559,2026-06-05 09:45:00+00:00
1780653600000,62813.4,62887.9,62613.2,62707.6,9.56738138,2026-06-05 10:00:00+00:00
1780654500000,62706.9,62707.1,62470.5,62550.1,9.93282419,2026-06-05 10:15:00+00:00
1780655400000,62550.1,62676.3,62330.1,62676.3,11.57868405,2026-06-05 10:30:00+00:00
1780656300000,62636.5,62636.5,62413.9,62496.6,58.10627465,2026-06-05 10:45:00+00:00
1780657200000,62496.6,62496.6,62223.7,62271.8,29.73501717,2026-06-05 11:00:00+00:00
1780658100000,62271.7,62577.0,62200.0,62414.2,16.38946214,2026-06-05 11:15:00+00:00
1780659000000,62421.2,62465.5,62074.6,62074.6,17.40037844,2026-06-05 11:30:00+00:00
1780659900000,62074.5,62191.2,61920.0,61920.0,32.45559244,2026-06-05 11:45:00+00:00
1780660800000,61918.4,62255.3,61607.0,62100.9,63.18533895,2026-06-05 12:00:00+00:00
1780661700000,62100.9,62388.1,62100.9,62149.3,10.07108545,2026-06-05 12:15:00+00:00
1780662600000,62165.0,62327.3,61561.8,61921.3,115.33051158,2026-06-05 12:30:00+00:00
1780663500000,61921.4,62024.2,61823.7,61918.3,119.89101296,2026-06-05 12:45:00+00:00
1780664400000,61918.4,62096.9,61885.2,61951.9,70.35062389,2026-06-05 13:00:00+00:00
1780665300000,61951.8,62264.8,61858.7,62081.7,29.68936383,2026-06-05 13:15:00+00:00
1780666200000,62078.9,62268.4,61625.0,61782.1,241.4949689,2026-06-05 13:30:00+00:00
1780667100000,61792.3,61828.9,60700.0,60700.1,404.16707369,2026-06-05 13:45:00+00:00
1780668000000,60700.1,61179.7,60397.0,60812.3,424.49447497,2026-06-05 14:00:00+00:00
1780668900000,60812.3,61009.1,60331.0,60356.8,193.90044225,2026-06-05 14:15:00+00:00
1780669800000,60356.8,61143.1,60331.0,60791.1,306.73230877,2026-06-05 14:30:00+00:00
1780670700000,60807.9,61096.4,60600.0,60838.6,206.62844653,2026-06-05 14:45:00+00:00
1780671600000,60844.8,60974.5,60522.6,60560.3,68.08366353,2026-06-05 15:00:00+00:00
1780672500000,60560.4,61074.1,60491.5,60741.1,44.34869501,2026-06-05 15:15:00+00:00
1780673400000,60745.3,60799.0,60000.0,60331.3,569.22768077,2026-06-05 15:30:00+00:00
1780674300000,60331.5,60596.2,60172.3,60400.1,299.23341144,2026-06-05 15:45:00+00:00
1780675200000,60400.1,61047.0,59764.0,60855.3,359.98256853,2026-06-05 16:00:00+00:00
1780676100000,60860.4,61517.2,60708.9,60880.8,173.55240822,2026-06-05 16:15:00+00:00
1780677000000,60901.0,61048.7,60664.0,60800.0,52.57978308,2026-06-05 16:30:00+00:00
1780677900000,60800.0,61429.6,60771.0,61368.8,79.40378048,2026-06-05 16:45:00+00:00
1780678800000,61368.7,61459.3,60896.5,61003.9,64.53342662,2026-06-05 17:00:00+00:00
1780679700000,61003.7,61034.8,60616.6,60650.1,65.98741656,2026-06-05 17:15:00+00:00
1780680600000,60650.1,61076.2,60650.0,60710.7,27.22821072,2026-06-05 17:30:00+00:00
1780681500000,60700.3,60783.3,60612.4,60746.9,64.58359315,2026-06-05 17:45:00+00:00
1780682400000,60747.0,60910.0,60577.0,60577.2,36.66054073,2026-06-05 18:00:00+00:00
1780683300000,60577.1,60611.4,60074.1,60106.6,71.34650307,2026-06-05 18:15:00+00:00
1780684200000,60122.1,60283.4,59600.0,59896.6,144.48998746,2026-06-05 18:30:00+00:00
1780685100000,59900.0,59911.3,59107.5,59344.3,381.20966478,2026-06-05 18:45:00+00:00
1780686000000,59356.4,59587.1,59130.0,59375.5,183.76914253,2026-06-05 19:00:00+00:00
1780686900000,59350.7,59829.4,59070.6,59802.1,180.95824205,2026-06-05 19:15:00+00:00
1780687800000,59802.0,59850.0,59464.4,59722.7,70.24142879,2026-06-05 19:30:00+00:00
1780688700000,59723.9,60426.0,59718.9,60287.6,119.41935784,2026-06-05 19:45:00+00:00
1780689600000,60260.4,60925.0,59922.8,60807.5,167.41501386,2026-06-05 20:00:00+00:00
1780690500000,60807.5,61033.1,60685.4,60906.6,194.83850148,2026-06-05 20:15:00+00:00
1780691400000,60908.4,61282.6,60874.7,61247.4,58.72458294,2026-06-05 20:30:00+00:00
1780692300000,61247.4,61741.1,61193.8,61608.7,184.90063877,2026-06-05 20:45:00+00:00
1780693200000,61604.4,61957.6,61551.8,61817.5,96.73495439,2026-06-05 21:00:00+00:00
1780694100000,61821.8,61946.3,61550.0,61557.4,118.87890892,2026-06-05 21:15:00+00:00
1780695000000,61554.6,61913.7,61424.6,61850.0,117.20526528,2026-06-05 21:30:00+00:00
1780695900000,61845.6,61882.4,61610.8,61662.2,20.46790012,2026-06-05 21:45:00+00:00
1780696800000,61657.1,61657.1,61117.8,61374.0,41.51125181,2026-06-05 22:00:00+00:00
1780697700000,61345.3,61621.8,61283.3,61464.7,98.58408784,2026-06-05 22:15:00+00:00
1780698600000,61464.7,61850.2,61388.4,61749.5,60.90118683,2026-06-05 22:30:00+00:00
1780699500000,61749.6,61940.6,61539.6,61566.8,21.70225752,2026-06-05 22:45:00+00:00
1780700400000,61573.4,61738.5,61306.1,61306.1,18.55690932,2026-06-05 23:00:00+00:00
1780701300000,61304.8,61304.8,60816.0,60935.7,64.01434812,2026-06-05 23:15:00+00:00
1780702200000,60917.1,60917.1,60508.1,60805.0,54.43995179,2026-06-05 23:30:00+00:00
1780703100000,60799.1,61040.4,60696.2,61037.9,12.85134633,2026-06-05 23:45:00+00:00
1780704000000,61038.3,61441.0,61038.2,61402.4,39.0574898,2026-06-06 00:00:00+00:00
1780704900000,61401.8,61496.2,61130.2,61290.4,32.41066825,2026-06-06 00:15:00+00:00
1780705800000,61290.5,61407.1,61159.5,61187.1,12.4107008,2026-06-06 00:30:00+00:00
1780706700000,61179.3,61363.7,61168.4,61248.4,11.80471777,2026-06-06 00:45:00+00:00
1780707600000,61248.4,61355.0,61100.0,61136.4,85.06370525,2026-06-06 01:00:00+00:00
1780708500000,61129.3,61270.0,60967.3,61270.0,11.87104449,2026-06-06 01:15:00+00:00
1780709400000,61269.9,61272.6,61011.3,61041.3,12.81280888,2026-06-06 01:30:00+00:00
1780710300000,61041.2,61147.7,60929.6,61030.0,14.73668429,2026-06-06 01:45:00+00:00
1780711200000,61031.1,61064.5,60852.3,60863.2,9.67112477,2026-06-06 02:00:00+00:00
1780712100000,60860.9,60956.5,60654.6,60798.3,11.99706712,2026-06-06 02:15:00+00:00
1780713000000,60789.1,61025.8,60774.1,60931.0,10.62271322,2026-06-06 02:30:00+00:00
1780713900000,60917.6,61150.0,60867.3,60942.1,6.08242441,2026-06-06 02:45:00+00:00
1780714800000,60927.1,60927.1,60777.4,60844.1,8.51733082,2026-06-06 03:00:00+00:00
1780715700000,60844.2,60927.4,60704.4,60773.1,37.16464381,2026-06-06 03:15:00+00:00
1780716600000,60773.1,60773.1,60522.7,60680.6,15.79900735,2026-06-06 03:30:00+00:00
1780717500000,60680.6,60791.9,60612.6,60671.7,32.57235832,2026-06-06 03:45:00+00:00
1780718400000,60671.7,60851.0,60113.8,60139.7,110.92599716,2026-06-06 04:00:00+00:00
1780719300000,60130.3,60332.7,59870.0,59962.4,70.05097256,2026-06-06 04:15:00+00:00
1780720200000,59962.4,60030.5,59493.5,59787.3,67.98662468,2026-06-06 04:30:00+00:00
1780721100000,59787.2,60266.1,59693.0,60080.3,30.78867161,2026-06-06 04:45:00+00:00
1780722000000,60080.3,60218.4,59614.4,59876.9,24.16917745,2026-06-06 05:00:00+00:00
1780722900000,59876.8,61010.4,59858.1,60722.4,103.44754122,2026-06-06 05:15:00+00:00
1780723800000,60722.3,60950.0,60580.9,60785.6,18.44982972,2026-06-06 05:30:00+00:00
1780724700000,60785.6,61003.8,60727.1,60911.8,11.93466798,2026-06-06 05:45:00+00:00
1780725600000,60911.8,61226.4,60911.8,61136.9,19.10418103,2026-06-06 06:00:00+00:00
1780726500000,61123.3,61209.1,60977.6,61000.2,10.51470613,2026-06-06 06:15:00+00:00
1780727400000,61000.5,61145.8,60759.4,60788.2,30.18667022,2026-06-06 06:30:00+00:00
1780728300000,60788.1,60933.0,60671.9,60743.1,12.76871171,2026-06-06 06:45:00+00:00
1780729200000,60743.1,61091.7,60709.3,61059.5,55.96369024,2026-06-06 07:00:00+00:00
1780730100000,61061.3,61199.0,60828.4,60860.0,16.87847673,2026-06-06 07:15:00+00:00
1780731000000,60861.0,61055.1,60845.3,61013.5,75.25274017,2026-06-06 07:30:00+00:00
1780731900000,61015.2,61062.4,60933.2,60974.0,7.70863288,2026-06-06 07:45:00+00:00
1780732800000,60974.2,61129.2,60853.3,61109.5,10.84787445,2026-06-06 08:00:00+00:00
1780733700000,61116.8,61408.8,60993.5,61400.3,9.59470263,2026-06-06 08:15:00+00:00
1780734600000,61373.7,61462.5,61268.4,61332.0,5.73574198,2026-06-06 08:30:00+00:00
1780735500000,61331.9,61449.2,61223.5,61223.5,6.54365446,2026-06-06 08:45:00+00:00
1780736400000,61237.2,61278.6,61112.6,61199.7,7.02021435,2026-06-06 09:00:00+00:00
1780737300000,61199.7,61299.0,61077.8,61288.9,22.60003275,2026-06-06 09:15:00+00:00
1780738200000,61286.0,61286.0,61054.8,61077.8,5.60656605,2026-06-06 09:30:00+00:00
1780739100000,61077.8,61077.8,60872.9,60944.8,12.46126441,2026-06-06 09:45:00+00:00
1780740000000,60951.3,60951.3,60565.2,60597.4,47.51550105,2026-06-06 10:00:00+00:00
1780740900000,60597.5,60706.3,60473.5,60510.5,8.98759878,2026-06-06 10:15:00+00:00
1780741800000,60510.4,60510.4,60196.7,60388.7,23.44685585,2026-06-06 10:30:00+00:00
1780742700000,60387.7,60588.9,60328.3,60579.8,21.07390348,2026-06-06 10:45:00+00:00
1780743600000,60579.7,60753.5,60518.0,60604.4,12.45968349,2026-06-06 11:00:00+00:00
1780744500000,60604.3,60830.7,60579.8,60774.8,7.95817322,2026-06-06 11:15:00+00:00
1780745400000,60774.7,60835.7,60705.8,60805.1,8.97561156,2026-06-06 11:30:00+00:00
1780746300000,60800.9,60923.3,60719.5,60761.9,8.15492889,2026-06-06 11:45:00+00:00
1780747200000,60761.9,61062.4,60761.8,61016.0,12.16345406,2026-06-06 12:00:00+00:00
1780748100000,61021.4,61062.4,60700.6,60700.6,6.72137985,2026-06-06 12:15:00+00:00
1780749000000,60700.9,60833.7,60624.4,60791.6,9.91252903,2026-06-06 12:30:00+00:00
1780749900000,60808.6,61154.1,60757.4,60988.9,10.47780282,2026-06-06 12:45:00+00:00
1780750800000,60995.3,61075.2,60932.8,60978.9,7.91018024,2026-06-06 13:00:00+00:00
1780751700000,60973.0,61023.6,60851.7,60852.6,2.71527646,2026-06-06 13:15:00+00:00
1780752600000,60852.5,60861.4,60682.6,60861.4,5.72598996,2026-06-06 13:30:00+00:00
1780753500000,60861.4,60999.6,60745.7,60775.9,8.44011021,2026-06-06 13:45:00+00:00
1780754400000,60784.0,60978.2,60747.8,60882.5,9.08867194,2026-06-06 14:00:00+00:00
1780755300000,60882.6,60985.7,60777.0,60848.8,7.01172956,2026-06-06 14:15:00+00:00
1780756200000,60848.8,60972.5,60804.6,60924.9,14.12200041,2026-06-06 14:30:00+00:00
1780757100000,60924.9,60980.9,60759.5,60769.1,17.17376247,2026-06-06 14:45:00+00:00
1780758000000,60768.3,60839.8,60531.1,60585.7,13.2427137,2026-06-06 15:00:00+00:00
1780758900000,60586.9,60658.7,60384.9,60651.7,20.39582885,2026-06-06 15:15:00+00:00
1780759800000,60643.1,60879.5,60548.3,60829.0,13.16851417,2026-06-06 15:30:00+00:00
1780760700000,60829.2,60879.4,60700.0,60746.3,32.04915175,2026-06-06 15:45:00+00:00
1780761600000,60746.3,60920.6,60681.7,60749.6,5.19694917,2026-06-06 16:00:00+00:00
1780762500000,60751.7,60792.5,60576.4,60599.6,11.43402092,2026-06-06 16:15:00+00:00
1780763400000,60599.7,60733.4,60466.8,60733.3,10.61217526,2026-06-06 16:30:00+00:00
1780764300000,60733.3,60832.4,60673.6,60758.3,5.48322918,2026-06-06 16:45:00+00:00
1780765200000,60759.5,60814.5,60590.9,60700.5,18.31012366,2026-06-06 17:00:00+00:00
1780766100000,60700.4,60733.5,60555.0,60652.1,8.43588775,2026-06-06 17:15:00+00:00
1780767000000,60652.1,60772.2,60575.8,60682.7,7.2625618,2026-06-06 17:30:00+00:00
1780767900000,60682.0,60709.1,60495.0,60558.3,4.74092347,2026-06-06 17:45:00+00:00
1780768800000,60558.3,60593.3,60435.6,60468.4,9.46645014,2026-06-06 18:00:00+00:00
1780769700000,60462.6,60716.8,60377.5,60674.7,5.88299997,2026-06-06 18:15:00+00:00
1780770600000,60669.5,60671.6,60513.1,60583.2,4.52570841,2026-06-06 18:30:00+00:00
1780771500000,60581.8,60653.6,60473.2,60606.1,8.73600112,2026-06-06 18:45:00+00:00
1780772400000,60609.3,60748.1,60536.7,60696.2,5.05383696,2026-06-06 19:00:00+00:00
1780773300000,60696.1,60705.7,60570.6,60587.0,15.12769757,2026-06-06 19:15:00+00:00
1780774200000,60587.0,60618.9,60485.1,60590.1,136.0133733,2026-06-06 19:30:00+00:00
1780775100000,60597.6,60642.0,60570.0,60575.3,11.89603651,2026-06-06 19:45:00+00:00
1780776000000,60574.1,60611.7,60500.0,60551.7,21.57425682,2026-06-06 20:00:00+00:00
1780776900000,60551.7,60616.9,60514.6,60566.3,3.08033614,2026-06-06 20:15:00+00:00
1780777800000,60570.5,60713.7,60556.7,60710.1,14.07241764,2026-06-06 20:30:00+00:00
1780778700000,60704.7,60719.7,60607.4,60682.6,17.83529688,2026-06-06 20:45:00+00:00
1780779600000,60681.1,60857.6,60680.7,60812.9,11.37190096,2026-06-06 21:00:00+00:00
1780780500000,60829.9,60916.0,60802.7,60875.8,5.32979503,2026-06-06 21:15:00+00:00
1780781400000,60869.0,60959.9,60773.3,60799.9,12.01695493,2026-06-06 21:30:00+00:00
1780782300000,60800.0,60844.2,60722.2,60725.2,3.92855413,2026-06-06 21:45:00+00:00
1780783200000,60725.2,60786.6,60573.6,60595.1,6.69843573,2026-06-06 22:00:00+00:00
1780784100000,60595.1,60747.1,60421.1,60438.1,16.73020472,2026-06-06 22:15:00+00:00
1780785000000,60441.3,60579.3,60413.1,60556.1,8.15465876,2026-06-06 22:30:00+00:00
1780785900000,60558.6,60684.5,60529.6,60529.6,4.35180524,2026-06-06 22:45:00+00:00
1780786800000,60525.1,60737.8,60515.4,60686.7,3.2074691,2026-06-06 23:00:00+00:00
1780787700000,60686.6,60709.0,60565.7,60682.8,2.74142156,2026-06-06 23:15:00+00:00
1780788600000,60683.2,60876.9,60657.4,60826.1,9.75551414,2026-06-06 23:30:00+00:00
1780789500000,60830.7,60894.1,60787.1,60855.7,4.81786469,2026-06-06 23:45:00+00:00
1780790400000,60858.0,60894.1,60763.7,60793.5,7.61911172,2026-06-07 00:00:00+00:00
1780791300000,60791.9,60857.2,60743.9,60798.9,3.55011099,2026-06-07 00:15:00+00:00
1780792200000,60798.9,60937.9,60780.0,60780.0,3.52094215,2026-06-07 00:30:00+00:00
1780793100000,60780.0,60786.0,60714.4,60757.4,2.99990765,2026-06-07 00:45:00+00:00
1780794000000,60757.4,61368.2,60734.9,61300.0,48.94845212,2026-06-07 01:00:00+00:00
1780794900000,61298.2,61603.5,61234.9,61603.5,38.37338869,2026-06-07 01:15:00+00:00
1780795800000,61603.5,61603.5,61368.4,61408.5,38.36015323,2026-06-07 01:30:00+00:00
1780796700000,61408.5,61548.4,61335.4,61455.8,48.43110904,2026-06-07 01:45:00+00:00
1780797600000,61455.8,61511.4,61385.8,61385.8,8.00178538,2026-06-07 02:00:00+00:00
1780798500000,61385.9,61385.9,61172.4,61228.0,20.6476456,2026-06-07 02:15:00+00:00
1780799400000,61228.0,61293.6,61176.3,61293.6,7.72555355,2026-06-07 02:30:00+00:00
1780800300000,61288.8,61538.7,61288.8,61488.3,6.96226811,2026-06-07 02:45:00+00:00
1780801200000,61488.3,61499.9,61396.5,61499.9,15.34954793,2026-06-07 03:00:00+00:00
1780802100000,61499.8,61725.4,61475.5,61631.5,36.19335006,2026-06-07 03:15:00+00:00
1780803000000,61633.1,61655.7,61534.0,61643.3,3.28451655,2026-06-07 03:30:00+00:00
1780803900000,61637.7,61714.3,61553.8,61678.4,24.24286381,2026-06-07 03:45:00+00:00
1780804800000,61678.4,61678.5,61500.1,61517.2,5.6476109,2026-06-07 04:00:00+00:00
1780805700000,61517.1,61610.9,61469.1,61540.6,12.55162391,2026-06-07 04:15:00+00:00
1780806600000,61540.5,61800.0,61529.0,61697.9,11.32266801,2026-06-07 04:30:00+00:00
1780807500000,61697.9,61868.3,61673.6,61863.1,9.52009794,2026-06-07 04:45:00+00:00
1780808400000,61863.1,61967.4,61764.8,61868.6,34.83954118,2026-06-07 05:00:00+00:00
1780809300000,61868.6,62301.1,61715.6,61724.1,60.15683594,2026-06-07 05:15:00+00:00
1780810200000,61724.1,61835.8,61629.7,61835.8,43.13798254,2026-06-07 05:30:00+00:00
1780811100000,61835.7,61835.7,61681.8,61734.8,8.86565937,2026-06-07 05:45:00+00:00
1780812000000,61731.5,61733.3,61607.0,61660.1,3.65633916,2026-06-07 06:00:00+00:00
1780812900000,61660.1,61974.4,61630.5,61950.6,6.92175188,2026-06-07 06:15:00+00:00
1780813800000,61947.9,62248.7,61943.3,62167.9,70.35765364,2026-06-07 06:30:00+00:00
1780814700000,62168.0,62209.3,62007.3,62082.8,8.32172071,2026-06-07 06:45:00+00:00
1780815600000,62079.6,62214.9,61991.4,62107.4,55.94689886,2026-06-07 07:00:00+00:00
1780816500000,62107.4,62228.2,62052.9,62206.3,8.33895578,2026-06-07 07:15:00+00:00
1780817400000,62208.5,62243.8,62179.2,62204.2,12.58612621,2026-06-07 07:30:00+00:00
1780818300000,62204.7,62395.6,62177.6,62381.1,13.95751072,2026-06-07 07:45:00+00:00
1780819200000,62384.0,62436.4,62246.4,62362.3,52.91543326,2026-06-07 08:00:00+00:00
1780820100000,62358.5,62551.5,62282.1,62514.6,17.33883787,2026-06-07 08:15:00+00:00
1780821000000,62514.6,62640.8,62387.7,62534.4,17.20351366,2026-06-07 08:30:00+00:00
1780821900000,62534.4,62914.4,62534.4,62829.5,57.05909522,2026-06-07 08:45:00+00:00
1780822800000,62829.5,62875.3,62704.1,62800.7,13.1347008,2026-06-07 09:00:00+00:00
1780823700000,62803.0,62856.9,62589.9,62649.9,20.54157693,2026-06-07 09:15:00+00:00
1780824600000,62650.0,62650.0,62489.9,62500.1,20.46195084,2026-06-07 09:30:00+00:00
1780825500000,62520.1,62599.0,62388.1,62510.3,6.65554539,2026-06-07 09:45:00+00:00
1780826400000,62514.9,62545.0,62364.6,62366.0,38.57972476,2026-06-07 10:00:00+00:00
1780827300000,62372.2,62529.0,62372.2,62480.2,1.85699738,2026-06-07 10:15:00+00:00
1780828200000,62485.3,62519.4,62300.0,62341.1,13.5221897,2026-06-07 10:30:00+00:00
1780829100000,62341.0,62437.5,62298.4,62361.8,2.1632329,2026-06-07 10:45:00+00:00
1780830000000,62359.0,62508.6,62345.3,62443.4,3.61272049,2026-06-07 11:00:00+00:00
1780830900000,62443.4,62536.5,62407.5,62529.9,17.06475947,2026-06-07 11:15:00+00:00
1780831800000,62518.0,62656.5,62443.1,62652.7,7.50075323,2026-06-07 11:30:00+00:00
1780832700000,62653.8,62725.9,62542.2,62615.0,31.62054134,2026-06-07 11:45:00+00:00
1780833600000,62615.1,62621.0,62024.9,62050.5,45.13598434,2026-06-07 12:00:00+00:00
1780834500000,62061.1,62229.2,61902.8,61928.6,47.82371099,2026-06-07 12:15:00+00:00
1780835400000,61928.7,61937.3,61576.0,61627.5,82.77896786,2026-06-07 12:30:00+00:00
1780836300000,61627.5,61962.9,61627.5,61870.6,22.7048612,2026-06-07 12:45:00+00:00
1780837200000,61887.0,61887.0,61634.3,61744.6,9.51881988,2026-06-07 13:00:00+00:00
1780838100000,61751.3,61836.1,61641.6,61836.1,11.9800289,2026-06-07 13:15:00+00:00
1780839000000,61826.1,61876.1,61663.3,61729.1,12.89290678,2026-06-07 13:30:00+00:00
1780839900000,61729.0,61789.0,61681.4,61700.1,2.78017784,2026-06-07 13:45:00+00:00
1780840800000,61700.1,61803.3,61686.2,61764.1,49.98870957,2026-06-07 14:00:00+00:00
1780841700000,61764.1,62126.4,61734.8,62064.5,38.63793704,2026-06-07 14:15:00+00:00
1780842600000,62059.5,62278.5,61925.7,61966.7,14.70491054,2026-06-07 14:30:00+00:00
1780843500000,61973.4,61973.4,61732.8,61891.1,9.91185462,2026-06-07 14:45:00+00:00
1780844400000,61883.6,61883.6,61666.2,61819.4,56.04939986,2026-06-07 15:00:00+00:00
1780845300000,61815.9,61942.0,61705.3,61923.9,22.44575505,2026-06-07 15:15:00+00:00
1780846200000,61939.7,62129.7,61930.8,62087.0,42.98423968,2026-06-07 15:30:00+00:00
1780847100000,62087.0,62178.9,61972.8,62067.1,4.94077363,2026-06-07 15:45:00+00:00
1780848000000,62067.2,62149.8,61926.9,62143.5,20.70317821,2026-06-07 16:00:00+00:00
1780848900000,62135.4,62287.1,62088.4,62157.1,33.34094854,2026-06-07 16:15:00+00:00
1780849800000,62157.0,62266.1,62133.7,62141.7,6.17580486,2026-06-07 16:30:00+00:00
1780850700000,62140.6,62210.0,61966.5,62050.2,10.28558768,2026-06-07 16:45:00+00:00
1780851600000,62060.9,62290.9,62027.1,62264.1,7.79230968,2026-06-07 17:00:00+00:00
1780852500000,62264.1,62292.2,62216.4,62223.3,16.26340717,2026-06-07 17:15:00+00:00
1780853400000,62226.3,62289.0,62213.0,62247.1,6.7021777,2026-06-07 17:30:00+00:00
1780854300000,62247.1,62247.1,62081.0,62134.1,8.36454096,2026-06-07 17:45:00+00:00
1780855200000,62135.9,62274.3,62123.3,62252.7,43.1486317,2026-06-07 18:00:00+00:00
1780856100000,62247.6,62247.6,62128.6,62204.7,10.03879371,2026-06-07 18:15:00+00:00
1780857000000,62204.8,62255.0,62141.1,62181.6,14.05134462,2026-06-07 18:30:00+00:00
1780857900000,62181.6,62210.0,62000.0,62008.1,10.65295765,2026-06-07 18:45:00+00:00
1780858800000,62009.0,62009.0,61576.0,61632.3,74.22056559,2026-06-07 19:00:00+00:00
1780859700000,61632.2,61632.2,61254.5,61468.4,24.58468402,2026-06-07 19:15:00+00:00
1780860600000,61468.5,61469.0,61183.6,61183.6,25.1420209,2026-06-07 19:30:00+00:00
1780861500000,61183.7,61428.4,61135.7,61305.5,91.72694084,2026-06-07 19:45:00+00:00
1780862400000,61305.5,61671.3,61200.2,61561.5,22.13139903,2026-06-07 20:00:00+00:00
1780863300000,61561.5,61843.9,61451.1,61729.7,15.621515,2026-06-07 20:15:00+00:00
1780864200000,61729.7,61805.0,61683.1,61760.7,13.58801124,2026-06-07 20:30:00+00:00
1780865100000,61760.9,61925.7,61739.0,61867.4,11.32507865,2026-06-07 20:45:00+00:00
1780866000000,61845.7,61964.1,61683.0,61935.0,5.03845721,2026-06-07 21:00:00+00:00
1780866900000,61930.0,61966.5,61700.0,61761.8,4.12280728,2026-06-07 21:15:00+00:00
1780867800000,61756.9,61809.8,61664.8,61683.8,19.52605899,2026-06-07 21:30:00+00:00
1780868700000,61686.4,61751.4,61621.4,61746.6,4.88853631,2026-06-07 21:45:00+00:00
1780869600000,61749.5,63759.9,61698.2,63590.1,244.45824322,2026-06-07 22:00:00+00:00
1780870500000,63590.1,64613.0,62869.8,62958.8,350.90507435,2026-06-07 22:15:00+00:00
1780871400000,62958.8,63361.4,62769.5,63136.0,87.95207666,2026-06-07 22:30:00+00:00
1780872300000,63136.1,63282.7,62838.9,62845.3,22.69996803,2026-06-07 22:45:00+00:00
1780873200000,62839.7,63024.9,62793.7,62985.4,15.62421081,2026-06-07 23:00:00+00:00
1780874100000,62981.1,63239.7,62786.3,63229.5,54.33960133,2026-06-07 23:15:00+00:00
1780875000000,63239.7,63300.6,63100.3,63262.8,13.71798836,2026-06-07 23:30:00+00:00
1780875900000,63262.7,63400.0,63085.3,63307.6,15.59041409,2026-06-07 23:45:00+00:00
1780876800000,63305.6,63309.2,63140.3,63195.1,5.11458795,2026-06-08 00:00:00+00:00
1780877700000,63208.0,63486.4,63133.6,63486.4,21.77790776,2026-06-08 00:15:00+00:00
1780878600000,63474.5,63821.5,63377.7,63691.6,70.17684309,2026-06-08 00:30:00+00:00
1780879500000,63691.6,63772.8,63531.5,63615.3,18.08751257,2026-06-08 00:45:00+00:00
1780880400000,63615.3,63615.3,63058.0,63058.0,16.78305252,2026-06-08 01:00:00+00:00
1780881300000,63053.4,63144.5,62748.5,62794.9,30.47886307,2026-06-08 01:15:00+00:00
1780882200000,62807.6,63095.8,62687.0,63074.3,17.98887712,2026-06-08 01:30:00+00:00
1780883100000,63081.8,63228.8,62971.1,63166.3,5.30427138,2026-06-08 01:45:00+00:00
1780884000000,63179.5,63229.6,62986.7,63115.0,3.15634157,2026-06-08 02:00:00+00:00
1780884900000,63114.9,63185.9,62960.2,63091.9,3.01490233,2026-06-08 02:15:00+00:00
1780885800000,63091.9,63165.8,62900.0,63035.7,19.04291273,2026-06-08 02:30:00+00:00
1780886700000,63034.1,63112.0,62927.1,63104.5,2.28354168,2026-06-08 02:45:00+00:00
1780887600000,63104.6,63429.8,62961.0,63247.5,7.64039174,2026-06-08 03:00:00+00:00
1780888500000,63247.6,63318.6,63135.0,63135.0,3.1190855,2026-06-08 03:15:00+00:00
1780889400000,63135.0,63193.8,63046.8,63108.0,1.03808213,2026-06-08 03:30:00+00:00
1780890300000,63108.0,63140.1,63052.5,63078.2,1.46634362,2026-06-08 03:45:00+00:00
1780891200000,63078.2,63144.7,62800.0,62968.3,11.26869316,2026-06-08 04:00:00+00:00
1780892100000,62968.3,63012.7,62819.2,62909.2,3.27595571,2026-06-08 04:15:00+00:00
1780893000000,62909.2,62950.5,62635.7,62670.4,10.62383131,2026-06-08 04:30:00+00:00
1780893900000,62670.5,62861.8,62670.5,62674.9,8.89006165,2026-06-08 04:45:00+00:00
1780894800000,62662.3,62788.0,62510.6,62531.4,7.06816429,2026-06-08 05:00:00+00:00
1780895700000,62547.1,62702.8,62478.0,62673.6,8.79817116,2026-06-08 05:15:00+00:00
1780896600000,62678.2,62702.7,62388.2,62452.4,7.71346948,2026-06-08 05:30:00+00:00
1780897500000,62452.3,62743.6,62424.4,62712.6,4.54563316,2026-06-08 05:45:00+00:00
1780898400000,62715.3,62929.7,62701.4,62916.3,8.22674954,2026-06-08 06:00:00+00:00
1780899300000,62916.4,63100.7,62857.0,63040.8,12.8298641,2026-06-08 06:15:00+00:00
1780900200000,63036.2,63066.5,62878.4,63002.0,3.05541797,2026-06-08 06:30:00+00:00
1780901100000,62984.7,63003.5,62891.6,62961.7,1.65210336,2026-06-08 06:45:00+00:00
1780902000000,62961.7,63156.4,62787.6,63042.4,12.72049801,2026-06-08 07:00:00+00:00
1780902900000,63042.4,63200.0,62948.4,63145.9,5.86462446,2026-06-08 07:15:00+00:00
1780903800000,63146.9,63228.8,63052.4,63065.4,3.60524099,2026-06-08 07:30:00+00:00
1780904700000,63065.6,63304.6,63065.6,63230.4,11.57899527,2026-06-08 07:45:00+00:00
1780905600000,63230.5,63230.5,63030.6,63133.0,28.97435004,2026-06-08 08:00:00+00:00
1780906500000,63137.2,63179.3,62946.6,63050.0,45.23539017,2026-06-08 08:15:00+00:00
1780907400000,63050.0,63152.3,62999.4,63125.2,85.84529603,2026-06-08 08:30:00+00:00
1780908300000,63121.2,63142.8,63000.1,63094.7,8.41069909,2026-06-08 08:45:00+00:00
1780909200000,63095.2,63290.3,63079.9,63286.5,2.78691108,2026-06-08 09:00:00+00:00
1780910100000,63286.6,63546.2,63259.0,63343.0,11.42457817,2026-06-08 09:15:00+00:00
1780911000000,63342.9,63361.8,63127.4,63316.0,12.21618066,2026-06-08 09:30:00+00:00
1780911900000,63316.1,63456.7,63302.8,63451.5,6.73658844,2026-06-08 09:45:00+00:00
1780912800000,63451.6,63483.1,63331.8,63344.8,8.7193476,2026-06-08 10:00:00+00:00
1780913700000,63339.8,63339.8,63073.1,63099.9,18.99982197,2026-06-08 10:15:00+00:00
1780914600000,63099.9,63331.9,63099.9,63174.9,4.46666385,2026-06-08 10:30:00+00:00
1780915500000,63174.9,63174.9,63065.1,63099.9,15.4791855,2026-06-08 10:45:00+00:00
1780916400000,63100.0,63387.2,63020.1,63387.2,19.94308763,2026-06-08 11:00:00+00:00
1780917300000,63387.2,63605.1,63326.8,63567.5,20.37613724,2026-06-08 11:15:00+00:00
1780918200000,63563.9,63811.3,63496.9,63597.2,30.85091737,2026-06-08 11:30:00+00:00
1780919100000,63589.1,63614.1,63377.2,63438.0,11.68076336,2026-06-08 11:45:00+00:00
1780920000000,63444.8,63591.4,62692.6,62696.0,39.33564616,2026-06-08 12:00:00+00:00
1780920900000,62690.7,63058.4,62690.5,63055.8,21.81356696,2026-06-08 12:15:00+00:00
1780921800000,63063.5,63605.0,63063.4,63596.2,24.40674112,2026-06-08 12:30:00+00:00
1780922700000,63596.2,63880.0,63469.4,63788.3,29.50960888,2026-06-08 12:45:00+00:00
1780923600000,63793.7,63899.9,63669.8,63736.9,25.96995751,2026-06-08 13:00:00+00:00
1780924500000,63737.0,63874.2,63534.6,63555.5,25.97752177,2026-06-08 13:15:00+00:00
1780925400000,63554.1,63717.3,63329.4,63429.4,43.45511422,2026-06-08 13:30:00+00:00
1780926300000,63437.6,63811.5,63377.6,63711.8,24.56987671,2026-06-08 13:45:00+00:00
1780927200000,63719.7,63850.0,63545.5,63843.2,11.99815359,2026-06-08 14:00:00+00:00
1780928100000,63836.8,63839.9,63596.1,63758.5,40.30052521,2026-06-08 14:15:00+00:00
1780929000000,63736.6,63889.7,63736.6,63879.8,76.04061377,2026-06-08 14:30:00+00:00
1780929900000,63876.4,64057.0,63812.6,63926.5,25.01897172,2026-06-08 14:45:00+00:00
1780930800000,63947.1,64180.1,63861.8,64169.2,80.13577114,2026-06-08 15:00:00+00:00
1780931700000,64168.4,64189.0,63940.3,63974.9,47.17691201,2026-06-08 15:15:00+00:00
1780932600000,63975.3,63975.4,63744.1,63831.4,77.85827149,2026-06-08 15:30:00+00:00
1780933500000,63836.8,63980.0,63689.1,63745.4,53.50059071,2026-06-08 15:45:00+00:00
1780934400000,63751.7,63897.4,63658.7,63772.8,16.32135802,2026-06-08 16:00:00+00:00
1780935300000,63772.9,64025.3,63772.9,63841.3,10.24229212,2026-06-08 16:15:00+00:00
1780936200000,63845.7,63845.7,63576.7,63646.8,16.0045887,2026-06-08 16:30:00+00:00
1780937100000,63650.0,63659.3,63442.6,63504.1,20.91093075,2026-06-08 16:45:00+00:00
1780938000000,63500.2,63543.5,63290.3,63322.5,22.09703293,2026-06-08 17:00:00+00:00
1780938900000,63322.5,63612.1,63322.5,63604.2,8.9649899,2026-06-08 17:15:00+00:00
1780939800000,63601.3,63604.4,63261.0,63359.4,9.84396445,2026-06-08 17:30:00+00:00
1780940700000,63357.3,63517.6,63357.3,63517.6,8.24381481,2026-06-08 17:45:00+00:00
1780941600000,63517.6,63613.3,63490.5,63569.3,10.73151227,2026-06-08 18:00:00+00:00
1780942500000,63569.3,63631.8,63502.4,63615.3,9.95253469,2026-06-08 18:15:00+00:00
1780943400000,63615.3,63666.1,63422.7,63481.6,67.50321493,2026-06-08 18:30:00+00:00
1780944300000,63481.6,63496.9,63317.4,63445.7,18.00102358,2026-06-08 18:45:00+00:00
1780945200000,63445.9,63536.4,63366.8,63415.6,8.56277295,2026-06-08 19:00:00+00:00
1780946100000,63406.7,63549.4,63350.4,63498.0,7.15147707,2026-06-08 19:15:00+00:00
1780947000000,63498.0,63561.6,63423.7,63472.9,10.34056028,2026-06-08 19:30:00+00:00
1780947900000,63472.9,63519.5,63344.8,63344.8,21.57022793,2026-06-08 19:45:00+00:00
1780948800000,63351.1,63413.8,63190.0,63235.5,25.10865368,2026-06-08 20:00:00+00:00
1780949700000,63235.5,63299.5,63154.6,63155.4,30.91058984,2026-06-08 20:15:00+00:00
1780950600000,63155.5,63396.9,63155.5,63375.1,12.94195537,2026-06-08 20:30:00+00:00
1780951500000,63368.9,63468.1,63353.2,63467.0,5.1551625,2026-06-08 20:45:00+00:00
1780952400000,63469.7,63777.2,63459.5,63713.8,13.45474501,2026-06-08 21:00:00+00:00
1780953300000,63713.8,63756.3,63600.0,63698.3,8.59573256,2026-06-08 21:15:00+00:00
1780954200000,63698.3,63826.8,63616.7,63816.9,10.27645728,2026-06-08 21:30:00+00:00
1780955100000,63816.1,63816.1,63718.8,63718.8,14.71663484,2026-06-08 21:45:00+00:00
1780956000000,63718.9,63718.9,63285.5,63285.5,15.81184579,2026-06-08 22:00:00+00:00
1780956900000,63285.5,63442.6,63201.9,63365.7,5.13045848,2026-06-08 22:15:00+00:00
1780957800000,63365.7,63365.7,63232.6,63276.4,1.62345785,2026-06-08 22:30:00+00:00
1780958700000,63276.3,63439.6,63222.8,63433.7,4.15066327,2026-06-08 22:45:00+00:00
1780959600000,63428.5,63577.8,63390.3,63569.8,6.19707708,2026-06-08 23:00:00+00:00
1780960500000,63572.9,63573.0,63061.0,63148.2,8.28266579,2026-06-08 23:15:00+00:00
1780961400000,63148.1,63161.2,63008.5,63127.4,13.66265071,2026-06-08 23:30:00+00:00
1780962300000,63115.8,63115.8,62974.9,63076.4,67.97716065,2026-06-08 23:45:00+00:00
1780963200000,63068.5,63123.0,62985.0,62985.1,3.88344984,2026-06-09 00:00:00+00:00
1780964100000,62985.0,63148.6,62700.0,62700.0,38.47825809,2026-06-09 00:15:00+00:00
1780965000000,62712.1,62748.8,62546.2,62706.6,39.47697188,2026-06-09 00:30:00+00:00
1780965900000,62687.3,62687.3,62383.9,62546.4,36.0432822,2026-06-09 00:45:00+00:00
1780966800000,62542.8,62681.8,62528.1,62641.6,25.08355545,2026-06-09 01:00:00+00:00
1780967700000,62638.9,62863.8,62603.0,62763.5,108.16772666,2026-06-09 01:15:00+00:00
1780968600000,62761.5,62841.3,62640.1,62688.1,41.70347849,2026-06-09 01:30:00+00:00
1780969500000,62688.0,62825.1,62675.6,62760.2,11.55603997,2026-06-09 01:45:00+00:00
1780970400000,62755.9,62843.7,62726.0,62729.6,2.64330856,2026-06-09 02:00:00+00:00
1780971300000,62729.6,62742.9,62550.0,62742.9,6.17345673,2026-06-09 02:15:00+00:00
1780972200000,62742.9,62799.0,62530.7,62606.6,3.03219768,2026-06-09 02:30:00+00:00
1780973100000,62635.8,62852.3,62632.6,62843.6,17.67111863,2026-06-09 02:45:00+00:00
1780974000000,62843.6,62900.0,62790.4,62890.5,6.36203475,2026-06-09 03:00:00+00:00
1780974900000,62891.5,62944.6,62751.2,62787.8,2.88016094,2026-06-09 03:15:00+00:00
1780975800000,62787.8,62813.4,62684.9,62795.1,3.53895799,2026-06-09 03:30:00+00:00
1780976700000,62795.0,62858.6,62720.3,62851.4,6.60421491,2026-06-09 03:45:00+00:00
1780977600000,62851.4,62944.5,62717.5,62892.8,5.26697464,2026-06-09 04:00:00+00:00
1780978500000,62887.4,62887.4,62779.7,62779.8,7.07915808,2026-06-09 04:15:00+00:00
1780979400000,62779.8,63340.2,62743.0,63208.7,29.14544961,2026-06-09 04:30:00+00:00
1780980300000,63208.8,63384.2,63189.5,63203.8,12.95802905,2026-06-09 04:45:00+00:00
1780981200000,63203.6,63269.0,63099.5,63203.8,3.54896626,2026-06-09 05:00:00+00:00
1780982100000,63203.8,63318.7,63203.8,63281.0,2.53431878,2026-06-09 05:15:00+00:00
1780983000000,63278.2,63467.9,63272.3,63331.7,10.7557839,2026-06-09 05:30:00+00:00
1780983900000,63333.8,63407.5,63278.1,63317.5,3.49213008,2026-06-09 05:45:00+00:00
1780984800000,63317.6,63385.8,63252.3,63337.0,4.83688793,2026-06-09 06:00:00+00:00
1780985700000,63334.3,63453.1,63310.1,63388.2,12.21512094,2026-06-09 06:15:00+00:00
1780986600000,63388.2,63427.3,63286.3,63312.6,2.97775542,2026-06-09 06:30:00+00:00
1780987500000,63312.7,63383.3,63190.1,63257.7,3.98057246,2026-06-09 06:45:00+00:00
1780988400000,63257.7,63405.5,63257.7,63260.9,5.41174816,2026-06-09 07:00:00+00:00
1780989300000,63260.9,63334.6,62969.5,62995.4,35.30651176,2026-06-09 07:15:00+00:00
1780990200000,62999.9,63176.6,62999.9,63158.0,4.75877328,2026-06-09 07:30:00+00:00
1780991100000,63158.0,63183.7,63089.9,63158.5,2.43964917,2026-06-09 07:45:00+00:00
1780992000000,63158.5,63167.5,62737.1,62883.6,19.7251363,2026-06-09 08:00:00+00:00
1780992900000,62883.5,62936.4,62854.2,62857.5,4.61523474,2026-06-09 08:15:00+00:00
1780993800000,62857.4,62967.3,62795.9,62957.2,3.29473638,2026-06-09 08:30:00+00:00
1780994700000,62941.3,62976.1,62802.9,62817.5,13.07515174,2026-06-09 08:45:00+00:00
1780995600000,62817.5,62841.5,62681.5,62814.8,3.52945114,2026-06-09 09:00:00+00:00
1780996500000,62814.7,62911.0,62786.2,62786.2,5.21046517,2026-06-09 09:15:00+00:00
1780997400000,62788.5,62788.5,62575.6,62632.4,10.56010807,2026-06-09 09:30:00+00:00
1780998300000,62640.3,62694.0,62619.9,62677.5,5.33699446,2026-06-09 09:45:00+00:00
1780999200000,62681.2,62753.3,62581.2,62742.5,19.18437259,2026-06-09 10:00:00+00:00
1781000100000,62742.2,62742.2,62680.4,62708.3,2.15050144,2026-06-09 10:15:00+00:00
1781001000000,62708.2,62717.1,62605.0,62677.3,1.80483346,2026-06-09 10:30:00+00:00
1781001900000,62677.8,62784.7,62628.7,62762.2,12.56517171,2026-06-09 10:45:00+00:00
1781002800000,62762.2,62775.6,62475.7,62484.5,16.84948468,2026-06-09 11:00:00+00:00
1781003700000,62492.8,62628.8,62464.8,62562.2,44.93783806,2026-06-09 11:15:00+00:00
1781004600000,62562.2,62624.6,62493.9,62601.1,4.55625339,2026-06-09 11:30:00+00:00
1781005500000,62601.0,62689.7,62550.0,62680.2,9.1691009,2026-06-09 11:45:00+00:00
1781006400000,62674.9,62870.4,62667.8,62787.2,28.7930406,2026-06-09 12:00:00+00:00
1781007300000,62787.2,62799.3,62629.5,62632.1,7.00934404,2026-06-09 12:15:00+00:00
1781008200000,62632.0,62632.0,62500.0,62500.0,5.67433622,2026-06-09 12:30:00+00:00
1781009100000,62500.0,62619.4,62410.6,62619.4,15.52841795,2026-06-09 12:45:00+00:00
1781010000000,62608.9,62692.6,62504.2,62521.5,12.31868421,2026-06-09 13:00:00+00:00
1781010900000,62521.5,62538.8,62200.8,62310.2,149.48417646,2026-06-09 13:15:00+00:00
1781011800000,62311.1,62450.7,62132.1,62385.3,65.91659201,2026-06-09 13:30:00+00:00
1781012700000,62385.0,62496.0,62240.0,62240.1,17.82126315,2026-06-09 13:45:00+00:00
1781013600000,62239.7,62361.9,61943.0,61967.7,58.47316481,2026-06-09 14:00:00+00:00
1781014500000,61968.5,62023.8,61520.0,61568.6,155.58395292,2026-06-09 14:15:00+00:00
1781015400000,61559.8,61643.3,61280.0,61322.0,239.23222849,2026-06-09 14:30:00+00:00
1781016300000,61320.8,61494.4,61120.0,61493.8,197.28727802,2026-06-09 14:45:00+00:00
1781017200000,61494.5,61655.2,61300.1,61606.4,62.83664109,2026-06-09 15:00:00+00:00
1781018100000,61606.5,61655.2,61260.8,61280.2,28.08271092,2026-06-09 15:15:00+00:00
1781019000000,61280.1,61381.5,61187.1,61284.7,95.09320308,2026-06-09 15:30:00+00:00
1781019900000,61285.6,61350.5,61000.0,61087.9,195.46817982,2026-06-09 15:45:00+00:00
1781020800000,61087.9,61163.9,60866.6,60955.1,191.67589008,2026-06-09 16:00:00+00:00
1781021700000,60958.5,61049.9,60811.0,60984.6,95.10457287,2026-06-09 16:15:00+00:00
1781022600000,60984.6,61260.6,60740.9,61185.9,175.6253886,2026-06-09 16:30:00+00:00
1781023500000,61187.1,61421.9,61114.4,61346.5,47.34321667,2026-06-09 16:45:00+00:00
1781024400000,61355.5,61629.1,61344.7,61552.8,41.99121484,2026-06-09 17:00:00+00:00
1781025300000,61550.9,61830.7,61535.6,61698.7,91.31122714,2026-06-09 17:15:00+00:00
1781026200000,61707.8,61793.2,61632.1,61641.5,27.08538144,2026-06-09 17:30:00+00:00
1781027100000,61644.5,61784.7,61550.8,61643.5,8.81265599,2026-06-09 17:45:00+00:00
1781028000000,61651.2,61772.3,61576.7,61701.7,9.91629563,2026-06-09 18:00:00+00:00
1781028900000,61701.6,61916.6,61622.4,61679.7,63.92168729,2026-06-09 18:15:00+00:00
1781029800000,61679.2,61763.1,61554.2,61554.2,7.29221426,2026-06-09 18:30:00+00:00
1781030700000,61568.5,61775.7,61568.3,61742.3,18.14678112,2026-06-09 18:45:00+00:00
1781031600000,61738.3,61861.3,61686.3,61721.6,27.86161471,2026-06-09 19:00:00+00:00
1781032500000,61725.0,61858.5,61674.1,61819.1,6.33317406,2026-06-09 19:15:00+00:00
1781033400000,61819.6,61985.5,61689.7,61839.1,25.0201354,2026-06-09 19:30:00+00:00
1781034300000,61843.2,62050.0,61717.4,62050.0,79.19089108,2026-06-09 19:45:00+00:00
1781035200000,62050.0,62155.9,61912.4,62155.9,43.79975507,2026-06-09 20:00:00+00:00
1781036100000,62156.5,62208.7,61963.9,62055.1,40.38216311,2026-06-09 20:15:00+00:00
1781037000000,62055.0,62142.6,61960.0,62088.3,8.83084914,2026-06-09 20:30:00+00:00
1781037900000,62088.3,62118.5,61993.9,62118.5,23.07836223,2026-06-09 20:45:00+00:00
1781038800000,62118.1,62146.1,62000.1,62089.6,20.04683511,2026-06-09 21:00:00+00:00
1781039700000,62095.0,62099.1,61731.2,61761.9,22.32946944,2026-06-09 21:15:00+00:00
1781040600000,61760.3,61863.2,61741.9,61756.2,22.39818661,2026-06-09 21:30:00+00:00
1781041500000,61756.2,61765.0,61646.5,61718.8,54.19778813,2026-06-09 21:45:00+00:00
1781042400000,61715.2,61794.0,61623.3,61793.9,28.50085813,2026-06-09 22:00:00+00:00
1781043300000,61793.9,61903.1,61740.3,61765.5,33.20791882,2026-06-09 22:15:00+00:00
1781044200000,61772.6,61919.5,61735.0,61823.7,5.30223366,2026-06-09 22:30:00+00:00
1781045100000,61823.7,61838.2,61656.0,61681.6,14.37953971,2026-06-09 22:45:00+00:00
1781046000000,61681.7,61764.7,61632.2,61715.7,11.51010413,2026-06-09 23:00:00+00:00
1781046900000,61715.6,61827.8,61659.2,61659.2,19.40181945,2026-06-09 23:15:00+00:00
1781047800000,61659.2,61696.8,61529.9,61585.4,16.65022799,2026-06-09 23:30:00+00:00
1781048700000,61590.7,61692.4,61553.2,61690.4,2.75159494,2026-06-09 23:45:00+00:00
1781049600000,61688.1,61850.0,61665.4,61780.5,48.73608859,2026-06-10 00:00:00+00:00
1781050500000,61780.5,61831.3,61700.1,61820.1,2.22509126,2026-06-10 00:15:00+00:00
1781051400000,61820.1,61820.1,61420.0,61476.0,17.73912533,2026-06-10 00:30:00+00:00
1781052300000,61476.1,61873.7,61458.2,61873.6,14.90457434,2026-06-10 00:45:00+00:00
1781053200000,61873.7,61918.3,61639.3,61783.3,15.1264249,2026-06-10 01:00:00+00:00
1781054100000,61783.2,61844.3,61712.0,61787.8,2.46321793,2026-06-10 01:15:00+00:00
1781055000000,61787.9,61846.5,61562.7,61601.3,3.74497639,2026-06-10 01:30:00+00:00
1781055900000,61601.4,61811.2,61591.4,61670.6,5.85793079,2026-06-10 01:45:00+00:00
1781056800000,61670.6,61797.2,61518.4,61518.5,10.11250609,2026-06-10 02:00:00+00:00
1781057700000,61518.5,61535.8,61323.6,61456.7,50.53380143,2026-06-10 02:15:00+00:00
1781058600000,61454.0,61501.4,61268.0,61314.2,52.70480921,2026-06-10 02:30:00+00:00
1781059500000,61328.3,61340.4,61204.7,61265.9,42.57557825,2026-06-10 02:45:00+00:00
1781060400000,61266.0,61439.8,61248.3,61399.9,39.97246394,2026-06-10 03:00:00+00:00
1781061300000,61399.9,61541.6,61295.0,61541.5,4.43130103,2026-06-10 03:15:00+00:00
1781062200000,61541.6,61541.6,61401.7,61490.7,7.24483579,2026-06-10 03:30:00+00:00
1781063100000,61490.7,61542.9,61459.2,61500.0,8.47405033,2026-06-10 03:45:00+00:00
1781064000000,61500.0,61500.0,61419.4,61474.8,5.83197121,2026-06-10 04:00:00+00:00
1781064900000,61474.7,61500.0,61429.4,61433.9,6.2611202,2026-06-10 04:15:00+00:00
1781065800000,61433.8,61433.8,61165.1,61191.0,15.97614966,2026-06-10 04:30:00+00:00
1781066700000,61191.1,61317.7,61165.1,61256.5,6.5213911,2026-06-10 04:45:00+00:00
1781067600000,61256.5,61276.4,61087.9,61122.3,8.26266982,2026-06-10 05:00:00+00:00
1781068500000,61125.2,61219.6,61037.7,61217.7,26.93849953,2026-06-10 05:15:00+00:00
1781069400000,61217.7,61275.0,61148.5,61238.6,4.8266254,2026-06-10 05:30:00+00:00
1781070300000,61238.6,61354.2,61187.8,61300.2,4.80894237,2026-06-10 05:45:00+00:00
1781071200000,61312.4,61380.0,61238.7,61351.1,8.96273595,2026-06-10 06:00:00+00:00
1781072100000,61351.0,61441.5,61280.5,61309.0,29.55365715,2026-06-10 06:15:00+00:00
1781073000000,61309.0,61398.3,61113.5,61369.9,11.47009861,2026-06-10 06:30:00+00:00
1781073900000,61369.9,61466.7,61369.9,61426.7,32.94846366,2026-06-10 06:45:00+00:00
1781074800000,61428.9,61548.2,61407.7,61529.0,6.69058816,2026-06-10 07:00:00+00:00
1781075700000,61528.9,61666.2,61516.6,61606.7,31.78629599,2026-06-10 07:15:00+00:00
1781076600000,61606.7,61759.9,61514.6,61708.3,22.18928157,2026-06-10 07:30:00+00:00
1781077500000,61708.2,61728.2,61635.2,61640.0,14.87635538,2026-06-10 07:45:00+00:00
1781078400000,61640.0,61668.9,61512.1,61567.4,22.39198585,2026-06-10 08:00:00+00:00
1781079300000,61567.5,61676.0,61459.6,61462.7,7.88727356,2026-06-10 08:15:00+00:00
1781080200000,61478.7,61562.0,61200.0,61200.1,10.43549948,2026-06-10 08:30:00+00:00
1781081100000,61200.0,61274.6,61128.5,61214.6,8.4432325,2026-06-10 08:45:00+00:00
1781082000000,61204.5,61265.9,61033.2,61033.2,33.86998923,2026-06-10 09:00:00+00:00
1781082900000,61033.1,61179.7,60746.8,61165.7,95.99345681,2026-06-10 09:15:00+00:00
1781083800000,61165.8,61363.6,61144.5,61231.7,5.95820674,2026-06-10 09:30:00+00:00
1781084700000,61231.6,61340.6,61120.8,61280.8,6.54297999,2026-06-10 09:45:00+00:00
1781085600000,61280.7,61280.8,61121.8,61209.4,17.815205,2026-06-10 10:00:00+00:00
1781086500000,61209.3,61280.7,61120.7,61280.7,33.52882642,2026-06-10 10:15:00+00:00
1781087400000,61280.7,61393.0,61222.0,61259.3,7.49519585,2026-06-10 10:30:00+00:00
1781088300000,61267.9,61366.7,61242.4,61344.3,4.48622875,2026-06-10 10:45:00+00:00
1781089200000,61344.3,61401.7,60836.0,61116.6,44.32123396,2026-06-10 11:00:00+00:00
1781090100000,61116.6,61202.2,60859.0,60920.8,6.93447678,2026-06-10 11:15:00+00:00
1781091000000,60916.3,61011.7,60875.6,60968.7,7.83450741,2026-06-10 11:30:00+00:00
1781091900000,60968.5,61058.4,60932.1,60981.8,5.68459556,2026-06-10 11:45:00+00:00
1781092800000,60990.8,61170.9,60909.1,61132.8,23.79860872,2026-06-10 12:00:00+00:00
1781093700000,61132.4,61191.5,60994.5,61126.9,30.09699568,2026-06-10 12:15:00+00:00
1781094600000,61132.4,61871.7,61094.5,61620.0,146.84562446,2026-06-10 12:30:00+00:00
1781095500000,61620.0,61744.9,61540.2,61540.2,18.68019187,2026-06-10 12:45:00+00:00
1781096400000,61526.2,61570.0,61452.9,61492.2,24.21244843,2026-06-10 13:00:00+00:00
1781097300000,61492.1,61535.7,61390.9,61515.9,196.02538036,2026-06-10 13:15:00+00:00
1781098200000,61505.7,62316.0,61471.8,62316.0,136.0530119,2026-06-10 13:30:00+00:00
1781099100000,62317.1,62395.6,62031.0,62077.0,28.38168131,2026-06-10 13:45:00+00:00
1781100000000,62094.0,62197.7,61962.9,61966.7,34.8357612,2026-06-10 14:00:00+00:00
1781100900000,61962.2,62117.2,61821.9,61990.0,14.71639997,2026-06-10 14:15:00+00:00
1781101800000,62008.3,62076.2,61769.0,61917.5,13.54278835,2026-06-10 14:30:00+00:00
1781102700000,61905.8,62131.3,61769.6,62131.3,27.53262066,2026-06-10 14:45:00+00:00
1781103600000,62141.6,62357.0,61829.2,61896.6,26.13404373,2026-06-10 15:00:00+00:00
1781104500000,61887.5,62299.9,61813.0,62215.6,17.80669992,2026-06-10 15:15:00+00:00
1781105400000,62215.5,62364.1,62138.5,62338.3,43.75124685,2026-06-10 15:30:00+00:00
1781106300000,62335.0,62800.0,62100.1,62589.2,165.2541149,2026-06-10 15:45:00+00:00
1781107200000,62589.2,62600.2,62290.9,62291.0,49.86079938,2026-06-10 16:00:00+00:00
1781108100000,62300.0,62388.2,62074.6,62231.7,28.99488772,2026-06-10 16:15:00+00:00
1781109000000,62231.7,62352.4,62116.0,62190.4,15.02798468,2026-06-10 16:30:00+00:00
1781109900000,62185.4,62185.4,61879.1,62162.1,136.02855959,2026-06-10 16:45:00+00:00
1781110800000,62162.2,62305.1,61943.6,62015.0,116.8909502,2026-06-10 17:00:00+00:00
1781111700000,62015.0,62135.3,61844.1,61844.1,59.08811005,2026-06-10 17:15:00+00:00
1781112600000,61844.0,61856.9,61597.9,61686.5,25.52754912,2026-06-10 17:30:00+00:00
1781113500000,61684.3,61970.3,61664.6,61903.5,18.68058124,2026-06-10 17:45:00+00:00
1781114400000,61920.1,62095.1,61871.5,61902.3,5.53716226,2026-06-10 18:00:00+00:00
1781115300000,61901.6,61944.3,61800.0,61942.2,24.38019499,2026-06-10 18:15:00+00:00
1781116200000,61942.3,61942.3,61697.0,61699.8,10.74985641,2026-06-10 18:30:00+00:00
1781117100000,61714.4,61855.4,61555.0,61855.4,111.47079888,2026-06-10 18:45:00+00:00
1781118000000,61809.7,61880.2,61683.0,61685.3,8.19532266,2026-06-10 19:00:00+00:00
1781118900000,61687.1,61754.2,61613.4,61746.9,6.65501467,2026-06-10 19:15:00+00:00
1781119800000,61723.7,62013.4,61723.7,61956.2,15.94584469,2026-06-10 19:30:00+00:00
1781120700000,61954.3,61965.7,61800.0,61894.8,45.47435084,2026-06-10 19:45:00+00:00
1781121600000,61881.0,61883.8,61636.6,61752.7,4.57269047,2026-06-10 20:00:00+00:00
1781122500000,61752.7,61884.9,61691.1,61851.3,12.79390471,2026-06-10 20:15:00+00:00
1781123400000,61851.2,61862.8,61754.9,61754.9,6.4706413,2026-06-10 20:30:00+00:00
1781124300000,61753.3,61773.6,61653.2,61724.9,39.84288451,2026-06-10 20:45:00+00:00
1781125200000,61725.0,61725.0,61452.0,61477.9,98.03478238,2026-06-10 21:00:00+00:00
1781126100000,61478.0,61614.4,61472.1,61517.3,28.68009893,2026-06-10 21:15:00+00:00
1781127000000,61515.5,61660.8,61515.5,61619.5,5.6268178,2026-06-10 21:30:00+00:00
1781127900000,61621.7,61627.2,61131.3,61291.3,51.65280309,2026-06-10 21:45:00+00:00
1781128800000,61291.4,61291.4,61110.0,61190.6,20.40658335,2026-06-10 22:00:00+00:00
1781129700000,61186.1,61277.1,61042.6,61201.6,21.35447001,2026-06-10 22:15:00+00:00
1781130600000,61196.9,61525.3,61196.9,61479.6,20.42840879,2026-06-10 22:30:00+00:00
1781131500000,61493.3,61493.3,61318.1,61328.4,2.82371366,2026-06-10 22:45:00+00:00
1781132400000,61326.7,61326.7,61150.4,61150.4,5.20600988,2026-06-10 23:00:00+00:00
1781133300000,61150.4,61500.0,61121.0,61494.2,10.33015016,2026-06-10 23:15:00+00:00
1781134200000,61494.2,61550.4,61416.9,61487.2,12.13575749,2026-06-10 23:30:00+00:00
1781135100000,61486.7,61512.2,61422.5,61464.4,12.50368099,2026-06-10 23:45:00+00:00
1781136000000,61459.1,61620.7,61459.0,61617.1,4.8755647,2026-06-11 00:00:00+00:00
1781136900000,61617.2,61922.2,61617.2,61821.2,9.50758057,2026-06-11 00:15:00+00:00
1781137800000,61821.3,61822.0,61712.7,61723.2,21.09548577,2026-06-11 00:30:00+00:00
1781138700000,61723.3,61850.1,61723.3,61758.4,4.96861647,2026-06-11 00:45:00+00:00
1781139600000,61758.4,62058.7,61758.3,61990.1,11.00622338,2026-06-11 01:00:00+00:00
1781140500000,61990.0,62156.5,61962.6,62119.1,7.58388844,2026-06-11 01:15:00+00:00
1781141400000,62116.2,62307.6,62051.8,62197.6,25.58407283,2026-06-11 01:30:00+00:00
1781142300000,62197.5,62231.7,62115.1,62153.6,5.19843954,2026-06-11 01:45:00+00:00
1781143200000,62153.6,62222.9,62046.0,62107.5,26.05634038,2026-06-11 02:00:00+00:00
1781144100000,62107.4,62234.8,61990.1,61990.1,11.64983911,2026-06-11 02:15:00+00:00
1781145000000,61990.1,62024.6,61888.0,62001.1,4.39822918,2026-06-11 02:30:00+00:00
1781145900000,61999.0,62143.8,61940.2,62074.3,22.22688589,2026-06-11 02:45:00+00:00
1781146800000,62073.7,62115.3,61955.0,61993.7,9.03230291,2026-06-11 03:00:00+00:00
1781147700000,61996.9,62055.5,61955.0,62034.8,2.3861137,2026-06-11 03:15:00+00:00
1781148600000,62034.9,62463.0,62034.9,62300.1,32.59846464,2026-06-11 03:30:00+00:00
1781149500000,62300.1,62719.2,62300.0,62610.9,57.4703266,2026-06-11 03:45:00+00:00
1781150400000,62601.3,62646.7,62499.0,62605.0,32.14537556,2026-06-11 04:00:00+00:00
1781151300000,62605.0,62635.0,62517.5,62551.5,10.85874426,2026-06-11 04:15:00+00:00
1781152200000,62548.6,62610.7,62471.2,62579.8,9.29712299,2026-06-11 04:30:00+00:00
1781153100000,62599.2,62797.7,62589.6,62643.9,127.86341661,2026-06-11 04:45:00+00:00
1781154000000,62643.9,62643.9,62497.5,62541.5,11.49640067,2026-06-11 05:00:00+00:00
1781154900000,62541.5,62651.2,62512.0,62535.6,6.61208667,2026-06-11 05:15:00+00:00
1781155800000,62539.1,62626.0,62533.7,62604.7,2.78121358,2026-06-11 05:30:00+00:00
1781156700000,62604.8,62633.1,62527.5,62534.0,9.56788405,2026-06-11 05:45:00+00:00
1781157600000,62534.1,62730.0,62473.3,62701.8,4.45509548,2026-06-11 06:00:00+00:00
1781158500000,62701.8,62918.5,62663.3,62799.5,15.08186644,2026-06-11 06:15:00+00:00
1781159400000,62799.5,62917.5,62787.9,62870.0,12.09683015,2026-06-11 06:30:00+00:00
1781160300000,62870.0,62870.0,62689.2,62702.0,7.34582797,2026-06-11 06:45:00+00:00
1781161200000,62702.0,62715.5,62538.6,62576.8,15.24283738,2026-06-11 07:00:00+00:00
1781162100000,62578.3,62723.5,62566.5,62714.3,6.06571377,2026-06-11 07:15:00+00:00
1781163000000,62714.4,62765.3,62551.0,62592.2,4.81198775,2026-06-11 07:30:00+00:00
1781163900000,62592.3,62689.2,62592.2,62646.0,6.22399263,2026-06-11 07:45:00+00:00
1781164800000,62639.6,62792.0,62639.5,62743.3,3.2781315,2026-06-11 08:00:00+00:00
1781165700000,62743.3,62872.5,62729.6,62871.8,14.16887959,2026-06-11 08:15:00+00:00
1781166600000,62871.7,62896.1,62774.6,62774.6,2.8057965,2026-06-11 08:30:00+00:00
1781167500000,62774.7,62958.0,62774.7,62866.1,9.83244557,2026-06-11 08:45:00+00:00
1781168400000,62866.2,62873.4,62742.9,62791.3,9.0953702,2026-06-11 09:00:00+00:00
1781169300000,62791.2,62791.2,62699.3,62742.4,53.78537036,2026-06-11 09:15:00+00:00
1781170200000,62740.1,62877.1,62740.1,62837.9,3.02987091,2026-06-11 09:30:00+00:00
1781171100000,62837.9,62906.9,62834.0,62860.0,3.11248604,2026-06-11 09:45:00+00:00
1781172000000,62842.4,62901.5,62783.1,62840.5,4.52719519,2026-06-11 10:00:00+00:00
1781172900000,62838.0,62870.4,62734.9,62780.9,33.56217498,2026-06-11 10:15:00+00:00
1781173800000,62781.0,62880.7,62775.0,62870.6,7.99836643,2026-06-11 10:30:00+00:00
1781174700000,62857.5,63122.1,62855.4,63088.7,55.17071464,2026-06-11 10:45:00+00:00
1781175600000,63088.7,63128.3,62988.3,63124.9,10.07692346,2026-06-11 11:00:00+00:00
1781176500000,63124.9,63158.0,63041.3,63095.7,6.16641864,2026-06-11 11:15:00+00:00
1781177400000,63095.8,63205.4,63011.3,63060.6,8.56634517,2026-06-11 11:30:00+00:00
1781178300000,63060.6,63167.1,63021.4,63047.7,4.33533695,2026-06-11 11:45:00+00:00
1781179200000,63047.7,63121.8,62940.9,63091.3,9.66798409,2026-06-11 12:00:00+00:00
1781180100000,63090.7,63111.7,62620.6,62626.9,23.6901264,2026-06-11 12:15:00+00:00
1781181000000,62626.9,62861.5,62459.4,62861.2,39.02871696,2026-06-11 12:30:00+00:00
1781181900000,62855.1,62958.3,62785.5,62948.0,12.52964625,2026-06-11 12:45:00+00:00
1781182800000,62948.0,62948.0,62800.0,62848.2,6.42203921,2026-06-11 13:00:00+00:00
1781183700000,62848.2,62958.3,62737.9,62739.9,11.7777236,2026-06-11 13:15:00+00:00
1781184600000,62740.0,62884.0,62619.0,62884.0,21.9019832,2026-06-11 13:30:00+00:00
1781185500000,62888.1,63171.5,62880.3,63006.9,33.66405458,2026-06-11 13:45:00+00:00
1781186400000,63006.9,63017.1,62694.2,62748.4,28.26926433,2026-06-11 14:00:00+00:00
1781187300000,62748.4,62955.0,62675.8,62946.8,7.29234636,2026-06-11 14:15:00+00:00
1781188200000,62949.6,63000.0,62790.5,62799.2,17.91111917,2026-06-11 14:30:00+00:00
1781189100000,62793.3,62948.3,62665.7,62668.9,13.61606476,2026-06-11 14:45:00+00:00
1781190000000,62669.0,62779.5,62453.5,62628.2,32.0454565,2026-06-11 15:00:00+00:00
1781190900000,62622.5,62744.1,62561.2,62666.8,8.57694961,2026-06-11 15:15:00+00:00
1781191800000,62666.9,62802.8,62572.2,62623.3,11.99708828,2026-06-11 15:30:00+00:00
1781192700000,62623.3,62669.6,62515.6,62669.6,12.70410993,2026-06-11 15:45:00+00:00
1781193600000,62670.5,62756.6,62614.3,62739.1,11.06193932,2026-06-11 16:00:00+00:00
1781194500000,62739.1,62758.3,62522.6,62568.2,12.04119898,2026-06-11 16:15:00+00:00
1781195400000,62568.2,62734.7,62495.7,62589.8,10.32286723,2026-06-11 16:30:00+00:00
1781196300000,62589.8,62620.8,62507.7,62515.8,11.63793941,2026-06-11 16:45:00+00:00
1781197200000,62515.9,62528.1,62317.0,62402.4,30.1439507,2026-06-11 17:00:00+00:00
1781198100000,62402.4,62884.7,62268.5,62881.6,51.48775816,2026-06-11 17:15:00+00:00
1781199000000,62881.6,63437.4,62870.7,63260.0,60.14224409,2026-06-11 17:30:00+00:00
1781199900000,63256.9,63557.2,63256.8,63555.1,68.48670818,2026-06-11 17:45:00+00:00
1781200800000,63558.0,63695.0,63262.6,63388.1,47.88690458,2026-06-11 18:00:00+00:00
1781201700000,63399.2,63547.4,63281.2,63318.4,16.52749977,2026-06-11 18:15:00+00:00
1781202600000,63319.9,63479.9,63306.0,63469.9,25.40991458,2026-06-11 18:30:00+00:00
1781203500000,63470.0,63499.9,63384.8,63387.0,56.12758972,2026-06-11 18:45:00+00:00
1781204400000,63389.0,63508.3,63323.5,63461.3,11.04310884,2026-06-11 19:00:00+00:00
1781205300000,63469.4,63629.3,63465.3,63531.2,15.43834056,2026-06-11 19:15:00+00:00
1781206200000,63531.2,63845.9,63531.2,63624.4,92.41560967,2026-06-11 19:30:00+00:00
1781207100000,63624.2,63653.4,63540.0,63557.2,21.93096055,2026-06-11 19:45:00+00:00
1781208000000,63553.9,63580.0,63436.8,63475.4,12.49159321,2026-06-11 20:00:00+00:00
1781208900000,63475.5,63489.7,63244.2,63308.2,12.14817644,2026-06-11 20:15:00+00:00
1781209800000,63308.1,63346.2,63231.6,63235.4,6.64180706,2026-06-11 20:30:00+00:00
1781210700000,63235.4,63342.0,63217.1,63334.3,4.86526887,2026-06-11 20:45:00+00:00
1781211600000,63334.4,63525.2,63334.3,63494.5,7.04198595,2026-06-11 21:00:00+00:00
1781212500000,63494.4,63505.6,63401.0,63403.5,25.65827793,2026-06-11 21:15:00+00:00
1781213400000,63403.5,63480.1,63403.4,63462.5,22.27455665,2026-06-11 21:30:00+00:00
1781214300000,63462.5,63515.8,63400.2,63445.1,4.01421337,2026-06-11 21:45:00+00:00
1781215200000,63445.2,63579.3,63445.2,63559.6,8.89645354,2026-06-11 22:00:00+00:00
1781216100000,63559.6,63600.2,63479.8,63523.7,4.948943,2026-06-11 22:15:00+00:00
1781217000000,63523.7,63566.8,63432.0,63448.2,3.8502097,2026-06-11 22:30:00+00:00
1781217900000,63448.2,63516.9,63407.3,63450.0,8.50388313,2026-06-11 22:45:00+00:00
1781218800000,63443.1,63443.1,63300.2,63331.5,32.93445465,2026-06-11 23:00:00+00:00
1781219700000,63338.9,63368.1,63310.5,63324.9,8.66947905,2026-06-11 23:15:00+00:00
1781220600000,63324.9,63625.2,63324.8,63570.7,34.92475794,2026-06-11 23:30:00+00:00
1781221500000,63568.8,63596.7,63457.9,63552.3,3.81012831,2026-06-11 23:45:00+00:00
1781222400000,63553.7,63712.1,63478.8,63664.3,54.0350115,2026-06-12 00:00:00+00:00
1781223300000,63664.3,63664.3,63468.8,63550.8,3.83498646,2026-06-12 00:15:00+00:00
1781224200000,63550.8,63675.2,63496.5,63587.1,5.18864553,2026-06-12 00:30:00+00:00
1781225100000,63587.1,63650.0,63557.7,63574.1,7.50954933,2026-06-12 00:45:00+00:00
1781226000000,63574.1,63574.1,63400.2,63400.2,22.0058315,2026-06-12 01:00:00+00:00
1781226900000,63400.3,63461.8,63245.2,63289.9,10.63390284,2026-06-12 01:15:00+00:00
1781227800000,63289.6,63342.5,63242.7,63290.5,10.61923417,2026-06-12 01:30:00+00:00
1781228700000,63290.5,63389.0,63290.5,63337.5,4.30681898,2026-06-12 01:45:00+00:00
1781229600000,63337.5,63681.5,63337.5,63587.7,8.48678802,2026-06-12 02:00:00+00:00
1781230500000,63587.7,63608.3,63460.1,63464.7,2.51651348,2026-06-12 02:15:00+00:00
1781231400000,63464.7,63555.6,63425.2,63539.9,6.16222076,2026-06-12 02:30:00+00:00
1781232300000,63540.0,63540.0,63500.3,63540.0,31.48223676,2026-06-12 02:45:00+00:00
1781233200000,63540.0,63568.6,63432.0,63435.6,10.86011801,2026-06-12 03:00:00+00:00
1781234100000,63435.6,63435.7,63285.5,63351.3,7.33337676,2026-06-12 03:15:00+00:00
1781235000000,63351.3,63426.2,63351.3,63384.9,1.55795311,2026-06-12 03:30:00+00:00
1781235900000,63384.9,63438.5,63368.3,63430.6,2.48933377,2026-06-12 03:45:00+00:00
1781236800000,63430.6,63467.7,63354.4,63408.4,1.51131511,2026-06-12 04:00:00+00:00
1781237700000,63412.9,63708.3,63412.9,63705.0,19.08770344,2026-06-12 04:15:00+00:00
1781238600000,63704.9,63775.1,63616.9,63636.9,7.75225768,2026-06-12 04:30:00+00:00
1781239500000,63637.0,63650.0,63615.1,63618.9,1.28206586,2026-06-12 04:45:00+00:00
1781240400000,63619.0,63640.1,63350.2,63355.5,10.47296597,2026-06-12 05:00:00+00:00
1781241300000,63355.5,63441.2,63355.4,63407.0,5.9221694,2026-06-12 05:15:00+00:00
1781242200000,63407.0,63416.4,63270.6,63324.5,3.25621019,2026-06-12 05:30:00+00:00
1781243100000,63324.5,63330.5,63239.8,63266.4,3.82394567,2026-06-12 05:45:00+00:00
1781244000000,63271.0,63329.1,63206.5,63209.6,4.95295494,2026-06-12 06:00:00+00:00
1781244900000,63209.5,63209.6,63023.2,63072.7,12.81062712,2026-06-12 06:15:00+00:00
1781245800000,63072.7,63072.7,62765.3,62848.9,33.36828502,2026-06-12 06:30:00+00:00
1781246700000,62848.9,62926.8,62848.9,62913.2,4.87049327,2026-06-12 06:45:00+00:00
1781247600000,62900.2,63031.8,62900.2,62919.9,3.43097492,2026-06-12 07:00:00+00:00
1781248500000,62917.1,62986.2,62879.7,62939.4,4.75828239,2026-06-12 07:15:00+00:00
1781249400000,62939.4,63008.5,62888.7,62975.4,4.60459359,2026-06-12 07:30:00+00:00
1781250300000,62975.4,63147.2,62925.6,63013.3,12.46720071,2026-06-12 07:45:00+00:00
1781251200000,63013.3,63247.4,63013.2,63227.0,28.05851717,2026-06-12 08:00:00+00:00
1781252100000,63227.0,63527.6,63221.9,63439.9,19.82972612,2026-06-12 08:15:00+00:00
1781253000000,63448.3,63452.6,63308.3,63309.1,1.48092588,2026-06-12 08:30:00+00:00
1781253900000,63309.2,63402.2,63285.4,63400.8,1.80716925,2026-06-12 08:45:00+00:00
1781254800000,63400.8,63490.7,63359.6,63465.3,6.89576113,2026-06-12 09:00:00+00:00
1781255700000,63466.9,63696.1,63466.9,63687.5,7.98660002,2026-06-12 09:15:00+00:00
1781256600000,63687.1,63865.1,63687.1,63810.3,9.81854058,2026-06-12 09:30:00+00:00
1781257500000,63810.3,63851.7,63672.4,63679.0,9.07499813,2026-06-12 09:45:00+00:00
1781258400000,63679.0,63770.7,63622.9,63696.4,3.39444057,2026-06-12 10:00:00+00:00
1781259300000,63696.4,63744.0,63530.0,63551.2,17.58558953,2026-06-12 10:15:00+00:00
1781260200000,63551.2,63685.5,63551.1,63606.6,6.74090455,2026-06-12 10:30:00+00:00
1781261100000,63606.6,63659.0,63601.6,63640.1,9.63147697,2026-06-12 10:45:00+00:00
1781262000000,63640.2,63802.8,63627.2,63757.0,10.32985373,2026-06-12 11:00:00+00:00
1781262900000,63757.1,63799.6,63686.2,63753.4,4.27132125,2026-06-12 11:15:00+00:00
1781263800000,63753.4,63753.5,63624.0,63719.1,7.02043844,2026-06-12 11:30:00+00:00
1781264700000,63719.1,63797.8,63705.0,63705.0,3.50420459,2026-06-12 11:45:00+00:00
1781265600000,63705.0,63705.0,63551.9,63562.6,7.23621605,2026-06-12 12:00:00+00:00
1781266500000,63562.6,63596.0,63414.6,63414.7,15.50919414,2026-06-12 12:15:00+00:00
1781267400000,63414.6,63495.7,63325.6,63347.1,18.45329578,2026-06-12 12:30:00+00:00
1781268300000,63347.1,63460.9,63323.4,63406.6,13.59952513,2026-06-12 12:45:00+00:00
1781269200000,63406.7,63431.5,63309.3,63392.3,5.93462751,2026-06-12 13:00:00+00:00
1781270100000,63394.7,63451.1,63293.0,63324.9,9.37048679,2026-06-12 13:15:00+00:00
1781271000000,63325.0,63367.4,62997.5,63070.8,27.35430147,2026-06-12 13:30:00+00:00
1781271900000,63069.9,63195.9,63016.2,63141.8,20.92285182,2026-06-12 13:45:00+00:00
1781272800000,63141.8,63472.7,63114.6,63371.0,32.7772952,2026-06-12 14:00:00+00:00
1781273700000,63371.0,63590.3,63271.0,63577.3,12.86330955,2026-06-12 14:15:00+00:00
1781274600000,63577.4,63712.1,63433.9,63462.2,15.81326309,2026-06-12 14:30:00+00:00
1781275500000,63462.3,63934.9,63418.6,63934.9,17.3091986,2026-06-12 14:45:00+00:00
1781276400000,63934.9,64333.0,63837.2,64300.0,139.65178817,2026-06-12 15:00:00+00:00
1781277300000,64300.0,64300.0,64102.2,64102.2,85.41873464,2026-06-12 15:15:00+00:00
1781278200000,64102.1,64102.1,63780.9,63865.3,30.93568255,2026-06-12 15:30:00+00:00
1781279100000,63865.2,63892.7,63508.2,63551.7,44.43102967,2026-06-12 15:45:00+00:00
1781280000000,63554.2,63918.6,63493.5,63815.7,83.18812195,2026-06-12 16:00:00+00:00
1781280900000,63817.1,63944.1,63733.9,63862.5,17.81754958,2026-06-12 16:15:00+00:00
1781281800000,63862.5,63951.5,63752.6,63807.6,30.07328259,2026-06-12 16:30:00+00:00
1781282700000,63807.7,63946.1,63805.6,63943.4,13.43050697,2026-06-12 16:45:00+00:00
1781283600000,63941.7,64069.8,63833.9,63870.1,17.07577172,2026-06-12 17:00:00+00:00
1781284500000,63873.0,63886.6,63706.0,63779.9,12.76109065,2026-06-12 17:15:00+00:00
1781285400000,63780.0,63863.9,63728.9,63786.9,12.91440811,2026-06-12 17:30:00+00:00
1781286300000,63786.9,63846.0,63763.6,63816.9,4.50905695,2026-06-12 17:45:00+00:00
1781287200000,63816.9,63890.1,63684.0,63793.6,12.37681686,2026-06-12 18:00:00+00:00
1781288100000,63793.5,63804.8,63641.3,63741.4,17.67450042,2026-06-12 18:15:00+00:00
1781289000000,63741.5,63867.6,63695.2,63835.7,6.15249086,2026-06-12 18:30:00+00:00
1781289900000,63835.7,63855.4,63642.9,63651.4,20.27682061,2026-06-12 18:45:00+00:00
1781290800000,63652.7,63726.7,63643.6,63670.4,3.23421392,2026-06-12 19:00:00+00:00
1781291700000,63670.3,63742.9,63628.1,63680.4,4.4044075,2026-06-12 19:15:00+00:00
1781292600000,63682.2,63783.3,63600.0,63616.7,13.99342508,2026-06-12 19:30:00+00:00
1781293500000,63616.7,63625.0,63567.0,63567.1,10.20494546,2026-06-12 19:45:00+00:00
1781294400000,63567.1,63664.2,63537.9,63583.5,17.40090829,2026-06-12 20:00:00+00:00
1781295300000,63584.6,63601.9,63455.3,63478.1,29.46164126,2026-06-12 20:15:00+00:00
1781296200000,63478.1,63523.0,63468.9,63488.1,20.19688822,2026-06-12 20:30:00+00:00
1781297100000,63488.2,63488.2,63372.2,63423.1,57.51127443,2026-06-12 20:45:00+00:00
1781298000000,63423.0,63575.9,63390.7,63563.8,45.91793586,2026-06-12 21:00:00+00:00
1781298900000,63562.3,63596.1,63461.6,63470.3,60.88437654,2026-06-12 21:15:00+00:00
1781299800000,63470.2,63542.9,63470.2,63500.0,2.01092253,2026-06-12 21:30:00+00:00
1781300700000,63505.1,63505.1,63415.0,63438.5,3.71155648,2026-06-12 21:45:00+00:00
1781301600000,63438.2,63512.5,63436.8,63471.1,4.43878167,2026-06-12 22:00:00+00:00
1781302500000,63483.2,63614.7,63455.2,63569.0,4.4755951,2026-06-12 22:15:00+00:00
1781303400000,63569.0,63587.0,63433.5,63479.6,13.82461552,2026-06-12 22:30:00+00:00
1781304300000,63478.5,63506.2,63451.6,63462.1,26.39353069,2026-06-12 22:45:00+00:00
1781305200000,63462.1,63462.1,63415.0,63420.0,11.83515794,2026-06-12 23:00:00+00:00
1781306100000,63420.0,63480.6,63385.4,63419.2,16.84557158,2026-06-12 23:15:00+00:00
1781307000000,63414.2,63532.6,63406.1,63480.1,6.95318508,2026-06-12 23:30:00+00:00
1781307900000,63480.1,63543.6,63479.3,63543.2,7.03941221,2026-06-12 23:45:00+00:00
1781308800000,63543.3,63575.5,63519.2,63547.4,5.0703982,2026-06-13 00:00:00+00:00
1781309700000,63547.5,63560.4,63500.0,63500.1,0.97163875,2026-06-13 00:15:00+00:00
1781310600000,63500.1,63593.2,63488.0,63564.1,6.48133588,2026-06-13 00:30:00+00:00
1781311500000,63564.0,63597.4,63530.7,63573.8,1.6685249,2026-06-13 00:45:00+00:00
1781312400000,63573.8,63644.8,63573.7,63621.2,2.87657971,2026-06-13 01:00:00+00:00
1781313300000,63621.3,63630.5,63576.0,63621.9,2.8244871,2026-06-13 01:15:00+00:00
1781314200000,63622.7,63793.2,63615.0,63725.5,8.74557411,2026-06-13 01:30:00+00:00
1781315100000,63725.6,63793.2,63725.6,63783.1,2.30575278,2026-06-13 01:45:00+00:00
1781316000000,63783.0,63793.2,63737.4,63749.9,4.9505421,2026-06-13 02:00:00+00:00
1781316900000,63749.9,63766.0,63675.6,63675.7,3.78581906,2026-06-13 02:15:00+00:00
1781317800000,63675.7,63690.7,63597.0,63597.0,2.30906196,2026-06-13 02:30:00+00:00
1781318700000,63597.1,63624.4,63525.7,63624.4,4.55465784,2026-06-13 02:45:00+00:00
1781319600000,63622.0,63672.6,63616.1,63620.1,2.1771449,2026-06-13 03:00:00+00:00
1781320500000,63620.1,63641.0,63418.5,63473.4,6.98017658,2026-06-13 03:15:00+00:00
1781321400000,63473.3,63489.7,63450.1,63468.5,1.58539295,2026-06-13 03:30:00+00:00
1781322300000,63468.5,63522.0,63468.4,63494.3,0.62346119,2026-06-13 03:45:00+00:00
1781323200000,63494.3,63528.2,63450.1,63481.0,2.39999822,2026-06-13 04:00:00+00:00
1781324100000,63480.9,63543.2,63480.9,63517.2,0.76960816,2026-06-13 04:15:00+00:00
1781325000000,63517.2,63586.9,63517.1,63584.4,1.98161151,2026-06-13 04:30:00+00:00
1781325900000,63584.4,63604.5,63487.0,63487.0,4.26380733,2026-06-13 04:45:00+00:00
1781326800000,63487.1,63546.9,63474.8,63529.7,11.94607113,2026-06-13 05:00:00+00:00
1781327700000,63529.7,63551.6,63513.2,63533.1,1.02993777,2026-06-13 05:15:00+00:00
1781328600000,63531.0,63545.2,63487.1,63531.1,1.9759906,2026-06-13 05:30:00+00:00
1781329500000,63541.5,63541.5,63474.3,63527.8,4.34722039,2026-06-13 05:45:00+00:00
1781330400000,63534.7,63562.4,63527.8,63555.2,0.73606289,2026-06-13 06:00:00+00:00
1781331300000,63555.1,63640.1,63532.0,63640.1,3.80081531,2026-06-13 06:15:00+00:00
1781332200000,63640.1,63650.4,63616.7,63640.4,1.21156178,2026-06-13 06:30:00+00:00
1781333100000,63640.4,63687.4,63640.4,63687.4,0.98633956,2026-06-13 06:45:00+00:00
1781334000000,63687.4,63709.1,63642.7,63686.8,2.0722899,2026-06-13 07:00:00+00:00
1781334900000,63686.7,63750.0,63650.1,63738.5,3.45158566,2026-06-13 07:15:00+00:00
1781335800000,63738.5,63794.2,63710.2,63794.2,3.99989986,2026-06-13 07:30:00+00:00
1781336700000,63784.3,63826.8,63762.8,63783.9,6.7052773,2026-06-13 07:45:00+00:00
1781337600000,63795.2,63842.2,63746.2,63758.7,2.90888928,2026-06-13 08:00:00+00:00
