ts,open,high,low,close,volume,datetime
1769317200000,88888.1,88907.4,88693.6,88838.3,81.62968674,2026-01-25 05:00:00+00:00
1769320800000,88838.3,88849.3,88517.2,88718.9,22.41384188,2026-01-25 06:00:00+00:00
1769324400000,88719.0,88719.0,88500.0,88513.0,10.84049281,2026-01-25 07:00:00+00:00
1769328000000,88513.1,88623.4,86362.0,88178.9,665.85087613,2026-01-25 08:00:00+00:00
1769331600000,88178.9,88346.7,88111.1,88250.9,34.22352636,2026-01-25 09:00:00+00:00
1769335200000,88250.9,88513.2,88250.8,88513.2,10.30443511,2026-01-25 10:00:00+00:00
1769338800000,88513.3,88534.7,88410.0,88430.0,23.05394253,2026-01-25 11:00:00+00:00
1769342400000,88430.1,88640.9,88310.8,88640.1,13.10211554,2026-01-25 12:00:00+00:00
1769346000000,88640.2,88822.0,88506.0,88778.6,27.97833891,2026-01-25 13:00:00+00:00
1769349600000,88778.6,88800.6,88457.2,88580.2,26.38952945,2026-01-25 14:00:00+00:00
1769353200000,88580.3,88616.5,88250.0,88316.3,38.02816042,2026-01-25 15:00:00+00:00
1769356800000,88316.3,88316.3,87429.2,87952.8,286.98370532,2026-01-25 16:00:00+00:00
1769360400000,87952.8,87956.5,87627.5,87750.8,93.36331312,2026-01-25 17:00:00+00:00
1769364000000,87750.9,87832.9,86721.3,87295.6,244.03798916,2026-01-25 18:00:00+00:00
1769367600000,87295.6,87359.9,86107.0,86379.6,309.97371328,2026-01-25 19:00:00+00:00
1769371200000,86379.6,86609.1,86129.9,86538.7,170.98538967,2026-01-25 20:00:00+00:00
1769374800000,86538.6,86892.8,86310.9,86484.7,144.31231587,2026-01-25 21:00:00+00:00
1769378400000,86484.7,86587.4,86115.2,86420.6,199.71884319,2026-01-25 22:00:00+00:00
1769382000000,86420.7,86674.1,86007.0,86572.3,100.97202318,2026-01-25 23:00:00+00:00
1769385600000,86572.3,87078.7,86430.5,86754.9,83.59415949,2026-01-26 00:00:00+00:00
1769389200000,86755.0,87716.1,86725.6,87579.6,73.75673882,2026-01-26 01:00:00+00:00
1769392800000,87579.6,87827.4,87341.0,87414.9,74.06897396,2026-01-26 02:00:00+00:00
1769396400000,87440.9,87552.4,86986.7,87146.8,39.96037391,2026-01-26 03:00:00+00:00
1769400000000,87146.8,88171.7,87114.5,87617.3,510.85404496,2026-01-26 04:00:00+00:00
1769403600000,87617.4,87842.5,87555.0,87712.0,31.84800946,2026-01-26 05:00:00+00:00
1769407200000,87712.0,87897.4,87641.3,87822.6,39.47995231,2026-01-26 06:00:00+00:00
1769410800000,87822.7,87960.5,87581.5,87906.1,21.91073437,2026-01-26 07:00:00+00:00
1769414400000,87906.1,88263.3,87749.2,87878.2,36.7608454,2026-01-26 08:00:00+00:00
1769418000000,87874.3,87894.5,87510.1,87563.5,17.3366415,2026-01-26 09:00:00+00:00
1769421600000,87566.3,87846.9,87566.3,87795.6,11.77062765,2026-01-26 10:00:00+00:00
1769425200000,87795.6,87885.1,87686.3,87749.7,17.37832905,2026-01-26 11:00:00+00:00
1769428800000,87749.8,87868.6,87626.9,87695.1,26.50889415,2026-01-26 12:00:00+00:00
1769432400000,87695.1,87945.5,87601.1,87874.0,36.08444475,2026-01-26 13:00:00+00:00
1769436000000,87874.0,88400.0,87375.0,88103.3,134.81394847,2026-01-26 14:00:00+00:00
1769439600000,88103.4,88747.4,87207.0,87545.3,178.41648252,2026-01-26 15:00:00+00:00
1769443200000,87545.3,87846.7,87133.0,87531.7,111.11715517,2026-01-26 16:00:00+00:00
1769446800000,87531.7,87683.5,86950.7,87600.0,153.51665722,2026-01-26 17:00:00+00:00
1769450400000,87600.0,88311.5,87570.0,88311.5,117.08656385,2026-01-26 18:00:00+00:00
1769454000000,88311.8,88459.4,87857.4,87914.8,116.95593328,2026-01-26 19:00:00+00:00
1769457600000,87914.8,88011.3,87452.8,87514.2,65.40014772,2026-01-26 20:00:00+00:00
1769461200000,87514.3,88141.9,87491.9,87961.2,65.65291777,2026-01-26 21:00:00+00:00
1769464800000,87961.2,88174.2,87897.9,88043.1,46.35950945,2026-01-26 22:00:00+00:00
1769468400000,88037.4,88534.9,87944.6,88247.4,66.6738881,2026-01-26 23:00:00+00:00
1769472000000,88247.4,88349.9,88121.4,88256.1,31.06955256,2026-01-27 00:00:00+00:00
1769475600000,88256.1,88577.7,88096.8,88451.4,54.87111898,2026-01-27 01:00:00+00:00
1769479200000,88451.4,88747.0,88451.3,88712.8,21.35725477,2026-01-27 02:00:00+00:00
1769482800000,88712.8,88774.3,88483.5,88654.3,21.06257965,2026-01-27 03:00:00+00:00
1769486400000,88668.2,88903.1,88392.1,88466.9,62.93886024,2026-01-27 04:00:00+00:00
1769490000000,88466.9,88466.9,88291.1,88331.7,12.58209564,2026-01-27 05:00:00+00:00
1769493600000,88331.7,88446.0,88168.3,88214.4,16.87436293,2026-01-27 06:00:00+00:00
1769497200000,88214.4,88451.5,88214.3,88216.1,39.12852428,2026-01-27 07:00:00+00:00
1769500800000,88216.1,88289.6,88000.1,88060.5,21.37630301,2026-01-27 08:00:00+00:00
1769504400000,88060.5,88060.5,87752.0,87759.9,26.12513522,2026-01-27 09:00:00+00:00
1769508000000,87759.9,87930.8,87636.3,87656.1,40.19097289,2026-01-27 10:00:00+00:00
1769511600000,87656.1,87976.4,87636.2,87874.6,15.87908104,2026-01-27 11:00:00+00:00
1769515200000,87874.6,88034.5,87838.7,87847.9,10.30228255,2026-01-27 12:00:00+00:00
1769518800000,87847.9,87942.7,87682.4,87838.3,20.45617127,2026-01-27 13:00:00+00:00
1769522400000,87838.3,88314.1,87531.6,87605.1,97.91153706,2026-01-27 14:00:00+00:00
1769526000000,87602.8,88044.8,87457.7,87912.9,102.99463933,2026-01-27 15:00:00+00:00
1769529600000,87913.0,88705.7,87881.0,88515.2,141.61597845,2026-01-27 16:00:00+00:00
1769533200000,88515.2,88569.3,87206.2,87432.0,110.53720245,2026-01-27 17:00:00+00:00
1769536800000,87432.0,88368.1,87353.5,88157.8,47.21076461,2026-01-27 18:00:00+00:00
1769540400000,88157.8,88400.0,87936.3,88268.5,62.91047445,2026-01-27 19:00:00+00:00
1769544000000,88268.5,89356.4,88268.4,89292.7,325.60754197,2026-01-27 20:00:00+00:00
1769547600000,89292.6,89436.2,88904.4,88940.2,79.91032706,2026-01-27 21:00:00+00:00
1769551200000,88954.8,89300.0,88902.3,89130.9,52.58380142,2026-01-27 22:00:00+00:00
1769554800000,89130.9,89430.0,89026.8,89124.1,58.05844117,2026-01-27 23:00:00+00:00
1769558400000,89124.1,89325.0,89035.0,89325.0,16.6957794,2026-01-28 00:00:00+00:00
1769562000000,89325.0,89370.0,89084.1,89286.0,35.73532568,2026-01-28 01:00:00+00:00
1769565600000,89286.1,89311.8,88972.5,89152.9,14.4664812,2026-01-28 02:00:00+00:00
1769569200000,89153.0,89169.6,88882.8,88990.7,27.62415163,2026-01-28 03:00:00+00:00
1769572800000,88990.8,89029.8,88723.6,88847.7,14.52719054,2026-01-28 04:00:00+00:00
1769576400000,88847.8,88970.7,88735.8,88970.7,63.7957041,2026-01-28 05:00:00+00:00
1769580000000,88970.7,89259.9,88970.7,89205.2,35.34841207,2026-01-28 06:00:00+00:00
1769583600000,89205.2,89205.2,89000.0,89009.8,5.65644062,2026-01-28 07:00:00+00:00
1769587200000,89009.8,89121.7,88775.0,88800.0,14.10314241,2026-01-28 08:00:00+00:00
1769590800000,88800.0,89444.8,88750.0,89444.8,29.68832307,2026-01-28 09:00:00+00:00
1769594400000,89437.4,89566.4,89211.8,89295.3,58.18690735,2026-01-28 10:00:00+00:00
1769598000000,89288.4,90000.0,89152.8,89955.9,108.47887669,2026-01-28 11:00:00+00:00
1769601600000,89956.0,90034.5,89678.0,89860.0,48.21138437,2026-01-28 12:00:00+00:00
1769605200000,89860.0,90349.1,89850.0,90130.8,112.57510225,2026-01-28 13:00:00+00:00
1769608800000,90130.8,90139.2,89337.4,89513.0,124.31509693,2026-01-28 14:00:00+00:00
1769612400000,89490.2,89723.0,88764.0,89359.6,136.24990975,2026-01-28 15:00:00+00:00
1769616000000,89359.7,89702.0,89124.8,89520.6,59.61075167,2026-01-28 16:00:00+00:00
1769619600000,89520.7,90438.3,89179.2,90042.5,140.56715419,2026-01-28 17:00:00+00:00
1769623200000,90042.6,90042.6,89217.2,89395.8,98.48909155,2026-01-28 18:00:00+00:00
1769626800000,89416.0,89591.2,88889.0,89252.1,103.1428429,2026-01-28 19:00:00+00:00
1769630400000,89263.1,89754.6,88875.3,88953.5,136.79642722,2026-01-28 20:00:00+00:00
1769634000000,88971.6,89335.0,88719.2,89281.5,79.13710595,2026-01-28 21:00:00+00:00
1769637600000,89281.5,89340.0,89006.8,89245.4,27.27726974,2026-01-28 22:00:00+00:00
1769641200000,89245.4,89325.7,89081.4,89159.6,39.9167049,2026-01-28 23:00:00+00:00
1769644800000,89159.7,89202.7,88780.1,88991.1,51.45392902,2026-01-29 00:00:00+00:00
1769648400000,88996.8,89030.3,88249.8,88461.4,346.45613797,2026-01-29 01:00:00+00:00
1769652000000,88461.4,88598.9,87581.4,87764.7,194.90030218,2026-01-29 02:00:00+00:00
1769655600000,87764.7,88100.0,87642.2,87922.0,191.64680328,2026-01-29 03:00:00+00:00
1769659200000,87922.0,88225.3,87753.9,88177.8,44.96117347,2026-01-29 04:00:00+00:00
1769662800000,88177.9,88248.3,88006.2,88045.3,12.0185126,2026-01-29 05:00:00+00:00
1769666400000,88045.3,88197.9,88035.1,88178.0,9.35741503,2026-01-29 06:00:00+00:00
1769670000000,88178.0,88280.0,88125.3,88188.5,21.16370331,2026-01-29 07:00:00+00:00
1769673600000,88196.0,88333.0,87750.0,87934.4,45.70703456,2026-01-29 08:00:00+00:00
1769677200000,87934.5,87996.1,87758.5,87760.3,17.09079941,2026-01-29 09:00:00+00:00
1769680800000,87760.4,87852.2,87679.4,87804.0,55.6465243,2026-01-29 10:00:00+00:00
1769684400000,87804.0,87910.0,87611.6,87697.2,86.91680595,2026-01-29 11:00:00+00:00
1769688000000,87697.3,87957.6,87669.0,87957.5,20.56016317,2026-01-29 12:00:00+00:00
1769691600000,87957.6,88000.0,87814.8,87894.0,47.44234442,2026-01-29 13:00:00+00:00
1769695200000,87894.0,87926.7,86868.0,86881.3,182.55782699,2026-01-29 14:00:00+00:00
1769698800000,86881.4,86881.4,84242.0,84797.6,737.96917332,2026-01-29 15:00:00+00:00
1769702400000,84788.8,85240.5,84149.9,85153.6,283.70511717,2026-01-29 16:00:00+00:00
1769706000000,85153.6,85474.7,83902.0,84105.9,222.87252376,2026-01-29 17:00:00+00:00
1769709600000,84114.9,84476.8,83290.0,83337.1,379.65461607,2026-01-29 18:00:00+00:00
1769713200000,83337.1,84163.1,83220.3,83840.9,297.36714566,2026-01-29 19:00:00+00:00
1769716800000,83840.9,84222.0,83661.2,84050.7,131.46883184,2026-01-29 20:00:00+00:00
1769720400000,84050.8,84502.5,84041.1,84380.6,78.64136078,2026-01-29 21:00:00+00:00
1769724000000,84380.7,84472.8,84178.3,84425.2,53.91256153,2026-01-29 22:00:00+00:00
1769727600000,84425.2,84588.4,84301.3,84515.1,46.59545937,2026-01-29 23:00:00+00:00
1769731200000,84515.1,84596.4,84032.1,84069.4,57.72348386,2026-01-30 00:00:00+00:00
1769734800000,84069.4,84069.4,81000.1,82348.7,561.60976399,2026-01-30 01:00:00+00:00
1769738400000,82348.7,82406.5,81041.4,82029.5,221.9452607,2026-01-30 02:00:00+00:00
1769742000000,82029.5,82600.0,81935.5,82562.7,116.02226863,2026-01-30 03:00:00+00:00
1769745600000,82562.7,83204.9,82562.7,82797.4,74.99148248,2026-01-30 04:00:00+00:00
1769749200000,82797.5,83182.6,82771.9,82774.1,49.04098778,2026-01-30 05:00:00+00:00
1769752800000,82774.1,82788.7,81950.8,82485.0,543.74722508,2026-01-30 06:00:00+00:00
1769756400000,82485.0,82961.5,82355.0,82684.5,54.98076153,2026-01-30 07:00:00+00:00
1769760000000,82684.5,82821.2,82305.6,82520.4,54.5518474,2026-01-30 08:00:00+00:00
1769763600000,82520.4,82688.2,82019.6,82214.2,84.07747629,2026-01-30 09:00:00+00:00
1769767200000,82217.0,82726.0,82034.5,82691.4,42.4175854,2026-01-30 10:00:00+00:00
1769770800000,82691.4,83157.8,82558.0,83014.0,34.85042836,2026-01-30 11:00:00+00:00
1769774400000,83014.0,83177.0,82523.2,82649.3,48.318382,2026-01-30 12:00:00+00:00
1769778000000,82649.3,82910.2,82285.8,82623.3,62.20847603,2026-01-30 13:00:00+00:00
1769781600000,82623.4,83675.0,82596.9,82941.7,238.45975879,2026-01-30 14:00:00+00:00
1769785200000,82941.7,83469.2,82249.3,82768.1,141.79302207,2026-01-30 15:00:00+00:00
1769788800000,82768.1,83339.0,82401.2,83021.8,201.47454038,2026-01-30 16:00:00+00:00
1769792400000,83013.6,83335.9,82518.7,82810.0,137.3871942,2026-01-30 17:00:00+00:00
1769796000000,82810.0,84041.2,81764.2,83808.1,341.90678012,2026-01-30 18:00:00+00:00
1769799600000,83804.3,84486.9,83788.6,84096.6,187.83299285,2026-01-30 19:00:00+00:00
1769803200000,84096.6,84132.9,83426.0,83753.8,135.55310805,2026-01-30 20:00:00+00:00
1769806800000,83768.1,84365.9,83648.9,84144.0,79.79868567,2026-01-30 21:00:00+00:00
1769810400000,84129.3,84174.9,83763.0,84067.7,32.67213562,2026-01-30 22:00:00+00:00
1769814000000,84067.7,84151.7,83803.0,84124.7,27.5202283,2026-01-30 23:00:00+00:00
1769817600000,84124.7,84124.7,83892.1,83925.6,54.94470448,2026-01-31 00:00:00+00:00
1769821200000,83925.6,84114.3,83762.1,83850.4,28.65861626,2026-01-31 01:00:00+00:00
1769824800000,83850.4,84036.5,83691.0,83987.7,28.7122194,2026-01-31 02:00:00+00:00
1769828400000,83987.7,84077.1,83900.0,83900.1,19.15062192,2026-01-31 03:00:00+00:00
1769832000000,83900.1,84002.0,83795.0,83847.9,9.13645323,2026-01-31 04:00:00+00:00
1769835600000,83848.0,83952.7,83741.5,83861.1,12.49585975,2026-01-31 05:00:00+00:00
1769839200000,83861.1,83892.2,83509.4,83634.7,9.64218417,2026-01-31 06:00:00+00:00
1769842800000,83634.8,83648.2,83251.7,83399.6,33.98637413,2026-01-31 07:00:00+00:00
1769846400000,83399.6,83458.3,82453.9,82934.0,171.57033459,2026-01-31 08:00:00+00:00
1769850000000,82934.1,83139.2,82755.1,82963.8,21.480683,2026-01-31 09:00:00+00:00
1769853600000,82963.9,83056.3,82781.0,83004.9,49.90774976,2026-01-31 10:00:00+00:00
1769857200000,83005.0,83014.8,82711.3,82856.1,95.91864874,2026-01-31 11:00:00+00:00
1769860800000,82856.2,82996.6,82581.7,82600.0,31.39377617,2026-01-31 12:00:00+00:00
1769864400000,82626.8,82777.0,82360.0,82626.1,42.26117138,2026-01-31 13:00:00+00:00
1769868000000,82627.9,82786.6,80704.9,81365.2,358.79247931,2026-01-31 14:00:00+00:00
1769871600000,81365.2,81641.0,80965.9,81180.2,154.96604112,2026-01-31 15:00:00+00:00
1769875200000,81180.2,82064.1,79938.2,80246.9,1122.97998202,2026-01-31 16:00:00+00:00
1769878800000,80246.9,80415.7,78082.2,78752.0,985.5199741,2026-01-31 17:00:00+00:00
1769882400000,78752.0,78999.9,75600.0,77916.5,742.06688308,2026-01-31 18:00:00+00:00
1769886000000,77916.5,78457.7,77113.8,77648.3,330.63849218,2026-01-31 19:00:00+00:00
1769889600000,77648.3,78000.0,76968.8,77895.9,349.06828388,2026-01-31 20:00:00+00:00
1769893200000,77896.0,78266.4,77300.0,78187.3,245.13042327,2026-01-31 21:00:00+00:00
1769896800000,78187.3,78382.6,77904.3,78085.4,193.6981316,2026-01-31 22:00:00+00:00
1769900400000,78085.4,79118.6,77992.0,78648.4,292.71054979,2026-01-31 23:00:00+00:00
1769904000000,78648.4,79315.2,78552.7,78822.8,97.43080613,2026-02-01 00:00:00+00:00
1769907600000,78822.8,78859.6,78222.8,78450.7,108.2007595,2026-02-01 01:00:00+00:00
1769911200000,78450.7,78967.9,78307.9,78814.9,56.58402639,2026-02-01 02:00:00+00:00
1769914800000,78814.9,78920.4,78580.0,78792.6,54.07256498,2026-02-01 03:00:00+00:00
1769918400000,78792.6,79017.1,78645.2,78920.0,33.04230536,2026-02-01 04:00:00+00:00
1769922000000,78920.1,78925.0,78467.2,78529.1,36.08816252,2026-02-01 05:00:00+00:00
1769925600000,78529.2,78731.2,78194.7,78210.7,248.4887369,2026-02-01 06:00:00+00:00
1769929200000,78210.7,78613.8,77898.7,78263.7,235.27694673,2026-02-01 07:00:00+00:00
1769932800000,78263.8,78786.9,78186.3,78518.0,62.10181299,2026-02-01 08:00:00+00:00
1769936400000,78518.0,79057.7,78490.0,78940.8,115.03096415,2026-02-01 09:00:00+00:00
1769940000000,78940.9,79152.5,78082.2,78192.4,144.5577913,2026-02-01 10:00:00+00:00
1769943600000,78201.1,78817.1,78201.1,78674.4,38.56037658,2026-02-01 11:00:00+00:00
1769947200000,78674.4,78674.4,78204.1,78381.8,17.52459348,2026-02-01 12:00:00+00:00
1769950800000,78388.9,78674.3,78157.1,78248.6,45.12089064,2026-02-01 13:00:00+00:00
1769954400000,78249.9,78425.8,77178.6,78150.4,164.35436065,2026-02-01 14:00:00+00:00
1769958000000,78147.7,78168.6,76707.7,77526.1,714.186761,2026-02-01 15:00:00+00:00
1769961600000,77527.5,77748.7,77021.3,77410.3,110.02593533,2026-02-01 16:00:00+00:00
1769965200000,77410.4,77661.7,77235.4,77661.7,64.83961736,2026-02-01 17:00:00+00:00
1769968800000,77661.7,78344.9,77656.6,77954.8,95.93352281,2026-02-01 18:00:00+00:00
1769972400000,77954.8,78020.1,76901.1,77087.8,81.05757147,2026-02-01 19:00:00+00:00
1769976000000,77087.8,77641.8,76500.0,77019.7,117.87626645,2026-02-01 20:00:00+00:00
1769979600000,77019.7,77076.8,76300.0,76441.6,105.37607538,2026-02-01 21:00:00+00:00
1769983200000,76441.7,77679.8,76371.6,77162.7,160.63741274,2026-02-01 22:00:00+00:00
1769986800000,77162.8,77519.8,75665.8,76882.2,802.92047352,2026-02-01 23:00:00+00:00
1769990400000,76892.4,78086.7,76558.3,77591.9,193.75573588,2026-02-02 00:00:00+00:00
1769994000000,77591.9,77867.5,76566.6,77441.4,112.68838465,2026-02-02 01:00:00+00:00
1769997600000,77441.3,77452.3,76380.0,76400.3,103.79475357,2026-02-02 02:00:00+00:00
1770001200000,76398.2,76474.2,74543.0,76213.0,622.42617155,2026-02-02 03:00:00+00:00
1770004800000,76213.4,76499.9,75241.0,75811.2,94.82129611,2026-02-02 04:00:00+00:00
1770008400000,75811.2,75900.1,74835.0,75404.4,171.62576196,2026-02-02 05:00:00+00:00
1770012000000,75404.4,76739.6,74870.8,76421.3,201.06961269,2026-02-02 06:00:00+00:00
1770015600000,76429.0,76845.9,76248.9,76556.1,65.76520613,2026-02-02 07:00:00+00:00
1770019200000,76556.1,77056.8,76527.9,76800.7,64.55250477,2026-02-02 08:00:00+00:00
1770022800000,76800.7,77726.9,76580.1,77610.0,95.53163362,2026-02-02 09:00:00+00:00
1770026400000,77629.4,77769.7,77375.6,77417.9,133.55997994,2026-02-02 10:00:00+00:00
1770030000000,77417.9,77860.2,77356.5,77644.0,87.18776439,2026-02-02 11:00:00+00:00
1770033600000,77663.1,78317.6,77636.9,77916.7,120.32757467,2026-02-02 12:00:00+00:00
1770037200000,77916.7,78353.0,77745.2,78157.6,111.75717596,2026-02-02 13:00:00+00:00
1770040800000,78151.7,78801.6,77562.2,77753.5,214.19585908,2026-02-02 14:00:00+00:00
1770044400000,77802.8,79250.0,77485.1,78804.8,327.35134754,2026-02-02 15:00:00+00:00
1770048000000,78821.3,79250.0,78525.6,78571.5,319.9744763,2026-02-02 16:00:00+00:00
1770051600000,78571.6,79167.1,78561.7,78957.0,155.95262065,2026-02-02 17:00:00+00:00
1770055200000,78957.0,78957.0,78316.7,78521.8,78.45433963,2026-02-02 18:00:00+00:00
1770058800000,78521.8,78617.3,78228.0,78274.2,55.67478967,2026-02-02 19:00:00+00:00
1770062400000,78278.7,78597.4,77848.3,77925.2,94.60354604,2026-02-02 20:00:00+00:00
1770066000000,77925.2,78467.2,77843.3,78462.9,54.30928923,2026-02-02 21:00:00+00:00
1770069600000,78462.9,78780.9,78462.9,78730.0,63.04377522,2026-02-02 22:00:00+00:00
1770073200000,78730.0,78897.1,78471.1,78669.2,34.73844347,2026-02-02 23:00:00+00:00
1770076800000,78669.2,79000.0,78327.3,79000.0,131.35535699,2026-02-03 00:00:00+00:00
1770080400000,79000.0,79120.2,78656.7,78948.2,90.45094098,2026-02-03 01:00:00+00:00
1770084000000,78948.2,78948.2,77727.0,77732.1,541.10658704,2026-02-03 02:00:00+00:00
1770087600000,77732.1,78807.5,77530.5,78687.9,594.84127133,2026-02-03 03:00:00+00:00
1770091200000,78687.9,78911.3,78426.0,78739.5,45.59852166,2026-02-03 04:00:00+00:00
1770094800000,78739.5,78739.5,78161.7,78163.2,30.83127145,2026-02-03 05:00:00+00:00
1770098400000,78163.2,78597.8,77831.4,78516.8,70.79936744,2026-02-03 06:00:00+00:00
1770102000000,78516.9,78831.7,78430.6,78704.7,19.53199404,2026-02-03 07:00:00+00:00
1770105600000,78704.8,78988.2,78409.0,78671.3,40.8118094,2026-02-03 08:00:00+00:00
1770109200000,78671.3,78775.3,77871.0,78342.1,62.11923992,2026-02-03 09:00:00+00:00
1770112800000,78342.1,78476.6,78004.5,78060.7,46.316037,2026-02-03 10:00:00+00:00
1770116400000,78060.7,78270.4,77932.5,78007.0,43.02131857,2026-02-03 11:00:00+00:00
1770120000000,78007.0,78336.2,77924.7,78257.5,56.85875798,2026-02-03 12:00:00+00:00
1770123600000,78254.5,78364.8,78123.0,78228.6,27.17571264,2026-02-03 13:00:00+00:00
1770127200000,78222.7,78350.0,77113.8,77131.7,248.75509239,2026-02-03 14:00:00+00:00
1770130800000,77131.7,78124.0,76994.2,78073.0,256.87422359,2026-02-03 15:00:00+00:00
1770134400000,78071.6,78071.6,76405.1,76419.1,378.37960686,2026-02-03 16:00:00+00:00
1770138000000,76407.8,76449.9,74811.0,74811.8,1398.76648306,2026-02-03 17:00:00+00:00
1770141600000,74812.6,75200.7,73038.9,73065.1,686.55404338,2026-02-03 18:00:00+00:00
1770145200000,73065.1,75182.3,72865.2,74857.8,778.6059485,2026-02-03 19:00:00+00:00
1770148800000,74857.9,76623.6,74509.0,76420.7,418.68137825,2026-02-03 20:00:00+00:00
1770152400000,76374.3,76836.7,76029.7,76145.8,203.99104328,2026-02-03 21:00:00+00:00
1770156000000,76145.8,76183.5,75312.3,75631.2,224.88579718,2026-02-03 22:00:00+00:00
1770159600000,75631.2,75892.9,75339.2,75662.0,115.27348609,2026-02-03 23:00:00+00:00
1770163200000,75662.0,76139.2,75366.7,75804.3,78.79883108,2026-02-04 00:00:00+00:00
1770166800000,75804.3,76659.2,75804.3,76311.2,48.81400362,2026-02-04 01:00:00+00:00
1770170400000,76311.2,76491.8,75631.5,75868.0,34.39770302,2026-02-04 02:00:00+00:00
1770174000000,75868.0,76866.2,75799.9,76623.9,77.04446909,2026-02-04 03:00:00+00:00
1770177600000,76624.0,76713.7,76321.4,76379.7,20.93632523,2026-02-04 04:00:00+00:00
1770181200000,76379.7,76429.8,76029.8,76178.7,36.65226937,2026-02-04 05:00:00+00:00
1770184800000,76178.8,76675.3,76175.0,76550.3,28.97892328,2026-02-04 06:00:00+00:00
1770188400000,76550.3,76550.3,76199.9,76403.5,450.03627921,2026-02-04 07:00:00+00:00
1770192000000,76403.5,76470.7,75984.0,76470.7,413.98110906,2026-02-04 08:00:00+00:00
1770195600000,76474.8,76486.0,75861.0,76000.9,52.66320812,2026-02-04 09:00:00+00:00
1770199200000,76001.0,76225.9,75969.3,76187.8,19.7587451,2026-02-04 10:00:00+00:00
1770202800000,76178.9,76178.9,75557.1,76029.6,41.00912368,2026-02-04 11:00:00+00:00
1770206400000,76000.1,76139.2,75912.4,76060.5,98.1768384,2026-02-04 12:00:00+00:00
1770210000000,76060.6,76060.6,74750.0,74767.0,87.91207059,2026-02-04 13:00:00+00:00
1770213600000,74767.0,75638.4,74098.8,74239.9,336.78779705,2026-02-04 14:00:00+00:00
1770217200000,74240.0,75241.4,73686.6,74012.3,306.71373636,2026-02-04 15:00:00+00:00
1770220800000,74013.0,74125.4,72957.4,73506.2,329.52125468,2026-02-04 16:00:00+00:00
1770224400000,73506.2,73737.1,72046.5,72415.4,1253.2551643,2026-02-04 17:00:00+00:00
1770228000000,72415.5,73940.0,72111.0,73262.9,352.85571339,2026-02-04 18:00:00+00:00
1770231600000,73263.5,73835.9,72900.0,73757.6,148.2593958,2026-02-04 19:00:00+00:00
1770235200000,73757.7,73975.3,73245.9,73352.8,104.42380741,2026-02-04 20:00:00+00:00
1770238800000,73358.9,73487.5,72059.2,72629.8,244.71257015,2026-02-04 21:00:00+00:00
1770242400000,72623.1,73500.0,71722.0,72380.0,406.62824222,2026-02-04 22:00:00+00:00
1770246000000,72380.0,73350.1,72307.7,73013.6,104.86136639,2026-02-04 23:00:00+00:00
1770249600000,73008.9,73141.3,72600.8,72698.8,86.28085331,2026-02-05 00:00:00+00:00
1770253200000,72697.4,73156.8,71801.8,72236.2,306.80996658,2026-02-05 01:00:00+00:00
1770256800000,72241.5,72671.1,71157.0,71323.7,390.96376774,2026-02-05 02:00:00+00:00
1770260400000,71318.2,71727.0,71029.0,71107.5,500.07558344,2026-02-05 03:00:00+00:00
1770264000000,71103.3,71275.3,70584.1,70725.0,320.97769135,2026-02-05 04:00:00+00:00
1770267600000,70725.0,70982.9,70001.0,70586.8,289.11714963,2026-02-05 05:00:00+00:00
1770271200000,70580.0,70831.5,70299.7,70808.0,141.4518635,2026-02-05 06:00:00+00:00
1770274800000,70808.0,71447.0,70485.7,70569.9,241.06625116,2026-02-05 07:00:00+00:00
1770278400000,70570.4,71383.4,70570.4,70902.9,62.77130315,2026-02-05 08:00:00+00:00
1770282000000,70902.9,71834.5,70902.9,71416.2,98.89695556,2026-02-05 09:00:00+00:00
1770285600000,71424.1,71589.7,70536.3,70727.9,52.45546656,2026-02-05 10:00:00+00:00
1770289200000,70727.9,70921.8,69830.1,70201.3,437.03307705,2026-02-05 11:00:00+00:00
1770292800000,70201.3,70458.0,69050.0,69425.2,305.70670394,2026-02-05 12:00:00+00:00
1770296400000,69425.3,69669.9,69133.8,69549.8,170.76995095,2026-02-05 13:00:00+00:00
1770300000000,69549.9,70731.2,69181.3,69276.1,261.3564904,2026-02-05 14:00:00+00:00
1770303600000,69286.7,69479.6,66580.7,67390.1,2095.34418778,2026-02-05 15:00:00+00:00
1770307200000,67378.9,68524.8,66800.3,68173.4,609.25690751,2026-02-05 16:00:00+00:00
1770310800000,68167.4,68223.5,66018.0,66043.1,712.98184544,2026-02-05 17:00:00+00:00
1770314400000,66041.0,66411.8,65250.6,66227.6,583.52027345,2026-02-05 18:00:00+00:00
1770318000000,66205.7,66477.6,65074.1,65119.6,677.57757485,2026-02-05 19:00:00+00:00
1770321600000,65119.6,65542.1,62308.2,63633.6,2180.94998294,2026-02-05 20:00:00+00:00
1770325200000,63646.3,64636.1,62826.0,63089.3,583.64811175,2026-02-05 21:00:00+00:00
1770328800000,63089.2,64500.0,62558.4,63811.0,665.65584045,2026-02-05 22:00:00+00:00
1770332400000,63794.8,64773.8,62650.7,62858.1,403.495488,2026-02-05 23:00:00+00:00
1770336000000,62858.0,63833.6,60500.0,63444.2,1202.8132819,2026-02-06 00:00:00+00:00
1770339600000,63444.2,65707.4,63436.3,65632.0,600.44462177,2026-02-06 01:00:00+00:00
1770343200000,65632.0,65944.3,64163.9,64884.0,468.37350315,2026-02-06 02:00:00+00:00
1770346800000,64896.4,65079.7,63711.1,64102.5,230.24018886,2026-02-06 03:00:00+00:00
1770350400000,64102.5,64931.4,63901.6,64856.3,126.73240129,2026-02-06 04:00:00+00:00
1770354000000,64837.8,66715.8,64730.6,66330.2,235.78457034,2026-02-06 05:00:00+00:00
1770357600000,66333.1,66713.2,64814.8,64920.9,211.92073577,2026-02-06 06:00:00+00:00
1770361200000,64909.4,65452.4,64561.0,64756.4,135.6240461,2026-02-06 07:00:00+00:00
1770364800000,64766.8,65110.9,64442.5,64821.5,191.14990708,2026-02-06 08:00:00+00:00
1770368400000,64820.1,66060.5,64679.2,65716.0,195.15494369,2026-02-06 09:00:00+00:00
1770372000000,65716.0,66118.7,65487.1,65878.0,128.6689986,2026-02-06 10:00:00+00:00
1770375600000,65878.0,66650.0,65710.6,66555.0,228.34033314,2026-02-06 11:00:00+00:00
1770379200000,66555.1,66555.1,66050.1,66517.8,221.7448358,2026-02-06 12:00:00+00:00
1770382800000,66513.2,67674.3,66417.1,67256.2,343.10642534,2026-02-06 13:00:00+00:00
1770386400000,67256.2,68599.7,66591.2,68160.1,512.65576553,2026-02-06 14:00:00+00:00
1770390000000,68160.1,69127.1,67759.0,68586.6,380.50301579,2026-02-06 15:00:00+00:00
1770393600000,68604.0,70190.5,68426.5,69926.1,524.50981826,2026-02-06 16:00:00+00:00
1770397200000,69932.3,71447.8,69586.4,70739.4,656.94506147,2026-02-06 17:00:00+00:00
1770400800000,70719.8,70795.0,69293.8,69723.3,388.27730033,2026-02-06 18:00:00+00:00
1770404400000,69723.3,70909.1,69611.4,70686.4,178.86329408,2026-02-06 19:00:00+00:00
1770408000000,70673.1,70941.4,69988.3,69988.3,174.55989704,2026-02-06 20:00:00+00:00
1770411600000,69985.7,70443.3,69812.3,70305.1,103.73547798,2026-02-06 21:00:00+00:00
1770415200000,70318.9,71483.6,70250.0,71306.5,355.50223462,2026-02-06 22:00:00+00:00
1770418800000,71300.0,71695.7,70460.2,70527.4,152.14528783,2026-02-06 23:00:00+00:00
1770422400000,70527.4,70554.8,69683.1,69915.1,138.7583757,2026-02-07 00:00:00+00:00
1770426000000,69915.1,70645.7,69736.9,70472.1,62.30978336,2026-02-07 01:00:00+00:00
1770429600000,70459.6,70590.3,70139.7,70327.3,41.056267,2026-02-07 02:00:00+00:00
1770433200000,70321.1,70884.2,70250.0,70883.6,38.85953398,2026-02-07 03:00:00+00:00
1770436800000,70883.6,71631.2,70563.9,70747.4,147.76946854,2026-02-07 04:00:00+00:00
1770440400000,70727.1,71138.4,69938.0,70105.7,111.94548747,2026-02-07 05:00:00+00:00
1770444000000,70131.2,70276.4,68708.4,68748.8,235.4553919,2026-02-07 06:00:00+00:00
1770447600000,68745.0,69054.8,67343.8,68081.7,480.61655686,2026-02-07 07:00:00+00:00
1770451200000,68070.1,68764.5,67749.0,68474.2,289.08829042,2026-02-07 08:00:00+00:00
1770454800000,68474.2,68726.5,67823.7,68093.0,182.93426888,2026-02-07 09:00:00+00:00
1770458400000,68091.8,68238.6,67578.6,67947.5,84.37319207,2026-02-07 10:00:00+00:00
1770462000000,67948.2,68126.1,67636.6,67941.8,41.08857184,2026-02-07 11:00:00+00:00
1770465600000,67920.1,69894.0,67861.4,68965.6,221.42523225,2026-02-07 12:00:00+00:00
1770469200000,68970.1,69318.3,68773.0,69000.0,113.46233251,2026-02-07 13:00:00+00:00
1770472800000,69028.4,69101.6,68316.6,68582.7,118.35861531,2026-02-07 14:00:00+00:00
1770476400000,68582.3,69680.6,68515.1,69071.3,110.62689036,2026-02-07 15:00:00+00:00
1770480000000,69071.3,69807.7,68814.1,68938.3,153.09322865,2026-02-07 16:00:00+00:00
1770483600000,68903.8,69347.5,68520.3,69118.7,91.24911727,2026-02-07 17:00:00+00:00
1770487200000,69118.7,69635.7,68968.1,69460.2,46.39597504,2026-02-07 18:00:00+00:00
1770490800000,69465.3,69525.5,69239.6,69311.3,25.34878729,2026-02-07 19:00:00+00:00
1770494400000,69311.3,69653.2,69211.7,69586.1,21.94729671,2026-02-07 20:00:00+00:00
1770498000000,69586.1,69653.2,69316.0,69425.4,118.7895354,2026-02-07 21:00:00+00:00
1770501600000,69442.2,69649.9,69277.7,69354.0,28.55065494,2026-02-07 22:00:00+00:00
1770505200000,69366.6,69394.6,68750.1,69268.8,186.27517604,2026-02-07 23:00:00+00:00
1770508800000,69249.9,69374.2,68855.4,69095.1,22.64394734,2026-02-08 00:00:00+00:00
1770512400000,69095.2,69427.9,69042.6,69352.1,13.75123067,2026-02-08 01:00:00+00:00
1770516000000,69352.1,69628.1,69128.6,69329.0,32.11693726,2026-02-08 02:00:00+00:00
1770519600000,69328.8,69376.3,69029.2,69072.4,19.04512918,2026-02-08 03:00:00+00:00
1770523200000,69072.5,69280.8,68938.2,69272.1,25.06970299,2026-02-08 04:00:00+00:00
1770526800000,69299.0,69361.3,69110.9,69173.7,51.7647083,2026-02-08 05:00:00+00:00
1770530400000,69173.8,69361.3,69037.9,69288.6,27.04279681,2026-02-08 06:00:00+00:00
1770534000000,69288.6,69665.1,69181.3,69660.1,27.15428024,2026-02-08 07:00:00+00:00
1770537600000,69660.0,70718.9,69472.3,70607.7,162.24400263,2026-02-08 08:00:00+00:00
1770541200000,70607.8,70648.5,70013.5,70100.0,62.42035791,2026-02-08 09:00:00+00:00
1770544800000,70057.0,70383.5,69823.8,70204.2,45.88667257,2026-02-08 10:00:00+00:00
1770548400000,70204.3,71180.1,70171.4,70941.0,143.87003545,2026-02-08 11:00:00+00:00
1770552000000,70949.2,71200.0,70657.4,71200.0,101.62798662,2026-02-08 12:00:00+00:00
1770555600000,71200.0,71449.1,70937.7,71445.0,309.90289613,2026-02-08 13:00:00+00:00
1770559200000,71445.0,71500.0,71071.6,71175.0,49.18844181,2026-02-08 14:00:00+00:00
1770562800000,71190.0,71398.9,70766.8,71100.0,91.92874464,2026-02-08 15:00:00+00:00
1770566400000,71114.9,71190.0,70223.8,70362.0,202.53952068,2026-02-08 16:00:00+00:00
1770570000000,70362.1,70816.2,70362.0,70725.0,34.01990476,2026-02-08 17:00:00+00:00
1770573600000,70725.1,71350.1,70725.0,71086.9,78.80803167,2026-02-08 18:00:00+00:00
1770577200000,71086.9,71465.1,71086.9,71370.1,35.47217786,2026-02-08 19:00:00+00:00
1770580800000,71370.1,71384.9,70680.1,70789.7,35.22084268,2026-02-08 20:00:00+00:00
1770584400000,70789.8,71083.6,70523.7,70687.6,44.33381304,2026-02-08 21:00:00+00:00
1770588000000,70676.4,71056.8,70620.0,71024.9,53.6418546,2026-02-08 22:00:00+00:00
1770591600000,71012.5,72256.1,70000.0,70305.0,282.63521973,2026-02-08 23:00:00+00:00
1770595200000,70300.5,70714.3,70088.0,70455.1,58.57815423,2026-02-09 00:00:00+00:00
1770598800000,70455.1,70877.6,70035.2,70309.2,86.36835666,2026-02-09 01:00:00+00:00
1770602400000,70309.3,70926.7,70170.1,70576.4,19.38379732,2026-02-09 02:00:00+00:00
1770606000000,70583.7,71369.9,70583.7,71286.5,80.29928513,2026-02-09 03:00:00+00:00
1770609600000,71265.1,71286.9,70863.4,70965.1,39.08484207,2026-02-09 04:00:00+00:00
1770613200000,70965.1,71052.1,70765.2,70987.0,12.89103425,2026-02-09 05:00:00+00:00
1770616800000,70987.1,71000.9,70279.0,70610.6,66.84898145,2026-02-09 06:00:00+00:00
1770620400000,70610.7,70824.7,70300.8,70365.6,32.14975424,2026-02-09 07:00:00+00:00
1770624000000,70361.7,70529.9,69369.3,69824.8,155.14313455,2026-02-09 08:00:00+00:00
1770627600000,69812.4,70038.7,69429.5,69540.0,210.83079061,2026-02-09 09:00:00+00:00
1770631200000,69540.0,69653.2,68352.1,68658.8,331.51612024,2026-02-09 10:00:00+00:00
1770634800000,68658.8,68935.9,68514.7,68826.7,53.97937339,2026-02-09 11:00:00+00:00
1770638400000,68855.8,69165.6,68799.5,69079.8,200.29236791,2026-02-09 12:00:00+00:00
1770642000000,69079.8,69220.2,68558.6,68558.8,104.69217734,2026-02-09 13:00:00+00:00
1770645600000,68558.7,69725.6,68242.5,69237.3,195.9140106,2026-02-09 14:00:00+00:00
1770649200000,69237.4,69817.3,68789.4,69552.9,283.21795021,2026-02-09 15:00:00+00:00
1770652800000,69530.8,70370.1,69077.9,70053.0,99.58488566,2026-02-09 16:00:00+00:00
1770656400000,70053.0,70916.4,69837.5,70574.9,392.12160907,2026-02-09 17:00:00+00:00
1770660000000,70560.1,70964.4,70063.9,70366.6,177.24719945,2026-02-09 18:00:00+00:00
1770663600000,70378.9,71000.0,70211.6,70883.9,114.46935871,2026-02-09 19:00:00+00:00
1770667200000,70923.7,71059.5,70475.3,70709.6,158.03659457,2026-02-09 20:00:00+00:00
1770670800000,70707.7,70780.2,69791.6,70375.1,118.23661697,2026-02-09 21:00:00+00:00
1770674400000,70375.1,70662.0,70257.6,70331.4,45.30620439,2026-02-09 22:00:00+00:00
1770678000000,70331.4,70543.3,70055.5,70087.2,32.84133425,2026-02-09 23:00:00+00:00
1770681600000,70103.9,70213.4,69729.1,69815.2,180.93521714,2026-02-10 00:00:00+00:00
1770685200000,69804.9,70468.6,69790.6,70376.5,32.81200447,2026-02-10 01:00:00+00:00
1770688800000,70429.4,70429.4,69980.0,70069.8,26.04992953,2026-02-10 02:00:00+00:00
1770692400000,70060.9,70129.8,69165.4,69460.8,109.11492386,2026-02-10 03:00:00+00:00
1770696000000,69460.8,69845.6,69445.2,69778.0,52.99160644,2026-02-10 04:00:00+00:00
1770699600000,69778.0,69806.5,69186.7,69397.7,54.73175735,2026-02-10 05:00:00+00:00
1770703200000,69397.7,69436.0,68673.9,68879.0,103.34365233,2026-02-10 06:00:00+00:00
1770706800000,68872.5,69138.4,68805.0,68860.2,38.57597418,2026-02-10 07:00:00+00:00
1770710400000,68865.4,69143.1,68678.0,69073.4,58.82649236,2026-02-10 08:00:00+00:00
1770714000000,69073.4,69329.0,68894.0,69069.5,42.91155362,2026-02-10 09:00:00+00:00
1770717600000,69069.5,69179.0,68888.5,68888.5,43.8905053,2026-02-10 10:00:00+00:00
1770721200000,68888.6,69005.3,68420.0,68478.6,247.88469967,2026-02-10 11:00:00+00:00
1770724800000,68478.6,68792.4,68408.2,68559.4,107.24731131,2026-02-10 12:00:00+00:00
1770728400000,68559.5,69098.9,68345.0,68984.0,145.08242355,2026-02-10 13:00:00+00:00
1770732000000,68984.0,69544.6,67875.1,68429.1,346.41280073,2026-02-10 14:00:00+00:00
1770735600000,68429.1,69452.8,68256.7,69239.0,178.97860092,2026-02-10 15:00:00+00:00
1770739200000,69246.0,69749.0,68906.5,69494.1,180.9089681,2026-02-10 16:00:00+00:00
1770742800000,69494.1,69954.7,69301.2,69884.0,177.26457563,2026-02-10 17:00:00+00:00
1770746400000,69884.0,69899.0,68587.2,68850.0,109.41177578,2026-02-10 18:00:00+00:00
1770750000000,68850.0,69253.1,68674.0,69033.6,101.43684678,2026-02-10 19:00:00+00:00
1770753600000,69033.7,69089.0,68594.4,68708.3,101.27320283,2026-02-10 20:00:00+00:00
1770757200000,68714.0,68954.0,68334.1,68593.0,79.03824428,2026-02-10 21:00:00+00:00
1770760800000,68605.5,68800.0,68537.0,68639.1,33.39249424,2026-02-10 22:00:00+00:00
1770764400000,68659.5,68805.9,68489.0,68785.5,77.19952666,2026-02-10 23:00:00+00:00
1770768000000,68796.3,69183.5,68750.5,69164.7,91.21633627,2026-02-11 00:00:00+00:00
1770771600000,69164.7,69228.6,68885.4,68927.3,32.35647469,2026-02-11 01:00:00+00:00
1770775200000,68927.3,69104.0,68581.4,68624.1,21.794756,2026-02-11 02:00:00+00:00
1770778800000,68624.1,68698.3,67979.1,68132.3,119.85231386,2026-02-11 03:00:00+00:00
1770782400000,68132.3,68271.0,67324.9,67537.3,249.26483422,2026-02-11 04:00:00+00:00
1770786000000,67537.4,67739.0,67362.5,67381.7,71.59858372,2026-02-11 05:00:00+00:00
1770789600000,67379.1,67432.0,66532.6,66766.8,133.05672161,2026-02-11 06:00:00+00:00
1770793200000,66760.1,67198.5,66619.2,67000.0,82.1944731,2026-02-11 07:00:00+00:00
1770796800000,67000.0,67072.5,66767.5,66970.2,46.57213502,2026-02-11 08:00:00+00:00
1770800400000,66970.3,67056.0,66708.4,66821.3,51.73265332,2026-02-11 09:00:00+00:00
1770804000000,66831.4,66850.0,66351.0,66503.4,98.69589454,2026-02-11 10:00:00+00:00
1770807600000,66503.4,67056.0,66485.6,67023.4,66.20875688,2026-02-11 11:00:00+00:00
1770811200000,67023.4,67378.9,66954.0,67081.1,120.30748799,2026-02-11 12:00:00+00:00
1770814800000,67105.8,67639.4,66780.7,67424.4,247.20099312,2026-02-11 13:00:00+00:00
1770818400000,67424.6,68774.0,66421.8,66555.7,408.00198222,2026-02-11 14:00:00+00:00
1770822000000,66566.6,66764.5,65727.7,66481.7,332.86874996,2026-02-11 15:00:00+00:00
1770825600000,66488.8,67219.2,65907.3,66008.8,161.80589571,2026-02-11 16:00:00+00:00
1770829200000,66000.1,66868.7,65845.8,66493.4,84.24183339,2026-02-11 17:00:00+00:00
1770832800000,66482.5,67262.9,66120.0,67237.8,135.89760008,2026-02-11 18:00:00+00:00
1770836400000,67233.4,67799.4,67076.5,67537.1,136.82027805,2026-02-11 19:00:00+00:00
1770840000000,67540.4,67714.5,67150.1,67506.4,207.97174282,2026-02-11 20:00:00+00:00
1770843600000,67515.2,68271.3,67376.9,67766.0,148.12393187,2026-02-11 21:00:00+00:00
1770847200000,67766.1,67821.4,67343.8,67362.0,53.58314112,2026-02-11 22:00:00+00:00
1770850800000,67382.4,67502.3,66748.4,67052.3,130.94162491,2026-02-11 23:00:00+00:00
1770854400000,67039.6,67635.3,67007.2,67425.7,69.57193472,2026-02-12 00:00:00+00:00
1770858000000,67425.7,67987.3,67425.7,67637.4,79.53365739,2026-02-12 01:00:00+00:00
1770861600000,67646.8,67741.7,67369.4,67378.4,140.69387123,2026-02-12 02:00:00+00:00
1770865200000,67380.0,67536.6,67282.3,67536.6,52.26493804,2026-02-12 03:00:00+00:00
1770868800000,67533.5,67618.9,66964.8,66964.9,392.60940599,2026-02-12 04:00:00+00:00
1770872400000,66965.8,67138.9,66618.6,67085.5,30.79126367,2026-02-12 05:00:00+00:00
1770876000000,67090.0,67287.2,66957.9,67046.0,19.72912552,2026-02-12 06:00:00+00:00
1770879600000,67067.5,67262.0,66893.6,67167.7,29.99430224,2026-02-12 07:00:00+00:00
1770883200000,67167.7,67262.0,66860.7,67073.4,30.58114664,2026-02-12 08:00:00+00:00
1770886800000,67088.9,67651.5,67001.8,67507.2,30.39928298,2026-02-12 09:00:00+00:00
1770890400000,67507.2,67973.2,67379.9,67973.2,43.67358724,2026-02-12 10:00:00+00:00
1770894000000,67970.1,68230.4,67713.6,68061.7,105.54796042,2026-02-12 11:00:00+00:00
1770897600000,68049.5,68113.3,67687.4,67824.1,146.19746244,2026-02-12 12:00:00+00:00
1770901200000,67830.2,68333.7,67651.5,68320.0,197.44835663,2026-02-12 13:00:00+00:00
1770904800000,68320.0,68353.3,67500.0,67563.3,150.42300099,2026-02-12 14:00:00+00:00
1770908400000,67560.1,67960.7,66989.3,67080.0,127.01477954,2026-02-12 15:00:00+00:00
1770912000000,67100.0,67196.0,65510.7,65800.0,330.9704926,2026-02-12 16:00:00+00:00
1770915600000,65818.5,66198.1,65306.6,65350.6,190.75251362,2026-02-12 17:00:00+00:00
1770919200000,65366.6,65731.1,65072.2,65539.9,310.26551708,2026-02-12 18:00:00+00:00
1770922800000,65540.0,66055.2,65228.2,65725.5,219.92633951,2026-02-12 19:00:00+00:00
1770926400000,65735.8,65975.5,65167.0,65345.5,140.03608778,2026-02-12 20:00:00+00:00
1770930000000,65345.6,65835.5,65345.6,65779.9,64.70969272,2026-02-12 21:00:00+00:00
1770933600000,65779.9,66335.0,65587.3,66231.2,134.56938669,2026-02-12 22:00:00+00:00
1770937200000,66231.2,66404.9,66098.5,66203.8,55.60155423,2026-02-12 23:00:00+00:00
1770940800000,66208.5,66444.8,65825.8,65862.9,39.45533735,2026-02-13 00:00:00+00:00
1770944400000,65860.1,66540.5,65860.1,66370.0,34.86411294,2026-02-13 01:00:00+00:00
1770948000000,66380.0,66692.1,66342.2,66622.3,24.64257099,2026-02-13 02:00:00+00:00
1770951600000,66620.1,66724.4,66420.0,66499.9,25.9916315,2026-02-13 03:00:00+00:00
1770955200000,66500.0,66617.4,66261.7,66261.7,13.98452957,2026-02-13 04:00:00+00:00
1770958800000,66261.8,66451.7,66142.4,66142.4,13.73882148,2026-02-13 05:00:00+00:00
1770962400000,66140.1,66340.0,65976.0,66311.6,18.82732346,2026-02-13 06:00:00+00:00
1770966000000,66311.7,66512.5,66002.3,66152.9,49.91394046,2026-02-13 07:00:00+00:00
1770969600000,66153.0,66660.0,66152.9,66620.0,37.30429885,2026-02-13 08:00:00+00:00
1770973200000,66629.6,66993.5,66570.5,66919.9,32.69193983,2026-02-13 09:00:00+00:00
1770976800000,66920.0,67040.0,66759.2,66932.6,35.46209161,2026-02-13 10:00:00+00:00
1770980400000,66932.6,67158.2,66750.6,67120.5,61.81526787,2026-02-13 11:00:00+00:00
1770984000000,67120.5,67144.2,66880.1,67047.3,38.81841845,2026-02-13 12:00:00+00:00
1770987600000,67030.4,67557.5,66897.1,67220.1,264.27936778,2026-02-13 13:00:00+00:00
1770991200000,67220.1,67957.5,66832.9,67694.4,198.18749568,2026-02-13 14:00:00+00:00
1770994800000,67694.5,69270.3,67660.1,68643.3,474.55726183,2026-02-13 15:00:00+00:00
1770998400000,68643.3,69437.4,68506.0,68920.0,336.40650358,2026-02-13 16:00:00+00:00
1771002000000,68920.0,69175.7,68591.6,68994.7,115.13976971,2026-02-13 17:00:00+00:00
1771005600000,68994.8,69352.3,68872.3,69097.6,55.06055998,2026-02-13 18:00:00+00:00
1771009200000,69097.7,69200.0,68911.3,68911.4,64.22137698,2026-02-13 19:00:00+00:00
1771012800000,68911.4,68936.0,68644.6,68752.5,68.53931011,2026-02-13 20:00:00+00:00
1771016400000,68752.5,69015.4,68700.1,68866.8,176.07542117,2026-02-13 21:00:00+00:00
1771020000000,68866.7,68958.8,68703.8,68922.4,35.65019518,2026-02-13 22:00:00+00:00
1771023600000,68930.9,68940.0,68793.0,68837.0,20.98999542,2026-02-13 23:00:00+00:00
1771027200000,68820.1,69110.6,68750.0,69063.4,33.39666336,2026-02-14 00:00:00+00:00
1771030800000,69063.6,69084.4,68899.9,68931.7,28.8053422,2026-02-14 01:00:00+00:00
1771034400000,68931.7,68978.8,68820.0,68851.1,25.58470291,2026-02-14 02:00:00+00:00
1771038000000,68851.1,68973.6,68820.0,68943.9,35.57769357,2026-02-14 03:00:00+00:00
1771041600000,68943.9,68943.9,68778.0,68778.0,7.39614745,2026-02-14 04:00:00+00:00
1771045200000,68778.1,68860.0,68732.3,68733.3,13.95343074,2026-02-14 05:00:00+00:00
1771048800000,68733.3,68879.8,68709.7,68879.8,13.92973077,2026-02-14 06:00:00+00:00
1771052400000,68879.8,69292.3,68872.7,69186.2,74.43479145,2026-02-14 07:00:00+00:00
1771056000000,69186.3,69825.9,69186.2,69707.9,70.67492455,2026-02-14 08:00:00+00:00
1771059600000,69714.4,69840.0,69549.1,69692.5,38.94077646,2026-02-14 09:00:00+00:00
1771063200000,69692.6,69692.6,69561.0,69639.9,15.48235338,2026-02-14 10:00:00+00:00
1771066800000,69640.0,70540.0,69639.9,70480.0,145.46358913,2026-02-14 11:00:00+00:00
1771070400000,70480.0,70497.4,69589.6,69640.0,293.85604663,2026-02-14 12:00:00+00:00
1771074000000,69620.1,69745.2,69212.0,69419.4,493.36546689,2026-02-14 13:00:00+00:00
1771077600000,69440.0,69839.0,69336.4,69683.2,162.33099462,2026-02-14 14:00:00+00:00
1771081200000,69690.1,70011.3,69565.6,69770.8,184.73532121,2026-02-14 15:00:00+00:00
1771084800000,69772.0,69772.9,69263.9,69716.1,169.62773347,2026-02-14 16:00:00+00:00
1771088400000,69716.1,69880.0,69600.0,69698.2,51.09834654,2026-02-14 17:00:00+00:00
1771092000000,69698.2,69820.0,69660.0,69719.4,35.87699193,2026-02-14 18:00:00+00:00
1771095600000,69719.4,69863.7,69588.1,69800.1,21.72829713,2026-02-14 19:00:00+00:00
1771099200000,69829.0,69988.7,69717.0,69988.7,35.53292554,2026-02-14 20:00:00+00:00
1771102800000,69988.7,70208.0,69648.9,69877.6,52.15766096,2026-02-14 21:00:00+00:00
1771106400000,69877.6,70039.9,69739.2,69940.1,58.61139772,2026-02-14 22:00:00+00:00
1771110000000,69940.1,69980.0,69700.0,69758.4,21.12438596,2026-02-14 23:00:00+00:00
1771113600000,69777.8,69825.8,69586.4,69720.0,18.7182023,2026-02-15 00:00:00+00:00
1771117200000,69720.1,69856.4,69340.0,69665.2,40.25021897,2026-02-15 01:00:00+00:00
1771120800000,69665.3,69710.6,69328.1,69480.0,14.09332916,2026-02-15 02:00:00+00:00
1771124400000,69460.1,69946.3,69236.5,69946.3,32.22232031,2026-02-15 03:00:00+00:00
1771128000000,69946.3,70478.0,69925.6,70138.6,106.14413464,2026-02-15 04:00:00+00:00
1771131600000,70138.7,70432.5,70121.0,70260.1,32.26747619,2026-02-15 05:00:00+00:00
1771135200000,70260.1,70498.8,70180.5,70383.3,63.79119059,2026-02-15 06:00:00+00:00
1771138800000,70383.3,70877.3,70304.4,70780.0,91.88134491,2026-02-15 07:00:00+00:00
1771142400000,70783.7,70935.2,70149.6,70400.0,61.03576058,2026-02-15 08:00:00+00:00
1771146000000,70400.0,70626.8,70357.7,70395.0,8.1141048,2026-02-15 09:00:00+00:00
1771149600000,70395.0,70479.0,70200.0,70408.2,7.56121255,2026-02-15 10:00:00+00:00
1771153200000,70408.2,70494.1,70243.9,70261.4,6.43731435,2026-02-15 11:00:00+00:00
1771156800000,70261.4,70377.2,69294.7,69294.7,66.59008278,2026-02-15 12:00:00+00:00
1771160400000,69294.8,69559.2,68770.9,68900.1,126.64330729,2026-02-15 13:00:00+00:00
1771164000000,68900.1,69180.0,68820.0,69112.9,39.43963486,2026-02-15 14:00:00+00:00
1771167600000,69114.4,69190.9,68857.5,69056.6,46.08170543,2026-02-15 15:00:00+00:00
1771171200000,69069.5,69069.5,68750.8,69011.9,37.38271423,2026-02-15 16:00:00+00:00
1771174800000,68999.9,69053.1,68180.1,68600.0,139.81211407,2026-02-15 17:00:00+00:00
1771178400000,68594.6,68731.0,68320.1,68380.0,102.27790216,2026-02-15 18:00:00+00:00
1771182000000,68400.0,68516.9,68049.8,68242.2,68.18396875,2026-02-15 19:00:00+00:00
1771185600000,68242.2,68500.0,68100.0,68414.6,52.31828989,2026-02-15 20:00:00+00:00
1771189200000,68414.7,68911.1,68414.6,68835.0,72.20023889,2026-02-15 21:00:00+00:00
1771192800000,68829.1,69028.6,68763.7,68933.8,61.99115653,2026-02-15 22:00:00+00:00
1771196400000,68940.0,68940.4,68275.6,68780.0,42.41825594,2026-02-15 23:00:00+00:00
1771200000000,68780.0,69000.0,68671.0,68815.8,16.91976179,2026-02-16 00:00:00+00:00
1771203600000,68815.8,68992.5,68443.6,68600.4,50.37212497,2026-02-16 01:00:00+00:00
1771207200000,68600.5,68699.9,68229.3,68291.6,9.58869267,2026-02-16 02:00:00+00:00
1771210800000,68291.6,68420.0,68133.0,68387.7,43.74323432,2026-02-16 03:00:00+00:00
1771214400000,68387.7,68838.9,68387.7,68838.9,20.2474708,2026-02-16 04:00:00+00:00
1771218000000,68838.9,68838.9,68276.9,68364.5,27.10729117,2026-02-16 05:00:00+00:00
1771221600000,68364.6,68488.5,68214.1,68419.9,10.43737216,2026-02-16 06:00:00+00:00
1771225200000,68420.0,68632.7,68351.8,68540.0,17.24736867,2026-02-16 07:00:00+00:00
1771228800000,68540.0,68748.1,68520.0,68740.0,29.10495346,2026-02-16 08:00:00+00:00
1771232400000,68740.0,69020.8,68719.0,68960.1,65.97861869,2026-02-16 09:00:00+00:00
1771236000000,68960.1,68960.1,68674.7,68772.1,24.44402034,2026-02-16 10:00:00+00:00
1771239600000,68772.2,68859.9,68330.0,68780.1,48.31491533,2026-02-16 11:00:00+00:00
1771243200000,68780.1,69791.0,68780.0,69720.1,58.80633613,2026-02-16 12:00:00+00:00
1771246800000,69720.1,70073.2,68200.0,68370.1,233.42345749,2026-02-16 13:00:00+00:00
1771250400000,68370.1,68649.2,68234.3,68380.1,104.50725093,2026-02-16 14:00:00+00:00
1771254000000,68380.1,68560.0,67271.1,67500.1,392.10840242,2026-02-16 15:00:00+00:00
1771257600000,67500.1,67920.0,67500.0,67840.0,106.99574149,2026-02-16 16:00:00+00:00
1771261200000,67840.0,68042.8,67582.1,67922.1,82.03939666,2026-02-16 17:00:00+00:00
1771264800000,67920.0,68198.0,67803.4,67824.6,95.16494561,2026-02-16 18:00:00+00:00
1771268400000,67824.7,68111.9,67800.0,67882.5,77.03719918,2026-02-16 19:00:00+00:00
1771272000000,67882.5,68533.9,67800.1,68497.7,69.91082081,2026-02-16 20:00:00+00:00
1771275600000,68497.7,68891.9,68401.7,68840.0,98.8625749,2026-02-16 21:00:00+00:00
1771279200000,68829.9,68830.0,68480.2,68560.1,119.46839253,2026-02-16 22:00:00+00:00
1771282800000,68560.2,68950.0,68509.6,68860.0,22.02022578,2026-02-16 23:00:00+00:00
1771286400000,68860.0,69035.2,68682.7,68847.7,99.71468936,2026-02-17 00:00:00+00:00
1771290000000,68847.7,68960.0,68550.5,68584.8,30.71012494,2026-02-17 01:00:00+00:00
1771293600000,68584.8,69191.0,68353.6,68816.4,42.65726195,2026-02-17 02:00:00+00:00
1771297200000,68816.4,68816.4,68440.0,68440.0,29.18247488,2026-02-17 03:00:00+00:00
1771300800000,68440.1,68659.9,68273.5,68439.9,23.43654423,2026-02-17 04:00:00+00:00
1771304400000,68439.9,68460.0,67880.0,68211.4,29.62166848,2026-02-17 05:00:00+00:00
1771308000000,68210.4,68464.0,68210.3,68383.8,8.53123519,2026-02-17 06:00:00+00:00
1771311600000,68383.8,68436.6,68152.5,68366.4,14.75787425,2026-02-17 07:00:00+00:00
1771315200000,68366.5,68438.3,68100.0,68140.0,5.69118038,2026-02-17 08:00:00+00:00
1771318800000,68140.0,68260.0,67961.0,68069.8,90.42831139,2026-02-17 09:00:00+00:00
1771322400000,68080.0,68140.0,67684.1,67800.0,57.20400315,2026-02-17 10:00:00+00:00
1771326000000,67800.0,67879.9,67675.9,67800.1,192.73399181,2026-02-17 11:00:00+00:00
1771329600000,67800.1,68246.1,67800.1,67862.8,77.98779807,2026-02-17 12:00:00+00:00
1771333200000,67862.8,68319.9,67720.0,68087.0,69.85854006,2026-02-17 13:00:00+00:00
1771336800000,68087.0,68294.8,66692.9,66848.9,334.16115983,2026-02-17 14:00:00+00:00
1771340400000,66840.9,67367.8,66592.4,67353.2,307.08097381,2026-02-17 15:00:00+00:00
1771344000000,67353.3,68095.2,67304.4,67489.5,265.35600942,2026-02-17 16:00:00+00:00
1771347600000,67489.5,67679.9,66860.0,67207.4,198.50061502,2026-02-17 17:00:00+00:00
1771351200000,67208.3,68164.9,67112.3,68060.0,126.40162598,2026-02-17 18:00:00+00:00
1771354800000,68060.1,68189.4,67724.6,67760.0,156.6830166,2026-02-17 19:00:00+00:00
1771358400000,67761.9,67880.8,67480.1,67723.0,171.41671555,2026-02-17 20:00:00+00:00
1771362000000,67720.1,67869.6,67505.4,67627.6,56.25119919,2026-02-17 21:00:00+00:00
1771365600000,67627.7,67740.0,67477.9,67506.8,22.23317775,2026-02-17 22:00:00+00:00
1771369200000,67506.9,67580.5,67363.8,67475.4,14.46443618,2026-02-17 23:00:00+00:00
1771372800000,67475.4,67592.8,67262.9,67287.6,19.72204676,2026-02-18 00:00:00+00:00
1771376400000,67286.1,67336.1,66844.4,67132.1,88.44932172,2026-02-18 01:00:00+00:00
1771380000000,67132.1,67368.0,67132.0,67291.9,31.19157234,2026-02-18 02:00:00+00:00
1771383600000,67291.9,67651.5,67291.8,67600.0,17.30162992,2026-02-18 03:00:00+00:00
1771387200000,67600.1,67838.5,67462.1,67771.2,28.67864724,2026-02-18 04:00:00+00:00
1771390800000,67771.3,67880.0,67578.9,67613.7,33.18959177,2026-02-18 05:00:00+00:00
1771394400000,67613.7,67919.6,67600.1,67813.9,13.36213894,2026-02-18 06:00:00+00:00
1771398000000,67813.9,68173.1,67668.7,68094.9,111.92384843,2026-02-18 07:00:00+00:00
1771401600000,68094.9,68418.9,68048.0,68082.9,27.99215285,2026-02-18 08:00:00+00:00
1771405200000,68082.9,68246.1,67982.1,68130.0,36.754761,2026-02-18 09:00:00+00:00
1771408800000,68130.0,68140.0,67716.5,67754.6,40.77212859,2026-02-18 10:00:00+00:00
1771412400000,67754.7,67769.0,67080.0,67340.1,69.66374107,2026-02-18 11:00:00+00:00
1771416000000,67340.1,67640.0,67335.2,67430.6,52.02940091,2026-02-18 12:00:00+00:00
1771419600000,67430.6,67560.0,67050.0,67212.7,51.93930388,2026-02-18 13:00:00+00:00
1771423200000,67212.8,67340.0,66684.4,67160.1,160.98003519,2026-02-18 14:00:00+00:00
1771426800000,67197.8,68310.0,67197.7,67672.3,200.55918536,2026-02-18 15:00:00+00:00
1771430400000,67672.2,67689.6,66969.9,67118.7,182.02889076,2026-02-18 16:00:00+00:00
1771434000000,67118.7,67448.9,67040.0,67150.5,59.72276011,2026-02-18 17:00:00+00:00
1771437600000,67159.9,67196.7,66192.2,66333.4,246.89273516,2026-02-18 18:00:00+00:00
1771441200000,66326.9,66567.3,65838.5,66143.7,232.81396497,2026-02-18 19:00:00+00:00
1771444800000,66146.3,66511.7,66120.1,66209.9,110.47764833,2026-02-18 20:00:00+00:00
1771448400000,66226.1,66454.8,66071.3,66300.4,197.11939017,2026-02-18 21:00:00+00:00
1771452000000,66303.0,66446.7,66206.9,66377.1,58.18174406,2026-02-18 22:00:00+00:00
1771455600000,66377.1,66464.7,66250.0,66425.7,32.61466687,2026-02-18 23:00:00+00:00
1771459200000,66425.7,66537.5,66309.0,66408.7,19.10735728,2026-02-19 00:00:00+00:00
1771462800000,66408.7,66839.2,66408.2,66839.2,44.61449574,2026-02-19 01:00:00+00:00
1771466400000,66839.2,66913.5,66620.0,66820.0,41.67344454,2026-02-19 02:00:00+00:00
1771470000000,66809.8,66969.3,66700.1,66953.3,23.10283274,2026-02-19 03:00:00+00:00
1771473600000,66953.4,67021.3,66727.8,66780.1,39.34583367,2026-02-19 04:00:00+00:00
1771477200000,66780.1,66853.3,66666.0,66838.9,9.8048942,2026-02-19 05:00:00+00:00
1771480800000,66838.7,67254.9,66835.3,67105.0,132.17053647,2026-02-19 06:00:00+00:00
1771484400000,67112.3,67296.2,67000.1,67173.0,37.11744564,2026-02-19 07:00:00+00:00
1771488000000,67173.0,67173.6,66768.4,66920.0,38.08742429,2026-02-19 08:00:00+00:00
1771491600000,66936.2,67145.7,66738.5,66810.0,13.66205858,2026-02-19 09:00:00+00:00
1771495200000,66810.1,66920.0,66724.5,66804.0,6.59001211,2026-02-19 10:00:00+00:00
1771498800000,66804.0,66887.1,66447.4,66465.0,42.28050889,2026-02-19 11:00:00+00:00
1771502400000,66465.0,66640.0,66286.3,66486.9,51.23202625,2026-02-19 12:00:00+00:00
1771506000000,66486.9,66529.7,65757.5,65889.9,212.05809932,2026-02-19 13:00:00+00:00
1771509600000,65889.9,66629.3,65620.1,66380.0,202.70418781,2026-02-19 14:00:00+00:00
1771513200000,66380.0,66708.3,65958.0,66382.7,192.749623,2026-02-19 15:00:00+00:00
1771516800000,66382.7,66483.0,65881.2,66300.0,69.09684646,2026-02-19 16:00:00+00:00
1771520400000,66286.4,67000.0,66152.3,66339.9,109.25616439,2026-02-19 17:00:00+00:00
1771524000000,66340.0,67005.2,66220.0,67003.8,207.90378077,2026-02-19 18:00:00+00:00
1771527600000,67004.6,67170.6,66678.3,67020.0,73.11647568,2026-02-19 19:00:00+00:00
1771531200000,67020.0,67141.9,66817.3,67106.0,143.35209929,2026-02-19 20:00:00+00:00
1771534800000,67107.9,67132.2,66893.6,66898.0,43.85276233,2026-02-19 21:00:00+00:00
1771538400000,66898.0,66960.0,66643.4,66900.0,52.22999254,2026-02-19 22:00:00+00:00
1771542000000,66900.1,66997.9,66790.7,66955.3,17.63073901,2026-02-19 23:00:00+00:00
1771545600000,66955.3,67436.5,66922.9,67215.8,107.12001909,2026-02-20 00:00:00+00:00
1771549200000,67200.1,67319.4,67125.7,67260.0,21.2379299,2026-02-20 01:00:00+00:00
1771552800000,67260.0,67318.7,67162.8,67240.0,17.89913279,2026-02-20 02:00:00+00:00
1771556400000,67225.0,67447.5,67215.4,67340.0,14.08477396,2026-02-20 03:00:00+00:00
1771560000000,67340.0,67358.1,67081.5,67228.7,30.69943131,2026-02-20 04:00:00+00:00
1771563600000,67228.7,67984.6,67177.4,67739.8,175.2628183,2026-02-20 05:00:00+00:00
1771567200000,67739.9,67857.5,67643.2,67815.7,43.10485935,2026-02-20 06:00:00+00:00
1771570800000,67815.7,67960.0,67744.6,67780.0,22.89591756,2026-02-20 07:00:00+00:00
1771574400000,67780.0,67912.0,67733.6,67848.5,9.4546766,2026-02-20 08:00:00+00:00
1771578000000,67848.5,68200.0,67848.5,68192.4,86.55394498,2026-02-20 09:00:00+00:00
1771581600000,68190.6,68266.3,67849.0,67898.8,41.34589938,2026-02-20 10:00:00+00:00
1771585200000,67898.9,67950.0,67263.6,67286.6,47.12022009,2026-02-20 11:00:00+00:00
1771588800000,67286.7,67555.5,67255.5,67508.9,52.18947356,2026-02-20 12:00:00+00:00
1771592400000,67508.9,67508.9,66450.0,66780.6,280.89714283,2026-02-20 13:00:00+00:00
1771596000000,66780.6,67295.7,66657.5,67060.1,194.78699779,2026-02-20 14:00:00+00:00
1771599600000,67060.1,68000.0,66540.5,67585.7,340.64523121,2026-02-20 15:00:00+00:00
1771603200000,67570.9,67887.4,67280.1,67799.8,139.37434001,2026-02-20 16:00:00+00:00
1771606800000,67780.1,67780.1,66965.1,67591.0,324.11554429,2026-02-20 17:00:00+00:00
1771610400000,67591.0,67962.0,67447.4,67904.3,146.00972842,2026-02-20 18:00:00+00:00
1771614000000,67904.3,67978.4,67530.4,67619.9,112.30664673,2026-02-20 19:00:00+00:00
1771617600000,67619.9,67798.1,67519.3,67722.0,38.34252402,2026-02-20 20:00:00+00:00
1771621200000,67721.9,67800.0,67620.7,67787.9,36.91025512,2026-02-20 21:00:00+00:00
1771624800000,67787.9,68092.9,67625.3,68050.0,261.76905027,2026-02-20 22:00:00+00:00
1771628400000,68050.0,68200.5,67900.0,67998.2,148.98357266,2026-02-20 23:00:00+00:00
1771632000000,67998.2,68006.3,67786.0,67801.1,41.16086366,2026-02-21 00:00:00+00:00
1771635600000,67801.1,67960.0,67801.0,67940.1,5.8968468,2026-02-21 01:00:00+00:00
1771639200000,67940.1,68069.6,67900.0,67980.0,13.54779754,2026-02-21 02:00:00+00:00
1771642800000,67980.1,67980.1,67538.0,67642.7,28.61760131,2026-02-21 03:00:00+00:00
1771646400000,67642.8,67818.0,67577.6,67796.8,8.31987292,2026-02-21 04:00:00+00:00
1771650000000,67796.9,67860.0,67796.8,67823.5,10.65148645,2026-02-21 05:00:00+00:00
1771653600000,67823.5,67900.0,67731.3,67759.9,10.20671114,2026-02-21 06:00:00+00:00
1771657200000,67760.0,67848.3,67736.4,67835.2,10.29756234,2026-02-21 07:00:00+00:00
1771660800000,67835.2,68048.0,67812.4,68048.0,47.57133774,2026-02-21 08:00:00+00:00
1771664400000,68048.0,68266.1,67960.0,68134.4,40.73803536,2026-02-21 09:00:00+00:00
1771668000000,68134.4,68221.6,68126.3,68175.4,47.65834548,2026-02-21 10:00:00+00:00
1771671600000,68175.4,68248.7,68066.2,68066.3,25.29818099,2026-02-21 11:00:00+00:00
1771675200000,68066.3,68178.4,67905.4,68178.3,11.14436629,2026-02-21 12:00:00+00:00
1771678800000,68178.3,68222.0,68105.0,68221.9,13.77467527,2026-02-21 13:00:00+00:00
1771682400000,68222.0,68653.3,68160.3,68428.5,114.87853686,2026-02-21 14:00:00+00:00
1771686000000,68423.7,68678.8,68400.0,68622.6,40.58173122,2026-02-21 15:00:00+00:00
1771689600000,68600.1,68600.1,68079.0,68301.1,356.96356914,2026-02-21 16:00:00+00:00
1771693200000,68307.3,68445.5,68184.6,68400.1,15.30968088,2026-02-21 17:00:00+00:00
1771696800000,68400.1,68600.0,68382.9,68543.0,64.69854996,2026-02-21 18:00:00+00:00
1771700400000,68543.0,68600.0,68499.7,68519.6,171.00288927,2026-02-21 19:00:00+00:00
1771704000000,68519.6,68580.3,68189.4,68197.8,48.20622311,2026-02-21 20:00:00+00:00
1771707600000,68197.7,68360.0,68166.7,68359.9,42.28265161,2026-02-21 21:00:00+00:00
1771711200000,68359.9,68407.7,67879.2,67962.8,46.71219961,2026-02-21 22:00:00+00:00
1771714800000,67962.9,68094.7,67927.7,67966.6,18.86535049,2026-02-21 23:00:00+00:00
1771718400000,67966.7,68030.4,67800.0,67919.9,65.55128876,2026-02-22 00:00:00+00:00
1771722000000,67920.0,68140.0,67919.9,68109.0,21.38083538,2026-02-22 01:00:00+00:00
1771725600000,68129.9,68187.9,67864.6,67892.5,29.59254007,2026-02-22 02:00:00+00:00
1771729200000,67892.6,68030.0,67820.0,68019.0,13.47801177,2026-02-22 03:00:00+00:00
1771732800000,68019.1,68058.8,67960.0,67961.4,26.63750898,2026-02-22 04:00:00+00:00
1771736400000,67961.5,67982.3,67866.4,67939.9,6.52163178,2026-02-22 05:00:00+00:00
1771740000000,67940.0,68155.7,67939.9,68033.7,29.72853876,2026-02-22 06:00:00+00:00
1771743600000,68033.7,68080.3,67974.0,68000.1,13.69886616,2026-02-22 07:00:00+00:00
1771747200000,68000.1,68000.1,67918.5,67960.0,7.05692388,2026-02-22 08:00:00+00:00
1771750800000,67948.1,68077.4,67948.0,68060.0,29.76976588,2026-02-22 09:00:00+00:00
1771754400000,68060.1,68124.4,68010.1,68124.3,14.9697406,2026-02-22 10:00:00+00:00
1771758000000,68124.4,68214.5,68124.3,68195.2,13.16641959,2026-02-22 11:00:00+00:00
1771761600000,68195.2,68202.1,67900.0,67934.9,106.95561319,2026-02-22 12:00:00+00:00
1771765200000,67935.0,68000.0,67561.3,67634.1,147.06077823,2026-02-22 13:00:00+00:00
1771768800000,67634.1,67663.0,67348.7,67430.9,182.07640037,2026-02-22 14:00:00+00:00
1771772400000,67431.0,67789.7,67285.1,67668.2,47.64240917,2026-02-22 15:00:00+00:00
1771776000000,67668.2,67668.2,67494.6,67614.6,117.85469454,2026-02-22 16:00:00+00:00
1771779600000,67614.6,67614.6,67180.0,67328.6,65.72641815,2026-02-22 17:00:00+00:00
1771783200000,67358.5,67435.8,67301.9,67413.5,18.42749576,2026-02-22 18:00:00+00:00
1771786800000,67413.5,67450.0,67374.6,67389.1,29.15872539,2026-02-22 19:00:00+00:00
1771790400000,67389.1,67446.7,67321.1,67350.9,72.74920822,2026-02-22 20:00:00+00:00
1771794000000,67350.9,67594.7,67350.9,67590.7,39.86457523,2026-02-22 21:00:00+00:00
1771797600000,67590.7,67709.1,67461.8,67653.6,20.81675562,2026-02-22 22:00:00+00:00
1771801200000,67653.7,67684.7,67447.0,67612.1,16.53972153,2026-02-22 23:00:00+00:00
1771804800000,67612.1,67653.3,66701.3,66715.4,115.6110147,2026-02-23 00:00:00+00:00
1771808400000,66715.4,66715.4,64203.2,64417.4,620.70215848,2026-02-23 01:00:00+00:00
1771812000000,64410.7,64886.7,64334.3,64774.2,100.67752454,2026-02-23 02:00:00+00:00
1771815600000,64774.3,65025.0,64688.5,64940.1,67.33884702,2026-02-23 03:00:00+00:00
1771819200000,64940.1,65012.6,64679.9,64810.1,37.52869164,2026-02-23 04:00:00+00:00
1771822800000,64810.1,65201.3,64810.0,65039.9,190.0939851,2026-02-23 05:00:00+00:00
1771826400000,65040.0,65770.4,65024.2,65749.7,56.48240939,2026-02-23 06:00:00+00:00
1771830000000,65749.7,65983.7,65654.5,65943.6,203.30338472,2026-02-23 07:00:00+00:00
1771833600000,65943.6,65943.6,65580.0,65672.1,28.87011457,2026-02-23 08:00:00+00:00
1771837200000,65672.1,66428.8,65672.0,66400.1,71.36799054,2026-02-23 09:00:00+00:00
1771840800000,66396.8,66562.5,66232.0,66315.6,56.37951354,2026-02-23 10:00:00+00:00
1771844400000,66315.6,66476.5,66118.7,66199.9,55.32968003,2026-02-23 11:00:00+00:00
1771848000000,66199.9,66513.4,65907.4,66260.5,56.80382732,2026-02-23 12:00:00+00:00
1771851600000,66260.5,66424.0,66110.8,66130.0,61.72022661,2026-02-23 13:00:00+00:00
1771855200000,66130.0,66250.0,65500.0,65920.0,117.44682489,2026-02-23 14:00:00+00:00
1771858800000,65920.0,66203.3,65578.2,65645.4,82.46309673,2026-02-23 15:00:00+00:00
1771862400000,65645.9,65699.9,65169.4,65340.0,121.05548828,2026-02-23 16:00:00+00:00
1771866000000,65340.0,65442.5,64160.4,64800.0,259.49861368,2026-02-23 17:00:00+00:00
1771869600000,64803.0,65152.1,64579.4,64622.8,102.60463508,2026-02-23 18:00:00+00:00
1771873200000,64622.9,64826.0,64088.0,64274.5,324.89316109,2026-02-23 19:00:00+00:00
1771876800000,64282.8,64464.0,63888.0,64464.0,178.212846,2026-02-23 20:00:00+00:00
1771880400000,64459.1,64771.8,64440.3,64550.7,70.51855587,2026-02-23 21:00:00+00:00
1771884000000,64550.7,64988.8,64549.4,64704.1,165.77250162,2026-02-23 22:00:00+00:00
1771887600000,64704.1,64877.7,64512.2,64624.1,323.25867409,2026-02-23 23:00:00+00:00
1771891200000,64624.1,64971.0,64624.0,64906.1,62.96051795,2026-02-24 00:00:00+00:00
1771894800000,64906.1,64906.1,63351.6,64130.5,208.14895844,2026-02-24 01:00:00+00:00
1771898400000,64130.5,64458.0,63995.5,64100.0,31.34117064,2026-02-24 02:00:00+00:00
1771902000000,64100.0,64100.0,63123.6,63542.0,531.23675493,2026-02-24 03:00:00+00:00
1771905600000,63542.1,63574.7,62859.0,63343.5,160.52547059,2026-02-24 04:00:00+00:00
1771909200000,63343.5,63500.0,62679.6,63069.8,123.2315059,2026-02-24 05:00:00+00:00
1771912800000,63069.8,63285.0,62881.5,63061.3,31.04196315,2026-02-24 06:00:00+00:00
1771916400000,63061.3,63330.9,62910.1,63155.0,83.3697285,2026-02-24 07:00:00+00:00
1771920000000,63160.0,63408.4,63001.8,63380.1,40.35983758,2026-02-24 08:00:00+00:00
1771923600000,63380.2,63402.4,62929.5,63226.9,53.17134847,2026-02-24 09:00:00+00:00
1771927200000,63226.9,63340.0,63120.0,63285.4,47.52556057,2026-02-24 10:00:00+00:00
1771930800000,63285.4,63302.2,63062.0,63224.2,53.87183981,2026-02-24 11:00:00+00:00
1771934400000,63224.2,63330.0,62951.0,62955.4,74.01186058,2026-02-24 12:00:00+00:00
1771938000000,62957.1,63088.6,62500.0,62904.5,107.03804975,2026-02-24 13:00:00+00:00
1771941600000,62904.5,63817.6,62747.1,63461.7,165.8373877,2026-02-24 14:00:00+00:00
1771945200000,63458.4,64009.3,63323.5,63976.0,249.11223372,2026-02-24 15:00:00+00:00
1771948800000,63976.1,64415.1,63700.0,64264.3,126.78264273,2026-02-24 16:00:00+00:00
1771952400000,64264.3,64504.2,64056.9,64238.6,79.97877322,2026-02-24 17:00:00+00:00
1771956000000,64220.1,64496.9,63932.9,64436.7,89.75625509,2026-02-24 18:00:00+00:00
1771959600000,64436.7,64717.0,64259.7,64435.5,98.39617058,2026-02-24 19:00:00+00:00
1771963200000,64435.5,64580.1,64319.3,64476.2,94.18241293,2026-02-24 20:00:00+00:00
1771966800000,64469.3,64469.3,63849.5,64048.9,59.06443481,2026-02-24 21:00:00+00:00
1771970400000,64047.4,64226.1,63982.7,64116.4,20.41422986,2026-02-24 22:00:00+00:00
1771974000000,64124.7,64248.0,63835.0,64061.9,73.57058261,2026-02-24 23:00:00+00:00
1771977600000,64062.0,64311.2,63921.3,64223.2,31.0280757,2026-02-25 00:00:00+00:00
1771981200000,64223.2,66311.8,64159.7,65918.8,281.09927456,2026-02-25 01:00:00+00:00
1771984800000,65918.7,66293.4,65878.3,65885.7,228.10999647,2026-02-25 02:00:00+00:00
1771988400000,65885.7,65944.4,65361.4,65383.4,41.93650412,2026-02-25 03:00:00+00:00
1771992000000,65383.4,65628.6,65130.5,65438.0,86.50589872,2026-02-25 04:00:00+00:00
1771995600000,65438.0,65494.4,64777.4,64855.1,83.38463269,2026-02-25 05:00:00+00:00
1771999200000,64855.1,65111.1,64855.1,64887.0,16.33216155,2026-02-25 06:00:00+00:00
1772002800000,64887.0,65173.5,64777.3,65037.4,31.74535961,2026-02-25 07:00:00+00:00
1772006400000,65037.4,65557.8,64960.8,65520.9,87.73770155,2026-02-25 08:00:00+00:00
1772010000000,65520.5,65668.0,65436.1,65544.7,25.18373426,2026-02-25 09:00:00+00:00
1772013600000,65544.7,65634.8,65344.4,65391.9,39.32035243,2026-02-25 10:00:00+00:00
1772017200000,65391.3,65472.1,65165.0,65412.0,56.95962688,2026-02-25 11:00:00+00:00
1772020800000,65412.0,66222.9,65324.8,66041.9,74.67453134,2026-02-25 12:00:00+00:00
1772024400000,66041.9,66719.9,66007.8,66236.2,197.54485835,2026-02-25 13:00:00+00:00
1772028000000,66236.2,67000.0,66217.0,66975.8,170.65324659,2026-02-25 14:00:00+00:00
1772031600000,66976.1,67562.3,66707.6,67407.5,299.02052203,2026-02-25 15:00:00+00:00
1772035200000,67414.1,68324.4,67413.9,68300.5,346.90261132,2026-02-25 16:00:00+00:00
1772038800000,68300.6,68888.0,68040.7,68690.1,243.31537947,2026-02-25 17:00:00+00:00
1772042400000,68690.1,69549.9,68371.8,69330.6,325.12131615,2026-02-25 18:00:00+00:00
1772046000000,69330.6,69400.0,68789.9,69038.9,75.73337813,2026-02-25 19:00:00+00:00
1772049600000,69039.0,69377.0,68650.0,69174.1,136.15036528,2026-02-25 20:00:00+00:00
1772053200000,69165.2,70000.0,68806.0,68947.7,190.76406089,2026-02-25 21:00:00+00:00
1772056800000,68947.7,69211.4,68091.3,68463.0,132.42449571,2026-02-25 22:00:00+00:00
1772060400000,68435.9,68682.1,67620.0,67978.6,142.34314808,2026-02-25 23:00:00+00:00
1772064000000,67978.6,68525.7,67745.2,68349.6,72.47985683,2026-02-26 00:00:00+00:00
1772067600000,68349.6,68690.3,68229.5,68250.2,36.89829937,2026-02-26 01:00:00+00:00
1772071200000,68250.2,68335.2,67814.1,68280.5,31.95722548,2026-02-26 02:00:00+00:00
1772074800000,68275.7,68369.7,68061.5,68213.4,45.08255659,2026-02-26 03:00:00+00:00
1772078400000,68213.4,68855.4,68202.0,68593.1,22.51460882,2026-02-26 04:00:00+00:00
1772082000000,68593.1,68593.1,68141.8,68439.9,22.52220718,2026-02-26 05:00:00+00:00
1772085600000,68439.9,68517.5,68074.8,68181.3,34.21212667,2026-02-26 06:00:00+00:00
1772089200000,68180.4,68281.0,67833.5,67833.6,25.09661168,2026-02-26 07:00:00+00:00
1772092800000,67833.6,68235.9,67824.1,67924.6,25.87277461,2026-02-26 08:00:00+00:00
1772096400000,67945.1,68632.7,67945.1,68591.7,66.6190302,2026-02-26 09:00:00+00:00
1772100000000,68591.9,68703.1,68271.4,68308.7,19.52683693,2026-02-26 10:00:00+00:00
1772103600000,68308.7,68385.1,67993.3,68037.3,29.32316742,2026-02-26 11:00:00+00:00
1772107200000,68037.3,68281.6,68032.2,68156.1,44.07028894,2026-02-26 12:00:00+00:00
1772110800000,68156.1,68201.2,67850.0,67924.4,64.49392435,2026-02-26 13:00:00+00:00
1772114400000,67908.9,68263.0,67279.3,67692.3,214.63991341,2026-02-26 14:00:00+00:00
1772118000000,67692.4,67738.3,66747.8,67374.2,221.92696678,2026-02-26 15:00:00+00:00
1772121600000,67368.7,67553.4,66513.0,66624.8,263.3409362,2026-02-26 16:00:00+00:00
1772125200000,66624.8,67043.4,66602.0,66838.9,135.44212036,2026-02-26 17:00:00+00:00
1772128800000,66838.9,67350.4,66588.5,67297.8,141.62762545,2026-02-26 18:00:00+00:00
1772132400000,67305.6,67842.7,67282.1,67601.9,254.26320366,2026-02-26 19:00:00+00:00
1772136000000,67601.9,67825.7,67291.5,67395.2,117.07292744,2026-02-26 20:00:00+00:00
1772139600000,67415.0,67570.3,67137.3,67452.7,76.31967168,2026-02-26 21:00:00+00:00
1772143200000,67452.8,67627.2,67337.9,67590.7,29.7956732,2026-02-26 22:00:00+00:00
1772146800000,67590.7,67651.5,67404.7,67461.5,33.71241439,2026-02-26 23:00:00+00:00
1772150400000,67484.2,67546.9,67021.4,67224.2,101.86953866,2026-02-27 00:00:00+00:00
1772154000000,67224.2,67376.1,66881.8,67357.9,33.50996729,2026-02-27 01:00:00+00:00
1772157600000,67357.9,67528.1,67283.4,67283.4,47.75377132,2026-02-27 02:00:00+00:00
1772161200000,67269.2,67697.7,67113.8,67607.4,42.88705426,2026-02-27 03:00:00+00:00
1772164800000,67607.4,68202.3,67580.0,67720.4,74.29038016,2026-02-27 04:00:00+00:00
1772168400000,67733.5,67910.2,67692.1,67702.9,17.59973686,2026-02-27 05:00:00+00:00
1772172000000,67720.4,67829.1,67538.1,67659.9,18.59545533,2026-02-27 06:00:00+00:00
1772175600000,67659.9,67754.8,67467.5,67681.7,30.11388301,2026-02-27 07:00:00+00:00
1772179200000,67681.7,68061.8,67664.7,67955.9,74.97937938,2026-02-27 08:00:00+00:00
1772182800000,67951.1,68123.9,67298.9,67385.1,93.2648638,2026-02-27 09:00:00+00:00
1772186400000,67365.2,67418.4,66587.7,66621.0,139.63020709,2026-02-27 10:00:00+00:00
1772190000000,66621.1,66783.2,65984.1,66125.0,229.11255602,2026-02-27 11:00:00+00:00
1772193600000,66125.0,66203.7,65748.0,65934.1,92.58004763,2026-02-27 12:00:00+00:00
1772197200000,65925.2,66345.4,65690.0,66287.1,158.33958342,2026-02-27 13:00:00+00:00
1772200800000,66287.1,66327.2,65722.2,65913.6,146.72499251,2026-02-27 14:00:00+00:00
1772204400000,65894.2,66293.5,65861.4,66125.3,82.30168577,2026-02-27 15:00:00+00:00
1772208000000,66111.4,66130.6,65473.9,65488.6,232.61757495,2026-02-27 16:00:00+00:00
1772211600000,65488.6,65762.1,65114.7,65711.3,221.72642692,2026-02-27 17:00:00+00:00
1772215200000,65711.3,65785.7,65221.0,65307.8,126.58209363,2026-02-27 18:00:00+00:00
1772218800000,65307.8,65454.0,65183.0,65393.4,105.53020565,2026-02-27 19:00:00+00:00
1772222400000,65393.4,65652.2,65393.3,65586.5,48.52541404,2026-02-27 20:00:00+00:00
1772226000000,65586.5,65739.0,65403.5,65528.2,63.41153534,2026-02-27 21:00:00+00:00
1772229600000,65528.2,65668.0,64925.0,65633.1,181.17475817,2026-02-27 22:00:00+00:00
1772233200000,65633.1,65948.4,65561.2,65869.7,27.71884418,2026-02-27 23:00:00+00:00
1772236800000,65869.7,66003.4,65735.4,65941.1,78.02102601,2026-02-28 00:00:00+00:00
1772240400000,65941.1,65966.7,65750.0,65787.7,20.68512336,2026-02-28 01:00:00+00:00
1772244000000,65774.1,66000.0,65752.8,65978.4,26.08729418,2026-02-28 02:00:00+00:00
1772247600000,65978.4,65978.4,65757.4,65786.2,25.80617778,2026-02-28 03:00:00+00:00
1772251200000,65786.2,65808.9,65502.7,65660.6,14.19015148,2026-02-28 04:00:00+00:00
1772254800000,65660.6,65709.6,65509.0,65561.5,11.81521699,2026-02-28 05:00:00+00:00
1772258400000,65578.9,65587.3,63030.0,63247.9,340.0204798,2026-02-28 06:00:00+00:00
1772262000000,63229.7,64320.4,63055.9,63819.2,223.72616377,2026-02-28 07:00:00+00:00
1772265600000,63819.3,63856.4,63425.7,63468.0,98.9052132,2026-02-28 08:00:00+00:00
1772269200000,63468.0,63921.8,63384.2,63673.2,66.65282781,2026-02-28 09:00:00+00:00
1772272800000,63669.1,64051.4,63490.7,64009.1,111.58526937,2026-02-28 10:00:00+00:00
1772276400000,64009.2,64295.7,63804.0,63845.7,58.03975989,2026-02-28 11:00:00+00:00
1772280000000,63845.8,64085.9,63837.8,64011.7,23.54752728,2026-02-28 12:00:00+00:00
1772283600000,64011.8,65219.5,63912.2,65098.0,157.77461202,2026-02-28 13:00:00+00:00
1772287200000,65107.1,65358.6,64284.1,64446.5,365.4998997,2026-02-28 14:00:00+00:00
1772290800000,64446.5,65016.0,64203.3,64855.5,80.57838315,2026-02-28 15:00:00+00:00
1772294400000,64855.5,65191.9,64688.4,65102.5,100.38273658,2026-02-28 16:00:00+00:00
1772298000000,65102.5,65578.4,64863.6,65442.2,95.54188521,2026-02-28 17:00:00+00:00
1772301600000,65442.2,66195.3,65199.0,65908.5,147.60694008,2026-02-28 18:00:00+00:00
1772305200000,65908.6,66652.3,65604.3,66372.3,211.8741493,2026-02-28 19:00:00+00:00
1772308800000,66372.3,67131.8,66214.0,66972.6,295.08388923,2026-02-28 20:00:00+00:00
1772312400000,66964.8,67013.3,66387.4,66718.8,136.91530401,2026-02-28 21:00:00+00:00
1772316000000,66718.8,67725.2,66619.0,67130.5,350.87954463,2026-02-28 22:00:00+00:00
1772319600000,67124.1,67220.5,66764.6,66985.6,82.8096243,2026-02-28 23:00:00+00:00
1772323200000,66985.7,67117.8,66644.5,66823.4,44.21775198,2026-03-01 00:00:00+00:00
1772326800000,66801.0,67683.9,66086.6,67346.4,167.86288185,2026-03-01 01:00:00+00:00
1772330400000,67346.2,68181.2,67342.1,67635.4,243.75800591,2026-03-01 02:00:00+00:00
1772334000000,67635.4,67798.4,67418.6,67509.8,35.86421664,2026-03-01 03:00:00+00:00
1772337600000,67509.8,67600.0,67101.8,67340.9,40.66436668,2026-03-01 04:00:00+00:00
1772341200000,67340.9,67554.1,67209.1,67302.7,21.39154788,2026-03-01 05:00:00+00:00
1772344800000,67282.9,67333.2,66807.0,66935.7,81.83280692,2026-03-01 06:00:00+00:00
1772348400000,66935.8,67215.9,66793.3,67118.2,30.97713821,2026-03-01 07:00:00+00:00
1772352000000,67118.2,67279.2,66465.0,66541.4,39.70181563,2026-03-01 08:00:00+00:00
1772355600000,66550.0,66779.6,66255.2,66395.4,41.88923163,2026-03-01 09:00:00+00:00
1772359200000,66412.4,66724.3,66239.2,66466.9,28.6213519,2026-03-01 10:00:00+00:00
1772362800000,66467.0,66651.7,66388.1,66470.5,17.41538689,2026-03-01 11:00:00+00:00
1772366400000,66470.5,66543.5,66245.9,66314.1,21.45102502,2026-03-01 12:00:00+00:00
1772370000000,66314.2,67394.0,66148.4,66948.2,75.46998604,2026-03-01 13:00:00+00:00
1772373600000,66948.2,67289.7,66767.3,66873.3,35.82510316,2026-03-01 14:00:00+00:00
1772377200000,66873.4,67250.0,66831.1,66844.0,53.36401894,2026-03-01 15:00:00+00:00
1772380800000,66844.0,67100.7,65850.0,66137.6,258.30688312,2026-03-01 16:00:00+00:00
1772384400000,66137.6,66227.2,65740.6,65986.2,75.77438909,2026-03-01 17:00:00+00:00
1772388000000,65986.3,66655.3,65986.3,66322.0,129.92028589,2026-03-01 18:00:00+00:00
1772391600000,66322.0,66354.2,65794.2,65965.8,85.45942703,2026-03-01 19:00:00+00:00
1772395200000,65965.7,65965.7,65100.0,65296.0,213.76932295,2026-03-01 20:00:00+00:00
1772398800000,65296.1,65746.9,65296.0,65686.2,26.28676871,2026-03-01 21:00:00+00:00
1772402400000,65686.2,66499.9,65056.4,65225.6,301.09441899,2026-03-01 22:00:00+00:00
1772406000000,65229.1,66109.4,65111.2,65748.8,102.08434591,2026-03-01 23:00:00+00:00
1772409600000,65764.3,66777.0,65763.9,66514.5,68.67274359,2026-03-02 00:00:00+00:00
1772413200000,66510.4,67056.2,66394.0,66542.7,87.48481291,2026-03-02 01:00:00+00:00
1772416800000,66542.8,66612.7,65903.7,66284.3,111.24282481,2026-03-02 02:00:00+00:00
1772420400000,66284.3,67029.4,66107.6,66818.7,63.69763732,2026-03-02 03:00:00+00:00
1772424000000,66818.7,66962.6,66636.6,66843.1,56.87608194,2026-03-02 04:00:00+00:00
1772427600000,66843.1,66998.0,66588.4,66715.2,47.25196844,2026-03-02 05:00:00+00:00
1772431200000,66715.2,66735.1,66071.1,66215.1,31.94013563,2026-03-02 06:00:00+00:00
1772434800000,66215.1,66215.1,65559.6,66002.1,40.64654164,2026-03-02 07:00:00+00:00
1772438400000,66002.5,66299.4,65675.9,66264.0,74.22114287,2026-03-02 08:00:00+00:00
1772442000000,66283.0,66708.3,66182.2,66182.2,38.24260488,2026-03-02 09:00:00+00:00
1772445600000,66182.3,66371.7,66102.9,66299.6,24.93915439,2026-03-02 10:00:00+00:00
1772449200000,66310.0,66466.2,66023.6,66343.0,48.41986765,2026-03-02 11:00:00+00:00
1772452800000,66343.0,66382.7,65920.1,65955.8,24.8228176,2026-03-02 12:00:00+00:00
1772456400000,65955.9,66113.4,65345.7,65432.5,165.16291685,2026-03-02 13:00:00+00:00
1772460000000,65432.6,67225.0,65269.2,67148.2,391.69504631,2026-03-02 14:00:00+00:00
1772463600000,67148.2,69603.1,66979.6,69119.7,827.5095393,2026-03-02 15:00:00+00:00
1772467200000,69126.8,70100.0,68946.5,69423.5,437.92642139,2026-03-02 16:00:00+00:00
1772470800000,69423.5,69568.8,68804.8,69184.4,126.44630788,2026-03-02 17:00:00+00:00
1772474400000,69184.4,69253.2,68755.2,68879.0,115.95858507,2026-03-02 18:00:00+00:00
1772478000000,68879.1,69045.6,68578.4,68956.3,121.56306743,2026-03-02 19:00:00+00:00
1772481600000,68964.9,69514.6,68600.1,69132.1,125.83556804,2026-03-02 20:00:00+00:00
1772485200000,69105.9,69533.3,69013.6,69422.5,86.41154348,2026-03-02 21:00:00+00:00
1772488800000,69420.7,69505.9,69166.3,69432.1,62.89765494,2026-03-02 22:00:00+00:00
1772492400000,69432.1,69485.9,68753.0,68808.4,62.18106258,2026-03-02 23:00:00+00:00
1772496000000,68810.8,69167.4,68665.7,69096.4,37.29634344,2026-03-03 00:00:00+00:00
1772499600000,69096.5,69236.5,68748.3,68748.3,40.28074091,2026-03-03 01:00:00+00:00
1772503200000,68748.3,68748.3,68233.8,68527.6,68.56208331,2026-03-03 02:00:00+00:00
1772506800000,68515.1,68527.7,68238.7,68367.8,40.13847882,2026-03-03 03:00:00+00:00
1772510400000,68367.8,68444.8,68058.6,68112.7,26.37643096,2026-03-03 04:00:00+00:00
1772514000000,68112.7,68553.5,67854.8,67941.5,68.25359167,2026-03-03 05:00:00+00:00
1772517600000,67941.5,68194.3,67808.0,68116.3,80.69717327,2026-03-03 06:00:00+00:00
1772521200000,68116.4,68269.8,67947.3,68146.9,84.82824663,2026-03-03 07:00:00+00:00
1772524800000,68162.6,68289.9,66911.6,66993.3,250.93943987,2026-03-03 08:00:00+00:00
1772528400000,66993.3,67179.1,66356.0,66633.6,100.86418024,2026-03-03 09:00:00+00:00
1772532000000,66633.7,67001.0,66451.8,66823.7,142.39731469,2026-03-03 10:00:00+00:00
1772535600000,66827.7,67142.1,66775.7,67014.3,66.95925501,2026-03-03 11:00:00+00:00
1772539200000,67014.3,67934.2,67014.3,67372.8,71.31654677,2026-03-03 12:00:00+00:00
1772542800000,67372.9,67405.0,66628.9,66922.6,59.124352,2026-03-03 13:00:00+00:00
1772546400000,66922.7,67557.5,66164.3,66556.1,295.69474042,2026-03-03 14:00:00+00:00
1772550000000,66556.1,67821.7,66468.8,67717.1,277.87446344,2026-03-03 15:00:00+00:00
1772553600000,67717.1,68979.1,67495.3,68165.8,281.85442639,2026-03-03 16:00:00+00:00
1772557200000,68173.3,68389.0,67659.8,68317.8,407.97172043,2026-03-03 17:00:00+00:00
1772560800000,68317.9,68909.0,68009.7,68623.2,113.7367387,2026-03-03 18:00:00+00:00
1772564400000,68623.2,68872.0,68340.5,68450.7,125.18694951,2026-03-03 19:00:00+00:00
1772568000000,68450.8,68575.0,68097.1,68264.6,91.32604703,2026-03-03 20:00:00+00:00
1772571600000,68264.5,68264.5,67833.9,68035.0,43.3092875,2026-03-03 21:00:00+00:00
1772575200000,68035.0,68504.8,68028.4,68305.6,73.45881154,2026-03-03 22:00:00+00:00
1772578800000,68312.3,68838.9,68252.3,68336.7,93.51397175,2026-03-03 23:00:00+00:00
1772582400000,68336.7,68421.5,67886.0,68116.7,39.07780953,2026-03-04 00:00:00+00:00
1772586000000,68116.8,68897.7,67973.3,68401.8,58.69706468,2026-03-04 01:00:00+00:00
1772589600000,68418.0,68431.4,68009.7,68314.7,57.48607548,2026-03-04 02:00:00+00:00
1772593200000,68314.7,68381.3,67419.7,67738.0,95.69185441,2026-03-04 03:00:00+00:00
1772596800000,67738.0,67936.3,67481.4,67795.3,54.17991402,2026-03-04 04:00:00+00:00
1772600400000,67795.3,68361.4,67692.0,68206.6,33.86312115,2026-03-04 05:00:00+00:00
1772604000000,68206.6,68657.4,68045.1,68497.1,87.62318413,2026-03-04 06:00:00+00:00
1772607600000,68497.1,69636.5,68355.6,69507.9,122.10205065,2026-03-04 07:00:00+00:00
1772611200000,69504.8,71167.8,69142.6,71000.0,572.77819306,2026-03-04 08:00:00+00:00
1772614800000,71000.0,71889.9,70726.1,71514.6,526.81983216,2026-03-04 09:00:00+00:00
1772618400000,71514.6,71869.1,71212.3,71324.7,149.13391301,2026-03-04 10:00:00+00:00
1772622000000,71328.0,71490.0,70935.2,71124.9,77.04133506,2026-03-04 11:00:00+00:00
1772625600000,71124.9,71357.5,70604.1,71345.0,191.93112565,2026-03-04 12:00:00+00:00
1772629200000,71345.0,71627.1,71233.0,71479.1,85.27078891,2026-03-04 13:00:00+00:00
1772632800000,71480.3,72600.1,71324.1,71604.3,498.88606025,2026-03-04 14:00:00+00:00
1772636400000,71624.5,73500.0,71616.2,73429.7,678.15567017,2026-03-04 15:00:00+00:00
1772640000000,73429.7,73553.0,72574.4,73348.6,369.99337083,2026-03-04 16:00:00+00:00
1772643600000,73322.0,73782.0,72990.2,73271.0,330.7107622,2026-03-04 17:00:00+00:00
1772647200000,73258.8,73726.0,72941.1,73697.5,134.00337636,2026-03-04 18:00:00+00:00
1772650800000,73705.2,74062.1,73561.8,73651.6,194.00985281,2026-03-04 19:00:00+00:00
1772654400000,73658.4,73742.0,73077.1,73077.1,138.72269251,2026-03-04 20:00:00+00:00
1772658000000,73072.0,73350.0,72911.4,73345.7,144.63252238,2026-03-04 21:00:00+00:00
1772661600000,73345.7,73550.8,72635.8,72712.1,168.6337355,2026-03-04 22:00:00+00:00
1772665200000,72712.1,72875.7,72335.2,72684.8,74.79863265,2026-03-04 23:00:00+00:00
1772668800000,72684.8,73010.0,72582.8,72789.9,87.6984926,2026-03-05 00:00:00+00:00
1772672400000,72789.9,73300.0,72438.2,72531.5,90.84702224,2026-03-05 01:00:00+00:00
1772676000000,72542.1,72897.9,72371.8,72521.1,69.89845085,2026-03-05 02:00:00+00:00
1772679600000,72521.1,72767.2,72371.0,72510.0,36.95075239,2026-03-05 03:00:00+00:00
1772683200000,72510.0,73089.7,72480.0,72827.5,60.3938129,2026-03-05 04:00:00+00:00
1772686800000,72827.5,72917.5,72271.5,72417.5,67.08850971,2026-03-05 05:00:00+00:00
1772690400000,72417.5,72666.9,72058.7,72562.9,65.12813111,2026-03-05 06:00:00+00:00
1772694000000,72562.9,72669.8,71800.0,72067.6,110.75041566,2026-03-05 07:00:00+00:00
1772697600000,72064.6,72379.7,71793.4,72362.3,84.87003829,2026-03-05 08:00:00+00:00
1772701200000,72362.4,72878.7,72315.5,72612.2,54.48402764,2026-03-05 09:00:00+00:00
1772704800000,72611.9,73585.9,72543.4,73416.9,267.12772389,2026-03-05 10:00:00+00:00
1772708400000,73417.0,73468.7,72805.2,72925.2,84.071154,2026-03-05 11:00:00+00:00
1772712000000,72929.8,73074.2,72693.1,72917.0,49.45647587,2026-03-05 12:00:00+00:00
1772715600000,72917.0,72936.6,72217.9,72467.6,108.41600076,2026-03-05 13:00:00+00:00
1772719200000,72467.6,72880.1,71977.6,72619.7,367.60532537,2026-03-05 14:00:00+00:00
1772722800000,72619.7,72772.9,71187.9,71647.3,479.3354887,2026-03-05 15:00:00+00:00
1772726400000,71656.0,71656.0,70800.0,71322.5,701.57235981,2026-03-05 16:00:00+00:00
1772730000000,71322.5,71595.2,70612.7,70704.9,311.57272648,2026-03-05 17:00:00+00:00
1772733600000,70704.9,71084.0,70650.5,70989.4,102.57848625,2026-03-05 18:00:00+00:00
1772737200000,70989.4,71413.5,70892.7,70960.9,100.84137833,2026-03-05 19:00:00+00:00
1772740800000,70937.5,71379.2,70867.2,71248.6,60.31738723,2026-03-05 20:00:00+00:00
1772744400000,71248.5,71555.0,71041.9,71142.5,67.29770771,2026-03-05 21:00:00+00:00
1772748000000,71143.3,71361.7,71072.2,71241.5,27.79958385,2026-03-05 22:00:00+00:00
1772751600000,71222.6,71307.6,70799.2,70877.4,70.43690381,2026-03-05 23:00:00+00:00
1772755200000,70877.4,71036.9,70800.0,70954.8,29.54319444,2026-03-06 00:00:00+00:00
1772758800000,70974.8,71280.0,70412.3,71254.8,227.59502099,2026-03-06 01:00:00+00:00
1772762400000,71254.9,71386.4,71041.9,71226.9,51.35522742,2026-03-06 02:00:00+00:00
1772766000000,71227.0,71280.6,71008.9,71099.6,15.07783716,2026-03-06 03:00:00+00:00
1772769600000,71099.6,71121.4,70302.0,70615.1,53.44395909,2026-03-06 04:00:00+00:00
1772773200000,70615.2,70649.6,70150.0,70433.7,82.69665937,2026-03-06 05:00:00+00:00
1772776800000,70433.8,70833.1,70259.9,70604.4,43.92492484,2026-03-06 06:00:00+00:00
1772780400000,70604.5,71178.7,70477.1,71081.9,62.8266547,2026-03-06 07:00:00+00:00
1772784000000,71082.0,71082.0,70753.6,70773.7,31.77574128,2026-03-06 08:00:00+00:00
1772787600000,70773.7,70800.5,70298.0,70570.9,53.28521071,2026-03-06 09:00:00+00:00
1772791200000,70570.9,70773.7,70484.7,70538.7,27.97288054,2026-03-06 10:00:00+00:00
1772794800000,70538.8,70638.2,70208.3,70229.0,69.74448435,2026-03-06 11:00:00+00:00
1772798400000,70229.0,70229.0,69681.8,69939.0,393.80728095,2026-03-06 12:00:00+00:00
1772802000000,69939.1,70316.6,69228.2,69228.2,329.17342672,2026-03-06 13:00:00+00:00
1772805600000,69228.3,69257.0,68158.6,68409.7,836.03225406,2026-03-06 14:00:00+00:00
1772809200000,68422.0,69101.0,68327.8,68522.3,192.63331422,2026-03-06 15:00:00+00:00
1772812800000,68522.3,68788.7,68240.0,68449.5,116.96819472,2026-03-06 16:00:00+00:00
1772816400000,68449.6,68646.2,67748.0,67964.3,110.73339072,2026-03-06 17:00:00+00:00
1772820000000,67964.3,68468.2,67964.2,68177.2,59.6202908,2026-03-06 18:00:00+00:00
1772823600000,68177.2,68460.0,68006.0,68123.7,58.69592369,2026-03-06 19:00:00+00:00
1772827200000,68123.7,68267.0,67777.0,68117.1,67.49070463,2026-03-06 20:00:00+00:00
1772830800000,68117.1,68333.0,67942.0,68290.0,70.78907729,2026-03-06 21:00:00+00:00
1772834400000,68290.1,68411.6,68228.4,68308.3,207.82454245,2026-03-06 22:00:00+00:00
1772838000000,68308.3,68369.0,68103.0,68128.0,34.18785815,2026-03-06 23:00:00+00:00
1772841600000,68111.4,68383.8,68111.3,68300.1,19.82383893,2026-03-07 00:00:00+00:00
1772845200000,68300.1,68352.0,68190.3,68271.4,12.79772889,2026-03-07 01:00:00+00:00
1772848800000,68271.5,68367.3,68058.4,68352.1,34.60870168,2026-03-07 02:00:00+00:00
1772852400000,68352.1,68541.5,68112.6,68112.7,30.86909154,2026-03-07 03:00:00+00:00
1772856000000,68107.8,68149.2,67830.0,68072.1,33.5134644,2026-03-07 04:00:00+00:00
1772859600000,68072.1,68128.7,67922.1,67997.1,25.23074069,2026-03-07 05:00:00+00:00
1772863200000,68010.3,68015.0,67607.1,67691.9,87.53452924,2026-03-07 06:00:00+00:00
1772866800000,67692.0,67854.8,67440.8,67854.8,142.75853648,2026-03-07 07:00:00+00:00
1772870400000,67854.8,68027.0,67742.0,67802.0,18.78480202,2026-03-07 08:00:00+00:00
1772874000000,67802.0,68055.7,67743.7,68008.3,12.44446265,2026-03-07 09:00:00+00:00
1772877600000,68008.3,68081.5,67876.1,67876.2,62.88481435,2026-03-07 10:00:00+00:00
1772881200000,67876.2,68218.7,67866.1,68027.1,126.8949226,2026-03-07 11:00:00+00:00
1772884800000,68027.1,68072.0,67895.5,67990.4,5.07759654,2026-03-07 12:00:00+00:00
1772888400000,67990.4,68072.0,67877.1,67922.1,40.07439136,2026-03-07 13:00:00+00:00
1772892000000,67922.1,68081.3,67627.2,68027.1,18.01288334,2026-03-07 14:00:00+00:00
1772895600000,68027.1,68027.1,67791.4,67892.1,77.65733994,2026-03-07 15:00:00+00:00
1772899200000,67892.1,67892.1,67720.6,67810.1,19.59904516,2026-03-07 16:00:00+00:00
1772902800000,67810.1,67937.0,67779.9,67780.0,18.31418075,2026-03-07 17:00:00+00:00
1772906400000,67780.0,67780.0,67506.2,67580.1,35.33790695,2026-03-07 18:00:00+00:00
1772910000000,67580.1,67580.1,66962.1,67098.4,290.0951631,2026-03-07 19:00:00+00:00
1772913600000,67098.4,67426.4,67098.3,67397.1,73.46842389,2026-03-07 20:00:00+00:00
1772917200000,67397.1,67486.7,67283.8,67454.6,10.87306791,2026-03-07 21:00:00+00:00
1772920800000,67454.1,67464.0,67122.8,67249.7,40.63444592,2026-03-07 22:00:00+00:00
1772924400000,67249.8,67392.6,67187.1,67270.1,40.7108589,2026-03-07 23:00:00+00:00
1772928000000,67270.1,67472.0,67174.1,67202.1,73.34203547,2026-03-08 00:00:00+00:00
1772931600000,67202.1,67349.1,67104.5,67295.7,31.94458698,2026-03-08 01:00:00+00:00
1772935200000,67295.7,67409.4,66831.1,66916.6,54.5895848,2026-03-08 02:00:00+00:00
1772938800000,66916.7,67076.7,66858.0,67006.9,42.02685265,2026-03-08 03:00:00+00:00
1772942400000,67002.0,67092.9,66562.3,66639.0,56.85291914,2026-03-08 04:00:00+00:00
1772946000000,66637.9,67238.8,66625.9,67148.4,22.90989178,2026-03-08 05:00:00+00:00
1772949600000,67148.4,67218.4,67050.0,67166.9,10.80829575,2026-03-08 06:00:00+00:00
1772953200000,67167.0,67438.2,67166.9,67317.7,32.92545335,2026-03-08 07:00:00+00:00
1772956800000,67311.8,67557.5,67175.5,67548.5,32.969228,2026-03-08 08:00:00+00:00
1772960400000,67548.6,67891.9,67487.0,67712.0,115.0600121,2026-03-08 09:00:00+00:00
1772964000000,67700.1,68177.4,67700.1,67893.7,107.61782608,2026-03-08 10:00:00+00:00
1772967600000,67893.6,67893.8,67427.0,67528.5,36.10093485,2026-03-08 11:00:00+00:00
1772971200000,67528.5,67634.7,66905.3,67322.1,141.76968887,2026-03-08 12:00:00+00:00
1772974800000,67322.2,67423.0,66823.5,67235.9,70.88542539,2026-03-08 13:00:00+00:00
1772978400000,67235.9,67414.8,67047.9,67322.0,24.82755781,2026-03-08 14:00:00+00:00
1772982000000,67327.9,67353.7,67088.6,67210.0,22.40579999,2026-03-08 15:00:00+00:00
1772985600000,67210.0,67247.0,66786.8,66871.0,88.85033349,2026-03-08 16:00:00+00:00
1772989200000,66871.0,67161.4,66800.0,67032.4,170.84456138,2026-03-08 17:00:00+00:00
1772992800000,67037.6,67050.6,66758.4,66818.7,27.76033182,2026-03-08 18:00:00+00:00
1772996400000,66818.7,67457.0,66789.4,67321.9,75.3086997,2026-03-08 19:00:00+00:00
1773000000000,67322.0,67500.0,67030.1,67222.6,377.8121923,2026-03-08 20:00:00+00:00
1773003600000,67222.6,67242.5,66732.4,66991.7,177.62972789,2026-03-08 21:00:00+00:00
1773007200000,66992.2,66992.2,65646.2,66242.0,597.77580049,2026-03-08 22:00:00+00:00
1773010800000,66242.0,66558.6,65942.0,65978.7,41.31430486,2026-03-08 23:00:00+00:00
1773014400000,65978.7,66748.3,65839.6,66358.7,85.57145519,2026-03-09 00:00:00+00:00
1773018000000,66363.4,66677.0,66142.6,66210.8,54.14499176,2026-03-09 01:00:00+00:00
1773021600000,66210.8,66707.7,65971.3,66537.4,36.09864524,2026-03-09 02:00:00+00:00
1773025200000,66537.5,67686.7,66521.3,67196.6,141.76485016,2026-03-09 03:00:00+00:00
1773028800000,67196.6,67598.9,67118.0,67129.6,32.05284315,2026-03-09 04:00:00+00:00
1773032400000,67137.4,68039.5,67118.0,67892.0,61.3951287,2026-03-09 05:00:00+00:00
1773036000000,67892.0,67916.3,67246.9,67247.0,55.54060466,2026-03-09 06:00:00+00:00
1773039600000,67247.0,67557.5,66892.8,67527.9,45.15046519,2026-03-09 07:00:00+00:00
1773043200000,67528.0,67892.0,67403.7,67773.6,144.66748154,2026-03-09 08:00:00+00:00
1773046800000,67786.8,68440.7,67562.1,67966.9,111.02144202,2026-03-09 09:00:00+00:00
1773050400000,67967.0,68057.9,67550.1,67606.3,32.58226007,2026-03-09 10:00:00+00:00
1773054000000,67606.4,67828.6,67341.8,67750.3,67.01440672,2026-03-09 11:00:00+00:00
1773057600000,67750.3,68313.3,67750.2,68155.4,56.00734151,2026-03-09 12:00:00+00:00
1773061200000,68155.4,69292.3,68128.6,68987.0,396.73224776,2026-03-09 13:00:00+00:00
1773064800000,68987.0,69477.9,68706.9,69137.0,215.6419935,2026-03-09 14:00:00+00:00
1773068400000,69148.7,69248.8,68756.4,68909.9,91.27920819,2026-03-09 15:00:00+00:00
1773072000000,68900.1,69211.6,68657.4,68975.8,110.20519487,2026-03-09 16:00:00+00:00
1773075600000,68973.7,69086.8,68284.8,68619.5,101.84302483,2026-03-09 17:00:00+00:00
1773079200000,68619.5,68700.0,68255.0,68361.2,75.31666381,2026-03-09 18:00:00+00:00
1773082800000,68363.7,69513.0,68363.7,69017.0,159.45101378,2026-03-09 19:00:00+00:00
1773086400000,69008.3,69154.9,68792.0,68998.7,48.24987622,2026-03-09 20:00:00+00:00
1773090000000,68990.9,69119.2,68698.6,68918.6,58.3565757,2026-03-09 21:00:00+00:00
1773093600000,68929.2,69018.0,68620.4,68652.2,50.49413777,2026-03-09 22:00:00+00:00
1773097200000,68652.3,68694.1,68377.7,68446.9,38.24179002,2026-03-09 23:00:00+00:00
1773100800000,68447.0,69278.1,68399.9,69163.2,127.13795776,2026-03-10 00:00:00+00:00
1773104400000,69163.2,69369.6,68814.5,69281.8,43.79815546,2026-03-10 01:00:00+00:00
1773108000000,69272.2,70570.2,69126.4,70276.9,279.19586034,2026-03-10 02:00:00+00:00
1773111600000,70277.0,70352.0,69411.2,69437.0,118.61969397,2026-03-10 03:00:00+00:00
1773115200000,69437.1,70130.0,69437.1,70066.9,62.89701794,2026-03-10 04:00:00+00:00
1773118800000,70066.9,70350.4,69920.0,69964.6,80.33474148,2026-03-10 05:00:00+00:00
1773122400000,69964.7,70178.5,69775.3,69917.0,52.12627236,2026-03-10 06:00:00+00:00
1773126000000,69923.6,70523.4,69847.6,70397.3,108.24579942,2026-03-10 07:00:00+00:00
1773129600000,70397.3,71083.6,70397.0,70680.4,171.20783202,2026-03-10 08:00:00+00:00
1773133200000,70680.5,71293.6,70662.0,71076.1,113.96353296,2026-03-10 09:00:00+00:00
1773136800000,71072.9,71077.9,70685.6,70774.3,151.58126293,2026-03-10 10:00:00+00:00
1773140400000,70774.4,70852.9,70558.4,70602.5,68.59444847,2026-03-10 11:00:00+00:00
1773144000000,70600.2,70622.0,70319.2,70517.0,76.04683578,2026-03-10 12:00:00+00:00
1773147600000,70517.0,70909.6,69750.0,69932.0,174.55875933,2026-03-10 13:00:00+00:00
1773151200000,69932.0,71515.6,69259.8,71447.6,542.77010152,2026-03-10 14:00:00+00:00
1773154800000,71450.0,71781.1,70918.3,71361.3,181.04988298,2026-03-10 15:00:00+00:00
1773158400000,71361.3,71720.5,70960.7,71284.7,148.87481475,2026-03-10 16:00:00+00:00
1773162000000,71286.4,71473.2,70541.7,70883.3,99.39479886,2026-03-10 17:00:00+00:00
1773165600000,70883.4,70916.5,69892.0,70021.9,201.32928197,2026-03-10 18:00:00+00:00
1773169200000,70022.0,70271.7,69745.2,70045.4,67.10747362,2026-03-10 19:00:00+00:00
1773172800000,70056.0,70346.3,70024.0,70246.5,52.37420846,2026-03-10 20:00:00+00:00
1773176400000,70246.4,70427.2,69569.7,69779.1,265.41497851,2026-03-10 21:00:00+00:00
1773180000000,69779.1,69850.9,69457.4,69707.0,54.63798803,2026-03-10 22:00:00+00:00
1773183600000,69707.0,69965.9,69707.0,69955.4,23.02740313,2026-03-10 23:00:00+00:00
1773187200000,69955.4,70165.2,69782.1,70052.1,76.6657026,2026-03-11 00:00:00+00:00
1773190800000,70052.1,70138.6,69902.1,70084.4,43.77882202,2026-03-11 01:00:00+00:00
1773194400000,70084.5,70121.9,69644.8,69803.7,59.73146589,2026-03-11 02:00:00+00:00
1773198000000,69812.0,69887.0,69517.1,69567.6,30.30295436,2026-03-11 03:00:00+00:00
1773201600000,69567.7,70251.8,69519.8,70154.5,46.11602972,2026-03-11 04:00:00+00:00
1773205200000,70133.2,70186.9,69450.0,69512.1,47.56457172,2026-03-11 05:00:00+00:00
1773208800000,69512.2,69985.3,69512.1,69955.0,46.6754232,2026-03-11 06:00:00+00:00
1773212400000,69955.0,70012.4,69512.4,69649.2,29.75263914,2026-03-11 07:00:00+00:00
1773216000000,69647.1,69793.8,69512.1,69665.1,42.68679096,2026-03-11 08:00:00+00:00
1773219600000,69664.6,69737.0,69387.1,69452.0,27.63573532,2026-03-11 09:00:00+00:00
1773223200000,69463.9,69712.5,69403.8,69610.1,22.89201638,2026-03-11 10:00:00+00:00
1773226800000,69610.1,69663.5,69155.9,69174.4,61.29138241,2026-03-11 11:00:00+00:00
1773230400000,69175.6,69795.5,68971.6,69362.1,162.49315303,2026-03-11 12:00:00+00:00
1773234000000,69362.1,71083.3,69360.3,70187.6,392.29024138,2026-03-11 13:00:00+00:00
1773237600000,70187.7,70986.3,69942.9,70566.5,222.55723032,2026-03-11 14:00:00+00:00
1773241200000,70573.8,70652.0,69707.1,70242.8,109.1090445,2026-03-11 15:00:00+00:00
1773244800000,70253.1,70842.1,70183.7,70570.0,161.14536488,2026-03-11 16:00:00+00:00
1773248400000,70570.0,71345.2,70524.1,70780.2,402.54350494,2026-03-11 17:00:00+00:00
1773252000000,70801.1,70892.9,70463.4,70640.8,216.86396338,2026-03-11 18:00:00+00:00
1773255600000,70640.7,70747.6,70405.3,70674.1,94.30214214,2026-03-11 19:00:00+00:00
1773259200000,70674.1,70713.0,70408.6,70634.3,64.27941201,2026-03-11 20:00:00+00:00
1773262800000,70634.4,70780.0,70517.9,70762.1,62.97120118,2026-03-11 21:00:00+00:00
1773266400000,70762.1,70935.5,70270.1,70366.6,84.21605766,2026-03-11 22:00:00+00:00
1773270000000,70366.6,70500.0,70148.0,70200.4,66.41775313,2026-03-11 23:00:00+00:00
1773273600000,70200.4,70362.3,70147.5,70231.1,17.30121578,2026-03-12 00:00:00+00:00
1773277200000,70227.7,70227.7,69781.5,69828.9,140.34320662,2026-03-12 01:00:00+00:00
1773280800000,69829.0,69876.8,69244.9,69310.0,71.39619524,2026-03-12 02:00:00+00:00
1773284400000,69310.1,69623.3,69257.2,69445.8,18.64161956,2026-03-12 03:00:00+00:00
1773288000000,69445.9,69669.9,69304.5,69396.3,33.7201515,2026-03-12 04:00:00+00:00
1773291600000,69383.2,69537.3,69228.2,69474.0,10.78389036,2026-03-12 05:00:00+00:00
1773295200000,69478.6,69554.4,69367.4,69480.9,44.29951084,2026-03-12 06:00:00+00:00
1773298800000,69491.5,69847.0,69434.6,69828.0,57.56691911,2026-03-12 07:00:00+00:00
1773302400000,69828.0,70112.8,69716.8,69898.6,56.13115309,2026-03-12 08:00:00+00:00
1773306000000,69914.1,70380.7,69587.1,69967.2,48.8574937,2026-03-12 09:00:00+00:00
1773309600000,69957.3,70513.9,69870.8,70431.5,66.14504756,2026-03-12 10:00:00+00:00
1773313200000,70431.5,70787.1,70380.8,70441.7,75.37616204,2026-03-12 11:00:00+00:00
1773316800000,70441.7,70608.0,70303.7,70396.4,82.14479395,2026-03-12 12:00:00+00:00
1773320400000,70396.4,70534.8,69713.9,69989.6,131.26137168,2026-03-12 13:00:00+00:00
1773324000000,69989.7,70654.3,69387.8,69615.0,169.70299582,2026-03-12 14:00:00+00:00
1773327600000,69615.0,70572.9,69498.7,70357.3,215.01012878,2026-03-12 15:00:00+00:00
1773331200000,70357.3,70562.5,69927.0,70390.2,88.02123042,2026-03-12 16:00:00+00:00
1773334800000,70397.0,70549.9,70121.4,70227.8,72.7201907,2026-03-12 17:00:00+00:00
1773338400000,70227.9,70301.1,69829.0,69829.0,51.47731849,2026-03-12 18:00:00+00:00
1773342000000,69829.0,70566.5,69800.0,70465.9,120.58477018,2026-03-12 19:00:00+00:00
1773345600000,70462.9,70560.4,70139.1,70191.9,75.72389036,2026-03-12 20:00:00+00:00
1773349200000,70191.9,70468.7,70191.9,70305.1,52.84774416,2026-03-12 21:00:00+00:00
1773352800000,70305.0,70305.0,70021.9,70191.9,75.38022307,2026-03-12 22:00:00+00:00
1773356400000,70182.6,70727.3,70175.4,70520.8,85.21657054,2026-03-12 23:00:00+00:00
1773360000000,70526.3,72000.0,70406.0,71467.7,335.74336993,2026-03-13 00:00:00+00:00
1773363600000,71470.1,71750.0,71305.5,71663.6,64.11296418,2026-03-13 01:00:00+00:00
1773367200000,71663.7,71693.8,71073.1,71169.9,45.23984075,2026-03-13 02:00:00+00:00
1773370800000,71169.9,71522.5,70978.7,71408.5,29.38158908,2026-03-13 03:00:00+00:00
1773374400000,71408.6,71484.7,71270.2,71407.3,21.17364473,2026-03-13 04:00:00+00:00
1773378000000,71407.3,71627.8,71255.9,71571.9,40.97058485,2026-03-13 05:00:00+00:00
1773381600000,71562.4,71589.5,71200.0,71343.7,33.21748341,2026-03-13 06:00:00+00:00
1773385200000,71343.7,71661.3,71239.0,71639.5,53.18399149,2026-03-13 07:00:00+00:00
1773388800000,71639.5,72141.3,71401.5,71835.3,203.3204938,2026-03-13 08:00:00+00:00
1773392400000,71827.3,72113.2,71619.5,72017.7,59.39873553,2026-03-13 09:00:00+00:00
1773396000000,72017.7,72576.3,72014.5,72471.6,275.04346568,2026-03-13 10:00:00+00:00
1773399600000,72478.6,72536.3,72218.4,72242.1,62.79321495,2026-03-13 11:00:00+00:00
1773403200000,72242.1,72879.9,72221.7,72790.7,318.08618887,2026-03-13 12:00:00+00:00
1773406800000,72790.7,73621.9,72698.3,73406.1,328.25468884,2026-03-13 13:00:00+00:00
1773410400000,73406.2,73928.5,72399.6,72399.6,221.27168094,2026-03-13 14:00:00+00:00
1773414000000,72399.7,72832.6,71765.4,71860.1,388.50129606,2026-03-13 15:00:00+00:00
1773417600000,71860.1,72106.1,71176.9,71905.9,237.15566454,2026-03-13 16:00:00+00:00
1773421200000,71905.9,72249.6,70897.8,71026.0,553.13331481,2026-03-13 17:00:00+00:00
1773424800000,71030.1,71347.2,70831.0,71067.3,95.15933767,2026-03-13 18:00:00+00:00
1773428400000,71067.3,71308.6,71029.1,71183.1,89.07893974,2026-03-13 19:00:00+00:00
1773432000000,71183.1,71469.1,71164.7,71360.0,77.19907042,2026-03-13 20:00:00+00:00
1773435600000,71360.1,71492.3,71082.2,71121.3,56.78941482,2026-03-13 21:00:00+00:00
1773439200000,71121.4,71168.9,70200.0,70799.0,231.95263245,2026-03-13 22:00:00+00:00
1773442800000,70799.0,71000.0,70728.1,70953.0,44.81226509,2026-03-13 23:00:00+00:00
1773446400000,70953.1,70953.1,70582.6,70664.5,60.62540502,2026-03-14 00:00:00+00:00
1773450000000,70664.5,70897.8,70509.1,70853.8,43.21208869,2026-03-14 01:00:00+00:00
1773453600000,70853.8,70892.7,70760.1,70791.9,42.85887904,2026-03-14 02:00:00+00:00
1773457200000,70784.1,71173.4,70784.0,71083.5,51.51138111,2026-03-14 03:00:00+00:00
1773460800000,71083.4,71300.0,71033.8,71041.7,27.96089353,2026-03-14 04:00:00+00:00
1773464400000,71041.7,71149.8,70933.4,71021.9,38.46579144,2026-03-14 05:00:00+00:00
1773468000000,71021.8,71021.8,70293.9,70637.3,36.67686837,2026-03-14 06:00:00+00:00
1773471600000,70630.9,70734.2,70507.6,70594.1,15.34988782,2026-03-14 07:00:00+00:00
1773475200000,70594.1,70718.7,70559.9,70591.0,12.14597974,2026-03-14 08:00:00+00:00
1773478800000,70591.0,70717.2,70420.0,70549.2,25.67759831,2026-03-14 09:00:00+00:00
1773482400000,70533.1,70574.4,70421.0,70570.1,8.49178078,2026-03-14 10:00:00+00:00
1773486000000,70570.2,70790.7,70570.2,70748.6,9.75355456,2026-03-14 11:00:00+00:00
1773489600000,70748.6,70835.4,70642.3,70772.9,25.2400138,2026-03-14 12:00:00+00:00
1773493200000,70769.6,70936.9,70736.2,70869.9,23.03996927,2026-03-14 13:00:00+00:00
1773496800000,70868.6,70943.7,70597.9,70597.9,24.4726982,2026-03-14 14:00:00+00:00
1773500400000,70598.0,70729.7,70510.9,70609.8,11.96462371,2026-03-14 15:00:00+00:00
1773504000000,70609.9,70714.3,70528.9,70695.2,7.64708817,2026-03-14 16:00:00+00:00
1773507600000,70695.3,70741.8,70602.3,70630.8,7.81186564,2026-03-14 17:00:00+00:00
1773511200000,70630.8,70706.7,70582.0,70688.9,5.27228541,2026-03-14 18:00:00+00:00
1773514800000,70689.0,70743.0,70616.2,70715.9,6.58750868,2026-03-14 19:00:00+00:00
1773518400000,70716.0,70867.2,70669.9,70833.1,19.52917198,2026-03-14 20:00:00+00:00
1773522000000,70833.0,70833.0,70693.0,70808.2,12.02396941,2026-03-14 21:00:00+00:00
1773525600000,70808.2,70812.7,70720.3,70726.0,12.62669946,2026-03-14 22:00:00+00:00
1773529200000,70726.0,71246.9,70726.0,71210.6,45.16645688,2026-03-14 23:00:00+00:00
1773532800000,71210.6,71216.7,70978.7,71015.1,16.04631602,2026-03-15 00:00:00+00:00
1773536400000,71015.1,71044.0,70885.7,71020.4,28.86500881,2026-03-15 01:00:00+00:00
1773540000000,71020.4,71617.6,71020.4,71473.4,96.41947089,2026-03-15 02:00:00+00:00
1773543600000,71473.4,71526.7,71262.8,71358.5,26.543683,2026-03-15 03:00:00+00:00
1773547200000,71358.6,71653.2,71352.5,71578.1,30.61818389,2026-03-15 04:00:00+00:00
1773550800000,71598.0,71777.0,71500.0,71515.4,30.4919184,2026-03-15 05:00:00+00:00
1773554400000,71515.4,71595.3,71410.1,71463.2,12.72855331,2026-03-15 06:00:00+00:00
1773558000000,71463.2,71673.7,71430.9,71451.6,17.31148529,2026-03-15 07:00:00+00:00
1773561600000,71451.7,71729.5,71451.7,71728.4,31.41388894,2026-03-15 08:00:00+00:00
1773565200000,71727.1,72000.0,71727.1,71832.6,125.84531725,2026-03-15 09:00:00+00:00
1773568800000,71832.7,71925.2,71745.9,71810.5,10.11619917,2026-03-15 10:00:00+00:00
1773572400000,71810.5,71891.5,71685.9,71862.4,15.11377338,2026-03-15 11:00:00+00:00
1773576000000,71862.4,71862.4,71586.2,71627.6,22.74912117,2026-03-15 12:00:00+00:00
1773579600000,71627.6,71691.7,71288.7,71610.2,68.77840795,2026-03-15 13:00:00+00:00
1773583200000,71610.2,71625.1,71358.6,71614.4,33.3924796,2026-03-15 14:00:00+00:00
1773586800000,71614.5,71625.1,71431.4,71495.5,19.1025707,2026-03-15 15:00:00+00:00
1773590400000,71495.5,71597.0,71352.4,71441.4,32.82967732,2026-03-15 16:00:00+00:00
1773594000000,71441.4,72016.0,71432.4,71830.9,34.69407683,2026-03-15 17:00:00+00:00
1773597600000,71830.9,71875.5,71345.1,71388.0,36.06983172,2026-03-15 18:00:00+00:00
1773601200000,71388.1,71569.6,71350.3,71567.2,26.78855652,2026-03-15 19:00:00+00:00
1773604800000,71567.2,71938.1,71455.8,71745.1,40.56347198,2026-03-15 20:00:00+00:00
1773608400000,71745.1,72230.6,71655.5,72116.1,69.86845133,2026-03-15 21:00:00+00:00
1773612000000,72116.2,73095.4,71731.3,72729.5,149.54595077,2026-03-15 22:00:00+00:00
1773615600000,72744.8,73200.0,72440.3,72835.7,134.10186474,2026-03-15 23:00:00+00:00
1773619200000,72826.7,73007.8,72469.0,72541.3,87.51772715,2026-03-16 00:00:00+00:00
1773622800000,72541.3,72850.1,72304.0,72738.2,48.50539956,2026-03-16 01:00:00+00:00
1773626400000,72752.4,72850.2,72375.1,72541.9,39.66520684,2026-03-16 02:00:00+00:00
1773630000000,72542.0,74295.9,72445.5,73582.5,516.87075789,2026-03-16 03:00:00+00:00
1773633600000,73582.5,74424.0,73582.4,73842.1,136.8261043,2026-03-16 04:00:00+00:00
1773637200000,73842.1,74235.6,73743.5,74196.9,117.71191228,2026-03-16 05:00:00+00:00
1773640800000,74197.0,74197.0,73615.6,73717.8,76.70009726,2026-03-16 06:00:00+00:00
1773644400000,73717.9,73923.0,73409.5,73456.6,70.93391864,2026-03-16 07:00:00+00:00
1773648000000,73456.6,73774.6,72884.4,73134.7,144.16500722,2026-03-16 08:00:00+00:00
1773651600000,73134.6,73330.4,73069.3,73257.2,50.20450078,2026-03-16 09:00:00+00:00
1773655200000,73257.3,73782.8,73220.0,73782.8,120.63855837,2026-03-16 10:00:00+00:00
1773658800000,73791.6,73843.6,73545.6,73554.1,52.96932074,2026-03-16 11:00:00+00:00
1773662400000,73554.1,74042.3,73481.2,73863.1,103.97760923,2026-03-16 12:00:00+00:00
1773666000000,73880.1,74500.0,73811.2,74122.1,180.78678963,2026-03-16 13:00:00+00:00
1773669600000,74122.1,74467.1,73015.7,73556.2,175.74216809,2026-03-16 14:00:00+00:00
1773673200000,73556.2,74046.6,73218.3,73292.1,329.95689753,2026-03-16 15:00:00+00:00
1773676800000,73292.2,73915.6,73167.8,73765.1,130.95536657,2026-03-16 16:00:00+00:00
1773680400000,73765.1,74047.7,73660.6,73954.7,68.91132829,2026-03-16 17:00:00+00:00
1773684000000,73954.7,74359.6,73875.1,73895.7,145.054478,2026-03-16 18:00:00+00:00
1773687600000,73907.0,74400.0,73805.5,73976.5,168.06273701,2026-03-16 19:00:00+00:00
1773691200000,73975.4,74250.0,73864.6,74250.0,62.62427092,2026-03-16 20:00:00+00:00
1773694800000,74250.0,74792.7,74179.3,74406.1,358.12146663,2026-03-16 21:00:00+00:00
1773698400000,74402.8,74898.5,74402.7,74750.1,88.99424882,2026-03-16 22:00:00+00:00
1773702000000,74750.2,74901.3,74262.5,74887.7,112.55720672,2026-03-16 23:00:00+00:00
1773705600000,74887.7,75485.0,74637.3,75303.2,267.94293367,2026-03-17 00:00:00+00:00
1773709200000,75303.3,75998.1,75085.5,75637.1,346.73882208,2026-03-17 01:00:00+00:00
1773712800000,75637.1,75669.0,75128.4,75199.9,70.16363107,2026-03-17 02:00:00+00:00
1773716400000,75200.0,75326.4,74294.4,74463.4,115.9159469,2026-03-17 03:00:00+00:00
1773720000000,74463.9,74677.0,74010.7,74248.6,80.59622259,2026-03-17 04:00:00+00:00
1773723600000,74248.6,74455.4,73796.9,74035.2,59.32563821,2026-03-17 05:00:00+00:00
1773727200000,74035.2,74280.4,73888.4,74084.4,55.81365158,2026-03-17 06:00:00+00:00
1773730800000,74084.5,74440.8,74084.5,74253.0,35.32056829,2026-03-17 07:00:00+00:00
1773734400000,74253.1,74458.1,74133.7,74191.2,41.75236645,2026-03-17 08:00:00+00:00
1773738000000,74191.3,74391.4,73880.2,73933.8,122.0237044,2026-03-17 09:00:00+00:00
1773741600000,73933.8,73964.8,73500.0,73729.8,152.89714069,2026-03-17 10:00:00+00:00
1773745200000,73729.8,74208.9,73704.0,74038.1,64.89876659,2026-03-17 11:00:00+00:00
1773748800000,74038.1,74181.4,73685.4,73747.1,121.87503142,2026-03-17 12:00:00+00:00
1773752400000,73747.1,74160.4,73459.0,73611.7,383.83275228,2026-03-17 13:00:00+00:00
1773756000000,73611.7,74422.4,73455.9,74403.4,70.14534986,2026-03-17 14:00:00+00:00
1773759600000,74403.5,74924.7,73720.8,73948.5,316.53035879,2026-03-17 15:00:00+00:00
1773763200000,73948.5,74350.0,73900.1,74166.2,76.63483681,2026-03-17 16:00:00+00:00
1773766800000,74166.2,74601.8,74046.3,74526.0,93.89703176,2026-03-17 17:00:00+00:00
1773770400000,74526.0,74792.0,74436.2,74700.5,69.41816753,2026-03-17 18:00:00+00:00
1773774000000,74700.5,74800.0,74451.7,74543.9,106.73107318,2026-03-17 19:00:00+00:00
1773777600000,74543.9,74705.4,74396.5,74537.3,38.69851009,2026-03-17 20:00:00+00:00
1773781200000,74537.3,74800.0,74494.7,74715.4,50.23418364,2026-03-17 21:00:00+00:00
1773784800000,74715.5,74790.0,73960.0,74341.8,89.1133093,2026-03-17 22:00:00+00:00
1773788400000,74341.8,74414.0,73889.1,73929.9,72.17372535,2026-03-17 23:00:00+00:00
1773792000000,73930.0,74081.1,73575.9,73877.4,37.49584395,2026-03-18 00:00:00+00:00
1773795600000,73877.4,74218.4,73861.3,74092.0,35.10020374,2026-03-18 01:00:00+00:00
1773799200000,74092.1,74479.3,74091.9,74365.7,23.02360545,2026-03-18 02:00:00+00:00
1773802800000,74365.7,74682.3,74285.8,74482.4,21.3542941,2026-03-18 03:00:00+00:00
1773806400000,74481.6,74514.0,74182.2,74189.8,23.48373906,2026-03-18 04:00:00+00:00
1773810000000,74189.8,74306.8,73871.3,73993.3,29.32338835,2026-03-18 05:00:00+00:00
1773813600000,73993.4,74234.8,73946.4,73970.1,15.98064532,2026-03-18 06:00:00+00:00
1773817200000,73970.1,74007.1,73730.0,73898.6,32.60520005,2026-03-18 07:00:00+00:00
1773820800000,73898.7,74125.8,73898.6,74042.5,17.18851524,2026-03-18 08:00:00+00:00
1773824400000,74052.3,74305.2,74051.6,74191.7,51.48963818,2026-03-18 09:00:00+00:00
1773828000000,74191.7,74267.9,73844.9,73947.6,20.98779298,2026-03-18 10:00:00+00:00
1773831600000,73947.6,74079.6,72822.7,72980.7,459.02600074,2026-03-18 11:00:00+00:00
1773835200000,72980.7,72984.5,72310.3,72399.4,210.49599179,2026-03-18 12:00:00+00:00
1773838800000,72399.4,72564.6,72000.0,72136.5,401.73775306,2026-03-18 13:00:00+00:00
1773842400000,72140.0,72222.5,71173.0,71202.8,263.68366299,2026-03-18 14:00:00+00:00
1773846000000,71205.3,71520.0,70897.7,71491.6,229.00015356,2026-03-18 15:00:00+00:00
1773849600000,71491.7,71575.6,71050.0,71322.8,88.99722872,2026-03-18 16:00:00+00:00
1773853200000,71322.8,71773.4,71208.3,71609.0,75.68857802,2026-03-18 17:00:00+00:00
1773856800000,71605.4,72001.9,70959.9,71108.2,334.7189531,2026-03-18 18:00:00+00:00
1773860400000,71112.6,71482.1,70961.5,71064.3,56.03593613,2026-03-18 19:00:00+00:00
1773864000000,71064.3,71310.7,70500.0,71244.1,152.22052184,2026-03-18 20:00:00+00:00
1773867600000,71237.0,71433.0,71177.8,71295.1,158.51346428,2026-03-18 21:00:00+00:00
1773871200000,71280.3,71280.3,70963.3,71157.5,66.90452003,2026-03-18 22:00:00+00:00
1773874800000,71157.6,71376.2,71079.1,71270.9,84.75986236,2026-03-18 23:00:00+00:00
1773878400000,71270.9,71306.8,71000.0,71016.6,38.71981629,2026-03-19 00:00:00+00:00
1773882000000,71016.7,71199.2,70971.5,71141.3,49.88751343,2026-03-19 01:00:00+00:00
1773885600000,71141.3,71248.5,70900.0,71060.0,28.22155144,2026-03-19 02:00:00+00:00
1773889200000,71060.1,71623.9,71060.1,71228.7,58.29220328,2026-03-19 03:00:00+00:00
1773892800000,71228.8,71228.8,70680.3,70855.2,37.99438063,2026-03-19 04:00:00+00:00
1773896400000,70835.3,70897.9,70680.3,70818.6,21.70635706,2026-03-19 05:00:00+00:00
1773900000000,70818.6,70949.3,70521.5,70584.8,185.35952379,2026-03-19 06:00:00+00:00
1773903600000,70582.2,70617.1,69505.8,70189.0,435.47905918,2026-03-19 07:00:00+00:00
1773907200000,70203.4,70263.3,69920.0,69990.0,28.57421023,2026-03-19 08:00:00+00:00
1773910800000,69990.0,70544.7,69990.0,70511.4,43.52979414,2026-03-19 09:00:00+00:00
1773914400000,70511.4,70542.1,70123.2,70130.6,53.17083811,2026-03-19 10:00:00+00:00
1773918000000,70130.6,70244.3,69921.2,69940.0,62.26028198,2026-03-19 11:00:00+00:00
1773921600000,69940.0,69950.7,69128.7,69295.9,192.72686424,2026-03-19 12:00:00+00:00
1773925200000,69296.0,70060.4,69098.9,69894.6,140.05329837,2026-03-19 13:00:00+00:00
1773928800000,69889.8,70158.8,69098.0,69508.4,104.504207,2026-03-19 14:00:00+00:00
1773932400000,69501.6,69912.3,68782.0,69416.0,186.90920958,2026-03-19 15:00:00+00:00
1773936000000,69416.1,69642.1,69186.4,69454.0,320.43042984,2026-03-19 16:00:00+00:00
1773939600000,69454.0,69929.5,69122.0,69847.8,88.81587341,2026-03-19 17:00:00+00:00
1773943200000,69847.8,69916.9,69600.1,69818.6,75.00759546,2026-03-19 18:00:00+00:00
1773946800000,69816.3,70598.3,69816.2,70265.5,207.18458591,2026-03-19 19:00:00+00:00
1773950400000,70265.5,70669.5,70195.2,70498.7,258.82800889,2026-03-19 20:00:00+00:00
1773954000000,70498.7,70694.0,70389.3,70424.9,54.8600806,2026-03-19 21:00:00+00:00
1773957600000,70424.9,70498.2,69967.0,70180.5,95.50607171,2026-03-19 22:00:00+00:00
1773961200000,70180.6,70274.0,69736.8,69911.9,41.90970082,2026-03-19 23:00:00+00:00
1773964800000,69916.6,70302.6,69840.9,70185.0,207.53965993,2026-03-20 00:00:00+00:00
1773968400000,70193.8,70570.2,70193.0,70410.0,83.25612857,2026-03-20 01:00:00+00:00
1773972000000,70410.1,70501.3,70085.2,70416.0,54.80806236,2026-03-20 02:00:00+00:00
1773975600000,70416.1,70789.3,70395.9,70733.4,66.59154911,2026-03-20 03:00:00+00:00
1773979200000,70722.9,70941.6,70568.0,70773.4,30.9140873,2026-03-20 04:00:00+00:00
1773982800000,70773.4,70856.7,70534.3,70585.4,20.63369969,2026-03-20 05:00:00+00:00
1773986400000,70593.7,70633.5,70360.2,70492.3,17.7845044,2026-03-20 06:00:00+00:00
1773990000000,70492.3,70909.1,70200.8,70856.2,32.89585307,2026-03-20 07:00:00+00:00
1773993600000,70856.2,71340.6,70800.9,71050.0,79.28876141,2026-03-20 08:00:00+00:00
1773997200000,71050.0,71050.0,70428.2,70578.2,60.35674327,2026-03-20 09:00:00+00:00
1774000800000,70578.2,70654.9,70214.5,70606.5,94.21046456,2026-03-20 10:00:00+00:00
1774004400000,70606.5,70781.8,70313.2,70470.5,52.35646383,2026-03-20 11:00:00+00:00
1774008000000,70470.5,70657.9,70258.0,70319.9,42.5396918,2026-03-20 12:00:00+00:00
1774011600000,70320.0,70599.8,69803.8,69857.0,134.63572363,2026-03-20 13:00:00+00:00
1774015200000,69857.0,70240.7,69586.4,69728.8,302.62782518,2026-03-20 14:00:00+00:00
1774018800000,69728.9,69971.5,69485.7,69856.8,64.82823872,2026-03-20 15:00:00+00:00
1774022400000,69856.9,70080.7,69611.4,69830.3,37.39134288,2026-03-20 16:00:00+00:00
1774026000000,69830.3,69999.2,69400.0,69969.7,92.10473625,2026-03-20 17:00:00+00:00
1774029600000,69969.7,70041.7,69533.5,69748.6,35.87837493,2026-03-20 18:00:00+00:00
1774033200000,69748.6,70178.2,69673.1,70169.0,62.64100067,2026-03-20 19:00:00+00:00
1774036800000,70169.0,70237.7,69746.8,70039.9,84.34814662,2026-03-20 20:00:00+00:00
1774040400000,70039.9,70688.8,69955.7,70527.7,87.99305318,2026-03-20 21:00:00+00:00
1774044000000,70527.7,70901.1,70527.6,70784.1,82.3545821,2026-03-20 22:00:00+00:00
1774047600000,70784.1,70784.1,70424.9,70515.6,37.16173766,2026-03-20 23:00:00+00:00
1774051200000,70515.6,70800.0,70465.1,70670.4,51.2887374,2026-03-21 00:00:00+00:00
1774054800000,70670.3,70752.7,70463.4,70463.4,16.90511121,2026-03-21 01:00:00+00:00
1774058400000,70463.4,70749.8,70440.2,70724.1,12.34508686,2026-03-21 02:00:00+00:00
1774062000000,70724.2,70761.2,70617.2,70660.6,3.43468105,2026-03-21 03:00:00+00:00
1774065600000,70652.3,70792.5,70614.5,70630.0,4.98354608,2026-03-21 04:00:00+00:00
1774069200000,70630.1,70799.8,70628.1,70692.2,11.53009443,2026-03-21 05:00:00+00:00
1774072800000,70692.2,70799.8,70690.6,70760.5,8.15692807,2026-03-21 06:00:00+00:00
1774076400000,70760.6,70850.2,70660.1,70692.5,19.11578633,2026-03-21 07:00:00+00:00
1774080000000,70695.6,70732.1,70484.2,70580.2,17.1913268,2026-03-21 08:00:00+00:00
1774083600000,70580.3,70729.7,70577.5,70632.5,310.85801088,2026-03-21 09:00:00+00:00
1774087200000,70632.5,70663.6,70559.0,70585.1,11.07653654,2026-03-21 10:00:00+00:00
1774090800000,70585.2,70633.6,70570.0,70633.6,3.87108327,2026-03-21 11:00:00+00:00
1774094400000,70633.6,70764.8,70633.6,70707.2,11.31428083,2026-03-21 12:00:00+00:00
1774098000000,70707.3,70783.8,70691.0,70717.0,8.88426684,2026-03-21 13:00:00+00:00
1774101600000,70717.0,71071.7,70586.7,70620.4,48.00451756,2026-03-21 14:00:00+00:00
1774105200000,70620.4,70743.5,70450.0,70632.6,14.13915352,2026-03-21 15:00:00+00:00
1774108800000,70632.6,70632.6,70244.8,70286.8,29.58883643,2026-03-21 16:00:00+00:00
1774112400000,70286.8,70409.2,70189.5,70311.6,28.51020284,2026-03-21 17:00:00+00:00
1774116000000,70309.0,70500.7,70293.5,70382.2,15.12375427,2026-03-21 18:00:00+00:00
1774119600000,70382.2,70427.6,70320.0,70380.6,7.22696975,2026-03-21 19:00:00+00:00
1774123200000,70380.7,70491.0,70344.6,70448.9,17.75224138,2026-03-21 20:00:00+00:00
1774126800000,70448.8,70495.1,70238.0,70352.4,22.49601002,2026-03-21 21:00:00+00:00
1774130400000,70352.4,70354.1,70255.1,70283.0,8.43660149,2026-03-21 22:00:00+00:00
1774134000000,70278.2,70278.2,68538.3,68907.7,256.42578359,2026-03-21 23:00:00+00:00
1774137600000,68907.7,69125.6,68250.1,68941.0,147.32415237,2026-03-22 00:00:00+00:00
1774141200000,68941.1,69081.0,68763.1,68952.6,30.52421443,2026-03-22 01:00:00+00:00
1774144800000,68952.6,69402.7,68952.6,69276.0,30.17249647,2026-03-22 02:00:00+00:00
1774148400000,69276.0,69569.5,69121.5,69332.6,23.33654909,2026-03-22 03:00:00+00:00
1774152000000,69332.6,69509.4,69204.6,69352.2,16.66416475,2026-03-22 04:00:00+00:00
1774155600000,69340.5,69343.3,69145.4,69145.5,21.65882057,2026-03-22 05:00:00+00:00
1774159200000,69145.5,69213.3,69070.6,69141.1,29.65165908,2026-03-22 06:00:00+00:00
1774162800000,69141.2,69227.4,68902.1,68902.2,18.5360327,2026-03-22 07:00:00+00:00
1774166400000,68902.2,68973.0,68561.0,68795.8,47.53010411,2026-03-22 08:00:00+00:00
1774170000000,68795.8,68880.6,68573.0,68819.8,10.93452053,2026-03-22 09:00:00+00:00
1774173600000,68819.9,68819.9,68597.4,68656.4,7.75837317,2026-03-22 10:00:00+00:00
1774177200000,68656.4,68671.4,68123.6,68208.0,72.02113653,2026-03-22 11:00:00+00:00
1774180800000,68211.0,68731.6,68172.6,68655.0,39.54767873,2026-03-22 12:00:00+00:00
1774184400000,68655.1,68940.2,68544.2,68702.3,45.39831668,2026-03-22 13:00:00+00:00
1774188000000,68702.3,68894.4,68555.9,68710.8,47.62896951,2026-03-22 14:00:00+00:00
1774191600000,68710.9,68979.5,68710.9,68824.7,53.58402711,2026-03-22 15:00:00+00:00
1774195200000,68824.7,68858.8,68693.2,68819.1,22.66922667,2026-03-22 16:00:00+00:00
1774198800000,68819.1,68833.1,68668.4,68684.5,48.63295518,2026-03-22 17:00:00+00:00
1774202400000,68684.5,68738.4,68363.9,68599.4,34.10624438,2026-03-22 18:00:00+00:00
1774206000000,68599.5,68619.8,68110.8,68180.2,217.69368302,2026-03-22 19:00:00+00:00
1774209600000,68180.2,68484.1,68075.0,68184.3,41.41899475,2026-03-22 20:00:00+00:00
1774213200000,68184.3,68199.9,67343.1,67871.0,317.2039757,2026-03-22 21:00:00+00:00
1774216800000,67872.4,68377.0,67571.2,68309.1,75.77657761,2026-03-22 22:00:00+00:00
1774220400000,68309.1,68443.6,67843.7,67857.1,38.55565229,2026-03-22 23:00:00+00:00
1774224000000,67857.1,68144.2,67443.2,67677.5,64.2789601,2026-03-23 00:00:00+00:00
1774227600000,67677.5,68124.0,67544.3,67900.1,40.07561481,2026-03-23 01:00:00+00:00
1774231200000,67900.1,68353.3,67808.6,68308.0,44.55814671,2026-03-23 02:00:00+00:00
1774234800000,68307.1,68556.9,68047.4,68057.3,38.41241538,2026-03-23 03:00:00+00:00
1774238400000,68057.3,68520.1,68034.2,68519.7,28.06815238,2026-03-23 04:00:00+00:00
1774242000000,68519.7,68869.5,68519.7,68869.5,85.44347238,2026-03-23 05:00:00+00:00
1774245600000,68869.5,68876.9,67692.8,67837.4,49.6238834,2026-03-23 06:00:00+00:00
1774249200000,67837.4,68429.2,67500.1,68297.8,103.29745529,2026-03-23 07:00:00+00:00
1774252800000,68307.0,68665.6,68307.0,68424.2,69.19712375,2026-03-23 08:00:00+00:00
1774256400000,68424.2,68445.8,67911.8,68284.3,38.9660665,2026-03-23 09:00:00+00:00
1774260000000,68303.8,68702.5,68287.7,68540.9,54.34848912,2026-03-23 10:00:00+00:00
1774263600000,68540.9,71479.0,68540.8,70070.8,650.5761302,2026-03-23 11:00:00+00:00
1774267200000,70089.5,70847.4,69669.6,70719.9,245.06506018,2026-03-23 12:00:00+00:00
1774270800000,70719.9,71605.6,70590.0,71442.6,209.65268008,2026-03-23 13:00:00+00:00
1774274400000,71442.7,71816.6,71131.4,71448.9,203.18121673,2026-03-23 14:00:00+00:00
1774278000000,71437.7,71624.1,70101.0,70103.8,192.61761774,2026-03-23 15:00:00+00:00
1774281600000,70109.4,70714.2,70109.4,70533.8,103.99790085,2026-03-23 16:00:00+00:00
1774285200000,70533.8,71085.2,70340.6,71067.7,77.59126525,2026-03-23 17:00:00+00:00
1774288800000,71067.8,71164.8,70864.8,71061.8,57.46412901,2026-03-23 18:00:00+00:00
1774292400000,71061.8,71200.0,70650.1,70679.3,97.28658139,2026-03-23 19:00:00+00:00
1774296000000,70662.6,70967.9,70561.7,70888.0,43.22350088,2026-03-23 20:00:00+00:00
1774299600000,70895.1,70978.7,70813.1,70833.4,22.0772831,2026-03-23 21:00:00+00:00
1774303200000,70836.4,70866.7,70499.3,70761.2,144.23998522,2026-03-23 22:00:00+00:00
1774306800000,70761.2,70951.9,70394.1,70887.2,189.40666586,2026-03-23 23:00:00+00:00
1774310400000,70887.2,71067.4,70421.1,70671.3,47.42072013,2026-03-24 00:00:00+00:00
1774314000000,70671.4,70850.2,70263.0,70492.6,121.87512649,2026-03-24 01:00:00+00:00
1774317600000,70492.7,70675.0,70344.5,70428.3,20.31166943,2026-03-24 02:00:00+00:00
1774321200000,70428.3,70554.6,70384.1,70512.4,23.34117214,2026-03-24 03:00:00+00:00
1774324800000,70512.4,70705.8,70253.6,70358.7,72.92446295,2026-03-24 04:00:00+00:00
1774328400000,70358.7,70358.7,70100.0,70246.3,21.90423002,2026-03-24 05:00:00+00:00
1774332000000,70258.6,70531.7,70252.0,70500.4,18.84037865,2026-03-24 06:00:00+00:00
1774335600000,70500.4,71369.0,70479.0,71272.6,99.08931107,2026-03-24 07:00:00+00:00
1774339200000,71272.7,71313.5,70846.0,70962.0,25.41296918,2026-03-24 08:00:00+00:00
1774342800000,70962.0,71333.8,70846.6,71306.2,51.7814811,2026-03-24 09:00:00+00:00
1774346400000,71306.2,71306.2,71083.0,71239.5,42.41875088,2026-03-24 10:00:00+00:00
1774350000000,71239.5,71322.2,70953.7,71118.3,35.97584203,2026-03-24 11:00:00+00:00
1774353600000,71118.3,71161.1,70858.8,70925.1,35.78690074,2026-03-24 12:00:00+00:00
1774357200000,70925.2,71036.4,69970.7,70073.3,157.82209013,2026-03-24 13:00:00+00:00
1774360800000,70073.3,70434.8,69500.0,69824.8,174.29638221,2026-03-24 14:00:00+00:00
1774364400000,69845.5,70216.9,69757.6,69860.8,69.83053036,2026-03-24 15:00:00+00:00
1774368000000,69860.9,69973.9,69354.9,69438.9,120.86741909,2026-03-24 16:00:00+00:00
1774371600000,69438.9,69487.8,68902.0,69204.2,475.87261989,2026-03-24 17:00:00+00:00
1774375200000,69204.3,69705.0,69155.1,69403.6,120.26986859,2026-03-24 18:00:00+00:00
1774378800000,69403.6,69658.8,69266.0,69322.9,44.10228353,2026-03-24 19:00:00+00:00
1774382400000,69323.0,70257.7,69266.0,70058.2,157.74366361,2026-03-24 20:00:00+00:00
1774386000000,70058.2,70355.4,69877.8,70282.1,56.25346104,2026-03-24 21:00:00+00:00
1774389600000,70282.1,70549.3,70122.8,70286.5,107.21902735,2026-03-24 22:00:00+00:00
1774393200000,70286.6,70780.0,70246.6,70515.6,57.09572128,2026-03-24 23:00:00+00:00
1774396800000,70515.6,70996.5,70452.5,70801.3,73.89548253,2026-03-25 00:00:00+00:00
1774400400000,70801.3,70932.4,70604.4,70674.2,28.24728569,2026-03-25 01:00:00+00:00
1774404000000,70659.9,70719.7,70477.2,70488.3,22.54693323,2026-03-25 02:00:00+00:00
1774407600000,70488.4,70769.2,70374.0,70700.5,26.76174298,2026-03-25 03:00:00+00:00
1774411200000,70700.6,70935.0,70678.5,70920.7,41.44075752,2026-03-25 04:00:00+00:00
1774414800000,70932.8,71309.7,70919.5,71086.0,66.29832997,2026-03-25 05:00:00+00:00
1774418400000,71086.0,71223.6,70978.8,70978.8,33.3962204,2026-03-25 06:00:00+00:00
1774422000000,70978.8,71233.8,70855.2,70897.1,79.3329922,2026-03-25 07:00:00+00:00
1774425600000,70897.2,71475.0,70791.4,71232.9,87.94051506,2026-03-25 08:00:00+00:00
1774429200000,71232.9,71375.7,71093.2,71333.4,41.80765606,2026-03-25 09:00:00+00:00
1774432800000,71333.5,71586.4,71286.9,71477.3,57.29215873,2026-03-25 10:00:00+00:00
1774436400000,71477.4,71985.0,71459.7,71658.8,104.31363395,2026-03-25 11:00:00+00:00
1774440000000,71658.9,71912.2,71122.7,71696.6,120.44089474,2026-03-25 12:00:00+00:00
1774443600000,71696.7,71920.9,71505.1,71560.8,108.73152122,2026-03-25 13:00:00+00:00
1774447200000,71560.8,71657.1,71221.2,71224.2,132.24814307,2026-03-25 14:00:00+00:00
1774450800000,71224.1,71286.5,70543.1,70832.6,129.30814775,2026-03-25 15:00:00+00:00
1774454400000,70825.0,71755.2,70723.2,71318.1,130.0838014,2026-03-25 16:00:00+00:00
1774458000000,71318.1,71366.6,70720.0,70744.4,97.92366116,2026-03-25 17:00:00+00:00
1774461600000,70744.4,71111.6,70652.5,70765.8,28.28085857,2026-03-25 18:00:00+00:00
1774465200000,70765.8,71063.3,70760.8,70838.6,27.45483654,2026-03-25 19:00:00+00:00
1774468800000,70838.6,71029.7,70638.0,70982.4,66.7112238,2026-03-25 20:00:00+00:00
1774472400000,70982.4,71144.3,70936.8,70996.1,34.51966244,2026-03-25 21:00:00+00:00
1774476000000,70996.1,71548.0,70932.2,71341.4,47.92793938,2026-03-25 22:00:00+00:00
1774479600000,71341.4,71411.9,71172.0,71309.6,28.81738929,2026-03-25 23:00:00+00:00
1774483200000,71302.2,71406.2,71121.9,71276.1,174.17907474,2026-03-26 00:00:00+00:00
1774486800000,71276.2,71328.4,71148.2,71243.8,167.08513638,2026-03-26 01:00:00+00:00
1774490400000,71243.8,71250.5,70676.0,70862.8,91.29606737,2026-03-26 02:00:00+00:00
1774494000000,70862.8,70940.1,70676.0,70857.5,23.44581578,2026-03-26 03:00:00+00:00
1774497600000,70872.7,70875.2,70686.9,70747.0,42.40901748,2026-03-26 04:00:00+00:00
1774501200000,70747.0,70747.0,69938.5,69975.4,180.97268395,2026-03-26 05:00:00+00:00
1774504800000,69975.4,70116.5,69823.7,70053.9,47.2984024,2026-03-26 06:00:00+00:00
1774508400000,70055.3,70129.9,69779.9,70054.7,21.87300288,2026-03-26 07:00:00+00:00
1774512000000,70054.7,70096.0,69771.0,69974.8,29.84499687,2026-03-26 08:00:00+00:00
1774515600000,69974.9,70110.1,69376.0,69547.4,103.94540202,2026-03-26 09:00:00+00:00
1774519200000,69536.3,69664.0,69450.0,69461.6,27.78861814,2026-03-26 10:00:00+00:00
1774522800000,69461.6,69623.1,69178.5,69255.6,71.50988704,2026-03-26 11:00:00+00:00
1774526400000,69255.6,69421.7,69215.9,69421.7,49.83154834,2026-03-26 12:00:00+00:00
1774530000000,69421.7,69830.1,69196.0,69611.1,125.01364033,2026-03-26 13:00:00+00:00
1774533600000,69615.9,69801.5,69219.1,69447.7,75.19719466,2026-03-26 14:00:00+00:00
1774537200000,69447.7,69447.7,68685.0,69050.0,224.66139122,2026-03-26 15:00:00+00:00
1774540800000,69050.0,69050.0,68800.1,68881.2,109.52791423,2026-03-26 16:00:00+00:00
1774544400000,68881.2,69122.8,68400.0,68439.9,148.49463385,2026-03-26 17:00:00+00:00
1774548000000,68440.0,68582.4,68115.8,68446.4,186.20050406,2026-03-26 18:00:00+00:00
1774551600000,68446.4,68626.0,68321.0,68485.0,167.07464576,2026-03-26 19:00:00+00:00
1774555200000,68479.5,69402.8,68395.7,68968.4,161.62059818,2026-03-26 20:00:00+00:00
1774558800000,68968.4,69143.2,68850.0,68881.6,44.40590143,2026-03-26 21:00:00+00:00
1774562400000,68881.6,68971.0,68576.1,68834.7,126.59506487,2026-03-26 22:00:00+00:00
1774566000000,68834.8,68940.8,68592.6,68780.4,165.66576718,2026-03-26 23:00:00+00:00
1774569600000,68780.4,68911.2,68501.1,68728.8,98.0091318,2026-03-27 00:00:00+00:00
1774573200000,68728.8,69000.0,68659.4,68995.9,22.74684133,2026-03-27 01:00:00+00:00
1774576800000,68995.9,69112.0,68834.2,68870.2,34.78838663,2026-03-27 02:00:00+00:00
1774580400000,68870.2,68870.2,68650.0,68730.6,23.26511746,2026-03-27 03:00:00+00:00
1774584000000,68730.6,68749.9,68243.3,68537.2,55.51386709,2026-03-27 04:00:00+00:00
1774587600000,68537.2,68797.6,68483.3,68571.7,13.98880761,2026-03-27 05:00:00+00:00
1774591200000,68571.8,68789.8,68527.5,68606.3,28.35806312,2026-03-27 06:00:00+00:00
1774594800000,68606.4,68903.8,68394.2,68466.8,81.82160331,2026-03-27 07:00:00+00:00
1774598400000,68476.0,68569.2,67571.0,67892.6,262.82360262,2026-03-27 08:00:00+00:00
1774602000000,67892.7,67904.3,67521.8,67656.2,94.66889255,2026-03-27 09:00:00+00:00
1774605600000,67656.2,67724.6,66317.6,66457.8,363.94088075,2026-03-27 10:00:00+00:00
1774609200000,66459.1,66813.5,66214.0,66670.1,87.86952839,2026-03-27 11:00:00+00:00
1774612800000,66670.1,66735.1,66398.5,66593.4,93.76032557,2026-03-27 12:00:00+00:00
1774616400000,66593.4,66694.9,66006.2,66144.6,262.86297378,2026-03-27 13:00:00+00:00
1774620000000,66144.6,66352.0,65680.3,66166.2,531.13379579,2026-03-27 14:00:00+00:00
1774623600000,66163.1,66588.5,65941.3,66074.2,149.14096976,2026-03-27 15:00:00+00:00
1774627200000,66074.3,66119.9,65778.5,65950.3,111.7949113,2026-03-27 16:00:00+00:00
1774630800000,65950.3,66266.2,65561.7,65600.1,145.01812276,2026-03-27 17:00:00+00:00
1774634400000,65600.1,65898.1,65519.7,65809.4,64.74820312,2026-03-27 18:00:00+00:00
1774638000000,65800.1,66087.2,65658.2,65998.2,73.59396546,2026-03-27 19:00:00+00:00
1774641600000,65998.2,66087.2,65779.9,65957.8,29.86369628,2026-03-27 20:00:00+00:00
1774645200000,65970.0,66118.7,65955.3,66025.4,182.9133385,2026-03-27 21:00:00+00:00
1774648800000,66039.1,66042.5,65865.0,65981.6,44.20979567,2026-03-27 22:00:00+00:00
1774652400000,65981.6,66368.7,65921.0,66358.3,68.74536067,2026-03-27 23:00:00+00:00
1774656000000,66360.4,66462.2,66242.4,66369.6,143.83396261,2026-03-28 00:00:00+00:00
1774659600000,66369.7,66369.7,66001.1,66117.9,194.72980638,2026-03-28 01:00:00+00:00
1774663200000,66117.9,66186.6,65889.0,65983.6,37.71783622,2026-03-28 02:00:00+00:00
1774666800000,65983.6,66191.5,65983.5,66176.3,23.65526376,2026-03-28 03:00:00+00:00
1774670400000,66183.3,66254.7,66077.0,66230.7,12.81041452,2026-03-28 04:00:00+00:00
1774674000000,66237.9,66325.3,66166.6,66301.8,27.81866809,2026-03-28 05:00:00+00:00
1774677600000,66301.8,66456.6,66253.5,66355.9,33.03711281,2026-03-28 06:00:00+00:00
1774681200000,66350.3,66500.0,66350.2,66500.0,16.61628256,2026-03-28 07:00:00+00:00
1774684800000,66500.0,66516.6,66340.3,66354.7,20.557832,2026-03-28 08:00:00+00:00
1774688400000,66356.9,66356.9,66192.7,66255.1,12.67937597,2026-03-28 09:00:00+00:00
1774692000000,66255.2,66350.3,66095.0,66173.1,13.51593189,2026-03-28 10:00:00+00:00
1774695600000,66173.1,66308.2,66161.3,66276.0,9.88250499,2026-03-28 11:00:00+00:00
1774699200000,66276.0,66466.3,66200.0,66404.8,26.01997488,2026-03-28 12:00:00+00:00
1774702800000,66404.8,67101.0,66371.8,66787.3,230.2084266,2026-03-28 13:00:00+00:00
1774706400000,66788.3,66898.2,66628.4,66704.1,49.66563501,2026-03-28 14:00:00+00:00
1774710000000,66704.1,67237.8,66674.5,66976.5,95.92424019,2026-03-28 15:00:00+00:00
1774713600000,66976.5,67054.0,66817.9,66876.9,43.51674608,2026-03-28 16:00:00+00:00
1774717200000,66876.9,66944.6,66645.2,66814.2,24.38676165,2026-03-28 17:00:00+00:00
1774720800000,66814.3,66899.3,66793.8,66882.0,30.81134619,2026-03-28 18:00:00+00:00
1774724400000,66882.0,66896.5,66764.3,66847.2,5.43241496,2026-03-28 19:00:00+00:00
1774728000000,66847.3,66953.4,66847.2,66868.0,30.67152101,2026-03-28 20:00:00+00:00
1774731600000,66868.1,66875.0,66523.9,66645.8,22.1841965,2026-03-28 21:00:00+00:00
1774735200000,66645.7,66737.3,66550.0,66697.4,24.01303736,2026-03-28 22:00:00+00:00
1774738800000,66697.4,66697.4,66201.9,66321.7,58.61916475,2026-03-28 23:00:00+00:00
1774742400000,66321.8,66450.9,66246.5,66429.4,40.2857263,2026-03-29 00:00:00+00:00
1774746000000,66435.7,66562.3,66338.3,66515.4,34.73056912,2026-03-29 01:00:00+00:00
1774749600000,66515.5,66772.5,66498.9,66742.6,23.51443083,2026-03-29 02:00:00+00:00
1774753200000,66747.8,67066.2,66716.2,66846.6,47.6878828,2026-03-29 03:00:00+00:00
1774756800000,66846.6,66873.0,66678.0,66678.1,13.9047988,2026-03-29 04:00:00+00:00
1774760400000,66678.1,66748.2,66564.5,66733.3,27.99564546,2026-03-29 05:00:00+00:00
1774764000000,66733.3,66811.0,66582.8,66684.3,12.89525236,2026-03-29 06:00:00+00:00
1774767600000,66684.3,66684.3,66508.6,66610.1,7.4951303,2026-03-29 07:00:00+00:00
1774771200000,66610.1,66707.2,66559.2,66671.7,7.634798,2026-03-29 08:00:00+00:00
1774774800000,66671.7,66706.0,66501.0,66574.2,16.43399636,2026-03-29 09:00:00+00:00
1774778400000,66574.2,66574.2,66385.9,66464.1,19.18533375,2026-03-29 10:00:00+00:00
1774782000000,66464.1,66910.3,66464.0,66749.7,16.36989843,2026-03-29 11:00:00+00:00
1774785600000,66749.7,66803.3,66654.2,66788.1,20.61242516,2026-03-29 12:00:00+00:00
1774789200000,66788.1,66788.1,66479.0,66515.9,36.89726938,2026-03-29 13:00:00+00:00
1774792800000,66516.0,66718.3,66415.8,66541.4,48.41933975,2026-03-29 14:00:00+00:00
1774796400000,66541.4,66657.1,66293.3,66463.5,59.95969899,2026-03-29 15:00:00+00:00
1774800000000,66463.5,66587.0,66376.2,66433.1,39.70449109,2026-03-29 16:00:00+00:00
1774803600000,66433.1,66467.4,66093.8,66325.9,81.4196033,2026-03-29 17:00:00+00:00
1774807200000,66325.9,66483.0,66280.0,66368.0,21.35694664,2026-03-29 18:00:00+00:00
1774810800000,66368.1,66422.1,66282.0,66293.0,28.14521154,2026-03-29 19:00:00+00:00
1774814400000,66293.0,66750.0,66292.9,66554.4,68.1252376,2026-03-29 20:00:00+00:00
1774818000000,66554.4,66680.0,66452.0,66664.9,97.30892991,2026-03-29 21:00:00+00:00
1774821600000,66664.9,66664.9,64960.0,65800.1,494.21057167,2026-03-29 22:00:00+00:00
1774825200000,65800.1,66317.3,65800.1,65950.3,245.7576507,2026-03-29 23:00:00+00:00
1774828800000,65950.4,66999.0,65733.2,66225.4,374.00023177,2026-03-30 00:00:00+00:00
1774832400000,66225.4,66759.4,66225.4,66576.0,112.04565138,2026-03-30 01:00:00+00:00
1774836000000,66591.3,67392.3,66518.4,67059.0,203.72380248,2026-03-30 02:00:00+00:00
1774839600000,67059.0,67242.8,66934.1,67100.0,77.92360324,2026-03-30 03:00:00+00:00
1774843200000,67100.0,67588.9,67099.9,67559.3,100.77409241,2026-03-30 04:00:00+00:00
1774846800000,67559.4,67724.6,67387.5,67441.0,65.50869216,2026-03-30 05:00:00+00:00
1774850400000,67433.4,67521.8,67217.3,67249.7,29.70763277,2026-03-30 06:00:00+00:00
1774854000000,67249.8,67700.7,67178.8,67556.1,66.73141989,2026-03-30 07:00:00+00:00
1774857600000,67556.2,67871.0,67556.1,67605.0,65.39658419,2026-03-30 08:00:00+00:00
1774861200000,67605.0,67627.7,67423.0,67445.8,56.81419131,2026-03-30 09:00:00+00:00
1774864800000,67445.8,67449.4,67319.5,67420.0,41.37715859,2026-03-30 10:00:00+00:00
1774868400000,67420.1,67916.5,67420.0,67610.6,74.58603916,2026-03-30 11:00:00+00:00
1774872000000,67610.6,67899.9,67600.5,67849.1,61.79195652,2026-03-30 12:00:00+00:00
1774875600000,67849.1,68105.1,67400.0,67472.4,160.45672594,2026-03-30 13:00:00+00:00
1774879200000,67472.4,67828.4,67061.5,67758.8,191.82881999,2026-03-30 14:00:00+00:00
1774882800000,67745.1,67842.0,67368.9,67570.7,87.40875832,2026-03-30 15:00:00+00:00
1774886400000,67570.7,67570.7,67183.5,67310.0,110.82392085,2026-03-30 16:00:00+00:00
1774890000000,67310.0,67398.5,66605.3,66767.7,172.67153193,2026-03-30 17:00:00+00:00
1774893600000,66767.7,66860.7,66470.6,66600.1,97.74786763,2026-03-30 18:00:00+00:00
1774897200000,66590.8,66599.6,66200.0,66482.9,373.92556314,2026-03-30 19:00:00+00:00
1774900800000,66484.2,66620.3,66473.0,66592.3,29.55567086,2026-03-30 20:00:00+00:00
1774904400000,66592.3,66930.0,66541.8,66756.5,78.21200146,2026-03-30 21:00:00+00:00
1774908000000,66757.3,66930.0,66641.4,66728.6,49.13023434,2026-03-30 22:00:00+00:00
1774911600000,66728.7,66728.7,66372.2,66725.0,39.3540994,2026-03-30 23:00:00+00:00
1774915200000,66725.0,67237.5,66495.7,67139.2,112.01897437,2026-03-31 00:00:00+00:00
1774918800000,67139.3,68325.5,67010.5,67887.9,222.77721094,2026-03-31 01:00:00+00:00
1774922400000,67881.5,68008.2,67728.6,67900.0,46.18481354,2026-03-31 02:00:00+00:00
1774926000000,67900.1,67925.3,67599.0,67640.5,23.50295243,2026-03-31 03:00:00+00:00
1774929600000,67640.5,67800.0,67458.9,67482.1,64.73448627,2026-03-31 04:00:00+00:00
1774933200000,67482.1,67705.2,67352.0,67624.9,61.53016036,2026-03-31 05:00:00+00:00
1774936800000,67624.9,67629.8,67300.0,67438.9,77.21687916,2026-03-31 06:00:00+00:00
1774940400000,67439.0,67461.0,67053.2,67285.8,155.98819763,2026-03-31 07:00:00+00:00
1774944000000,67285.8,67424.9,66624.0,66733.1,249.94273576,2026-03-31 08:00:00+00:00
1774947600000,66729.5,66831.0,65939.0,66050.0,101.09757313,2026-03-31 09:00:00+00:00
1774951200000,66050.0,66408.3,66049.9,66299.8,65.13194901,2026-03-31 10:00:00+00:00
1774954800000,66299.8,66807.3,66186.4,66640.1,120.87604994,2026-03-31 11:00:00+00:00
1774958400000,66640.1,66864.4,66472.4,66608.8,142.13083127,2026-03-31 12:00:00+00:00
1774962000000,66608.8,67336.4,66608.7,67225.9,198.86419023,2026-03-31 13:00:00+00:00
1774965600000,67226.0,67681.9,66382.8,66529.5,358.32252335,2026-03-31 14:00:00+00:00
1774969200000,66529.6,67200.0,66529.6,66657.4,120.89614293,2026-03-31 15:00:00+00:00
1774972800000,66657.4,67935.4,66657.4,67599.6,188.70267657,2026-03-31 16:00:00+00:00
1774976400000,67599.6,68500.0,67360.0,67449.3,297.0757671,2026-03-31 17:00:00+00:00
1774980000000,67449.4,67887.7,67449.4,67784.0,51.58048865,2026-03-31 18:00:00+00:00
1774983600000,67786.0,67949.7,67663.6,67799.4,53.38837732,2026-03-31 19:00:00+00:00
1774987200000,67775.8,68181.3,67764.0,68181.3,88.72309579,2026-03-31 20:00:00+00:00
1774990800000,68181.3,68333.3,67827.0,68211.6,51.03608476,2026-03-31 21:00:00+00:00
1774994400000,68211.7,68246.5,67911.8,68103.3,43.95840448,2026-03-31 22:00:00+00:00
1774998000000,68103.4,68299.1,68039.1,68219.7,45.8999941,2026-03-31 23:00:00+00:00
1775001600000,68219.7,68261.7,67806.1,68230.0,68.75757669,2026-04-01 00:00:00+00:00
1775005200000,68243.2,68284.6,67718.9,67734.2,64.65030098,2026-04-01 01:00:00+00:00
1775008800000,67734.2,67839.5,67546.2,67607.5,59.00102734,2026-04-01 02:00:00+00:00
1775012400000,67607.5,68161.2,67607.5,68107.5,52.55247455,2026-04-01 03:00:00+00:00
1775016000000,68107.6,68396.4,67972.8,68234.8,61.7374244,2026-04-01 04:00:00+00:00
1775019600000,68234.9,68681.2,68097.8,68393.3,190.87711171,2026-04-01 05:00:00+00:00
1775023200000,68393.3,69170.1,68393.2,69060.3,184.86732497,2026-04-01 06:00:00+00:00
1775026800000,69060.4,69250.0,68650.0,68665.1,66.49021409,2026-04-01 07:00:00+00:00
1775030400000,68665.2,68822.7,68438.1,68635.2,49.79198338,2026-04-01 08:00:00+00:00
1775034000000,68636.6,68695.8,68352.6,68624.8,58.23376546,2026-04-01 09:00:00+00:00
1775037600000,68624.8,68624.8,68400.1,68556.6,76.77109694,2026-04-01 10:00:00+00:00
1775041200000,68558.5,68711.4,68490.1,68688.5,50.11606387,2026-04-01 11:00:00+00:00
1775044800000,68688.6,68757.7,68246.8,68335.5,113.44304038,2026-04-01 12:00:00+00:00
1775048400000,68358.0,68632.7,67903.7,68076.2,79.51215808,2026-04-01 13:00:00+00:00
1775052000000,68085.1,68649.2,68050.1,68588.2,80.60778899,2026-04-01 14:00:00+00:00
1775055600000,68565.6,68949.2,68408.2,68903.1,105.06609136,2026-04-01 15:00:00+00:00
1775059200000,68903.1,68954.6,68587.3,68801.5,47.8128778,2026-04-01 16:00:00+00:00
1775062800000,68800.3,69152.8,68228.8,68232.5,58.16034597,2026-04-01 17:00:00+00:00
1775066400000,68231.9,68303.0,67945.9,68064.7,93.29680086,2026-04-01 18:00:00+00:00
1775070000000,68064.8,68264.3,68016.2,68162.5,54.765295,2026-04-01 19:00:00+00:00
1775073600000,68159.2,68238.4,67971.9,68176.2,90.98851496,2026-04-01 20:00:00+00:00
1775077200000,68176.2,68518.7,68161.6,68398.8,60.3464691,2026-04-01 21:00:00+00:00
1775080800000,68373.1,68373.1,68075.1,68117.8,39.24510862,2026-04-01 22:00:00+00:00
1775084400000,68113.2,68227.4,67999.4,68098.5,38.07404526,2026-04-01 23:00:00+00:00
1775088000000,68098.5,68632.7,68054.6,68596.4,69.86199129,2026-04-02 00:00:00+00:00
1775091600000,68596.4,68596.4,67034.2,67333.7,257.38258064,2026-04-02 01:00:00+00:00
1775095200000,67349.1,67349.1,66639.8,66861.5,129.14649738,2026-04-02 02:00:00+00:00
1775098800000,66861.5,66962.0,66500.0,66579.3,72.05748375,2026-04-02 03:00:00+00:00
1775102400000,66579.3,66632.6,66218.7,66326.2,75.77135475,2026-04-02 04:00:00+00:00
1775106000000,66326.2,66620.4,66307.2,66591.9,51.75272681,2026-04-02 05:00:00+00:00
1775109600000,66591.9,66802.5,66536.2,66655.1,29.88477408,2026-04-02 06:00:00+00:00
1775113200000,66655.1,66924.1,66564.0,66916.9,35.52048202,2026-04-02 07:00:00+00:00
1775116800000,66916.9,66916.9,66400.0,66426.1,30.56303086,2026-04-02 08:00:00+00:00
1775120400000,66426.2,66484.9,66300.0,66449.3,29.11912005,2026-04-02 09:00:00+00:00
1775124000000,66449.2,66483.3,66214.1,66439.2,36.23842146,2026-04-02 10:00:00+00:00
1775127600000,66439.7,66455.3,66135.7,66223.4,73.6566674,2026-04-02 11:00:00+00:00
1775131200000,66203.5,66227.4,65950.0,66024.6,91.63911499,2026-04-02 12:00:00+00:00
1775134800000,66024.7,66258.9,65688.2,66251.9,154.14100187,2026-04-02 13:00:00+00:00
1775138400000,66252.0,67069.6,66168.0,66861.2,318.01176375,2026-04-02 14:00:00+00:00
1775142000000,66861.2,66962.9,66635.0,66828.0,98.21579952,2026-04-02 15:00:00+00:00
1775145600000,66828.0,67273.8,66753.0,67094.3,96.94137848,2026-04-02 16:00:00+00:00
1775149200000,67094.3,67408.5,66669.1,66675.8,125.37667824,2026-04-02 17:00:00+00:00
1775152800000,66675.8,67048.9,66590.6,66970.4,36.61675024,2026-04-02 18:00:00+00:00
1775156400000,66970.4,67088.4,66888.0,66969.0,52.43745869,2026-04-02 19:00:00+00:00
1775160000000,66975.6,67098.0,66798.0,66933.1,52.51082008,2026-04-02 20:00:00+00:00
1775163600000,66933.1,66999.5,66738.1,66918.0,20.58132242,2026-04-02 21:00:00+00:00
1775167200000,66918.0,67028.9,66841.4,66978.1,28.897262,2026-04-02 22:00:00+00:00
1775170800000,66978.1,67068.0,66858.0,66880.8,75.41435219,2026-04-02 23:00:00+00:00
1775174400000,66885.7,66975.0,66715.1,66768.0,77.88401378,2026-04-03 00:00:00+00:00
1775178000000,66768.0,66884.8,66500.0,66618.0,107.69813133,2026-04-03 01:00:00+00:00
1775181600000,66618.0,66723.0,66288.0,66512.9,126.45926215,2026-04-03 02:00:00+00:00
1775185200000,66513.0,66693.0,66498.0,66574.1,28.74005868,2026-04-03 03:00:00+00:00
1775188800000,66573.1,66676.4,66513.0,66604.8,29.53415281,2026-04-03 04:00:00+00:00
1775192400000,66603.1,66796.5,66430.1,66588.0,44.25118212,2026-04-03 05:00:00+00:00
1775196000000,66588.0,66782.6,66571.3,66778.6,39.15216702,2026-04-03 06:00:00+00:00
1775199600000,66778.6,67234.9,66763.2,67029.7,76.5317499,2026-04-03 07:00:00+00:00
1775203200000,67029.7,67271.5,66918.0,66963.0,16.89157948,2026-04-03 08:00:00+00:00
1775206800000,66963.0,66978.0,66753.0,66844.9,22.22505626,2026-04-03 09:00:00+00:00
1775210400000,66845.0,66885.7,66695.0,66885.7,16.94131881,2026-04-03 10:00:00+00:00
1775214000000,66885.7,67033.9,66827.0,66999.6,30.43484171,2026-04-03 11:00:00+00:00
1775217600000,66999.6,67369.0,66619.9,66723.1,70.44714022,2026-04-03 12:00:00+00:00
1775221200000,66723.1,66723.1,66531.6,66661.6,33.07544846,2026-04-03 13:00:00+00:00
1775224800000,66661.6,66975.0,66633.0,66925.9,113.31701128,2026-04-03 14:00:00+00:00
1775228400000,66925.4,67000.0,66814.0,66819.2,68.60664419,2026-04-03 15:00:00+00:00
1775232000000,66820.5,67050.0,66820.4,67005.1,76.33637793,2026-04-03 16:00:00+00:00
1775235600000,67005.1,67061.5,66768.1,66830.4,159.32753751,2026-04-03 17:00:00+00:00
1775239200000,66830.5,66926.2,66777.0,66801.1,52.04653542,2026-04-03 18:00:00+00:00
1775242800000,66805.8,66887.3,66763.1,66878.6,69.0240561,2026-04-03 19:00:00+00:00
1775246400000,66878.6,66903.0,66835.0,66835.1,66.65990616,2026-04-03 20:00:00+00:00
1775250000000,66835.1,66959.3,66835.0,66959.2,29.84873232,2026-04-03 21:00:00+00:00
1775253600000,66959.3,66959.3,66847.1,66884.3,33.91041397,2026-04-03 22:00:00+00:00
1775257200000,66881.7,66933.0,66828.1,66933.0,13.62111582,2026-04-03 23:00:00+00:00
1775260800000,66932.9,66936.9,66883.0,66883.0,5.61930954,2026-04-04 00:00:00+00:00
1775264400000,66883.1,66896.3,66834.0,66843.5,14.06089473,2026-04-04 01:00:00+00:00
1775268000000,66843.5,66896.3,66816.6,66816.7,7.36617959,2026-04-04 02:00:00+00:00
1775271600000,66816.7,66896.2,66816.7,66843.1,4.6795431,2026-04-04 03:00:00+00:00
1775275200000,66843.1,66870.5,66790.0,66858.8,26.1620592,2026-04-04 04:00:00+00:00
1775278800000,66858.8,66929.1,66855.4,66912.9,119.86733843,2026-04-04 05:00:00+00:00
1775282400000,66903.5,67023.0,66898.8,67013.9,49.26878847,2026-04-04 06:00:00+00:00
1775286000000,67014.0,67033.8,66948.1,67022.9,73.84011375,2026-04-04 07:00:00+00:00
1775289600000,67022.9,67033.8,66918.0,66918.1,10.50614709,2026-04-04 08:00:00+00:00
1775293200000,66918.1,66978.0,66918.1,66958.4,12.5760806,2026-04-04 09:00:00+00:00
1775296800000,66958.4,67174.9,66918.0,67151.2,38.05668949,2026-04-04 10:00:00+00:00
1775300400000,67151.3,67203.0,67087.8,67121.9,37.35846154,2026-04-04 11:00:00+00:00
1775304000000,67128.0,67151.8,67060.0,67080.6,21.26816351,2026-04-04 12:00:00+00:00
1775307600000,67080.6,67259.2,67069.1,67174.1,34.70322624,2026-04-04 13:00:00+00:00
1775311200000,67184.2,67213.0,67033.9,67200.0,33.04615931,2026-04-04 14:00:00+00:00
1775314800000,67200.0,67500.0,67179.8,67361.9,71.27112902,2026-04-04 15:00:00+00:00
1775318400000,67362.0,67501.3,67323.0,67361.0,38.03790401,2026-04-04 16:00:00+00:00
1775322000000,67361.0,67394.1,67300.0,67310.6,71.82894651,2026-04-04 17:00:00+00:00
1775325600000,67310.7,67350.0,67264.0,67293.0,15.42203178,2026-04-04 18:00:00+00:00
1775329200000,67293.0,67534.0,67278.0,67283.0,19.18623615,2026-04-04 19:00:00+00:00
1775332800000,67283.1,67283.1,67189.7,67258.8,57.3244954,2026-04-04 20:00:00+00:00
1775336400000,67258.9,67459.1,67203.2,67347.2,41.83887455,2026-04-04 21:00:00+00:00
1775340000000,67347.3,67443.0,67338.0,67375.5,25.4382214,2026-04-04 22:00:00+00:00
1775343600000,67375.5,67377.5,67258.5,67283.8,21.76826828,2026-04-04 23:00:00+00:00
1775347200000,67283.8,67283.8,67158.1,67188.3,29.97700741,2026-04-05 00:00:00+00:00
1775350800000,67179.0,67202.6,67080.0,67082.1,18.30176971,2026-04-05 01:00:00+00:00
1775354400000,67080.1,67143.0,66968.4,67141.9,28.77466914,2026-04-05 02:00:00+00:00
1775358000000,67142.0,67154.9,67098.0,67113.0,9.11960991,2026-04-05 03:00:00+00:00
1775361600000,67113.0,67160.0,67058.6,67087.5,8.58640731,2026-04-05 04:00:00+00:00
1775365200000,67087.5,67123.2,66895.0,66910.3,11.95134624,2026-04-05 05:00:00+00:00
1775368800000,66910.3,66933.6,66618.0,66802.9,46.043324,2026-04-05 06:00:00+00:00
1775372400000,66800.1,66888.0,66712.3,66797.9,9.85430004,2026-04-05 07:00:00+00:00
1775376000000,66798.0,66915.6,66798.0,66915.6,30.85365959,2026-04-05 08:00:00+00:00
1775379600000,66915.6,67029.4,66900.8,67029.4,26.27523579,2026-04-05 09:00:00+00:00
1775383200000,67029.4,67109.8,66953.3,67027.4,60.8672027,2026-04-05 10:00:00+00:00
1775386800000,67028.5,67070.8,66951.4,66960.9,76.54530608,2026-04-05 11:00:00+00:00
1775390400000,66960.9,66960.9,66694.6,66760.1,29.04062017,2026-04-05 12:00:00+00:00
1775394000000,66760.1,66887.8,66690.0,66880.8,16.49213868,2026-04-05 13:00:00+00:00
1775397600000,66880.8,66939.7,66811.0,66910.3,42.41720722,2026-04-05 14:00:00+00:00
1775401200000,66910.4,67819.9,66810.8,67273.7,154.55549787,2026-04-05 15:00:00+00:00
1775404800000,67273.8,67376.1,67166.2,67183.8,25.84930587,2026-04-05 16:00:00+00:00
1775408400000,67183.8,67373.4,67171.1,67332.3,11.96377535,2026-04-05 17:00:00+00:00
1775412000000,67342.2,67424.9,67249.5,67380.7,46.2888239,2026-04-05 18:00:00+00:00
1775415600000,67380.7,67518.9,67272.5,67330.7,73.4009394,2026-04-05 19:00:00+00:00
1775419200000,67330.7,67681.6,67329.4,67629.2,33.31723979,2026-04-05 20:00:00+00:00
1775422800000,67629.3,67641.5,67414.4,67508.9,20.36132463,2026-04-05 21:00:00+00:00
1775426400000,67508.9,68332.1,67343.8,68321.1,163.97188795,2026-04-05 22:00:00+00:00
1775430000000,68321.2,69098.9,68255.4,68983.7,154.55681973,2026-04-05 23:00:00+00:00
1775433600000,68983.8,69555.0,68983.8,69054.3,200.46716826,2026-04-06 00:00:00+00:00
1775437200000,69054.3,69096.9,68771.1,68771.1,61.42734899,2026-04-06 01:00:00+00:00
1775440800000,68771.2,69372.6,68771.2,69184.6,52.01225113,2026-04-06 02:00:00+00:00
1775444400000,69180.2,69220.0,69043.9,69087.9,27.2821744,2026-04-06 03:00:00+00:00
1775448000000,69088.0,69188.3,68970.0,69115.3,17.24178586,2026-04-06 04:00:00+00:00
1775451600000,69115.3,69211.7,69080.4,69176.8,37.24081849,2026-04-06 05:00:00+00:00
1775455200000,69176.8,69323.9,68800.2,68950.1,89.77066613,2026-04-06 06:00:00+00:00
1775458800000,68950.1,69179.1,68822.7,69075.2,26.87184853,2026-04-06 07:00:00+00:00
1775462400000,69075.2,69311.4,69072.6,69208.0,30.89705383,2026-04-06 08:00:00+00:00
1775466000000,69208.0,70250.0,69201.4,69714.1,191.07839123,2026-04-06 09:00:00+00:00
1775469600000,69714.3,69945.0,69696.6,69748.9,72.14479096,2026-04-06 10:00:00+00:00
1775473200000,69748.9,69748.9,69578.0,69593.4,19.40877122,2026-04-06 11:00:00+00:00
1775476800000,69596.4,69620.4,69333.4,69356.8,43.66367253,2026-04-06 12:00:00+00:00
1775480400000,69356.9,69550.0,69246.9,69394.3,27.04806528,2026-04-06 13:00:00+00:00
1775484000000,69409.4,69812.1,69167.1,69665.4,108.58315877,2026-04-06 14:00:00+00:00
1775487600000,69665.4,69971.0,69551.5,69971.0,109.43927737,2026-04-06 15:00:00+00:00
1775491200000,69970.4,70463.7,69809.9,69813.9,370.05832094,2026-04-06 16:00:00+00:00
1775494800000,69814.0,69814.0,69278.4,69570.7,100.53586284,2026-04-06 17:00:00+00:00
1775498400000,69570.8,69950.0,69489.4,69899.4,58.20127401,2026-04-06 18:00:00+00:00
1775502000000,69899.4,69913.3,69601.9,69730.0,81.87617794,2026-04-06 19:00:00+00:00
1775505600000,69731.8,69988.3,69628.8,69850.5,78.83974178,2026-04-06 20:00:00+00:00
1775509200000,69850.6,69850.6,69445.6,69519.7,24.13284195,2026-04-06 21:00:00+00:00
1775512800000,69519.3,69577.8,68826.5,68826.5,93.10189047,2026-04-06 22:00:00+00:00
1775516400000,68826.5,68910.1,68350.0,68861.4,117.85097496,2026-04-06 23:00:00+00:00
1775520000000,68861.3,69142.3,68731.0,68768.0,59.05060233,2026-04-07 00:00:00+00:00
1775523600000,68766.5,68888.5,68350.1,68410.1,48.65755978,2026-04-07 01:00:00+00:00
1775527200000,68410.1,68700.0,68300.0,68677.4,24.51831955,2026-04-07 02:00:00+00:00
1775530800000,68677.4,68796.4,68623.7,68779.5,27.31515528,2026-04-07 03:00:00+00:00
1775534400000,68779.5,68962.9,68540.1,68871.6,29.96801793,2026-04-07 04:00:00+00:00
1775538000000,68871.6,68871.6,68616.3,68644.4,57.47587827,2026-04-07 05:00:00+00:00
1775541600000,68658.4,68658.4,68439.4,68571.6,27.78224407,2026-04-07 06:00:00+00:00
1775545200000,68571.6,68700.6,68499.0,68623.0,36.66769819,2026-04-07 07:00:00+00:00
1775548800000,68623.1,68990.4,68616.6,68946.4,21.93592737,2026-04-07 08:00:00+00:00
1775552400000,68946.4,69259.4,68946.3,69156.4,63.84879453,2026-04-07 09:00:00+00:00
1775556000000,69156.5,69198.7,68196.9,68230.1,68.28244405,2026-04-07 10:00:00+00:00
1775559600000,68230.1,68439.2,68067.7,68347.9,100.22577145,2026-04-07 11:00:00+00:00
1775563200000,68348.0,68618.4,68073.3,68379.7,40.80937247,2026-04-07 12:00:00+00:00
1775566800000,68379.8,68629.8,68200.0,68240.4,46.19257897,2026-04-07 13:00:00+00:00
1775570400000,68240.4,68240.4,67752.7,67863.4,74.97585119,2026-04-07 14:00:00+00:00
1775574000000,67863.5,68237.1,67734.9,68155.6,70.64047241,2026-04-07 15:00:00+00:00
1775577600000,68155.7,68442.8,68079.6,68222.9,70.31943787,2026-04-07 16:00:00+00:00
1775581200000,68222.9,68989.5,68195.9,68703.0,90.50777016,2026-04-07 17:00:00+00:00
1775584800000,68703.0,68750.0,68350.2,68428.8,26.87608527,2026-04-07 18:00:00+00:00
1775588400000,68433.6,69059.9,68352.6,69015.8,76.97841874,2026-04-07 19:00:00+00:00
1775592000000,69008.0,69529.7,69008.0,69303.6,133.1081279,2026-04-07 20:00:00+00:00
1775595600000,69303.8,70189.4,69303.8,69912.7,137.7166371,2026-04-07 21:00:00+00:00
1775599200000,69914.4,71498.0,69914.4,71498.0,434.14423856,2026-04-07 22:00:00+00:00
1775602800000,71498.0,72728.0,71199.7,71925.0,408.38218932,2026-04-07 23:00:00+00:00
1775606400000,71925.0,72109.8,71542.4,71688.2,109.12521226,2026-04-08 00:00:00+00:00
1775610000000,71688.3,71735.0,71442.1,71461.8,49.27924495,2026-04-08 01:00:00+00:00
1775613600000,71458.8,71700.0,71238.3,71337.9,55.41278885,2026-04-08 02:00:00+00:00
1775617200000,71338.0,71474.3,71277.1,71288.7,51.95194207,2026-04-08 03:00:00+00:00
1775620800000,71288.7,71664.9,71288.6,71570.3,53.13687039,2026-04-08 04:00:00+00:00
1775624400000,71569.0,71808.7,71549.2,71706.9,41.27365622,2026-04-08 05:00:00+00:00
1775628000000,71706.9,71919.0,71588.0,71713.3,37.05487769,2026-04-08 06:00:00+00:00
1775631600000,71713.4,71890.0,71575.6,71620.0,55.51535277,2026-04-08 07:00:00+00:00
1775635200000,71620.0,71821.3,71620.0,71785.0,28.3953135,2026-04-08 08:00:00+00:00
1775638800000,71785.0,71990.4,71591.7,71674.1,19.59668585,2026-04-08 09:00:00+00:00
1775642400000,71674.2,71770.0,71473.5,71491.9,11.41964726,2026-04-08 10:00:00+00:00
1775646000000,71491.9,71710.0,71425.0,71670.8,38.08705843,2026-04-08 11:00:00+00:00
1775649600000,71670.8,72160.0,71590.0,72074.6,88.21314887,2026-04-08 12:00:00+00:00
1775653200000,72074.6,72850.0,71496.9,71610.2,318.26954588,2026-04-08 13:00:00+00:00
1775656800000,71610.3,71739.2,70703.0,70884.9,149.90626583,2026-04-08 14:00:00+00:00
1775660400000,70885.0,71350.0,70840.0,71294.5,77.58103765,2026-04-08 15:00:00+00:00
1775664000000,71294.5,71688.2,71244.4,71611.4,87.89448991,2026-04-08 16:00:00+00:00
1775667600000,71611.4,71963.0,71508.0,71899.7,77.20022228,2026-04-08 17:00:00+00:00
1775671200000,71899.7,71899.7,71082.7,71106.5,141.25967784,2026-04-08 18:00:00+00:00
1775674800000,71104.4,71384.2,71014.1,71327.1,75.95866067,2026-04-08 19:00:00+00:00
1775678400000,71322.4,71489.9,71282.3,71382.2,35.03109235,2026-04-08 20:00:00+00:00
1775682000000,71382.4,71755.0,71348.0,71550.7,47.74112463,2026-04-08 21:00:00+00:00
1775685600000,71550.7,71571.4,71088.6,71088.7,24.91892819,2026-04-08 22:00:00+00:00
1775689200000,71088.7,71199.5,70908.1,71109.0,90.40264475,2026-04-08 23:00:00+00:00
1775692800000,71090.2,71145.8,70643.6,70826.8,34.55827198,2026-04-09 00:00:00+00:00
1775696400000,70826.8,70943.8,70465.1,70917.1,41.30992276,2026-04-09 01:00:00+00:00
1775700000000,70917.1,71182.5,70817.3,71038.9,73.75256044,2026-04-09 02:00:00+00:00
1775703600000,71041.7,71105.2,70857.1,70994.3,23.79079748,2026-04-09 03:00:00+00:00
1775707200000,70994.4,71010.7,70756.7,70793.5,14.55678126,2026-04-09 04:00:00+00:00
1775710800000,70793.6,71083.7,70714.4,70976.3,39.50953822,2026-04-09 05:00:00+00:00
1775714400000,70976.3,71076.0,70842.0,71037.3,22.21678758,2026-04-09 06:00:00+00:00
1775718000000,71037.4,71116.3,70964.7,70988.4,14.02445318,2026-04-09 07:00:00+00:00
1775721600000,70988.7,71385.3,70896.2,71263.7,73.55917746,2026-04-09 08:00:00+00:00
1775725200000,71263.7,71567.7,71116.6,71527.8,36.83886631,2026-04-09 09:00:00+00:00
1775728800000,71543.3,71543.3,71297.7,71299.6,16.59588593,2026-04-09 10:00:00+00:00
1775732400000,71299.6,71343.0,71071.4,71154.3,53.69487559,2026-04-09 11:00:00+00:00
1775736000000,71154.3,71328.2,71045.9,71271.6,22.28540536,2026-04-09 12:00:00+00:00
1775739600000,71271.7,71350.0,70638.5,70806.7,33.15351279,2026-04-09 13:00:00+00:00
1775743200000,70806.7,71242.3,70536.3,71129.4,65.4453832,2026-04-09 14:00:00+00:00
1775746800000,71131.9,72356.6,70948.9,72122.3,202.24881641,2026-04-09 15:00:00+00:00
1775750400000,72141.7,72407.6,71743.2,72078.8,184.37227241,2026-04-09 16:00:00+00:00
1775754000000,72082.6,72544.9,72079.8,72352.0,112.87666733,2026-04-09 17:00:00+00:00
1775757600000,72352.0,72370.4,71744.0,71901.2,62.13767986,2026-04-09 18:00:00+00:00
1775761200000,71901.2,72295.4,71762.0,72126.8,67.65232695,2026-04-09 19:00:00+00:00
1775764800000,72112.7,72462.7,72000.5,72434.1,95.83965987,2026-04-09 20:00:00+00:00
1775768400000,72434.1,72709.0,72162.9,72250.0,92.84106975,2026-04-09 21:00:00+00:00
1775772000000,72250.1,73130.5,71967.3,71967.3,169.48267842,2026-04-09 22:00:00+00:00
1775775600000,71967.3,72022.4,71588.6,71803.5,70.4904599,2026-04-09 23:00:00+00:00
1775779200000,71803.5,72024.5,71592.4,71960.3,48.10904858,2026-04-10 00:00:00+00:00
1775782800000,71960.4,72387.5,71688.8,72160.6,50.62179582,2026-04-10 01:00:00+00:00
1775786400000,72160.7,72279.7,71938.0,71952.0,15.8388092,2026-04-10 02:00:00+00:00
1775790000000,71952.0,72011.4,71824.4,71868.4,20.47984162,2026-04-10 03:00:00+00:00
1775793600000,71868.4,72210.1,71840.0,72112.0,13.54962282,2026-04-10 04:00:00+00:00
1775797200000,72121.6,72266.9,72019.5,72131.8,21.57692257,2026-04-10 05:00:00+00:00
1775800800000,72131.8,72174.8,71809.1,71826.0,14.26095859,2026-04-10 06:00:00+00:00
1775804400000,71826.0,71844.5,71429.8,71483.9,23.25737407,2026-04-10 07:00:00+00:00
1775808000000,71483.9,71750.0,71446.0,71611.4,219.75884638,2026-04-10 08:00:00+00:00
1775811600000,71611.4,71869.1,71596.0,71797.1,51.53361462,2026-04-10 09:00:00+00:00
1775815200000,71797.1,71924.1,71723.6,71924.0,43.02783577,2026-04-10 10:00:00+00:00
1775818800000,71924.1,72270.2,71924.0,72135.9,123.71620547,2026-04-10 11:00:00+00:00
1775822400000,72135.9,72460.0,72039.9,72268.5,62.90467779,2026-04-10 12:00:00+00:00
1775826000000,72269.8,72429.7,71925.4,72334.0,147.70330296,2026-04-10 13:00:00+00:00
1775829600000,72333.5,73163.9,72291.1,72953.4,281.61261522,2026-04-10 14:00:00+00:00
1775833200000,72947.4,73320.0,72381.7,72441.3,154.41961104,2026-04-10 15:00:00+00:00
1775836800000,72456.4,73069.1,72424.1,73012.0,74.32153383,2026-04-10 16:00:00+00:00
1775840400000,73012.0,73148.1,72829.2,73126.7,75.45179812,2026-04-10 17:00:00+00:00
1775844000000,73126.7,73167.5,72924.9,73138.5,62.8259676,2026-04-10 18:00:00+00:00
1775847600000,73138.6,73278.8,72926.6,73268.1,82.79145608,2026-04-10 19:00:00+00:00
1775851200000,73268.1,73455.0,73090.5,73393.1,163.93070126,2026-04-10 20:00:00+00:00
1775854800000,73393.1,73393.1,72990.2,73207.1,42.30303337,2026-04-10 21:00:00+00:00
1775858400000,73207.1,73276.1,72781.5,72904.0,52.65946634,2026-04-10 22:00:00+00:00
1775862000000,72904.0,72974.1,72825.3,72973.8,26.85469306,2026-04-10 23:00:00+00:00
1775865600000,72973.8,72973.8,72827.7,72864.6,21.89244012,2026-04-11 00:00:00+00:00
1775869200000,72864.3,73025.3,72712.7,72962.0,19.79436352,2026-04-11 01:00:00+00:00
1775872800000,72965.7,73132.1,72950.7,73012.9,31.99014431,2026-04-11 02:00:00+00:00
1775876400000,73013.0,73100.0,72869.4,72896.1,7.93917964,2026-04-11 03:00:00+00:00
1775880000000,72896.2,72984.6,72734.2,72837.3,72.58332852,2026-04-11 04:00:00+00:00
1775883600000,72837.3,72871.8,72726.4,72758.5,12.1020682,2026-04-11 05:00:00+00:00
1775887200000,72758.5,72808.2,72645.8,72806.5,30.60782055,2026-04-11 06:00:00+00:00
1775890800000,72806.5,72866.9,72698.5,72761.5,13.19701407,2026-04-11 07:00:00+00:00
1775894400000,72774.7,72835.7,72688.2,72722.1,17.18736846,2026-04-11 08:00:00+00:00
1775898000000,72722.1,72951.3,72664.1,72944.1,31.68170286,2026-04-11 09:00:00+00:00
1775901600000,72944.2,72948.3,72817.0,72877.5,19.11566135,2026-04-11 10:00:00+00:00
1775905200000,72877.5,72945.3,72870.1,72932.9,16.28008336,2026-04-11 11:00:00+00:00
1775908800000,72932.9,73011.3,72850.0,72973.4,20.69083552,2026-04-11 12:00:00+00:00
1775912400000,72973.4,72973.4,72578.8,72712.4,175.62807544,2026-04-11 13:00:00+00:00
1775916000000,72712.5,72805.7,72655.5,72757.4,119.21768606,2026-04-11 14:00:00+00:00
1775919600000,72750.1,72910.0,72706.9,72901.2,14.36887746,2026-04-11 15:00:00+00:00
1775923200000,72901.2,73238.7,72856.4,73068.1,49.12377603,2026-04-11 16:00:00+00:00
1775926800000,73068.1,73192.9,73000.0,73105.2,16.41204035,2026-04-11 17:00:00+00:00
1775930400000,73105.2,73750.0,73091.0,73549.3,122.38404113,2026-04-11 18:00:00+00:00
1775934000000,73555.0,73800.0,73494.3,73695.4,62.40729389,2026-04-11 19:00:00+00:00
1775937600000,73695.4,73715.0,73272.2,73343.5,73.02263823,2026-04-11 20:00:00+00:00
1775941200000,73343.5,73550.1,73209.0,73456.1,49.31202346,2026-04-11 21:00:00+00:00
1775944800000,73456.1,73596.2,73278.6,73406.4,33.17877499,2026-04-11 22:00:00+00:00
1775948400000,73406.4,73406.4,72948.3,73060.6,42.89124801,2026-04-11 23:00:00+00:00
1775952000000,73060.6,73139.1,72928.9,73097.1,15.38671029,2026-04-12 00:00:00+00:00
1775955600000,73097.2,73150.0,71334.5,71663.5,269.26306996,2026-04-12 01:00:00+00:00
1775959200000,71663.6,71998.9,71380.3,71800.9,74.01464362,2026-04-12 02:00:00+00:00
1775962800000,71800.9,71893.3,71627.0,71627.2,77.3939294,2026-04-12 03:00:00+00:00
1775966400000,71627.2,71700.0,71472.6,71503.6,35.34444715,2026-04-12 04:00:00+00:00
1775970000000,71503.7,71806.8,71464.9,71740.0,19.89387443,2026-04-12 05:00:00+00:00
1775973600000,71740.0,71781.0,71675.6,71684.5,19.48851526,2026-04-12 06:00:00+00:00
1775977200000,71685.8,71776.4,71620.1,71730.0,26.44134107,2026-04-12 07:00:00+00:00
1775980800000,71730.1,71814.9,71650.0,71650.1,19.7471757,2026-04-12 08:00:00+00:00
1775984400000,71655.0,71655.0,71548.3,71571.7,19.81642529,2026-04-12 09:00:00+00:00
1775988000000,71571.7,71700.0,71400.0,71486.0,25.81768913,2026-04-12 10:00:00+00:00
1775991600000,71486.0,71557.0,71421.8,71499.1,54.98539758,2026-04-12 11:00:00+00:00
1775995200000,71499.1,71534.6,71103.8,71133.0,95.75153575,2026-04-12 12:00:00+00:00
1775998800000,71133.1,71185.6,70901.0,70911.4,85.14046833,2026-04-12 13:00:00+00:00
1776002400000,70911.4,71106.9,70711.8,70778.7,136.68940503,2026-04-12 14:00:00+00:00
1776006000000,70778.8,70957.7,70650.0,70911.0,65.56218618,2026-04-12 15:00:00+00:00
1776009600000,70917.7,70971.2,70848.4,70964.0,31.3367757,2026-04-12 16:00:00+00:00
1776013200000,70964.0,71222.0,70938.5,71150.0,37.50514962,2026-04-12 17:00:00+00:00
1776016800000,71163.1,71223.5,71089.8,71171.5,33.80175426,2026-04-12 18:00:00+00:00
1776020400000,71171.5,71253.7,71113.5,71119.9,34.05110185,2026-04-12 19:00:00+00:00
1776024000000,71119.9,71470.1,70970.9,71365.1,63.34104047,2026-04-12 20:00:00+00:00
1776027600000,71365.1,71467.9,71195.1,71357.8,28.19659046,2026-04-12 21:00:00+00:00
1776031200000,71379.1,71379.1,70517.7,70922.8,113.5032613,2026-04-12 22:00:00+00:00
1776034800000,70922.9,70922.9,70575.0,70754.1,35.36240484,2026-04-12 23:00:00+00:00
1776038400000,70754.1,71259.4,70630.4,71180.8,57.34226268,2026-04-13 00:00:00+00:00
1776042000000,71180.8,71238.7,71052.4,71204.5,22.83943101,2026-04-13 01:00:00+00:00
1776045600000,71204.6,71271.3,71007.5,71070.5,14.14498986,2026-04-13 02:00:00+00:00
1776049200000,71070.5,71150.0,70938.6,71001.4,12.36757227,2026-04-13 03:00:00+00:00
1776052800000,71001.4,71139.8,70858.8,70912.7,30.87187156,2026-04-13 04:00:00+00:00
1776056400000,70902.2,70913.0,70688.2,70873.8,21.48387781,2026-04-13 05:00:00+00:00
1776060000000,70879.9,71099.9,70879.9,71050.1,13.58921734,2026-04-13 06:00:00+00:00
1776063600000,71050.1,71060.0,70701.8,70832.3,32.64183518,2026-04-13 07:00:00+00:00
1776067200000,70832.4,70854.8,70595.6,70683.1,67.59630167,2026-04-13 08:00:00+00:00
1776070800000,70683.2,70900.0,70683.2,70790.0,12.46649171,2026-04-13 09:00:00+00:00
1776074400000,70790.0,70845.7,70691.6,70737.7,41.30711673,2026-04-13 10:00:00+00:00
1776078000000,70737.7,71001.7,70737.7,70948.1,19.93649992,2026-04-13 11:00:00+00:00
1776081600000,70948.1,71216.6,70777.6,71105.4,61.247766,2026-04-13 12:00:00+00:00
1776085200000,71105.4,71710.3,70833.3,71658.1,216.19550191,2026-04-13 13:00:00+00:00
1776088800000,71658.1,72435.1,71438.6,72435.1,293.05046408,2026-04-13 14:00:00+00:00
1776092400000,72435.1,72492.7,71690.1,71897.0,112.14113428,2026-04-13 15:00:00+00:00
1776096000000,71894.8,72450.0,71729.5,72234.0,118.42145621,2026-04-13 16:00:00+00:00
1776099600000,72234.0,72626.0,72105.5,72183.6,80.59060755,2026-04-13 17:00:00+00:00
1776103200000,72183.6,72505.3,72095.7,72458.2,48.90757184,2026-04-13 18:00:00+00:00
1776106800000,72458.2,73499.0,72327.0,73351.8,265.82900678,2026-04-13 19:00:00+00:00
1776110400000,73366.2,73421.9,73044.4,73202.5,67.12332415,2026-04-13 20:00:00+00:00
1776114000000,73202.5,73384.4,73129.2,73229.4,44.67485306,2026-04-13 21:00:00+00:00
1776117600000,73229.5,74747.9,73205.9,74657.5,352.4274458,2026-04-13 22:00:00+00:00
1776121200000,74657.5,74966.2,74440.9,74441.7,187.23235862,2026-04-13 23:00:00+00:00
1776124800000,74441.2,74529.9,74121.2,74161.0,80.75673755,2026-04-14 00:00:00+00:00
1776128400000,74174.5,74459.8,74025.7,74421.3,70.00194771,2026-04-14 01:00:00+00:00
1776132000000,74421.3,74592.8,74322.8,74370.4,30.51085019,2026-04-14 02:00:00+00:00
1776135600000,74370.4,74530.5,74300.1,74463.8,45.65226879,2026-04-14 03:00:00+00:00
1776139200000,74463.8,74529.3,74378.1,74401.2,18.26991772,2026-04-14 04:00:00+00:00
1776142800000,74401.2,74439.6,74195.2,74214.8,77.93717405,2026-04-14 05:00:00+00:00
1776146400000,74214.8,74580.6,74214.7,74555.9,40.75287051,2026-04-14 06:00:00+00:00
1776150000000,74556.0,74950.0,74396.2,74563.0,165.728425,2026-04-14 07:00:00+00:00
1776153600000,74565.7,74924.7,74488.4,74782.5,53.73547222,2026-04-14 08:00:00+00:00
1776157200000,74782.6,74868.3,74477.5,74546.8,29.15317678,2026-04-14 09:00:00+00:00
1776160800000,74546.9,74643.1,74366.2,74395.4,32.68134355,2026-04-14 10:00:00+00:00
1776164400000,74395.5,74466.0,74342.6,74405.3,46.66757249,2026-04-14 11:00:00+00:00
1776168000000,74405.3,74497.9,74307.0,74465.3,32.71084745,2026-04-14 12:00:00+00:00
1776171600000,74465.4,75582.8,74461.3,75575.6,501.20240891,2026-04-14 13:00:00+00:00
1776175200000,75581.0,76088.3,75071.9,75071.9,681.08448418,2026-04-14 14:00:00+00:00
1776178800000,75071.9,75492.6,74615.9,75357.7,391.63278065,2026-04-14 15:00:00+00:00
1776182400000,75357.7,75715.6,74559.7,74657.1,134.63644848,2026-04-14 16:00:00+00:00
1776186000000,74683.4,74970.3,74289.1,74779.1,106.56287227,2026-04-14 17:00:00+00:00
1776189600000,74781.7,74848.3,73858.9,74127.2,145.09341573,2026-04-14 18:00:00+00:00
1776193200000,74127.2,74423.0,73947.1,74265.1,71.15315959,2026-04-14 19:00:00+00:00
1776196800000,74265.0,74467.5,74046.3,74110.0,123.92415941,2026-04-14 20:00:00+00:00
1776200400000,74110.0,74330.3,73994.8,74300.6,130.9421517,2026-04-14 21:00:00+00:00
1776204000000,74307.5,74399.9,73865.8,74061.0,48.88029178,2026-04-14 22:00:00+00:00
1776207600000,74056.1,74263.0,74028.1,74171.4,45.09426388,2026-04-14 23:00:00+00:00
1776211200000,74171.4,74706.6,74144.5,74612.2,57.4634679,2026-04-15 00:00:00+00:00
1776214800000,74590.5,74793.5,74544.5,74650.7,42.69515302,2026-04-15 01:00:00+00:00
1776218400000,74650.7,74729.1,74228.0,74350.1,36.64612733,2026-04-15 02:00:00+00:00
1776222000000,74350.1,74396.8,74208.9,74360.5,10.77553427,2026-04-15 03:00:00+00:00
1776225600000,74360.5,74458.9,74307.4,74362.6,21.39725562,2026-04-15 04:00:00+00:00
1776229200000,74366.7,74456.1,73915.7,74044.3,34.67584096,2026-04-15 05:00:00+00:00
1776232800000,74044.4,74044.4,73906.3,73906.4,31.59347418,2026-04-15 06:00:00+00:00
1776236400000,73906.4,74018.0,73558.1,73769.8,70.21696225,2026-04-15 07:00:00+00:00
1776240000000,73769.9,74209.7,73718.7,74141.3,38.14171342,2026-04-15 08:00:00+00:00
1776243600000,74141.3,74209.7,73932.7,74044.7,31.13271975,2026-04-15 09:00:00+00:00
1776247200000,74044.7,74253.4,73830.4,73876.3,29.73812802,2026-04-15 10:00:00+00:00
1776250800000,73876.4,74262.4,73876.3,74220.0,62.16160831,2026-04-15 11:00:00+00:00
1776254400000,74221.8,74469.1,74068.7,74307.3,47.23484599,2026-04-15 12:00:00+00:00
1776258000000,74307.3,74440.9,73845.3,74064.5,97.70362917,2026-04-15 13:00:00+00:00
1776261600000,74064.6,74522.6,73845.3,74146.4,242.77720129,2026-04-15 14:00:00+00:00
1776265200000,74146.5,74332.6,73610.3,73839.9,156.19593526,2026-04-15 15:00:00+00:00
1776268800000,73839.9,74164.3,73779.4,73936.5,37.55784549,2026-04-15 16:00:00+00:00
1776272400000,73936.6,74235.7,73936.3,74134.1,141.23782583,2026-04-15 17:00:00+00:00
1776276000000,74134.2,74400.0,74106.0,74396.3,224.94938041,2026-04-15 18:00:00+00:00
1776279600000,74396.4,75280.0,74377.3,75004.9,238.9056448,2026-04-15 19:00:00+00:00
1776283200000,75011.2,75037.3,74537.8,74870.4,126.173296,2026-04-15 20:00:00+00:00
1776286800000,74870.5,74881.3,74547.8,74749.9,71.75191872,2026-04-15 21:00:00+00:00
1776290400000,74749.9,75438.8,74737.0,74980.6,82.43466369,2026-04-15 22:00:00+00:00
1776294000000,74990.3,74990.3,74650.0,74810.1,61.83421838,2026-04-15 23:00:00+00:00
1776297600000,74810.1,74856.0,74496.2,74815.3,84.82568357,2026-04-16 00:00:00+00:00
1776301200000,74819.9,74819.9,74475.0,74659.2,12.15621947,2026-04-16 01:00:00+00:00
1776304800000,74659.2,75253.1,74620.7,74919.1,88.54522649,2026-04-16 02:00:00+00:00
1776308400000,74913.6,75154.0,74887.3,74898.5,21.6857304,2026-04-16 03:00:00+00:00
1776312000000,74898.5,75167.7,74763.1,74963.5,50.26307436,2026-04-16 04:00:00+00:00
1776315600000,74963.6,75141.6,74921.9,75045.2,25.8065493,2026-04-16 05:00:00+00:00
1776319200000,75045.3,75100.0,74872.6,75028.9,31.89261893,2026-04-16 06:00:00+00:00
1776322800000,75029.0,75072.0,74656.9,74706.7,19.54314369,2026-04-16 07:00:00+00:00
1776326400000,74706.7,74745.1,74548.1,74676.3,114.96286217,2026-04-16 08:00:00+00:00
1776330000000,74676.3,74890.5,74599.6,74620.1,21.86623267,2026-04-16 09:00:00+00:00
1776333600000,74620.1,74642.2,74300.0,74317.2,132.4772377,2026-04-16 10:00:00+00:00
1776337200000,74317.2,74584.2,74302.2,74583.9,48.03610828,2026-04-16 11:00:00+00:00
1776340800000,74584.0,74854.5,74583.9,74630.8,55.56944235,2026-04-16 12:00:00+00:00
1776344400000,74630.8,75012.9,73310.6,73801.8,351.24340428,2026-04-16 13:00:00+00:00
1776348000000,73801.9,74185.4,73438.4,73969.9,373.315452,2026-04-16 14:00:00+00:00
1776351600000,73973.8,74880.5,73951.5,74730.9,223.77471077,2026-04-16 15:00:00+00:00
1776355200000,74730.9,74933.7,74099.9,74206.0,139.65245594,2026-04-16 16:00:00+00:00
1776358800000,74206.0,74458.7,73942.3,74345.9,68.92457667,2026-04-16 17:00:00+00:00
1776362400000,74345.9,75102.9,74247.1,75051.4,187.9743548,2026-04-16 18:00:00+00:00
1776366000000,75048.7,75419.9,74757.0,75374.5,165.80025463,2026-04-16 19:00:00+00:00
1776369600000,75374.6,75500.0,75025.7,75246.7,129.17596621,2026-04-16 20:00:00+00:00
1776373200000,75246.8,75287.8,74825.9,74941.0,59.4599321,2026-04-16 21:00:00+00:00
1776376800000,74948.6,75121.1,74849.4,74875.0,18.05554041,2026-04-16 22:00:00+00:00
1776380400000,74875.0,75187.9,74864.2,75162.9,37.97537104,2026-04-16 23:00:00+00:00
1776384000000,75162.9,75168.4,74930.0,74987.6,26.48700803,2026-04-17 00:00:00+00:00
1776387600000,74982.1,75051.0,74580.7,74778.2,57.80306704,2026-04-17 01:00:00+00:00
1776391200000,74778.2,74799.9,74569.8,74699.6,11.73106911,2026-04-17 02:00:00+00:00
1776394800000,74699.6,74834.4,74630.1,74630.1,12.87141007,2026-04-17 03:00:00+00:00
1776398400000,74630.1,74849.9,74617.0,74787.5,9.76957384,2026-04-17 04:00:00+00:00
1776402000000,74787.6,74804.1,74574.4,74665.0,23.29103815,2026-04-17 05:00:00+00:00
1776405600000,74665.0,74952.6,74635.6,74935.6,31.14975914,2026-04-17 06:00:00+00:00
1776409200000,74939.9,75090.5,74939.9,75064.0,19.67280557,2026-04-17 07:00:00+00:00
1776412800000,75071.1,75882.7,75008.4,75755.2,94.94245615,2026-04-17 08:00:00+00:00
1776416400000,75769.9,76384.3,75538.6,75799.3,239.28496793,2026-04-17 09:00:00+00:00
1776420000000,75795.3,75900.0,75126.2,75299.6,135.719135,2026-04-17 10:00:00+00:00
1776423600000,75299.7,75620.6,75259.4,75610.9,37.92760667,2026-04-17 11:00:00+00:00
1776427200000,75613.1,76300.3,75563.0,76266.0,153.25973085,2026-04-17 12:00:00+00:00
1776430800000,76266.0,77486.9,76102.0,77354.3,490.21990396,2026-04-17 13:00:00+00:00
1776434400000,77380.4,78092.8,77060.5,77943.0,418.52956916,2026-04-17 14:00:00+00:00
1776438000000,77943.0,78037.0,77500.0,77834.2,273.34898627,2026-04-17 15:00:00+00:00
1776441600000,77825.6,78343.6,77773.6,77893.6,266.85437758,2026-04-17 16:00:00+00:00
1776445200000,77893.6,77929.8,77151.4,77555.4,174.54939929,2026-04-17 17:00:00+00:00
1776448800000,77555.3,77601.5,77118.1,77201.3,116.17275324,2026-04-17 18:00:00+00:00
1776452400000,77194.7,77500.0,77053.8,77450.1,149.71295727,2026-04-17 19:00:00+00:00
1776456000000,77450.1,77651.7,77200.1,77376.2,63.89572398,2026-04-17 20:00:00+00:00
1776459600000,77376.2,77500.0,77307.1,77480.1,45.4067621,2026-04-17 21:00:00+00:00
1776463200000,77480.1,77544.2,77308.2,77330.7,38.479166,2026-04-17 22:00:00+00:00
1776466800000,77330.7,77330.7,76882.5,77117.4,103.91468229,2026-04-17 23:00:00+00:00
1776470400000,77117.4,77273.8,77025.9,77186.0,28.5804987,2026-04-18 00:00:00+00:00
1776474000000,77185.9,77359.0,77153.0,77247.7,25.41741412,2026-04-18 01:00:00+00:00
1776477600000,77247.7,77432.1,77163.9,77326.4,12.86713829,2026-04-18 02:00:00+00:00
1776481200000,77326.5,77326.5,77007.3,77010.4,11.65983545,2026-04-18 03:00:00+00:00
1776484800000,77010.4,77194.1,76938.8,77154.0,26.83395079,2026-04-18 04:00:00+00:00
1776488400000,77154.1,77279.9,77152.2,77174.7,18.41361338,2026-04-18 05:00:00+00:00
1776492000000,77174.8,77233.1,77081.3,77151.3,12.07781768,2026-04-18 06:00:00+00:00
1776495600000,77151.3,77151.3,76929.0,76999.7,19.60118259,2026-04-18 07:00:00+00:00
1776499200000,76999.8,77041.5,76533.1,76766.2,83.77842632,2026-04-18 08:00:00+00:00
1776502800000,76766.3,76766.3,76452.2,76619.9,67.62289123,2026-04-18 09:00:00+00:00
1776506400000,76619.9,76619.9,76160.4,76194.1,78.9219355,2026-04-18 10:00:00+00:00
1776510000000,76197.0,76199.9,75802.0,76068.5,71.92394333,2026-04-18 11:00:00+00:00
1776513600000,76068.5,76305.5,76068.5,76232.0,40.09213373,2026-04-18 12:00:00+00:00
1776517200000,76232.1,76232.1,75827.8,76150.0,64.12576322,2026-04-18 13:00:00+00:00
1776520800000,76143.4,76298.3,76014.3,76281.2,31.65283198,2026-04-18 14:00:00+00:00
1776524400000,76281.3,76397.1,76053.0,76200.7,29.60636827,2026-04-18 15:00:00+00:00
1776528000000,76200.7,76242.6,75734.7,75972.7,77.99954139,2026-04-18 16:00:00+00:00
1776531600000,75972.7,75974.0,75820.4,75856.8,22.38032444,2026-04-18 17:00:00+00:00
1776535200000,75856.8,75856.8,75500.0,75682.3,68.20840873,2026-04-18 18:00:00+00:00
1776538800000,75682.3,75816.1,75618.0,75686.8,11.97884887,2026-04-18 19:00:00+00:00
1776542400000,75686.9,75868.2,75629.9,75786.5,26.59390382,2026-04-18 20:00:00+00:00
1776546000000,75786.5,75869.8,75635.5,75842.6,10.86478272,2026-04-18 21:00:00+00:00
1776549600000,75842.6,75883.0,75651.7,75850.0,21.19553131,2026-04-18 22:00:00+00:00
1776553200000,75850.1,75905.9,75728.7,75728.8,11.23245332,2026-04-18 23:00:00+00:00
1776556800000,75728.8,75863.5,75595.4,75699.2,25.50193069,2026-04-19 00:00:00+00:00
1776560400000,75699.2,75808.6,75514.0,75643.5,18.031394,2026-04-19 01:00:00+00:00
1776564000000,75643.5,75736.9,75454.5,75538.5,71.38801187,2026-04-19 02:00:00+00:00
1776567600000,75538.5,75662.7,75407.3,75554.7,28.47335546,2026-04-19 03:00:00+00:00
1776571200000,75554.8,75802.1,75459.7,75688.1,19.66780976,2026-04-19 04:00:00+00:00
1776574800000,75688.1,75689.9,75563.9,75580.6,9.41824532,2026-04-19 05:00:00+00:00
1776578400000,75580.6,75580.6,75334.4,75412.9,20.52497839,2026-04-19 06:00:00+00:00
1776582000000,75412.9,75412.9,74934.4,75295.4,81.20807881,2026-04-19 07:00:00+00:00
1776585600000,75295.5,75309.9,75139.8,75282.3,24.73661471,2026-04-19 08:00:00+00:00
1776589200000,75282.3,75289.9,74963.6,75047.1,12.15264332,2026-04-19 09:00:00+00:00
1776592800000,75047.1,75265.0,74987.8,75264.9,27.73252522,2026-04-19 10:00:00+00:00
1776596400000,75265.0,75647.8,75264.9,75626.5,31.93617746,2026-04-19 11:00:00+00:00
1776600000000,75626.5,75725.2,75458.4,75625.4,38.37872309,2026-04-19 12:00:00+00:00
1776603600000,75625.4,76274.6,75611.2,75950.7,58.19150532,2026-04-19 13:00:00+00:00
1776607200000,75950.7,76167.6,75724.9,76055.1,28.18865509,2026-04-19 14:00:00+00:00
1776610800000,76055.1,76192.5,75450.0,75865.7,21.23583003,2026-04-19 15:00:00+00:00
1776614400000,75865.7,75882.4,75345.1,75395.0,37.18372979,2026-04-19 16:00:00+00:00
1776618000000,75395.1,75410.1,74678.9,74818.2,122.21002081,2026-04-19 17:00:00+00:00
1776621600000,74819.9,74916.6,74640.6,74801.2,85.88869357,2026-04-19 18:00:00+00:00
1776625200000,74804.3,75084.9,74804.3,75005.2,48.87633862,2026-04-19 19:00:00+00:00
1776628800000,74984.5,74984.5,74447.4,74660.5,73.57177442,2026-04-19 20:00:00+00:00
1776632400000,74660.5,74835.6,74409.9,74451.5,21.40511942,2026-04-19 21:00:00+00:00
1776636000000,74451.6,74451.6,73809.7,74088.8,184.08761671,2026-04-19 22:00:00+00:00
1776639600000,74080.1,74080.1,73827.6,73827.6,64.33199588,2026-04-19 23:00:00+00:00
1776643200000,73827.6,74373.0,73637.3,74315.2,88.37306218,2026-04-20 00:00:00+00:00
1776646800000,74314.6,74766.5,74249.1,74622.5,43.80040424,2026-04-20 01:00:00+00:00
1776650400000,74622.6,74664.0,74336.5,74441.1,39.46281702,2026-04-20 02:00:00+00:00
1776654000000,74441.1,74669.9,74388.3,74669.1,14.22105816,2026-04-20 03:00:00+00:00
1776657600000,74669.1,74669.7,74476.1,74587.2,13.2751132,2026-04-20 04:00:00+00:00
1776661200000,74587.2,74587.2,74146.6,74300.6,45.80411809,2026-04-20 05:00:00+00:00
1776664800000,74300.6,74906.8,74284.9,74817.0,68.06535048,2026-04-20 06:00:00+00:00
1776668400000,74817.0,75574.8,74700.3,74833.7,84.96794749,2026-04-20 07:00:00+00:00
1776672000000,74833.7,75003.6,74655.5,74742.2,36.46636933,2026-04-20 08:00:00+00:00
1776675600000,74742.2,75249.1,74742.1,75064.6,159.80495078,2026-04-20 09:00:00+00:00
1776679200000,75064.6,75411.7,75051.2,75051.3,22.73385334,2026-04-20 10:00:00+00:00
1776682800000,75051.3,75299.8,75000.0,75219.0,34.03257326,2026-04-20 11:00:00+00:00
1776686400000,75219.0,75678.2,75105.2,75323.5,54.43651519,2026-04-20 12:00:00+00:00
1776690000000,75323.5,75453.5,74916.8,75309.6,167.57017437,2026-04-20 13:00:00+00:00
1776693600000,75309.6,75788.3,74950.4,75056.3,84.12723727,2026-04-20 14:00:00+00:00
1776697200000,75069.3,75797.3,74744.0,75755.3,90.52122111,2026-04-20 15:00:00+00:00
1776700800000,75755.3,75755.3,75333.9,75361.3,30.97912776,2026-04-20 16:00:00+00:00
1776704400000,75361.3,75999.8,75333.0,75925.5,62.76634649,2026-04-20 17:00:00+00:00
1776708000000,75925.5,76477.5,75925.5,76450.0,186.39740213,2026-04-20 18:00:00+00:00
1776711600000,76450.5,76511.7,76179.0,76335.4,99.78955268,2026-04-20 19:00:00+00:00
1776715200000,76331.5,76588.0,76163.5,76312.3,71.01199989,2026-04-20 20:00:00+00:00
1776718800000,76312.3,76399.8,75823.5,75980.4,48.60573198,2026-04-20 21:00:00+00:00
1776722400000,75980.4,76175.7,75934.6,75998.0,90.44180243,2026-04-20 22:00:00+00:00
1776726000000,75998.0,75998.0,75637.4,75848.3,168.58784037,2026-04-20 23:00:00+00:00
1776729600000,75848.3,76111.8,75730.9,76111.6,174.44957087,2026-04-21 00:00:00+00:00
1776733200000,76111.7,76261.0,75898.7,75955.1,49.46569268,2026-04-21 01:00:00+00:00
1776736800000,75955.1,75955.1,75612.5,75635.1,26.65086346,2026-04-21 02:00:00+00:00
1776740400000,75630.7,75748.3,75508.9,75745.1,8.57133674,2026-04-21 03:00:00+00:00
1776744000000,75745.1,75848.0,75644.6,75848.0,15.59655277,2026-04-21 04:00:00+00:00
1776747600000,75848.0,76000.0,75823.1,75839.2,57.68450192,2026-04-21 05:00:00+00:00
1776751200000,75839.2,76139.2,75744.7,75999.7,32.76828913,2026-04-21 06:00:00+00:00
1776754800000,75999.8,76326.5,75852.1,76124.5,55.72065017,2026-04-21 07:00:00+00:00
1776758400000,76124.5,77169.6,76100.1,76545.0,161.74662848,2026-04-21 08:00:00+00:00
1776762000000,76545.1,76585.0,76194.0,76385.4,36.35400629,2026-04-21 09:00:00+00:00
1776765600000,76385.5,76900.0,76385.4,76797.8,105.92626959,2026-04-21 10:00:00+00:00
1776769200000,76797.9,76797.9,76387.0,76486.0,47.77428494,2026-04-21 11:00:00+00:00
1776772800000,76486.0,76520.0,75741.3,76049.4,89.28639341,2026-04-21 12:00:00+00:00
1776776400000,76049.4,76200.0,75780.1,75899.2,97.85891566,2026-04-21 13:00:00+00:00
1776780000000,75899.3,76599.8,75660.9,75698.2,93.61961861,2026-04-21 14:00:00+00:00
1776783600000,75698.2,75993.1,75475.2,75850.8,167.27799158,2026-04-21 15:00:00+00:00
1776787200000,75853.0,76184.1,75785.3,75799.9,57.83689205,2026-04-21 16:00:00+00:00
1776790800000,75800.0,75883.8,75096.8,75567.5,97.49263,2026-04-21 17:00:00+00:00
1776794400000,75567.6,75661.8,75330.4,75626.1,31.84666595,2026-04-21 18:00:00+00:00
1776798000000,75626.2,75927.3,74850.0,75031.2,125.7516225,2026-04-21 19:00:00+00:00
1776801600000,75041.6,75865.6,74999.9,75739.7,77.99580129,2026-04-21 20:00:00+00:00
1776805200000,75720.4,75793.5,75487.7,75558.7,27.34591486,2026-04-21 21:00:00+00:00
1776808800000,75565.1,75753.0,75330.6,75669.8,107.63174951,2026-04-21 22:00:00+00:00
1776812400000,75669.6,76422.5,75650.3,76351.9,269.77211378,2026-04-21 23:00:00+00:00
1776816000000,76350.3,76500.0,76242.7,76384.4,50.96790024,2026-04-22 00:00:00+00:00
1776819600000,76384.5,76416.6,76151.3,76318.3,27.65344835,2026-04-22 01:00:00+00:00
1776823200000,76318.4,77653.6,76242.1,77616.5,157.83948441,2026-04-22 02:00:00+00:00
1776826800000,77616.7,77726.9,77422.0,77561.6,94.1960477,2026-04-22 03:00:00+00:00
1776830400000,77561.6,77698.9,77377.5,77538.3,45.81702895,2026-04-22 04:00:00+00:00
1776834000000,77538.4,78429.6,77456.4,77994.1,213.5160889,2026-04-22 05:00:00+00:00
1776837600000,77994.1,78042.3,77913.8,78000.1,98.40958108,2026-04-22 06:00:00+00:00
1776841200000,77998.8,78127.0,77839.0,78010.5,70.20642433,2026-04-22 07:00:00+00:00
1776844800000,78010.5,78198.1,77956.2,78037.5,71.21875209,2026-04-22 08:00:00+00:00
1776848400000,78028.9,78193.6,77971.7,78029.4,28.0514573,2026-04-22 09:00:00+00:00
1776852000000,78025.1,78183.6,77963.8,78164.7,41.7873317,2026-04-22 10:00:00+00:00
1776855600000,78164.7,78391.9,78121.9,78304.3,91.77233425,2026-04-22 11:00:00+00:00
1776859200000,78304.3,78519.6,78139.4,78259.6,89.56806031,2026-04-22 12:00:00+00:00
1776862800000,78259.6,78862.3,78203.7,78862.2,160.1725324,2026-04-22 13:00:00+00:00
1776866400000,78862.3,79200.0,78602.5,79085.1,264.49340008,2026-04-22 14:00:00+00:00
1776870000000,79085.1,79445.0,78895.0,79334.7,222.9514766,2026-04-22 15:00:00+00:00
1776873600000,79334.7,79490.7,78669.1,78753.9,211.17897637,2026-04-22 16:00:00+00:00
1776877200000,78753.9,79082.9,78730.2,78927.8,64.30950519,2026-04-22 17:00:00+00:00
1776880800000,78927.8,79167.1,78873.1,79031.7,44.62187188,2026-04-22 18:00:00+00:00
1776884400000,79031.7,79086.6,78734.0,78869.1,81.09412373,2026-04-22 19:00:00+00:00
1776888000000,78868.4,78936.1,78436.7,78446.8,105.33465726,2026-04-22 20:00:00+00:00
1776891600000,78448.8,78849.2,78444.8,78789.3,63.17389955,2026-04-22 21:00:00+00:00
1776895200000,78789.2,78850.0,78500.0,78640.3,49.07402115,2026-04-22 22:00:00+00:00
1776898800000,78640.3,78640.3,78200.0,78204.0,37.66812904,2026-04-22 23:00:00+00:00
1776902400000,78204.0,78588.8,77608.4,78415.4,123.26809569,2026-04-23 00:00:00+00:00
1776906000000,78436.6,78467.8,78100.3,78383.0,28.94001514,2026-04-23 01:00:00+00:00
1776909600000,78383.0,78383.0,77788.4,77986.1,28.64964608,2026-04-23 02:00:00+00:00
1776913200000,77967.1,78027.9,77517.2,77752.2,39.47880205,2026-04-23 03:00:00+00:00
1776916800000,77762.5,77942.4,77709.1,77942.4,36.90812536,2026-04-23 04:00:00+00:00
1776920400000,77942.4,78107.2,77801.2,78042.9,54.69164443,2026-04-23 05:00:00+00:00
1776924000000,78042.9,78389.5,78042.9,78223.9,42.63262809,2026-04-23 06:00:00+00:00
1776927600000,78223.9,78261.1,78012.6,78033.2,14.13508482,2026-04-23 07:00:00+00:00
1776931200000,78049.7,78179.9,77754.9,77892.6,32.40283854,2026-04-23 08:00:00+00:00
1776934800000,77892.6,77892.6,77481.2,77683.6,26.45969318,2026-04-23 09:00:00+00:00
1776938400000,77683.6,77736.9,77205.6,77417.6,108.8945529,2026-04-23 10:00:00+00:00
1776942000000,77417.6,77754.9,77406.9,77745.2,35.0421419,2026-04-23 11:00:00+00:00
1776945600000,77726.7,77889.3,77580.6,77886.5,49.86165611,2026-04-23 12:00:00+00:00
1776949200000,77886.5,77933.9,77429.2,77554.3,72.2087003,2026-04-23 13:00:00+00:00
1776952800000,77554.3,78222.8,77447.0,78215.8,79.82560998,2026-04-23 14:00:00+00:00
1776956400000,78215.8,78690.1,78014.4,78404.3,105.00169144,2026-04-23 15:00:00+00:00
1776960000000,78407.2,78536.8,78064.3,78135.6,66.19063071,2026-04-23 16:00:00+00:00
1776963600000,78135.5,78207.9,76984.3,77798.4,168.15773239,2026-04-23 17:00:00+00:00
1776967200000,77798.4,78166.4,77710.6,77726.7,62.16295179,2026-04-23 18:00:00+00:00
1776970800000,77709.2,77900.0,77631.8,77757.1,54.05834535,2026-04-23 19:00:00+00:00
1776974400000,77746.7,78066.6,77680.6,77903.0,34.12967935,2026-04-23 20:00:00+00:00
1776978000000,77905.9,78092.7,77817.7,77906.5,27.32140352,2026-04-23 21:00:00+00:00
1776981600000,77901.4,78344.8,77901.3,78262.7,36.15455919,2026-04-23 22:00:00+00:00
1776985200000,78263.8,78300.0,78063.0,78283.6,21.69502193,2026-04-23 23:00:00+00:00
1776988800000,78283.1,78499.0,78208.2,78421.3,60.28039929,2026-04-24 00:00:00+00:00
1776992400000,78421.3,78465.9,78007.2,78462.7,34.61764371,2026-04-24 01:00:00+00:00
1776996000000,78460.1,78580.7,78110.5,78168.6,33.156997,2026-04-24 02:00:00+00:00
1776999600000,78158.4,78197.8,77600.0,77759.6,38.61572815,2026-04-24 03:00:00+00:00
1777003200000,77759.6,77875.8,77510.9,77707.0,25.90068346,2026-04-24 04:00:00+00:00
1777006800000,77707.1,78043.6,77494.1,77975.3,29.74633777,2026-04-24 05:00:00+00:00
1777010400000,77975.4,78008.2,77793.8,77811.4,8.04769196,2026-04-24 06:00:00+00:00
1777014000000,77811.4,77863.1,77578.3,77647.3,33.96156984,2026-04-24 07:00:00+00:00
1777017600000,77662.3,78028.5,77597.2,77813.5,45.14572814,2026-04-24 08:00:00+00:00
1777021200000,77813.5,77820.9,77447.6,77539.4,40.30974559,2026-04-24 09:00:00+00:00
1777024800000,77539.4,77791.9,77480.3,77777.3,33.07933002,2026-04-24 10:00:00+00:00
1777028400000,77777.4,78394.1,77777.3,78264.1,95.08189868,2026-04-24 11:00:00+00:00
1777032000000,78264.1,78350.0,78033.4,78263.9,49.2417365,2026-04-24 12:00:00+00:00
1777035600000,78277.3,78476.6,77921.6,78112.6,61.80098214,2026-04-24 13:00:00+00:00
1777039200000,78112.6,78112.6,77706.4,78069.8,235.89587015,2026-04-24 14:00:00+00:00
1777042800000,78069.7,78250.0,77615.1,78060.0,102.6263595,2026-04-24 15:00:00+00:00
1777046400000,78060.0,78080.0,77615.2,77806.7,65.68470407,2026-04-24 16:00:00+00:00
1777050000000,77806.8,77835.9,77521.8,77686.9,42.87532404,2026-04-24 17:00:00+00:00
1777053600000,77686.9,77725.4,77384.7,77630.8,37.19905737,2026-04-24 18:00:00+00:00
1777057200000,77632.4,77759.7,77552.5,77631.9,128.59298463,2026-04-24 19:00:00+00:00
1777060800000,77631.9,77788.0,77486.8,77741.2,225.17186947,2026-04-24 20:00:00+00:00
1777064400000,77741.2,77770.0,77570.9,77590.0,33.67258969,2026-04-24 21:00:00+00:00
1777068000000,77590.1,77631.5,77282.6,77356.8,30.64895379,2026-04-24 22:00:00+00:00
1777071600000,77356.9,77475.0,77356.8,77455.0,24.17397708,2026-04-24 23:00:00+00:00
1777075200000,77455.0,77500.0,77333.1,77476.4,19.64170257,2026-04-25 00:00:00+00:00
1777078800000,77476.4,77635.4,77457.2,77575.9,6.97715273,2026-04-25 01:00:00+00:00
1777082400000,77575.9,77673.7,77544.0,77651.2,18.37078355,2026-04-25 02:00:00+00:00
1777086000000,77651.3,77732.5,77591.0,77680.8,11.72261352,2026-04-25 03:00:00+00:00
1777089600000,77680.8,77706.6,77635.2,77653.7,6.03050918,2026-04-25 04:00:00+00:00
1777093200000,77653.7,77653.7,77509.8,77546.1,3.08301388,2026-04-25 05:00:00+00:00
1777096800000,77546.1,77606.5,77521.0,77545.0,7.86163257,2026-04-25 06:00:00+00:00
1777100400000,77543.7,77586.7,77470.6,77528.4,6.83595373,2026-04-25 07:00:00+00:00
1777104000000,77528.4,77675.0,77509.9,77649.4,3.73314693,2026-04-25 08:00:00+00:00
1777107600000,77660.2,77794.7,77621.1,77736.2,12.37466038,2026-04-25 09:00:00+00:00
1777111200000,77736.2,77876.3,77736.1,77801.5,21.44385255,2026-04-25 10:00:00+00:00
1777114800000,77801.5,77801.5,77638.4,77696.8,25.00133167,2026-04-25 11:00:00+00:00
1777118400000,77696.8,77737.2,77580.0,77581.4,13.28791689,2026-04-25 12:00:00+00:00
1777122000000,77581.4,77726.0,77580.0,77715.7,26.89418158,2026-04-25 13:00:00+00:00
1777125600000,77715.7,77785.9,77653.1,77666.3,60.64970098,2026-04-25 14:00:00+00:00
1777129200000,77666.4,77720.7,77354.9,77365.0,18.40471912,2026-04-25 15:00:00+00:00
1777132800000,77365.1,77479.3,77145.3,77429.6,70.7778157,2026-04-25 16:00:00+00:00
1777136400000,77429.6,77429.6,77250.0,77276.8,12.75619349,2026-04-25 17:00:00+00:00
1777140000000,77276.8,77400.2,77250.0,77327.7,22.52265158,2026-04-25 18:00:00+00:00
1777143600000,77320.5,77352.2,77199.7,77342.3,19.89304664,2026-04-25 19:00:00+00:00
1777147200000,77342.3,77500.0,77326.7,77500.0,14.44418351,2026-04-25 20:00:00+00:00
1777150800000,77499.9,77544.0,77428.2,77540.5,26.47502532,2026-04-25 21:00:00+00:00
1777154400000,77540.5,77643.0,77517.6,77580.7,27.53465513,2026-04-25 22:00:00+00:00
1777158000000,77580.7,77653.9,77544.8,77648.5,7.95220829,2026-04-25 23:00:00+00:00
1777161600000,77648.5,77661.6,77478.4,77533.8,10.36889007,2026-04-26 00:00:00+00:00
1777165200000,77533.8,77587.4,77481.0,77481.0,3.01714568,2026-04-26 01:00:00+00:00
1777168800000,77481.1,77605.0,77481.0,77518.4,4.70470711,2026-04-26 02:00:00+00:00
1777172400000,77522.2,77561.1,77356.2,77402.3,23.08532549,2026-04-26 03:00:00+00:00
1777176000000,77402.3,77815.0,77395.8,77790.1,13.76782899,2026-04-26 04:00:00+00:00
1777179600000,77790.1,78193.6,77750.0,77998.8,47.39967961,2026-04-26 05:00:00+00:00
1777183200000,77998.8,78054.8,77925.1,78009.9,8.58077458,2026-04-26 06:00:00+00:00
1777186800000,78010.0,78111.1,77985.3,78111.1,38.98946036,2026-04-26 07:00:00+00:00
1777190400000,78111.1,78231.8,78042.8,78056.8,21.8101882,2026-04-26 08:00:00+00:00
1777194000000,78056.9,78056.9,77953.7,77980.0,43.94671791,2026-04-26 09:00:00+00:00
1777197600000,77980.0,78050.0,77968.1,78000.0,6.25233744,2026-04-26 10:00:00+00:00
1777201200000,78000.1,78165.9,78000.0,78120.9,25.62402184,2026-04-26 11:00:00+00:00
1777204800000,78120.9,78120.9,77759.2,77847.6,34.22315158,2026-04-26 12:00:00+00:00
1777208400000,77847.6,78007.0,77809.9,77971.0,22.04610445,2026-04-26 13:00:00+00:00
1777212000000,77971.0,78174.6,77888.0,78103.8,33.42576957,2026-04-26 14:00:00+00:00
1777215600000,78103.9,78139.2,78024.7,78068.9,16.55157605,2026-04-26 15:00:00+00:00
1777219200000,78068.9,78095.0,77957.4,77957.5,20.94236585,2026-04-26 16:00:00+00:00
1777222800000,77957.5,78070.8,77856.7,78049.7,26.0916938,2026-04-26 17:00:00+00:00
1777226400000,78049.7,78363.7,78028.0,78301.4,59.0481597,2026-04-26 18:00:00+00:00
1777230000000,78301.4,78500.2,78054.9,78263.4,52.73757112,2026-04-26 19:00:00+00:00
1777233600000,78263.4,78400.0,78190.7,78227.1,26.62431647,2026-04-26 20:00:00+00:00
1777237200000,78227.0,78964.8,77885.7,78417.9,79.23414403,2026-04-26 21:00:00+00:00
1777240800000,78424.4,78843.0,78016.7,78350.5,54.56900413,2026-04-26 22:00:00+00:00
1777244400000,78350.4,78919.8,78064.4,78653.8,53.3340176,2026-04-26 23:00:00+00:00
1777248000000,78653.8,79357.3,78415.1,79279.0,163.43421902,2026-04-27 00:00:00+00:00
1777251600000,79278.4,79481.2,78769.1,79271.5,77.3859375,2026-04-27 01:00:00+00:00
1777255200000,79290.2,79299.3,79058.7,79161.8,39.96919254,2026-04-27 02:00:00+00:00
1777258800000,79161.8,79311.1,79100.1,79110.0,23.90024869,2026-04-27 03:00:00+00:00
1777262400000,79110.0,79150.1,78901.2,78925.0,32.94130897,2026-04-27 04:00:00+00:00
1777266000000,78925.0,78946.5,77601.0,77800.1,235.83533277,2026-04-27 05:00:00+00:00
1777269600000,77800.1,77900.1,77500.0,77723.9,89.22050057,2026-04-27 06:00:00+00:00
1777273200000,77723.9,77769.2,77570.9,77650.0,80.86286341,2026-04-27 07:00:00+00:00
1777276800000,77650.1,77808.0,77588.4,77807.9,55.61778806,2026-04-27 08:00:00+00:00
1777280400000,77808.0,77969.8,77724.9,77910.1,33.77113084,2026-04-27 09:00:00+00:00
1777284000000,77910.1,77940.6,77815.0,77864.1,46.77402184,2026-04-27 10:00:00+00:00
1777287600000,77864.2,77900.1,77741.1,77840.8,42.66739273,2026-04-27 11:00:00+00:00
1777291200000,77840.8,77902.7,77633.1,77645.1,42.72796918,2026-04-27 12:00:00+00:00
1777294800000,77662.5,77966.0,77590.0,77751.5,55.68300566,2026-04-27 13:00:00+00:00
1777298400000,77751.6,78252.7,77700.1,77813.5,299.76328223,2026-04-27 14:00:00+00:00
1777302000000,77813.5,77828.8,76589.3,76791.1,312.68797361,2026-04-27 15:00:00+00:00
1777305600000,76791.1,76869.8,76564.0,76609.0,50.55413105,2026-04-27 16:00:00+00:00
1777309200000,76609.0,76923.4,76608.9,76728.2,50.63044309,2026-04-27 17:00:00+00:00
1777312800000,76735.9,76879.1,76657.3,76820.9,34.17902609,2026-04-27 18:00:00+00:00
1777316400000,76821.0,76889.9,76480.4,76857.7,290.15582624,2026-04-27 19:00:00+00:00
1777320000000,76865.0,77080.4,76839.7,76977.3,43.75763581,2026-04-27 20:00:00+00:00
1777323600000,76977.3,76981.0,76790.4,76793.9,32.16258744,2026-04-27 21:00:00+00:00
1777327200000,76793.9,77077.5,76773.5,77057.8,13.69845666,2026-04-27 22:00:00+00:00
1777330800000,77057.9,77428.4,77013.3,77374.7,32.11888882,2026-04-27 23:00:00+00:00
1777334400000,77374.7,77463.2,77214.4,77372.4,33.26011409,2026-04-28 00:00:00+00:00
1777338000000,77372.4,77391.8,77050.0,77092.8,16.19723857,2026-04-28 01:00:00+00:00
1777341600000,77092.8,77214.8,76687.4,76883.3,45.03576103,2026-04-28 02:00:00+00:00
1777345200000,76883.4,77799.0,76682.5,76826.3,339.35190304,2026-04-28 03:00:00+00:00
1777348800000,76826.3,76938.1,76707.7,76890.1,21.61677414,2026-04-28 04:00:00+00:00
1777352400000,76890.1,77143.5,76820.1,76894.7,32.1700413,2026-04-28 05:00:00+00:00
1777356000000,76879.6,77024.1,76600.0,76708.3,25.19357737,2026-04-28 06:00:00+00:00
1777359600000,76706.7,76901.9,76440.4,76868.9,25.58018464,2026-04-28 07:00:00+00:00
1777363200000,76868.9,76993.5,76737.9,76850.8,29.88500468,2026-04-28 08:00:00+00:00
1777366800000,76850.8,76856.3,76505.5,76598.1,15.84591751,2026-04-28 09:00:00+00:00
1777370400000,76598.1,76694.9,76499.0,76610.3,34.14706179,2026-04-28 10:00:00+00:00
1777374000000,76610.4,76639.3,76125.2,76195.9,154.97527563,2026-04-28 11:00:00+00:00
1777377600000,76195.9,76398.4,76159.2,76363.1,38.04012872,2026-04-28 12:00:00+00:00
1777381200000,76363.1,76394.4,75956.3,76187.6,292.64173755,2026-04-28 13:00:00+00:00
1777384800000,76187.6,76187.6,75652.1,75936.4,97.42843589,2026-04-28 14:00:00+00:00
1777388400000,75936.5,76077.0,75851.7,76034.7,49.08180955,2026-04-28 15:00:00+00:00
1777392000000,76034.7,76194.0,75875.3,76112.5,55.8270833,2026-04-28 16:00:00+00:00
1777395600000,76112.5,76250.0,75956.0,76191.2,164.87890349,2026-04-28 17:00:00+00:00
1777399200000,76191.2,76250.0,76125.1,76222.6,24.69380975,2026-04-28 18:00:00+00:00
1777402800000,76222.7,76367.9,76055.2,76310.5,38.44485256,2026-04-28 19:00:00+00:00
1777406400000,76313.3,76475.2,76313.3,76475.2,48.98142073,2026-04-28 20:00:00+00:00
1777410000000,76475.2,76482.1,76275.1,76354.8,19.510369,2026-04-28 21:00:00+00:00
1777413600000,76354.8,76436.0,76221.1,76239.4,20.36599282,2026-04-28 22:00:00+00:00
1777417200000,76239.4,76359.7,76196.8,76331.9,9.7349942,2026-04-28 23:00:00+00:00
1777420800000,76331.9,76523.9,76272.1,76500.1,49.21958249,2026-04-29 00:00:00+00:00
1777424400000,76500.1,76643.3,76181.5,76551.2,34.48757028,2026-04-29 01:00:00+00:00
1777428000000,76551.3,76643.3,76402.8,76498.8,12.59106298,2026-04-29 02:00:00+00:00
1777431600000,76498.8,77086.0,76498.7,76983.4,61.70906251,2026-04-29 03:00:00+00:00
1777435200000,76983.4,77418.7,76872.9,77267.6,51.77853017,2026-04-29 04:00:00+00:00
1777438800000,77267.6,77310.5,77198.0,77268.4,21.49649163,2026-04-29 05:00:00+00:00
1777442400000,77268.4,77315.1,76942.5,76998.8,60.09200406,2026-04-29 06:00:00+00:00
1777446000000,76998.8,77149.3,76998.8,77038.4,11.70556609,2026-04-29 07:00:00+00:00
1777449600000,77037.5,77131.3,76999.0,77033.3,80.93832511,2026-04-29 08:00:00+00:00
1777453200000,77033.3,77773.0,76982.6,77649.9,122.12543174,2026-04-29 09:00:00+00:00
1777456800000,77650.0,77888.0,77559.1,77618.2,60.77136776,2026-04-29 10:00:00+00:00
1777460400000,77618.2,77675.2,77482.5,77598.2,27.16698579,2026-04-29 11:00:00+00:00
1777464000000,77598.2,77598.2,76993.0,77133.3,103.12407424,2026-04-29 12:00:00+00:00
1777467600000,77133.3,77217.1,76417.7,76754.5,120.59400212,2026-04-29 13:00:00+00:00
1777471200000,76767.8,76834.3,76480.8,76559.4,55.64926469,2026-04-29 14:00:00+00:00
1777474800000,76559.5,76610.0,75700.0,75880.5,178.72299138,2026-04-29 15:00:00+00:00
1777478400000,75880.5,76098.6,75667.8,75754.3,144.47456993,2026-04-29 16:00:00+00:00
1777482000000,75754.4,76139.2,75754.4,76139.2,37.03064499,2026-04-29 17:00:00+00:00
1777485600000,76139.2,76203.2,74940.0,75484.2,315.81434288,2026-04-29 18:00:00+00:00
1777489200000,75484.2,75556.9,75279.7,75513.5,92.92807438,2026-04-29 19:00:00+00:00
1777492800000,75528.5,75824.7,75482.9,75668.6,53.82435936,2026-04-29 20:00:00+00:00
1777496400000,75668.5,76047.0,75595.1,75916.1,108.26586332,2026-04-29 21:00:00+00:00
1777500000000,75916.1,75965.8,75806.3,75912.4,20.87505072,2026-04-29 22:00:00+00:00
1777503600000,75912.4,75960.0,75689.0,75750.3,40.14193518,2026-04-29 23:00:00+00:00
1777507200000,75752.7,76301.5,75650.0,76244.0,67.19725046,2026-04-30 00:00:00+00:00
1777510800000,76244.1,76413.8,76159.8,76197.8,28.94666913,2026-04-30 01:00:00+00:00
1777514400000,76197.8,76324.9,75484.5,75685.9,36.41323352,2026-04-30 02:00:00+00:00
1777518000000,75674.9,75956.7,75645.8,75918.8,11.30559541,2026-04-30 03:00:00+00:00
1777521600000,75918.9,75932.2,75400.0,75463.2,25.50235551,2026-04-30 04:00:00+00:00
1777525200000,75463.2,75717.3,75290.9,75566.5,76.92072642,2026-04-30 05:00:00+00:00
1777528800000,75566.5,75820.1,75550.3,75736.2,19.80173862,2026-04-30 06:00:00+00:00
1777532400000,75736.2,76130.1,75702.4,76112.7,30.8582408,2026-04-30 07:00:00+00:00
1777536000000,76112.8,76157.5,75991.2,76036.2,50.3837133,2026-04-30 08:00:00+00:00
1777539600000,76036.2,76308.0,75998.3,76089.9,35.27737139,2026-04-30 09:00:00+00:00
1777543200000,76089.0,76124.1,75966.1,75998.4,28.7690915,2026-04-30 10:00:00+00:00
1777546800000,75998.4,76190.1,75869.3,76020.7,135.25034315,2026-04-30 11:00:00+00:00
1777550400000,76020.8,76379.8,76020.8,76286.7,34.49568093,2026-04-30 12:00:00+00:00
1777554000000,76286.8,76634.1,76086.4,76386.7,87.91848931,2026-04-30 13:00:00+00:00
1777557600000,76386.8,76543.1,76075.3,76285.0,39.48286767,2026-04-30 14:00:00+00:00
1777561200000,76285.1,76597.4,76127.0,76441.9,63.76860379,2026-04-30 15:00:00+00:00
1777564800000,76441.8,76452.9,76201.7,76222.7,48.03889144,2026-04-30 16:00:00+00:00
1777568400000,76221.8,76298.0,76094.6,76221.8,40.55994227,2026-04-30 17:00:00+00:00
1777572000000,76221.8,76443.9,76191.9,76330.6,14.63893246,2026-04-30 18:00:00+00:00
1777575600000,76330.6,76486.8,76300.0,76412.7,28.46488666,2026-04-30 19:00:00+00:00
1777579200000,76382.8,76525.9,76302.5,76461.9,65.98883077,2026-04-30 20:00:00+00:00
1777582800000,76461.9,76508.9,76219.9,76234.3,19.76888489,2026-04-30 21:00:00+00:00
1777586400000,76234.3,76404.7,76161.8,76183.8,7.19711706,2026-04-30 22:00:00+00:00
1777590000000,76183.8,76344.4,76183.8,76313.0,32.78872098,2026-04-30 23:00:00+00:00
1777593600000,76312.9,76524.5,76284.2,76387.0,79.95316707,2026-05-01 00:00:00+00:00
1777597200000,76411.0,76720.5,76410.9,76648.5,36.35747494,2026-05-01 01:00:00+00:00
1777600800000,76648.5,76700.0,76507.3,76564.8,6.2094357,2026-05-01 02:00:00+00:00
1777604400000,76564.9,77395.2,76535.0,77090.7,98.66257649,2026-05-01 03:00:00+00:00
1777608000000,77090.7,77171.7,76915.9,77012.7,32.05704031,2026-05-01 04:00:00+00:00
1777611600000,77012.8,77140.7,76994.7,77113.9,16.23779729,2026-05-01 05:00:00+00:00
1777615200000,77113.9,77149.8,76838.3,76935.1,38.1808544,2026-05-01 06:00:00+00:00
1777618800000,76934.0,77111.0,76934.0,77106.5,26.68321906,2026-05-01 07:00:00+00:00
1777622400000,77106.6,77466.2,77027.8,77353.7,42.39013636,2026-05-01 08:00:00+00:00
1777626000000,77353.7,77353.7,77200.0,77243.4,13.25432647,2026-05-01 09:00:00+00:00
1777629600000,77243.5,77385.0,77130.1,77287.2,9.92138421,2026-05-01 10:00:00+00:00
1777633200000,77287.2,77582.6,77241.8,77438.5,96.0948405,2026-05-01 11:00:00+00:00
1777636800000,77438.5,78155.0,77400.0,77895.1,242.99452768,2026-05-01 12:00:00+00:00
1777640400000,77895.1,78900.0,77895.0,78700.0,205.65268067,2026-05-01 13:00:00+00:00
1777644000000,78700.0,78855.0,78045.0,78343.2,142.43152534,2026-05-01 14:00:00+00:00
1777647600000,78343.2,78734.9,78195.0,78454.4,199.42384838,2026-05-01 15:00:00+00:00
1777651200000,78454.5,78671.7,78154.0,78210.1,51.03709424,2026-05-01 16:00:00+00:00
1777654800000,78210.1,78585.0,78104.5,78559.4,61.50677505,2026-05-01 17:00:00+00:00
1777658400000,78559.4,78614.9,78383.0,78425.3,42.43189157,2026-05-01 18:00:00+00:00
1777662000000,78425.3,78540.0,78315.0,78375.1,87.5758484,2026-05-01 19:00:00+00:00
1777665600000,78375.1,78418.0,77773.6,77870.9,105.8010735,2026-05-01 20:00:00+00:00
1777669200000,77870.9,78196.1,77870.8,78186.6,42.40771766,2026-05-01 21:00:00+00:00
1777672800000,78186.7,78410.0,78135.9,78147.7,90.46963825,2026-05-01 22:00:00+00:00
1777676400000,78147.7,78235.3,78041.6,78235.3,13.59744277,2026-05-01 23:00:00+00:00
1777680000000,78235.3,78382.9,78181.3,78340.8,12.60136545,2026-05-02 00:00:00+00:00
1777683600000,78340.8,78429.0,78301.2,78330.0,12.3060267,2026-05-02 01:00:00+00:00
1777687200000,78330.0,78509.0,78263.4,78375.1,49.57237705,2026-05-02 02:00:00+00:00
1777690800000,78375.1,78509.0,78243.6,78421.8,28.1904024,2026-05-02 03:00:00+00:00
1777694400000,78421.8,78436.9,78120.0,78170.8,19.50123529,2026-05-02 04:00:00+00:00
1777698000000,78170.9,78212.2,78045.0,78195.1,7.94702045,2026-05-02 05:00:00+00:00
1777701600000,78195.1,78344.9,78142.4,78319.5,15.08058209,2026-05-02 06:00:00+00:00
1777705200000,78319.5,78342.2,78205.0,78205.0,16.17537444,2026-05-02 07:00:00+00:00
1777708800000,78205.1,78345.0,78165.0,78305.2,19.06191603,2026-05-02 08:00:00+00:00
1777712400000,78305.2,78390.0,78250.1,78300.0,63.74861595,2026-05-02 09:00:00+00:00
1777716000000,78300.1,78309.6,78219.9,78253.5,16.40432895,2026-05-02 10:00:00+00:00
1777719600000,78244.7,78244.7,78105.0,78134.9,5.62346116,2026-05-02 11:00:00+00:00
1777723200000,78134.9,78259.1,78120.0,78195.1,9.40407704,2026-05-02 12:00:00+00:00
1777726800000,78195.1,78412.3,78195.0,78357.0,36.23158861,2026-05-02 13:00:00+00:00
1777730400000,78357.0,78459.9,78315.0,78420.1,13.79996472,2026-05-02 14:00:00+00:00
1777734000000,78420.1,78473.6,78364.1,78473.6,8.21638229,2026-05-02 15:00:00+00:00
1777737600000,78467.9,78567.5,78426.4,78454.9,26.04369177,2026-05-02 16:00:00+00:00
1777741200000,78454.9,78465.0,78379.4,78389.0,51.79069415,2026-05-02 17:00:00+00:00
1777744800000,78389.0,78455.0,78303.2,78454.8,7.16462828,2026-05-02 18:00:00+00:00
1777748400000,78454.9,78490.0,78435.0,78485.4,55.72037946,2026-05-02 19:00:00+00:00
1777752000000,78485.6,78485.7,78430.0,78450.6,8.46383703,2026-05-02 20:00:00+00:00
1777755600000,78450.6,79140.0,78450.6,78723.4,242.27537391,2026-05-02 21:00:00+00:00
1777759200000,78723.4,78869.4,78612.1,78831.3,40.01998598,2026-05-02 22:00:00+00:00
1777762800000,78831.4,78831.4,78645.0,78660.0,7.1047363,2026-05-02 23:00:00+00:00
1777766400000,78660.0,78764.8,78510.0,78510.1,19.93884463,2026-05-03 00:00:00+00:00
1777770000000,78510.1,78510.1,78150.2,78247.6,36.78809484,2026-05-03 01:00:00+00:00
1777773600000,78247.6,78284.9,78099.9,78162.6,100.61505417,2026-05-03 02:00:00+00:00
1777777200000,78162.7,78195.0,78126.0,78180.0,13.52886399,2026-05-03 03:00:00+00:00
1777780800000,78180.0,78200.0,78120.0,78150.1,5.09264538,2026-05-03 04:00:00+00:00
1777784400000,78150.1,78225.0,78150.1,78224.9,13.47470057,2026-05-03 05:00:00+00:00
1777788000000,78225.0,78300.0,78078.7,78270.0,24.73468551,2026-05-03 06:00:00+00:00
1777791600000,78270.1,78441.9,78270.0,78360.1,13.30610514,2026-05-03 07:00:00+00:00
1777795200000,78360.1,78470.3,78360.0,78389.9,10.84830679,2026-05-03 08:00:00+00:00
1777798800000,78390.0,78580.3,78352.9,78536.4,40.97646376,2026-05-03 09:00:00+00:00
1777802400000,78536.5,78536.5,78412.5,78412.5,8.92479077,2026-05-03 10:00:00+00:00
1777806000000,78412.6,78837.1,78390.0,78649.3,50.43705455,2026-05-03 11:00:00+00:00
1777809600000,78649.3,78883.2,78649.2,78726.1,83.67626787,2026-05-03 12:00:00+00:00
1777813200000,78726.1,78742.3,78586.1,78661.0,36.17565139,2026-05-03 13:00:00+00:00
1777816800000,78661.1,78765.0,78611.2,78721.3,61.17516057,2026-05-03 14:00:00+00:00
1777820400000,78721.4,78784.9,78630.0,78652.4,18.35733509,2026-05-03 15:00:00+00:00
1777824000000,78650.6,78765.0,78600.0,78660.1,11.79641868,2026-05-03 16:00:00+00:00
1777827600000,78660.1,78799.0,78566.8,78723.8,18.80563835,2026-05-03 17:00:00+00:00
1777831200000,78723.8,78733.7,78640.0,78733.3,20.81891651,2026-05-03 18:00:00+00:00
1777834800000,78733.3,78825.0,78672.3,78743.6,45.57149605,2026-05-03 19:00:00+00:00
1777838400000,78745.6,79240.0,78717.4,78913.9,87.2353063,2026-05-03 20:00:00+00:00
1777842000000,78913.9,79050.0,78660.0,78827.3,47.9323014,2026-05-03 21:00:00+00:00
1777845600000,78827.3,79400.0,78827.3,79166.4,117.77546128,2026-05-03 22:00:00+00:00
1777849200000,79166.4,79275.0,78489.2,78547.4,37.86001049,2026-05-03 23:00:00+00:00
1777852800000,78547.4,78555.0,78267.0,78540.2,38.15027982,2026-05-04 00:00:00+00:00
1777856400000,78540.2,79800.0,78410.0,79735.5,182.56155047,2026-05-04 01:00:00+00:00
1777860000000,79735.6,80395.0,79528.9,80142.8,314.15585601,2026-05-04 02:00:00+00:00
1777863600000,80150.4,80442.5,79920.0,80299.4,102.45246913,2026-05-04 03:00:00+00:00
1777867200000,80299.4,80597.2,80223.1,80311.7,89.61472524,2026-05-04 04:00:00+00:00
1777870800000,80311.8,80372.0,79969.1,79999.6,126.83591422,2026-05-04 05:00:00+00:00
1777874400000,79999.7,80021.4,79485.2,79870.8,75.62183052,2026-05-04 06:00:00+00:00
1777878000000,79870.9,79920.0,79680.0,79689.7,31.65304395,2026-05-04 07:00:00+00:00
1777881600000,79689.7,79785.0,79605.0,79710.2,37.92260589,2026-05-04 08:00:00+00:00
1777885200000,79710.2,79912.7,79650.1,79849.3,48.49756923,2026-05-04 09:00:00+00:00
1777888800000,79845.1,79863.1,78209.2,78931.2,295.76345427,2026-05-04 10:00:00+00:00
1777892400000,78935.9,79123.1,78696.4,78787.7,67.83278345,2026-05-04 11:00:00+00:00
1777896000000,78787.7,79000.0,78713.1,78869.9,38.74143458,2026-05-04 12:00:00+00:00
1777899600000,78852.5,79110.0,78589.7,78779.4,111.16531905,2026-05-04 13:00:00+00:00
1777903200000,78779.4,80517.9,78510.0,80235.0,198.08059935,2026-05-04 14:00:00+00:00
1777906800000,80224.7,80361.8,79350.0,80024.3,256.13291409,2026-05-04 15:00:00+00:00
1777910400000,80024.3,80382.7,79624.6,80027.1,104.47912602,2026-05-04 16:00:00+00:00
1777914000000,80027.1,80770.7,80024.9,80395.0,147.2610193,2026-05-04 17:00:00+00:00
1777917600000,80395.0,80424.7,80028.4,80105.1,78.75682215,2026-05-04 18:00:00+00:00
1777921200000,80105.1,80130.9,79900.0,80043.4,128.16543133,2026-05-04 19:00:00+00:00
1777924800000,80043.4,80159.6,79905.0,79933.7,215.53350079,2026-05-04 20:00:00+00:00
1777928400000,79933.8,80372.4,79933.8,80250.1,25.94723704,2026-05-04 21:00:00+00:00
1777932000000,80250.1,80397.7,79931.3,80051.5,139.1718621,2026-05-04 22:00:00+00:00
1777935600000,80051.6,80052.9,79743.1,79843.7,45.38711338,2026-05-04 23:00:00+00:00
1777939200000,79843.8,80171.5,79808.0,80167.8,41.46186323,2026-05-05 00:00:00+00:00
1777942800000,80167.8,80379.2,80062.7,80343.4,30.28200552,2026-05-05 01:00:00+00:00
1777946400000,80343.4,80900.0,80308.3,80529.0,76.88628068,2026-05-05 02:00:00+00:00
1777950000000,80535.4,81064.0,80457.3,80879.3,76.28092091,2026-05-05 03:00:00+00:00
1777953600000,80878.7,80973.2,80713.1,80891.3,37.88260868,2026-05-05 04:00:00+00:00
1777957200000,80890.4,81303.3,80828.1,80972.5,115.87168119,2026-05-05 05:00:00+00:00
1777960800000,80972.5,80989.9,80808.3,80964.0,27.32953557,2026-05-05 06:00:00+00:00
1777964400000,80964.1,81123.8,80835.0,80858.9,61.22608759,2026-05-05 07:00:00+00:00
1777968000000,80850.1,80890.9,80720.0,80783.4,93.50397925,2026-05-05 08:00:00+00:00
1777971600000,80800.0,80800.0,80520.0,80572.4,38.91003359,2026-05-05 09:00:00+00:00
1777975200000,80572.5,80837.9,80526.3,80829.6,24.10932825,2026-05-05 10:00:00+00:00
1777978800000,80829.7,81080.2,80778.4,81021.5,163.11105492,2026-05-05 11:00:00+00:00
1777982400000,81020.4,81314.0,80939.4,81279.7,40.93564601,2026-05-05 12:00:00+00:00
1777986000000,81279.8,81708.9,81202.3,81371.0,284.91575594,2026-05-05 13:00:00+00:00
1777989600000,81354.3,81482.6,80963.7,81337.7,228.55809445,2026-05-05 14:00:00+00:00
1777993200000,81339.2,81698.4,81253.3,81535.9,73.43574749,2026-05-05 15:00:00+00:00
1777996800000,81537.3,81599.7,81066.7,81273.2,97.86757928,2026-05-05 16:00:00+00:00
1778000400000,81273.2,81449.4,81207.4,81284.0,59.20336996,2026-05-05 17:00:00+00:00
1778004000000,81284.0,81597.5,81283.9,81526.3,81.54044105,2026-05-05 18:00:00+00:00
1778007600000,81526.3,81659.0,81426.6,81601.0,50.50706253,2026-05-05 19:00:00+00:00
1778011200000,81601.1,81765.4,81512.8,81639.2,97.66773195,2026-05-05 20:00:00+00:00
1778014800000,81641.7,81765.8,81333.0,81422.6,44.6181141,2026-05-05 21:00:00+00:00
1778018400000,81422.7,81597.8,80798.5,81113.1,141.2717731,2026-05-05 22:00:00+00:00
1778022000000,81109.7,81219.9,80794.7,80900.8,67.76651922,2026-05-05 23:00:00+00:00
1778025600000,80900.1,81250.0,80728.1,81031.9,53.0704629,2026-05-06 00:00:00+00:00
1778029200000,81031.9,81499.6,80994.9,81437.0,49.65501716,2026-05-06 01:00:00+00:00
1778032800000,81436.9,81440.0,81061.6,81365.4,59.09863737,2026-05-06 02:00:00+00:00
1778036400000,81369.7,81771.8,81360.1,81577.7,66.77546665,2026-05-06 03:00:00+00:00
1778040000000,81577.7,81641.4,81296.2,81304.4,41.71396529,2026-05-06 04:00:00+00:00
1778043600000,81304.4,81348.0,81057.6,81309.3,15.13551417,2026-05-06 05:00:00+00:00
1778047200000,81309.3,81516.2,81232.2,81482.8,19.75384455,2026-05-06 06:00:00+00:00
1778050800000,81480.3,81602.5,81316.7,81344.1,39.66382493,2026-05-06 07:00:00+00:00
1778054400000,81344.3,81970.0,81321.7,81946.8,168.68215834,2026-05-06 08:00:00+00:00
1778058000000,81942.7,82063.1,81684.4,81967.3,283.68455588,2026-05-06 09:00:00+00:00
1778061600000,81967.4,82386.4,81967.3,82281.0,259.0969172,2026-05-06 10:00:00+00:00
1778065200000,82282.2,82790.9,82276.7,82502.1,163.69685711,2026-05-06 11:00:00+00:00
1778068800000,82502.2,82519.1,82173.3,82216.8,115.05750814,2026-05-06 12:00:00+00:00
1778072400000,82216.9,82216.9,81592.8,81672.6,174.47845718,2026-05-06 13:00:00+00:00
1778076000000,81668.3,81967.0,81149.2,81534.3,187.26766519,2026-05-06 14:00:00+00:00
1778079600000,81534.4,81819.2,81323.8,81700.1,53.39297872,2026-05-06 15:00:00+00:00
1778083200000,81700.1,81871.8,81419.2,81625.0,82.29261085,2026-05-06 16:00:00+00:00
1778086800000,81625.0,81700.0,81408.8,81462.6,138.90379316,2026-05-06 17:00:00+00:00
1778090400000,81462.7,81552.9,81266.2,81361.6,29.97126733,2026-05-06 18:00:00+00:00
1778094000000,81361.6,81491.9,81200.1,81471.5,46.14893874,2026-05-06 19:00:00+00:00
1778097600000,81471.5,81700.0,81310.6,81427.8,38.33690138,2026-05-06 20:00:00+00:00
1778101200000,81427.9,81614.2,81333.0,81534.6,20.83028255,2026-05-06 21:00:00+00:00
1778104800000,81534.6,81534.6,81229.8,81353.7,45.9720788,2026-05-06 22:00:00+00:00
1778108400000,81353.7,81438.0,81000.0,81438.0,52.94937928,2026-05-06 23:00:00+00:00
1778112000000,81438.0,81468.2,80961.7,81018.7,24.24388751,2026-05-07 00:00:00+00:00
1778115600000,81017.0,81270.1,80834.8,81158.2,47.04737571,2026-05-07 01:00:00+00:00
1778119200000,81160.7,81182.2,80900.4,81119.7,37.7536041,2026-05-07 02:00:00+00:00
1778122800000,81119.7,81119.7,80820.4,80825.2,15.46649245,2026-05-07 03:00:00+00:00
1778126400000,80825.2,80981.4,80750.0,80966.2,35.8950311,2026-05-07 04:00:00+00:00
1778130000000,80966.3,81149.1,80966.3,81058.0,33.95646096,2026-05-07 05:00:00+00:00
1778133600000,81058.0,81436.1,80888.0,81436.1,45.54661233,2026-05-07 06:00:00+00:00
1778137200000,81438.6,81705.0,81415.1,81510.7,40.92723933,2026-05-07 07:00:00+00:00
1778140800000,81510.7,81585.9,81206.8,81216.6,10.77605835,2026-05-07 08:00:00+00:00
1778144400000,81216.7,81216.7,80851.3,80935.0,54.49214741,2026-05-07 09:00:00+00:00
1778148000000,80935.1,80976.8,80585.6,80842.0,55.81314997,2026-05-07 10:00:00+00:00
1778151600000,80842.1,81022.6,80800.0,80864.9,95.3122609,2026-05-07 11:00:00+00:00
1778155200000,80864.9,81174.7,80861.0,81170.5,60.55382287,2026-05-07 12:00:00+00:00
1778158800000,81170.6,81170.6,80271.0,80511.6,91.2287312,2026-05-07 13:00:00+00:00
1778162400000,80511.7,80685.4,80055.0,80159.3,234.13492545,2026-05-07 14:00:00+00:00
1778166000000,80159.4,80255.4,79720.7,79860.0,215.6894077,2026-05-07 15:00:00+00:00
1778169600000,79880.1,79998.8,79679.7,79798.4,51.89321081,2026-05-07 16:00:00+00:00
1778173200000,79798.4,80124.5,79500.0,80096.4,74.20474859,2026-05-07 17:00:00+00:00
1778176800000,80096.5,80281.3,80012.4,80223.1,89.75347568,2026-05-07 18:00:00+00:00
1778180400000,80223.2,80223.2,79928.9,80129.4,38.40386848,2026-05-07 19:00:00+00:00
1778184000000,80136.9,80352.4,79871.7,79871.8,42.47142612,2026-05-07 20:00:00+00:00
1778187600000,79871.9,79925.2,79666.0,79750.1,34.60060266,2026-05-07 21:00:00+00:00
1778191200000,79750.1,79948.7,79368.7,79901.9,147.78723833,2026-05-07 22:00:00+00:00
1778194800000,79902.0,80059.5,79868.4,80011.5,27.31302666,2026-05-07 23:00:00+00:00
1778198400000,80011.5,80113.1,79733.5,79793.9,19.04619882,2026-05-08 00:00:00+00:00
1778202000000,79794.0,79881.5,79624.4,79732.7,29.14069927,2026-05-08 01:00:00+00:00
1778205600000,79732.7,79746.0,79310.7,79475.0,63.23755846,2026-05-08 02:00:00+00:00
1778209200000,79475.0,79633.2,79168.1,79565.7,30.94750764,2026-05-08 03:00:00+00:00
1778212800000,79565.7,79720.0,79550.7,79648.8,16.56454021,2026-05-08 04:00:00+00:00
1778216400000,79648.8,79743.9,79598.9,79611.2,19.10971173,2026-05-08 05:00:00+00:00
1778220000000,79605.2,79623.8,79410.0,79497.7,22.78459741,2026-05-08 06:00:00+00:00
1778223600000,79497.7,79698.8,79233.8,79666.8,26.3624458,2026-05-08 07:00:00+00:00
1778227200000,79666.1,79952.4,79652.1,79870.0,17.27181875,2026-05-08 08:00:00+00:00
1778230800000,79870.0,80036.3,79779.9,79850.1,24.05183465,2026-05-08 09:00:00+00:00
1778234400000,79850.2,80238.6,79777.0,80204.3,24.22878559,2026-05-08 10:00:00+00:00
1778238000000,80204.5,80300.0,80144.2,80219.5,25.58833694,2026-05-08 11:00:00+00:00
1778241600000,80219.5,80465.8,79960.3,80002.0,40.32334889,2026-05-08 12:00:00+00:00
1778245200000,80002.0,80089.4,79529.9,79626.8,78.69360266,2026-05-08 13:00:00+00:00
1778248800000,79624.8,80394.6,79624.8,80119.3,62.62598621,2026-05-08 14:00:00+00:00
1778252400000,80119.4,80182.9,79617.9,80114.9,43.04700407,2026-05-08 15:00:00+00:00
1778256000000,80114.9,80159.7,79735.0,79781.3,51.82382857,2026-05-08 16:00:00+00:00
1778259600000,79781.4,80238.2,79730.0,80049.6,87.31719038,2026-05-08 17:00:00+00:00
1778263200000,80049.7,80267.0,80049.6,80072.6,210.66562009,2026-05-08 18:00:00+00:00
1778266800000,80072.6,80156.6,79943.4,80156.6,41.15785769,2026-05-08 19:00:00+00:00
1778270400000,80156.6,80275.8,80075.7,80124.4,189.27161811,2026-05-08 20:00:00+00:00
1778274000000,80124.4,80236.6,80110.3,80236.5,31.21026077,2026-05-08 21:00:00+00:00
1778277600000,80236.6,80400.0,80236.5,80278.2,38.06284265,2026-05-08 22:00:00+00:00
1778281200000,80278.2,80290.3,80106.8,80196.9,87.87514344,2026-05-08 23:00:00+00:00
1778284800000,80196.9,80230.0,80124.0,80229.9,32.63359179,2026-05-09 00:00:00+00:00
1778288400000,80227.8,80420.1,80214.9,80324.9,24.4787595,2026-05-09 01:00:00+00:00
1778292000000,80324.6,80457.9,80324.5,80404.8,13.01315499,2026-05-09 02:00:00+00:00
1778295600000,80404.8,80522.7,80310.1,80391.4,16.67746289,2026-05-09 03:00:00+00:00
1778299200000,80391.5,80653.8,80364.9,80382.3,28.7448547,2026-05-09 04:00:00+00:00
1778302800000,80382.3,80450.0,80351.2,80368.6,30.14815251,2026-05-09 05:00:00+00:00
1778306400000,80368.7,80423.8,80192.2,80247.1,18.20477736,2026-05-09 06:00:00+00:00
1778310000000,80247.2,80279.1,80132.4,80216.7,13.98207579,2026-05-09 07:00:00+00:00
1778313600000,80216.7,80423.3,80216.6,80395.1,28.60092694,2026-05-09 08:00:00+00:00
1778317200000,80395.1,80396.8,80201.9,80236.4,45.90988927,2026-05-09 09:00:00+00:00
1778320800000,80231.0,80323.1,80175.5,80262.7,63.37156631,2026-05-09 10:00:00+00:00
1778324400000,80262.7,80358.3,80248.4,80324.2,46.67340253,2026-05-09 11:00:00+00:00
1778328000000,80324.2,80398.6,80274.9,80392.7,45.09890723,2026-05-09 12:00:00+00:00
1778331600000,80392.7,80420.4,80320.0,80377.8,64.35504149,2026-05-09 13:00:00+00:00
1778335200000,80377.8,80408.4,80262.5,80321.9,13.28709598,2026-05-09 14:00:00+00:00
1778338800000,80321.9,80584.3,80243.1,80518.8,22.15062598,2026-05-09 15:00:00+00:00
1778342400000,80517.6,80756.0,80488.8,80607.7,51.22880405,2026-05-09 16:00:00+00:00
1778346000000,80607.7,80895.6,80607.6,80800.0,28.88439022,2026-05-09 17:00:00+00:00
1778349600000,80800.0,81050.0,80768.2,80892.0,57.06518168,2026-05-09 18:00:00+00:00
1778353200000,80892.0,80948.6,80777.7,80938.3,34.82438799,2026-05-09 19:00:00+00:00
1778356800000,80937.0,80937.0,80740.9,80797.6,30.29057623,2026-05-09 20:00:00+00:00
1778360400000,80797.7,80878.7,80731.6,80782.0,7.03288696,2026-05-09 21:00:00+00:00
1778364000000,80782.1,80790.2,80662.3,80750.8,28.77903269,2026-05-09 22:00:00+00:00
1778367600000,80750.8,80820.0,80615.1,80670.1,17.37084339,2026-05-09 23:00:00+00:00
1778371200000,80670.1,80740.3,80612.1,80654.4,45.70757458,2026-05-10 00:00:00+00:00
1778374800000,80656.6,80656.6,80561.3,80642.0,21.03916062,2026-05-10 01:00:00+00:00
1778378400000,80644.9,80754.4,80585.2,80754.4,9.30621958,2026-05-10 02:00:00+00:00
1778382000000,80754.5,80844.8,80704.4,80762.1,16.50056493,2026-05-10 03:00:00+00:00
1778385600000,80762.1,80819.1,80718.6,80750.8,5.648423,2026-05-10 04:00:00+00:00
1778389200000,80741.8,80774.1,80669.8,80670.0,5.85142127,2026-05-10 05:00:00+00:00
1778392800000,80670.0,80708.1,80634.8,80704.9,12.09933386,2026-05-10 06:00:00+00:00
1778396400000,80705.0,80780.9,80705.0,80728.0,13.72118052,2026-05-10 07:00:00+00:00
1778400000000,80728.0,80876.2,80710.0,80803.9,14.01748053,2026-05-10 08:00:00+00:00
1778403600000,80803.9,80886.7,80746.3,80790.3,47.34442256,2026-05-10 09:00:00+00:00
1778407200000,80790.4,80850.0,80666.9,80848.5,57.04135929,2026-05-10 10:00:00+00:00
1778410800000,80848.6,80954.1,80754.3,80793.0,70.80500109,2026-05-10 11:00:00+00:00
1778414400000,80797.2,80924.8,80773.8,80915.5,24.14600624,2026-05-10 12:00:00+00:00
1778418000000,80915.5,80984.8,80880.0,80938.0,63.91474842,2026-05-10 13:00:00+00:00
1778421600000,80938.0,80988.9,80813.4,80988.9,94.76558124,2026-05-10 14:00:00+00:00
1778425200000,80986.9,81400.0,80945.7,81400.0,149.91832856,2026-05-10 15:00:00+00:00
1778428800000,81400.0,81480.6,81189.6,81338.0,169.17760739,2026-05-10 16:00:00+00:00
1778432400000,81338.1,81533.1,81231.4,81458.3,193.15442163,2026-05-10 17:00:00+00:00
1778436000000,81458.4,81491.2,81250.0,81265.2,29.54872197,2026-05-10 18:00:00+00:00
1778439600000,81265.2,81470.3,81134.0,81400.2,209.81162819,2026-05-10 19:00:00+00:00
1778443200000,81400.3,81441.7,80301.0,80724.2,243.30527767,2026-05-10 20:00:00+00:00
1778446800000,80720.7,80928.5,80584.7,80723.6,35.2137097,2026-05-10 21:00:00+00:00
1778450400000,80723.6,82137.8,80669.5,82002.2,118.88313791,2026-05-10 22:00:00+00:00
1778454000000,82002.2,82436.6,82002.2,82171.8,93.23335563,2026-05-10 23:00:00+00:00
1778457600000,82171.9,82345.1,81284.8,81455.9,58.65348239,2026-05-11 00:00:00+00:00
1778461200000,81460.0,81721.0,81295.5,81506.2,28.32961431,2026-05-11 01:00:00+00:00
1778464800000,81506.2,81545.2,81119.2,81155.2,44.87559608,2026-05-11 02:00:00+00:00
1778468400000,81155.3,81155.3,80508.3,80712.7,57.49951694,2026-05-11 03:00:00+00:00
1778472000000,80712.7,80836.2,80619.6,80815.0,58.42350796,2026-05-11 04:00:00+00:00
1778475600000,80797.9,80958.9,80742.0,80809.6,28.54237197,2026-05-11 05:00:00+00:00
1778479200000,80809.6,80995.4,80757.0,80834.7,21.35144225,2026-05-11 06:00:00+00:00
1778482800000,80834.8,80834.8,80667.2,80716.8,25.68554034,2026-05-11 07:00:00+00:00
1778486400000,80716.9,80836.7,80600.0,80736.0,8.82223723,2026-05-11 08:00:00+00:00
1778490000000,80736.0,80957.0,80736.0,80955.7,114.1590369,2026-05-11 09:00:00+00:00
1778493600000,80955.8,81183.1,80941.7,80941.7,231.5118816,2026-05-11 10:00:00+00:00
1778497200000,80941.7,81153.9,80907.0,81151.8,27.70393215,2026-05-11 11:00:00+00:00
1778500800000,81153.5,81318.0,81022.6,81033.0,185.7490682,2026-05-11 12:00:00+00:00
1778504400000,81033.0,81285.1,80743.3,81036.5,77.09294013,2026-05-11 13:00:00+00:00
1778508000000,81036.5,81202.1,80421.5,80918.3,106.03197255,2026-05-11 14:00:00+00:00
1778511600000,80918.4,81409.2,80804.0,81398.4,69.96307792,2026-05-11 15:00:00+00:00
1778515200000,81398.5,81883.8,81330.0,81559.3,117.66726769,2026-05-11 16:00:00+00:00
1778518800000,81559.3,82046.8,81357.5,81921.7,110.47604065,2026-05-11 17:00:00+00:00
1778522400000,81921.8,82100.0,81839.6,81856.3,149.43006653,2026-05-11 18:00:00+00:00
1778526000000,81847.6,82058.9,81741.5,81942.5,88.85850541,2026-05-11 19:00:00+00:00
1778529600000,81943.9,82066.6,81755.0,81798.2,169.18077561,2026-05-11 20:00:00+00:00
1778533200000,81798.2,81872.1,81587.7,81808.6,58.15708804,2026-05-11 21:00:00+00:00
1778536800000,81808.6,81920.0,81720.6,81815.2,62.69182102,2026-05-11 22:00:00+00:00
1778540400000,81815.2,81815.2,81599.2,81730.5,23.2905722,2026-05-11 23:00:00+00:00
1778544000000,81730.6,81760.4,81470.3,81532.1,42.354287,2026-05-12 00:00:00+00:00
1778547600000,81532.2,81595.1,80700.0,81168.8,177.69550615,2026-05-12 01:00:00+00:00
1778551200000,81171.4,81307.1,81069.6,81224.4,44.44012513,2026-05-12 02:00:00+00:00
1778554800000,81224.5,81249.0,81018.4,81028.2,13.15059112,2026-05-12 03:00:00+00:00
1778558400000,81028.2,81282.4,80995.9,81204.8,50.71122367,2026-05-12 04:00:00+00:00
1778562000000,81204.8,81263.5,81180.7,81227.4,7.73057573,2026-05-12 05:00:00+00:00
1778565600000,81225.7,81273.6,81007.8,81007.8,53.18878645,2026-05-12 06:00:00+00:00
1778569200000,81007.9,81093.6,80789.1,80850.0,38.03015503,2026-05-12 07:00:00+00:00
1778572800000,80850.1,80931.2,80759.8,80808.0,19.99376194,2026-05-12 08:00:00+00:00
1778576400000,80811.6,80927.3,80700.2,80802.5,14.2148606,2026-05-12 09:00:00+00:00
1778580000000,80802.6,80804.6,80591.0,80636.8,18.30754746,2026-05-12 10:00:00+00:00
1778583600000,80636.8,80755.4,80479.3,80755.4,31.90856684,2026-05-12 11:00:00+00:00
1778587200000,80755.4,80973.3,80629.1,80859.4,56.81481997,2026-05-12 12:00:00+00:00
1778590800000,80859.5,80900.0,80366.2,80402.0,170.71711707,2026-05-12 13:00:00+00:00
1778594400000,80402.0,80842.7,80363.5,80512.4,71.57517553,2026-05-12 14:00:00+00:00
1778598000000,80512.4,80635.2,80168.5,80332.9,73.08403152,2026-05-12 15:00:00+00:00
1778601600000,80322.8,80406.6,79844.4,79979.0,127.61611863,2026-05-12 16:00:00+00:00
1778605200000,79979.0,80546.9,79943.3,80485.1,52.29096063,2026-05-12 17:00:00+00:00
1778608800000,80485.2,80728.2,80420.0,80666.1,29.7931627,2026-05-12 18:00:00+00:00
1778612400000,80666.1,80841.0,80647.6,80807.9,52.7773234,2026-05-12 19:00:00+00:00
1778616000000,80808.0,80872.7,80635.3,80672.9,145.24490257,2026-05-12 20:00:00+00:00
1778619600000,80672.9,80722.8,80500.0,80571.9,33.40163652,2026-05-12 21:00:00+00:00
1778623200000,80571.9,80765.9,80571.9,80647.3,17.63816086,2026-05-12 22:00:00+00:00
1778626800000,80647.4,80701.7,80415.7,80492.3,14.99721332,2026-05-12 23:00:00+00:00
1778630400000,80492.4,80752.5,80400.0,80698.1,19.21390909,2026-05-13 00:00:00+00:00
1778634000000,80698.1,81158.0,80653.0,80971.2,57.49228501,2026-05-13 01:00:00+00:00
1778637600000,80971.2,81240.0,80922.8,81024.6,21.51812896,2026-05-13 02:00:00+00:00
1778641200000,81024.7,81255.6,80968.1,81215.5,26.96265191,2026-05-13 03:00:00+00:00
1778644800000,81222.5,81244.1,81117.6,81214.9,12.85420908,2026-05-13 04:00:00+00:00
1778648400000,81215.0,81226.9,80993.2,80993.3,21.66401277,2026-05-13 05:00:00+00:00
1778652000000,80993.3,81121.2,80955.5,80955.5,18.85047837,2026-05-13 06:00:00+00:00
1778655600000,80955.6,81016.6,80877.0,81004.7,20.03978784,2026-05-13 07:00:00+00:00
1778659200000,81000.5,81166.0,80923.1,81151.3,18.78289895,2026-05-13 08:00:00+00:00
1778662800000,81151.4,81277.0,81102.4,81250.0,46.01234031,2026-05-13 09:00:00+00:00
1778666400000,81250.0,81250.0,80800.0,80800.1,28.74485396,2026-05-13 10:00:00+00:00
1778670000000,80800.1,80809.0,80468.7,80474.0,46.61272463,2026-05-13 11:00:00+00:00
1778673600000,80474.0,80551.1,79829.5,80168.8,149.08666916,2026-05-13 12:00:00+00:00
1778677200000,80171.3,80318.7,79565.2,79629.7,177.184104,2026-05-13 13:00:00+00:00
1778680800000,79629.7,79874.5,79458.9,79728.4,104.41692187,2026-05-13 14:00:00+00:00
1778684400000,79728.5,79822.4,78758.6,78780.1,170.42513764,2026-05-13 15:00:00+00:00
1778688000000,78780.0,79188.1,78720.9,79055.2,113.52024847,2026-05-13 16:00:00+00:00
1778691600000,79055.3,79513.0,79055.3,79488.6,215.54888793,2026-05-13 17:00:00+00:00
1778695200000,79488.5,79774.1,79488.4,79586.6,53.16118122,2026-05-13 18:00:00+00:00
1778698800000,79586.6,79618.4,79354.0,79616.3,52.97292005,2026-05-13 19:00:00+00:00
1778702400000,79616.3,79722.9,79607.3,79680.5,144.28796864,2026-05-13 20:00:00+00:00
1778706000000,79673.9,79677.9,79304.9,79368.4,19.89905532,2026-05-13 21:00:00+00:00
1778709600000,79368.4,79444.2,79197.9,79396.2,41.03230816,2026-05-13 22:00:00+00:00
1778713200000,79399.4,79455.8,79200.0,79292.1,29.74354002,2026-05-13 23:00:00+00:00
1778716800000,79292.1,79641.4,79292.0,79550.2,31.80574528,2026-05-14 00:00:00+00:00
1778720400000,79550.5,79664.9,79400.0,79576.6,18.4576406,2026-05-14 01:00:00+00:00
1778724000000,79576.6,79648.0,79210.6,79324.4,25.79874089,2026-05-14 02:00:00+00:00
1778727600000,79324.5,79424.7,78901.6,79008.6,67.47314762,2026-05-14 03:00:00+00:00
1778731200000,79008.6,79429.8,78946.9,79426.0,29.47874907,2026-05-14 04:00:00+00:00
1778734800000,79426.3,79935.4,79351.1,79778.2,41.13267574,2026-05-14 05:00:00+00:00
1778738400000,79778.2,79903.3,79739.0,79793.1,22.15852592,2026-05-14 06:00:00+00:00
1778742000000,79785.2,79895.0,79682.2,79725.4,30.30395445,2026-05-14 07:00:00+00:00
1778745600000,79725.5,79882.8,79609.1,79786.0,17.01698153,2026-05-14 08:00:00+00:00
1778749200000,79786.1,79868.6,79442.6,79600.3,139.28069708,2026-05-14 09:00:00+00:00
1778752800000,79603.4,79715.8,79390.8,79536.2,17.1443525,2026-05-14 10:00:00+00:00
1778756400000,79536.2,79574.0,79214.6,79245.3,19.16794051,2026-05-14 11:00:00+00:00
1778760000000,79237.9,79748.5,79207.5,79734.1,37.20260901,2026-05-14 12:00:00+00:00
1778763600000,79734.1,80040.6,79641.6,79679.3,175.45209811,2026-05-14 13:00:00+00:00
1778767200000,79679.3,80985.0,79548.0,80953.3,363.68834877,2026-05-14 14:00:00+00:00
1778770800000,80932.0,81300.0,80796.5,81299.9,144.65029688,2026-05-14 15:00:00+00:00
1778774400000,81300.0,81873.9,81091.2,81873.9,357.32296899,2026-05-14 16:00:00+00:00
1778778000000,81874.0,82017.4,81265.3,81662.8,275.5765839,2026-05-14 17:00:00+00:00
1778781600000,81662.8,81950.7,81450.8,81578.5,119.66047643,2026-05-14 18:00:00+00:00
1778785200000,81578.3,81715.1,81333.0,81421.0,75.44345111,2026-05-14 19:00:00+00:00
1778788800000,81421.0,81594.7,81147.5,81389.5,121.41956184,2026-05-14 20:00:00+00:00
1778792400000,81389.5,81518.0,81264.9,81389.7,32.34800975,2026-05-14 21:00:00+00:00
1778796000000,81389.7,81561.2,81342.4,81449.8,31.61492155,2026-05-14 22:00:00+00:00
1778799600000,81449.8,81449.8,81038.0,81070.1,40.37326689,2026-05-14 23:00:00+00:00
1778803200000,81070.1,81646.5,81070.1,81512.8,43.45670339,2026-05-15 00:00:00+00:00
1778806800000,81509.7,81595.6,81113.3,81113.3,17.86156091,2026-05-15 01:00:00+00:00
1778810400000,81122.4,81314.1,80750.0,81278.2,80.03457584,2026-05-15 02:00:00+00:00
1778814000000,81278.2,81300.0,80927.4,81071.1,23.57689522,2026-05-15 03:00:00+00:00
1778817600000,81071.2,81075.3,80685.3,80701.5,34.29906138,2026-05-15 04:00:00+00:00
1778821200000,80701.6,80866.4,80276.8,80327.7,221.39154141,2026-05-15 05:00:00+00:00
1778824800000,80327.8,80617.0,80307.7,80574.0,33.52067214,2026-05-15 06:00:00+00:00
1778828400000,80574.0,80991.7,80552.9,80814.9,57.77777522,2026-05-15 07:00:00+00:00
1778832000000,80814.9,80822.2,80431.0,80627.0,45.78521416,2026-05-15 08:00:00+00:00
1778835600000,80627.1,80644.3,80363.6,80465.6,10.91033289,2026-05-15 09:00:00+00:00
1778839200000,80465.7,80755.4,80414.5,80701.1,21.98796786,2026-05-15 10:00:00+00:00
1778842800000,80701.1,80745.9,80581.1,80615.2,20.2443485,2026-05-15 11:00:00+00:00
1778846400000,80615.3,80628.1,80330.9,80373.4,32.21450154,2026-05-15 12:00:00+00:00
1778850000000,80373.4,80373.4,78658.0,78731.1,535.79600372,2026-05-15 13:00:00+00:00
1778853600000,78731.1,79300.2,78620.0,79130.1,138.72867994,2026-05-15 14:00:00+00:00
1778857200000,79130.1,79338.3,79006.5,79131.6,40.2401487,2026-05-15 15:00:00+00:00
1778860800000,79129.1,79347.8,79110.7,79268.7,33.34965666,2026-05-15 16:00:00+00:00
1778864400000,79268.7,79452.6,79198.1,79428.2,48.47530747,2026-05-15 17:00:00+00:00
1778868000000,79430.9,79509.8,79134.0,79250.1,37.54719255,2026-05-15 18:00:00+00:00
1778871600000,79250.1,79250.1,79034.2,79103.8,26.3497112,2026-05-15 19:00:00+00:00
1778875200000,79103.8,79178.4,78977.3,79086.3,40.25393278,2026-05-15 20:00:00+00:00
1778878800000,79086.3,79161.4,78843.2,78931.5,19.93072445,2026-05-15 21:00:00+00:00
1778882400000,78931.5,79100.0,78931.5,79060.0,42.41404863,2026-05-15 22:00:00+00:00
1778886000000,79060.1,79100.0,79028.7,79062.5,83.06069351,2026-05-15 23:00:00+00:00
1778889600000,79062.6,79175.0,79033.9,79070.3,38.52117937,2026-05-16 00:00:00+00:00
1778893200000,79060.5,79129.1,78971.6,79129.0,37.07500109,2026-05-16 01:00:00+00:00
1778896800000,79129.1,79165.0,79031.2,79086.7,47.47973728,2026-05-16 02:00:00+00:00
1778900400000,79086.8,79146.7,79010.1,79022.5,50.23331897,2026-05-16 03:00:00+00:00
1778904000000,79032.3,79079.7,78835.4,78970.0,27.60638164,2026-05-16 04:00:00+00:00
1778907600000,78970.0,78995.5,78904.6,78995.5,21.69745325,2026-05-16 05:00:00+00:00
1778911200000,78994.2,78994.2,78398.5,78599.8,63.17175933,2026-05-16 06:00:00+00:00
1778914800000,78600.0,78621.5,78031.1,78343.8,208.53134207,2026-05-16 07:00:00+00:00
1778918400000,78343.9,78476.5,78310.0,78384.1,26.45257887,2026-05-16 08:00:00+00:00
1778922000000,78384.1,78405.8,77860.1,78048.1,85.27423584,2026-05-16 09:00:00+00:00
1778925600000,78048.1,78048.1,77624.4,77920.7,80.88248169,2026-05-16 10:00:00+00:00
1778929200000,77920.7,78156.3,77920.7,78048.2,16.09155477,2026-05-16 11:00:00+00:00
1778932800000,78048.3,78074.1,77900.0,78000.0,84.89023385,2026-05-16 12:00:00+00:00
1778936400000,78000.1,78000.1,77800.0,77970.5,38.90060264,2026-05-16 13:00:00+00:00
1778940000000,77970.5,78296.0,77870.1,78098.0,62.70355102,2026-05-16 14:00:00+00:00
1778943600000,78098.0,78244.5,78041.8,78208.8,55.45560563,2026-05-16 15:00:00+00:00
1778947200000,78208.8,78316.7,78110.6,78177.4,65.64767515,2026-05-16 16:00:00+00:00
1778950800000,78175.6,78289.3,78175.6,78201.3,38.8097195,2026-05-16 17:00:00+00:00
1778954400000,78201.3,78280.7,78111.1,78199.0,44.62371911,2026-05-16 18:00:00+00:00
1778958000000,78199.0,78276.9,78175.6,78233.1,41.65017049,2026-05-16 19:00:00+00:00
1778961600000,78233.1,78275.3,78168.4,78198.8,44.12037049,2026-05-16 20:00:00+00:00
1778965200000,78198.7,78253.2,78196.5,78250.4,10.34566868,2026-05-16 21:00:00+00:00
1778968800000,78250.4,78250.4,78149.8,78157.3,3.56800963,2026-05-16 22:00:00+00:00
1778972400000,78157.3,78213.6,78106.4,78122.8,25.15539777,2026-05-16 23:00:00+00:00
1778976000000,78122.9,78203.4,77773.6,77907.8,39.05806766,2026-05-17 00:00:00+00:00
1778979600000,77907.8,78076.2,77700.1,77706.2,32.6668777,2026-05-17 01:00:00+00:00
1778983200000,77706.2,77901.5,77706.1,77875.2,17.28720744,2026-05-17 02:00:00+00:00
1778986800000,77875.2,78056.5,77875.1,77974.3,7.32161377,2026-05-17 03:00:00+00:00
1778990400000,77974.4,78164.0,77973.6,78130.0,8.79719207,2026-05-17 04:00:00+00:00
1778994000000,78130.1,78274.9,78076.4,78079.7,24.15526833,2026-05-17 05:00:00+00:00
1778997600000,78079.7,78159.6,78000.5,78059.3,3.86282185,2026-05-17 06:00:00+00:00
1779001200000,78059.3,78198.1,78030.1,78146.3,6.2347966,2026-05-17 07:00:00+00:00
1779004800000,78146.3,78149.9,77991.8,78051.7,19.4197389,2026-05-17 08:00:00+00:00
1779008400000,78051.8,78249.0,78028.9,78232.2,63.89509465,2026-05-17 09:00:00+00:00
1779012000000,78232.2,78579.1,78232.1,78405.2,83.74781162,2026-05-17 10:00:00+00:00
1779015600000,78427.4,78427.4,78279.2,78381.9,10.16455112,2026-05-17 11:00:00+00:00
1779019200000,78381.9,78508.0,78312.0,78315.0,44.38534156,2026-05-17 12:00:00+00:00
1779022800000,78315.1,78315.1,78150.0,78172.3,19.46088162,2026-05-17 13:00:00+00:00
1779026400000,78172.3,78175.0,77829.6,78030.1,41.4899066,2026-05-17 14:00:00+00:00
1779030000000,78030.1,78064.9,77900.0,78015.9,23.64623011,2026-05-17 15:00:00+00:00
1779033600000,78016.0,78138.0,78004.1,78012.1,21.46740478,2026-05-17 16:00:00+00:00
1779037200000,78012.1,78056.5,77829.7,78056.5,45.91834714,2026-05-17 17:00:00+00:00
1779040800000,78053.1,78249.7,77985.0,78215.5,36.5667737,2026-05-17 18:00:00+00:00
1779044400000,78221.4,78420.2,78189.6,78384.0,56.37328226,2026-05-17 19:00:00+00:00
1779048000000,78383.9,78404.8,78218.5,78226.2,20.26301479,2026-05-17 20:00:00+00:00
1779051600000,78230.0,78420.0,78201.8,78348.1,60.94776841,2026-05-17 21:00:00+00:00
1779055200000,78361.1,78361.1,77769.3,77950.0,52.50336402,2026-05-17 22:00:00+00:00
1779058800000,77950.0,77950.0,76642.3,77410.0,359.80297523,2026-05-17 23:00:00+00:00
1779062400000,77410.1,77439.7,76882.8,77164.5,142.9682061,2026-05-18 00:00:00+00:00
1779066000000,77164.5,77233.6,76716.9,77059.0,79.24600943,2026-05-18 01:00:00+00:00
1779069600000,77059.0,77172.4,76652.4,76789.7,69.64260511,2026-05-18 02:00:00+00:00
1779073200000,76789.7,76968.4,76781.8,76884.5,34.78139504,2026-05-18 03:00:00+00:00
1779076800000,76884.6,77013.9,76735.0,77007.8,39.18897877,2026-05-18 04:00:00+00:00
1779080400000,77007.9,77037.2,76850.4,76861.6,23.29077882,2026-05-18 05:00:00+00:00
1779084000000,76881.6,76924.7,76561.0,76873.2,34.43286061,2026-05-18 06:00:00+00:00
1779087600000,76873.2,77029.8,76728.1,77021.5,47.38581142,2026-05-18 07:00:00+00:00
1779091200000,77021.5,77117.8,76786.2,76966.6,213.23785756,2026-05-18 08:00:00+00:00
1779094800000,76966.7,76978.4,76829.6,76896.0,45.85051011,2026-05-18 09:00:00+00:00
1779098400000,76896.1,76905.4,76678.3,76736.8,29.5603541,2026-05-18 10:00:00+00:00
1779102000000,76736.8,77350.7,76634.2,77245.2,67.71888082,2026-05-18 11:00:00+00:00
1779105600000,77245.2,77745.5,77226.8,77588.9,129.56841251,2026-05-18 12:00:00+00:00
1779109200000,77588.9,77603.1,76680.0,76906.1,217.38968903,2026-05-18 13:00:00+00:00
1779112800000,76906.2,76927.6,76185.2,76352.6,287.54144699,2026-05-18 14:00:00+00:00
1779116400000,76352.6,76417.5,76020.8,76341.5,141.74963309,2026-05-18 15:00:00+00:00
1779120000000,76342.9,76592.1,76178.8,76364.1,61.02036672,2026-05-18 16:00:00+00:00
1779123600000,76364.1,76698.8,76322.7,76649.0,26.50135877,2026-05-18 17:00:00+00:00
1779127200000,76649.1,76649.1,76099.9,76195.0,39.21210559,2026-05-18 18:00:00+00:00
1779130800000,76195.1,76946.4,76186.3,76835.8,219.49199373,2026-05-18 19:00:00+00:00
1779134400000,76850.1,77100.0,76828.3,76860.2,110.38740889,2026-05-18 20:00:00+00:00
1779138000000,76860.2,77100.0,76736.8,77065.5,50.54582767,2026-05-18 21:00:00+00:00
1779141600000,77065.6,77160.0,76896.8,77026.3,32.11169746,2026-05-18 22:00:00+00:00
1779145200000,77026.3,77093.3,76896.8,76946.5,27.74055909,2026-05-18 23:00:00+00:00
1779148800000,76946.4,77336.2,76918.0,77082.7,97.72327135,2026-05-19 00:00:00+00:00
1779152400000,77082.7,77097.8,76599.9,76624.9,638.18600696,2026-05-19 01:00:00+00:00
1779156000000,76625.0,76938.1,76391.6,76551.4,625.68906853,2026-05-19 02:00:00+00:00
1779159600000,76551.4,76791.9,76528.6,76713.8,12.95865807,2026-05-19 03:00:00+00:00
1779163200000,76713.8,76877.5,76653.4,76869.9,12.54955548,2026-05-19 04:00:00+00:00
1779166800000,76869.9,76926.9,76600.0,76850.3,9.83604753,2026-05-19 05:00:00+00:00
1779170400000,76850.4,77029.7,76836.5,76964.7,24.29766471,2026-05-19 06:00:00+00:00
1779174000000,76964.7,77200.0,76925.0,77175.5,72.5826267,2026-05-19 07:00:00+00:00
1779177600000,77175.5,77234.2,76919.3,76980.3,30.78380098,2026-05-19 08:00:00+00:00
1779181200000,76983.3,76996.6,76632.1,76773.2,48.10003235,2026-05-19 09:00:00+00:00
1779184800000,76773.2,77035.8,76628.8,76972.7,64.35001415,2026-05-19 10:00:00+00:00
1779188400000,76972.8,77025.6,76580.2,76645.6,21.72467354,2026-05-19 11:00:00+00:00
1779192000000,76645.7,76904.9,76598.0,76884.9,25.12579079,2026-05-19 12:00:00+00:00
1779195600000,76884.9,76997.1,76550.0,76802.3,105.87400855,2026-05-19 13:00:00+00:00
1779199200000,76802.4,76918.1,76093.6,76325.6,171.32340868,2026-05-19 14:00:00+00:00
1779202800000,76325.7,76612.4,76280.7,76450.2,87.29841275,2026-05-19 15:00:00+00:00
1779206400000,76450.7,76847.3,76344.2,76828.4,57.51779572,2026-05-19 16:00:00+00:00
1779210000000,76828.4,76947.3,76687.3,76791.4,44.42247511,2026-05-19 17:00:00+00:00
1779213600000,76791.4,76877.3,76671.7,76727.7,51.15027416,2026-05-19 18:00:00+00:00
1779217200000,76727.7,77004.5,76708.0,76739.2,37.85385608,2026-05-19 19:00:00+00:00
1779220800000,76739.2,76975.3,76739.2,76974.7,36.02134602,2026-05-19 20:00:00+00:00
1779224400000,76974.8,76976.3,76916.1,76937.4,27.61313986,2026-05-19 21:00:00+00:00
1779228000000,76937.4,76937.4,76600.0,76650.6,28.11930561,2026-05-19 22:00:00+00:00
1779231600000,76650.6,76901.5,76617.8,76756.3,13.19232935,2026-05-19 23:00:00+00:00
1779235200000,76756.3,76812.2,76459.6,76699.1,67.17896301,2026-05-20 00:00:00+00:00
1779238800000,76699.2,76834.6,76467.2,76742.9,88.97603292,2026-05-20 01:00:00+00:00
1779242400000,76742.9,76818.2,76542.9,76610.0,24.34743298,2026-05-20 02:00:00+00:00
1779246000000,76610.0,76731.1,76526.8,76652.8,37.4711808,2026-05-20 03:00:00+00:00
1779249600000,76652.8,76744.7,76611.0,76695.1,9.67566497,2026-05-20 04:00:00+00:00
1779253200000,76695.1,77243.1,76695.0,77119.3,81.88938237,2026-05-20 05:00:00+00:00
1779256800000,77119.3,77336.8,77116.5,77325.9,25.54499533,2026-05-20 06:00:00+00:00
1779260400000,77325.9,77373.3,77182.3,77209.4,40.37533949,2026-05-20 07:00:00+00:00
1779264000000,77203.0,77500.0,77127.6,77378.6,75.3441097,2026-05-20 08:00:00+00:00
1779267600000,77378.7,77461.5,77288.9,77405.5,45.42218293,2026-05-20 09:00:00+00:00
1779271200000,77405.5,77574.3,77405.4,77448.0,103.30341956,2026-05-20 10:00:00+00:00
1779274800000,77448.1,77468.1,77252.3,77303.0,42.99261002,2026-05-20 11:00:00+00:00
1779278400000,77304.8,77654.9,77290.0,77550.2,34.05716489,2026-05-20 12:00:00+00:00
1779282000000,77548.3,77580.9,76904.3,77142.3,64.80310921,2026-05-20 13:00:00+00:00
1779285600000,77132.8,77483.1,76819.0,77369.2,51.52429052,2026-05-20 14:00:00+00:00
1779289200000,77369.2,77750.0,77237.1,77379.3,44.95294485,2026-05-20 15:00:00+00:00
1779292800000,77379.3,77481.6,76941.1,77269.7,45.24184728,2026-05-20 16:00:00+00:00
1779296400000,77269.7,77629.0,77157.8,77497.2,39.47462233,2026-05-20 17:00:00+00:00
1779300000000,77497.3,77558.1,77328.8,77342.1,32.24488637,2026-05-20 18:00:00+00:00
1779303600000,77342.1,77633.7,77282.4,77598.2,66.46365733,2026-05-20 19:00:00+00:00
1779307200000,77598.3,77680.0,77403.6,77648.7,169.97088796,2026-05-20 20:00:00+00:00
1779310800000,77649.8,77696.0,77443.0,77443.0,30.54793487,2026-05-20 21:00:00+00:00
1779314400000,77443.0,77443.0,77152.7,77425.0,62.381765,2026-05-20 22:00:00+00:00
1779318000000,77425.0,77479.4,77320.0,77479.4,10.9063712,2026-05-20 23:00:00+00:00
1779321600000,77477.5,77969.7,77457.5,77878.8,126.45949443,2026-05-21 00:00:00+00:00
1779325200000,77878.8,78070.0,77731.7,77777.6,116.50125659,2026-05-21 01:00:00+00:00
1779328800000,77777.6,78021.5,77750.7,77892.0,20.12524113,2026-05-21 02:00:00+00:00
1779332400000,77889.8,78000.0,77837.7,77998.4,32.66813931,2026-05-21 03:00:00+00:00
1779336000000,77998.5,78078.0,77876.6,77938.5,23.88481443,2026-05-21 04:00:00+00:00
1779339600000,77947.3,78049.6,77640.2,77746.7,151.47775418,2026-05-21 05:00:00+00:00
1779343200000,77745.6,77788.7,77468.0,77531.0,10.95951289,2026-05-21 06:00:00+00:00
1779346800000,77531.0,77825.7,77457.5,77811.5,12.93313569,2026-05-21 07:00:00+00:00
1779350400000,77811.6,78100.0,77811.5,77860.0,20.66402253,2026-05-21 08:00:00+00:00
1779354000000,77859.9,77879.6,77575.7,77575.7,6.99508693,2026-05-21 09:00:00+00:00
1779357600000,77575.8,77602.3,77087.0,77126.8,37.36192512,2026-05-21 10:00:00+00:00
1779361200000,77126.8,77296.6,77067.6,77108.1,37.56117232,2026-05-21 11:00:00+00:00
1779364800000,77108.2,77276.5,77012.2,77209.8,45.69246051,2026-05-21 12:00:00+00:00
1779368400000,77209.8,77275.0,76652.5,77032.5,86.00133692,2026-05-21 13:00:00+00:00
1779372000000,77046.3,77150.0,76701.1,76910.0,44.49130161,2026-05-21 14:00:00+00:00
1779375600000,76910.1,77317.6,76830.0,77181.4,34.3992713,2026-05-21 15:00:00+00:00
1779379200000,77181.4,77251.9,76949.6,77124.8,98.36759634,2026-05-21 16:00:00+00:00
1779382800000,77125.1,78000.0,77103.5,77799.9,194.24627964,2026-05-21 17:00:00+00:00
1779386400000,77801.7,77855.5,77187.9,77305.9,71.85000313,2026-05-21 18:00:00+00:00
1779390000000,77306.4,77729.6,77297.3,77612.9,58.55658913,2026-05-21 19:00:00+00:00
1779393600000,77613.0,77724.6,77591.2,77630.8,22.34211418,2026-05-21 20:00:00+00:00
1779397200000,77630.8,77736.1,77591.2,77594.3,11.06010831,2026-05-21 21:00:00+00:00
1779400800000,77594.4,77683.1,77474.9,77553.1,17.39223853,2026-05-21 22:00:00+00:00
1779404400000,77553.1,77680.3,77462.9,77549.7,8.68614826,2026-05-21 23:00:00+00:00
1779408000000,77549.8,77549.8,77300.0,77302.1,28.43607402,2026-05-22 00:00:00+00:00
1779411600000,77305.1,77582.4,77262.0,77532.9,13.30738631,2026-05-22 01:00:00+00:00
1779415200000,77533.0,77649.7,77527.9,77606.2,26.10009451,2026-05-22 02:00:00+00:00
1779418800000,77606.2,77736.3,77606.1,77704.3,30.31562444,2026-05-22 03:00:00+00:00
1779422400000,77704.3,77809.9,77571.2,77583.5,21.28097726,2026-05-22 04:00:00+00:00
1779426000000,77583.5,77650.2,77391.8,77406.7,25.04806097,2026-05-22 05:00:00+00:00
1779429600000,77406.7,77428.0,77300.0,77339.5,8.17815088,2026-05-22 06:00:00+00:00
1779433200000,77339.6,77458.3,77211.5,77339.1,19.16349809,2026-05-22 07:00:00+00:00
1779436800000,77338.6,77453.8,77132.3,77175.1,16.15150602,2026-05-22 08:00:00+00:00
1779440400000,77175.2,77250.0,77120.7,77221.6,38.26783329,2026-05-22 09:00:00+00:00
1779444000000,77221.6,77250.0,77175.0,77225.1,41.5788498,2026-05-22 10:00:00+00:00
1779447600000,77225.2,77330.0,77095.4,77330.0,49.02197239,2026-05-22 11:00:00+00:00
1779451200000,77330.0,77495.3,77301.6,77426.0,55.05857124,2026-05-22 12:00:00+00:00
1779454800000,77426.1,77460.0,77050.0,77181.6,75.42374668,2026-05-22 13:00:00+00:00
1779458400000,77184.3,77184.3,76666.7,76687.1,108.11624513,2026-05-22 14:00:00+00:00
1779462000000,76687.2,76942.2,76500.0,76702.0,108.72937057,2026-05-22 15:00:00+00:00
1779465600000,76702.1,76914.1,76700.0,76872.4,19.89362921,2026-05-22 16:00:00+00:00
1779469200000,76872.5,76993.5,76659.6,76661.3,30.11265399,2026-05-22 17:00:00+00:00
1779472800000,76661.3,76821.3,76017.4,76432.6,251.09909229,2026-05-22 18:00:00+00:00
1779476400000,76432.6,76499.9,75580.0,75768.8,209.33439397,2026-05-22 19:00:00+00:00
1779480000000,75768.8,76006.9,75732.5,75901.9,101.02012823,2026-05-22 20:00:00+00:00
1779483600000,75902.0,75997.3,75843.2,75900.1,41.03769009,2026-05-22 21:00:00+00:00
1779487200000,75900.1,75900.1,75447.9,75650.1,80.25379485,2026-05-22 22:00:00+00:00
1779490800000,75650.1,75791.3,75288.0,75456.5,106.51450129,2026-05-22 23:00:00+00:00
1779494400000,75456.6,75538.8,75136.4,75275.4,65.20539723,2026-05-23 00:00:00+00:00
1779498000000,75275.4,75417.3,75275.4,75411.5,61.84964887,2026-05-23 01:00:00+00:00
1779501600000,75411.5,75492.7,75344.6,75482.0,25.89716105,2026-05-23 02:00:00+00:00
1779505200000,75482.0,75576.1,75482.0,75544.7,72.34085156,2026-05-23 03:00:00+00:00
1779508800000,75544.7,75564.9,75416.3,75452.7,27.33440197,2026-05-23 04:00:00+00:00
1779512400000,75452.7,75478.4,75380.7,75394.7,51.06391386,2026-05-23 05:00:00+00:00
1779516000000,75394.7,75417.3,75297.2,75321.2,9.67014154,2026-05-23 06:00:00+00:00
1779519600000,75321.2,75358.8,74209.4,74505.8,262.25308996,2026-05-23 07:00:00+00:00
1779523200000,74505.8,74649.9,74273.3,74598.0,42.59632372,2026-05-23 08:00:00+00:00
1779526800000,74598.1,74665.6,74548.7,74576.4,31.55072232,2026-05-23 09:00:00+00:00
1779530400000,74576.4,74705.5,74576.4,74649.1,36.68928995,2026-05-23 10:00:00+00:00
1779534000000,74649.1,74772.1,74649.0,74730.9,24.53000048,2026-05-23 11:00:00+00:00
1779537600000,74730.9,74730.9,74581.6,74681.7,13.09334638,2026-05-23 12:00:00+00:00
1779541200000,74678.7,75175.7,74678.6,75122.6,76.45737384,2026-05-23 13:00:00+00:00
1779544800000,75122.7,75617.4,75033.0,75439.7,85.58217292,2026-05-23 14:00:00+00:00
1779548400000,75439.7,75595.5,75318.6,75421.5,106.95138635,2026-05-23 15:00:00+00:00
1779552000000,75421.6,75537.5,75327.7,75354.5,44.43428708,2026-05-23 16:00:00+00:00
1779555600000,75354.5,75424.0,75283.9,75420.0,39.2697895,2026-05-23 17:00:00+00:00
1779559200000,75420.0,75896.7,75383.5,75761.1,71.12782977,2026-05-23 18:00:00+00:00
1779562800000,75761.1,75900.0,75699.1,75895.1,45.20428845,2026-05-23 19:00:00+00:00
1779566400000,75891.8,77199.0,75866.3,77182.4,392.60005695,2026-05-23 20:00:00+00:00
1779570000000,77182.5,77308.2,76461.6,76700.1,117.9698851,2026-05-23 21:00:00+00:00
1779573600000,76700.1,76785.8,76307.7,76486.1,128.1125341,2026-05-23 22:00:00+00:00
1779577200000,76486.2,76700.0,76453.7,76670.1,25.53399688,2026-05-23 23:00:00+00:00
1779580800000,76670.1,76827.5,76552.0,76744.3,33.68085408,2026-05-24 00:00:00+00:00
1779584400000,76744.3,76823.5,76659.0,76787.6,35.85746694,2026-05-24 01:00:00+00:00
1779588000000,76787.6,76840.0,76628.0,76733.4,16.29984067,2026-05-24 02:00:00+00:00
1779591600000,76733.4,76915.8,76650.0,76650.1,8.77759692,2026-05-24 03:00:00+00:00
1779595200000,76650.1,76751.0,76650.0,76682.2,15.08047083,2026-05-24 04:00:00+00:00
1779598800000,76682.1,76771.0,76562.8,76731.0,63.29645251,2026-05-24 05:00:00+00:00
1779602400000,76730.7,76938.2,76623.1,76891.6,42.18622842,2026-05-24 06:00:00+00:00
1779606000000,76892.4,76909.6,76704.0,76704.1,74.66051044,2026-05-24 07:00:00+00:00
1779609600000,76704.1,76754.9,76631.9,76723.2,44.58429042,2026-05-24 08:00:00+00:00
1779613200000,76723.2,76933.0,76723.1,76932.9,76.09751324,2026-05-24 09:00:00+00:00
1779616800000,76932.9,77421.2,76839.3,77094.6,70.64419905,2026-05-24 10:00:00+00:00
1779620400000,77094.5,77220.0,77083.4,77183.9,37.66016202,2026-05-24 11:00:00+00:00
1779624000000,77184.0,77200.0,76962.5,77004.2,25.38398208,2026-05-24 12:00:00+00:00
1779627600000,77004.3,77020.0,76606.6,76693.3,28.44431466,2026-05-24 13:00:00+00:00
1779631200000,76694.8,76729.2,76127.2,76367.5,74.40157432,2026-05-24 14:00:00+00:00
1779634800000,76367.6,76462.5,76287.7,76287.8,36.13600576,2026-05-24 15:00:00+00:00
1779638400000,76287.8,76629.7,76287.7,76581.2,51.80336908,2026-05-24 16:00:00+00:00
1779642000000,76581.2,76680.1,76481.7,76605.1,16.21219551,2026-05-24 17:00:00+00:00
1779645600000,76605.1,76676.4,76500.1,76578.5,24.7429741,2026-05-24 18:00:00+00:00
1779649200000,76578.5,76680.6,76522.2,76680.6,18.35545356,2026-05-24 19:00:00+00:00
1779652800000,76676.1,76676.1,76519.1,76566.9,33.06437014,2026-05-24 20:00:00+00:00
1779656400000,76567.0,76645.2,76020.5,76065.4,113.49669202,2026-05-24 21:00:00+00:00
1779660000000,76065.4,76917.0,76045.5,76713.7,89.66747831,2026-05-24 22:00:00+00:00
1779663600000,76709.4,77114.2,76709.4,76984.9,59.69451232,2026-05-24 23:00:00+00:00
1779667200000,76980.7,77178.6,76980.7,77041.9,22.87368933,2026-05-25 00:00:00+00:00
1779670800000,77041.9,77147.9,76833.8,76850.6,28.89316655,2026-05-25 01:00:00+00:00
1779674400000,76850.7,77381.1,76850.7,77008.4,67.15907476,2026-05-25 02:00:00+00:00
1779678000000,77008.5,77075.4,76926.4,76935.2,16.67414178,2026-05-25 03:00:00+00:00
1779681600000,76935.2,77336.2,76915.1,77295.7,17.32276573,2026-05-25 04:00:00+00:00
1779685200000,77295.8,77400.0,77237.9,77315.4,28.78409445,2026-05-25 05:00:00+00:00
1779688800000,77315.4,77552.9,77139.6,77331.4,73.55068686,2026-05-25 06:00:00+00:00
1779692400000,77331.4,77419.9,77103.5,77290.6,23.55157049,2026-05-25 07:00:00+00:00
1779696000000,77292.0,77373.4,77195.4,77365.8,9.13006874,2026-05-25 08:00:00+00:00
1779699600000,77367.5,77642.8,77340.0,77522.1,149.96592539,2026-05-25 09:00:00+00:00
1779703200000,77522.2,77602.2,77423.1,77462.7,9.1762838,2026-05-25 10:00:00+00:00
1779706800000,77462.7,77462.7,77250.6,77278.6,30.59099905,2026-05-25 11:00:00+00:00
1779710400000,77278.7,77345.7,77218.6,77291.4,20.92280596,2026-05-25 12:00:00+00:00
1779714000000,77291.4,77374.5,77224.5,77267.0,37.74967596,2026-05-25 13:00:00+00:00
1779717600000,77267.1,77689.6,77252.5,77639.3,41.31128118,2026-05-25 14:00:00+00:00
1779721200000,77639.3,77809.9,77484.8,77556.6,38.9901464,2026-05-25 15:00:00+00:00
1779724800000,77556.6,77700.0,77443.7,77671.6,106.35893783,2026-05-25 16:00:00+00:00
1779728400000,77671.6,77737.5,77481.6,77500.0,29.57477252,2026-05-25 17:00:00+00:00
1779732000000,77500.0,77594.3,77473.2,77482.8,25.3852975,2026-05-25 18:00:00+00:00
1779735600000,77482.9,77482.9,77300.0,77384.6,16.92287189,2026-05-25 19:00:00+00:00
1779739200000,77384.7,77420.0,77135.1,77206.9,19.54827086,2026-05-25 20:00:00+00:00
1779742800000,77206.9,77319.2,77206.8,77301.0,11.76270181,2026-05-25 21:00:00+00:00
1779746400000,77301.1,77371.6,76975.1,77041.4,44.20919176,2026-05-25 22:00:00+00:00
1779750000000,77041.5,77291.6,77006.3,77265.9,5.9984696,2026-05-25 23:00:00+00:00
1779753600000,77265.9,77275.5,76512.8,76719.0,43.08593728,2026-05-26 00:00:00+00:00
1779757200000,76719.0,76800.0,76531.2,76689.2,33.1970316,2026-05-26 01:00:00+00:00
1779760800000,76689.2,76736.9,76450.0,76575.3,35.3276716,2026-05-26 02:00:00+00:00
1779764400000,76575.5,76624.0,76393.0,76587.7,24.798725,2026-05-26 03:00:00+00:00
1779768000000,76587.8,76715.4,76545.0,76689.3,33.31226993,2026-05-26 04:00:00+00:00
1779771600000,76689.3,76915.2,76638.8,76824.9,21.51428913,2026-05-26 05:00:00+00:00
1779775200000,76824.9,76956.6,76712.3,76837.3,6.13092672,2026-05-26 06:00:00+00:00
1779778800000,76837.3,76837.3,76512.6,76637.1,11.95931626,2026-05-26 07:00:00+00:00
1779782400000,76636.4,76752.1,76604.6,76650.2,17.6096395,2026-05-26 08:00:00+00:00
1779786000000,76650.2,76715.4,76573.3,76590.7,10.80646958,2026-05-26 09:00:00+00:00
1779789600000,76590.7,77528.6,76500.1,77356.8,219.54466255,2026-05-26 10:00:00+00:00
1779793200000,77356.9,77401.9,77098.7,77101.1,101.35483079,2026-05-26 11:00:00+00:00
1779796800000,77101.1,77139.1,76811.5,77046.2,59.12295259,2026-05-26 12:00:00+00:00
1779800400000,77046.3,77364.0,76615.9,77135.1,120.43790228,2026-05-26 13:00:00+00:00
1779804000000,77138.9,77989.3,76661.8,76842.5,392.25442717,2026-05-26 14:00:00+00:00
1779807600000,76842.5,76923.8,76158.4,76420.6,156.59826757,2026-05-26 15:00:00+00:00
1779811200000,76412.0,76588.2,76114.7,76455.6,117.69419575,2026-05-26 16:00:00+00:00
1779814800000,76451.6,76536.7,75745.3,75820.6,264.4118494,2026-05-26 17:00:00+00:00
1779818400000,75820.7,76149.3,75647.4,75716.1,177.61924761,2026-05-26 18:00:00+00:00
1779822000000,75724.4,75971.3,75695.6,75921.7,98.65712348,2026-05-26 19:00:00+00:00
1779825600000,75927.6,76061.8,75890.0,75997.8,55.3608724,2026-05-26 20:00:00+00:00
1779829200000,75997.9,76009.9,75745.4,75780.0,36.03173023,2026-05-26 21:00:00+00:00
1779832800000,75779.9,75887.0,75555.3,75624.2,138.38976913,2026-05-26 22:00:00+00:00
1779836400000,75624.3,75869.1,75624.3,75824.0,61.94418819,2026-05-26 23:00:00+00:00
1779840000000,75827.7,75974.0,75763.4,75965.2,110.1858664,2026-05-27 00:00:00+00:00
1779843600000,75965.3,75983.6,75710.0,75761.2,100.17724113,2026-05-27 01:00:00+00:00
1779847200000,75761.2,75779.9,75572.8,75730.8,24.55996377,2026-05-27 02:00:00+00:00
1779850800000,75741.4,75850.6,75506.0,75553.6,30.16484972,2026-05-27 03:00:00+00:00
1779854400000,75553.6,75575.0,75200.0,75471.0,57.79211269,2026-05-27 04:00:00+00:00
1779858000000,75471.1,75598.0,75459.5,75590.0,38.10975324,2026-05-27 05:00:00+00:00
1779861600000,75590.0,75769.8,75589.9,75715.4,26.15291143,2026-05-27 06:00:00+00:00
1779865200000,75715.5,75856.2,75657.1,75856.2,14.08008044,2026-05-27 07:00:00+00:00
1779868800000,75856.2,75938.5,75733.2,75756.1,28.87463528,2026-05-27 08:00:00+00:00
1779872400000,75756.2,75860.2,75610.0,75789.0,59.10427132,2026-05-27 09:00:00+00:00
1779876000000,75789.1,75910.9,75763.3,75786.5,13.34156531,2026-05-27 10:00:00+00:00
1779879600000,75786.5,75890.0,75641.8,75641.8,14.97111077,2026-05-27 11:00:00+00:00
1779883200000,75641.9,76041.7,75459.0,75574.8,58.05005665,2026-05-27 12:00:00+00:00
1779886800000,75574.9,75635.5,74731.3,74929.2,188.31382119,2026-05-27 13:00:00+00:00
1779890400000,74934.4,75118.0,74650.0,74900.7,73.05898463,2026-05-27 14:00:00+00:00
1779894000000,74900.2,75357.5,74845.4,75196.6,32.22712603,2026-05-27 15:00:00+00:00
1779897600000,75196.7,75263.8,74879.8,75178.2,56.18614944,2026-05-27 16:00:00+00:00
1779901200000,75179.7,75200.0,74528.9,74727.8,116.41675268,2026-05-27 17:00:00+00:00
1779904800000,74726.7,74887.2,74548.2,74887.2,33.73587159,2026-05-27 18:00:00+00:00
1779908400000,74887.3,74967.5,74807.5,74916.7,102.07230264,2026-05-27 19:00:00+00:00
1779912000000,74922.3,75283.8,74922.2,75138.7,133.05057109,2026-05-27 20:00:00+00:00
1779915600000,75139.1,75139.1,74226.5,74350.4,148.33008276,2026-05-27 21:00:00+00:00
1779919200000,74362.7,74650.0,74153.6,74308.2,81.09506134,2026-05-27 22:00:00+00:00
1779922800000,74308.2,74443.6,74121.0,74337.1,53.39165723,2026-05-27 23:00:00+00:00
1779926400000,74337.0,74467.1,74238.0,74441.2,14.61185041,2026-05-28 00:00:00+00:00
1779930000000,74441.2,74462.8,74050.0,74215.5,57.1480654,2026-05-28 01:00:00+00:00
1779933600000,74215.5,74263.7,74014.5,74145.0,50.4383772,2026-05-28 02:00:00+00:00
1779937200000,74145.0,74247.4,72960.0,73133.1,484.96941849,2026-05-28 03:00:00+00:00
1779940800000,73133.1,73136.0,72615.3,73049.9,256.83241073,2026-05-28 04:00:00+00:00
1779944400000,73049.9,73049.9,72776.5,72850.5,258.43680288,2026-05-28 05:00:00+00:00
1779948000000,72850.5,73075.4,72649.5,73074.2,66.38390848,2026-05-28 06:00:00+00:00
1779951600000,73074.3,73354.9,73039.0,73340.8,49.8479606,2026-05-28 07:00:00+00:00
1779955200000,73355.0,73357.9,73080.0,73185.1,67.1150052,2026-05-28 08:00:00+00:00
1779958800000,73185.2,73430.0,73128.4,73418.8,28.69557776,2026-05-28 09:00:00+00:00
1779962400000,73418.8,73501.7,73237.0,73286.2,26.9351916,2026-05-28 10:00:00+00:00
1779966000000,73286.1,73409.8,73199.0,73378.5,50.87933571,2026-05-28 11:00:00+00:00
1779969600000,73378.6,73449.9,73142.3,73397.8,66.86469591,2026-05-28 12:00:00+00:00
1779973200000,73397.8,73449.9,72650.0,72930.6,195.45383419,2026-05-28 13:00:00+00:00
1779976800000,72896.0,73420.7,72470.0,72896.0,143.33794394,2026-05-28 14:00:00+00:00
1779980400000,72895.1,73024.0,72571.0,72806.3,107.65769647,2026-05-28 15:00:00+00:00
1779984000000,72806.3,73300.0,72605.9,73299.9,254.59370865,2026-05-28 16:00:00+00:00
1779987600000,73300.0,73621.9,73202.5,73441.1,219.36444311,2026-05-28 17:00:00+00:00
1779991200000,73441.2,73628.8,73411.5,73527.3,90.44534999,2026-05-28 18:00:00+00:00
1779994800000,73527.4,73529.1,73276.9,73300.7,45.15545062,2026-05-28 19:00:00+00:00
1779998400000,73300.8,73600.0,73140.8,73475.8,64.3437198,2026-05-28 20:00:00+00:00
1780002000000,73475.5,73809.3,73450.0,73727.8,124.53935011,2026-05-28 21:00:00+00:00
1780005600000,73719.4,73827.0,73352.5,73366.9,49.36563031,2026-05-28 22:00:00+00:00
1780009200000,73367.6,73621.3,73367.6,73515.7,45.32943835,2026-05-28 23:00:00+00:00
1780012800000,73516.5,73747.9,73516.5,73611.2,41.60793914,2026-05-29 00:00:00+00:00
1780016400000,73614.8,73747.9,73360.9,73483.9,29.48034818,2026-05-29 01:00:00+00:00
1780020000000,73483.9,73537.3,73072.9,73101.7,34.04180855,2026-05-29 02:00:00+00:00
1780023600000,73101.8,73339.9,73101.8,73186.3,7.83487113,2026-05-29 03:00:00+00:00
1780027200000,73186.4,73402.0,73100.8,73400.1,26.468477,2026-05-29 04:00:00+00:00
1780030800000,73400.1,73600.0,73385.9,73594.6,21.28435442,2026-05-29 05:00:00+00:00
1780034400000,73594.7,73800.0,73529.2,73684.9,26.64234768,2026-05-29 06:00:00+00:00
1780038000000,73681.1,73724.2,73282.4,73422.3,58.00940997,2026-05-29 07:00:00+00:00
1780041600000,73419.7,73722.9,73419.7,73542.4,49.53391443,2026-05-29 08:00:00+00:00
1780045200000,73544.1,73782.8,73544.0,73641.8,45.39058862,2026-05-29 09:00:00+00:00
1780048800000,73640.8,73640.8,73500.0,73528.2,87.09685968,2026-05-29 10:00:00+00:00
1780052400000,73528.2,73587.6,73235.3,73364.0,72.66283934,2026-05-29 11:00:00+00:00
1780056000000,73364.0,73364.4,73082.1,73190.0,104.81171317,2026-05-29 12:00:00+00:00
1780059600000,73190.0,73227.1,72787.6,73031.6,68.84257211,2026-05-29 13:00:00+00:00
1780063200000,73030.3,73088.9,72362.8,72981.5,217.30101861,2026-05-29 14:00:00+00:00
1780066800000,72984.8,74071.5,72891.1,73696.4,205.46076478,2026-05-29 15:00:00+00:00
1780070400000,73696.5,73987.6,73456.7,73941.5,131.95832242,2026-05-29 16:00:00+00:00
1780074000000,73941.5,74200.0,73812.5,73866.9,165.36582664,2026-05-29 17:00:00+00:00
1780077600000,73867.0,73953.1,73099.1,73272.5,57.66875655,2026-05-29 18:00:00+00:00
1780081200000,73272.6,73625.0,73139.6,73418.0,81.42653548,2026-05-29 19:00:00+00:00
1780084800000,73413.5,73658.8,73413.5,73582.6,21.61336848,2026-05-29 20:00:00+00:00
1780088400000,73582.6,73729.6,73318.4,73318.5,40.9518518,2026-05-29 21:00:00+00:00
1780092000000,73318.5,73474.0,73279.8,73391.6,17.99062688,2026-05-29 22:00:00+00:00
1780095600000,73391.6,73411.9,73227.4,73370.7,20.21623339,2026-05-29 23:00:00+00:00
1780099200000,73370.7,73478.9,73312.9,73409.7,28.09847886,2026-05-30 00:00:00+00:00
1780102800000,73400.8,73571.0,73368.4,73562.9,22.32824554,2026-05-30 01:00:00+00:00
1780106400000,73563.0,73693.9,73510.8,73689.7,43.40667569,2026-05-30 02:00:00+00:00
1780110000000,73689.7,73703.5,73425.2,73430.2,48.53864584,2026-05-30 03:00:00+00:00
1780113600000,73429.3,73482.7,73131.0,73298.8,29.02055117,2026-05-30 04:00:00+00:00
1780117200000,73299.1,73538.2,73248.2,73514.2,65.69536884,2026-05-30 05:00:00+00:00
1780120800000,73506.1,73605.8,73425.5,73489.6,13.15613617,2026-05-30 06:00:00+00:00
1780124400000,73489.6,73499.7,73383.2,73443.1,5.15651645,2026-05-30 07:00:00+00:00
1780128000000,73443.2,73468.1,73398.8,73422.7,31.62255008,2026-05-30 08:00:00+00:00
1780131600000,73422.7,73515.3,73402.4,73506.2,4.78218439,2026-05-30 09:00:00+00:00
1780135200000,73506.3,73578.2,73484.3,73545.5,3.08648636,2026-05-30 10:00:00+00:00
1780138800000,73550.8,73551.3,73456.5,73494.5,4.42254755,2026-05-30 11:00:00+00:00
1780142400000,73494.6,73598.3,73486.0,73592.8,23.92899668,2026-05-30 12:00:00+00:00
1780146000000,73588.1,73729.5,73587.4,73723.3,14.1988803,2026-05-30 13:00:00+00:00
1780149600000,73723.4,73968.8,73705.2,73823.7,23.97754439,2026-05-30 14:00:00+00:00
1780153200000,73823.7,73927.6,73742.5,73811.4,48.38608769,2026-05-30 15:00:00+00:00
1780156800000,73811.4,73869.1,73770.0,73824.6,9.24712856,2026-05-30 16:00:00+00:00
1780160400000,73824.6,73912.4,73705.0,73910.4,21.902953,2026-05-30 17:00:00+00:00
1780164000000,73912.8,74004.4,73851.0,73934.6,58.90354434,2026-05-30 18:00:00+00:00
1780167600000,73934.6,73964.9,73860.9,73901.1,34.60052747,2026-05-30 19:00:00+00:00
1780171200000,73901.1,73907.4,73813.2,73857.5,15.03548252,2026-05-30 20:00:00+00:00
1780174800000,73858.3,73950.6,73825.1,73853.0,25.14745786,2026-05-30 21:00:00+00:00
1780178400000,73868.9,73868.9,73700.0,73780.0,19.46123752,2026-05-30 22:00:00+00:00
1780182000000,73780.0,73881.8,73686.9,73753.7,11.9923955,2026-05-30 23:00:00+00:00
1780185600000,73778.8,73926.6,73751.6,73919.7,5.86541874,2026-05-31 00:00:00+00:00
1780189200000,73919.8,74161.0,73919.7,73945.5,25.88640095,2026-05-31 01:00:00+00:00
1780192800000,73945.6,74128.2,73779.1,73972.0,24.21109036,2026-05-31 02:00:00+00:00
1780196400000,73972.1,74100.4,73966.2,74037.6,13.30688019,2026-05-31 03:00:00+00:00
1780200000000,74037.6,74109.3,73995.3,74082.0,8.88664842,2026-05-31 04:00:00+00:00
1780203600000,74079.8,74093.0,73952.0,73952.8,3.56256987,2026-05-31 05:00:00+00:00
1780207200000,73952.1,73990.9,73883.0,73946.6,4.32560653,2026-05-31 06:00:00+00:00
1780210800000,73946.6,73946.6,73734.5,73767.6,9.21374431,2026-05-31 07:00:00+00:00
1780214400000,73767.6,73872.4,73727.0,73833.0,17.82031551,2026-05-31 08:00:00+00:00
1780218000000,73833.1,73915.8,73712.1,73736.6,3.86251353,2026-05-31 09:00:00+00:00
1780221600000,73736.6,73783.1,73617.8,73783.1,21.83350116,2026-05-31 10:00:00+00:00
1780225200000,73783.1,73855.6,73775.5,73838.3,5.87313367,2026-05-31 11:00:00+00:00
1780228800000,73838.4,73869.8,73769.6,73807.2,17.1887056,2026-05-31 12:00:00+00:00
1780232400000,73807.2,73901.1,73713.1,73750.7,5.36236732,2026-05-31 13:00:00+00:00
1780236000000,73750.7,73750.7,73405.6,73484.1,46.20174807,2026-05-31 14:00:00+00:00
1780239600000,73484.1,73660.0,73484.1,73545.1,24.22984667,2026-05-31 15:00:00+00:00
1780243200000,73545.1,73617.8,73272.9,73425.9,37.33074311,2026-05-31 16:00:00+00:00
1780246800000,73425.9,73631.3,73361.8,73587.6,36.94145436,2026-05-31 17:00:00+00:00
1780250400000,73587.6,73609.4,73459.7,73506.1,10.49585601,2026-05-31 18:00:00+00:00
1780254000000,73503.2,73549.9,73347.4,73451.2,9.31012647,2026-05-31 19:00:00+00:00
1780257600000,73451.1,73650.0,73451.1,73628.6,8.33901585,2026-05-31 20:00:00+00:00
1780261200000,73628.7,73799.9,73516.6,73785.0,31.72407715,2026-05-31 21:00:00+00:00
1780264800000,73785.0,73888.0,73578.3,73837.7,37.87769731,2026-05-31 22:00:00+00:00
1780268400000,73837.7,74070.0,73363.6,73570.0,28.87501283,2026-05-31 23:00:00+00:00
1780272000000,73569.9,73960.0,73550.1,73777.8,28.8570524,2026-06-01 00:00:00+00:00
1780275600000,73777.8,73802.7,73173.0,73193.4,38.88540186,2026-06-01 01:00:00+00:00
1780279200000,73194.6,73765.7,73155.0,73681.8,51.00153603,2026-06-01 02:00:00+00:00
1780282800000,73680.4,73889.1,73640.8,73673.1,12.54946947,2026-06-01 03:00:00+00:00
1780286400000,73673.0,73745.9,73260.5,73429.8,15.42807506,2026-06-01 04:00:00+00:00
1780290000000,73429.8,73434.3,73218.4,73256.2,25.01180135,2026-06-01 05:00:00+00:00
1780293600000,73256.6,73270.0,72867.8,73041.7,50.18040824,2026-06-01 06:00:00+00:00
1780297200000,73042.0,73100.0,72613.7,72719.8,64.65090393,2026-06-01 07:00:00+00:00
1780300800000,72719.8,72835.3,72523.5,72799.8,53.80533108,2026-06-01 08:00:00+00:00
1780304400000,72799.9,72999.9,72732.7,72789.6,89.74172298,2026-06-01 09:00:00+00:00
1780308000000,72789.7,72817.3,72508.6,72659.2,39.27714073,2026-06-01 10:00:00+00:00
1780311600000,72659.2,72683.5,72200.0,72384.3,116.61587946,2026-06-01 11:00:00+00:00
1780315200000,72391.6,72529.3,71844.0,72130.0,186.82815353,2026-06-01 12:00:00+00:00
1780318800000,72127.3,72143.2,71275.0,71614.2,279.37687143,2026-06-01 13:00:00+00:00
1780322400000,71614.1,71774.4,71285.0,71419.8,136.76405361,2026-06-01 14:00:00+00:00
1780326000000,71432.3,71549.9,70964.6,71000.0,167.8369122,2026-06-01 15:00:00+00:00
1780329600000,71000.0,71488.9,70581.5,71455.2,224.16350958,2026-06-01 16:00:00+00:00
1780333200000,71455.2,71679.6,71373.0,71551.4,189.80965875,2026-06-01 17:00:00+00:00
1780336800000,71550.1,71592.5,71284.9,71415.0,69.25561439,2026-06-01 18:00:00+00:00
1780340400000,71415.1,71578.5,71294.5,71493.2,54.54424904,2026-06-01 19:00:00+00:00
1780344000000,71495.0,71595.0,71321.5,71354.5,61.36641477,2026-06-01 20:00:00+00:00
1780347600000,71354.1,71365.5,70850.6,70950.1,79.98857136,2026-06-01 21:00:00+00:00
1780351200000,70950.0,71336.4,70750.0,71310.0,228.05534521,2026-06-01 22:00:00+00:00
1780354800000,71310.1,71464.9,71130.1,71317.5,43.83725116,2026-06-01 23:00:00+00:00
1780358400000,71315.5,71315.5,71010.0,71177.7,30.99962985,2026-06-02 00:00:00+00:00
1780362000000,71177.7,71276.5,70524.8,70539.4,62.94176528,2026-06-02 01:00:00+00:00
1780365600000,70539.4,70765.2,70000.0,70736.2,114.99666655,2026-06-02 02:00:00+00:00
1780369200000,70740.0,70918.2,70710.0,70846.2,45.72048916,2026-06-02 03:00:00+00:00
1780372800000,70846.2,70928.6,70605.6,70695.0,81.39502827,2026-06-02 04:00:00+00:00
1780376400000,70695.0,70700.0,70156.7,70158.4,139.36840945,2026-06-02 05:00:00+00:00
1780380000000,70156.6,70333.6,69840.0,69989.0,174.14148053,2026-06-02 06:00:00+00:00
1780383600000,69989.9,70155.0,69647.8,70022.1,166.21358076,2026-06-02 07:00:00+00:00
1780387200000,70020.1,70065.0,69605.8,69705.1,89.84827911,2026-06-02 08:00:00+00:00
1780390800000,69705.1,69754.1,69236.5,69300.2,117.97387901,2026-06-02 09:00:00+00:00
1780394400000,69300.2,69645.0,69244.2,69542.6,292.66534282,2026-06-02 10:00:00+00:00
1780398000000,69533.7,69540.0,69316.3,69362.5,95.51788504,2026-06-02 11:00:00+00:00
1780401600000,69360.1,69434.9,68925.3,68925.4,191.84823227,2026-06-02 12:00:00+00:00
1780405200000,68925.4,69081.2,68650.0,68691.0,266.0105028,2026-06-02 13:00:00+00:00
1780408800000,68691.0,68715.0,67530.1,67874.9,560.70940233,2026-06-02 14:00:00+00:00
1780412400000,67875.0,67942.7,66964.6,67197.7,426.86502769,2026-06-02 15:00:00+00:00
1780416000000,67197.7,68001.5,67125.1,67303.4,351.66303055,2026-06-02 16:00:00+00:00
1780419600000,67303.4,67725.0,67279.2,67380.1,139.87423526,2026-06-02 17:00:00+00:00
1780423200000,67380.1,67545.0,67029.5,67231.4,172.42166947,2026-06-02 18:00:00+00:00
1780426800000,67234.2,67366.5,66327.3,67209.9,444.90801655,2026-06-02 19:00:00+00:00
1780430400000,67206.9,67590.6,66820.6,67488.2,140.10546017,2026-06-02 20:00:00+00:00
1780434000000,67490.1,67802.8,67317.7,67467.3,86.82694095,2026-06-02 21:00:00+00:00
1780437600000,67467.2,67467.2,66170.0,66278.4,360.96923995,2026-06-02 22:00:00+00:00
1780441200000,66285.0,66772.4,66111.8,66669.7,174.6321663,2026-06-02 23:00:00+00:00
1780444800000,66669.7,67083.3,66569.5,66841.4,221.5913661,2026-06-03 00:00:00+00:00
1780448400000,66841.5,66963.0,66384.8,66840.0,160.56834306,2026-06-03 01:00:00+00:00
1780452000000,66840.0,66840.0,66510.1,66526.0,38.3360746,2026-06-03 02:00:00+00:00
1780455600000,66525.2,66569.9,65379.8,65770.5,285.91952506,2026-06-03 03:00:00+00:00
1780459200000,65770.5,66526.8,65754.7,66379.3,92.53566663,2026-06-03 04:00:00+00:00
1780462800000,66379.3,67306.7,66379.3,67237.1,155.13785104,2026-06-03 05:00:00+00:00
1780466400000,67235.9,67420.0,66873.9,66877.6,69.16863548,2026-06-03 06:00:00+00:00
1780470000000,66877.6,67226.0,66786.3,67130.6,40.80373276,2026-06-03 07:00:00+00:00
1780473600000,67129.3,67155.0,66883.0,66930.1,41.79838895,2026-06-03 08:00:00+00:00
1780477200000,66930.2,67212.1,66556.6,66977.7,91.42998158,2026-06-03 09:00:00+00:00
1780480800000,66975.9,67374.9,66969.7,67195.5,117.13031804,2026-06-03 10:00:00+00:00
1780484400000,67200.0,67262.4,66969.7,66985.0,63.90214397,2026-06-03 11:00:00+00:00
1780488000000,66985.0,67060.1,66705.1,66985.1,63.29096051,2026-06-03 12:00:00+00:00
1780491600000,66988.8,67140.0,66533.0,66789.1,142.55631272,2026-06-03 13:00:00+00:00
1780495200000,66798.5,66893.8,66544.1,66766.3,98.44142312,2026-06-03 14:00:00+00:00
1780498800000,66766.1,66780.0,66000.0,66000.0,264.34145784,2026-06-03 15:00:00+00:00
1780502400000,66000.1,66250.0,65480.1,65976.2,263.70971154,2026-06-03 16:00:00+00:00
1780506000000,65979.0,66090.0,65620.8,65872.8,154.12621645,2026-06-03 17:00:00+00:00
1780509600000,65872.2,66059.9,65669.9,65965.9,130.51908741,2026-06-03 18:00:00+00:00
1780513200000,65964.1,65976.6,65187.4,65376.1,227.76925947,2026-06-03 19:00:00+00:00
1780516800000,65375.9,65521.6,64688.0,64903.1,288.57523724,2026-06-03 20:00:00+00:00
1780520400000,64903.2,65761.5,64869.0,65672.1,210.40468912,2026-06-03 21:00:00+00:00
1780524000000,65684.5,65730.0,64688.0,64810.1,199.73223705,2026-06-03 22:00:00+00:00
1780527600000,64810.0,64883.7,64000.0,64035.8,356.35596964,2026-06-03 23:00:00+00:00
1780531200000,64036.1,64320.0,62920.5,63245.0,569.3318529,2026-06-04 00:00:00+00:00
1780534800000,63244.3,63399.3,62038.6,62099.9,549.66907489,2026-06-04 01:00:00+00:00
1780538400000,62100.0,63553.4,61255.9,63153.0,918.12833589,2026-06-04 02:00:00+00:00
1780542000000,63153.0,64444.0,63153.0,64290.0,411.06212411,2026-06-04 03:00:00+00:00
1780545600000,64290.0,64686.1,64214.7,64327.7,162.78231898,2026-06-04 04:00:00+00:00
1780549200000,64327.7,64327.7,63605.2,63898.8,435.38989632,2026-06-04 05:00:00+00:00
1780552800000,63898.3,64403.8,63825.0,63979.6,154.10508075,2026-06-04 06:00:00+00:00
1780556400000,63979.6,63996.0,63351.3,63525.1,222.6770308,2026-06-04 07:00:00+00:00
1780560000000,63543.0,63826.8,63197.0,63546.1,226.37911894,2026-06-04 08:00:00+00:00
1780563600000,63546.1,63569.9,62650.0,63179.1,129.0783401,2026-06-04 09:00:00+00:00
1780567200000,63179.1,63179.4,62238.6,62353.0,231.67407476,2026-06-04 10:00:00+00:00
1780570800000,62352.9,62755.0,62038.8,62476.1,485.74652827,2026-06-04 11:00:00+00:00
1780574400000,62479.2,63915.9,62312.4,63706.9,188.82906454,2026-06-04 12:00:00+00:00
1780578000000,63707.0,64203.3,63016.3,64150.0,519.05571079,2026-06-04 13:00:00+00:00
1780581600000,64157.0,64434.8,63750.0,63897.1,283.23914782,2026-06-04 14:00:00+00:00
1780585200000,63897.2,64326.6,63628.1,63826.7,192.27948121,2026-06-04 15:00:00+00:00
1780588800000,63826.8,63858.0,63384.2,63485.7,98.6837446,2026-06-04 16:00:00+00:00
1780592400000,63485.8,63645.8,62897.0,63460.1,174.57905208,2026-06-04 17:00:00+00:00
1780596000000,63460.0,64032.4,63052.0,63746.1,155.66644242,2026-06-04 18:00:00+00:00
1780599600000,63742.4,64072.0,63455.1,63547.7,221.04091109,2026-06-04 19:00:00+00:00
1780603200000,63538.5,63596.9,63118.5,63575.7,77.84482407,2026-06-04 20:00:00+00:00
1780606800000,63570.3,63797.5,63057.2,63233.0,202.0178106,2026-06-04 21:00:00+00:00
1780610400000,63233.0,63695.5,63150.3,63677.4,75.26013371,2026-06-04 22:00:00+00:00
1780614000000,63674.1,63850.0,63317.7,63814.0,60.97581968,2026-06-04 23:00:00+00:00
1780617600000,63811.1,63905.3,63339.4,63366.7,108.73728263,2026-06-05 00:00:00+00:00
1780621200000,63366.7,63475.4,62962.6,63305.4,117.29376438,2026-06-05 01:00:00+00:00
1780624800000,63296.2,63374.5,62530.0,62544.2,239.42329652,2026-06-05 02:00:00+00:00
1780628400000,62549.7,62814.0,62283.4,62648.3,245.03214439,2026-06-05 03:00:00+00:00
1780632000000,62665.3,63568.7,62443.6,63521.2,123.94326082,2026-06-05 04:00:00+00:00
1780635600000,63529.6,63614.6,62220.0,62272.7,122.09869474,2026-06-05 05:00:00+00:00
1780639200000,62271.1,62560.4,61100.0,61894.4,492.10530313,2026-06-05 06:00:00+00:00
1780642800000,61891.0,63043.1,61319.7,63043.1,183.82662839,2026-06-05 07:00:00+00:00
1780646400000,63049.8,63049.8,62246.1,62397.3,213.5677898,2026-06-05 08:00:00+00:00
1780650000000,62407.5,63194.8,62398.1,62813.4,142.75084049,2026-06-05 09:00:00+00:00
1780653600000,62813.4,62887.9,62330.1,62496.6,89.18516427,2026-06-05 10:00:00+00:00
1780657200000,62496.6,62577.0,61920.0,61920.0,95.98045019,2026-06-05 11:00:00+00:00
1780660800000,61918.4,62388.1,61561.8,61918.3,308.47794894,2026-06-05 12:00:00+00:00
1780664400000,61918.4,62268.4,60700.0,60700.1,745.70203031,2026-06-05 13:00:00+00:00
1780668000000,60700.1,61179.7,60331.0,60838.6,1131.75567252,2026-06-05 14:00:00+00:00
1780671600000,60844.8,61074.1,60000.0,60400.1,980.89345075,2026-06-05 15:00:00+00:00
1780675200000,60400.1,61517.2,59764.0,61368.8,665.51854031,2026-06-05 16:00:00+00:00
1780678800000,61368.7,61459.3,60612.4,60746.9,222.33264705,2026-06-05 17:00:00+00:00
1780682400000,60747.0,60910.0,59107.5,59344.3,633.70669604,2026-06-05 18:00:00+00:00
1780686000000,59356.4,60426.0,59070.6,60287.6,554.38817121,2026-06-05 19:00:00+00:00
1780689600000,60260.4,61741.1,59922.8,61608.7,605.87873705,2026-06-05 20:00:00+00:00
1780693200000,61604.4,61957.6,61424.6,61662.2,353.28702871,2026-06-05 21:00:00+00:00
1780696800000,61657.1,61940.6,61117.8,61566.8,222.698784,2026-06-05 22:00:00+00:00
1780700400000,61573.4,61738.5,60508.1,61037.9,149.86255556,2026-06-05 23:00:00+00:00
1780704000000,61038.3,61496.2,61038.2,61248.4,95.68357662,2026-06-06 00:00:00+00:00
1780707600000,61248.4,61355.0,60929.6,61030.0,124.48424291,2026-06-06 01:00:00+00:00
1780711200000,61031.1,61150.0,60654.6,60942.1,38.37332952,2026-06-06 02:00:00+00:00
1780714800000,60927.1,60927.4,60522.7,60671.7,94.0533403,2026-06-06 03:00:00+00:00
1780718400000,60671.7,60851.0,59493.5,60080.3,279.75226601,2026-06-06 04:00:00+00:00
1780722000000,60080.3,61010.4,59614.4,60911.8,158.00121637,2026-06-06 05:00:00+00:00
1780725600000,60911.8,61226.4,60671.9,60743.1,72.57426909,2026-06-06 06:00:00+00:00
1780729200000,60743.1,61199.0,60709.3,60974.0,155.80354002,2026-06-06 07:00:00+00:00
1780732800000,60974.2,61462.5,60853.3,61223.5,32.72197352,2026-06-06 08:00:00+00:00
1780736400000,61237.2,61299.0,60872.9,60944.8,47.68807756,2026-06-06 09:00:00+00:00
1780740000000,60951.3,60951.3,60196.7,60579.8,101.02385916,2026-06-06 10:00:00+00:00
1780743600000,60579.7,60923.3,60518.0,60761.9,37.54839716,2026-06-06 11:00:00+00:00
1780747200000,60761.9,61154.1,60624.4,60988.9,39.27516576,2026-06-06 12:00:00+00:00
1780750800000,60995.3,61075.2,60682.6,60775.9,24.79155687,2026-06-06 13:00:00+00:00
1780754400000,60784.0,60985.7,60747.8,60769.1,47.39616438,2026-06-06 14:00:00+00:00
1780758000000,60768.3,60879.5,60384.9,60746.3,78.85620847,2026-06-06 15:00:00+00:00
1780761600000,60746.3,60920.6,60466.8,60758.3,32.72637453,2026-06-06 16:00:00+00:00
1780765200000,60759.5,60814.5,60495.0,60558.3,38.74949668,2026-06-06 17:00:00+00:00
1780768800000,60558.3,60716.8,60377.5,60606.1,28.61115964,2026-06-06 18:00:00+00:00
1780772400000,60609.3,60748.1,60485.1,60575.3,168.09094434,2026-06-06 19:00:00+00:00
1780776000000,60574.1,60719.7,60500.0,60682.6,56.56230748,2026-06-06 20:00:00+00:00
1780779600000,60681.1,60959.9,60680.7,60725.2,32.64720505,2026-06-06 21:00:00+00:00
1780783200000,60725.2,60786.6,60413.1,60529.6,35.93510445,2026-06-06 22:00:00+00:00
1780786800000,60525.1,60894.1,60515.4,60855.7,20.52226949,2026-06-06 23:00:00+00:00
1780790400000,60858.0,60937.9,60714.4,60757.4,17.69007251,2026-06-07 00:00:00+00:00
1780794000000,60757.4,61603.5,60734.9,61455.8,174.11310308,2026-06-07 01:00:00+00:00
1780797600000,61455.8,61538.7,61172.4,61488.3,43.33725264,2026-06-07 02:00:00+00:00
1780801200000,61488.3,61725.4,61396.5,61678.4,79.07027835,2026-06-07 03:00:00+00:00
1780804800000,61678.4,61868.3,61469.1,61863.1,39.04200076,2026-06-07 04:00:00+00:00
1780808400000,61863.1,62301.1,61629.7,61734.8,147.00001903,2026-06-07 05:00:00+00:00
1780812000000,61731.5,62248.7,61607.0,62082.8,89.25746539,2026-06-07 06:00:00+00:00
1780815600000,62079.6,62395.6,61991.4,62381.1,90.82949157,2026-06-07 07:00:00+00:00
1780819200000,62384.0,62914.4,62246.4,62829.5,144.51688001,2026-06-07 08:00:00+00:00
1780822800000,62829.5,62875.3,62388.1,62510.3,60.79377396,2026-06-07 09:00:00+00:00
1780826400000,62514.9,62545.0,62298.4,62361.8,56.12214474,2026-06-07 10:00:00+00:00
1780830000000,62359.0,62725.9,62345.3,62615.0,59.79877453,2026-06-07 11:00:00+00:00
1780833600000,62615.1,62621.0,61576.0,61870.6,198.44352439,2026-06-07 12:00:00+00:00
1780837200000,61887.0,61887.0,61634.3,61700.1,37.1719334,2026-06-07 13:00:00+00:00
1780840800000,61700.1,62278.5,61686.2,61891.1,113.24341177,2026-06-07 14:00:00+00:00
1780844400000,61883.6,62178.9,61666.2,62067.1,126.42016822,2026-06-07 15:00:00+00:00
1780848000000,62067.2,62287.1,61926.9,62050.2,70.50551929,2026-06-07 16:00:00+00:00
1780851600000,62060.9,62292.2,62027.1,62134.1,39.12243551,2026-06-07 17:00:00+00:00
1780855200000,62135.9,62274.3,62000.0,62008.1,77.89172768,2026-06-07 18:00:00+00:00
1780858800000,62009.0,62009.0,61135.7,61305.5,215.67421135,2026-06-07 19:00:00+00:00
1780862400000,61305.5,61925.7,61200.2,61867.4,62.66600392,2026-06-07 20:00:00+00:00
1780866000000,61845.7,61966.5,61621.4,61746.6,33.57585979,2026-06-07 21:00:00+00:00
1780869600000,61749.5,64613.0,61698.2,62845.3,706.01536226,2026-06-07 22:00:00+00:00
1780873200000,62839.7,63400.0,62786.3,63307.6,99.27221459,2026-06-07 23:00:00+00:00
1780876800000,63305.6,63821.5,63133.6,63615.3,115.15685137,2026-06-08 00:00:00+00:00
1780880400000,63615.3,63615.3,62687.0,63166.3,70.55506409,2026-06-08 01:00:00+00:00
1780884000000,63179.5,63229.6,62900.0,63104.5,27.49769831,2026-06-08 02:00:00+00:00
1780887600000,63104.6,63429.8,62961.0,63078.2,13.26390299,2026-06-08 03:00:00+00:00
1780891200000,63078.2,63144.7,62635.7,62674.9,34.05854183,2026-06-08 04:00:00+00:00
1780894800000,62662.3,62788.0,62388.2,62712.6,28.12543809,2026-06-08 05:00:00+00:00
1780898400000,62715.3,63100.7,62701.4,62961.7,25.76413497,2026-06-08 06:00:00+00:00
1780902000000,62961.7,63304.6,62787.6,63230.4,33.76935873,2026-06-08 07:00:00+00:00
1780905600000,63230.5,63230.5,62946.6,63094.7,168.46573533,2026-06-08 08:00:00+00:00
1780909200000,63095.2,63546.2,63079.9,63451.5,33.16425835,2026-06-08 09:00:00+00:00
1780912800000,63451.6,63483.1,63065.1,63099.9,47.66501892,2026-06-08 10:00:00+00:00
1780916400000,63100.0,63811.3,63020.1,63438.0,82.8509056,2026-06-08 11:00:00+00:00
1780920000000,63444.8,63880.0,62690.5,63788.3,115.06556312,2026-06-08 12:00:00+00:00
1780923600000,63793.7,63899.9,63329.4,63711.8,119.97247021,2026-06-08 13:00:00+00:00
1780927200000,63719.7,64057.0,63545.5,63926.5,153.35826429,2026-06-08 14:00:00+00:00
1780930800000,63947.1,64189.0,63689.1,63745.4,258.67154535,2026-06-08 15:00:00+00:00
1780934400000,63751.7,64025.3,63442.6,63504.1,63.47916959,2026-06-08 16:00:00+00:00
1780938000000,63500.2,63612.1,63261.0,63517.6,49.14980209,2026-06-08 17:00:00+00:00
1780941600000,63517.6,63666.1,63317.4,63445.7,106.18828547,2026-06-08 18:00:00+00:00
1780945200000,63445.9,63561.6,63344.8,63344.8,47.62503823,2026-06-08 19:00:00+00:00
1780948800000,63351.1,63468.1,63154.6,63467.0,74.11636139,2026-06-08 20:00:00+00:00
1780952400000,63469.7,63826.8,63459.5,63718.8,47.04356969,2026-06-08 21:00:00+00:00
1780956000000,63718.9,63718.9,63201.9,63433.7,26.71642539,2026-06-08 22:00:00+00:00
1780959600000,63428.5,63577.8,62974.9,63076.4,96.11955423,2026-06-08 23:00:00+00:00
1780963200000,63068.5,63148.6,62383.9,62546.4,117.88196201,2026-06-09 00:00:00+00:00
1780966800000,62542.8,62863.8,62528.1,62760.2,186.51080057,2026-06-09 01:00:00+00:00
1780970400000,62755.9,62852.3,62530.7,62843.6,29.5200816,2026-06-09 02:00:00+00:00
1780974000000,62843.6,62944.6,62684.9,62851.4,19.38536859,2026-06-09 03:00:00+00:00
1780977600000,62851.4,63384.2,62717.5,63203.8,54.44961138,2026-06-09 04:00:00+00:00
1780981200000,63203.6,63467.9,63099.5,63317.5,20.33119902,2026-06-09 05:00:00+00:00
1780984800000,63317.6,63453.1,63190.1,63257.7,24.01033675,2026-06-09 06:00:00+00:00
1780988400000,63257.7,63405.5,62969.5,63158.5,47.91668237,2026-06-09 07:00:00+00:00
1780992000000,63158.5,63167.5,62737.1,62817.5,40.71025916,2026-06-09 08:00:00+00:00
1780995600000,62817.5,62911.0,62575.6,62677.5,24.63701884,2026-06-09 09:00:00+00:00
1780999200000,62681.2,62784.7,62581.2,62762.2,35.7048792,2026-06-09 10:00:00+00:00
1781002800000,62762.2,62775.6,62464.8,62680.2,75.51267703,2026-06-09 11:00:00+00:00
1781006400000,62674.9,62870.4,62410.6,62619.4,57.00513881,2026-06-09 12:00:00+00:00
1781010000000,62608.9,62692.6,62132.1,62240.1,245.54071583,2026-06-09 13:00:00+00:00
1781013600000,62239.7,62361.9,61120.0,61493.8,650.57662424,2026-06-09 14:00:00+00:00
1781017200000,61494.5,61655.2,61000.0,61087.9,381.48073491,2026-06-09 15:00:00+00:00
1781020800000,61087.9,61421.9,60740.9,61346.5,509.74906822,2026-06-09 16:00:00+00:00
1781024400000,61355.5,61830.7,61344.7,61643.5,169.20047941,2026-06-09 17:00:00+00:00
1781028000000,61651.2,61916.6,61554.2,61742.3,99.2769783,2026-06-09 18:00:00+00:00
1781031600000,61738.3,62050.0,61674.1,62050.0,138.40581525,2026-06-09 19:00:00+00:00
1781035200000,62050.0,62208.7,61912.4,62118.5,116.09112955,2026-06-09 20:00:00+00:00
1781038800000,62118.1,62146.1,61646.5,61718.8,118.97227929,2026-06-09 21:00:00+00:00
1781042400000,61715.2,61919.5,61623.3,61681.6,81.39055032,2026-06-09 22:00:00+00:00
1781046000000,61681.7,61827.8,61529.9,61690.4,50.31374651,2026-06-09 23:00:00+00:00
1781049600000,61688.1,61873.7,61420.0,61873.6,83.60487952,2026-06-10 00:00:00+00:00
1781053200000,61873.7,61918.3,61562.7,61670.6,27.19255001,2026-06-10 01:00:00+00:00
1781056800000,61670.6,61797.2,61204.7,61265.9,155.92669498,2026-06-10 02:00:00+00:00
1781060400000,61266.0,61542.9,61248.3,61500.0,60.12265109,2026-06-10 03:00:00+00:00
1781064000000,61500.0,61500.0,61165.1,61256.5,34.59063217,2026-06-10 04:00:00+00:00
1781067600000,61256.5,61354.2,61037.7,61300.2,44.83673712,2026-06-10 05:00:00+00:00
1781071200000,61312.4,61466.7,61113.5,61426.7,82.93495537,2026-06-10 06:00:00+00:00
1781074800000,61428.9,61759.9,61407.7,61640.0,75.5425211,2026-06-10 07:00:00+00:00
1781078400000,61640.0,61676.0,61128.5,61214.6,49.15799139,2026-06-10 08:00:00+00:00
1781082000000,61204.5,61363.6,60746.8,61280.8,142.36463277,2026-06-10 09:00:00+00:00
1781085600000,61280.7,61393.0,61120.7,61344.3,63.32545602,2026-06-10 10:00:00+00:00
1781089200000,61344.3,61401.7,60836.0,60981.8,64.77481371,2026-06-10 11:00:00+00:00
1781092800000,60990.8,61871.7,60909.1,61540.2,219.42142073,2026-06-10 12:00:00+00:00
1781096400000,61526.2,62395.6,61390.9,62077.0,384.672522,2026-06-10 13:00:00+00:00
1781100000000,62094.0,62197.7,61769.0,62131.3,90.62757018,2026-06-10 14:00:00+00:00
1781103600000,62141.6,62800.0,61813.0,62589.2,252.9461054,2026-06-10 15:00:00+00:00
1781107200000,62589.2,62600.2,61879.1,62162.1,229.91223137,2026-06-10 16:00:00+00:00
1781110800000,62162.2,62305.1,61597.9,61903.5,220.18719061,2026-06-10 17:00:00+00:00
1781114400000,61920.1,62095.1,61555.0,61855.4,152.13801254,2026-06-10 18:00:00+00:00
1781118000000,61809.7,62013.4,61613.4,61894.8,76.27053286,2026-06-10 19:00:00+00:00
1781121600000,61881.0,61884.9,61636.6,61724.9,63.68012099,2026-06-10 20:00:00+00:00
1781125200000,61725.0,61725.0,61131.3,61291.3,183.9945022,2026-06-10 21:00:00+00:00
1781128800000,61291.4,61525.3,61042.6,61328.4,65.01317581,2026-06-10 22:00:00+00:00
1781132400000,61326.7,61550.4,61121.0,61464.4,40.17559852,2026-06-10 23:00:00+00:00
1781136000000,61459.1,61922.2,61459.0,61758.4,40.44724751,2026-06-11 00:00:00+00:00
1781139600000,61758.4,62307.6,61758.3,62153.6,49.37262419,2026-06-11 01:00:00+00:00
1781143200000,62153.6,62234.8,61888.0,62074.3,64.33129456,2026-06-11 02:00:00+00:00
1781146800000,62073.7,62719.2,61955.0,62610.9,101.48720785,2026-06-11 03:00:00+00:00
1781150400000,62601.3,62797.7,62471.2,62643.9,180.16465942,2026-06-11 04:00:00+00:00
1781154000000,62643.9,62651.2,62497.5,62534.0,30.45758497,2026-06-11 05:00:00+00:00
1781157600000,62534.1,62918.5,62473.3,62702.0,38.97962004,2026-06-11 06:00:00+00:00
1781161200000,62702.0,62765.3,62538.6,62646.0,32.34453153,2026-06-11 07:00:00+00:00
1781164800000,62639.6,62958.0,62639.5,62866.1,30.08525316,2026-06-11 08:00:00+00:00
1781168400000,62866.2,62906.9,62699.3,62860.0,69.02309751,2026-06-11 09:00:00+00:00
1781172000000,62842.4,63122.1,62734.9,63088.7,101.25845124,2026-06-11 10:00:00+00:00
1781175600000,63088.7,63205.4,62988.3,63047.7,29.14502422,2026-06-11 11:00:00+00:00
1781179200000,63047.7,63121.8,62459.4,62948.0,84.9164737,2026-06-11 12:00:00+00:00
1781182800000,62948.0,63171.5,62619.0,63006.9,73.76580059,2026-06-11 13:00:00+00:00
1781186400000,63006.9,63017.1,62665.7,62668.9,67.08879462,2026-06-11 14:00:00+00:00
1781190000000,62669.0,62802.8,62453.5,62669.6,65.32360432,2026-06-11 15:00:00+00:00
1781193600000,62670.5,62758.3,62495.7,62515.8,45.06394494,2026-06-11 16:00:00+00:00
1781197200000,62515.9,63557.2,62268.5,63555.1,210.26066113,2026-06-11 17:00:00+00:00
1781200800000,63558.0,63695.0,63262.6,63387.0,145.95190865,2026-06-11 18:00:00+00:00
1781204400000,63389.0,63845.9,63323.5,63557.2,140.82801962,2026-06-11 19:00:00+00:00
1781208000000,63553.9,63580.0,63217.1,63334.3,36.14684558,2026-06-11 20:00:00+00:00
1781211600000,63334.4,63525.2,63334.3,63445.1,58.9890339,2026-06-11 21:00:00+00:00
1781215200000,63445.2,63600.2,63407.3,63450.0,26.19948937,2026-06-11 22:00:00+00:00
1781218800000,63443.1,63625.2,63300.2,63552.3,80.33881995,2026-06-11 23:00:00+00:00
1781222400000,63553.7,63712.1,63468.8,63574.1,70.56819282,2026-06-12 00:00:00+00:00
1781226000000,63574.1,63574.1,63242.7,63337.5,47.56578749,2026-06-12 01:00:00+00:00
1781229600000,63337.5,63681.5,63337.5,63540.0,48.64775902,2026-06-12 02:00:00+00:00
1781233200000,63540.0,63568.6,63285.5,63430.6,22.24078165,2026-06-12 03:00:00+00:00
1781236800000,63430.6,63775.1,63354.4,63618.9,29.63334209,2026-06-12 04:00:00+00:00
1781240400000,63619.0,63640.1,63239.8,63266.4,23.47529123,2026-06-12 05:00:00+00:00
1781244000000,63271.0,63329.1,62765.3,62913.2,56.00236035,2026-06-12 06:00:00+00:00
1781247600000,62900.2,63147.2,62879.7,63013.3,25.26105161,2026-06-12 07:00:00+00:00
1781251200000,63013.3,63527.6,63013.2,63400.8,51.17633842,2026-06-12 08:00:00+00:00
1781254800000,63400.8,63865.1,63359.6,63679.0,33.77589986,2026-06-12 09:00:00+00:00
1781258400000,63679.0,63770.7,63530.0,63640.1,37.35241162,2026-06-12 10:00:00+00:00
1781262000000,63640.2,63802.8,63624.0,63705.0,25.12581801,2026-06-12 11:00:00+00:00
1781265600000,63705.0,63705.0,63323.4,63406.6,54.7982311,2026-06-12 12:00:00+00:00
1781269200000,63406.7,63451.1,62997.5,63141.8,63.58226759,2026-06-12 13:00:00+00:00
1781272800000,63141.8,63934.9,63114.6,63934.9,78.76306644,2026-06-12 14:00:00+00:00
1781276400000,63934.9,64333.0,63508.2,63551.7,300.43723503,2026-06-12 15:00:00+00:00
1781280000000,63554.2,63951.5,63493.5,63943.4,144.50946109,2026-06-12 16:00:00+00:00
1781283600000,63941.7,64069.8,63706.0,63816.9,47.26032743,2026-06-12 17:00:00+00:00
1781287200000,63816.9,63890.1,63641.3,63651.4,56.48062875,2026-06-12 18:00:00+00:00
1781290800000,63652.7,63783.3,63567.0,63567.1,31.83699196,2026-06-12 19:00:00+00:00
1781294400000,63567.1,63664.2,63372.2,63423.1,124.5707122,2026-06-12 20:00:00+00:00
1781298000000,63423.0,63596.1,63390.7,63438.5,112.52479141,2026-06-12 21:00:00+00:00
1781301600000,63438.2,63614.7,63433.5,63462.1,49.13252298,2026-06-12 22:00:00+00:00
1781305200000,63462.1,63543.6,63385.4,63543.2,42.67332681,2026-06-12 23:00:00+00:00
1781308800000,63543.3,63597.4,63488.0,63573.8,14.19189773,2026-06-13 00:00:00+00:00
1781312400000,63573.8,63793.2,63573.7,63783.1,16.7523937,2026-06-13 01:00:00+00:00
1781316000000,63783.0,63793.2,63525.7,63624.4,15.60008096,2026-06-13 02:00:00+00:00
1781319600000,63622.0,63672.6,63418.5,63494.3,11.36617562,2026-06-13 03:00:00+00:00
1781323200000,63494.3,63604.5,63450.1,63487.0,9.41502522,2026-06-13 04:00:00+00:00
1781326800000,63487.1,63551.6,63474.3,63527.8,19.29921989,2026-06-13 05:00:00+00:00
1781330400000,63534.7,63687.4,63527.8,63687.4,6.73477954,2026-06-13 06:00:00+00:00
1781334000000,63687.4,63826.8,63642.7,63783.9,16.22905272,2026-06-13 07:00:00+00:00
1781337600000,63795.2,63865.1,63736.1,63774.0,12.40231448,2026-06-13 08:00:00+00:00
1781341200000,63774.0,63817.3,63712.8,63712.8,5.7444144,2026-06-13 09:00:00+00:00
1781344800000,63712.9,63865.2,63703.3,63791.0,9.44839446,2026-06-13 10:00:00+00:00
1781348400000,63791.1,63922.3,63791.0,63920.7,12.00676501,2026-06-13 11:00:00+00:00
1781352000000,63920.7,64164.7,63877.4,64100.0,23.91681932,2026-06-13 12:00:00+00:00
1781355600000,64100.1,64211.3,64019.2,64068.9,38.78211905,2026-06-13 13:00:00+00:00
1781359200000,64069.0,64192.8,64046.4,64188.1,68.52448458,2026-06-13 14:00:00+00:00
1781362800000,64188.1,64294.0,64139.3,64253.4,58.53697109,2026-06-13 15:00:00+00:00
1781366400000,64258.3,64263.4,63893.2,63988.5,108.99693743,2026-06-13 16:00:00+00:00
1781370000000,63988.5,64087.9,63915.0,63944.3,40.97228759,2026-06-13 17:00:00+00:00
1781373600000,63944.4,64247.8,63944.3,64129.6,34.31804286,2026-06-13 18:00:00+00:00
1781377200000,64129.6,64294.0,64120.4,64281.7,84.13741292,2026-06-13 19:00:00+00:00
1781380800000,64281.8,64281.8,64206.4,64253.2,29.97026742,2026-06-13 20:00:00+00:00
1781384400000,64257.2,64750.0,64200.7,64442.9,79.27035847,2026-06-13 21:00:00+00:00
1781388000000,64442.9,64531.8,64360.3,64437.2,25.49900791,2026-06-13 22:00:00+00:00
1781391600000,64437.2,64562.6,64366.2,64404.0,40.19924199,2026-06-13 23:00:00+00:00
1781395200000,64415.6,64544.7,64367.1,64535.2,69.12970427,2026-06-14 00:00:00+00:00
1781398800000,64534.6,64670.1,64500.0,64560.9,19.56920432,2026-06-14 01:00:00+00:00
1781402400000,64559.5,64606.8,64452.1,64473.9,9.96787083,2026-06-14 02:00:00+00:00
1781406000000,64474.0,64512.8,64442.7,64512.8,12.98110822,2026-06-14 03:00:00+00:00
1781409600000,64512.8,64519.1,64320.1,64320.2,21.40590589,2026-06-14 04:00:00+00:00
1781413200000,64320.2,64382.3,64280.3,64331.7,16.59356425,2026-06-14 05:00:00+00:00
1781416800000,64331.7,64445.1,64234.0,64257.5,30.1046267,2026-06-14 06:00:00+00:00
1781420400000,64257.5,64411.8,64205.2,64409.8,14.26506383,2026-06-14 07:00:00+00:00
1781424000000,64409.8,64470.1,64365.9,64430.3,12.010108,2026-06-14 08:00:00+00:00
1781427600000,64430.4,64570.1,64300.0,64570.0,16.1993329,2026-06-14 09:00:00+00:00
1781431200000,64570.1,64620.0,64470.2,64500.1,9.16269318,2026-06-14 10:00:00+00:00
1781434800000,64500.1,64600.4,64420.1,64521.5,15.83227581,2026-06-14 11:00:00+00:00
1781438400000,64521.5,64528.8,64270.1,64282.9,18.395013,2026-06-14 12:00:00+00:00
1781442000000,64283.0,64358.8,64218.6,64272.8,39.75505624,2026-06-14 13:00:00+00:00
1781445600000,64272.8,64302.7,63850.7,63941.5,96.60158663,2026-06-14 14:00:00+00:00
1781449200000,63942.3,64106.8,63942.2,63982.4,44.37112616,2026-06-14 15:00:00+00:00
1781452800000,63983.9,64170.7,63900.0,63915.4,53.23907326,2026-06-14 16:00:00+00:00
1781456400000,63915.4,63988.2,63665.0,63702.2,46.87983307,2026-06-14 17:00:00+00:00
1781460000000,63702.3,63782.2,63643.3,63777.3,42.56951986,2026-06-14 18:00:00+00:00
1781463600000,63777.3,63816.8,63712.0,63750.0,62.07976712,2026-06-14 19:00:00+00:00
1781467200000,63750.0,64077.7,63749.9,63975.3,31.30646882,2026-06-14 20:00:00+00:00
1781470800000,63975.3,65632.9,63975.3,65273.3,413.11427852,2026-06-14 21:00:00+00:00
1781474400000,65273.4,65483.1,64923.7,65380.6,192.33927753,2026-06-14 22:00:00+00:00
1781478000000,65380.5,65750.0,65221.9,65715.1,159.86959193,2026-06-14 23:00:00+00:00
1781481600000,65715.1,65847.0,65467.8,65580.2,96.27831586,2026-06-15 00:00:00+00:00
1781485200000,65580.2,65696.5,65321.7,65461.9,38.41075932,2026-06-15 01:00:00+00:00
1781488800000,65461.9,65715.3,65402.0,65420.2,35.13640237,2026-06-15 02:00:00+00:00
1781492400000,65420.2,65943.0,65410.2,65890.0,126.96136886,2026-06-15 03:00:00+00:00
1781496000000,65890.1,65890.1,65610.6,65610.7,103.72399041,2026-06-15 04:00:00+00:00
1781499600000,65610.7,65820.1,65600.0,65820.1,28.84197981,2026-06-15 05:00:00+00:00
1781503200000,65820.1,65924.3,65738.6,65778.1,42.84746664,2026-06-15 06:00:00+00:00
1781506800000,65778.1,65950.0,65602.1,65622.4,64.00003967,2026-06-15 07:00:00+00:00
1781510400000,65622.3,65738.6,65570.8,65625.2,89.10577747,2026-06-15 08:00:00+00:00
1781514000000,65623.8,65738.5,65463.6,65550.7,13.7004017,2026-06-15 09:00:00+00:00
1781517600000,65550.8,65904.8,65539.4,65870.8,91.45664197,2026-06-15 10:00:00+00:00
1781521200000,65874.1,66330.4,65818.9,66197.5,212.1708401,2026-06-15 11:00:00+00:00
1781524800000,66197.5,66578.1,66071.5,66535.5,149.9726467,2026-06-15 12:00:00+00:00
1781528400000,66535.6,66900.0,66366.4,66412.4,362.04340156,2026-06-15 13:00:00+00:00
1781532000000,66405.5,66627.1,66249.6,66551.2,138.08156752,2026-06-15 14:00:00+00:00
1781535600000,66551.5,67244.4,66534.9,67243.2,209.97456915,2026-06-15 15:00:00+00:00
1781539200000,67243.1,67263.5,67060.1,67145.1,137.23771128,2026-06-15 16:00:00+00:00
1781542800000,67145.1,67145.1,66660.5,66816.4,115.63653455,2026-06-15 17:00:00+00:00
1781546400000,66821.7,66894.4,66700.0,66738.8,60.74491313,2026-06-15 18:00:00+00:00
1781550000000,66738.7,66866.7,66338.6,66555.0,76.38199604,2026-06-15 19:00:00+00:00
1781553600000,66562.9,66649.3,66464.2,66477.2,151.57233537,2026-06-15 20:00:00+00:00
1781557200000,66490.5,66534.6,66300.1,66331.7,115.18216653,2026-06-15 21:00:00+00:00
1781560800000,66331.7,66431.7,66066.1,66165.0,83.23436733,2026-06-15 22:00:00+00:00
1781564400000,66165.0,66318.1,66092.7,66284.3,28.67338352,2026-06-15 23:00:00+00:00
1781568000000,66284.3,66422.4,66204.2,66215.2,98.30596529,2026-06-16 00:00:00+00:00
1781571600000,66213.4,66381.5,66209.2,66305.4,49.52638065,2026-06-16 01:00:00+00:00
1781575200000,66305.4,66332.2,65644.4,65702.5,92.70937449,2026-06-16 02:00:00+00:00
1781578800000,65702.5,66110.0,65628.5,66109.9,60.07409272,2026-06-16 03:00:00+00:00
1781582400000,66110.0,66239.6,65778.5,65818.6,36.83282886,2026-06-16 04:00:00+00:00
1781586000000,65818.6,66096.3,65818.5,66034.1,45.37136544,2026-06-16 05:00:00+00:00
1781589600000,66034.1,66508.6,66034.0,66410.5,78.14710371,2026-06-16 06:00:00+00:00
1781593200000,66410.5,66491.0,66281.8,66336.4,66.99723087,2026-06-16 07:00:00+00:00
1781596800000,66336.5,66922.4,66321.4,66844.8,67.11440653,2026-06-16 08:00:00+00:00
1781600400000,66844.8,66860.2,66440.3,66470.3,37.59950115,2026-06-16 09:00:00+00:00
1781604000000,66470.3,66716.8,66450.0,66473.5,30.38120031,2026-06-16 10:00:00+00:00
1781607600000,66473.5,66584.9,66334.5,66434.4,25.87030871,2026-06-16 11:00:00+00:00
1781611200000,66434.4,66748.4,66313.8,66379.3,57.01942174,2026-06-16 12:00:00+00:00
1781614800000,66379.3,66413.4,65876.5,66000.0,95.83749746,2026-06-16 13:00:00+00:00
1781618400000,66000.1,66207.2,65289.8,65591.7,468.19388024,2026-06-16 14:00:00+00:00
1781622000000,65591.8,65952.2,65573.0,65816.4,89.00038857,2026-06-16 15:00:00+00:00
1781625600000,65816.4,65898.7,65642.1,65700.7,80.11106092,2026-06-16 16:00:00+00:00
1781629200000,65703.1,65952.3,65654.2,65920.5,40.21060705,2026-06-16 17:00:00+00:00
1781632800000,65920.5,66753.2,65749.5,65771.8,194.30375484,2026-06-16 18:00:00+00:00
1781636400000,65771.9,65771.9,65500.1,65603.8,68.04075881,2026-06-16 19:00:00+00:00
1781640000000,65613.0,65811.7,65526.1,65790.9,34.05967014,2026-06-16 20:00:00+00:00
1781643600000,65790.9,65859.9,65589.9,65715.8,36.32518758,2026-06-16 21:00:00+00:00
1781647200000,65715.9,65823.1,65621.2,65714.7,43.62876271,2026-06-16 22:00:00+00:00
1781650800000,65714.7,65766.9,65575.4,65609.5,14.677387,2026-06-16 23:00:00+00:00
1781654400000,65609.6,65788.6,65609.5,65655.5,29.92227393,2026-06-17 00:00:00+00:00
1781658000000,65655.5,65896.9,65433.3,65885.6,40.36906738,2026-06-17 01:00:00+00:00
1781661600000,65885.6,66080.2,65738.7,65846.3,36.56943045,2026-06-17 02:00:00+00:00
1781665200000,65846.3,65846.3,65668.0,65781.5,13.09982526,2026-06-17 03:00:00+00:00
1781668800000,65781.5,65980.1,65746.8,65838.6,14.25760822,2026-06-17 04:00:00+00:00
1781672400000,65838.7,65920.2,65691.9,65782.1,9.94558399,2026-06-17 05:00:00+00:00
1781676000000,65777.2,65829.4,65511.4,65555.2,14.38577386,2026-06-17 06:00:00+00:00
1781679600000,65558.3,65632.2,65150.0,65472.2,69.58568636,2026-06-17 07:00:00+00:00
1781683200000,65472.2,65497.3,64791.4,64871.6,151.48297126,2026-06-17 08:00:00+00:00
1781686800000,64871.6,65000.0,64781.3,64844.8,53.24594308,2026-06-17 09:00:00+00:00
1781690400000,64844.8,64924.1,64721.5,64736.4,31.71997316,2026-06-17 10:00:00+00:00
1781694000000,64736.4,64818.2,64507.6,64752.0,108.8738065,2026-06-17 11:00:00+00:00
1781697600000,64752.5,65038.6,64552.0,64995.8,146.28280492,2026-06-17 12:00:00+00:00
1781701200000,64995.8,65306.5,64787.0,65232.1,121.44797367,2026-06-17 13:00:00+00:00
1781704800000,65232.2,65388.6,64733.4,65064.8,95.36498817,2026-06-17 14:00:00+00:00
1781708400000,65056.9,65800.0,64938.7,65703.5,88.83269116,2026-06-17 15:00:00+00:00
1781712000000,65703.5,66370.9,65664.7,65814.2,152.01250018,2026-06-17 16:00:00+00:00
1781715600000,65814.3,66134.6,65747.5,66039.8,159.2462659,2026-06-17 17:00:00+00:00
1781719200000,66051.9,66053.7,64787.0,65480.7,481.28070137,2026-06-17 18:00:00+00:00
1781722800000,65468.6,65621.5,64001.0,64250.0,346.00857002,2026-06-17 19:00:00+00:00
1781726400000,64250.0,64434.1,64141.2,64381.2,119.87332704,2026-06-17 20:00:00+00:00
1781730000000,64381.4,64401.8,64088.5,64193.5,66.49106838,2026-06-17 21:00:00+00:00
1781733600000,64193.5,64365.2,63866.5,64243.4,75.49332232,2026-06-17 22:00:00+00:00
1781737200000,64243.4,64477.5,64198.6,64454.8,59.24580943,2026-06-17 23:00:00+00:00
1781740800000,64452.0,64636.1,64405.5,64412.7,42.07355532,2026-06-18 00:00:00+00:00
1781744400000,64412.7,64740.9,64412.6,64496.8,78.82778854,2026-06-18 01:00:00+00:00
1781748000000,64496.7,64707.0,64434.6,64634.6,40.56714842,2026-06-18 02:00:00+00:00
1781751600000,64631.4,64631.4,64198.5,64203.8,43.38673377,2026-06-18 03:00:00+00:00
1781755200000,64203.9,64266.0,63762.3,63832.7,69.75355853,2026-06-18 04:00:00+00:00
1781758800000,63815.7,63940.9,63643.4,63923.8,46.60230243,2026-06-18 05:00:00+00:00
1781762400000,63923.8,64049.3,63778.7,64019.6,27.43638604,2026-06-18 06:00:00+00:00
1781766000000,64019.7,64434.8,63957.2,64434.8,28.39424022,2026-06-18 07:00:00+00:00
1781769600000,64434.8,64563.9,64318.1,64326.4,46.75899233,2026-06-18 08:00:00+00:00
1781773200000,64326.4,64423.9,64157.0,64157.0,25.58896799,2026-06-18 09:00:00+00:00
1781776800000,64157.1,64159.8,63872.8,64025.1,53.75995223,2026-06-18 10:00:00+00:00
1781780400000,64018.9,64140.9,63819.3,63910.1,36.38528863,2026-06-18 11:00:00+00:00
1781784000000,63910.1,64318.9,63870.6,64307.1,47.2525151,2026-06-18 12:00:00+00:00
1781787600000,64308.0,64365.2,63732.5,63906.5,107.09811298,2026-06-18 13:00:00+00:00
1781791200000,63907.6,64115.7,63500.2,63753.3,128.29861,2026-06-18 14:00:00+00:00
1781794800000,63741.2,63741.2,62228.8,62297.9,449.91931258,2026-06-18 15:00:00+00:00
1781798400000,62296.5,62725.7,62274.8,62610.5,163.49862046,2026-06-18 16:00:00+00:00
1781802000000,62616.8,62676.5,62187.0,62534.0,216.63865424,2026-06-18 17:00:00+00:00
1781805600000,62534.0,62882.5,62506.4,62627.7,128.52306637,2026-06-18 18:00:00+00:00
1781809200000,62626.8,62931.7,62554.0,62866.4,74.72311331,2026-06-18 19:00:00+00:00
1781812800000,62876.0,63190.9,62876.0,63016.3,87.79885984,2026-06-18 20:00:00+00:00
1781816400000,63016.0,63055.2,62798.6,62904.7,55.32265533,2026-06-18 21:00:00+00:00
1781820000000,62904.7,62917.7,62688.3,62813.7,81.07785882,2026-06-18 22:00:00+00:00
1781823600000,62813.7,62917.7,62694.6,62885.6,67.79803346,2026-06-18 23:00:00+00:00
1781827200000,62885.7,63016.6,62785.0,62946.9,33.06886671,2026-06-19 00:00:00+00:00
1781830800000,62946.9,63033.4,62796.0,62952.3,22.4003274,2026-06-19 01:00:00+00:00
1781834400000,62956.5,63040.5,62840.9,62944.2,25.97795,2026-06-19 02:00:00+00:00
1781838000000,62944.2,62963.4,62335.7,62695.3,187.41952151,2026-06-19 03:00:00+00:00
1781841600000,62695.3,62840.9,62349.9,62387.0,89.47593457,2026-06-19 04:00:00+00:00
1781845200000,62386.6,62674.2,62386.5,62667.0,13.94091696,2026-06-19 05:00:00+00:00
1781848800000,62667.0,62846.5,62666.9,62830.7,24.88494158,2026-06-19 06:00:00+00:00
1781852400000,62830.8,62846.5,62448.0,62555.2,12.97802197,2026-06-19 07:00:00+00:00
1781856000000,62555.2,62699.9,62500.1,62528.4,17.21153736,2026-06-19 08:00:00+00:00
1781859600000,62534.2,62591.4,62268.5,62333.8,35.57350917,2026-06-19 09:00:00+00:00
1781863200000,62333.8,62530.6,62322.0,62471.5,23.91892521,2026-06-19 10:00:00+00:00
1781866800000,62471.5,62626.9,62401.3,62574.0,151.10870006,2026-06-19 11:00:00+00:00
1781870400000,62574.0,62790.9,62236.1,62771.2,256.07982906,2026-06-19 12:00:00+00:00
1781874000000,62771.2,63344.5,62618.5,63148.2,155.878341,2026-06-19 13:00:00+00:00
1781877600000,63152.9,63345.6,62958.1,63150.0,103.97105263,2026-06-19 14:00:00+00:00
1781881200000,63150.1,63220.3,62970.0,63151.9,125.16463557,2026-06-19 15:00:00+00:00
1781884800000,63155.0,63327.5,62884.2,62915.4,69.17086687,2026-06-19 16:00:00+00:00
1781888400000,62915.4,63166.1,62823.4,63155.0,60.97519789,2026-06-19 17:00:00+00:00
1781892000000,63155.1,63155.1,62940.9,63061.6,44.15014437,2026-06-19 18:00:00+00:00
1781895600000,63061.6,63065.8,62890.9,62973.4,23.18458947,2026-06-19 19:00:00+00:00
1781899200000,62973.3,63201.9,62902.2,63185.1,31.88460671,2026-06-19 20:00:00+00:00
1781902800000,63186.4,63201.9,62995.7,63013.3,13.62266977,2026-06-19 21:00:00+00:00
1781906400000,63013.4,63300.5,62991.9,63250.0,52.26027444,2026-06-19 22:00:00+00:00
1781910000000,63250.0,63590.9,63219.8,63486.4,73.48974854,2026-06-19 23:00:00+00:00
1781913600000,63486.3,63719.6,63412.0,63474.4,101.65485563,2026-06-20 00:00:00+00:00
1781917200000,63474.4,63560.0,63346.8,63512.2,22.64418897,2026-06-20 01:00:00+00:00
1781920800000,63512.1,63512.1,63290.9,63291.0,33.30781457,2026-06-20 02:00:00+00:00
1781924400000,63291.0,63453.7,63280.0,63410.9,9.40861539,2026-06-20 03:00:00+00:00
1781928000000,63410.9,63540.9,63356.2,63510.4,18.29700324,2026-06-20 04:00:00+00:00
1781931600000,63512.8,63824.3,63482.4,63622.6,89.17529573,2026-06-20 05:00:00+00:00
1781935200000,63622.6,63690.0,63587.0,63668.6,4.60071876,2026-06-20 06:00:00+00:00
1781938800000,63668.7,63729.1,63541.0,63599.4,6.43121754,2026-06-20 07:00:00+00:00
1781942400000,63599.4,63599.4,63340.9,63360.6,10.83839579,2026-06-20 08:00:00+00:00
1781946000000,63360.7,63715.8,63360.1,63673.0,20.19599859,2026-06-20 09:00:00+00:00
1781949600000,63673.4,63708.7,63540.9,63603.1,9.92841015,2026-06-20 10:00:00+00:00
1781953200000,63603.1,63727.3,63555.3,63629.6,10.29015405,2026-06-20 11:00:00+00:00
1781956800000,63629.7,63720.4,63500.0,63593.7,40.37012349,2026-06-20 12:00:00+00:00
1781960400000,63593.7,63593.7,63226.9,63348.1,40.59460026,2026-06-20 13:00:00+00:00
1781964000000,63345.1,64141.1,63141.3,63892.7,149.06405171,2026-06-20 14:00:00+00:00
1781967600000,63892.7,64336.4,63790.9,64074.1,98.02237393,2026-06-20 15:00:00+00:00
1781971200000,64075.0,64103.3,63849.8,63951.9,24.3271383,2026-06-20 16:00:00+00:00
1781974800000,63960.6,63960.6,63690.9,63781.4,29.90941545,2026-06-20 17:00:00+00:00
1781978400000,63771.6,63840.9,63714.5,63725.6,14.163893,2026-06-20 18:00:00+00:00
1781982000000,63725.6,63888.0,63725.5,63867.6,14.51048768,2026-06-20 19:00:00+00:00
1781985600000,63867.4,63888.0,63799.9,63839.6,12.2025223,2026-06-20 20:00:00+00:00
1781989200000,63839.7,64026.0,63839.6,63935.5,14.93408039,2026-06-20 21:00:00+00:00
1781992800000,63935.5,64264.9,63914.7,64205.2,36.01618178,2026-06-20 22:00:00+00:00
1781996400000,64205.2,64255.2,64177.5,64250.1,36.41492189,2026-06-20 23:00:00+00:00
1782000000000,64250.1,64250.1,64161.5,64216.9,43.63601237,2026-06-21 00:00:00+00:00
1782003600000,64216.9,64240.0,64132.1,64188.3,6.2130181,2026-06-21 01:00:00+00:00
1782007200000,64187.2,64193.5,64139.8,64185.9,4.80097813,2026-06-21 02:00:00+00:00
1782010800000,64185.9,64400.0,64162.7,64356.7,27.25271442,2026-06-21 03:00:00+00:00
1782014400000,64356.7,64493.6,64198.0,64199.9,22.9767349,2026-06-21 04:00:00+00:00
1782018000000,64200.0,64280.5,64156.4,64172.7,10.78122002,2026-06-21 05:00:00+00:00
1782021600000,64172.7,64240.9,64118.3,64214.9,7.89474906,2026-06-21 06:00:00+00:00
1782025200000,64214.9,64214.9,64103.1,64120.3,11.59927996,2026-06-21 07:00:00+00:00
1782028800000,64120.3,64136.9,63840.9,63924.5,78.01679409,2026-06-21 08:00:00+00:00
1782032400000,63924.5,64140.9,63886.3,64136.6,18.58505424,2026-06-21 09:00:00+00:00
1782036000000,64131.1,64329.0,64130.0,64280.6,26.8548095,2026-06-21 10:00:00+00:00
1782039600000,64280.7,64376.0,64047.9,64070.3,30.71886168,2026-06-21 11:00:00+00:00
1782043200000,64086.5,64157.7,63900.0,64117.5,11.37966358,2026-06-21 12:00:00+00:00
1782046800000,64117.4,64117.4,63954.7,64063.2,13.26745125,2026-06-21 13:00:00+00:00
1782050400000,64063.2,64064.9,63940.9,64050.7,17.90542707,2026-06-21 14:00:00+00:00
1782054000000,64050.7,64261.2,64030.0,64150.1,28.97951811,2026-06-21 15:00:00+00:00
1782057600000,64150.0,64172.3,63969.2,64059.0,10.26979138,2026-06-21 16:00:00+00:00
1782061200000,64059.0,64140.7,63952.2,64061.2,162.35213999,2026-06-21 17:00:00+00:00
1782064800000,64059.4,64140.9,63880.5,64114.3,61.30764185,2026-06-21 18:00:00+00:00
1782068400000,64114.9,64207.7,64100.0,64136.6,36.9629383,2026-06-21 19:00:00+00:00
1782072000000,64136.6,64187.4,63617.1,63758.1,46.43133292,2026-06-21 20:00:00+00:00
1782075600000,63758.1,63872.8,63440.9,63729.4,55.09664834,2026-06-21 21:00:00+00:00
1782079200000,63729.7,63868.1,63506.6,63725.1,183.27072701,2026-06-21 22:00:00+00:00
1782082800000,63725.1,63725.1,63214.0,63234.0,170.38627157,2026-06-21 23:00:00+00:00
1782086400000,63234.0,64000.0,63234.0,63822.6,40.41579964,2026-06-22 00:00:00+00:00
1782090000000,63822.6,64704.1,63785.3,64540.0,335.9737833,2026-06-22 01:00:00+00:00
1782093600000,64535.1,64574.7,64173.4,64173.4,44.93227374,2026-06-22 02:00:00+00:00
1782097200000,64182.1,64357.4,63840.9,63895.2,41.35240981,2026-06-22 03:00:00+00:00
1782100800000,63895.2,64022.0,63796.2,64022.0,13.05527985,2026-06-22 04:00:00+00:00
1782104400000,64022.0,64240.9,64009.4,64158.4,40.24972437,2026-06-22 05:00:00+00:00
1782108000000,64158.4,64238.2,63890.9,63922.6,11.50055599,2026-06-22 06:00:00+00:00
1782111600000,63922.7,64290.9,63891.0,64120.0,19.86323985,2026-06-22 07:00:00+00:00
1782115200000,64120.0,64268.7,63981.9,64089.8,13.66090399,2026-06-22 08:00:00+00:00
1782118800000,64089.8,64184.2,63990.9,64064.1,27.82789379,2026-06-22 09:00:00+00:00
1782122400000,64066.1,64191.4,64025.4,64049.9,20.90391502,2026-06-22 10:00:00+00:00
1782126000000,64050.0,64698.2,64034.8,64590.8,118.02287588,2026-06-22 11:00:00+00:00
1782129600000,64590.9,65294.9,64527.5,65100.1,344.09183948,2026-06-22 12:00:00+00:00
1782133200000,65100.1,65517.5,64872.6,65502.0,136.04267315,2026-06-22 13:00:00+00:00
1782136800000,65503.6,65542.1,64776.0,64909.5,109.8835436,2026-06-22 14:00:00+00:00
1782140400000,64909.5,65062.6,64695.3,64762.4,102.3032942,2026-06-22 15:00:00+00:00
1782144000000,64768.0,64784.4,64441.8,64658.6,118.50942471,2026-06-22 16:00:00+00:00
1782147600000,64658.6,64714.9,64326.6,64539.9,110.20654869,2026-06-22 17:00:00+00:00
1782151200000,64542.5,64646.6,64255.0,64266.5,90.479711,2026-06-22 18:00:00+00:00
1782154800000,64266.5,64433.1,64215.0,64426.9,112.69626054,2026-06-22 19:00:00+00:00
1782158400000,64415.5,64590.9,64291.0,64364.9,68.77900337,2026-06-22 20:00:00+00:00
1782162000000,64360.1,64410.2,64085.9,64240.9,34.11042065,2026-06-22 21:00:00+00:00
1782165600000,64240.8,64318.3,63742.6,63891.8,82.49247529,2026-06-22 22:00:00+00:00
1782169200000,63897.4,63987.4,63826.9,63953.6,61.32886658,2026-06-22 23:00:00+00:00
1782172800000,63953.6,64075.4,63756.3,64075.3,81.42156089,2026-06-23 00:00:00+00:00
1782176400000,64075.3,64200.0,63842.8,64090.8,24.4511104,2026-06-23 01:00:00+00:00
1782180000000,64090.9,64187.8,63978.1,64130.2,20.67922055,2026-06-23 02:00:00+00:00
1782183600000,64130.2,64130.2,63890.9,63989.0,25.48744713,2026-06-23 03:00:00+00:00
1782187200000,63989.0,64018.7,63544.3,63556.0,26.99256639,2026-06-23 04:00:00+00:00
1782190800000,63556.0,63655.6,63280.4,63312.1,110.68541098,2026-06-23 05:00:00+00:00
1782194400000,63324.0,63325.1,62510.0,62867.3,139.38732388,2026-06-23 06:00:00+00:00
1782198000000,62864.3,63005.0,62799.7,62799.7,62.29134501,2026-06-23 07:00:00+00:00
1782201600000,62799.8,62857.8,61881.1,62303.3,253.22636339,2026-06-23 08:00:00+00:00
1782205200000,62303.3,62440.3,62280.0,62301.5,164.65678241,2026-06-23 09:00:00+00:00
1782208800000,62306.7,62501.6,62170.9,62240.2,194.08706678,2026-06-23 10:00:00+00:00
1782212400000,62240.2,62551.0,62238.9,62438.1,159.22954725,2026-06-23 11:00:00+00:00
1782216000000,62438.1,62479.1,62142.1,62191.9,95.89359948,2026-06-23 12:00:00+00:00
1782219600000,62191.9,62464.2,61885.0,62403.8,139.14732224,2026-06-23 13:00:00+00:00
1782223200000,62404.0,62768.1,62356.4,62412.2,277.29626895,2026-06-23 14:00:00+00:00
1782226800000,62415.5,62437.4,62131.0,62393.7,72.69152812,2026-06-23 15:00:00+00:00
1782230400000,62396.0,62740.0,62350.6,62487.7,89.75157876,2026-06-23 16:00:00+00:00
1782234000000,62487.6,62607.0,62262.6,62278.2,114.38630262,2026-06-23 17:00:00+00:00
1782237600000,62281.9,62374.0,62037.4,62166.6,51.0662401,2026-06-23 18:00:00+00:00
1782241200000,62162.2,62390.1,62131.0,62320.2,160.2448825,2026-06-23 19:00:00+00:00
1782244800000,62320.2,62451.4,62307.7,62389.3,39.64625085,2026-06-23 20:00:00+00:00
1782248400000,62390.4,62584.5,62390.4,62524.8,51.37733362,2026-06-23 21:00:00+00:00
1782252000000,62525.5,62695.8,62452.2,62514.4,63.81855856,2026-06-23 22:00:00+00:00
1782255600000,62513.8,62700.0,62438.5,62650.3,113.2299463,2026-06-23 23:00:00+00:00
1782259200000,62650.3,62929.5,62650.2,62928.0,123.29019666,2026-06-24 00:00:00+00:00
1782262800000,62928.4,63040.0,62712.0,62856.6,29.84595616,2026-06-24 01:00:00+00:00
1782266400000,62856.5,62928.8,62545.0,62560.8,26.85397198,2026-06-24 02:00:00+00:00
1782270000000,62560.8,62734.3,62390.6,62659.1,20.1777327,2026-06-24 03:00:00+00:00
1782273600000,62659.2,62704.1,62445.8,62672.5,35.3574014,2026-06-24 04:00:00+00:00
1782277200000,62678.4,62982.3,62632.5,62807.2,16.38933025,2026-06-24 05:00:00+00:00
1782280800000,62807.3,62834.1,62650.0,62701.7,6.78084608,2026-06-24 06:00:00+00:00
1782284400000,62698.4,62757.9,62538.1,62559.6,21.58821928,2026-06-24 07:00:00+00:00
1782288000000,62559.6,62719.1,62524.8,62719.0,9.14597438,2026-06-24 08:00:00+00:00
1782291600000,62719.1,62719.1,62569.9,62617.5,12.6715048,2026-06-24 09:00:00+00:00
1782295200000,62611.0,62611.0,62336.0,62376.0,53.29310705,2026-06-24 10:00:00+00:00
1782298800000,62371.0,63138.7,62246.1,62839.0,59.99684842,2026-06-24 11:00:00+00:00
1782302400000,62830.7,63091.9,62505.3,62529.1,108.55721821,2026-06-24 12:00:00+00:00
1782306000000,62531.3,62549.4,61182.3,61241.4,697.71135046,2026-06-24 13:00:00+00:00
1782309600000,61244.0,61365.0,60809.1,61019.0,494.87212261,2026-06-24 14:00:00+00:00
1782313200000,61019.0,61050.4,60179.0,60179.1,408.75781097,2026-06-24 15:00:00+00:00
1782316800000,60179.1,60573.5,59546.6,59774.1,721.26525431,2026-06-24 16:00:00+00:00
1782320400000,59774.2,59972.7,59001.0,59329.8,444.90409911,2026-06-24 17:00:00+00:00
1782324000000,59324.9,59843.8,59248.1,59511.9,247.82893442,2026-06-24 18:00:00+00:00
1782327600000,59523.8,59898.3,59444.5,59868.8,118.72547287,2026-06-24 19:00:00+00:00
1782331200000,59881.5,61100.0,59763.2,60873.0,470.28993308,2026-06-24 20:00:00+00:00
1782334800000,60882.0,61050.8,60588.0,61013.5,123.55942028,2026-06-24 21:00:00+00:00
1782338400000,61013.6,61157.0,60720.1,60781.3,111.69398251,2026-06-24 22:00:00+00:00
1782342000000,60781.3,61005.3,60738.4,60980.8,58.83196588,2026-06-24 23:00:00+00:00
1782345600000,60984.3,61060.9,60653.5,60725.8,98.76833684,2026-06-25 00:00:00+00:00
1782349200000,60725.9,60896.2,60645.0,60831.5,52.95774303,2026-06-25 01:00:00+00:00
1782352800000,60831.4,60859.1,60589.3,60701.7,46.54623126,2026-06-25 02:00:00+00:00
1782356400000,60701.8,60799.2,60600.1,60795.1,16.23979882,2026-06-25 03:00:00+00:00
1782360000000,60795.1,61333.1,60690.8,61263.2,138.32195192,2026-06-25 04:00:00+00:00
1782363600000,61263.2,61700.0,61189.2,61518.5,241.86243617,2026-06-25 05:00:00+00:00
1782367200000,61518.5,61757.3,61509.0,61625.9,39.89814919,2026-06-25 06:00:00+00:00
1782370800000,61625.9,61858.8,61565.7,61817.5,55.65548897,2026-06-25 07:00:00+00:00
1782374400000,61818.8,61822.0,61599.9,61600.0,40.17047858,2026-06-25 08:00:00+00:00
1782378000000,61600.0,61695.7,61515.8,61651.7,30.52883565,2026-06-25 09:00:00+00:00
1782381600000,61650.1,61656.5,61176.0,61186.0,65.6872276,2026-06-25 10:00:00+00:00
1782385200000,61181.6,61328.9,60991.7,61190.8,72.36041305,2026-06-25 11:00:00+00:00
1782388800000,61190.9,61632.1,60985.5,61146.6,95.27988554,2026-06-25 12:00:00+00:00
1782392400000,61146.6,61255.5,58033.0,58218.9,816.9160834,2026-06-25 13:00:00+00:00
1782396000000,58224.5,60410.2,58224.5,59384.3,924.07387524,2026-06-25 14:00:00+00:00
1782399600000,59386.0,59581.5,58786.0,59469.4,222.23730322,2026-06-25 15:00:00+00:00
1782403200000,59470.2,59974.2,59084.9,59224.7,287.51339974,2026-06-25 16:00:00+00:00
1782406800000,59223.4,59628.7,59033.3,59589.4,266.27177025,2026-06-25 17:00:00+00:00
1782410400000,59589.4,59685.3,59279.2,59407.3,73.57866271,2026-06-25 18:00:00+00:00
1782414000000,59413.2,59428.9,59081.9,59199.1,73.89566789,2026-06-25 19:00:00+00:00
1782417600000,59238.8,59645.2,59229.4,59363.8,117.30820313,2026-06-25 20:00:00+00:00
1782421200000,59362.1,60142.1,59362.1,60119.6,132.0912267,2026-06-25 21:00:00+00:00
1782424800000,60116.9,60116.9,59653.4,59757.5,120.07432265,2026-06-25 22:00:00+00:00
1782428400000,59757.9,60091.0,59664.6,59707.1,40.69638476,2026-06-25 23:00:00+00:00
1782432000000,59721.1,59808.5,59557.2,59589.5,33.57086622,2026-06-26 00:00:00+00:00
1782435600000,59589.5,59690.5,59150.0,59328.9,135.64616583,2026-06-26 01:00:00+00:00
1782439200000,59329.4,59367.4,58280.5,58465.4,417.75115018,2026-06-26 02:00:00+00:00
1782442800000,58477.0,60043.2,58265.0,59948.4,226.81250643,2026-06-26 03:00:00+00:00
1782446400000,59950.1,60122.9,59758.1,59825.4,105.70390325,2026-06-26 04:00:00+00:00
1782450000000,59831.2,59950.0,59650.2,59862.6,72.36719786,2026-06-26 05:00:00+00:00
1782453600000,59862.7,60348.6,59628.7,60235.0,135.7664033,2026-06-26 06:00:00+00:00
1782457200000,60235.0,60666.0,60206.0,60456.8,127.05226848,2026-06-26 07:00:00+00:00
1782460800000,60456.9,60474.0,60068.6,60146.6,129.7331536,2026-06-26 08:00:00+00:00
1782464400000,60154.1,60162.0,59501.2,59645.1,45.48622314,2026-06-26 09:00:00+00:00
1782468000000,59645.1,59762.1,59163.0,59219.1,64.37702115,2026-06-26 10:00:00+00:00
1782471600000,59219.2,59482.0,59174.4,59332.1,44.37331249,2026-06-26 11:00:00+00:00
1782475200000,59332.1,59901.2,58901.0,59103.5,122.17331239,2026-06-26 12:00:00+00:00
1782478800000,59103.5,60083.7,58406.4,60083.7,351.33323206,2026-06-26 13:00:00+00:00
1782482400000,60083.7,60183.0,59303.3,59502.9,430.11952416,2026-06-26 14:00:00+00:00
1782486000000,59502.9,60417.9,59502.9,60245.5,340.86903105,2026-06-26 15:00:00+00:00
1782489600000,60241.2,60470.2,59881.7,59958.0,146.49820484,2026-06-26 16:00:00+00:00
1782493200000,59947.5,60194.5,59839.2,59933.3,45.24013507,2026-06-26 17:00:00+00:00
1782496800000,59934.5,60062.2,59493.1,59577.2,59.8551674,2026-06-26 18:00:00+00:00
1782500400000,59576.5,59994.3,59536.2,59664.8,82.42957294,2026-06-26 19:00:00+00:00
1782504000000,59664.9,59891.0,59495.4,59627.3,115.72040426,2026-06-26 20:00:00+00:00
1782507600000,59627.4,59958.6,59591.2,59830.5,52.46710847,2026-06-26 21:00:00+00:00
1782511200000,59834.9,59991.0,59670.0,59966.3,148.51695173,2026-06-26 22:00:00+00:00
1782514800000,59958.3,60023.6,59859.9,60009.2,29.71385743,2026-06-26 23:00:00+00:00
1782518400000,60013.1,60095.6,59800.1,59973.4,21.64726555,2026-06-27 00:00:00+00:00
1782522000000,59977.0,59981.6,59839.5,59859.8,18.81015248,2026-06-27 01:00:00+00:00
1782525600000,59859.8,60260.4,59845.0,60203.7,69.93039943,2026-06-27 02:00:00+00:00
1782529200000,60203.7,60318.3,60077.8,60231.1,144.64205515,2026-06-27 03:00:00+00:00
1782532800000,60227.4,60384.8,60135.3,60135.4,25.98099877,2026-06-27 04:00:00+00:00
1782536400000,60135.5,60220.0,60050.8,60156.9,12.35959173,2026-06-27 05:00:00+00:00
1782540000000,60156.9,60391.2,60025.8,60278.9,14.3471145,2026-06-27 06:00:00+00:00
1782543600000,60278.9,60471.8,60207.8,60447.6,28.2838341,2026-06-27 07:00:00+00:00
1782547200000,60447.6,60458.3,60275.6,60358.7,9.22618119,2026-06-27 08:00:00+00:00
1782550800000,60358.7,60402.6,60204.0,60331.3,14.80761926,2026-06-27 09:00:00+00:00
1782554400000,60331.3,60388.2,60277.3,60318.0,14.61890036,2026-06-27 10:00:00+00:00
1782558000000,60323.0,60356.3,60110.1,60267.7,11.58854019,2026-06-27 11:00:00+00:00
1782561600000,60267.8,60325.0,60176.9,60308.9,9.48292026,2026-06-27 12:00:00+00:00
1782565200000,60321.9,60563.0,60304.0,60504.4,91.75541605,2026-06-27 13:00:00+00:00
1782568800000,60491.0,60619.1,60402.1,60515.8,22.21219815,2026-06-27 14:00:00+00:00
1782572400000,60515.8,60856.3,60468.6,60739.9,152.10901709,2026-06-27 15:00:00+00:00
1782576000000,60740.0,60741.3,60578.6,60716.0,26.5144675,2026-06-27 16:00:00+00:00
1782579600000,60716.0,60716.0,60346.4,60436.8,46.93148277,2026-06-27 17:00:00+00:00
1782583200000,60436.9,60470.8,60357.0,60447.4,20.35729449,2026-06-27 18:00:00+00:00
1782586800000,60471.5,60513.0,60000.0,60083.4,103.23701717,2026-06-27 19:00:00+00:00
1782590400000,60083.0,60208.3,60083.0,60195.2,16.75744128,2026-06-27 20:00:00+00:00
1782594000000,60206.9,60377.5,60049.7,60106.3,31.27354437,2026-06-27 21:00:00+00:00
1782597600000,60099.4,60153.4,59763.1,60135.7,66.60021494,2026-06-27 22:00:00+00:00
1782601200000,60135.7,60211.1,59868.5,59941.5,41.99884241,2026-06-27 23:00:00+00:00
1782604800000,59941.5,60097.6,59924.1,60071.5,22.01513214,2026-06-28 00:00:00+00:00
1782608400000,60054.4,60179.9,59894.3,60119.6,17.23799296,2026-06-28 01:00:00+00:00
1782612000000,60119.7,60239.9,59971.2,60082.6,34.27189961,2026-06-28 02:00:00+00:00
1782615600000,60074.6,60189.3,60070.3,60122.6,15.08050781,2026-06-28 03:00:00+00:00
1782619200000,60122.7,60146.6,60005.0,60038.6,36.12457023,2026-06-28 04:00:00+00:00
1782622800000,60038.7,60051.0,59675.4,59891.1,43.32661437,2026-06-28 05:00:00+00:00
1782626400000,59891.2,59937.8,59728.8,59914.9,14.82042737,2026-06-28 06:00:00+00:00
1782630000000,59915.0,60160.0,59914.9,60128.6,12.86885254,2026-06-28 07:00:00+00:00
1782633600000,60132.6,60441.1,60068.5,60289.9,15.2934803,2026-06-28 08:00:00+00:00
1782637200000,60289.9,60363.3,60163.9,60185.8,8.21374636,2026-06-28 09:00:00+00:00
1782640800000,60188.7,60207.0,59999.0,60090.4,6.14451837,2026-06-28 10:00:00+00:00
1782644400000,60090.4,60287.5,60033.5,60250.7,17.33274473,2026-06-28 11:00:00+00:00
1782648000000,60250.8,60348.7,60102.8,60209.7,19.30902543,2026-06-28 12:00:00+00:00
1782651600000,60209.8,60209.8,59900.0,59993.9,32.17400518,2026-06-28 13:00:00+00:00
1782655200000,59994.0,60161.0,59928.0,59948.4,23.17750603,2026-06-28 14:00:00+00:00
1782658800000,59948.4,60031.1,59750.0,59798.5,45.39545097,2026-06-28 15:00:00+00:00
1782662400000,59798.6,59851.6,59514.4,59603.6,101.4990517,2026-06-28 16:00:00+00:00
1782666000000,59603.1,59738.5,59325.3,59498.4,72.26359639,2026-06-28 17:00:00+00:00
1782669600000,59498.4,59612.1,59420.1,59536.5,21.20022276,2026-06-28 18:00:00+00:00
1782673200000,59522.9,59583.1,59193.2,59398.4,76.9261966,2026-06-28 19:00:00+00:00
1782676800000,59398.5,59664.5,59398.4,59565.2,95.84751083,2026-06-28 20:00:00+00:00
1782680400000,59565.6,59682.9,59250.7,59330.9,73.00505364,2026-06-28 21:00:00+00:00
1782684000000,59340.0,59814.5,58832.8,58993.0,162.29569885,2026-06-28 22:00:00+00:00
1782687600000,58992.9,59763.3,58924.4,59489.5,60.14896946,2026-06-28 23:00:00+00:00
1782691200000,59488.9,59593.0,58911.4,59585.4,115.84106378,2026-06-29 00:00:00+00:00
1782694800000,59573.5,59585.8,59125.3,59356.9,58.84111937,2026-06-29 01:00:00+00:00
1782698400000,59356.8,59698.0,58818.6,59659.1,110.7198769,2026-06-29 02:00:00+00:00
1782702000000,59659.1,60107.4,59659.0,59948.1,94.80136994,2026-06-29 03:00:00+00:00
1782705600000,59950.2,59957.0,59660.5,59746.2,13.2484486,2026-06-29 04:00:00+00:00
1782709200000,59746.2,59986.3,59303.9,59986.3,32.14346263,2026-06-29 05:00:00+00:00
1782712800000,59987.6,60224.4,59958.8,59992.4,77.93449605,2026-06-29 06:00:00+00:00
1782716400000,59992.4,60081.4,59858.1,59944.6,20.26494384,2026-06-29 07:00:00+00:00
1782720000000,59944.6,59985.7,59657.5,59762.4,34.41571739,2026-06-29 08:00:00+00:00
1782723600000,59762.5,59999.9,59704.0,59970.5,34.55203345,2026-06-29 09:00:00+00:00
1782727200000,59970.5,60223.0,59970.5,59996.3,35.50586004,2026-06-29 10:00:00+00:00
1782730800000,59996.3,60126.3,59717.8,59869.2,65.16788592,2026-06-29 11:00:00+00:00
1782734400000,59873.8,60687.0,59525.0,59868.6,204.80407723,2026-06-29 12:00:00+00:00
1782738000000,59869.7,60232.8,59229.4,59452.1,166.11927734,2026-06-29 13:00:00+00:00
1782741600000,59458.7,59596.8,58918.9,59358.6,277.55623373,2026-06-29 14:00:00+00:00
1782745200000,59358.6,59848.7,59000.0,59707.5,196.90749467,2026-06-29 15:00:00+00:00
1782748800000,59707.5,59888.0,59476.1,59796.2,83.56387433,2026-06-29 16:00:00+00:00
1782752400000,59793.0,60566.4,59790.3,60321.7,283.2317624,2026-06-29 17:00:00+00:00
1782756000000,60330.6,60434.2,60110.2,60198.7,122.2652037,2026-06-29 18:00:00+00:00
1782759600000,60200.0,60464.5,60068.0,60343.0,107.21876342,2026-06-29 19:00:00+00:00
1782763200000,60344.4,60459.9,60198.6,60208.5,69.20771979,2026-06-29 20:00:00+00:00
1782766800000,60208.3,60499.2,60182.2,60399.5,55.62143698,2026-06-29 21:00:00+00:00
1782770400000,60399.5,60425.0,60258.6,60265.1,29.47806843,2026-06-29 22:00:00+00:00
1782774000000,60266.8,60292.2,60117.3,60157.3,27.85611015,2026-06-29 23:00:00+00:00
1782777600000,60169.7,60172.5,59612.1,59752.5,87.21403145,2026-06-30 00:00:00+00:00
1782781200000,59752.6,59962.7,59695.4,59854.6,58.30855638,2026-06-30 01:00:00+00:00
1782784800000,59853.5,59950.0,59663.3,59855.8,36.06862058,2026-06-30 02:00:00+00:00
1782788400000,59855.8,59926.2,59510.1,59545.1,60.80297834,2026-06-30 03:00:00+00:00
1782792000000,59521.9,59596.5,59337.8,59400.2,144.94335143,2026-06-30 04:00:00+00:00
1782795600000,59400.2,59549.9,59279.2,59549.8,95.643069,2026-06-30 05:00:00+00:00
1782799200000,59549.9,59620.9,59429.6,59500.0,15.4900078,2026-06-30 06:00:00+00:00
1782802800000,59500.1,59531.3,59365.3,59430.0,28.7938426,2026-06-30 07:00:00+00:00
1782806400000,59430.0,59450.0,59108.8,59222.9,163.82696125,2026-06-30 08:00:00+00:00
1782810000000,59222.9,59320.8,59156.3,59288.1,83.5117606,2026-06-30 09:00:00+00:00
1782813600000,59288.2,59326.1,59204.0,59271.0,65.69377135,2026-06-30 10:00:00+00:00
1782817200000,59247.1,59315.4,59027.4,59088.1,150.32153735,2026-06-30 11:00:00+00:00
1782820800000,59088.1,59094.3,58282.5,58306.4,309.57887192,2026-06-30 12:00:00+00:00
1782824400000,58310.9,58699.2,58122.1,58626.3,640.2488157,2026-06-30 13:00:00+00:00
1782828000000,58632.8,59176.5,58333.6,58377.4,374.7399198,2026-06-30 14:00:00+00:00
1782831600000,58374.7,58708.3,58100.0,58273.1,368.06602471,2026-06-30 15:00:00+00:00
1782835200000,58282.8,58544.2,58170.6,58403.8,241.57759437,2026-06-30 16:00:00+00:00
1782838800000,58404.6,58520.0,58221.3,58332.9,133.25418983,2026-06-30 17:00:00+00:00
1782842400000,58332.9,58625.3,58271.8,58585.0,70.34039978,2026-06-30 18:00:00+00:00
1782846000000,58580.5,58743.4,58500.0,58729.8,123.5197338,2026-06-30 19:00:00+00:00
1782849600000,58725.7,58789.1,58562.8,58645.8,57.03869388,2026-06-30 20:00:00+00:00
1782853200000,58645.8,58677.5,58431.8,58549.1,70.55915309,2026-06-30 21:00:00+00:00
1782856800000,58553.9,58700.0,58434.3,58520.1,93.9738498,2026-06-30 22:00:00+00:00
1782860400000,58520.1,58574.5,58470.9,58531.9,32.80335775,2026-06-30 23:00:00+00:00
1782864000000,58531.9,58653.5,58222.7,58483.6,36.26945415,2026-07-01 00:00:00+00:00
1782867600000,58483.6,58901.7,57740.0,58690.3,333.83526984,2026-07-01 01:00:00+00:00
1782871200000,58674.7,59078.0,58581.5,58991.8,94.09576841,2026-07-01 02:00:00+00:00
1782874800000,58993.5,59199.0,58755.8,59100.0,207.19944655,2026-07-01 03:00:00+00:00
1782878400000,59100.0,59357.4,58972.7,59239.3,116.49269121,2026-07-01 04:00:00+00:00
1782882000000,59239.3,59286.1,59035.6,59062.9,85.83965472,2026-07-01 05:00:00+00:00
1782885600000,59063.1,59067.7,58459.9,58670.6,102.30644724,2026-07-01 06:00:00+00:00
1782889200000,58670.6,58725.3,58516.2,58693.3,43.04076302,2026-07-01 07:00:00+00:00
1782892800000,58693.4,58908.3,58431.7,58891.4,88.59625877,2026-07-01 08:00:00+00:00
1782896400000,58903.9,59026.7,58766.9,58877.9,67.95726581,2026-07-01 09:00:00+00:00
1782900000000,58870.2,58873.0,58551.1,58586.7,46.21369518,2026-07-01 10:00:00+00:00
1782903600000,58586.7,58708.9,58483.9,58545.6,166.48239157,2026-07-01 11:00:00+00:00
1782907200000,58545.7,58595.3,58268.7,58462.4,189.65545845,2026-07-01 12:00:00+00:00
1782910800000,58462.4,59445.3,58457.3,59441.0,256.2227031,2026-07-01 13:00:00+00:00
1782914400000,59426.9,60027.2,59212.8,59464.9,357.59410085,2026-07-01 14:00:00+00:00
1782918000000,59464.9,60449.9,59456.4,60097.0,287.68122283,2026-07-01 15:00:00+00:00
1782921600000,60097.0,60183.5,59804.7,59858.3,102.85350189,2026-07-01 16:00:00+00:00
1782925200000,59858.3,60181.6,59720.8,60127.1,124.7480384,2026-07-01 17:00:00+00:00
1782928800000,60127.1,60237.4,59955.7,60103.1,88.77462314,2026-07-01 18:00:00+00:00
1782932400000,60108.2,60290.6,59938.0,59965.5,115.31028217,2026-07-01 19:00:00+00:00
1782936000000,59965.6,60127.5,59823.3,60073.1,90.4310198,2026-07-01 20:00:00+00:00
1782939600000,60072.6,60776.2,60068.8,60751.8,165.96543032,2026-07-01 21:00:00+00:00
1782943200000,60753.7,61270.0,60280.6,60424.6,295.0213991,2026-07-01 22:00:00+00:00
1782946800000,60424.6,60424.6,59915.4,59959.4,72.53250032,2026-07-01 23:00:00+00:00
1782950400000,59964.3,59966.7,59529.6,59679.9,137.56456486,2026-07-02 00:00:00+00:00
1782954000000,59680.0,60240.0,59657.2,60113.4,71.08006127,2026-07-02 01:00:00+00:00
1782957600000,60115.1,60421.0,59958.0,60375.0,43.04717602,2026-07-02 02:00:00+00:00
1782961200000,60359.7,61033.1,60245.8,60986.0,155.07327527,2026-07-02 03:00:00+00:00
1782964800000,60986.0,60986.0,60671.0,60722.7,37.0000014,2026-07-02 04:00:00+00:00
1782968400000,60722.7,60794.6,60423.3,60432.2,30.83905848,2026-07-02 05:00:00+00:00
1782972000000,60432.2,60569.1,60182.2,60212.0,86.4381241,2026-07-02 06:00:00+00:00
1782975600000,60212.0,60218.5,60040.3,60063.3,52.24765806,2026-07-02 07:00:00+00:00
1782979200000,60069.2,60471.8,60053.3,60431.2,65.3659177,2026-07-02 08:00:00+00:00
1782982800000,60431.6,61365.7,60309.9,61095.5,198.42743199,2026-07-02 09:00:00+00:00
1782986400000,61101.8,61256.0,60974.5,61180.5,151.79736278,2026-07-02 10:00:00+00:00
1782990000000,61189.2,61289.7,61054.1,61286.6,67.44468865,2026-07-02 11:00:00+00:00
1782993600000,61286.5,61522.6,61080.8,61466.7,275.89830676,2026-07-02 12:00:00+00:00
1782997200000,61471.8,61969.4,61448.0,61857.4,367.60084984,2026-07-02 13:00:00+00:00
1783000800000,61866.5,62137.2,61338.9,61615.3,184.29130782,2026-07-02 14:00:00+00:00
1783004400000,61616.4,61762.5,61361.2,61550.0,208.01321496,2026-07-02 15:00:00+00:00
1783008000000,61551.6,61703.2,61091.8,61619.7,163.21158466,2026-07-02 16:00:00+00:00
1783011600000,61619.8,61883.2,61572.3,61608.7,101.86777266,2026-07-02 17:00:00+00:00
1783015200000,61609.4,61800.0,61609.3,61699.0,32.48570853,2026-07-02 18:00:00+00:00
1783018800000,61699.7,61699.7,61374.3,61399.8,118.32056198,2026-07-02 19:00:00+00:00
1783022400000,61418.0,61532.9,61273.9,61518.6,200.93295286,2026-07-02 20:00:00+00:00
1783026000000,61518.7,61590.7,61447.1,61526.0,75.89736814,2026-07-02 21:00:00+00:00
1783029600000,61520.9,61520.9,61343.6,61391.4,28.35305993,2026-07-02 22:00:00+00:00
1783033200000,61391.5,61526.0,61277.9,61484.4,37.47546427,2026-07-02 23:00:00+00:00
1783036800000,61484.5,61496.3,61173.9,61233.4,36.85964875,2026-07-03 00:00:00+00:00
1783040400000,61233.4,61647.8,61217.0,61507.2,28.19316943,2026-07-03 01:00:00+00:00
1783044000000,61507.5,61588.1,61191.6,61353.6,56.00325645,2026-07-03 02:00:00+00:00
1783047600000,61355.4,61493.6,61253.6,61360.8,103.64151609,2026-07-03 03:00:00+00:00
1783051200000,61360.8,61444.2,61263.7,61378.7,75.54369123,2026-07-03 04:00:00+00:00
1783054800000,61378.7,61710.6,61361.1,61624.9,76.41878365,2026-07-03 05:00:00+00:00
1783058400000,61624.9,61772.6,61538.2,61648.6,37.99485413,2026-07-03 06:00:00+00:00
1783062000000,61648.7,61795.2,61592.3,61680.1,23.28047482,2026-07-03 07:00:00+00:00
1783065600000,61680.1,61814.4,61499.5,61508.3,24.19037301,2026-07-03 08:00:00+00:00
1783069200000,61508.4,61712.5,61450.0,61651.3,24.40862258,2026-07-03 09:00:00+00:00
1783072800000,61650.1,61956.0,61600.1,61841.8,50.10809847,2026-07-03 10:00:00+00:00
1783076400000,61841.9,62007.5,61776.8,61955.8,64.33569398,2026-07-03 11:00:00+00:00
1783080000000,61955.9,62110.6,61811.2,61909.9,66.62577597,2026-07-03 12:00:00+00:00
1783083600000,61909.9,62201.2,61871.4,62050.1,80.78486819,2026-07-03 13:00:00+00:00
1783087200000,62050.1,62200.0,61651.5,62098.6,129.37413901,2026-07-03 14:00:00+00:00
1783090800000,62098.3,62359.0,61777.3,61866.9,110.09175818,2026-07-03 15:00:00+00:00
1783094400000,61864.1,62064.9,61857.4,62044.7,89.61848779,2026-07-03 16:00:00+00:00
1783098000000,62050.8,62223.7,62029.6,62129.4,39.59312247,2026-07-03 17:00:00+00:00
1783101600000,62129.5,62186.2,62063.5,62154.8,47.22873958,2026-07-03 18:00:00+00:00
1783105200000,62152.6,62238.6,62100.1,62159.4,36.23739729,2026-07-03 19:00:00+00:00
1783108800000,62159.4,62835.0,62132.4,62708.6,361.82580653,2026-07-03 20:00:00+00:00
1783112400000,62710.1,62881.7,62470.5,62665.7,164.98525794,2026-07-03 21:00:00+00:00
1783116000000,62664.9,62686.6,62474.1,62516.1,44.58011164,2026-07-03 22:00:00+00:00
1783119600000,62516.1,62645.8,62468.6,62546.8,15.92581894,2026-07-03 23:00:00+00:00
1783123200000,62539.0,62874.6,62527.8,62710.0,134.18991854,2026-07-04 00:00:00+00:00
1783126800000,62710.1,62710.1,62359.2,62428.2,38.48972408,2026-07-04 01:00:00+00:00
1783130400000,62428.2,62520.1,62374.6,62480.0,47.61785886,2026-07-04 02:00:00+00:00
1783134000000,62480.1,62700.0,62430.9,62574.9,45.03677717,2026-07-04 03:00:00+00:00
1783137600000,62575.0,62689.0,62531.3,62634.3,37.29699961,2026-07-04 04:00:00+00:00
1783141200000,62634.4,62634.4,62381.2,62392.2,49.41445602,2026-07-04 05:00:00+00:00
1783144800000,62392.3,62501.0,62290.9,62440.1,12.71175016,2026-07-04 06:00:00+00:00
1783148400000,62440.1,62560.0,62398.6,62530.0,24.60645178,2026-07-04 07:00:00+00:00
1783152000000,62521.1,62590.0,62455.6,62506.8,24.52252588,2026-07-04 08:00:00+00:00
1783155600000,62506.9,62530.4,62362.4,62450.0,12.81905655,2026-07-04 09:00:00+00:00
1783159200000,62450.0,62490.2,62387.9,62471.1,23.39290048,2026-07-04 10:00:00+00:00
1783162800000,62460.9,62504.5,62420.0,62436.6,9.19811336,2026-07-04 11:00:00+00:00
1783166400000,62436.7,62630.3,62407.8,62619.2,42.30126451,2026-07-04 12:00:00+00:00
1783170000000,62619.2,62701.8,62494.4,62536.9,14.64245838,2026-07-04 13:00:00+00:00
1783173600000,62536.9,62675.2,62536.8,62644.2,20.0972923,2026-07-04 14:00:00+00:00
1783177200000,62644.3,63019.8,62644.2,62883.2,90.19820275,2026-07-04 15:00:00+00:00
1783180800000,62883.4,62911.3,62739.1,62866.9,78.84700702,2026-07-04 16:00:00+00:00
1783184400000,62867.0,63443.4,62765.3,63228.6,133.63925273,2026-07-04 17:00:00+00:00
1783188000000,63225.3,63285.4,63046.1,63123.7,201.02225857,2026-07-04 18:00:00+00:00
1783191600000,63123.7,63410.1,63076.2,63246.6,128.68802281,2026-07-04 19:00:00+00:00
1783195200000,63246.6,63336.6,63121.5,63180.0,27.69370117,2026-07-04 20:00:00+00:00
1783198800000,63180.1,63398.5,63153.4,63260.0,13.87443823,2026-07-04 21:00:00+00:00
1783202400000,63260.1,63260.1,63121.0,63136.2,10.81255558,2026-07-04 22:00:00+00:00
1783206000000,63137.0,63175.6,62900.0,63085.8,96.0464278,2026-07-04 23:00:00+00:00
1783209600000,63085.4,63085.4,62845.0,62920.5,29.73972583,2026-07-05 00:00:00+00:00
1783213200000,62920.5,62978.7,62738.8,62829.3,47.25463765,2026-07-05 01:00:00+00:00
1783216800000,62829.4,62855.7,62553.7,62636.7,19.13403745,2026-07-05 02:00:00+00:00
1783220400000,62636.7,62733.0,62603.6,62710.1,24.47110825,2026-07-05 03:00:00+00:00
1783224000000,62710.1,62882.2,62654.2,62778.1,22.3348084,2026-07-05 04:00:00+00:00
1783227600000,62766.8,62766.8,62603.7,62700.7,19.41695318,2026-07-05 05:00:00+00:00
1783231200000,62700.8,62755.6,62618.4,62724.1,28.0149206,2026-07-05 06:00:00+00:00
1783234800000,62724.1,62980.0,62665.8,62974.8,45.48180313,2026-07-05 07:00:00+00:00
1783238400000,62974.8,63038.2,62848.8,62881.4,6.33357225,2026-07-05 08:00:00+00:00
1783242000000,62875.3,62875.3,62393.3,62562.9,51.94953053,2026-07-05 09:00:00+00:00
1783245600000,62563.9,62695.3,62483.9,62691.8,26.88921899,2026-07-05 10:00:00+00:00
1783249200000,62691.9,62758.2,62556.1,62590.3,17.50741414,2026-07-05 11:00:00+00:00
1783252800000,62581.5,62707.9,62510.7,62674.5,33.90362184,2026-07-05 12:00:00+00:00
1783256400000,62674.5,62762.7,62600.8,62737.8,23.01551513,2026-07-05 13:00:00+00:00
1783260000000,62737.8,62747.8,62609.4,62742.3,22.49217119,2026-07-05 14:00:00+00:00
1783263600000,62742.2,62890.0,62627.0,62682.9,10.99299065,2026-07-05 15:00:00+00:00
1783267200000,62682.9,62715.2,62550.0,62581.3,40.95282961,2026-07-05 16:00:00+00:00
1783270800000,62577.7,62740.1,62535.9,62575.5,18.60032343,2026-07-05 17:00:00+00:00
1783274400000,62574.5,62809.0,62570.3,62759.9,14.27214464,2026-07-05 18:00:00+00:00
1783278000000,62760.0,62824.6,62682.0,62722.7,36.4498324,2026-07-05 19:00:00+00:00
1783281600000,62718.3,62781.0,62649.6,62681.4,10.87732024,2026-07-05 20:00:00+00:00
1783285200000,62681.4,63200.0,62564.9,63039.8,81.9356819,2026-07-05 21:00:00+00:00
1783288800000,63031.5,63887.4,62947.0,63671.6,222.5402238,2026-07-05 22:00:00+00:00
1783292400000,63671.0,63925.9,63514.4,63593.0,75.69438096,2026-07-05 23:00:00+00:00
1783296000000,63593.0,63689.1,63308.0,63689.1,62.3867238,2026-07-06 00:00:00+00:00
1783299600000,63689.1,63840.9,63499.1,63510.1,31.54815337,2026-07-06 01:00:00+00:00
1783303200000,63510.1,63597.9,63325.0,63414.5,23.32289839,2026-07-06 02:00:00+00:00
1783306800000,63396.9,63428.8,63088.2,63241.6,39.00345574,2026-07-06 03:00:00+00:00
1783310400000,63229.9,63319.5,63121.5,63201.7,46.00119333,2026-07-06 04:00:00+00:00
1783314000000,63201.8,63201.8,62900.1,63059.2,70.07748984,2026-07-06 05:00:00+00:00
1783317600000,63059.2,63085.1,62907.8,62920.7,58.34230685,2026-07-06 06:00:00+00:00
1783321200000,62920.8,63050.4,62823.8,63023.2,28.18722743,2026-07-06 07:00:00+00:00
1783324800000,63023.2,63162.5,62769.1,62840.0,35.56652861,2026-07-06 08:00:00+00:00
1783328400000,62840.0,62847.4,62575.0,62603.6,27.87584107,2026-07-06 09:00:00+00:00
1783332000000,62604.1,62956.9,62600.9,62757.0,62.36925896,2026-07-06 10:00:00+00:00
1783335600000,62757.1,62932.0,62455.5,62455.5,166.87147401,2026-07-06 11:00:00+00:00
1783339200000,62450.0,62450.0,61612.4,61694.2,559.13277862,2026-07-06 12:00:00+00:00
1783342800000,61696.0,61990.0,61271.2,61719.1,344.36869984,2026-07-06 13:00:00+00:00
1783346400000,61719.2,62349.9,61671.0,61996.8,189.67907924,2026-07-06 14:00:00+00:00
1783350000000,61998.2,63490.7,61998.2,63490.6,422.51349666,2026-07-06 15:00:00+00:00
1783353600000,63490.7,63827.4,63330.6,63679.4,369.80649132,2026-07-06 16:00:00+00:00
1783357200000,63679.5,63900.0,63521.7,63534.6,142.45291621,2026-07-06 17:00:00+00:00
1783360800000,63534.6,63830.1,63503.7,63648.8,71.56643919,2026-07-06 18:00:00+00:00
1783364400000,63652.5,63840.9,63610.8,63696.6,64.59288158,2026-07-06 19:00:00+00:00
1783368000000,63698.2,63853.4,63529.9,63783.3,60.45888245,2026-07-06 20:00:00+00:00
1783371600000,63783.2,64675.0,63762.0,64453.0,305.06505789,2026-07-06 21:00:00+00:00
1783375200000,64444.6,64444.6,64121.7,64204.4,33.01962172,2026-07-06 22:00:00+00:00
1783378800000,64204.5,64290.9,64005.0,64005.1,51.40380162,2026-07-06 23:00:00+00:00
1783382400000,64005.1,64258.0,63972.9,64162.4,91.20035576,2026-07-07 00:00:00+00:00
1783386000000,64162.4,64162.4,63755.0,63791.0,27.18699942,2026-07-07 01:00:00+00:00
1783389600000,63791.0,63860.8,63245.0,63268.5,95.00256432,2026-07-07 02:00:00+00:00
1783393200000,63280.7,63362.3,63110.1,63125.0,94.73330819,2026-07-07 03:00:00+00:00
1783396800000,63125.0,63228.3,63016.7,63045.6,204.21228811,2026-07-07 04:00:00+00:00
1783400400000,63045.6,63217.1,62768.4,63082.1,63.78704328,2026-07-07 05:00:00+00:00
1783404000000,63082.1,63348.3,62946.0,63301.1,43.6677703,2026-07-07 06:00:00+00:00
1783407600000,63301.2,63389.1,63035.1,63035.1,64.86188725,2026-07-07 07:00:00+00:00
1783411200000,63035.1,63125.6,62945.9,63046.8,39.12334614,2026-07-07 08:00:00+00:00
1783414800000,63046.8,63285.0,62997.6,63203.3,34.98170821,2026-07-07 09:00:00+00:00
1783418400000,63203.3,63392.4,63170.3,63218.8,68.52508621,2026-07-07 10:00:00+00:00
1783422000000,63219.2,63384.3,63055.4,63338.6,44.97581751,2026-07-07 11:00:00+00:00
1783425600000,63338.6,63790.9,63338.3,63416.7,66.28968942,2026-07-07 12:00:00+00:00
1783429200000,63422.4,63424.1,62914.7,62982.0,228.09404983,2026-07-07 13:00:00+00:00
1783432800000,62986.5,63559.3,62613.3,63499.9,249.21304703,2026-07-07 14:00:00+00:00
1783436400000,63501.8,64059.2,63309.4,63871.9,192.52797369,2026-07-07 15:00:00+00:00
1783440000000,63872.0,64196.6,63770.0,63939.0,154.82132668,2026-07-07 16:00:00+00:00
1783443600000,63937.9,64184.8,63832.0,64135.7,78.2721398,2026-07-07 17:00:00+00:00
1783447200000,64135.7,64135.7,63641.0,63641.0,87.90445301,2026-07-07 18:00:00+00:00
1783450800000,63641.0,63834.4,63348.2,63766.9,96.34600861,2026-07-07 19:00:00+00:00
1783454400000,63766.9,63840.9,63571.7,63651.2,73.60466377,2026-07-07 20:00:00+00:00
1783458000000,63655.3,63804.9,63288.0,63382.3,69.08884425,2026-07-07 21:00:00+00:00
1783461600000,63382.3,63603.2,63170.9,63506.4,43.3981395,2026-07-07 22:00:00+00:00
1783465200000,63502.2,63660.9,63281.2,63304.0,22.71358998,2026-07-07 23:00:00+00:00
1783468800000,63319.7,63706.4,63277.9,63567.3,41.61654517,2026-07-08 00:00:00+00:00
1783472400000,63567.3,63602.0,62866.0,62990.5,74.14672725,2026-07-08 01:00:00+00:00
1783476000000,62990.5,63012.6,62476.1,62919.7,66.71690188,2026-07-08 02:00:00+00:00
1783479600000,62933.8,63042.8,62666.9,62703.1,15.30119729,2026-07-08 03:00:00+00:00
1783483200000,62703.1,62850.5,62643.2,62748.5,36.24987501,2026-07-08 04:00:00+00:00
1783486800000,62745.7,62814.8,62515.5,62587.7,69.21138342,2026-07-08 05:00:00+00:00
1783490400000,62587.8,62699.6,62440.6,62590.0,161.17513935,2026-07-08 06:00:00+00:00
1783494000000,62590.0,62838.9,62504.4,62838.9,70.78763471,2026-07-08 07:00:00+00:00
1783497600000,62838.9,62876.6,61821.8,61954.2,283.79340372,2026-07-08 08:00:00+00:00
1783501200000,61956.2,62097.4,61700.0,62005.7,45.41453062,2026-07-08 09:00:00+00:00
1783504800000,62005.7,62125.3,61840.1,62105.4,59.4418583,2026-07-08 10:00:00+00:00
1783508400000,62125.3,62338.9,61991.7,62247.0,77.71939512,2026-07-08 11:00:00+00:00
1783512000000,62247.0,62358.2,61896.5,61896.5,75.06492037,2026-07-08 12:00:00+00:00
1783515600000,61896.6,62024.3,61572.1,61883.0,97.64571546,2026-07-08 13:00:00+00:00
1783519200000,61879.0,62114.5,61651.4,61834.1,92.96188293,2026-07-08 14:00:00+00:00
1783522800000,61840.5,61846.7,61472.9,61646.5,125.964573,2026-07-08 15:00:00+00:00
1783526400000,61646.5,62083.8,61623.2,62050.2,115.38373463,2026-07-08 16:00:00+00:00
1783530000000,62050.2,62335.7,61967.1,62048.2,80.12228337,2026-07-08 17:00:00+00:00
1783533600000,62052.5,62282.6,62000.0,62125.2,72.61710505,2026-07-08 18:00:00+00:00
1783537200000,62125.1,62244.8,62015.9,62216.8,33.64689309,2026-07-08 19:00:00+00:00
1783540800000,62232.8,62250.0,62034.7,62047.1,48.89377209,2026-07-08 20:00:00+00:00
1783544400000,62061.5,62196.9,61928.3,62136.2,72.3317653,2026-07-08 21:00:00+00:00
1783548000000,62138.0,62288.9,62132.6,62283.8,35.76796888,2026-07-08 22:00:00+00:00
1783551600000,62282.7,62300.0,62137.4,62241.1,8.37620467,2026-07-08 23:00:00+00:00
1783555200000,62236.6,62260.8,62008.9,62067.5,17.34287221,2026-07-09 00:00:00+00:00
1783558800000,62067.5,62609.1,61792.1,61855.6,156.58845705,2026-07-09 01:00:00+00:00
1783562400000,61859.8,62050.0,61650.0,61730.0,31.40509499,2026-07-09 02:00:00+00:00
1783566000000,61732.5,62023.9,61680.0,61933.1,65.23664619,2026-07-09 03:00:00+00:00
1783569600000,61933.2,62395.6,61912.8,62395.5,33.48822711,2026-07-09 04:00:00+00:00
1783573200000,62395.6,62555.6,62200.0,62517.4,64.39888356,2026-07-09 05:00:00+00:00
1783576800000,62517.5,62921.1,62438.8,62908.8,97.55933575,2026-07-09 06:00:00+00:00
1783580400000,62907.1,63190.3,62746.2,62955.8,69.82388339,2026-07-09 07:00:00+00:00
1783584000000,62955.5,63028.4,62808.9,62846.8,46.71041106,2026-07-09 08:00:00+00:00
1783587600000,62846.5,62937.8,62736.6,62900.0,61.17385997,2026-07-09 09:00:00+00:00
1783591200000,62900.7,62992.6,62644.6,62727.1,48.76561964,2026-07-09 10:00:00+00:00
1783594800000,62727.1,62757.3,62550.0,62721.9,75.44002581,2026-07-09 11:00:00+00:00
1783598400000,62724.0,62883.3,62410.6,62567.1,126.42853823,2026-07-09 12:00:00+00:00
1783602000000,62565.8,63166.2,62463.0,62965.9,159.53680346,2026-07-09 13:00:00+00:00
1783605600000,62972.0,63066.1,62613.1,62956.2,84.02548661,2026-07-09 14:00:00+00:00
1783609200000,62956.2,63186.6,62778.6,62815.2,119.43466721,2026-07-09 15:00:00+00:00
1783612800000,62807.5,62943.5,62520.0,62654.9,53.95644416,2026-07-09 16:00:00+00:00
1783616400000,62654.9,63095.3,62620.0,63065.0,59.95133791,2026-07-09 17:00:00+00:00
1783620000000,63065.0,63490.3,63026.7,63168.2,161.658283,2026-07-09 18:00:00+00:00
1783623600000,63167.4,63317.3,63102.6,63176.2,77.55827446,2026-07-09 19:00:00+00:00
1783627200000,63176.2,63275.5,63125.7,63257.6,43.95187805,2026-07-09 20:00:00+00:00
1783630800000,63257.7,63347.9,63163.4,63227.4,26.00423663,2026-07-09 21:00:00+00:00
1783634400000,63224.8,63369.0,63168.0,63168.0,44.75183144,2026-07-09 22:00:00+00:00
1783638000000,63168.1,63275.1,63026.6,63174.0,17.61354247,2026-07-09 23:00:00+00:00
1783641600000,63174.0,63205.2,62895.1,63053.6,65.3707072,2026-07-10 00:00:00+00:00
1783645200000,63053.6,63879.9,62921.1,63682.2,156.06405085,2026-07-10 01:00:00+00:00
1783648800000,63683.5,63992.7,63642.6,63915.0,98.76770309,2026-07-10 02:00:00+00:00
1783652400000,63915.1,63991.2,63771.6,63893.9,29.98727004,2026-07-10 03:00:00+00:00
1783656000000,63893.9,64121.9,63800.2,63994.1,33.76280739,2026-07-10 04:00:00+00:00
1783659600000,63994.2,64150.6,63900.0,64064.6,67.51137233,2026-07-10 05:00:00+00:00
1783663200000,64074.6,64100.0,63790.8,63800.2,24.84443842,2026-07-10 06:00:00+00:00
1783666800000,63800.2,63958.5,63765.5,63950.0,38.59505992,2026-07-10 07:00:00+00:00
1783670400000,63950.1,64338.9,63949.7,64191.8,84.88283926,2026-07-10 08:00:00+00:00
1783674000000,64191.3,64431.2,64060.9,64352.3,126.80312252,2026-07-10 09:00:00+00:00
1783677600000,64352.4,64438.3,64226.4,64355.3,40.77940105,2026-07-10 10:00:00+00:00
1783681200000,64354.0,64420.7,64304.9,64376.0,29.31363535,2026-07-10 11:00:00+00:00
1783684800000,64378.1,64560.0,64236.6,64250.0,142.78475335,2026-07-10 12:00:00+00:00
1783688400000,64249.9,64635.0,64108.7,64452.3,172.36651658,2026-07-10 13:00:00+00:00
1783692000000,64452.4,64466.7,63768.2,63859.9,145.99062138,2026-07-10 14:00:00+00:00
1783695600000,63860.0,64154.5,63850.0,63968.9,107.95070461,2026-07-10 15:00:00+00:00
1783699200000,63975.9,64157.0,63762.2,64095.7,101.75225996,2026-07-10 16:00:00+00:00
1783702800000,64089.8,64107.0,63778.1,63778.1,32.77636048,2026-07-10 17:00:00+00:00
1783706400000,63778.2,63926.5,63687.1,63758.3,51.88993342,2026-07-10 18:00:00+00:00
1783710000000,63758.3,64004.2,63727.1,63868.8,60.43604508,2026-07-10 19:00:00+00:00
1783713600000,63872.8,63878.7,63617.6,63793.4,45.78374192,2026-07-10 20:00:00+00:00
1783717200000,63793.5,64034.0,63791.7,63970.2,28.84381643,2026-07-10 21:00:00+00:00
1783720800000,63962.3,64126.1,63937.3,64072.6,30.28282829,2026-07-10 22:00:00+00:00
1783724400000,64072.6,64150.0,63989.0,64126.4,19.13921364,2026-07-10 23:00:00+00:00
1783728000000,64126.5,64129.3,63994.1,64099.3,20.87831235,2026-07-11 00:00:00+00:00
1783731600000,64099.4,64250.0,63966.6,63979.8,30.34637326,2026-07-11 01:00:00+00:00
1783735200000,63979.8,64120.4,63957.7,64113.3,13.02869703,2026-07-11 02:00:00+00:00
1783738800000,64113.3,64147.9,64034.4,64130.8,20.2904084,2026-07-11 03:00:00+00:00
1783742400000,64130.9,64173.2,64051.9,64101.9,7.12619156,2026-07-11 04:00:00+00:00
1783746000000,64103.0,64175.5,64086.3,64122.9,21.61279528,2026-07-11 05:00:00+00:00
1783749600000,64123.0,64214.7,64082.9,64181.3,20.59620926,2026-07-11 06:00:00+00:00
1783753200000,64181.4,64197.8,64116.0,64116.2,7.71360879,2026-07-11 07:00:00+00:00
1783756800000,64116.2,64250.0,64116.1,64213.9,9.62547905,2026-07-11 08:00:00+00:00
1783760400000,64214.8,64230.0,64116.1,64116.2,15.21855947,2026-07-11 09:00:00+00:00
1783764000000,64116.2,64141.9,64074.1,64136.9,18.79529216,2026-07-11 10:00:00+00:00
1783767600000,64136.9,64142.5,64125.0,64142.5,6.72587431,2026-07-11 11:00:00+00:00
1783771200000,64142.5,64173.9,64076.8,64137.1,14.08692291,2026-07-11 12:00:00+00:00
1783774800000,64137.1,64213.8,64137.0,64197.0,6.86607827,2026-07-11 13:00:00+00:00
1783778400000,64197.0,64442.5,64196.9,64318.2,39.53158379,2026-07-11 14:00:00+00:00
1783782000000,64318.2,64425.1,63911.0,64126.2,101.91111801,2026-07-11 15:00:00+00:00
1783785600000,64126.3,64224.0,64055.9,64124.2,34.51590344,2026-07-11 16:00:00+00:00
1783789200000,64124.2,64334.1,64113.1,64277.1,23.83644282,2026-07-11 17:00:00+00:00
1783792800000,64277.1,64329.8,64236.6,64270.9,13.51474217,2026-07-11 18:00:00+00:00
1783796400000,64270.9,64285.7,64185.8,64239.8,7.7877807,2026-07-11 19:00:00+00:00
1783800000000,64239.7,64396.1,64239.7,64338.6,11.97830777,2026-07-11 20:00:00+00:00
1783803600000,64338.7,64385.4,64311.2,64311.2,10.18879621,2026-07-11 21:00:00+00:00
1783807200000,64311.3,64381.0,64095.3,64159.9,32.7096513,2026-07-11 22:00:00+00:00
1783810800000,64160.0,64194.0,63779.5,63779.5,73.38869305,2026-07-11 23:00:00+00:00
1783814400000,63779.6,63858.3,63668.5,63792.1,47.92424197,2026-07-12 00:00:00+00:00
1783818000000,63792.1,64125.0,63774.0,64089.8,52.2090523,2026-07-12 01:00:00+00:00
1783821600000,64089.9,64092.5,63991.7,64041.1,8.39715277,2026-07-12 02:00:00+00:00
1783825200000,64041.2,64164.7,64002.4,64164.7,10.03837272,2026-07-12 03:00:00+00:00
1783828800000,64164.7,64187.8,63905.0,63945.6,11.26711146,2026-07-12 04:00:00+00:00
1783832400000,63945.5,63974.1,63875.1,63943.7,18.51296361,2026-07-12 05:00:00+00:00
1783836000000,63937.2,63937.2,63600.8,63725.0,32.65898921,2026-07-12 06:00:00+00:00
1783839600000,63725.0,63860.4,63699.9,63854.6,11.41575449,2026-07-12 07:00:00+00:00
1783843200000,63854.6,64040.9,63854.5,63937.9,7.54168385,2026-07-12 08:00:00+00:00
1783846800000,63937.9,63990.9,63720.6,63918.4,25.50635751,2026-07-12 09:00:00+00:00
1783850400000,63918.5,63918.5,63800.7,63828.3,14.87661478,2026-07-12 10:00:00+00:00
1783854000000,63828.3,63981.9,63791.0,63966.1,19.84984793,2026-07-12 11:00:00+00:00
1783857600000,63966.1,64088.6,63928.8,63990.4,15.82695161,2026-07-12 12:00:00+00:00
1783861200000,63990.5,64043.7,63968.0,63988.2,10.71761261,2026-07-12 13:00:00+00:00
1783864800000,63988.3,64240.9,63925.7,64159.1,20.43040814,2026-07-12 14:00:00+00:00
1783868400000,64157.3,64207.4,64090.9,64123.3,31.97458275,2026-07-12 15:00:00+00:00
1783872000000,64123.3,64151.8,64016.5,64135.0,11.20844482,2026-07-12 16:00:00+00:00
1783875600000,64135.1,64135.1,64000.0,64041.3,18.03256339,2026-07-12 17:00:00+00:00
1783879200000,64041.4,64107.4,63979.9,64107.3,40.8832138,2026-07-12 18:00:00+00:00
1783882800000,64107.4,64214.1,64107.3,64188.5,12.37576486,2026-07-12 19:00:00+00:00
1783886400000,64184.8,64201.5,64126.0,64145.7,8.32076456,2026-07-12 20:00:00+00:00
1783890000000,64145.7,64194.7,63862.1,63881.1,29.03453508,2026-07-12 21:00:00+00:00
1783893600000,63881.2,63881.2,63635.7,63851.5,80.04942299,2026-07-12 22:00:00+00:00
1783897200000,63851.6,63859.6,63690.9,63737.4,16.06729569,2026-07-12 23:00:00+00:00
1783900800000,63737.8,64364.6,63536.5,64040.1,67.83556554,2026-07-13 00:00:00+00:00
1783904400000,64040.1,64040.1,63354.3,63383.7,78.11422722,2026-07-13 01:00:00+00:00
1783908000000,63383.8,63498.9,63217.3,63325.7,42.28932855,2026-07-13 02:00:00+00:00
1783911600000,63325.8,63341.9,62706.0,62766.2,134.75368406,2026-07-13 03:00:00+00:00
1783915200000,62766.3,62867.0,62598.1,62626.0,61.0287931,2026-07-13 04:00:00+00:00
1783918800000,62626.0,62868.8,62442.8,62745.8,91.13918691,2026-07-13 05:00:00+00:00
1783922400000,62748.3,62828.3,62679.9,62744.0,27.37715862,2026-07-13 06:00:00+00:00
1783926000000,62745.3,63005.0,62744.0,62937.4,56.59400643,2026-07-13 07:00:00+00:00
1783929600000,62937.4,63217.1,62893.3,63141.7,32.03954645,2026-07-13 08:00:00+00:00
1783933200000,63141.8,63141.8,63029.2,63039.4,20.44685438,2026-07-13 09:00:00+00:00
1783936800000,63039.4,63080.0,62802.3,62802.9,55.14572804,2026-07-13 10:00:00+00:00
1783940400000,62803.0,63055.4,62803.0,62844.1,30.56418239,2026-07-13 11:00:00+00:00
1783944000000,62844.1,62908.8,62505.2,62562.1,80.56402392,2026-07-13 12:00:00+00:00
1783947600000,62562.2,62687.6,62119.0,62265.5,145.88069656,2026-07-13 13:00:00+00:00
1783951200000,62265.6,62718.4,62067.1,62718.4,172.46156569,2026-07-13 14:00:00+00:00
1783954800000,62718.4,62885.9,62505.2,62567.4,124.30439811,2026-07-13 15:00:00+00:00
1783958400000,62563.2,62563.2,62164.0,62206.7,117.47929326,2026-07-13 16:00:00+00:00
1783962000000,62206.7,62296.3,61828.4,61836.8,88.19764675,2026-07-13 17:00:00+00:00
1783965600000,61836.8,62037.2,61765.0,61962.2,160.45121901,2026-07-13 18:00:00+00:00
1783969200000,61962.2,62220.0,61940.5,62219.8,73.23722933,2026-07-13 19:00:00+00:00
1783972800000,62219.8,62258.6,62003.3,62149.2,60.78628836,2026-07-13 20:00:00+00:00
1783976400000,62149.2,62158.3,61839.9,62011.2,51.35551165,2026-07-13 21:00:00+00:00
1783980000000,62011.3,62151.2,61837.8,61856.1,62.21838694,2026-07-13 22:00:00+00:00
1783983600000,61856.1,62253.5,61823.0,62253.5,33.67490167,2026-07-13 23:00:00+00:00
1783987200000,62253.4,62593.2,62203.4,62480.3,60.93416109,2026-07-14 00:00:00+00:00
1783990800000,62477.6,62564.0,62387.5,62462.1,26.49559605,2026-07-14 01:00:00+00:00
1783994400000,62462.1,62550.0,62260.0,62475.3,29.0698041,2026-07-14 02:00:00+00:00
1783998000000,62475.3,62523.1,62239.9,62504.5,25.79215048,2026-07-14 03:00:00+00:00
1784001600000,62504.6,62688.7,62473.7,62680.1,24.69821039,2026-07-14 04:00:00+00:00
1784005200000,62680.1,62800.0,62630.1,62639.9,57.54653264,2026-07-14 05:00:00+00:00
1784008800000,62640.0,62699.5,62503.7,62542.0,17.14761045,2026-07-14 06:00:00+00:00
1784012400000,62542.1,62574.6,62402.0,62471.4,41.16436559,2026-07-14 07:00:00+00:00
1784016000000,62471.4,62700.0,62418.5,62625.9,28.94783538,2026-07-14 08:00:00+00:00
1784019600000,62626.0,62670.1,62459.9,62549.0,25.86657251,2026-07-14 09:00:00+00:00
1784023200000,62549.1,62833.8,62537.5,62733.2,29.69371982,2026-07-14 10:00:00+00:00
1784026800000,62733.2,62847.3,62644.0,62774.8,14.84423343,2026-07-14 11:00:00+00:00
1784030400000,62774.8,63897.8,62709.3,63879.6,336.49790092,2026-07-14 12:00:00+00:00
1784034000000,63879.7,64095.5,63626.2,63785.7,213.63240318,2026-07-14 13:00:00+00:00
1784037600000,63785.7,64257.2,63542.1,64244.0,160.5689285,2026-07-14 14:00:00+00:00
1784041200000,64243.9,64881.2,64142.7,64668.5,381.77356999,2026-07-14 15:00:00+00:00
1784044800000,64678.0,64840.9,64563.8,64687.6,159.42760303,2026-07-14 16:00:00+00:00
1784048400000,64687.7,64687.7,64251.3,64581.1,197.93411852,2026-07-14 17:00:00+00:00
1784052000000,64585.8,64590.9,64438.9,64529.4,41.57819862,2026-07-14 18:00:00+00:00
1784055600000,64531.6,64645.5,64431.4,64515.7,84.86423149,2026-07-14 19:00:00+00:00
1784059200000,64515.7,64540.9,64390.9,64530.3,77.3653469,2026-07-14 20:00:00+00:00
1784062800000,64530.3,64858.5,64477.0,64620.0,98.59521164,2026-07-14 21:00:00+00:00
1784066400000,64620.0,65056.3,64484.4,64818.7,328.50259447,2026-07-14 22:00:00+00:00
1784070000000,64818.7,64983.6,64731.5,64977.2,45.46489703,2026-07-14 23:00:00+00:00
1784073600000,64983.5,65001.3,64732.1,64790.1,31.01450421,2026-07-15 00:00:00+00:00
1784077200000,64790.1,64798.0,64605.1,64624.2,20.42841513,2026-07-15 01:00:00+00:00
1784080800000,64624.2,64703.3,64433.3,64453.6,43.10943407,2026-07-15 02:00:00+00:00
1784084400000,64453.6,64777.0,64453.5,64741.2,42.11987336,2026-07-15 03:00:00+00:00
1784088000000,64738.3,64822.5,64671.3,64690.9,49.39482824,2026-07-15 04:00:00+00:00
1784091600000,64691.0,64888.0,64555.4,64883.4,30.41731053,2026-07-15 05:00:00+00:00
1784095200000,64883.4,65210.2,64790.9,64791.0,94.65202094,2026-07-15 06:00:00+00:00
1784098800000,64791.0,64830.8,64456.6,64506.9,44.30272386,2026-07-15 07:00:00+00:00
1784102400000,64506.9,64727.5,64506.9,64719.6,31.90291309,2026-07-15 08:00:00+00:00
1784106000000,64719.6,64860.7,64602.1,64603.6,31.02428986,2026-07-15 09:00:00+00:00
1784109600000,64603.6,64781.7,64579.3,64611.6,14.77870579,2026-07-15 10:00:00+00:00
1784113200000,64611.6,64690.9,64578.1,64690.8,14.08731095,2026-07-15 11:00:00+00:00
1784116800000,64690.9,65189.1,64560.0,65109.8,136.58533051,2026-07-15 12:00:00+00:00
1784120400000,65109.8,65495.0,64812.0,65040.7,300.07456417,2026-07-15 13:00:00+00:00
1784124000000,65040.7,65445.9,65016.3,65335.2,98.70524712,2026-07-15 14:00:00+00:00
1784127600000,65335.2,65513.8,65221.4,65369.4,102.31859636,2026-07-15 15:00:00+00:00
1784131200000,65369.4,65394.4,64737.3,65055.0,219.93057457,2026-07-15 16:00:00+00:00
1784134800000,65055.0,65134.3,64912.3,65009.2,84.15718905,2026-07-15 17:00:00+00:00
1784138400000,65009.2,65086.2,64787.1,64805.0,107.00569074,2026-07-15 18:00:00+00:00
1784142000000,64805.6,64959.3,64705.9,64926.0,101.88685432,2026-07-15 19:00:00+00:00
1784145600000,64926.0,65001.0,64877.2,64937.0,17.74992476,2026-07-15 20:00:00+00:00
1784149200000,64937.1,64972.6,64755.7,64787.8,35.64223027,2026-07-15 21:00:00+00:00
1784152800000,64787.9,64914.5,64755.6,64826.0,48.09986404,2026-07-15 22:00:00+00:00
1784156400000,64826.0,64897.3,64667.0,64709.4,84.50885693,2026-07-15 23:00:00+00:00
1784160000000,64709.4,64799.4,64440.9,64545.2,109.197053,2026-07-16 00:00:00+00:00
1784163600000,64545.2,64770.9,64358.9,64688.5,55.9705448,2026-07-16 01:00:00+00:00
1784167200000,64688.5,64689.5,64535.9,64597.2,7.5747295,2026-07-16 02:00:00+00:00
1784170800000,64597.2,64692.2,64515.4,64563.5,22.63683351,2026-07-16 03:00:00+00:00
1784174400000,64563.5,64641.4,64491.9,64569.2,18.38399989,2026-07-16 04:00:00+00:00
1784178000000,64569.3,64939.3,64554.0,64869.8,23.2246234,2026-07-16 05:00:00+00:00
1784181600000,64869.8,64914.1,64594.0,64715.4,45.82690545,2026-07-16 06:00:00+00:00
1784185200000,64715.4,64715.4,64050.8,64190.0,117.18097051,2026-07-16 07:00:00+00:00
1784188800000,64190.0,64293.0,63850.0,64075.0,125.66088653,2026-07-16 08:00:00+00:00
1784192400000,64075.0,64119.4,63974.1,64032.1,64.47914599,2026-07-16 09:00:00+00:00
1784196000000,64032.1,64210.7,64032.0,64167.9,30.02924363,2026-07-16 10:00:00+00:00
1784199600000,64168.0,64220.1,64050.3,64204.9,21.76759293,2026-07-16 11:00:00+00:00
1784203200000,64204.9,64204.9,63814.0,63910.0,145.37845242,2026-07-16 12:00:00+00:00
1784206800000,63910.1,64403.8,63910.1,64314.3,175.70953153,2026-07-16 13:00:00+00:00
1784210400000,64314.3,64796.0,64266.9,64480.6,111.69665005,2026-07-16 14:00:00+00:00
1784214000000,64480.7,64830.3,64259.2,64656.4,50.997291,2026-07-16 15:00:00+00:00
1784217600000,64655.4,64667.0,64303.4,64438.5,41.18918753,2026-07-16 16:00:00+00:00
1784221200000,64438.4,64438.4,63957.2,64030.7,98.39917719,2026-07-16 17:00:00+00:00
1784224800000,64030.8,64268.7,64008.1,64223.5,77.19267086,2026-07-16 18:00:00+00:00
1784228400000,64211.7,64237.5,64106.8,64215.9,40.96985384,2026-07-16 19:00:00+00:00
1784232000000,64216.0,64228.0,64061.9,64096.1,73.47228653,2026-07-16 20:00:00+00:00
1784235600000,64087.1,64188.8,64051.4,64097.6,44.84932944,2026-07-16 21:00:00+00:00
1784239200000,64097.6,64188.7,63903.9,63915.1,35.8197994,2026-07-16 22:00:00+00:00
1784242800000,63915.2,63965.2,63705.1,63789.5,93.22380684,2026-07-16 23:00:00+00:00
1784246400000,63789.6,63860.8,63576.2,63835.2,100.46195797,2026-07-17 00:00:00+00:00
1784250000000,63835.2,64007.5,63420.7,63495.0,105.15253318,2026-07-17 01:00:00+00:00
1784253600000,63495.1,63600.0,63353.9,63425.0,29.41603215,2026-07-17 02:00:00+00:00
1784257200000,63425.0,63648.7,63425.0,63511.4,14.29431062,2026-07-17 03:00:00+00:00
1784260800000,63511.4,63511.4,63250.0,63416.0,13.08275106,2026-07-17 04:00:00+00:00
1784264400000,63416.1,63416.1,62755.0,62794.3,149.60761046,2026-07-17 05:00:00+00:00
1784268000000,62792.1,62925.6,62660.0,62884.8,62.80724248,2026-07-17 06:00:00+00:00
1784271600000,62884.9,62929.9,62761.3,62777.9,35.74161477,2026-07-17 07:00:00+00:00
1784275200000,62777.9,62856.3,62625.0,62844.1,40.87218928,2026-07-17 08:00:00+00:00
1784278800000,62844.1,62999.2,62809.7,62931.3,31.7716445,2026-07-17 09:00:00+00:00
1784282400000,62931.3,63129.6,62931.2,63125.5,38.18258211,2026-07-17 10:00:00+00:00
1784286000000,63125.5,63327.1,63008.4,63238.0,100.3149229,2026-07-17 11:00:00+00:00
1784289600000,63240.5,63281.8,63027.6,63035.7,38.07592297,2026-07-17 12:00:00+00:00
1784293200000,63035.8,63097.2,62490.0,63071.8,126.21002913,2026-07-17 13:00:00+00:00
1784296800000,63072.8,63444.0,63031.5,63130.6,118.80485031,2026-07-17 14:00:00+00:00
1784300400000,63123.2,63400.0,62818.1,63400.0,95.78533573,2026-07-17 15:00:00+00:00
1784304000000,63400.0,63663.1,63258.7,63552.8,97.22622221,2026-07-17 16:00:00+00:00
1784307600000,63552.8,64172.5,63552.7,64007.7,114.69288718,2026-07-17 17:00:00+00:00
1784311200000,64007.7,64334.3,63849.5,64217.4,102.86237642,2026-07-17 18:00:00+00:00
1784314800000,64217.4,64217.6,63950.0,64102.0,53.22196286,2026-07-17 19:00:00+00:00
1784318400000,64102.0,64148.8,63899.7,64073.0,110.6651103,2026-07-17 20:00:00+00:00
1784322000000,64073.0,64169.5,64021.7,64051.9,19.6346764,2026-07-17 21:00:00+00:00
1784325600000,64044.6,64098.5,63883.6,63929.3,70.32117148,2026-07-17 22:00:00+00:00
1784329200000,63929.3,63959.0,63842.2,63907.0,27.3851674,2026-07-17 23:00:00+00:00
1784332800000,63907.0,63968.6,63847.8,63856.9,71.28953202,2026-07-18 00:00:00+00:00
1784336400000,63857.0,63965.1,63844.7,63917.7,11.32856244,2026-07-18 01:00:00+00:00
1784340000000,63917.8,63972.0,63890.0,63914.1,11.78626818,2026-07-18 02:00:00+00:00
1784343600000,63914.2,63973.8,63900.0,63972.6,22.16431533,2026-07-18 03:00:00+00:00
1784347200000,63972.7,63980.9,63900.0,63923.0,7.3815278,2026-07-18 04:00:00+00:00
1784350800000,63923.1,63955.1,63900.0,63913.7,14.21901672,2026-07-18 05:00:00+00:00
1784354400000,63913.8,63978.5,63909.1,63925.0,20.44862135,2026-07-18 06:00:00+00:00
1784358000000,63925.0,63980.7,63924.9,63975.7,13.54362261,2026-07-18 07:00:00+00:00
1784361600000,63975.7,63980.8,63934.3,63953.3,8.19610995,2026-07-18 08:00:00+00:00
1784365200000,63953.4,63956.4,63900.2,63945.0,10.14614376,2026-07-18 09:00:00+00:00
1784368800000,63945.1,63967.3,63944.2,63964.8,8.99268327,2026-07-18 10:00:00+00:00
1784372400000,63964.7,64038.3,63964.6,64018.9,5.92668922,2026-07-18 11:00:00+00:00
1784376000000,64018.9,64200.0,64018.9,64167.0,65.16172927,2026-07-18 12:00:00+00:00
1784379600000,64167.0,64167.0,63932.7,64058.2,32.64689344,2026-07-18 13:00:00+00:00
1784383200000,64058.2,64151.4,64058.2,64084.5,21.69465616,2026-07-18 14:00:00+00:00
1784386800000,64084.5,64114.7,64002.8,64072.9,18.68391561,2026-07-18 15:00:00+00:00
1784390400000,64073.0,64263.7,64043.3,64244.7,36.94750034,2026-07-18 16:00:00+00:00
1784394000000,64244.7,64447.5,64244.0,64447.5,72.60073248,2026-07-18 17:00:00+00:00
1784397600000,64447.5,64600.0,64424.3,64474.7,80.02657106,2026-07-18 18:00:00+00:00
1784401200000,64474.7,64554.8,64436.2,64528.2,25.8001557,2026-07-18 19:00:00+00:00
1784404800000,64528.2,64693.7,64474.4,64658.0,69.10358005,2026-07-18 20:00:00+00:00
1784408400000,64656.8,64800.0,64578.0,64690.6,40.07023273,2026-07-18 21:00:00+00:00
1784412000000,64689.5,64806.8,64666.5,64778.9,17.55763997,2026-07-18 22:00:00+00:00
1784415600000,64778.9,64796.7,64663.8,64796.7,18.98032444,2026-07-18 23:00:00+00:00
1784419200000,64796.7,64844.0,64702.4,64729.2,37.55499241,2026-07-19 00:00:00+00:00
1784422800000,64729.3,64748.1,64709.3,64730.9,44.5591151,2026-07-19 01:00:00+00:00
1784426400000,64730.1,64928.0,64647.1,64783.7,14.10081928,2026-07-19 02:00:00+00:00
1784430000000,64781.3,64781.3,64596.7,64657.5,58.14332187,2026-07-19 03:00:00+00:00
1784433600000,64657.6,64762.1,64584.3,64676.0,18.77898496,2026-07-19 04:00:00+00:00
1784437200000,64676.0,64760.9,64636.2,64693.2,28.48266507,2026-07-19 05:00:00+00:00
1784440800000,64693.2,64705.4,64655.9,64667.6,14.26906891,2026-07-19 06:00:00+00:00
1784444400000,64667.6,64732.5,64641.6,64655.3,9.91450008,2026-07-19 07:00:00+00:00
1784448000000,64658.9,64690.1,64586.2,64653.9,19.56308306,2026-07-19 08:00:00+00:00
1784451600000,64653.9,64674.5,64450.0,64465.1,51.66277516,2026-07-19 09:00:00+00:00
1784455200000,64465.1,64646.7,64450.0,64541.2,20.1734813,2026-07-19 10:00:00+00:00
1784458800000,64541.3,64585.3,64379.5,64418.7,23.77204803,2026-07-19 11:00:00+00:00
1784462400000,64418.8,64419.4,64257.7,64386.5,37.47702114,2026-07-19 12:00:00+00:00
1784466000000,64386.5,64471.2,64256.0,64433.1,30.10596625,2026-07-19 13:00:00+00:00
1784469600000,64433.2,64600.0,64383.3,64549.6,23.45109289,2026-07-19 14:00:00+00:00
1784473200000,64547.4,64576.0,64456.7,64529.6,15.03423759,2026-07-19 15:00:00+00:00
1784476800000,64529.7,64585.2,64474.1,64496.1,15.07688733,2026-07-19 16:00:00+00:00
1784480400000,64496.1,64696.7,64375.7,64508.2,39.02817447,2026-07-19 17:00:00+00:00
1784484000000,64508.2,64508.2,64272.6,64371.3,16.10646242,2026-07-19 18:00:00+00:00
1784487600000,64371.4,64422.4,64323.3,64398.7,10.4518123,2026-07-19 19:00:00+00:00
1784491200000,64398.8,64495.0,64398.7,64486.6,17.1961649,2026-07-19 20:00:00+00:00
1784494800000,64486.6,64500.0,64312.5,64359.8,11.8660497,2026-07-19 21:00:00+00:00
1784498400000,64359.9,64845.6,64308.2,64621.0,60.91720427,2026-07-19 22:00:00+00:00
1784502000000,64621.0,64713.5,64532.5,64678.1,12.44084651,2026-07-19 23:00:00+00:00
1784505600000,64678.1,65045.2,64388.4,64510.9,150.15832266,2026-07-20 00:00:00+00:00
1784509200000,64511.0,64962.6,64463.3,64588.8,71.11535389,2026-07-20 01:00:00+00:00
1784512800000,64588.8,64923.5,64546.8,64796.7,19.89281593,2026-07-20 02:00:00+00:00
1784516400000,64796.8,64853.6,64596.8,64799.9,28.12763441,2026-07-20 03:00:00+00:00
1784520000000,64799.9,64816.6,64478.3,64495.3,30.80356499,2026-07-20 04:00:00+00:00
1784523600000,64495.3,64495.3,64003.6,64084.2,139.1900441,2026-07-20 05:00:00+00:00
1784527200000,64084.3,64163.5,63691.6,63831.7,117.24456661,2026-07-20 06:00:00+00:00
1784530800000,63846.6,64230.9,63832.1,64198.2,63.41772412,2026-07-20 07:00:00+00:00
1784534400000,64198.3,64280.3,63825.0,63991.9,81.25249505,2026-07-20 08:00:00+00:00
1784538000000,63991.9,64210.9,63958.7,64136.8,11.10596922,2026-07-20 09:00:00+00:00
1784541600000,64136.8,64342.0,64100.7,64235.3,35.25749497,2026-07-20 10:00:00+00:00
1784545200000,64235.9,64978.3,64221.5,64935.9,93.21205255,2026-07-20 11:00:00+00:00
1784548800000,64935.9,64946.0,64546.7,64581.8,45.03526027,2026-07-20 12:00:00+00:00
1784552400000,64581.9,64687.3,64150.1,64280.7,82.93308918,2026-07-20 13:00:00+00:00
1784556000000,64280.7,64490.0,64041.6,64354.3,66.94189597,2026-07-20 14:00:00+00:00
1784559600000,64357.4,65600.0,64357.4,65542.5,305.52570466,2026-07-20 15:00:00+00:00
1784563200000,65542.5,65567.2,65297.2,65444.0,170.6509582,2026-07-20 16:00:00+00:00
1784566800000,65444.0,65590.2,65297.2,65539.8,64.62246363,2026-07-20 17:00:00+00:00
1784570400000,65539.8,65757.0,65166.8,65191.7,250.41295679,2026-07-20 18:00:00+00:00
1784574000000,65191.7,65221.5,65000.0,65090.7,76.15264919,2026-07-20 19:00:00+00:00
1784577600000,65090.7,65386.3,65015.0,65325.1,43.86145444,2026-07-20 20:00:00+00:00
1784581200000,65325.2,65392.8,65246.7,65246.8,53.52054321,2026-07-20 21:00:00+00:00
1784584800000,65246.8,65246.8,65050.5,65104.6,60.72934802,2026-07-20 22:00:00+00:00
1784588400000,65104.6,65232.2,65092.9,65215.7,16.28206495,2026-07-20 23:00:00+00:00
1784592000000,65215.7,65546.0,65115.2,65533.1,29.39061326,2026-07-21 00:00:00+00:00
1784595600000,65533.1,65600.0,65204.8,65204.8,28.01722338,2026-07-21 01:00:00+00:00
1784599200000,65204.9,65437.9,65135.5,65367.5,10.0641936,2026-07-21 02:00:00+00:00
1784602800000,65367.5,65532.6,65367.5,65531.9,11.82277061,2026-07-21 03:00:00+00:00
1784606400000,65531.9,65683.7,65448.6,65475.6,24.41676116,2026-07-21 04:00:00+00:00
1784610000000,65475.6,65869.0,65449.7,65707.3,33.88953854,2026-07-21 05:00:00+00:00
1784613600000,65707.3,65936.5,65593.2,65879.0,40.65038669,2026-07-21 06:00:00+00:00
1784617200000,65879.0,66183.5,65840.0,66150.0,133.94037276,2026-07-21 07:00:00+00:00
1784620800000,66150.1,66300.0,66100.0,66180.1,78.90894987,2026-07-21 08:00:00+00:00
1784624400000,66180.2,66301.5,66115.4,66236.5,25.62305301,2026-07-21 09:00:00+00:00
1784628000000,66236.6,66386.3,66150.4,66160.4,45.78413454,2026-07-21 10:00:00+00:00
1784631600000,66160.4,66305.0,66100.3,66297.5,26.98048541,2026-07-21 11:00:00+00:00
1784635200000,66297.5,66592.4,66226.5,66503.0,85.91299659,2026-07-21 12:00:00+00:00
1784638800000,66508.9,66744.0,66291.5,66743.7,101.41371402,2026-07-21 13:00:00+00:00
1784642400000,66743.8,66907.3,66607.2,66808.2,143.90489651,2026-07-21 14:00:00+00:00
1784646000000,66808.3,66808.3,66504.4,66653.3,65.26757901,2026-07-21 15:00:00+00:00
1784649600000,66653.3,66725.8,66455.0,66516.9,56.78994886,2026-07-21 16:00:00+00:00
1784653200000,66516.9,66543.3,66123.0,66153.0,125.10472663,2026-07-21 17:00:00+00:00
1784656800000,66153.0,66320.5,66086.6,66259.3,87.37298244,2026-07-21 18:00:00+00:00
1784660400000,66259.3,66471.6,66233.0,66412.9,44.99524454,2026-07-21 19:00:00+00:00
1784664000000,66413.0,66464.8,66328.7,66372.5,82.3997947,2026-07-21 20:00:00+00:00
1784667600000,66372.6,66373.1,66248.9,66338.8,37.47507162,2026-07-21 21:00:00+00:00
1784671200000,66338.9,66348.4,66175.8,66275.3,17.77650189,2026-07-21 22:00:00+00:00
1784674800000,66275.3,66520.4,66196.9,66511.7,76.85485345,2026-07-21 23:00:00+00:00
1784678400000,66511.7,66698.4,66496.1,66590.7,33.86709005,2026-07-22 00:00:00+00:00
1784682000000,66590.6,66612.6,66261.7,66366.2,33.86736446,2026-07-22 01:00:00+00:00
1784685600000,66377.9,66475.8,66256.9,66268.5,18.27569601,2026-07-22 02:00:00+00:00
1784689200000,66268.5,66320.0,66132.7,66164.8,51.42298436,2026-07-22 03:00:00+00:00
1784692800000,66162.4,66375.8,66148.5,66333.3,23.31430217,2026-07-22 04:00:00+00:00
1784696400000,66333.3,66333.3,65904.8,65924.8,69.47035623,2026-07-22 05:00:00+00:00
1784700000000,65938.5,65976.7,65789.1,65893.5,81.80745952,2026-07-22 06:00:00+00:00
